frame,frame_sync,tempo_ms,posicao_mm,posicao_raw_mm,valid,confidence,led_on
216,0,0.0,13.88296568627451,13.88296568627451,True,0.8715964364608565,True
217,1,4.166666666666667,13.88296568627451,13.882793764988008,True,0.8732282462173816,True
218,2,8.333333333333334,13.88296568627451,13.882793764988008,True,0.8734006603915913,True
219,3,12.5,13.882793764988008,13.867125984251969,True,0.8730239541649994,True
220,4,16.666666666666668,13.882793764988008,13.897334740809656,True,0.8736688445999797,True
221,5,20.833333333333332,13.882793764988008,13.88769907925843,True,0.8734051430166453,True
222,6,25.0,13.88769907925843,13.868732885957806,True,0.8736499993813207,True
223,7,29.166666666666668,13.896825396825397,13.851652807265864,True,0.8771868605844549,True
224,8,33.333333333333336,13.896825396825397,13.896825396825397,True,0.8778233613208181,True
225,9,37.5,13.906072695035462,13.920060153691105,True,0.8768267809702146,True
226,10,41.666666666666664,13.920060153691105,13.906072695035462,True,0.8769020910198098,True
227,11,45.83333333333333,13.940615313730419,13.94915538919282,True,0.8761959919778214,True
228,12,50.0,13.94915538919282,13.940615313730419,True,0.8765779679949323,True
229,13,54.16666666666667,14.000634517766498,14.000634517766498,True,0.8772584938472047,True
230,14,58.333333333333336,14.046948356807512,14.046948356807512,True,0.8773264045425182,True
231,15,62.5,14.105420239503252,14.105420239503252,True,0.8767536877711374,True
232,16,66.66666666666667,14.183285163776494,14.183285163776494,True,0.8798805618313151,True
233,17,70.83333333333333,14.318565400843882,14.318565400843882,True,0.8810885211479647,True
234,18,75.0,14.452564102564102,14.452564102564102,True,0.8818087711837654,True
235,19,79.16666666666666,14.666666666666666,14.666666666666666,True,0.8856131669253321,True
236,20,83.33333333333333,14.915866346538616,14.915866346538616,True,0.8828450838322999,True
237,21,87.5,15.265295358649789,15.265295358649789,True,0.8872057974640496,True
238,22,91.66666666666666,15.69683908045977,15.69683908045977,True,0.8856843985739848,True
239,23,95.83333333333334,16.27217207262342,16.27217207262342,True,0.8831272771656911,True
240,24,100.0,17.08514492753623,17.08514492753623,True,0.8773542872915342,True
241,25,104.16666666666667,18.14672619047619,18.14672619047619,True,0.9279360159775347,True
242,26,108.33333333333334,19.549603174603174,19.549603174603174,True,0.9317559467364822,True
243,27,112.5,23.341614676173503,23.341614676173503,True,0.9281546830279507,True
244,28,116.66666666666667,23.50016534391534,23.50016534391534,True,0.967077776583277,True
245,29,120.83333333333333,23.52514880952381,23.571614583333332,True,0.9688170558436893,True
246,30,125.0,23.52514880952381,23.594375,True,0.9671468544156776,True
247,31,129.16666666666669,23.52514880952381,23.59017094017094,True,0.9666483808789237,True
248,32,133.33333333333334,23.52514880952381,23.52514880952381,True,0.9658745272342758,True
249,33,137.5,23.481589147286822,23.481589147286822,True,0.9653513156906061,True
250,34,141.66666666666666,23.481589147286822,23.427777777777777,True,0.9659159663264709,True
251,35,145.83333333333334,23.481589147286822,23.42867231638418,True,0.9656681577733551,True
252,36,150.0,23.481589147286822,23.47583333333333,True,0.9680074891104701,True
253,37,154.16666666666669,23.49327956989247,23.49327956989247,True,0.9663877229215592,True
254,38,158.33333333333331,23.49327956989247,23.519191919191922,True,0.9640653190925589,True
255,39,162.5,23.49327956989247,23.53246807795699,True,0.9639980388212475,True
256,40,166.66666666666666,23.49327956989247,23.521857923497265,True,0.9614994728161252,True
257,41,170.83333333333334,23.490531097134873,23.490531097134873,True,0.9556446254281608,True
258,42,175.0,23.43337912087912,23.43337912087912,True,0.9508654290241616,True
259,43,179.16666666666666,23.340053763440864,23.340053763440864,True,0.9201239125287827,True
260,44,183.33333333333331,20.716269841269842,20.716269841269842,True,0.947109151263746,True
261,45,187.5,19.842514124293785,19.842514124293785,True,0.9426318275516393,True
262,46,191.66666666666669,18.81969696969697,18.81969696969697,True,0.9345162872298215,True
263,47,195.83333333333334,17.58969135802469,17.58969135802469,True,0.8849839522081211,True
264,48,200.0,16.23606288580247,16.23606288580247,True,0.890686217068148,False
265,49,204.16666666666666,15.069,14.835849056603772,True,0.883648709734137,False
266,50,208.33333333333334,15.069,14.5,True,0.8855891173550762,False
267,51,212.5,15.069,14.666348600508906,True,0.8841877846904306,False
268,52,216.66666666666669,15.069,15.069,True,0.8814003632347428,False
269,53,220.83333333333331,15.262878787878789,15.512476459510358,True,0.8815763381667043,False
270,54,225.0,15.262878787878789,15.628041362530412,True,0.8821693879522399,False
271,55,229.16666666666666,15.262878787878789,15.583733974358973,True,0.8780680022637084,False
272,56,233.33333333333334,15.262878787878789,15.262878787878789,True,0.8734488489499568,False
273,57,237.5,14.772058823529411,14.772058823529411,True,0.8729073359234382,False
274,58,241.66666666666666,14.772058823529411,14.270936468646866,True,0.8728855081311908,False
275,59,245.83333333333331,14.772058823529411,14.260683760683762,True,0.8728161831961435,False
276,60,250.0,14.772058823529411,14.669865538928647,True,0.8751679272254352,False
277,61,254.16666666666666,15.092320261437907,15.092320261437907,True,0.8690276376133279,False
278,62,258.33333333333337,15.336711711711713,15.507450188938508,True,0.8811001550369318,False
279,63,262.5,15.336711711711713,15.583333333333334,True,0.8788600749688135,False
280,64,266.6666666666667,15.336711711711713,15.541666666666666,True,0.8770798054603702,False
281,65,270.8333333333333,15.336711711711713,15.336711711711713,True,0.8822887126348964,False
282,66,275.0,15.336711711711713,15.084090909090909,True,0.8806584056368768,False
283,67,279.1666666666667,15.336711711711713,15.051041666666668,True,0.8796536333853398,False
284,68,283.3333333333333,15.336711711711713,15.19223350526542,True,0.8803062244269457,False
285,69,287.5,15.344225912975913,15.344225912975913,True,0.8805386327542268,False
286,70,291.6666666666667,15.345373826594724,15.345373826594724,True,0.8802597097179912,False
287,71,295.8333333333333,15.345373826594724,15.398456790123456,True,0.8796739305387246,False
288,72,300.0,15.345373826594724,15.414583333333333,True,0.8802132694344799,False
289,73,304.16666666666663,15.345373826594724,15.358525955082841,True,0.8840346894148039,False
290,74,308.33333333333337,15.205569205569205,15.205569205569205,True,0.8807522474293334,False
291,75,312.5,15.056423611111112,15.056423611111112,True,0.8817814607537439,False
292,76,316.66666666666663,14.833333333333334,14.833333333333334,True,0.8797856736184392,False
293,77,320.83333333333337,14.613372717508057,14.613372717508057,True,0.8769419179832963,False
294,78,325.0,14.409343434343436,14.409343434343436,True,0.872640366128578,False
295,79,329.1666666666667,14.17803714678037,14.17803714678037,True,0.870546706415315,False
296,80,333.3333333333333,14.082654816513761,14.082654816513761,True,0.8711641248223442,False
297,81,337.5,14.008215962441314,14.008215962441314,True,0.874161840040441,False
298,82,341.6666666666667,14.008215962441314,13.892543859649123,True,0.8757805587408876,False
299,83,345.8333333333333,14.008215962441314,13.791666666666666,True,0.8744852288872186,False
300,84,350.0,14.008215962441314,13.893248175182483,True,0.8778813229636705,False
301,85,354.1666666666667,14.13793103448276,14.13793103448276,True,0.8819472286939959,False
302,86,358.3333333333333,14.29965773809524,14.29965773809524,True,0.886406162764054,False
303,87,362.5,14.465265776771348,14.465265776771348,True,0.8900933714763444,False
304,88,366.66666666666663,14.681932067674026,14.681932067674026,True,0.888216383686136,False
305,89,370.83333333333337,14.81060606060606,14.81060606060606,True,0.8870879515034735,False
306,90,375.0,14.972928436911488,14.972928436911488,True,0.8900522821319731,False
307,91,379.16666666666663,15.063225538971807,15.063225538971807,True,0.8905259044662841,False
308,92,383.33333333333337,15.104102892173275,15.104102892173275,True,0.8930636721911088,False
309,93,387.5,15.183526292409349,15.183526292409349,True,0.8970951221507867,False
310,94,391.6666666666667,15.26770815893744,15.26770815893744,True,0.8951118706007731,False
311,95,395.8333333333333,15.291666666666666,15.291666666666666,True,0.8983756994813114,False
312,96,400.0,15.291666666666666,15.375,True,0.8984480991859024,False
313,97,404.1666666666667,15.291666666666666,15.380952380952381,True,0.8982447692527843,False
314,98,408.3333333333333,15.291666666666666,15.375,True,0.8990341129253246,False
315,99,412.5,15.291466775543533,15.291466775543533,True,0.8935898899864108,False
316,100,416.6666666666667,15.195621468926554,15.195621468926554,True,0.8927632866358893,False
317,101,420.8333333333333,15.074721671075837,15.074721671075837,True,0.8873399441740296,False
318,102,425.0,14.916676061207312,14.916676061207312,True,0.887992700484685,False
319,103,429.16666666666663,14.817764498477459,14.817764498477459,True,0.8893981397769379,False
320,104,433.33333333333337,14.711182336182338,14.711182336182338,True,0.8880413014182404,False
321,105,437.5,14.596278317152104,14.596278317152104,True,0.8874589737916336,False
322,106,441.66666666666663,14.427702702702703,14.427702702702703,True,0.8867700632912267,False
323,107,445.83333333333337,14.257820625182589,14.257820625182589,True,0.8842740933309552,False
324,108,450.0,14.074142156862743,14.074142156862743,True,0.8811791698697546,False
325,109,454.1666666666667,13.904805352798055,13.904805352798055,True,0.8764271556716374,False
326,110,458.3333333333333,13.904805352798055,13.81367041198502,True,0.8717271071099243,False
327,111,462.5,13.904805352798055,13.8244623655914,True,0.8705317645934606,False
328,112,466.6666666666667,13.904805352798055,13.848039215686276,True,0.8720107354596619,False
329,113,470.8333333333333,14.011424731182794,14.011424731182794,True,0.8746086168372914,False
330,114,475.0,14.167910447761194,14.167910447761194,True,0.8731622138747246,False
331,115,479.1666666666667,14.236805555555556,14.236805555555556,True,0.8744157866725752,False
332,116,483.3333333333333,14.253982843137257,14.253982843137257,True,0.8780761771037062,False
333,117,487.5,14.328125,14.328125,True,0.8788441645582633,False
334,118,491.66666666666663,14.372245179063361,14.372245179063361,True,0.8806116616323579,False
335,119,495.83333333333337,14.4017742121003,14.41388888888889,True,0.8783814672723087,False
336,120,500.0,14.405054644808743,14.421123958555865,True,0.8798232584828668,False
337,121,504.16666666666663,14.405054644808743,14.4017742121003,True,0.8771955420169858,False
338,122,508.3333333333333,14.405054644808743,14.405054644808743,True,0.8785700696517339,False
339,123,512.5,14.4017742121003,14.416666666666666,True,0.8784698402961925,False
340,124,516.6666666666667,14.331610275689224,14.331610275689224,True,0.8757565931613467,False
341,125,520.8333333333334,14.268162393162394,14.268162393162394,True,0.8772900589176943,False
342,126,525.0,14.202622146764762,14.202622146764762,True,0.8751825273175677,False
343,127,529.1666666666666,14.140518707482991,14.140518707482991,True,0.8737472275153999,False
344,128,533.3333333333334,14.091911764705882,14.091911764705882,True,0.8724202606612244,False
345,129,537.5,14.03888888888889,14.03888888888889,True,0.871362383299864,False
346,130,541.6666666666666,14.038333333333334,13.973312028843003,True,0.8687587373576947,False
347,131,545.8333333333333,14.029489741540099,13.992985882539557,True,0.8705050102238517,False
348,132,550.0,14.024782135076252,14.01411349067599,True,0.8707314257916464,False
349,133,554.1666666666667,14.024782135076252,14.038333333333334,True,0.8742090881960773,False
350,134,558.3333333333334,14.029489741540099,14.029489741540099,True,0.8740186622201745,False
351,135,562.5,14.038333333333334,14.024782135076252,True,0.8789817219864555,False
352,136,566.6666666666666,14.08136939556078,14.08136939556078,True,0.8765117711988928,False
353,137,570.8333333333333,14.309925599017864,14.309925599017864,True,0.8765256249895096,False
354,138,575.0,14.429738562091503,14.435996649916248,True,0.8756099161523545,False
355,139,579.1666666666667,14.435470085470087,14.435470085470087,True,0.8756972462740078,False
356,140,583.3333333333334,14.435996649916248,14.44720036907537,True,0.8759643314263991,False
357,141,587.5,14.44720036907537,14.429738562091503,True,0.879687303610588,False
358,142,591.6666666666666,14.46200209643606,14.518023255813953,True,0.8799918249068635,False
359,143,595.8333333333334,14.46200209643606,14.533662900188324,True,0.8802947806467847,False
360,144,600.0,14.46200209643606,14.466513292433538,True,0.8817886935886388,False
361,145,604.1666666666666,14.46200209643606,14.46200209643606,True,0.8828105733926552,False
362,146,608.3333333333333,14.417142313546423,14.417142313546423,True,0.8841960459228418,False
363,147,612.5,14.382174392935982,14.382174392935982,True,0.8830720767207028,False
364,148,616.6666666666667,14.319444444444445,14.319444444444445,True,0.8839685351189933,False
365,149,620.8333333333334,14.256648936170214,14.256648936170214,True,0.8827405172764873,False
366,150,625.0,14.193134171907758,14.193134171907758,True,0.8823569365375294,False
367,151,629.1666666666666,14.143173758865247,14.143173758865247,True,0.8773271893396245,False
368,152,633.3333333333333,14.106313131313131,14.106313131313131,True,0.8729651482060591,False
369,153,637.5,14.060620915032679,14.060620915032679,True,0.8736559937180775,False
370,154,641.6666666666667,14.000356125356126,14.000356125356126,True,0.8723847389161947,False
371,155,645.8333333333334,13.986510791366905,13.844816272965879,True,0.8692641923083606,False
372,156,650.0,13.986510791366905,13.815665801478685,True,0.8708735011174186,False
373,157,654.1666666666666,13.96422558922559,13.912121212121212,True,0.8720618901270599,False
374,158,658.3333333333334,13.96422558922559,13.986510791366905,True,0.8714315512714353,False
375,159,662.5,13.986510791366905,13.999246987951807,True,0.8695889664746591,False
376,160,666.6666666666666,13.988575268817206,13.96422558922559,True,0.8688544353929378,False
377,161,670.8333333333333,13.99272438761075,13.988575268817206,True,0.8675770827546538,False
378,162,675.0,13.99272438761075,14.032097024007081,True,0.8678890583395255,False
379,163,679.1666666666667,13.988575268817206,14.041666666666666,True,0.8696706264673512,False
380,164,683.3333333333334,13.988575268817206,13.99272438761075,True,0.867681633188609,False
381,165,687.5,13.988168321142458,13.988168321142458,True,0.8683628500984821,False
382,166,691.6666666666666,13.931833420411005,13.931833420411005,True,0.8674395209774277,False
383,167,695.8333333333333,13.908132946379217,13.845164609053498,True,0.868820848460546,False
384,168,700.0,13.908132946379217,13.832825298202996,True,0.8692122175054218,False
385,169,704.1666666666667,13.908132946379217,13.839737765024708,True,0.8687692013953978,False
386,170,708.3333333333334,13.908132946379217,13.908132946379217,True,0.8712481741658158,False
387,171,712.5,13.949637681159421,13.949637681159421,True,0.8756901470301043,False
388,172,716.6666666666666,13.997429078014184,13.997429078014184,True,0.8782729975916411,False
389,173,720.8333333333334,14.002859477124183,14.002859477124183,True,0.8776257785272655,False
390,174,725.0,14.135683760683762,14.135683760683762,True,0.8792743548901701,False
391,175,729.1666666666666,14.19425915276979,14.19425915276979,True,0.8799758012490522,False
392,176,733.3333333333333,14.19425915276979,14.196428571428571,True,0.8809069572310805,False
393,177,737.5,14.19425915276979,14.203598484848484,True,0.8810522104025776,False
394,178,741.6666666666667,14.19425915276979,14.209551656920079,True,0.8826798109645199,False
395,179,745.8333333333334,14.182389937106919,14.182389937106919,True,0.8829814280900972,False
396,180,750.0,14.142644053489716,14.142644053489716,True,0.8837457864017276,False
397,181,754.1666666666666,14.062764016897082,14.062764016897082,True,0.881723512713688,False
398,182,758.3333333333333,14.007326120344468,14.007326120344468,True,0.8795375902977945,False
399,183,762.5,13.92271412037037,13.92271412037037,True,0.875775899472808,False
400,184,766.6666666666667,13.90092532266071,13.90092532266071,True,0.875232760393133,False
401,185,770.8333333333334,13.833333333333334,13.833333333333334,True,0.8746289521266583,False
402,186,775.0,13.833333333333334,13.833305629432624,True,0.8734263092603818,False
403,187,779.1666666666666,13.833333333333334,13.833179931606962,True,0.8740899318636197,False
404,188,783.3333333333334,13.833333333333334,13.820357561369065,True,0.8700239127908067,False
405,189,787.5,13.833305629432624,13.897823779193205,True,0.8707284350208823,False
406,190,791.6666666666666,13.833179931606962,13.839968152866241,True,0.8690642268805606,False
407,191,795.8333333333333,13.836187214611874,13.836187214611874,True,0.868593307849901,False
408,192,800.0,13.83798976608187,13.78621218224132,True,0.8688153932031273,False
409,193,804.1666666666667,13.83798976608187,13.817411924119241,True,0.8711460155379943,False
410,194,808.3333333333334,13.83798976608187,13.83798976608187,True,0.8709791565540794,False
411,195,812.5,13.849780701754385,13.849780701754385,True,0.8703282702088738,False
412,196,816.6666666666666,13.849780701754385,13.860700197238659,True,0.8702563122343658,False
413,197,820.8333333333333,13.849780701754385,13.857692307692309,True,0.8692661001449441,False
414,198,825.0,13.857692307692309,13.881521739130434,True,0.8705016819477631,False
415,199,829.1666666666667,13.860700197238659,13.84917840375587,True,0.870749768736836,False
416,200,833.3333333333334,13.878124563608432,13.837683150183148,True,0.8687951868598487,False
417,201,837.5,13.878124563608432,13.913700810185185,True,0.8718335118287136,False
418,202,841.6666666666666,13.878124563608432,13.878124563608432,True,0.8740387215120926,False
419,203,845.8333333333334,13.885069899519442,13.891805859802849,True,0.8740891589367603,False
420,204,850.0,13.891805859802849,13.875363645610824,True,0.8743734475576258,False
421,205,854.1666666666666,13.891805859802849,13.885069899519442,True,0.8775038233022008,False
422,206,858.3333333333333,13.891805859802849,13.910639412997904,True,0.8761073714783284,False
423,207,862.5,13.885069899519442,13.910639412997904,True,0.8769460534504979,False
424,208,866.6666666666667,13.885069899519442,13.912745098039215,True,0.8763785221885103,False
425,209,870.8333333333334,13.858709273182958,13.855769230769232,True,0.871662645963528,False
426,210,875.0,13.855769230769232,13.858709273182958,True,0.8704871683441637,False
427,211,879.1666666666666,13.813346883468833,13.813346883468833,True,0.871790878642772,False
428,212,883.3333333333333,13.7975,13.779029431216932,True,0.8711446659323899,False
429,213,887.5,13.7975,13.789595142497243,True,0.8717230341601194,False
430,214,891.6666666666667,13.7975,13.7975,True,0.873684078163043,False
431,215,895.8333333333334,13.794467787114847,13.794467787114847,True,0.8717896836064091,False
432,216,900.0,13.794467787114847,13.8243006993007,True,0.8716905538798468,False
433,217,904.1666666666666,13.7975,13.802380952380952,True,0.8713932373131053,False
434,218,908.3333333333334,13.802380952380952,13.788663663663664,True,0.8723138579216387,False
435,219,912.5,13.82001133786848,13.785766961651918,True,0.8722266908128239,False
436,220,916.6666666666666,13.82001133786848,13.82001133786848,True,0.8701676550161794,False
437,221,920.8333333333333,13.832222222222223,13.832222222222223,True,0.8688544783050532,False
438,222,925.0,13.833064516129033,13.833064516129033,True,0.8691241954863723,False
439,223,929.1666666666667,13.84137145244152,13.84137145244152,True,0.8701936105763531,False
440,224,933.3333333333334,13.842871485943775,13.843476848570754,True,0.8700316335490923,False
441,225,937.5,13.843476848570754,13.844741603777749,True,0.870341529498426,False
442,226,941.6666666666666,13.843476848570754,13.842871485943775,True,0.8701068125267337,False
443,227,945.8333333333333,13.843476848570754,13.85062358276644,True,0.870619155650618,False
444,228,950.0,13.842871485943775,13.852699530516432,True,0.8700400139003456,False
445,229,954.1666666666667,13.842871485943775,13.838312368972746,True,0.8706376833974763,False
446,230,958.3333333333334,13.85062358276644,13.838312368972746,True,0.8705280343193436,False
447,231,962.5,13.8489010989011,13.837606837606836,True,0.8705289692129418,False
448,232,966.6666666666666,13.8489010989011,13.855099502487562,True,0.8709405350215346,False
449,233,970.8333333333334,13.8489010989011,13.855099502487562,True,0.8708727452792208,False
450,234,975.0,13.8489010989011,13.8489010989011,True,0.8714754286259988,False
451,235,979.1666666666666,13.8489010989011,13.8489010989011,True,0.8725627417497269,False
452,236,983.3333333333333,13.848611111111111,13.848611111111111,True,0.870961865626624,False
453,237,987.5,13.847281654597323,13.847281654597323,True,0.8720040983446153,False
454,238,991.6666666666667,13.842132261787716,13.842132261787716,True,0.8714549080541236,False
455,239,995.8333333333334,13.842132261787716,13.839555014539798,True,0.8717763475503794,False
456,240,1000.0,13.842132261787716,13.840690928270043,True,0.8702991702665516,False
457,241,1004.1666666666666,13.842132261787716,13.840690928270043,True,0.8699490854035626,False
458,242,1008.3333333333333,13.84424340085942,13.84424340085942,True,0.8700834542343351,False
459,243,1012.5,13.845034722222223,13.845034722222223,True,0.870305222674304,False
460,244,1016.6666666666666,13.849250936329588,13.850433526011562,True,0.8714160000399764,False
461,245,1020.8333333333333,13.849250936329588,13.850433526011562,True,0.8713700869515129,False
462,246,1025.0,13.849250936329588,13.850433526011562,True,0.8714577113712265,False
463,247,1029.1666666666665,13.849250936329588,13.849250936329588,True,0.8714568422640113,False
464,248,1033.3333333333335,13.849250936329588,13.849250936329588,True,0.871515772502441,False
465,249,1037.5,13.849250936329588,13.849250936329588,True,0.8711424546529897,False
466,250,1041.6666666666667,13.849250936329588,13.845357941834452,True,0.8717101273744334,False
467,251,1045.8333333333335,13.849250936329588,13.836934156378602,True,0.87117698335129,False
468,252,1050.0,13.846830985915494,13.846830985915494,True,0.8709699460541405,False
469,253,1054.1666666666667,13.845357941834452,13.850146198830409,True,0.8712186308676229,False
470,254,1058.3333333333333,13.845809386973182,13.849765258215962,True,0.8719516888753831,False
471,255,1062.5,13.845809386973182,13.840653153153154,True,0.8717581796010132,False
472,256,1066.6666666666667,13.840653153153154,13.837000468768311,True,0.8720238022499579,False
473,257,1070.8333333333333,13.837000468768311,13.845809386973182,True,0.8717434194600479,False
474,258,1075.0,13.832023060796645,13.83175105485232,True,0.8708407160047736,False
475,259,1079.1666666666665,13.832023060796645,13.830662393162394,True,0.8709297950281545,False
476,260,1083.3333333333333,13.83175105485232,13.830729166666666,True,0.8708381245777302,False
477,261,1087.5,13.83175105485232,13.832023060796645,True,0.8721459579402657,False
478,262,1091.6666666666665,13.832023060796645,13.832023060796645,True,0.8708933247493662,False
479,263,1095.8333333333335,13.832023060796645,13.83175105485232,True,0.8713151068544666,False
480,264,1100.0,13.833967026981734,13.83431475315493,True,0.8721252638456626,False
481,265,1104.1666666666667,13.834200311629573,13.834200311629573,True,0.8735504003296419,False
482,266,1108.3333333333335,13.83431475315493,13.834491969511367,True,0.871319873880138,False
483,267,1112.5,13.834491969511367,13.833967026981734,True,0.8706435870178656,False
484,268,1116.6666666666667,13.839968152866241,13.839968152866241,True,0.870695137392949,False
485,269,1120.8333333333333,13.840189873417721,13.840189873417721,True,0.8728172342822046,False
486,270,1125.0,13.842058691756272,13.843354430379748,True,0.8726477718966144,False
487,271,1129.1666666666667,13.842058691756272,13.843354430379748,True,0.8740089446372135,False
488,272,1133.3333333333333,13.843354430379748,13.849444444444444,True,0.8736824456544792,False
489,273,1137.5,13.843354430379748,13.842058691756272,True,0.8734858467073698,False
490,274,1141.6666666666665,13.842058691756272,13.841893115942028,True,0.8718056155278349,False
491,275,1145.8333333333333,13.841893115942028,13.84457292604573,True,0.8737080339156905,False
492,276,1150.0,13.839513569359235,13.839513569359235,True,0.8740624602236482,False
493,277,1154.1666666666665,13.834606481481481,13.833468938600427,True,0.8731743204853517,False
494,278,1158.3333333333335,13.834606481481481,13.828989368674952,True,0.8730433779804391,False
495,279,1162.5,13.833468938600427,13.829003499252968,True,0.8729056602940529,False
496,280,1166.6666666666667,13.833468938600427,13.834606481481481,True,0.8727474740446297,False
497,281,1170.8333333333335,13.83321040372671,13.834606481481481,True,0.8723948944027125,False
498,282,1175.0,13.834606481481481,13.83321040372671,True,0.872456331908144,False
499,283,1179.1666666666667,13.834606481481481,13.835018723001815,True,0.8723850561200931,False
500,284,1183.3333333333333,13.835018723001815,13.830246913580247,True,0.8733339774211993,False
501,285,1187.5,13.839360587002096,13.840422453703704,True,0.8725909070508764,False
502,286,1191.6666666666667,13.839360587002096,13.848379629629628,True,0.8728184906533522,False
503,287,1195.8333333333333,13.839583333333332,13.839583333333332,True,0.8724480828177202,False
504,288,1200.0,13.839583333333332,13.839360587002096,True,0.8702035305642865,False
505,289,1204.1666666666665,13.839583333333332,13.839360587002096,True,0.8705346008576221,False
506,290,1208.3333333333333,13.839583333333332,13.839583333333332,True,0.8706489856378609,False
507,291,1212.5,13.839583333333332,13.839583333333332,True,0.8715062073078504,False
508,292,1216.6666666666665,13.841460073962471,13.842387482419127,True,0.8726339622015109,False
509,293,1220.8333333333335,13.841460073962471,13.843321446446447,True,0.8703951003836735,False
510,294,1225.0,13.841460073962471,13.841460073962471,True,0.8718735216353914,False
511,295,1229.1666666666667,13.841460073962471,13.841685435435435,True,0.8719307328167046,False
512,296,1233.3333333333335,13.83904109589041,13.838963963963964,True,0.8721754160859936,False
513,297,1237.5,13.83904109589041,13.83871882086168,True,0.872162239276576,False
514,298,1241.6666666666667,13.838963963963964,13.838963963963964,True,0.8720652486061189,False
515,299,1245.8333333333333,13.838963963963964,13.83904109589041,True,0.8722462499750739,False
516,300,1250.0,13.83871882086168,13.846611721611723,True,0.8716127433611008,False
517,301,1254.1666666666667,13.838963963963964,13.838286713286713,True,0.8711101095220498,False
518,302,1258.3333333333333,13.83904109589041,13.838028169014086,True,0.8706728580504062,False
519,303,1262.5,13.843621399176955,13.838028169014086,True,0.8706969479575595,False
520,304,1266.6666666666665,13.843621399176955,13.843621399176955,True,0.8713417404878231,False
521,305,1270.8333333333333,13.843621399176955,13.843621399176955,True,0.8718381476210363,False
522,306,1275.0,13.843621399176955,13.843621399176955,True,0.8715598343728513,False
523,307,1279.1666666666665,13.84537037037037,13.84569597069597,True,0.8710590789746336,False
524,308,1283.3333333333335,13.84537037037037,13.84569597069597,True,0.8709654248434254,False
525,309,1287.5,13.84537037037037,13.84537037037037,True,0.8697994474338657,False
526,310,1291.6666666666667,13.84537037037037,13.84537037037037,True,0.8695003353854638,False
527,311,1295.8333333333335,13.844696969696969,13.844696969696969,True,0.8731333312305477,False
528,312,1300.0,13.842771639042356,13.842771639042356,True,0.8729364645709485,True
529,313,1304.1666666666667,13.840075780771585,13.83967778169612,True,0.871507808195647,True
530,314,1308.3333333333333,13.840075780771585,13.839813049568127,True,0.8715686301515947,True
531,315,1312.5,13.840075780771585,13.840075780771585,True,0.8714232221688823,False
532,316,1316.6666666666667,13.840075780771585,13.837323493706473,True,0.8703847874772406,False
533,317,1320.8333333333333,13.840783664459162,13.843369829683697,True,0.8704143437092661,False
534,318,1325.0,13.843369829683697,13.840783664459162,True,0.870020455434934,False
535,319,1329.1666666666665,13.85316091954023,13.85316091954023,True,0.8710868004151161,False
536,320,1333.3333333333333,13.874128899892257,13.874128899892257,True,0.8706432413433652,False
537,321,1337.5,13.891666666666666,13.891666666666666,True,0.8701861872016281,False
538,322,1341.6666666666665,13.901023331585648,13.901023331585648,True,0.8697926183376359,False
539,323,1345.8333333333335,13.934977181524905,13.934977181524905,True,0.869594166562119,False
540,324,1350.0,13.99103375527426,13.99103375527426,True,0.8708342268714248,False
541,325,1354.1666666666667,14.046999999999999,14.046999999999999,True,0.8720753641109129,False
542,326,1358.3333333333335,14.101192361379924,14.101192361379924,True,0.873939002339356,False
543,327,1362.5,14.178316511387164,14.178316511387164,True,0.874155782437052,False
544,328,1366.6666666666667,14.280228758169935,14.280228758169935,True,0.8756482558640772,False
545,329,1370.8333333333333,14.413215746421267,14.413215746421267,True,0.8762575602117966,False
546,330,1375.0,14.567063492063491,14.567063492063491,True,0.8802019869129071,False
547,331,1379.1666666666667,14.875,14.875,True,0.8802604358112164,False
548,332,1383.3333333333333,15.169871794871796,15.169871794871796,True,0.8846011289516794,False
549,333,1387.5,15.572356035437432,15.572356035437432,True,0.8828137697088384,False
550,334,1391.6666666666665,16.10350645539906,16.10350645539906,True,0.8801896144751676,False
551,335,1395.8333333333333,16.780026455026455,16.780026455026455,True,0.8721406259128077,False
552,336,1400.0,17.783444816053514,17.783444816053514,True,0.9125156813385387,False
553,337,1404.1666666666665,19.09548611111111,19.09548611111111,True,0.9290755195912416,False
554,338,1408.3333333333335,20.758333333333333,20.758333333333333,True,0.9178820475627186,False
555,339,1412.5,23.455729166666668,23.455729166666668,True,0.9592309735625276,False
556,340,1416.6666666666667,23.518798449612405,23.518798449612405,True,0.9606829284971555,False
557,341,1420.8333333333335,23.518798449612405,23.544161414565824,True,0.9610874221270833,False
558,342,1425.0,23.518798449612405,23.570417007917005,True,0.9633164533745446,False
559,343,1429.1666666666667,23.518798449612405,23.54040404040404,True,0.9651367986268156,False
560,344,1433.3333333333333,23.44589552238806,23.44589552238806,True,0.9626314596885055,False
561,345,1437.5,23.44589552238806,23.419956140350877,True,0.9641972521615673,False
562,346,1441.6666666666667,23.44589552238806,23.40348101265823,True,0.9625720764405106,False
563,347,1445.8333333333333,23.419956140350877,23.35648148148148,True,0.9632318714240525,False
564,348,1450.0,23.413194444444446,23.465517241379313,True,0.9631508242092294,False
565,349,1454.1666666666665,23.413194444444446,23.495763888888888,True,0.9626419560577446,False
566,350,1458.3333333333333,23.413194444444446,23.402972027972027,True,0.961909656608106,False
567,351,1462.5,23.413194444444446,23.413194444444446,True,0.9619560215591693,False
568,352,1466.6666666666665,23.402972027972027,23.416666666666668,True,0.9589423239163172,False
569,353,1470.8333333333335,23.385416666666668,23.385416666666668,True,0.9510970671096274,False
570,354,1475.0,23.291666666666668,23.291666666666668,True,0.9366452714772829,False
571,355,1479.1666666666667,21.0078626193084,21.0078626193084,True,0.9480326203884664,False
572,356,1483.3333333333335,20.223148148148148,20.223148148148148,True,0.9411545416120604,False
573,357,1487.5,19.2859375,19.2859375,True,0.9330045904982613,False
574,358,1491.6666666666667,18.11547619047619,18.11547619047619,True,0.9029345318962798,False
575,359,1495.8333333333333,16.83189655172414,16.83189655172414,True,0.8849367222002532,False
576,360,1500.0,15.33467741935484,15.33467741935484,True,0.8854237593335078,False
577,361,1504.1666666666667,14.829841713221603,14.508580395299143,True,0.886101900601562,False
578,362,1508.3333333333333,14.829841713221603,14.51268115942029,True,0.8826090100116376,False
579,363,1512.5,14.775709108429696,14.775709108429696,True,0.8832197389005735,False
580,364,1516.6666666666665,14.600896014357552,14.829841713221603,True,0.8842489279275348,False
581,365,1520.8333333333333,14.67107732732733,14.845949855351977,True,0.8822865038067828,False
582,366,1525.0,14.775709108429696,14.600896014357552,True,0.8739020378448078,False
583,367,1529.1666666666665,14.829841713221603,14.531184816880911,True,0.8646823391968314,False
584,368,1533.3333333333335,14.845949855351977,14.67107732732733,True,0.860775020103045,False
585,369,1537.5,15.081798245614033,15.081798245614033,True,0.8497419271374043,False
586,370,1541.6666666666667,15.446039789789788,15.446039789789788,True,0.8479529271100201,False
587,371,1545.8333333333335,15.605738304093569,15.605738304093569,True,0.8419672941139918,False
588,372,1550.0,15.7167684305744,15.7167684305744,True,0.9036249521357063,False
589,373,1554.1666666666667,15.91176603432701,15.91176603432701,True,0.8483945580893338,False
590,374,1558.3333333333333,16.203712075547518,16.203712075547518,True,0.8623834706993763,False
591,375,1562.5,16.52205882352941,16.52205882352941,True,0.8677649780953209,False
592,376,1566.6666666666667,16.52205882352941,16.6559929007431,True,0.8663587665289072,False
593,377,1570.8333333333333,16.52205882352941,16.68212788259958,True,0.8675376225183672,False
594,378,1575.0,16.52205882352941,16.528703636539486,True,0.8644172942967437,False
595,379,1579.1666666666665,16.32166666666667,16.32166666666667,True,0.8607744811247271,False
596,380,1583.3333333333333,16.31846978557505,16.224520383693044,True,0.856914801640626,False
597,381,1587.5,16.291805555555555,16.291805555555555,True,0.853422231826239,False
598,382,1591.6666666666665,16.224520383693044,16.31846978557505,True,0.8461960698867176,False
599,383,1595.8333333333335,16.193675324675326,16.193675324675326,True,0.8379675656563187,False
600,384,1600.0,16.039102564102564,16.039102564102564,True,0.8347504044019216,False
601,385,1604.1666666666667,15.793555652426619,15.793555652426619,True,0.8972622777388944,False
602,386,1608.3333333333335,15.602218225419664,15.602218225419664,True,0.8913837735031591,False
603,387,1612.5,15.420731707317074,15.420731707317074,True,0.8693940577522379,False
604,388,1616.6666666666667,15.221186025041833,15.221186025041833,True,0.8646630613070989,False
605,389,1620.8333333333333,14.951190476190476,14.951190476190476,True,0.8785275240794088,False
606,390,1625.0,14.658018867924527,14.658018867924527,True,0.8756009776446162,False
607,391,1629.1666666666667,14.30929487179487,14.30929487179487,True,0.8750139132514501,False
608,392,1633.3333333333333,14.267028985507245,14.142241379310343,True,0.8757961879900533,False
609,393,1637.5,14.18560606060606,14.048392210144927,True,0.8726257208991666,False
610,394,1641.6666666666665,14.18560606060606,14.171460176991152,True,0.8249295756139878,False
611,395,1645.8333333333333,14.18560606060606,14.267028985507245,True,0.8288344198632547,False
612,396,1650.0,14.267028985507245,14.18560606060606,True,0.8265092878647207,False
613,397,1654.1666666666665,14.280172413793103,14.280172413793103,True,0.8732430718662594,False
614,398,1658.3333333333335,14.484144542772862,14.484144542772862,True,0.8754446977008574,False
615,399,1662.5,14.916666666666666,14.916666666666666,True,0.8786115422381132,False
616,400,1666.6666666666667,15.047248974648982,15.163241653693134,True,0.8830038928253024,False
617,401,1670.8333333333335,15.083333333333334,15.206709956709958,True,0.8844709842876849,False
618,402,1675.0,15.08530701754386,15.08530701754386,True,0.8869648439966725,False
619,403,1679.1666666666667,15.163241653693134,15.047248974648982,True,0.8836992247846578,False
620,404,1683.3333333333333,15.206709956709958,15.083333333333334,True,0.8842628845854775,False
621,405,1687.5,15.29565685261708,15.29565685261708,True,0.8845685557700892,False
622,406,1691.6666666666667,15.316939890710382,15.398558368495076,True,0.8864822737086102,False
623,407,1695.8333333333333,15.3512743993994,15.395514801840784,True,0.8882276239700847,False
624,408,1700.0,15.364737274220033,15.316939890710382,True,0.8885533819617154,False
625,409,1704.1666666666665,15.367292870905587,15.3512743993994,True,0.8896746537623255,False
626,410,1708.3333333333333,15.364737274220033,15.367292870905587,True,0.8895967210103259,False
627,411,1712.5,15.3512743993994,15.364737274220033,True,0.8895051261123077,False
628,412,1716.6666666666665,15.3512743993994,15.389591141210248,True,0.8895234256053357,False
629,413,1720.8333333333335,15.303347247504865,15.300774134790528,True,0.8905207936537791,False
630,414,1725.0,15.300774134790528,15.303347247504865,True,0.8909694868268845,False
631,415,1729.1666666666667,15.272012578616353,15.272012578616353,True,0.8904721817949289,False
632,416,1733.3333333333335,15.181631273524312,15.181631273524312,True,0.8891356124158665,False
633,417,1737.5,15.113469601677147,15.113469601677147,True,0.8903618541568622,False
634,418,1741.6666666666667,15.084300281293954,15.084300281293954,True,0.8829097496600941,False
635,419,1745.8333333333333,15.00886470985155,15.00886470985155,True,0.882568532103357,False
636,420,1750.0,14.913405797101449,14.913405797101449,True,0.8810465841816282,False
637,421,1754.1666666666667,14.760542168674698,14.760542168674698,True,0.8797903023203525,False
638,422,1758.3333333333333,14.671296296296296,14.671296296296296,True,0.8758236953850427,False
639,423,1762.5,14.500555555555556,14.500555555555556,True,0.8746643778310558,False
640,424,1766.6666666666665,14.33668582375479,14.33668582375479,True,0.8736084180621777,False
641,425,1770.8333333333333,14.125992063492063,14.12217514124294,True,0.8703430543880672,False
642,426,1775.0,14.125992063492063,13.979166666666666,True,0.8650423640535445,False
643,427,1779.1666666666665,14.12217514124294,13.954152320052467,True,0.868323843733751,False
644,428,1783.3333333333335,14.12217514124294,14.125992063492063,True,0.8697134176191283,False
645,429,1787.5,14.124322113136978,14.19949494949495,True,0.8731097427688264,False
646,430,1791.6666666666667,14.125992063492063,14.1134768009768,True,0.8701935428627345,False
647,431,1795.8333333333335,14.19949494949495,14.124322113136978,True,0.8736685435010862,False
648,432,1800.0,14.240853658536585,14.240853658536585,True,0.8730123108595813,False
649,433,1804.1666666666667,14.34657622739018,14.34657622739018,True,0.8736867349454229,False
650,434,1808.3333333333333,14.455078125,14.455078125,True,0.8757244865208301,False
651,435,1812.5,14.512640257252327,14.512640257252327,True,0.8752346919884343,False
652,436,1816.6666666666667,14.569,14.569,True,0.873708268486037,False
653,437,1820.8333333333333,14.588811496802819,14.637596899224805,True,0.8733801116941635,False
654,438,1825.0,14.588811496802819,14.653039832285115,True,0.8779876541614019,False
655,439,1829.1666666666665,14.588811496802819,14.63647342995169,True,0.8766020247782287,False
656,440,1833.3333333333333,14.588811496802819,14.588811496802819,True,0.875993871571019,False
657,441,1837.5,14.545788939624558,14.545788939624558,True,0.8754819236108936,False
658,442,1841.6666666666665,14.510234759261765,14.510234759261765,True,0.8765622140945567,False
659,443,1845.8333333333335,14.483167770419426,14.483167770419426,True,0.8753553824160301,False
660,444,1850.0,14.461397058823529,14.461397058823529,True,0.8729788740205598,False
661,445,1854.1666666666667,14.411127167630058,14.411127167630058,True,0.8705363455771208,False
662,446,1858.3333333333335,14.391446725317692,14.391446725317692,True,0.8726532467861474,False
663,447,1862.5,14.385204081632653,14.385204081632653,True,0.8696589648449623,False
664,448,1866.6666666666667,14.22623042505593,14.22623042505593,True,0.8744767895625374,False
665,449,1870.8333333333333,14.085125448028675,14.085125448028675,True,0.8705635005925585,False
666,450,1875.0,14.07060878243513,13.987663398692812,True,0.8700697685809533,False
667,451,1879.1666666666667,14.07060878243513,13.854963570127504,True,0.8660546584929154,False
668,452,1883.3333333333333,14.07060878243513,13.857529497993417,True,0.8638962592999148,False
669,453,1887.5,14.07060878243513,14.07060878243513,True,0.8644188831274101,False
670,454,1891.6666666666665,14.179545454545455,14.179545454545455,True,0.8654874577498657,False
671,455,1895.8333333333333,14.221007787801682,14.221007787801682,True,0.8637349730933159,False
672,456,1900.0,14.241509996766245,14.241509996766245,True,0.8660258492469637,False
673,457,1904.1666666666665,14.291666666666666,14.291666666666666,True,0.8668859736106348,False
674,458,1908.3333333333335,14.291666666666666,14.331721915285451,True,0.8656323892139269,False
675,459,1912.5,14.291666666666666,14.347727272727274,True,0.8659831058619163,False
676,460,1916.6666666666667,14.291666666666666,14.305128205128206,True,0.8654816942125387,False
677,461,1920.8333333333335,14.274816742208046,14.274816742208046,True,0.8663053442093065,False
678,462,1925.0,14.199281199177639,14.199281199177639,True,0.8672883042989058,False
679,463,1929.1666666666667,14.150948103792416,14.150948103792416,True,0.8675887491105757,False
680,464,1933.3333333333333,14.083333333333334,14.083333333333334,True,0.8673638228741015,False
681,465,1937.5,13.95357142857143,13.95357142857143,True,0.8660102295096725,False
682,466,1941.6666666666667,13.95357142857143,13.900623585157689,True,0.868057205926503,False
683,467,1945.8333333333333,13.95357142857143,13.842023172905526,True,0.8700352154808018,False
684,468,1950.0,13.95357142857143,13.928313609852628,True,0.8712235052526457,False
685,469,1954.1666666666665,14.106884057971016,14.106884057971016,True,0.8724025422887529,False
686,470,1958.3333333333333,14.181810566935866,14.181810566935866,True,0.8729592123132084,False
687,471,1962.5,14.208333333333334,14.227663757810816,True,0.8732637592270519,False
688,472,1966.6666666666665,14.227663757810816,14.208333333333334,True,0.8726878646386923,False
689,473,1970.8333333333335,14.260744234800839,14.260744234800839,True,0.872985714428738,False
690,474,1975.0,14.270833333333334,14.316441441441441,True,0.8720443990758259,False
691,475,1979.1666666666667,14.27195945945946,14.323412698412698,True,0.8732921668062176,False
692,476,1983.3333333333335,14.27195945945946,14.27195945945946,True,0.8726350511732159,False
693,477,1987.5,14.27195945945946,14.270833333333334,True,0.8725213555244169,False
694,478,1991.6666666666667,14.270833333333334,14.297699652777778,True,0.8720631620302477,False
695,479,1995.8333333333333,14.226666666666667,14.226666666666667,True,0.8716690630775639,False
696,480,2000.0,14.194529652351738,14.194529652351738,True,0.8708836291207795,False
697,481,2004.166666666667,14.144270833333332,14.144270833333332,True,0.8704349440855534,False
698,482,2008.3333333333333,14.116319444444445,14.105555555555556,True,0.8701753421238428,False
699,483,2012.5000000000002,14.105555555555556,14.116319444444445,True,0.8665686053540035,False
700,484,2016.6666666666665,14.034334367612294,14.034334367612294,True,0.8669073900465958,False
701,485,2020.8333333333335,13.992574112978525,13.992574112978525,True,0.8678386193825631,False
702,486,2025.0,13.967224609141903,13.967224609141903,True,0.86858954417505,False
703,487,2029.1666666666667,13.967224609141903,13.92275828460039,True,0.8669031339326797,False
704,488,2033.3333333333333,13.967224609141903,13.949817518248175,True,0.8700827919233103,False
705,489,2037.5,13.967224609141903,13.963888888888889,True,0.8691905579350832,False
706,490,2041.6666666666665,14.016201870660469,14.016201870660469,True,0.8696268152116993,False
707,491,2045.8333333333335,14.125844594594595,14.156849912739965,True,0.8707621172179157,False
708,492,2050.0,14.125844594594595,14.160297927461139,True,0.8702228796487467,False
709,493,2054.1666666666665,14.125844594594595,14.1275,True,0.8724687627901203,False
710,494,2058.333333333333,14.125844594594595,14.125844594594595,True,0.8731086927412939,False
711,495,2062.5,14.113351254480287,14.113351254480287,True,0.8712051517780708,False
712,496,2066.666666666667,14.090575396825395,14.090575396825395,True,0.8733595888338166,False
713,497,2070.8333333333335,14.041666666666666,14.041666666666666,True,0.8729638871810287,False
714,498,2075.0,14.022633744855966,14.022633744855966,True,0.8726128761742376,False
715,499,2079.1666666666665,14.021923004870738,13.958333333333334,True,0.8694635042023523,False
716,500,2083.3333333333335,14.021923004870738,13.929983421507037,True,0.8726616973495023,False
717,501,2087.5,14.021923004870738,14.019970414201183,True,0.8751545428656261,False
718,502,2091.666666666667,14.021923004870738,14.021923004870738,True,0.876436010044209,False
719,503,2095.833333333333,14.054663608562691,14.054663608562691,True,0.8762199665329277,False
720,504,2100.0,14.136982570806099,14.139705882352942,True,0.8738414202711698,False
721,505,2104.1666666666665,14.139705882352942,14.136982570806099,True,0.8734309347331746,False
722,506,2108.3333333333335,14.152001862197393,14.152927927927928,True,0.8684384393604531,False
723,507,2112.5,14.152927927927928,14.175429184549357,True,0.8719605617622828,False
724,508,2116.6666666666665,14.152927927927928,14.168617021276596,True,0.8712664093039623,False
725,509,2120.833333333333,14.152927927927928,14.152001862197393,True,0.8714118885051758,False
726,510,2125.0,14.152001862197393,14.153879481085363,True,0.8720702506590956,False
727,511,2129.166666666667,14.135416666666666,14.135416666666666,True,0.8699242297354585,False
728,512,2133.3333333333335,14.080716586151368,14.063564476885645,True,0.8704437389593955,False
729,513,2137.5,14.072172211573568,14.080716586151368,True,0.8706708059390464,False
730,514,2141.6666666666665,14.065450996507089,14.072172211573568,True,0.8662180435593202,False
731,515,2145.8333333333335,14.063564476885645,14.054240631163708,True,0.8698645112708356,False
732,516,2150.0,14.054240631163708,14.065450996507089,True,0.8684185053913636,False
733,517,2154.166666666667,14.04138888888889,14.022613268608415,True,0.8697995094367513,False
734,518,2158.333333333333,14.030932080039221,14.04138888888889,True,0.8695942512259505,False
735,519,2162.5,14.030932080039221,14.030932080039221,True,0.8700690436950942,False
736,520,2166.6666666666665,14.030932080039221,14.026731550969354,True,0.8709127809938932,False
737,521,2170.8333333333335,14.030932080039221,14.010281385281386,True,0.8702751504977227,False
738,522,2175.0,14.028038840302253,14.034269730926193,True,0.8716195787612211,False
739,523,2179.1666666666665,14.026731550969354,14.050594392346312,True,0.8687926834682432,False
740,524,2183.333333333333,14.02365535178035,14.028038840302253,True,0.8682299555899367,False
741,525,2187.5,14.02365535178035,14.02365535178035,True,0.8688471628938458,False
742,526,2191.666666666667,14.009231536926146,14.009231536926146,True,0.8689543315094724,False
743,527,2195.8333333333335,14.009231536926146,14.003574950690336,True,0.869134993337406,False
744,528,2200.0,14.009231536926146,13.981011661395252,True,0.8686725146627348,False
745,529,2204.1666666666665,14.009231536926146,13.96712311442237,True,0.8694143243219064,False
746,530,2208.3333333333335,14.024901380670611,14.024901380670611,True,0.8714314198108614,False
747,531,2212.5,14.024901380670611,14.02584388185654,True,0.8715113429901294,False
748,532,2216.666666666667,14.024901380670611,14.043115942028985,True,0.8700368305870355,False
749,533,2220.833333333333,14.02584388185654,14.05907960199005,True,0.8712135798076988,False
750,534,2225.0,14.036513730261523,14.023092369477913,True,0.8721526165105192,False
751,535,2229.1666666666665,14.04085569105691,14.022088353413656,True,0.872564883210307,False
752,536,2233.3333333333335,14.04085569105691,14.036513730261523,True,0.8721939219508839,False
753,537,2237.5,14.04085569105691,14.04085569105691,True,0.8720668849545192,False
754,538,2241.6666666666665,14.053571428571429,14.065858488546349,True,0.8731559950595381,False
755,539,2245.833333333333,14.053571428571429,14.066748801936663,True,0.8720581422305116,False
756,540,2250.0,14.053571428571429,14.062106918238994,True,0.8718175167311479,False
757,541,2254.166666666667,14.053571428571429,14.053571428571429,True,0.8715175720558567,False
758,542,2258.3333333333335,14.04075241207594,14.04075241207594,True,0.8693794666793334,False
759,543,2262.5,14.03693438914027,14.023584905660378,True,0.8691436674074984,False
760,544,2266.6666666666665,14.033730158730158,14.03693438914027,True,0.8685562732880729,False
761,545,2270.8333333333335,14.027412280701753,14.027412280701753,True,0.868733754155371,False
762,546,2275.0,14.023584905660378,14.033730158730158,True,0.8692995287250994,False
763,547,2279.166666666667,14.027412280701753,14.010937499999999,True,0.8689427434378155,False
764,548,2283.333333333333,14.020000000000001,14.020000000000001,True,0.8672950209507672,False
765,549,2287.5,14.020000000000001,14.019270833333332,True,0.8683445929763964,False
766,550,2291.6666666666665,14.020000000000001,14.041666666666666,True,0.8686436380775698,False
767,551,2295.8333333333335,14.020000000000001,14.01439393939394,True,0.8675575475116735,False
768,552,2300.0,14.019270833333332,14.02796803652968,True,0.8701047101917758,False
769,553,2304.1666666666665,14.01439393939394,14.03447242206235,True,0.8711582184159533,False
770,554,2308.333333333333,14.006944444444445,14.006944444444445,True,0.8710702334984137,False
771,555,2312.5,13.997061965811966,13.997061965811966,True,0.8702112228000889,False
772,556,2316.666666666667,13.994123931623932,13.994123931623932,True,0.8703799410716204,False
773,557,2320.8333333333335,13.994123931623932,13.99375,True,0.8718462762850551,False
774,558,2325.0,13.994123931623932,13.99412065439673,True,0.8719254074719984,False
775,559,2329.1666666666665,13.994123931623932,13.97325870646766,True,0.8715679469956434,False
776,560,2333.3333333333335,13.997439478584731,14.01228323699422,True,0.8730902552251765,False
777,561,2337.5,14.0,14.0,True,0.8729046255554355,False
778,562,2341.666666666667,14.0,14.003167641325534,True,0.8725103357368313,False
779,563,2345.833333333333,14.0,13.997439478584731,True,0.8728484411266156,False
780,564,2350.0,14.0,14.0,True,0.8742703109049103,False
781,565,2354.1666666666665,13.997439478584731,14.0,True,0.8733931265839897,False
782,566,2358.3333333333335,13.99372759856631,13.99372759856631,True,0.8732749769271129,False
783,567,2362.5,13.99372759856631,13.99372759856631,True,0.8735901161910291,False
784,568,2366.6666666666665,13.99372759856631,13.99372759856631,True,0.8731120878514249,False
785,569,2370.833333333333,13.99372759856631,13.992486338797812,True,0.8743687996685745,False
786,570,2375.0,13.998207885304659,14.0,True,0.8741196604859495,False
787,571,2379.166666666667,14.0,14.008744855967079,True,0.8713064221715585,False
788,572,2383.3333333333335,14.0,14.009848484848485,True,0.8753355766681185,False
789,573,2387.5,14.0,13.998207885304659,True,0.8754498260400463,False
790,574,2391.6666666666665,14.008744855967079,14.009654471544716,True,0.8755863812413195,False
791,575,2395.8333333333335,14.009654471544716,13.998207885304659,True,0.8757350860677096,False
792,576,2400.0,14.008928571428571,14.0,True,0.8717873560127899,False
793,577,2404.166666666667,14.009654471544716,14.03310502283105,True,0.8747002638446989,False
794,578,2408.333333333333,14.008928571428571,14.03310502283105,True,0.874722726511952,False
795,579,2412.5,14.013888888888888,14.008928571428571,True,0.874019485318859,False
796,580,2416.6666666666665,14.013888888888888,14.013888888888888,True,0.8742362781987082,False
797,581,2420.8333333333335,14.013888888888888,14.008928571428571,True,0.8746181555312855,False
798,582,2425.0,14.008928571428571,14.013888888888888,True,0.8715143761207115,False
799,583,2429.1666666666665,14.008928571428571,14.032836644591612,True,0.8709902235772191,False
800,584,2433.333333333333,14.0,14.0,True,0.8710681880994068,False
801,585,2437.5,14.0,14.0,True,0.8707259972418829,False
802,586,2441.666666666667,14.0,14.0,True,0.870777677160146,False
803,587,2445.8333333333335,14.0,14.0,True,0.8704732314309899,False
804,588,2450.0,14.0,14.0,True,0.8707348862839389,False
805,589,2454.1666666666665,14.0,14.0,True,0.8719247403719407,False
806,590,2458.3333333333335,14.0,14.0,True,0.8716250341981303,False
807,591,2462.5,14.0,14.0,True,0.8748725654153701,False
808,592,2466.666666666667,14.004310344827587,14.004310344827587,True,0.8747734021150255,False
809,593,2470.833333333333,14.004310344827587,14.004310344827587,True,0.8750430725644314,False
810,594,2475.0,14.004310344827587,14.013888888888888,True,0.8728226454329363,False
811,595,2479.1666666666665,14.004310344827587,14.03169014084507,True,0.8740084630423278,False
812,596,2483.3333333333335,14.0,14.0,True,0.8731883659805825,False
813,597,2487.5,14.0,14.0,True,0.8731468067937879,False
814,598,2491.6666666666665,14.0,14.0,True,0.873173620184318,False
815,599,2495.833333333333,14.0,14.0,True,0.8725959705635781,False
816,600,2500.0,14.0,14.0,True,0.8737643404236556,False
817,601,2504.166666666667,14.009578544061304,14.009578544061304,True,0.8739354314915226,False
818,602,2508.3333333333335,14.009578544061304,14.009578544061304,True,0.8741374919049687,False
819,603,2512.5,14.009578544061304,14.009578544061304,True,0.8747283864638635,False
820,604,2516.6666666666665,14.009578544061304,14.009578544061304,True,0.8748069525959314,False
821,605,2520.8333333333335,14.009803921568627,14.009803921568627,True,0.8742632488481366,False
822,606,2525.0,14.009803921568627,14.009803921568627,True,0.8732958857581015,False
823,607,2529.166666666667,14.009803921568627,14.009803921568627,True,0.8735052234559411,False
824,608,2533.333333333333,14.009803921568627,14.009803921568627,True,0.8746997065627453,False
825,609,2537.5,14.009803921568627,14.009803921568627,True,0.8746881134689697,False
826,610,2541.6666666666665,14.008838383838382,14.008838383838382,True,0.8744774375123947,False
827,611,2545.8333333333335,14.0070281124498,14.0,True,0.8740671345763956,False
828,612,2550.0,14.0,14.0,True,0.8743444312774106,False
829,613,2554.1666666666665,14.0,14.0,True,0.8742901991057351,False
830,614,2558.333333333333,14.0,14.0070281124498,True,0.87455811207491,False
831,615,2562.5,14.0,14.0,True,0.8744916025325539,False
832,616,2566.666666666667,14.0,14.0,True,0.8735271009725739,False
833,617,2570.8333333333335,14.0,14.0,True,0.8711953988222007,False
834,618,2575.0,14.0,14.0,True,0.8736053940612324,False
835,619,2579.1666666666665,14.0,14.0,True,0.8737527593064222,False
836,620,2583.3333333333335,14.0,14.0,True,0.8712642766645878,False
837,621,2587.5,14.0,14.0,True,0.8711585508816636,False
838,622,2591.666666666667,14.0,14.0,True,0.8711510012510081,False
839,623,2595.833333333333,14.0,14.0,True,0.8737509781567404,True
840,624,2600.0,14.0,14.0,True,0.8719712222910606,True
841,625,2604.1666666666665,14.0,14.0,True,0.8742836893066973,True
842,626,2608.3333333333335,14.0,13.952608142493638,True,0.873613677992757,False
843,627,2612.5,14.0,13.952608142493638,True,0.871921874314449,False
844,628,2616.6666666666665,14.0,14.0,True,0.8701692746125181,False
845,629,2620.833333333333,14.0,14.0,True,0.8702665907062134,False
846,630,2625.0,14.0,14.0,True,0.8717189969161651,False
847,631,2629.166666666667,14.0,14.0,True,0.8702745993164142,False
848,632,2633.3333333333335,14.0,14.0,True,0.8705914950532766,False
849,633,2637.5,14.006635195384211,14.006635195384211,True,0.8707750914537365,False
850,634,2641.6666666666665,14.026826484018265,14.026826484018265,True,0.8710379222135197,False
851,635,2645.8333333333335,14.100241545893718,14.100241545893718,True,0.8705440466233286,False
852,636,2650.0,14.125,14.125,True,0.8710859527177325,False
853,637,2654.166666666667,14.17261904761905,14.17261904761905,True,0.8687165233252697,False
854,638,2658.333333333333,14.277582159624414,14.277582159624414,True,0.870874389915917,False
855,639,2662.5,14.335813492063492,14.335813492063492,True,0.8730812521559874,False
856,640,2666.6666666666665,14.499387254901961,14.499387254901961,True,0.8742487766391965,False
857,641,2670.8333333333335,14.694773911627403,14.694773911627403,True,0.8741663015043019,False
858,642,2675.0,14.908783783783784,14.908783783783784,True,0.8741112414559375,False
859,643,2679.1666666666665,15.257142857142858,15.257142857142858,True,0.8759288234421869,False
860,644,2683.333333333333,15.641371714456392,15.641371714456392,True,0.8742065818141654,False
861,645,2687.5,16.18261316872428,16.18261316872428,True,0.8726994864788851,False
862,646,2691.666666666667,16.925843253968253,16.925843253968253,True,0.8574857735768748,False
863,647,2695.8333333333335,17.919494720965307,17.919494720965307,True,0.9060937248182979,False
864,648,2700.0,19.273284313725487,19.273284313725487,True,0.9185162761832155,False
865,649,2704.1666666666665,23.28343495934959,23.28343495934959,True,0.9049981234321862,False
866,650,2708.3333333333335,23.514303482587064,23.514303482587064,True,0.9516970953062343,False
867,651,2712.5,23.514303482587064,23.574074074074076,True,0.9498808235964165,False
868,652,2716.666666666667,23.514303482587064,23.58202142423454,True,0.9522852776895951,False
869,653,2720.833333333333,23.514303482587064,23.578703703703706,True,0.9512953055338951,False
870,654,2725.0,23.500968992248062,23.5,True,0.9509908166973035,False
871,655,2729.1666666666665,23.5,23.500968992248062,True,0.9513933903406979,False
872,656,2733.3333333333335,23.483333333333334,23.415482826829706,True,0.9502379079010901,False
873,657,2737.5,23.483333333333334,23.421428571428567,True,0.9512943961756865,False
874,658,2741.6666666666665,23.483333333333334,23.483333333333334,True,0.9519401215361429,False
875,659,2745.833333333333,23.483333333333334,23.470911949685533,True,0.9526962182522691,False
876,660,2750.0,23.532963680734998,23.538690476190478,True,0.953909717138556,False
877,661,2754.166666666667,23.532963680734998,23.5759899068323,True,0.9525744019534289,False
878,662,2758.3333333333335,23.532963680734998,23.58889313301078,True,0.9512676823327691,False
879,663,2762.5,23.532963680734998,23.532963680734998,True,0.949556551365267,False
880,664,2766.6666666666665,23.45697167755991,23.45697167755991,True,0.9459653675510835,False
881,665,2770.8333333333335,23.32323232323232,23.32323232323232,True,0.9410299067627662,False
882,666,2775.0,23.298333333333336,23.298333333333336,True,0.9235036054843618,False
883,667,2779.166666666667,20.846774193548388,20.846774193548388,True,0.9380699616572633,False
884,668,2783.333333333333,19.89423076923077,19.89423076923077,True,0.9313048388458032,False
885,669,2787.5,18.816666666666666,18.816666666666666,True,0.9217581613233458,False
886,670,2791.6666666666665,17.603070175438596,17.603070175438596,True,0.859009341169814,False
887,671,2795.8333333333335,16.163461538461537,16.163461538461537,True,0.840437701797493,False
888,672,2800.0,14.852914991890557,14.789965986394558,True,0.8346173840646519,False
889,673,2804.1666666666665,14.852914991890557,14.505226819662568,True,0.8330789001159004,False
890,674,2808.333333333333,14.852914991890557,14.612553501112822,True,0.8356777803852752,False
891,675,2812.5,14.789965986394558,14.852914991890557,True,0.8383302214228902,False
892,676,2816.666666666667,14.612553501112822,14.917783005161866,True,0.8383948971654355,False
893,677,2820.8333333333335,14.696138211382113,14.88201385817485,True,0.8771511308968336,False
894,678,2825.0,14.852914991890557,14.541666666666666,True,0.8698518863672514,False
895,679,2829.1666666666665,14.88201385817485,14.377617590206185,True,0.86856769640395,False
896,680,2833.3333333333335,14.88201385817485,14.696138211382113,True,0.8577726380843433,False
897,681,2837.5,15.333501392490156,15.333501392490156,True,0.8754138070992453,False
898,682,2841.666666666667,15.914855072463768,15.914855072463768,True,0.9026448703905028,False
899,683,2845.833333333333,16.33066199950872,16.33066199950872,True,0.9086638919403137,False
900,684,2850.0,16.33066199950872,16.56784188034188,True,0.9149840749805842,False
901,685,2854.1666666666665,16.33066199950872,16.596556886227543,True,0.9151033383313144,False
902,686,2858.3333333333335,16.33066199950872,16.431962025316455,True,0.9171870847648605,False
903,687,2862.5,16.431962025316455,16.216269841269842,True,0.9154010572223777,False
904,688,2866.6666666666665,16.431962025316455,16.179666666666666,True,0.914560035062703,False
905,689,2870.833333333333,16.431962025316455,16.1836917562724,True,0.9159467491206014,False
906,690,2875.0,16.58285365428223,16.58285365428223,True,0.9193285850141184,False
907,691,2879.166666666667,16.74592391304348,16.74592391304348,True,0.9211333453536049,False
908,692,2883.3333333333335,16.808074265975822,16.81595414121933,True,0.9214593296987433,False
909,693,2887.5,16.81595414121933,16.808074265975822,True,0.9234523008390707,False
910,694,2891.6666666666665,16.81595414121933,16.84,True,0.9235445838665229,False
911,695,2895.8333333333335,16.81595414121933,16.89185393258427,True,0.9242553511676861,False
912,696,2900.0,16.808074265975822,16.880332778430603,True,0.9244050103893879,False
913,697,2904.166666666667,16.794082125603865,16.794082125603865,True,0.9214397467946929,False
914,698,2908.333333333333,16.659523809523808,16.659523809523808,True,0.9219556136116185,False
915,699,2912.5,16.651302176919643,16.651302176919643,True,0.922352048903922,False
916,700,2916.6666666666665,16.606359649122805,16.606359649122805,True,0.9183681673339098,False
917,701,2920.8333333333335,16.593791397582383,16.593791397582383,True,0.9207722593685554,False
918,702,2925.0,16.57765632454561,16.57765632454561,True,0.9157497417290894,False
919,703,2929.1666666666665,16.441875951293756,16.441875951293756,True,0.9172165239182468,False
920,704,2933.333333333333,16.252047206165702,16.252047206165702,True,0.9144691830839392,False
921,705,2937.5,16.133333333333333,16.133333333333333,True,0.9112513931544541,False
922,706,2941.666666666667,16.0697983014862,16.0697983014862,True,0.9096296330878854,False
923,707,2945.8333333333335,15.885384664618535,15.885384664618535,True,0.9024084907511734,False
924,708,2950.0,15.784445482866042,15.784445482866042,True,0.8794138434541674,False
925,709,2954.1666666666665,15.72241472241472,15.72241472241472,True,0.8708467490995018,False
926,710,2958.3333333333335,15.616214565004887,15.616214565004887,True,0.8738835892733753,False
927,711,2962.5,15.486806350114415,15.486806350114415,True,0.8823519171576765,False
928,712,2966.666666666667,15.244047619047619,15.244047619047619,True,0.8689725226742152,False
929,713,2970.833333333333,14.930555555555555,14.930555555555555,True,0.8735685328027584,False
930,714,2975.0,14.596991532323726,14.596991532323726,True,0.8755600422368328,False
931,715,2979.1666666666665,14.277482269503546,14.277482269503546,True,0.8731717378974598,False
932,716,2983.3333333333335,14.168064876957494,14.005600358422939,True,0.8748578014319977,False
933,717,2987.5,14.168064876957494,13.936309523809525,True,0.8761937577575895,False
934,718,2991.6666666666665,14.168064876957494,14.043613022426095,True,0.8752423978298902,False
935,719,2995.833333333333,14.168064876957494,14.168064876957494,True,0.8735458865286211,False
936,720,3000.0,14.313705234159778,14.313705234159778,True,0.8790006145412347,False
937,721,3004.166666666667,14.44773473652784,14.44773473652784,True,0.837120860731211,False
938,722,3008.3333333333335,14.797131147540982,14.797131147540982,True,0.8777491932112884,False
939,723,3012.5,15.100920102492429,15.100920102492429,True,0.8805245413523981,False
940,724,3016.6666666666665,15.345486111111109,15.345486111111109,True,0.8829064984596224,False
941,725,3020.8333333333335,15.402777777777779,15.402777777777779,True,0.8386135400037861,False
942,726,3025.0,15.413079470198674,15.413079470198674,True,0.8364980099770757,False
943,727,3029.166666666667,15.486486486486486,15.486486486486486,True,0.8378441909574085,False
944,728,3033.333333333333,15.5109649122807,15.583333333333334,True,0.8817003402248261,False
945,729,3037.5,15.574668705402651,15.626821493624773,True,0.882476458435,False
946,730,3041.6666666666665,15.574668705402651,15.649806718664479,True,0.8838060478373653,False
947,731,3045.8333333333335,15.574668705402651,15.5109649122807,True,0.8869855751372193,False
948,732,3050.0,15.568181818181818,15.574668705402651,True,0.8903722021255797,False
949,733,3054.1666666666665,15.545572916666666,15.545572916666666,True,0.8925280664434679,False
950,734,3058.333333333333,15.511963696369635,15.568181818181818,True,0.8965312509521464,False
951,735,3062.5,15.511963696369635,15.511963696369635,True,0.8939237946292491,False
952,736,3066.666666666667,15.50757103257103,15.50757103257103,True,0.8944906120843598,False
953,737,3070.8333333333335,15.460185185185187,15.460185185185187,True,0.8877403871010277,False
954,738,3075.0,15.377178649237473,15.377178649237473,True,0.8914460529112114,False
955,739,3079.1666666666665,15.266458766458767,15.266458766458767,True,0.8906963108586129,False
956,740,3083.3333333333335,15.165160655709101,15.165160655709101,True,0.8904828771323362,False
957,741,3087.5,15.06493993993994,15.06493993993994,True,0.8875139972509016,False
958,742,3091.666666666667,14.860833333333334,14.860833333333334,True,0.8862235931979157,False
959,743,3095.833333333333,14.658064995909868,14.658064995909868,True,0.8849588997046028,False
960,744,3100.0,14.43140243902439,14.43140243902439,True,0.8839123206553137,False
961,745,3104.1666666666665,14.402777777777779,14.375,True,0.8814304576892734,False
962,746,3108.3333333333335,14.390001534683854,14.390001534683854,True,0.8789596498734316,False
963,747,3112.5,14.390001534683854,14.402777777777779,True,0.876249662321508,False
964,748,3116.6666666666665,14.390001534683854,14.323434622467772,True,0.87387402433594,False
965,749,3120.833333333333,14.402777777777779,14.325284090909092,True,0.8751848721415126,False
966,750,3125.0,14.416666666666666,14.416666666666666,True,0.8771715284960845,False
967,751,3129.166666666667,14.476068821689259,14.476068821689259,True,0.8754705638491157,False
968,752,3133.3333333333335,14.530812153796026,14.530812153796026,True,0.8781973671912311,False
969,753,3137.5,14.541666666666666,14.541666666666666,True,0.8784145240263505,False
970,754,3141.6666666666665,14.56848633392751,14.58595571095571,True,0.8774679416229477,False
971,755,3145.8333333333335,14.56848633392751,14.657244850187267,True,0.8773503985941077,False
972,756,3150.0,14.56848633392751,14.664141414141413,True,0.8791780493024672,False
973,757,3154.166666666667,14.56848633392751,14.56848633392751,True,0.8787046627332349,False
974,758,3158.333333333333,14.545413838612369,14.545413838612369,True,0.8793874859324926,False
975,759,3162.5,14.520867153679655,14.517177854938273,True,0.8756483704130997,False
976,760,3166.6666666666665,14.517177854938273,14.520867153679655,True,0.8766882058786034,False
977,761,3170.8333333333335,14.508141902899967,14.508141902899967,True,0.8763560672342248,False
978,762,3175.0,14.500856164383563,14.500856164383563,True,0.8754435898396236,False
979,763,3179.1666666666665,14.468137254901961,14.468137254901961,True,0.8728193302362199,False
980,764,3183.333333333333,14.38092231842232,14.38092231842232,True,0.8697343204964297,False
981,765,3187.5,14.329323028064033,14.329323028064033,True,0.8714970372518558,False
982,766,3191.666666666667,14.262634408602151,14.262634408602151,True,0.8698038531487893,False
983,767,3195.8333333333335,14.184467503217505,14.184467503217505,True,0.8697736273381116,False
984,768,3200.0,14.116666666666667,14.116666666666667,True,0.8678871202449584,False
985,769,3204.1666666666665,14.116666666666667,14.0,True,0.8690686460718832,False
986,770,3208.3333333333335,14.116666666666667,13.92964480874317,True,0.8699604675646747,False
987,771,3212.5,14.116666666666667,13.980404065789841,True,0.8745969975185632,False
988,772,3216.666666666667,14.177086149409751,14.177086149409751,True,0.8773367713975676,False
989,773,3220.833333333333,14.39917852303523,14.39917852303523,True,0.881678635949978,False
990,774,3225.0,14.4645725667528,14.473184818481847,True,0.8835350977886397,False
991,775,3229.1666666666665,14.47125,14.47125,True,0.8841705793367852,False
992,776,3233.3333333333335,14.473184818481847,14.4645725667528,True,0.885740448525024,False
993,777,3237.5,14.510855754857994,14.510855754857994,True,0.8847178274682967,False
994,778,3241.6666666666665,14.575742240215924,14.63557410959966,True,0.8855118385187783,False
995,779,3245.833333333333,14.575742240215924,14.65371372356124,True,0.8869388535566314,False
996,780,3250.0,14.575742240215924,14.636579529254314,True,0.887051335566736,False
997,781,3254.166666666667,14.575742240215924,14.575742240215924,True,0.885978348634624,False
998,782,3258.3333333333335,14.569331983805668,14.569331983805668,True,0.8871460394244588,False
999,783,3262.5,14.558333333333332,14.558333333333332,True,0.8879194866298012,False
1000,784,3266.6666666666665,14.541666666666666,14.541666666666666,True,0.8888275545452772,False
1001,785,3270.8333333333335,14.527421652421651,14.527421652421651,True,0.8853254216467483,False
1002,786,3275.0,14.481971153846153,14.481971153846153,True,0.8855181419247794,False
1003,787,3279.166666666667,14.416666666666666,14.416666666666666,True,0.8869534663011972,False
1004,788,3283.333333333333,14.327629310806325,14.327629310806325,True,0.8842008785489823,False
1005,789,3287.5,14.223066298342543,14.223066298342543,True,0.8791293474122269,False
1006,790,3291.6666666666665,14.09963768115942,14.09963768115942,True,0.8784351923432336,False
1007,791,3295.8333333333335,14.092093825437956,14.007849731697249,True,0.8692017700680073,False
1008,792,3300.0,14.092093825437956,13.99069579288026,True,0.8700154122968657,False
1009,793,3304.1666666666665,14.092093825437956,14.0244935797248,True,0.8705577254935923,False
1010,794,3308.333333333333,14.092093825437956,14.092093825437956,True,0.8689950875672073,False
1011,795,3312.5,14.167424242424241,14.167424242424241,True,0.8704747227503341,False
1012,796,3316.666666666667,14.171190476190477,14.171190476190477,True,0.8711803825606431,False
1013,797,3320.8333333333335,14.19070512820513,14.19070512820513,True,0.8711450029475871,False
1014,798,3325.0,14.234437630270962,14.234437630270962,True,0.8720606930243678,False
1015,799,3329.1666666666665,14.234437630270962,14.244907407407409,True,0.8714655755590922,False
1016,800,3333.3333333333335,14.234437630270962,14.244907407407409,True,0.869676240233976,False
1017,801,3337.5,14.234437630270962,14.238026556776555,True,0.8710082241029633,False
1018,802,3341.666666666667,14.230769230769232,14.230769230769232,True,0.8693750796631151,False
1019,803,3345.833333333333,14.2240675990676,14.2240675990676,True,0.8718778584002942,False
1020,804,3350.0,14.200912309368192,14.200912309368192,True,0.8715753694706331,False
1021,805,3354.1666666666665,14.184065783899753,14.184065783899753,True,0.8708656878812583,False
1022,806,3358.3333333333335,14.166431261770244,14.166431261770244,True,0.8708724668597929,False
1023,807,3362.5,14.149765998680522,14.149765998680522,True,0.8677884576696303,False
1024,808,3366.6666666666665,14.149765998680522,14.147003745318353,True,0.869925930609654,False
1025,809,3370.833333333333,14.149765998680522,14.143430836139169,True,0.8708920381753953,False
1026,810,3375.0,14.149765998680522,14.132683000604962,True,0.8734512161170748,False
1027,811,3379.166666666667,14.16837121212121,14.16837121212121,True,0.8765072489819318,False
1028,812,3383.3333333333335,14.208333333333334,14.208333333333334,True,0.8780165598026607,False
1029,813,3387.5,14.246320346320346,14.246320346320346,True,0.878043036135895,False
1030,814,3391.6666666666665,14.250094268476621,14.250094268476621,True,0.8801963534408269,False
1031,815,3395.8333333333335,14.251077586206897,14.251077586206897,True,0.8818486822270344,False
1032,816,3400.0,14.28637566137566,14.28637566137566,True,0.8823100310652157,False
1033,817,3404.166666666667,14.28637566137566,14.327332525532285,True,0.8810694717290665,False
1034,818,3408.333333333333,14.28637566137566,14.331439393939393,True,0.8813282208675058,False
1035,819,3412.5,14.28637566137566,14.293018018018017,True,0.8822383401865624,False
1036,820,3416.6666666666665,14.25,14.25,True,0.882394524684981,False
1037,821,3420.8333333333335,14.166461412151067,14.166461412151067,True,0.8816207935498396,False
1038,822,3425.0,14.074050086355784,14.074050086355784,True,0.8798386363187174,False
1039,823,3429.1666666666665,14.03325246132208,13.975217864923748,True,0.8734609257561365,False
1040,824,3433.333333333333,14.03325246132208,13.921844541910332,True,0.8710307570744146,False
1041,825,3437.5,14.03325246132208,13.995075481440983,True,0.8752716186499908,False
1042,826,3441.666666666667,14.03325246132208,14.03325246132208,True,0.8756157706574046,False
1043,827,3445.8333333333335,14.058757961783437,14.058757961783437,True,0.8730590021777392,False
1044,828,3450.0,14.06242832085273,14.06242832085273,True,0.8730635229355831,False
1045,829,3454.1666666666665,14.089342279309383,14.093012803648163,True,0.8728628491121652,False
1046,830,3458.3333333333335,14.089342279309383,14.102941176470589,True,0.8722170103262744,False
1047,831,3462.5,14.089342279309383,14.10304054054054,True,0.872921206979314,False
1048,832,3466.666666666667,14.089342279309383,14.089342279309383,True,0.8721035770580705,False
1049,833,3470.833333333333,14.089277306967986,14.089277306967986,True,0.8711393443978015,False
1050,834,3475.0,14.083667393873284,14.083667393873284,True,0.8708839011780418,False
1051,835,3479.1666666666665,14.072766921233901,14.072766921233901,True,0.8713639362562449,False
1052,836,3483.3333333333335,14.05915031566517,14.057668308702793,True,0.8731249451449016,False
1053,837,3487.5,14.057668308702793,14.05915031566517,True,0.8726806493781527,False
1054,838,3491.6666666666665,14.04112554112554,14.034700528968303,True,0.8727526128151615,False
1055,839,3495.833333333333,14.04112554112554,14.025730994152047,True,0.8741072044981293,False
1056,840,3500.0,14.04112554112554,14.04112554112554,True,0.8749395172269506,False
1057,841,3504.166666666667,14.04112554112554,14.038131313131315,True,0.8780857192724096,False
1058,842,3508.3333333333335,14.054324600520252,14.054324600520252,True,0.8749739436645405,False
1059,843,3512.5,14.054324600520252,14.071499700509134,True,0.8759740105883335,False
1060,844,3516.6666666666665,14.054324600520252,14.133152173913045,True,0.8782354334554601,False
1061,845,3520.8333333333335,14.054324600520252,14.118408662900189,True,0.8764936276707318,False
1062,846,3525.0,14.04620607230253,14.04620607230253,True,0.8771256929183373,False
1063,847,3529.166666666667,13.978603603603604,13.978603603603604,True,0.8762194471076987,False
1064,848,3533.333333333333,13.967391304347826,13.903826121794872,True,0.8744785888565776,False
1065,849,3537.5,13.967391304347826,13.92087542087542,True,0.876221714022292,False
1066,850,3541.6666666666665,13.967391304347826,13.960349462365592,True,0.8740674751121668,False
1067,851,3545.8333333333335,13.967391304347826,13.967391304347826,True,0.8775295482600426,False
1068,852,3550.0,13.975931677018634,13.975931677018634,True,0.8786455420387564,False
1069,853,3554.1666666666665,14.00921052631579,14.011886183936745,True,0.8786439195211324,False
1070,854,3558.333333333333,14.00921052631579,14.022113594040968,True,0.8770236369767527,False
1071,855,3562.5,14.00921052631579,14.012037037037038,True,0.8778411268248081,False
1072,856,3566.666666666667,14.00921052631579,14.00921052631579,True,0.8774319072834063,False
1073,857,3570.8333333333335,14.006914163436692,14.006914163436692,True,0.8777715150803067,False
1074,858,3575.0,13.982944732297064,13.982944732297064,True,0.8763356696603642,False
1075,859,3579.1666666666665,13.93389687235841,13.93389687235841,True,0.8750627958735763,False
1076,860,3583.3333333333335,13.93389687235841,13.913971807628522,True,0.8733714626802843,False
1077,861,3587.5,13.93389687235841,13.907489814975499,True,0.8722998553099127,False
1078,862,3591.666666666667,13.93389687235841,13.906355687238038,True,0.8730022828611739,False
1079,863,3595.833333333333,13.919522444379105,13.979166666666666,True,0.8749985044781889,False
1080,864,3600.0,13.920339517113712,13.978438194923703,True,0.8759185959668863,False
1081,865,3604.1666666666665,13.949423926767677,13.978021978021978,True,0.8766857931345681,False
1082,866,3608.3333333333335,13.949423926767677,13.919522444379105,True,0.8761021739626487,False
1083,867,3612.5,13.947615740740739,13.920339517113712,True,0.8764942277179943,False
1084,868,3616.6666666666665,13.947615740740739,13.949423926767677,True,0.8777959038929142,False
1085,869,3620.833333333333,13.947615740740739,13.92606482588254,True,0.8770191709908332,False
1086,870,3625.0,13.947615740740739,13.947615740740739,True,0.876004232892936,False
1087,871,3629.166666666667,13.947615740740739,13.947619047619048,True,0.8755288653011699,False
1088,872,3633.3333333333335,13.941568047337277,13.961711711711713,True,0.8756122764943406,False
1089,873,3637.5,13.941568047337277,13.941568047337277,True,0.8765037479160017,False
1090,874,3641.6666666666665,13.933809399021664,13.933809399021664,True,0.8742553516396574,False
1091,875,3645.8333333333335,13.920944143661748,13.920944143661748,True,0.8733823171413426,False
1092,876,3650.0,13.916204287515763,13.915005385843367,True,0.8725808817942747,False
1093,877,3654.166666666667,13.915005385843367,13.916204287515763,True,0.8746581520643345,False
1094,878,3658.333333333333,13.913198492896315,13.910551213492392,True,0.8732303703590855,False
1095,879,3662.5,13.913198492896315,13.913198492896315,True,0.8743952308845211,False
1096,880,3666.6666666666665,13.913198492896315,13.911716589861749,True,0.8741768006232125,False
1097,881,3670.8333333333335,13.913198492896315,13.909830178730521,True,0.8728798816223365,False
1098,882,3675.0,13.913577379525293,13.913577379525293,True,0.8726122572872577,False
1099,883,3679.1666666666665,13.91689814814815,13.91689814814815,True,0.8725382176641628,False
1100,884,3683.333333333333,13.939430574953446,13.941426670468587,True,0.8740613372954759,False
1101,885,3687.5,13.939430574953446,13.939430574953446,True,0.8739456065312152,False
1102,886,3691.666666666667,13.939430574953446,13.945664066522502,True,0.8741714624347432,False
1103,887,3695.8333333333335,13.939430574953446,13.942732040372055,True,0.8737204303235764,False
1104,888,3700.0,13.933739716522945,13.933334793016874,True,0.8745408059304546,False
1105,889,3704.1666666666665,13.933334793016874,13.93235329117367,True,0.8736535403979192,False
1106,890,3708.3333333333335,13.933334793016874,13.933739716522945,True,0.8727736770446973,False
1107,891,3712.5,13.93235329117367,13.932278908360027,True,0.872655356701164,False
1108,892,3716.666666666667,13.932278908360027,13.927526164675372,True,0.8728064849996882,False
1109,893,3720.833333333333,13.928832843564654,13.934248554913296,True,0.8735521523963528,False
1110,894,3725.0,13.928832843564654,13.928832843564654,True,0.8725431974008465,False
1111,895,3729.1666666666665,13.928832843564654,13.92713122605364,True,0.8726439204661451,False
1112,896,3733.3333333333335,13.934248554913296,13.92713122605364,True,0.8731524259715615,False
1113,897,3737.5,13.93462246777164,13.93462246777164,True,0.8734946922738227,False
1114,898,3741.6666666666665,13.93626126126126,13.93626126126126,True,0.8735219600777161,False
1115,899,3745.833333333333,13.938202247191013,13.938920454545455,True,0.8738502439335578,False
1116,900,3750.0,13.938920454545455,13.938202247191013,True,0.8749730851788248,False
1117,901,3754.166666666667,13.93925821889305,13.942707995063975,True,0.8739648489898909,False
1118,902,3758.3333333333335,13.942707995063975,13.93925821889305,True,0.8737558227498261,False
1119,903,3762.5,13.942707995063975,13.943334204110066,True,0.873902765864394,False
1120,904,3766.6666666666665,13.942707995063975,13.943684939091916,True,0.8738576669365894,False
1121,905,3770.8333333333335,13.94075173185164,13.945319264069264,True,0.8751433039278321,False
1122,906,3775.0,13.94075173185164,13.94075173185164,True,0.8748618700184688,False
1123,907,3779.166666666667,13.939266774133259,13.939266774133259,True,0.874704745781135,False
1124,908,3783.333333333333,13.939266774133259,13.939266774133259,True,0.8750475269031031,False
1125,909,3787.5,13.939266774133259,13.939266774133259,True,0.8746396326395782,False
1126,910,3791.6666666666665,13.939266774133259,13.939266774133259,True,0.8746138775380459,False
1127,911,3795.8333333333335,13.939266774133259,13.939266774133259,True,0.8747901183813533,False
1128,912,3800.0,13.939266774133259,13.939266774133259,True,0.874876583943571,False
1129,913,3804.1666666666665,13.937335276512107,13.937335276512107,True,0.873866682604713,False
1130,914,3808.333333333333,13.935657192601637,13.935657192601637,True,0.8728292338227323,False
1131,915,3812.5,13.93017976468659,13.93017976468659,True,0.8717275157386579,False
1132,916,3816.666666666667,13.91554054054054,13.91554054054054,True,0.871764023458457,False
1133,917,3820.8333333333335,13.915123456790125,13.915123456790125,True,0.8723785665260431,False
1134,918,3825.0,13.915123456790125,13.915123456790125,True,0.8715745535891533,False
1135,919,3829.1666666666665,13.915123456790125,13.915123456790125,True,0.8723932229442153,False
1136,920,3833.3333333333335,13.915123456790125,13.915123456790125,True,0.872076663546999,False
1137,921,3837.5,13.915515244559364,13.915515244559364,True,0.8728200423034297,False
1138,922,3841.666666666667,13.923497288725189,13.924667309640713,True,0.8738420882078222,False
1139,923,3845.833333333333,13.92418043043043,13.923497288725189,True,0.8738497293902175,False
1140,924,3850.0,13.924667309640713,13.92418043043043,True,0.8738098687786442,False
1141,925,3854.1666666666665,13.932870370370372,13.932870370370372,True,0.8736828107988645,False
1142,926,3858.3333333333335,13.933037192220153,13.933037192220153,True,0.8738403463327835,False
1143,927,3862.5,13.933037192220153,13.933037192220153,True,0.874693596397029,False
1144,928,3866.6666666666665,13.935210622710622,13.935210622710622,True,0.8746532800962392,False
1145,929,3870.833333333333,13.93720276040718,13.93720276040718,True,0.8748852484711884,False
1146,930,3875.0,13.93720276040718,13.93795869325193,True,0.8744584625029304,False
1147,931,3879.166666666667,13.93720276040718,13.93779130472223,True,0.8740450309719064,False
1148,932,3883.3333333333335,13.93720276040718,13.93779130472223,True,0.8739770079415331,False
1149,933,3887.5,13.935818709011416,13.935818709011416,True,0.8740141850849131,False
1150,934,3891.6666666666665,13.935651014142636,13.935651014142636,True,0.8750517829473916,False
1151,935,3895.8333333333335,13.930924940898345,13.930924940898345,True,0.8742326347936988,False
1152,936,3900.0,13.930924940898345,13.930924940898345,True,0.8728773246598962,True
1153,937,3904.166666666667,13.927876480541455,13.927876480541455,True,0.8737456670215185,True
1154,938,3908.333333333333,13.927876480541455,13.92686170212766,True,0.8726346910454225,True
1155,939,3912.5,13.92686170212766,13.92686170212766,True,0.8739003007902365,False
1156,940,3916.6666666666665,13.92686170212766,13.926824212271974,True,0.8740111082909425,False
1157,941,3920.8333333333335,13.92686170212766,13.935648148148148,True,0.8745463834973389,False
1158,942,3925.0,13.935648148148148,13.925606460532931,True,0.8732650159462074,False
1159,943,3929.1666666666665,13.939221507504536,13.939221507504536,True,0.8723053503802587,False
1160,944,3933.333333333333,13.944391590321823,13.944391590321823,True,0.8736387076210665,False
1161,945,3937.5,13.97452380952381,13.97452380952381,True,0.8741088108166448,False
1162,946,3941.666666666667,13.986108740184363,13.986108740184363,True,0.8731423957360929,False
1163,947,3945.8333333333335,14.001691610965805,14.001691610965805,True,0.8721900120079932,False
1164,948,3950.0,14.003378378378379,14.003378378378379,True,0.8737933478412422,False
1165,949,3954.1666666666665,14.054924242424242,14.054924242424242,True,0.8755261098564289,False
1166,950,3958.3333333333335,14.091159052453468,14.091159052453468,True,0.8749605218287522,False
1167,951,3962.5,14.172377326565146,14.172377326565146,True,0.8776792205467883,False
1168,952,3966.666666666667,14.26360544217687,14.26360544217687,True,0.8775945957562848,False
1169,953,3970.833333333333,14.389331210191083,14.389331210191083,True,0.880210725854456,False
1170,954,3975.0,14.571596244131456,14.571596244131456,True,0.882243647062405,False
1171,955,3979.1666666666665,14.782679738562093,14.782679738562093,True,0.8829464373045653,False
1172,956,3983.3333333333335,15.07772435897436,15.07772435897436,True,0.884200471682959,False
1173,957,3987.5,15.478771097046414,15.478771097046414,True,0.8829643153991144,False
1174,958,3991.6666666666665,15.99679487179487,15.99679487179487,True,0.8837040592357571,False
1175,959,3995.833333333333,16.629027401385127,16.629027401385127,True,0.8709329185026276,False
1176,960,4000.0,17.525000000000002,17.525000000000002,True,0.8903575720034512,False
1177,961,4004.1666666666665,18.678902116402117,18.678902116402117,True,0.9233744692466517,False
1178,962,4008.333333333334,20.26919191919192,20.26919191919192,True,0.9244716266356621,False
1179,963,4012.5,23.50595238095238,23.51923076923077,True,0.9508013348162933,False
1180,964,4016.6666666666665,23.51923076923077,23.50595238095238,True,0.9607349033980114,False
1181,965,4020.833333333333,23.51923076923077,23.52710543766578,True,0.9622021474348923,False
1182,966,4025.0000000000005,23.51923076923077,23.53488304093567,True,0.9626096036706374,False
1183,967,4029.166666666667,23.50595238095238,23.538333333333338,True,0.9618160718702471,False
1184,968,4033.333333333333,23.470231429637924,23.470231429637924,True,0.9622754386863482,False
1185,969,4037.4999999999995,23.415994623655916,23.411147660818713,True,0.9606274386310433,False
1186,970,4041.666666666667,23.415994623655916,23.3984375,True,0.9609745794079141,False
1187,971,4045.8333333333335,23.415994623655916,23.401315789473685,True,0.9618272763752922,False
1188,972,4050.0,23.415994623655916,23.415994623655916,True,0.9624047547668907,False
1189,973,4054.166666666666,23.47092352092352,23.47092352092352,True,0.960836857268767,False
1190,974,4058.3333333333335,23.47092352092352,23.508620689655174,True,0.961161419468458,False
1191,975,4062.5,23.47092352092352,23.50154320987654,True,0.9602930788522033,False
1192,976,4066.6666666666665,23.47092352092352,23.471636904761905,True,0.9571176883446207,False
1193,977,4070.833333333334,23.408955627705627,23.408955627705627,True,0.9546729778217844,False
1194,978,4075.0,23.342391304347824,23.29229797979798,True,0.9441155199264581,False
1195,979,4079.1666666666665,23.29229797979798,23.342391304347824,True,0.94055836707319,False
1196,980,4083.333333333333,21.188123509000217,21.188123509000217,True,0.9464935769654826,False
1197,981,4087.5000000000005,20.351025132275133,20.351025132275133,True,0.94023302586632,False
1198,982,4091.666666666667,19.36260162601626,19.36260162601626,True,0.9329627997757132,False
1199,983,4095.833333333333,18.158333333333335,18.158333333333335,True,0.8892348099830575,False
1200,984,4100.0,16.85515873015873,16.85515873015873,True,0.8891740034998827,False
1201,985,4104.166666666667,15.42063492063492,15.42063492063492,True,0.892585819503754,False
1202,986,4108.333333333333,15.335043856697402,14.502239747432057,True,0.8847771254865922,False
1203,987,4112.5,15.335043856697402,14.516757590562008,True,0.8854977168130085,False
1204,988,4116.666666666666,15.335043856697402,14.907123960695392,True,0.8890697104776697,False
1205,989,4120.833333333334,15.335043856697402,15.335043856697402,True,0.8823701829794746,False
1206,990,4125.0,15.335043856697402,15.59678130511464,True,0.88540740716747,False
1207,991,4129.166666666666,15.335043856697402,15.580555555555556,True,0.8797826410095893,False
1208,992,4133.333333333334,15.335043856697402,15.437268518518517,True,0.8778232232013682,False
1209,993,4137.5,15.041614906832299,15.041614906832299,True,0.8746318100745978,False
1210,994,4141.666666666667,15.041614906832299,14.593668778427551,True,0.8697663893952713,False
1211,995,4145.833333333333,15.041614906832299,14.560595238095239,True,0.8741875167218979,False
1212,996,4150.0,15.041614906832299,14.996212121212123,True,0.879378162027663,False
1213,997,4154.166666666667,15.557539682539684,15.557539682539684,True,0.8746294056165552,False
1214,998,4158.333333333333,15.946428571428571,15.946428571428571,True,0.8955409363720065,False
1215,999,4162.5,15.946428571428571,16.229567569036746,True,0.8960776379945775,False
1216,1000,4166.666666666667,15.946428571428571,16.33936403508772,True,0.896279159046638,False
1217,1001,4170.833333333333,15.946428571428571,16.20659722222222,True,0.8960638132434898,False
1218,1002,4175.0,15.875,15.875,True,0.8886816686689033,False
1219,1003,4179.166666666666,15.875,15.580100574712645,True,0.8919139244406927,False
1220,1004,4183.333333333334,15.875,15.570961477001745,True,0.891596485284165,False
1221,1005,4187.5,15.763,15.692934782608695,True,0.8911620911270913,False
1222,1006,4191.666666666666,15.692934782608695,15.921296296296296,True,0.892289093292823,False
1223,1007,4195.833333333334,15.692934782608695,15.902777777777779,True,0.8923448514679894,False
1224,1008,4200.0,15.692934782608695,15.763,True,0.8912310620954969,False
1225,1009,4204.166666666667,15.62121212121212,15.62121212121212,True,0.8890991798679163,False
1226,1010,4208.333333333333,15.590839373306977,15.590839373306977,True,0.8861356009726734,False
1227,1011,4212.5,15.564285714285715,15.564285714285715,True,0.8852524703276177,False
1228,1012,4216.666666666667,15.393440170940172,15.393440170940172,True,0.881136608001043,False
1229,1013,4220.833333333333,15.22420634920635,15.22420634920635,True,0.8364103608997567,False
1230,1014,4225.0,15.089192708333334,15.089192708333334,True,0.8307734355739332,False
1231,1015,4229.166666666667,15.010354070932015,15.010354070932015,True,0.8295384904585821,False
1232,1016,4233.333333333333,14.984456767007538,14.984112709832134,True,0.8290757317678791,False
1233,1017,4237.5,14.984112709832134,14.984456767007538,True,0.8300141704063525,False
1234,1018,4241.666666666666,14.92469688845197,14.92469688845197,True,0.8312172139148564,False
1235,1019,4245.833333333334,14.761574074074074,14.761574074074074,True,0.8288268422518651,False
1236,1020,4250.0,14.595930232558139,14.595930232558139,True,0.8237776358669602,False
1237,1021,4254.166666666666,14.423827597840756,14.423827597840756,True,0.8245366188401702,False
1238,1022,4258.333333333334,14.268464052287582,14.268464052287582,True,0.8678555408157218,False
1239,1023,4262.5,14.169037940379404,14.169037940379404,True,0.8665152726301193,False
1240,1024,4266.666666666667,14.023065476190476,13.98919293356397,True,0.8665822262770873,False
1241,1025,4270.833333333333,14.023065476190476,13.913403927957281,True,0.8710255248331552,False
1242,1026,4275.0,14.023065476190476,13.858333333333334,True,0.8736468101151504,False
1243,1027,4279.166666666667,14.023065476190476,14.023065476190476,True,0.8771654805268808,False
1244,1028,4283.333333333333,14.279539984281362,14.279539984281362,True,0.8831935977991634,False
1245,1029,4287.5,14.515229885057472,14.515229885057472,True,0.8891359523387883,False
1246,1030,4291.666666666667,14.692326760722986,14.692326760722986,True,0.8922704188704669,False
1247,1031,4295.833333333333,14.813139059304703,14.813139059304703,True,0.8913700030955755,False
1248,1032,4300.0,14.999531835205993,14.999531835205993,True,0.8890659362321599,False
1249,1033,4304.166666666666,15.164682317477206,15.164682317477206,True,0.8886192420608686,False
1250,1034,4308.333333333334,15.241402116402115,15.301470588235295,True,0.8916354758046696,False
1251,1035,4312.5,15.241402116402115,15.334307043167803,True,0.8897631897641594,False
1252,1036,4316.666666666666,15.241402116402115,15.322730960774441,True,0.890359545791847,False
1253,1037,4320.833333333334,15.241402116402115,15.241402116402115,True,0.8903641531933939,False
1254,1038,4325.0,15.173757869892492,15.173757869892492,True,0.891494872907418,False
1255,1039,4329.166666666667,15.110431044316433,15.110431044316433,True,0.8894289897530255,False
1256,1040,4333.333333333333,15.031040233479258,15.031040233479258,True,0.8864550056843233,False
1257,1041,4337.5,14.903581267217632,14.903581267217632,True,0.8896444914717406,False
1258,1042,4341.666666666667,14.796322160148975,14.796322160148975,True,0.8881807744109727,False
1259,1043,4345.833333333333,14.727363096080373,14.727363096080373,True,0.8848150778753516,False
1260,1044,4350.0,14.648350970017637,14.648350970017637,True,0.8833882227603496,False
1261,1045,4354.166666666667,14.52751572327044,14.52751572327044,True,0.8833339414378217,False
1262,1046,4358.333333333333,14.396956187804713,14.396956187804713,True,0.8797831345509862,False
1263,1047,4362.5,14.331284153005464,14.331284153005464,True,0.8806048856595975,False
1264,1048,4366.666666666666,14.245155038759691,14.245155038759691,True,0.87830168651158,False
1265,1049,4370.833333333334,14.166666666666666,14.166666666666666,True,0.8733716275308766,False
1266,1050,4375.0,14.12733644859813,14.082682291666666,True,0.8245061129038443,False
1267,1051,4379.166666666666,14.12733644859813,14.112722567287785,True,0.8224940768348247,False
1268,1052,4383.333333333334,14.12733644859813,14.12733644859813,True,0.8218367155667037,False
1269,1053,4387.5,14.12733644859813,14.113271604938271,True,0.8659906643086669,False
1270,1054,4391.666666666667,14.15634057210064,14.15634057210064,True,0.8704289106157443,False
1271,1055,4395.833333333333,14.28074494949495,14.28074494949495,True,0.8704638523944657,False
1272,1056,4400.0,14.379985754985755,14.379985754985755,True,0.8730464017053239,False
1273,1057,4404.166666666667,14.446840241098613,14.446840241098613,True,0.8728606958608028,False
1274,1058,4408.333333333333,14.499503968253968,14.499503968253968,True,0.8721032772755656,False
1275,1059,4412.5,14.595757099294834,14.595757099294834,True,0.8715376010588071,False
1276,1060,4416.666666666667,14.732438016528926,14.732438016528926,True,0.8715797955972122,False
1277,1061,4420.833333333333,14.732438016528926,14.75,True,0.8727697349087785,False
1278,1062,4425.0,14.732438016528926,14.74363425925926,True,0.8708936840101779,False
1279,1063,4429.166666666666,14.732438016528926,14.741480713603785,True,0.8711066385819588,False
1280,1064,4433.333333333334,14.727904040404042,14.727904040404042,True,0.8737703485237746,False
1281,1065,4437.5,14.649943310657596,14.649943310657596,True,0.8741140643783518,False
1282,1066,4441.666666666666,14.580673758865247,14.580673758865247,True,0.872796008343858,False
1283,1067,4445.833333333334,14.56398759870982,14.56398759870982,True,0.8723721338728331,False
1284,1068,4450.0,14.555813373253493,14.555813373253493,True,0.8730873482471369,False
1285,1069,4454.166666666667,14.503797246906124,14.503797246906124,True,0.8710693356506615,False
1286,1070,4458.333333333333,14.44149118443597,14.44149118443597,True,0.8746002678679858,False
1287,1071,4462.5,14.324339523504591,14.324339523504591,True,0.8757756423974992,False
1288,1072,4466.666666666667,14.180058096151797,14.180058096151797,True,0.8765294792308795,False
1289,1073,4470.833333333333,14.180058096151797,14.072454844006566,True,0.8763008735839356,False
1290,1074,4475.0,14.180058096151797,14.054755671902269,True,0.8792753171763359,False
1291,1075,4479.166666666667,14.180058096151797,14.127366255144032,True,0.8818382378310884,False
1292,1076,4483.333333333333,14.236674730121116,14.236674730121116,True,0.8835737682489904,False
1293,1077,4487.5,14.251703354297694,14.251703354297694,True,0.8834994299542567,False
1294,1078,4491.666666666666,14.298289183222957,14.303264331210192,True,0.8799651937808151,False
1295,1079,4495.833333333334,14.303264331210192,14.298289183222957,True,0.8816694951039984,False
1296,1080,4500.0,14.324661590524535,14.34258601641414,True,0.878868886574514,False
1297,1081,4504.166666666666,14.324661590524535,14.364192420897718,True,0.8819340311087995,False
1298,1082,4508.333333333334,14.324661590524535,14.338133640552996,True,0.8813975518867097,False
1299,1083,4512.5,14.324661590524535,14.324661590524535,True,0.8805866013870061,False
1300,1084,4516.666666666667,14.238905325443787,14.238905325443787,True,0.8816908552855316,False
1301,1085,4520.833333333333,14.22238480697385,14.22238480697385,True,0.8838417349310974,False
1302,1086,4525.0,14.148454113942641,14.148454113942641,True,0.8797622843356263,False
1303,1087,4529.166666666667,14.02347836187442,14.02347836187442,True,0.8801078154884083,False
1304,1088,4533.333333333333,14.02347836187442,13.858985513397279,True,0.873688762608687,False
1305,1089,4537.5,14.02347836187442,13.836917562724013,True,0.8740118410927111,False
1306,1090,4541.666666666667,14.02347836187442,13.896005884917173,True,0.8701515986771814,False
1307,1091,4545.833333333333,14.071705426356589,14.071705426356589,True,0.8743049751729962,False
1308,1092,4550.0,14.223485020255154,14.223485020255154,True,0.8738123788889265,False
1309,1093,4554.166666666666,14.322838688794727,14.322838688794727,True,0.876995781823822,False
1310,1094,4558.333333333334,14.417328042328043,14.417328042328043,True,0.8779488133201774,False
1311,1095,4562.5,14.439860426929393,14.439860426929393,True,0.8769639658258173,False
1312,1096,4566.666666666666,14.48551245210728,14.498123123123122,True,0.8761278804728793,False
1313,1097,4570.833333333334,14.48551245210728,14.513888888888888,True,0.8775369706736863,False
1314,1098,4575.0,14.48551245210728,14.48551245210728,True,0.8782802847445872,False
1315,1099,4579.166666666667,14.48551245210728,14.494221022215905,True,0.8795849876986477,False
1316,1100,4583.333333333333,14.479119538351975,14.479119538351975,True,0.878146737255208,False
1317,1101,4587.5,14.422163120567376,14.422163120567376,True,0.8801282460680273,False
1318,1102,4591.666666666667,14.340780998389695,14.340780998389695,True,0.8839966447473573,False
1319,1103,4595.833333333333,14.255240549828178,14.255240549828178,True,0.8807156495274913,False
1320,1104,4600.0,14.165873015873016,14.165873015873016,True,0.8796052135083998,False
1321,1105,4604.166666666667,14.077651515151516,14.077651515151516,True,0.8788148701735145,False
1322,1106,4608.333333333333,13.94139204132111,13.94139204132111,True,0.8764024176933775,False
1323,1107,4612.5,13.94139204132111,13.858103404805753,True,0.8742025636434878,False
1324,1108,4616.666666666666,13.94139204132111,13.833333333333334,True,0.8741291174481972,False
1325,1109,4620.833333333334,13.94139204132111,13.887173782042368,True,0.874568477856983,False
1326,1110,4625.0,13.984722222222222,13.984722222222222,True,0.8744532894472516,False
1327,1111,4629.166666666666,14.031435508935509,14.031435508935509,True,0.8733071343294379,False
1328,1112,4633.333333333334,14.062360178970918,14.062360178970918,True,0.8725723517227311,False
1329,1113,4637.5,14.062360178970918,14.069991789819376,True,0.8722002742510514,False
1330,1114,4641.666666666667,14.062360178970918,14.063069216757741,True,0.8705342230461037,False
1331,1115,4645.833333333333,14.062360178970918,14.065252349123318,True,0.8333632339165685,False
1332,1116,4650.0,14.011856652374618,14.011856652374618,True,0.870145490924753,False
1333,1117,4654.166666666667,13.964080459770114,13.964080459770114,True,0.8714507422762728,False
1334,1118,4658.333333333333,13.911842105263156,13.911842105263156,True,0.8308391227055086,False
1335,1119,4662.5,13.911842105263156,13.82554945054945,True,0.8699939320618925,False
1336,1120,4666.666666666667,13.911842105263156,13.77206217852995,True,0.8709176674721366,False
1337,1121,4670.833333333333,13.911842105263156,13.890517241379312,True,0.8727981817480626,False
1338,1122,4675.0,14.022880539499036,14.022880539499036,True,0.8749668621067257,False
1339,1123,4679.166666666666,14.077320203553755,14.077320203553755,True,0.8743058847652364,False
1340,1124,4683.333333333334,14.136608623548922,14.15058225782525,True,0.8740711791924575,False
1341,1125,4687.5,14.136608623548922,14.146689497716894,True,0.8751597494525092,False
1342,1126,4691.666666666666,14.136608623548922,14.153227676565649,True,0.8742758098454415,False
1343,1127,4695.833333333334,14.136608623548922,14.136608623548922,True,0.8774101710563417,False
1344,1128,4700.0,14.06511544011544,14.06511544011544,True,0.8769471872533209,False
1345,1129,4704.166666666667,14.031917735042734,14.031917735042734,True,0.8751409425615145,False
1346,1130,4708.333333333333,13.924092409240926,13.924092409240926,True,0.873560481416482,False
1347,1131,4712.5,13.897185073707973,13.791666666666666,True,0.8724451982106981,False
1348,1132,4716.666666666667,13.897185073707973,13.784546549647223,True,0.8724956069296459,False
1349,1133,4720.833333333333,13.847064393939393,13.84103260869565,True,0.871105638774229,False
1350,1134,4725.0,13.847064393939393,13.897185073707973,True,0.8722851114726459,False
1351,1135,4729.166666666667,13.855913978494621,13.8994014732965,True,0.8730838471331682,False
1352,1136,4733.333333333333,13.855913978494621,13.847064393939393,True,0.8733744211025698,False
1353,1137,4737.5,13.855913978494621,13.883741258741258,True,0.8727600145123475,False
1354,1138,4741.666666666666,13.850002445545845,13.855913978494621,True,0.8734007798574364,False
1355,1139,4745.833333333334,13.847064393939393,13.843232044198894,True,0.8733333526131677,False
1356,1140,4750.0,13.850002445545845,13.850002445545845,True,0.8736703042355115,False
1357,1141,4754.166666666666,13.850002445545845,13.80324074074074,True,0.8716234082258104,False
1358,1142,4758.333333333334,13.850002445545845,13.847032001144077,True,0.8742053696435936,False
1359,1143,4762.5,13.909653465346535,13.909653465346535,True,0.8737882472034597,False
1360,1144,4766.666666666667,13.963675213675215,13.963675213675215,True,0.8766507364632897,False
1361,1145,4770.833333333333,13.963675213675215,13.990905245346871,True,0.8772463543688422,False
1362,1146,4775.0,13.963675213675215,13.991328257191201,True,0.876836824586541,False
1363,1147,4779.166666666667,13.963675213675215,13.971768906637841,True,0.8727422303046797,False
1364,1148,4783.333333333333,13.889212213225372,13.889212213225372,True,0.87304444984638,False
1365,1149,4787.5,13.857142857142856,13.857142857142856,True,0.8748377870241623,False
1366,1150,4791.666666666667,13.836786372007367,13.808951762523192,True,0.8725566599716196,False
1367,1151,4795.833333333333,13.83334551171339,13.800615212527964,True,0.8722489639577837,False
1368,1152,4800.0,13.83334551171339,13.83334551171339,True,0.8726943934038477,False
1369,1153,4804.166666666666,13.83334551171339,13.836786372007367,True,0.8729055507897326,False
1370,1154,4808.333333333334,13.83334551171339,13.827806122448978,True,0.8729595834553528,False
1371,1155,4812.5,13.836786372007367,13.84007760806688,True,0.8713218421115522,False
1372,1156,4816.666666666666,13.84007760806688,13.842771639042356,True,0.8708105580455177,False
1373,1157,4820.833333333334,13.842771639042356,13.823181125277161,True,0.8717925368203903,False
1374,1158,4825.0,13.863241308793455,13.863241308793455,True,0.8727847338238728,False
1375,1159,4829.166666666667,13.868162477518972,13.887286324786324,True,0.8718949132250315,False
1376,1160,4833.333333333333,13.868162477518972,13.868162477518972,True,0.8729538082454679,False
1377,1161,4837.5,13.868162477518972,13.900045537340619,True,0.8731118949430772,False
1378,1162,4841.666666666667,13.868162477518972,13.881501182033098,True,0.8727359584077978,False
1379,1163,4845.833333333333,13.85233707177368,13.850806451612904,True,0.8726194056607308,False
1380,1164,4850.0,13.850806451612904,13.85233707177368,True,0.8746308776087715,False
1381,1165,4854.166666666667,13.81900352733686,13.79120719896286,True,0.8720594223956019,False
1382,1166,4858.333333333333,13.81900352733686,13.79063852813853,True,0.8710171223435256,False
1383,1167,4862.5,13.81900352733686,13.792948717948718,True,0.8706199312361007,False
1384,1168,4866.666666666666,13.81900352733686,13.81900352733686,True,0.8714503805969769,False
1385,1169,4870.833333333334,13.829048859126985,13.829048859126985,True,0.8707144675338938,False
1386,1170,4875.0,13.842900320750061,13.842900320750061,True,0.8704869648150587,False
1387,1171,4879.166666666666,13.867294520547944,13.867294520547944,True,0.8720447976263223,False
1388,1172,4883.333333333334,13.878314551452652,13.879111842105265,True,0.8715545930138515,False
1389,1173,4887.5,13.878314551452652,13.89120919932803,True,0.8732053744349813,False
1390,1174,4891.666666666667,13.878314551452652,13.878314551452652,True,0.8740013637340217,False
1391,1175,4895.833333333333,13.878314551452652,13.878783550164087,True,0.8742031842284159,False
1392,1176,4900.0,13.863095238095239,13.848506743737957,True,0.872673139379318,False
1393,1177,4904.166666666667,13.863095238095239,13.863095238095239,True,0.8721442865844317,False
1394,1178,4908.333333333333,13.863095238095239,13.863017429193901,True,0.8725370585354539,False
1395,1179,4912.5,13.863095238095239,13.863017429193901,True,0.8725954469283672,False
1396,1180,4916.666666666667,13.866666666666667,13.87658447217271,True,0.8727539191726581,False
1397,1181,4920.833333333333,13.866720085470085,13.866666666666667,True,0.8727508511629277,False
1398,1182,4925.0,13.866720085470085,13.866720085470085,True,0.8721655102071921,False
1399,1183,4929.166666666666,13.866720085470085,13.877994000311674,True,0.8721441472617772,False
1400,1184,4933.333333333334,13.866666666666667,13.87772657450077,True,0.8728608423535117,False
1401,1185,4937.5,13.843657653664302,13.843657653664302,True,0.8725948006135739,False
1402,1186,4941.666666666666,13.843657653664302,13.843528368794324,True,0.8728479410705092,False
1403,1187,4945.833333333334,13.843657653664302,13.843448960822238,True,0.8723135614866433,False
1404,1188,4950.0,13.843657653664302,13.843528368794324,True,0.8712474695127972,False
1405,1189,4954.166666666667,13.873299319727892,13.880280589926258,True,0.8719348748127965,False
1406,1190,4958.333333333333,13.873299319727892,13.873299319727892,True,0.8719277913407731,False
1407,1191,4962.5,13.873299319727892,13.874430756881088,True,0.8719595353430286,False
1408,1192,4966.666666666667,13.873299319727892,13.890392781316349,True,0.8719658587924184,False
1409,1193,4970.833333333333,13.859848484848484,13.859848484848484,True,0.8727480153818696,False
1410,1194,4975.0,13.854100599013387,13.838735868267676,True,0.87436838592375,False
1411,1195,4979.166666666667,13.846325479396164,13.838829350522309,True,0.8734493893183869,False
1412,1196,4983.333333333333,13.846325479396164,13.838829350522309,True,0.873237991783416,False
1413,1197,4987.5,13.846325479396164,13.854100599013387,True,0.8731776356166386,False
1414,1198,4991.666666666666,13.846325479396164,13.846325479396164,True,0.87312647856786,False
1415,1199,4995.833333333334,13.846325479396164,13.853322647314405,True,0.8734455143311518,False
1416,1200,5000.0,13.846325479396164,13.857359628855392,True,0.8716265034091929,False
1417,1201,5004.166666666666,13.845853124498959,13.845853124498959,True,0.8721926811393265,False
1418,1202,5008.333333333334,13.845853124498959,13.83968085106383,True,0.8732310610574434,False
1419,1203,5012.5,13.845853124498959,13.845614759109807,True,0.8731116913789493,False
1420,1204,5016.666666666667,13.845853124498959,13.845614759109807,True,0.8729608624080684,False
1421,1205,5020.833333333333,13.850394570707072,13.850394570707072,True,0.873136697204086,False
1422,1206,5025.0,13.85051667082917,13.85051667082917,True,0.8730078275455926,False
1423,1207,5029.166666666667,13.850576720069549,13.850576720069549,True,0.8732440210208189,False
1424,1208,5033.333333333333,13.850576720069549,13.850576720069549,True,0.8724568099531665,False
1425,1209,5037.5,13.85272623723906,13.85272623723906,True,0.8718049631757229,False
1426,1210,5041.666666666667,13.859313725490196,13.859313725490196,True,0.8722058238568209,False
1427,1211,5045.833333333333,13.861814982403217,13.861814982403217,True,0.8733296664982392,False
1428,1212,5050.0,13.862252933301837,13.862252933301837,True,0.8734519825457595,False
1429,1213,5054.166666666666,13.863486842105262,13.863486842105262,True,0.8744316412419747,False
1430,1214,5058.333333333334,13.863486842105262,13.888978494623656,True,0.8754889680386329,False
1431,1215,5062.5,13.863486842105262,13.888978494623656,True,0.8741407010758648,False
1432,1216,5066.666666666666,13.863486842105262,13.888978494623656,True,0.8734827971573449,False
1433,1217,5070.833333333334,13.866312323398049,13.859346096929338,True,0.8729089952622304,False
1434,1218,5075.0,13.859346096929338,13.85872753103583,True,0.8727112077696617,False
1435,1219,5079.166666666667,13.85872753103583,13.85229474982382,True,0.8730498317288534,False
1436,1220,5083.333333333333,13.854709493860438,13.866312323398049,True,0.8728015585857326,False
1437,1221,5087.5,13.85229474982382,13.854709493860438,True,0.8718597246553151,False
1438,1222,5091.666666666667,13.849480438523281,13.849480438523281,True,0.8721583215009492,False
1439,1223,5095.833333333333,13.845858616359436,13.827305414551608,True,0.8716897572664178,False
1440,1224,5100.0,13.840366172242094,13.833862567618672,True,0.8717913685010528,False
1441,1225,5104.166666666667,13.840366172242094,13.845858616359436,True,0.870699392565532,False
1442,1226,5108.333333333333,13.840366172242094,13.839693169880528,True,0.8731934190662651,False
1443,1227,5112.5,13.840481641374497,13.840366172242094,True,0.8733215837774795,False
1444,1228,5116.666666666666,13.845858616359436,13.840481641374497,True,0.8733370376869628,False
1445,1229,5120.833333333334,13.846985470488775,13.848072562358277,True,0.8727331319035498,False
1446,1230,5125.0,13.846985470488775,13.84706532476551,True,0.8727018694605155,False
1447,1231,5129.166666666666,13.846985470488775,13.846985470488775,True,0.8724236289142357,False
1448,1232,5133.333333333334,13.846985470488775,13.846985470488775,True,0.8720908362993143,False
1449,1233,5137.5,13.84477547495682,13.844458987783595,True,0.8735360354260979,False
1450,1234,5141.666666666667,13.84477547495682,13.844458987783595,True,0.8730635807901872,False
1451,1235,5145.833333333333,13.844458987783595,13.844458987783595,True,0.8723869530445392,False
1452,1236,5150.0,13.844458987783595,13.84477547495682,True,0.8723580941387139,False
1453,1237,5154.166666666667,13.844458987783595,13.847525790783559,True,0.8728174290510398,False
1454,1238,5158.333333333333,13.844725995588064,13.843213058419245,True,0.8726862970085826,False
1455,1239,5162.5,13.84477547495682,13.829706418243797,True,0.8729192129867545,False
1456,1240,5166.666666666667,13.847525790783559,13.844725995588064,True,0.8727036567037599,False
1457,1241,5170.833333333333,13.850238095238096,13.850269803641401,True,0.871742898544484,False
1458,1242,5175.0,13.850238095238096,13.850238095238096,True,0.8719178461938835,False
1459,1243,5179.166666666666,13.850238095238096,13.850238095238096,True,0.8726665120778385,False
1460,1244,5183.333333333334,13.850238095238096,13.850315205627707,True,0.872787021501986,False
1461,1245,5187.5,13.850238095238096,13.850185835960763,True,0.872648215343188,False
1462,1246,5191.666666666666,13.850185835960763,13.84971098265896,True,0.8725372075314212,False
1463,1247,5195.833333333334,13.849840352325904,13.849840352325904,True,0.8728716535833247,False
1464,1248,5200.0,13.84971098265896,13.851901132356483,True,0.873842363349073,True
1465,1249,5204.166666666667,13.849019137480676,13.837092042537586,True,0.8725163638819123,True
1466,1250,5208.333333333333,13.849019137480676,13.845224719101124,True,0.8725647692538291,True
1467,1251,5212.5,13.849019137480676,13.843772401433691,True,0.8719828382946528,False
1468,1252,5216.666666666667,13.849019137480676,13.849019137480676,True,0.871741815214863,False
1469,1253,5220.833333333333,13.849201799028231,13.849201799028231,True,0.8721379611207155,False
1470,1254,5225.0,13.854263268654586,13.854263268654586,True,0.8726596753930936,False
1471,1255,5229.166666666667,13.86059670781893,13.864514348785873,True,0.8729415601032176,False
1472,1256,5233.333333333333,13.864514348785873,13.86059670781893,True,0.872617477422516,False
1473,1257,5237.5,13.870116760154355,13.870116760154355,True,0.8740452847214357,False
1474,1258,5241.666666666666,13.872831945124938,13.872831945124938,True,0.8738809550049982,False
1475,1259,5245.833333333334,13.887393936069051,13.887393936069051,True,0.8734276459583801,False
1476,1260,5250.0,13.958916083916085,13.958916083916085,True,0.8737598223293374,False
1477,1261,5254.166666666666,13.98849073037203,13.98849073037203,True,0.874550325114256,False
1478,1262,5258.333333333334,14.065366972477065,14.065366972477065,True,0.8739025624988707,False
1479,1263,5262.5,14.119992055385316,14.119992055385316,True,0.8768830319647688,False
1480,1264,5266.666666666667,14.229712041884817,14.229712041884817,True,0.8782335425306482,False
1481,1265,5270.833333333333,14.342728758169935,14.342728758169935,True,0.878020950766942,False
1482,1266,5275.0,14.524856748726656,14.524856748726656,True,0.8814721613228116,False
1483,1267,5279.166666666667,14.736111111111112,14.736111111111112,True,0.8833344356014462,False
1484,1268,5283.333333333333,14.992724867724867,14.992724867724867,True,0.8813884259749647,False
1485,1269,5287.5,15.394480519480519,15.394480519480519,True,0.8800399656918909,False
1486,1270,5291.666666666667,15.834402720283856,15.834402720283856,True,0.880039116885453,False
1487,1271,5295.833333333333,16.43504173740804,16.43504173740804,True,0.8691494963753084,False
1488,1272,5300.0,17.317528735632184,17.317528735632184,True,0.8892288183337803,False
1489,1273,5304.166666666666,18.524717514124294,18.524717514124294,True,0.9264169888179534,False
1490,1274,5308.333333333334,19.91733870967742,19.91733870967742,True,0.9290886252238839,False
1491,1275,5312.5,23.426041666666666,23.426041666666666,True,0.9398776263739209,False
1492,1276,5316.666666666666,23.48913043478261,23.48913043478261,True,0.960849448477978,False
1493,1277,5320.833333333334,23.553861788617883,23.553861788617883,True,0.9614699015274556,False
1494,1278,5325.0,23.553861788617883,23.616666666666664,True,0.9626670478306016,False
1495,1279,5329.166666666667,23.553861788617883,23.664583333333336,True,0.9625261984038497,False
1496,1280,5333.333333333333,23.553861788617883,23.608987403100773,True,0.9597346768553076,False
1497,1281,5337.5,23.582449160035367,23.522649969078543,True,0.9622642284235278,False
1498,1282,5341.666666666667,23.582449160035367,23.49980921855922,True,0.9603295419743096,False
1499,1283,5345.833333333333,23.582449160035367,23.517857142857142,True,0.9601719792034652,False
1500,1284,5350.0,23.522649969078543,23.582449160035367,True,0.9617147487352823,False
1501,1285,5354.166666666667,23.517857142857142,23.663047973531842,True,0.9601355634039159,False
1502,1286,5358.333333333333,23.517857142857142,23.775000000000002,True,0.9565836214169063,False
1503,1287,5362.5,23.17939814814815,23.17939814814815,True,0.9489765825055624,False
1504,1288,5366.666666666666,22.572916666666668,22.572916666666668,True,0.9557495486508225,False
1505,1289,5370.833333333334,21.7929394237988,21.7929394237988,True,0.9504919622306817,False
1506,1290,5375.0,21.052455357142858,21.052455357142858,True,0.9451893995142662,False
1507,1291,5379.166666666666,20.161324786324787,20.161324786324787,True,0.938786614282002,False
1508,1292,5383.333333333334,19.1875,19.1875,True,0.9271498843546028,False
1509,1293,5387.5,17.990079365079364,17.990079365079364,True,0.8696734730346347,False
1510,1294,5391.666666666667,16.65277777777778,16.65277777777778,True,0.8766113695023712,False
1511,1295,5395.833333333333,15.170833333333334,15.170833333333334,True,0.880178202294238,False
1512,1296,5400.0,14.838178294573643,13.647727272727272,True,0.8669198489784629,False
1513,1297,5404.166666666667,14.838178294573643,13.589914173379364,True,0.8681632429940542,False
1514,1298,5408.333333333333,14.838178294573643,14.117886577708006,True,0.8742260873752526,False
1515,1299,5412.5,14.838178294573643,14.838178294573643,True,0.8782604945562094,False
1516,1300,5416.666666666667,15.509569377990431,15.509569377990431,True,0.8850312466058784,False
1517,1301,5420.833333333333,15.863255033557047,15.863255033557047,True,0.8837385760581676,False
1518,1302,5425.0,15.863255033557047,16.153795811518325,True,0.8835894712715752,False
1519,1303,5429.166666666666,15.863255033557047,16.255180523773202,True,0.8837177762634592,False
1520,1304,5433.333333333334,15.863255033557047,16.158834586466167,True,0.8816768478391064,False
1521,1305,5437.5,15.75,15.75,True,0.8799732398400463,False
1522,1306,5441.666666666666,15.194277108433736,15.194277108433736,True,0.876126987793328,False
1523,1307,5445.833333333334,15.194277108433736,14.839731083669212,True,0.8716944018751003,False
1524,1308,5450.0,15.194277108433736,14.829004329004329,True,0.8749120169138426,False
1525,1309,5454.166666666667,15.194277108433736,15.113448844884488,True,0.8793887317836614,False
1526,1310,5458.333333333333,15.307170542635658,15.513928579249333,True,0.8850622587617757,False
1527,1311,5462.5,15.307170542635658,15.574292452830187,True,0.8861305335028432,False
1528,1312,5466.666666666667,15.307170542635658,15.570700152207001,True,0.8861173308402981,False
1529,1313,5470.833333333333,15.307170542635658,15.307170542635658,True,0.8873738311408499,False
1530,1314,5475.0,14.9501728017353,14.882936507936508,True,0.8868963469420311,False
1531,1315,5479.166666666667,14.9501728017353,14.727627207194516,True,0.8808374572263966,False
1532,1316,5483.333333333333,14.882936507936508,14.77944503762457,True,0.8780500887448637,False
1533,1317,5487.5,14.822619047619048,14.9501728017353,True,0.8831906018807674,False
1534,1318,5491.666666666666,14.77944503762457,14.965155945419104,True,0.8821615365616927,False
1535,1319,5495.833333333334,14.77944503762457,14.822619047619048,True,0.8789649530451398,False
1536,1320,5500.0,14.657698783854537,14.657698783854537,True,0.8769106797661569,False
1537,1321,5504.166666666666,14.568355119825709,14.568355119825709,True,0.8796945335453602,False
1538,1322,5508.333333333334,14.49115524997878,14.49115524997878,True,0.8762013204105181,False
1539,1323,5512.5,14.375886524822695,14.375886524822695,True,0.8757694571493089,False
1540,1324,5516.666666666667,14.107399425287355,14.107399425287355,True,0.8740103544406332,False
1541,1325,5520.833333333333,14.107399425287355,13.947510822510822,True,0.8678292871580169,False
1542,1326,5525.0,14.107399425287355,13.902994791666666,True,0.870055104620451,False
1543,1327,5529.166666666667,14.107399425287355,14.051223241590213,True,0.8664222063294531,False
1544,1328,5533.333333333333,14.185002976190475,14.25853952692188,True,0.8718303590957145,False
1545,1329,5537.5,14.212777777777779,14.24304670912951,True,0.8697195222772638,False
1546,1330,5541.666666666667,14.241161616161618,14.212777777777779,True,0.8713683272776229,False
1547,1331,5545.833333333333,14.24304670912951,14.185002976190475,True,0.874460864188019,False
1548,1332,5550.0,14.24304670912951,14.241161616161618,True,0.8734672124363254,False
1549,1333,5554.166666666666,14.254518072289157,14.254518072289157,True,0.8734490686502306,False
1550,1334,5558.333333333334,14.291666666666666,14.291666666666666,True,0.8735021719782127,False
1551,1335,5562.5,14.302553889409559,14.302553889409559,True,0.871275541489663,False
1552,1336,5566.666666666666,14.372554206867932,14.372554206867932,True,0.8730905880290988,False
1553,1337,5570.833333333334,14.406697341513294,14.441666666666668,True,0.874311267714809,False
1554,1338,5575.0,14.407792756391421,14.425102249488752,True,0.8746976456940234,False
1555,1339,5579.166666666667,14.407792756391421,14.420548654244307,True,0.8732360132980922,False
1556,1340,5583.333333333333,14.407792756391421,14.406697341513294,True,0.874631855601302,False
1557,1341,5587.5,14.406697341513294,14.407792756391421,True,0.8720558776701627,False
1558,1342,5591.666666666667,14.404174884944117,14.404174884944117,True,0.8697026202970753,False
1559,1343,5595.833333333333,14.395830332709204,14.37431693989071,True,0.8726098584572938,False
1560,1344,5600.0,14.37431693989071,14.395830332709204,True,0.8755705540453962,False
1561,1345,5604.166666666667,14.328309692671395,14.328059071729959,True,0.8748296362637243,False
1562,1346,5608.333333333333,14.328059071729959,14.328309692671395,True,0.8780305132337598,False
1563,1347,5612.5,14.280092592592593,14.280092592592593,True,0.8769697925070977,False
1564,1348,5616.666666666666,14.093181818181819,14.093181818181819,True,0.8726292360150499,False
1565,1349,5620.833333333334,14.06520061728395,13.854096797527456,True,0.8675026535125656,False
1566,1350,5625.0,14.06520061728395,13.88976793248945,True,0.8662643537214398,False
1567,1351,5629.166666666666,14.06520061728395,13.98183840781929,True,0.8646013695115911,False
1568,1352,5633.333333333334,14.06520061728395,14.06520061728395,True,0.8646557477677893,False
1569,1353,5637.5,14.084832134292567,14.084832134292567,True,0.8651372759830915,False
1570,1354,5641.666666666667,14.13642191142191,14.13642191142191,True,0.8666853172569167,False
1571,1355,5645.833333333333,14.13642191142191,14.152477477477477,True,0.8663799610389047,False
1572,1356,5650.0,14.13642191142191,14.165055248618785,True,0.8650840103863905,False
1573,1357,5654.166666666667,14.13642191142191,14.150914634146341,True,0.8671735655854014,False
1574,1358,5658.333333333333,14.079891877637131,14.079891877637131,True,0.8676657914109208,False
1575,1359,5662.5,14.061647173489279,14.061647173489279,True,0.8693365399271223,False
1576,1360,5666.666666666667,14.0198540641439,14.0198540641439,True,0.8712389216394728,False
1577,1361,5670.833333333333,13.98734687298517,13.970447826781717,True,0.8706293893082284,False
1578,1362,5675.0,13.98734687298517,13.98734687298517,True,0.8719194447960839,False
1579,1363,5679.166666666666,13.98734687298517,13.97754478743902,True,0.8738203628560468,False
1580,1364,5683.333333333334,13.98734687298517,13.98602665165165,True,0.871463271199623,False
1581,1365,5687.5,14.084484346224677,14.084484346224677,True,0.8736898932339204,False
1582,1366,5691.666666666666,14.137108262108262,14.137108262108262,True,0.8729023654544845,False
1583,1367,5695.833333333334,14.169820067846382,14.169820067846382,True,0.8745056771896461,False
1584,1368,5700.0,14.177619657787787,14.177619657787787,True,0.8734271504309409,False
1585,1369,5704.166666666667,14.208333333333334,14.208333333333334,True,0.8731140263036011,False
1586,1370,5708.333333333333,14.208333333333334,14.25,True,0.8736682693706227,False
1587,1371,5712.5,14.208333333333334,14.25,True,0.874267237451514,False
1588,1372,5716.666666666667,14.208333333333334,14.25,True,0.8726596437091348,False
1589,1373,5720.833333333333,14.197827282728275,14.197827282728275,True,0.8696768432720201,False
1590,1374,5725.0,14.173957452803606,14.173957452803606,True,0.8684621284118961,False
1591,1375,5729.166666666667,14.166666666666666,14.166666666666666,True,0.869646367522943,False
1592,1376,5733.333333333333,14.156179138321995,14.119097609315,True,0.8706779245610969,False
1593,1377,5737.5,14.119097609315,14.156179138321995,True,0.8722705805554911,False
1594,1378,5741.666666666666,14.091582064297802,14.077275960170697,True,0.8696093445602772,False
1595,1379,5745.833333333334,14.077275960170697,14.091582064297802,True,0.8701626356225572,False
1596,1380,5750.0,14.044467787114847,14.044467787114847,True,0.867669351625323,False
1597,1381,5754.166666666666,14.032196969696969,14.032196969696969,True,0.8685692937504981,False
1598,1382,5758.333333333334,14.0,13.99476320582878,True,0.8681020425368273,False
1599,1383,5762.5,13.99476320582878,13.98995983935743,True,0.8695843251841838,False
1600,1384,5766.666666666667,13.990398671096344,13.987262521588946,True,0.8649598462659763,False
1601,1385,5770.833333333333,13.98995983935743,14.0,True,0.869449157090682,False
1602,1386,5775.0,13.988489684973516,13.988489684973516,True,0.8678420981975474,False
1603,1387,5779.166666666667,13.988489684973516,13.990398671096344,True,0.8691434237688763,False
1604,1388,5783.333333333333,13.988489684973516,13.985841423948221,True,0.8684171873110715,False
1605,1389,5787.5,13.985841423948221,13.973180076628353,True,0.865096669304683,False
1606,1390,5791.666666666667,13.985841423948221,13.991067342268716,True,0.8711274151254107,False
1607,1391,5795.833333333333,13.985841423948221,13.973180076628353,True,0.8720737014824888,False
1608,1392,5800.0,13.990664845173042,13.98063973063973,True,0.8715280138801444,False
1609,1393,5804.166666666666,13.991067342268716,13.990664845173042,True,0.8733679801080858,False
1610,1394,5808.333333333334,13.995833333333332,13.995833333333332,True,0.8720145097085371,False
1611,1395,5812.5,14.012119684750735,14.012119684750735,True,0.8726732413957676,False
1612,1396,5816.666666666666,14.05347909172662,14.05347909172662,True,0.8706357255012424,False
1613,1397,5820.833333333334,14.082561728395062,14.083333333333334,True,0.8746113065471058,False
1614,1398,5825.0,14.083333333333334,14.08875,True,0.873440309270823,False
1615,1399,5829.166666666667,14.086082910321489,14.082561728395062,True,0.8723781413266272,False
1616,1400,5833.333333333333,14.086082910321489,14.0875,True,0.8752168381651585,False
1617,1401,5837.5,14.086082910321489,14.087351945854484,True,0.8716071564611508,False
1618,1402,5841.666666666667,14.082903780068728,14.086082910321489,True,0.8726088809798359,False
1619,1403,5845.833333333333,14.083333333333334,14.082044673539519,True,0.8724695033031088,False
1620,1404,5850.0,14.082903780068728,14.080223880597016,True,0.8710338904903773,False
1621,1405,5854.166666666667,14.082044673539519,14.082903780068728,True,0.8712328170335862,False
1622,1406,5858.333333333333,14.080223880597016,14.083333333333334,True,0.8699788466231998,False
1623,1407,5862.5,14.072463768115943,14.072463768115943,True,0.8698939582514872,False
1624,1408,5866.666666666666,14.013888888888888,14.01025712265104,True,0.8684984998168961,False
1625,1409,5870.833333333334,14.01025712265104,14.013888888888888,True,0.8692175563883092,False
1626,1410,5875.0,14.0,14.0,True,0.868076190500973,False
1627,1411,5879.166666666666,14.0,13.982218683651803,True,0.8708751874099193,False
1628,1412,5883.333333333334,13.992021276595745,13.977564102564102,True,0.8700781415186786,False
1629,1413,5887.5,13.982218683651803,13.992021276595745,True,0.8692993815721105,False
1630,1414,5891.666666666667,13.980811403508772,14.006404701088607,True,0.8700207250813509,False
1631,1415,5895.833333333333,13.980811403508772,13.980811403508772,True,0.8711011314582855,False
1632,1416,5900.0,13.980811403508772,13.94008875739645,True,0.8698722170868025,False
1633,1417,5904.166666666667,13.971915543912175,13.964416058394162,True,0.8710505094434354,False
1634,1418,5908.333333333333,13.971915543912175,13.981339468302659,True,0.8708060059889994,False
1635,1419,5912.5,13.971915543912175,13.970607235142118,True,0.8720262860221587,False
1636,1420,5916.666666666667,13.971915543912175,13.971915543912175,True,0.8708511710400099,False
1637,1421,5920.833333333333,13.971915543912175,13.977484472049689,True,0.8687560833360892,False
1638,1422,5925.0,13.971915543912175,13.97590321729958,True,0.8721457008441944,False
1639,1423,5929.166666666666,13.97590321729958,13.95603448275862,True,0.872446785849696,False
1640,1424,5933.333333333334,13.977484472049689,13.967307692307692,True,0.8733085441254043,False
1641,1425,5937.5,13.982207556935819,13.982207556935819,True,0.8737716223020949,False
1642,1426,5941.666666666666,13.982207556935819,13.994929453262786,True,0.8744559791498693,False
1643,1427,5945.833333333334,13.982314148681056,13.985789980732177,True,0.8729456876708498,False
1644,1428,5950.0,13.985789980732177,13.982314148681056,True,0.8719453031151347,False
1645,1429,5954.166666666667,13.991319444444445,13.976851851851853,True,0.8733359814494437,False
1646,1430,5958.333333333333,13.991319444444445,13.991319444444445,True,0.872429417430976,False
1647,1431,5962.5,13.9929718875502,14.0,True,0.8721085336424358,False
1648,1432,5966.666666666667,13.9929718875502,14.000647668393782,True,0.8710862213542029,False
1649,1433,5970.833333333333,13.9929718875502,13.99742268041237,True,0.8715185756268357,False
1650,1434,5975.0,13.9929718875502,13.9929718875502,True,0.8726416502330483,False
1651,1435,5979.166666666667,13.987280701754386,13.980828220858896,True,0.8723133382501548,False
1652,1436,5983.333333333333,13.987280701754386,13.983231707317074,True,0.8716143578066289,False
1653,1437,5987.5,13.987280701754386,13.984344894026975,True,0.8723885869400968,False
1654,1438,5991.666666666666,13.987280701754386,13.987280701754386,True,0.8715030351919565,False
1655,1439,5995.833333333334,13.988963963963963,13.988963963963963,True,0.8717478425292603,False
1656,1440,6000.0,13.988963963963963,13.988963963963963,True,0.8724689011464805,False
1657,1441,6004.166666666666,13.991134751773048,14.002504553734063,True,0.8739936565003893,False
1658,1442,6008.333333333334,13.991134751773048,14.000868055555555,True,0.8737864318548905,False
1659,1443,6012.5,13.991134751773048,14.000868055555555,True,0.873657822086241,False
1660,1444,6016.666666666667,13.991134751773048,13.991134751773048,True,0.8743559560088736,False
1661,1445,6020.833333333333,13.975340136054422,13.975340136054422,True,0.8694004810592788,False
1662,1446,6025.0,13.949137931034484,13.949137931034484,True,0.8727884116416782,False
1663,1447,6029.166666666667,13.949137931034484,13.935509554140127,True,0.8719723532556262,False
1664,1448,6033.333333333333,13.949137931034484,13.916666666666666,True,0.8713298746536008,False
1665,1449,6037.5,13.949137931034484,13.930782312925169,True,0.8715384679210171,False
1666,1450,6041.666666666667,13.947975517890773,13.966417910447761,True,0.8714602596546689,False
1667,1451,6045.833333333333,13.947975517890773,13.967524509803923,True,0.8725746539305548,False
1668,1452,6050.0,13.947975517890773,13.968971631205674,True,0.8724936953284153,False
1669,1453,6054.166666666666,13.962962962962962,13.947975517890773,True,0.8727274916066012,False
1670,1454,6058.333333333334,13.958333333333334,13.947975517890773,True,0.8728855009220817,False
1671,1455,6062.5,13.958333333333334,13.947975517890773,True,0.8728258544304965,False
1672,1456,6066.666666666666,13.958333333333334,13.962962962962962,True,0.871373214609616,False
1673,1457,6070.833333333334,13.962962962962962,13.958333333333334,True,0.8729053659646769,False
1674,1458,6075.0,13.965439276485789,13.98365561694291,True,0.8720506272429556,False
1675,1459,6079.166666666667,13.965439276485789,13.98365561694291,True,0.871701888291498,False
1676,1460,6083.333333333333,13.965439276485789,13.965439276485789,True,0.8727971074384118,False
1677,1461,6087.5,13.965439276485789,13.965439276485789,True,0.8732536830702236,False
1678,1462,6091.666666666667,13.965439276485789,13.965439276485789,True,0.8735437500633654,False
1679,1463,6095.833333333333,13.965439276485789,13.965439276485789,True,0.870994904701818,False
1680,1464,6100.0,13.965439276485789,13.966603053435115,True,0.8722119240457357,False
1681,1465,6104.166666666667,13.965439276485789,13.973072562358276,True,0.8717200560867198,False
1682,1466,6108.333333333333,13.965384615384615,13.965384615384615,True,0.8713186128639776,False
1683,1467,6112.5,13.965384615384615,13.958333333333334,True,0.8711790468584125,False
1684,1468,6116.666666666666,13.965384615384615,13.958333333333334,True,0.8726174698298691,False
1685,1469,6120.833333333334,13.965384615384615,13.958333333333334,True,0.872625570264172,False
1686,1470,6125.0,13.966603053435115,13.966603053435115,True,0.8724000201548473,False
1687,1471,6129.166666666666,13.966603053435115,13.966603053435115,True,0.8731093897027492,False
1688,1472,6133.333333333334,13.966603053435115,13.966603053435115,True,0.8714799426894307,False
1689,1473,6137.5,13.966603053435115,13.966603053435115,True,0.8725667686208792,False
1690,1474,6141.666666666667,13.966603053435115,13.96952736318408,True,0.8715729959701913,False
1691,1475,6145.833333333333,13.966603053435115,13.96952736318408,True,0.871261346725002,False
1692,1476,6150.0,13.965494791666666,13.965494791666666,True,0.8719311370262085,False
1693,1477,6154.166666666667,13.965494791666666,13.965494791666666,True,0.8722090383565161,False
1694,1478,6158.333333333333,13.963753387533876,13.963753387533876,True,0.8713601023405038,False
1695,1479,6162.5,13.963753387533876,13.963753387533876,True,0.8715894398687378,False
1696,1480,6166.666666666667,13.963753387533876,13.963753387533876,True,0.8716132707089452,False
1697,1481,6170.833333333333,13.958333333333334,13.958333333333334,True,0.8728199735162537,False
1698,1482,6175.0,13.958333333333334,13.958333333333334,True,0.8717711281889501,False
1699,1483,6179.166666666666,13.958333333333334,13.958333333333334,True,0.8716136054528479,False
1700,1484,6183.333333333334,13.958333333333334,13.958333333333334,True,0.8732328739796601,False
1701,1485,6187.5,13.967171717171716,13.967171717171716,True,0.872287552798743,False
1702,1486,6191.666666666666,13.967171717171716,13.967171717171716,True,0.8729726787447303,False
1703,1487,6195.833333333334,13.967171717171716,13.98564814814815,True,0.8705717200464729,False
1704,1488,6200.0,13.984674329501916,13.984674329501916,True,0.8733590789207097,False
1705,1489,6204.166666666667,13.98564814814815,13.967171717171716,True,0.8727098504828872,False
1706,1490,6208.333333333333,13.98564814814815,13.98564814814815,True,0.8728700667713956,False
1707,1491,6212.5,13.98564814814815,13.98564814814815,True,0.8724500432352706,False
1708,1492,6216.666666666667,13.985949612403102,13.985949612403102,True,0.8734682221955795,False
1709,1493,6220.833333333333,13.986418047882138,13.99710338680927,True,0.8731025274916493,False
1710,1494,6225.0,13.986418047882138,13.986418047882138,True,0.8730621104709496,False
1711,1495,6229.166666666667,13.986418047882138,13.986418047882138,True,0.8731285969960513,False
1712,1496,6233.333333333333,13.996621621621621,13.986418047882138,True,0.872796716967147,False
1713,1497,6237.5,13.995421245421246,13.996621621621621,True,0.8732928960412387,False
1714,1498,6241.666666666666,13.995421245421246,13.996621621621621,True,0.8734095725260012,False
1715,1499,6245.833333333334,13.995421245421246,13.996621621621621,True,0.8737593390568157,False
1716,1500,6250.0,13.995421245421246,13.995421245421246,True,0.8737441718680067,False
1717,1501,6254.166666666666,13.985800744878958,13.98564814814815,True,0.873691145673906,False
1718,1502,6258.333333333334,13.98564814814815,13.98564814814815,True,0.8725045584132152,False
1719,1503,6262.5,13.98564814814815,13.98564814814815,True,0.8726283468936418,False
1720,1504,6266.666666666667,13.98564814814815,13.985800744878958,True,0.8729625473952778,False
1721,1505,6270.833333333333,13.967171717171716,13.967171717171716,True,0.8717786084435273,False
1722,1506,6275.0,13.967171717171716,13.967171717171716,True,0.8720564277466083,False
1723,1507,6279.166666666667,13.965608465608467,13.965608465608467,True,0.872170294195425,False
1724,1508,6283.333333333333,13.964285714285715,13.964285714285715,True,0.8711090493038446,False
1725,1509,6287.5,13.964285714285715,13.964285714285715,True,0.8714842684746619,False
1726,1510,6291.666666666667,13.964285714285715,13.948809523809523,True,0.8704857265506128,False
1727,1511,6295.833333333333,13.964285714285715,13.947565543071162,True,0.8707243831434399,False
1728,1512,6300.0,13.964285714285715,13.948809523809523,True,0.8719727398535214,False
1729,1513,6304.166666666666,13.964285714285715,13.964285714285715,True,0.8700912765003858,False
1730,1514,6308.333333333334,13.98378243512974,13.986263736263737,True,0.8711727795638672,False
1731,1515,6312.5,13.98378243512974,13.986263736263737,True,0.8706666564250712,False
1732,1516,6316.666666666666,13.98378243512974,13.986263736263737,True,0.870675286802456,False
1733,1517,6320.833333333334,13.98489010989011,13.98378243512974,True,0.872556960723466,False
1734,1518,6325.0,13.98489010989011,13.98378243512974,True,0.872953803709621,False
1735,1519,6329.166666666667,13.98489010989011,13.98378243512974,True,0.8738429831952654,False
1736,1520,6333.333333333333,13.98489010989011,13.98489010989011,True,0.8724959805925055,False
1737,1521,6337.5,13.985805860805861,13.985805860805861,True,0.8730197460721808,False
1738,1522,6341.666666666667,13.985805860805861,13.985805860805861,True,0.8735691174356081,False
1739,1523,6345.833333333333,13.985805860805861,13.985805860805861,True,0.8733258051095124,False
1740,1524,6350.0,13.98733885819521,13.98733885819521,True,0.8736132754335165,False
1741,1525,6354.166666666667,13.98733885819521,13.995519713261649,True,0.8730686625935214,False
1742,1526,6358.333333333333,13.99368686868687,13.995519713261649,True,0.8730712174431176,False
1743,1527,6362.5,13.99423076923077,13.994765494137354,True,0.8744685365604074,False
1744,1528,6366.666666666666,13.99423076923077,13.98733885819521,True,0.873314809857534,False
1745,1529,6370.833333333334,13.99423076923077,13.99368686868687,True,0.8726557934993157,False
1746,1530,6375.0,13.99423076923077,13.99423076923077,True,0.8727878922790342,False
1747,1531,6379.166666666666,13.99423076923077,13.99423076923077,True,0.872728807465404,False
1748,1532,6383.333333333334,13.99423076923077,13.99501811594203,True,0.8725250197135389,False
1749,1533,6387.5,13.99501811594203,13.985805860805861,True,0.8732839072207851,False
1750,1534,6391.666666666667,13.99501811594203,13.99501811594203,True,0.8724606500480782,False
1751,1535,6395.833333333333,13.99501811594203,13.99501811594203,True,0.873312287284748,False
1752,1536,6400.0,13.99501811594203,13.99501811594203,True,0.8725039945639964,False
1753,1537,6404.166666666667,13.99501811594203,13.986111111111112,True,0.8719916172895031,False
1754,1538,6408.333333333333,13.99501811594203,13.99476320582878,True,0.8732872575236623,False
1755,1539,6412.5,13.995416666666666,13.995416666666666,True,0.8731405605903265,False
1756,1540,6416.666666666667,13.995416666666666,13.995416666666666,True,0.8737885931986359,False
1757,1541,6420.833333333333,13.995416666666666,13.995416666666666,True,0.8739997303382562,False
1758,1542,6425.0,13.996287128712872,14.005885122410547,True,0.8736729454937251,False
1759,1543,6429.166666666666,14.004422718808193,14.005885122410547,True,0.8736672385991708,False
1760,1544,6433.333333333334,14.004422718808193,13.996287128712872,True,0.8744951330982642,False
1761,1545,6437.5,14.004422718808193,14.004472693032016,True,0.8699968278665128,False
1762,1546,6441.666666666666,14.004422718808193,14.004422718808193,True,0.8710997436030188,False
1763,1547,6445.833333333334,13.9963298791019,14.004422718808193,True,0.8713449649487484,False
1764,1548,6450.0,13.997448979591837,13.9963298791019,True,0.8701627737653302,False
1765,1549,6454.166666666667,13.9963298791019,13.9963298791019,True,0.8728582403696955,False
1766,1550,6458.333333333333,13.9963298791019,13.9963298791019,True,0.8737718150468162,False
1767,1551,6462.5,13.9963298791019,13.997448979591837,True,0.8740832799700091,False
1768,1552,6466.666666666667,13.9963298791019,13.996173469387756,True,0.8737677095503408,False
1769,1553,6470.833333333333,13.9963298791019,14.004888268156426,True,0.8736034624111348,False
1770,1554,6475.0,13.997448979591837,13.996173469387756,True,0.8735114951036077,False
1771,1555,6479.166666666667,14.004888268156426,13.996173469387756,True,0.8689017480215516,False
1772,1556,6483.333333333333,14.00627240143369,14.006720430107528,True,0.873518929782504,False
1773,1557,6487.5,14.00627240143369,14.006720430107528,True,0.8733077936247152,False
1774,1558,6491.666666666666,14.00627240143369,14.006720430107528,True,0.8738295173196674,False
1775,1559,6495.833333333334,14.00627240143369,14.00627240143369,True,0.8737424362118889,False
1776,1560,6500.0,14.00627240143369,14.00627240143369,True,0.8736819558916005,True
1777,1561,6504.166666666666,14.006018518518518,14.006018518518518,True,0.8738597987847896,True
1778,1562,6508.333333333334,14.006018518518518,14.005762411347519,True,0.8736794283360058,True
1779,1563,6512.5,14.006018518518518,14.002873563218392,True,0.8733004607548418,False
1780,1564,6516.666666666667,14.005762411347519,14.003612716763007,True,0.8727701228649789,False
1781,1565,6520.833333333333,14.003612716763007,14.008429672447013,True,0.873948447705005,False
1782,1566,6525.0,14.002873563218392,14.009761904761904,True,0.8742774356437516,False
1783,1567,6529.166666666667,14.003612716763007,14.001275510204081,True,0.8743583592798858,False
1784,1568,6533.333333333333,14.008429672447013,14.000661599099098,True,0.873122361182886,False
1785,1569,6537.5,14.009761904761904,13.99574052074052,True,0.8731070162407598,False
1786,1570,6541.666666666667,14.027335456475583,14.027335456475583,True,0.8727569454323663,False
1787,1571,6545.833333333333,14.066148775894538,14.066148775894538,True,0.8741476389388901,False
1788,1572,6550.0,14.085382513661202,14.085382513661202,True,0.8722703023824606,False
1789,1573,6554.166666666666,14.14374488124488,14.14374488124488,True,0.8735482471314624,False
1790,1574,6558.333333333334,14.184803921568628,14.184803921568628,True,0.8729860043271171,False
1791,1575,6562.5,14.263211382113822,14.263211382113822,True,0.8723305050445622,False
1792,1576,6566.666666666666,14.374404761904762,14.374404761904762,True,0.8737155193573001,False
1793,1577,6570.833333333334,14.53486394557823,14.53486394557823,True,0.8746385579979064,False
1794,1578,6575.0,14.698490813648293,14.698490813648293,True,0.8735604542472387,False
1795,1579,6579.166666666667,14.99826373785704,14.99826373785704,True,0.8791978603660785,False
1796,1580,6583.333333333333,15.340740740740742,15.340740740740742,True,0.8789217835223385,False
1797,1581,6587.5,15.767857142857144,15.767857142857144,True,0.8753026023312206,False
1798,1582,6591.666666666667,16.3262987012987,16.3262987012987,True,0.8688233472626292,False
1799,1583,6595.833333333333,17.161458333333332,17.161458333333332,True,0.8643410387083957,False
1800,1584,6600.0,18.229654403567448,18.229654403567448,True,0.9083369824611827,False
1801,1585,6604.166666666667,19.73611111111111,19.73611111111111,True,0.922610606627037,False
1802,1586,6608.333333333333,23.3939585085506,23.3939585085506,True,0.9333732551362616,False
1803,1587,6612.5,23.502272727272725,23.502272727272725,True,0.9563363819005831,False
1804,1588,6616.666666666666,23.503205128205128,23.57608695652174,True,0.9556315910215902,False
1805,1589,6620.833333333334,23.503205128205128,23.5859375,True,0.9551421392138651,False
1806,1590,6625.0,23.503205128205128,23.585759374411154,True,0.9540868578988186,False
1807,1591,6629.166666666666,23.503205128205128,23.503205128205128,True,0.950080965152935,False
1808,1592,6633.333333333334,23.462371205792255,23.462371205792255,True,0.9540498498054442,False
1809,1593,6637.5,23.462371205792255,23.404269005847954,True,0.9485971773115841,False
1810,1594,6641.666666666667,23.462371205792255,23.40722222222222,True,0.951127339450023,False
1811,1595,6645.833333333333,23.462371205792255,23.425724637681157,True,0.9503849798335483,False
1812,1596,6650.0,23.475511695906434,23.475511695906434,True,0.948526163959185,False
1813,1597,6654.166666666667,23.475511695906434,23.504065040650406,True,0.9495231670831629,False
1814,1598,6658.333333333333,23.475511695906434,23.518772893772894,True,0.9499914011448382,False
1815,1599,6662.5,23.475511695906434,23.51417767449446,True,0.9477734824248417,False
1816,1600,6666.666666666667,23.34084699453552,23.329513888888886,True,0.9385813853575125,False
1817,1601,6670.833333333333,23.329513888888886,23.34084699453552,True,0.9342579436126432,False
1818,1602,6675.0,23.321759259259256,23.321759259259256,True,0.9082990982709191,False
1819,1603,6679.166666666666,20.6877147766323,20.6877147766323,True,0.9379927009817146,False
1820,1604,6683.333333333334,19.8296783625731,19.8296783625731,True,0.9321850143830072,False
1821,1605,6687.5,18.799603174603174,18.799603174603174,True,0.923004417373354,False
1822,1606,6691.666666666666,17.611486486486488,17.611486486486488,True,0.8808314288737693,False
1823,1607,6695.833333333334,16.2391353046595,16.2391353046595,True,0.8878572550956927,False
1824,1608,6700.0,14.953804662360811,14.827850877192981,True,0.8852331437603871,False
1825,1609,6704.166666666667,14.953804662360811,14.507308313035901,True,0.8857981003989459,False
1826,1610,6708.333333333333,14.953804662360811,14.541666666666666,True,0.8769515698073133,False
1827,1611,6712.5,14.953804662360811,14.953804662360811,True,0.8368913700090129,False
1828,1612,6716.666666666667,14.953804662360811,15.205979284369114,True,0.8775511398007464,False
1829,1613,6720.833333333333,14.953804662360811,15.33144891122278,True,0.8766602742989813,False
1830,1614,6725.0,14.953804662360811,15.079931972789117,True,0.8728510139983252,False
1831,1615,6729.166666666667,14.801470588235295,14.766131035553485,True,0.8701839948920392,False
1832,1616,6733.333333333333,14.801470588235295,14.315353788126066,True,0.8675703979447247,False
1833,1617,6737.5,14.801470588235295,14.333333333333334,True,0.8776165278492608,False
1834,1618,6741.666666666666,14.801470588235295,14.801470588235295,True,0.8785590011772542,False
1835,1619,6745.833333333334,15.362654320987653,15.362654320987653,True,0.8736961738209807,False
1836,1620,6750.0,15.858695652173914,15.858695652173914,True,0.8913302221295569,False
1837,1621,6754.166666666666,16.189,16.23611111111111,True,0.8943799586717213,False
1838,1622,6758.333333333334,16.189,16.487704918032787,True,0.8911038185082243,False
1839,1623,6762.5,16.189,16.42263986013986,True,0.8916150784440889,False
1840,1624,6766.666666666667,16.189,16.189,True,0.8501823110367939,False
1841,1625,6770.833333333333,15.70630904183536,15.70630904183536,True,0.848744444733294,False
1842,1626,6775.0,15.70630904183536,15.436264822134385,True,0.8489483651911511,False
1843,1627,6779.166666666667,15.70630904183536,15.474864718614718,True,0.8444299165733674,False
1844,1628,6783.333333333333,15.692906746031746,15.692906746031746,True,0.8457830484811867,False
1845,1629,6787.5,15.610185185185186,15.840346534653465,True,0.8878931970618524,False
1846,1630,6791.666666666667,15.610185185185186,15.833695652173914,True,0.888148537034121,False
1847,1631,6795.833333333333,15.610185185185186,15.610185185185186,True,0.8393854470839334,False
1848,1632,6800.0,15.451363357843137,15.451363357843137,True,0.8733849141620548,False
1849,1633,6804.166666666666,15.436831780575114,15.436831780575114,True,0.8350629780473864,False
1850,1634,6808.333333333334,15.409320014662756,15.409320014662756,True,0.8347319406693717,False
1851,1635,6812.5,15.294811320754718,15.294811320754718,True,0.8711996418936909,False
1852,1636,6816.666666666666,15.131931089743588,15.131931089743588,True,0.831506572424951,False
1853,1637,6820.833333333334,15.014804739254144,15.014804739254144,True,0.8733996135677566,False
1854,1638,6825.0,14.911458333333334,14.911458333333334,True,0.8383889852171572,False
1855,1639,6829.166666666667,14.777109740778805,14.777109740778805,True,0.8383645104476263,False
1856,1640,6833.333333333333,14.653985507246377,14.653985507246377,True,0.8764008659314568,False
1857,1641,6837.5,14.494987174674675,14.494987174674675,True,0.8738795352055038,False
1858,1642,6841.666666666667,14.320868945868945,14.320868945868945,True,0.8734028189763166,False
1859,1643,6845.833333333333,14.116888961623436,14.088906581740977,True,0.8707156647170771,False
1860,1644,6850.0,14.116888961623436,13.915530303030303,True,0.8673738427070895,False
1861,1645,6854.166666666667,14.116888961623436,13.903131634819532,True,0.8742220429243238,False
1862,1646,6858.333333333333,14.116888961623436,14.116888961623436,True,0.8758568935876891,False
1863,1647,6862.5,14.314472740315638,14.314472740315638,True,0.8799150283176292,False
1864,1648,6866.666666666666,14.477130325814535,14.477130325814535,True,0.880522759889804,False
1865,1649,6870.833333333334,14.501524390243901,14.501524390243901,True,0.8835568280868421,False
1866,1650,6875.0,14.665462427745664,14.665462427745664,True,0.8857726484519693,False
1867,1651,6879.166666666666,14.784999999999998,14.784999999999998,True,0.8874936173382709,False
1868,1652,6883.333333333334,14.940010052936984,14.940010052936984,True,0.8884717579224473,False
1869,1653,6887.5,15.0,15.061886084012203,True,0.8871499640377463,False
1870,1654,6891.666666666667,15.00730286738351,15.064705882352941,True,0.8895526048253177,False
1871,1655,6895.833333333333,15.007350773479805,15.007350773479805,True,0.8869345310498781,False
1872,1656,6900.0,15.007350773479805,15.0,True,0.8854082390853734,False
1873,1657,6904.166666666667,15.00730286738351,15.00730286738351,True,0.8860589245745233,False
1874,1658,6908.333333333333,15.003300330033005,15.01173202614379,True,0.885454818567883,False
1875,1659,6912.5,15.0,15.003300330033005,True,0.8840676726856002,False
1876,1660,6916.666666666667,14.898256660840085,14.898256660840085,True,0.8896685508319367,False
1877,1661,6920.833333333333,14.795454200788596,14.795454200788596,True,0.8843845732248026,False
1878,1662,6925.0,14.731806543330388,14.731806543330388,True,0.8816012650944113,False
1879,1663,6929.166666666666,14.667680180180179,14.667680180180179,True,0.8769927512128293,False
1880,1664,6933.333333333334,14.640070921985815,14.640070921985815,True,0.8748978886471983,False
1881,1665,6937.5,14.55812757201646,14.55812757201646,True,0.8750237930257447,False
1882,1666,6941.666666666666,14.431410256410258,14.431410256410258,True,0.8750084946170291,False
1883,1667,6945.833333333334,14.27068345323741,14.27068345323741,True,0.8697865707059582,False
1884,1668,6950.0,14.111542443064183,14.111542443064183,True,0.8723505499876503,False
1885,1669,6954.166666666667,14.091335034013605,13.981103530681468,True,0.8715068456684807,False
1886,1670,6958.333333333333,14.091335034013605,13.73445370514618,True,0.8688600100332154,False
1887,1671,6962.5,14.091335034013605,13.807995495495495,True,0.8684744229293136,False
1888,1672,6966.666666666667,14.091335034013605,14.091335034013605,True,0.8682810197073239,False
1889,1673,6970.833333333333,14.344298245614034,14.344298245614034,True,0.8727414614512243,False
1890,1674,6975.0,14.48024066576698,14.48024066576698,True,0.8709466140975956,False
1891,1675,6979.166666666667,14.590767853381083,14.590767853381083,True,0.8745204446339004,False
1892,1676,6983.333333333333,14.75,14.75,True,0.8767670940182869,False
1893,1677,6987.5,14.791573334631865,14.830881680924179,True,0.8776975714680578,False
1894,1678,6991.666666666666,14.791573334631865,14.876677852348992,True,0.8767648397603985,False
1895,1679,6995.833333333334,14.791573334631865,14.847222222222221,True,0.8761184367758083,False
1896,1680,7000.0,14.791573334631865,14.791573334631865,True,0.8764379209873091,False
1897,1681,7004.166666666666,14.763383838383838,14.763383838383838,True,0.8769719852167379,False
1898,1682,7008.333333333334,14.716183574879226,14.716183574879226,True,0.8758522126347023,False
1899,1683,7012.5,14.63764367816092,14.63764367816092,True,0.8738036315641372,False
1900,1684,7016.666666666667,14.555446194225722,14.555446194225722,True,0.8707664456273524,False
1901,1685,7020.833333333333,14.497611464968152,14.497611464968152,True,0.8691106046530165,False
1902,1686,7025.0,14.416666666666666,14.416666666666666,True,0.8716177610609138,False
1903,1687,7029.166666666667,14.367031131914478,14.367031131914478,True,0.8700342546823201,False
1904,1688,7033.333333333333,14.274193548387096,14.274193548387096,True,0.8662689010969344,False
1905,1689,7037.5,14.13574890556598,14.13574890556598,True,0.8681697573140823,False
1906,1690,7041.666666666667,14.018057946069995,14.018057946069995,True,0.8675042083982888,False
1907,1691,7045.833333333333,14.018057946069995,13.894323671497583,True,0.8715586013934709,False
1908,1692,7050.0,14.018057946069995,13.863670824162385,True,0.8720830252463619,False
1909,1693,7054.166666666666,14.018057946069995,13.94132613664443,True,0.8756061904791732,False
1910,1694,7058.333333333334,14.053779069767442,14.053779069767442,True,0.8809936458038451,False
1911,1695,7062.5,14.184329710144928,14.184329710144928,True,0.8864669684075195,False
1912,1696,7066.666666666666,14.24074074074074,14.24074074074074,True,0.885646602120981,False
1913,1697,7070.833333333334,14.377923976608187,14.377923976608187,True,0.8867976202776784,False
1914,1698,7075.0,14.417109929078014,14.417109929078014,True,0.8879748949592231,False
1915,1699,7079.166666666667,14.504286283891545,14.511553030303029,True,0.8907940942679657,False
1916,1700,7083.333333333333,14.511553030303029,14.504286283891545,True,0.8922540353524241,False
1917,1701,7087.5,14.511553030303029,14.520622895622894,True,0.8936075597769193,False
1918,1702,7091.666666666667,14.511553030303029,14.5621921182266,True,0.894610194442801,False
1919,1703,7095.833333333333,14.504286283891545,14.541171077411041,True,0.8936046916695701,False
1920,1704,7100.0,14.492074592074593,14.492074592074593,True,0.8922637927874252,False
1921,1705,7104.166666666667,14.333333333333334,14.333333333333334,True,0.8896186042824038,False
1922,1706,7108.333333333333,14.249345549738221,14.249345549738221,True,0.8891207342644194,False
1923,1707,7112.5,14.144688644688644,14.144688644688644,True,0.8883524133108748,False
1924,1708,7116.666666666666,14.072881661358034,14.072881661358034,True,0.8869376846037742,False
1925,1709,7120.833333333334,13.932855626326964,13.932855626326964,True,0.8807884787504743,False
1926,1710,7125.0,13.885703842940686,13.785714285714285,True,0.8745219861624559,False
1927,1711,7129.166666666666,13.885703842940686,13.723993288590604,True,0.8734950642781607,False
1928,1712,7133.333333333334,13.885703842940686,13.75,True,0.8716898456024721,False
1929,1713,7137.5,13.885703842940686,13.885703842940686,True,0.8714464456692911,False
1930,1714,7141.666666666667,14.050785634118967,14.050785634118967,True,0.8703827045634096,False
1931,1715,7145.833333333333,14.152412280701753,14.152412280701753,True,0.8712250463247158,False
1932,1716,7150.0,14.164948453608247,14.164948453608247,True,0.8724284080276569,False
1933,1717,7154.166666666667,14.164948453608247,14.229166666666666,True,0.8348502066019112,False
1934,1718,7158.333333333333,14.164948453608247,14.22721997604073,True,0.8323165454966025,False
1935,1719,7162.5,14.164948453608247,14.188996316758747,True,0.8327937229091887,False
1936,1720,7166.666666666667,14.122988505747125,14.122988505747125,True,0.8694168238005542,False
1937,1721,7170.833333333333,14.054310344827586,14.054310344827586,True,0.8686697845413677,False
1938,1722,7175.0,13.990833333333333,13.990833333333333,True,0.8702842310215256,False
1939,1723,7179.166666666666,13.888151229136673,13.888151229136673,True,0.8721656950308477,False
1940,1724,7183.333333333334,13.888151229136673,13.744656385281383,True,0.8739397594462752,False
1941,1725,7187.5,13.888151229136673,13.714930934205745,True,0.8748398448719865,False
1942,1726,7191.666666666666,13.888151229136673,13.767544934640524,True,0.8758085249266645,False
1943,1727,7195.833333333334,13.893170426065163,13.893170426065163,True,0.8795604646649413,False
1944,1728,7200.0,13.993413063624454,13.993413063624454,True,0.8797727483356432,False
1945,1729,7204.166666666667,14.001984126984127,14.001984126984127,True,0.8805209009062672,False
1946,1730,7208.333333333333,14.074797367805544,14.096660638563234,True,0.8826802596820413,False
1947,1731,7212.5,14.074797367805544,14.074797367805544,True,0.8826805091955037,False
1948,1732,7216.666666666667,14.074797367805544,14.105416666666665,True,0.8850714505690868,False
1949,1733,7220.833333333333,14.086339137645107,14.129906108961961,True,0.8861173068660048,False
1950,1734,7225.0,14.074797367805544,14.071540232939197,True,0.8845976339764969,False
1951,1735,7229.166666666667,14.071540232939197,14.067470389170898,True,0.8822122280839667,False
1952,1736,7233.333333333333,14.067470389170898,14.086339137645107,True,0.8822127545624735,False
1953,1737,7237.5,13.942905405405407,13.942905405405407,True,0.8779626192762723,False
1954,1738,7241.666666666666,13.893707482993198,13.893707482993198,True,0.8795124590078984,False
1955,1739,7245.833333333334,13.78835978835979,13.78835978835979,True,0.8785750682439579,False
1956,1740,7250.0,13.78835978835979,13.75,True,0.877896602542282,False
1957,1741,7254.166666666666,13.78835978835979,13.730947505584512,True,0.878222312792849,False
1958,1742,7258.333333333334,13.78835978835979,13.75,True,0.8755625894687841,False
1959,1743,7262.5,13.849452554744525,13.849452554744525,True,0.8754033711247401,False
1960,1744,7266.666666666667,13.90542328042328,13.90542328042328,True,0.8745119984329561,False
1961,1745,7270.833333333333,13.983236982853546,13.983236982853546,True,0.8764594739703168,False
1962,1746,7275.0,13.983236982853546,13.999055544400568,True,0.8750012730321898,False
1963,1747,7279.166666666667,13.983236982853546,13.988248692596832,True,0.8756499387858717,False
1964,1748,7283.333333333333,13.983236982853546,13.989145658263306,True,0.8751235973643003,False
1965,1749,7287.5,13.970857418111754,13.970857418111754,True,0.8747492822449949,False
1966,1750,7291.666666666667,13.931277056277056,13.931277056277056,True,0.8732214073114095,False
1967,1751,7295.833333333333,13.908333333333333,13.908333333333333,True,0.8716354205447678,False
1968,1752,7300.0,13.864247311827958,13.864247311827958,True,0.8695882835325082,False
1969,1753,7304.166666666666,13.797799422799423,13.763888888888888,True,0.86855720650017,False
1970,1754,7308.333333333334,13.776348039215685,13.705055342699021,True,0.8701485321010393,False
1971,1755,7312.5,13.7738650272168,13.74507532446691,True,0.8736534333800562,False
1972,1756,7316.666666666666,13.7738650272168,13.797799422799423,True,0.8772753424556762,False
1973,1757,7320.833333333334,13.776348039215685,13.776348039215685,True,0.876018412479363,False
1974,1758,7325.0,13.797799422799423,13.7738650272168,True,0.8757995428619162,False
1975,1759,7329.166666666667,13.818078324225866,13.832375478927203,True,0.8800484638581793,False
1976,1760,7333.333333333333,13.818078324225866,13.819099378881987,True,0.8812387001836548,False
1977,1761,7337.5,13.818078324225866,13.818078324225866,True,0.8804788990214959,False
1978,1762,7341.666666666667,13.818078324225866,13.822024151811386,True,0.8804212044899837,False
1979,1763,7345.833333333333,13.810097597597597,13.810097597597597,True,0.8783152763611067,False
1980,1764,7350.0,13.801587301587302,13.801587301587302,True,0.8788493678721926,False
1981,1765,7354.166666666667,13.800182481751825,13.731111111111112,True,0.8770744488385911,False
1982,1766,7358.333333333333,13.800182481751825,13.748511904761905,True,0.8778873607211114,False
1983,1767,7362.5,13.800182481751825,13.755860720990471,True,0.8768483622175355,False
1984,1768,7366.666666666666,13.800182481751825,13.800182481751825,True,0.8761655697680462,False
1985,1769,7370.833333333334,13.818882233431415,13.818882233431415,True,0.8759242700602617,False
1986,1770,7375.0,13.818882233431415,13.838869463869464,True,0.8733966534384909,False
1987,1771,7379.166666666666,13.818882233431415,13.841029723991506,True,0.8727931605740268,False
1988,1772,7383.333333333334,13.818882233431415,13.83974502209643,True,0.8721048502869218,False
1989,1773,7387.5,13.81050323595234,13.81050323595234,True,0.8727224771209987,False
1990,1774,7391.666666666667,13.780538928189936,13.780538928189936,True,0.8703453975117231,False
1991,1775,7395.833333333333,13.779129793510323,13.779129793510323,True,0.8712532358996863,False
1992,1776,7400.0,13.758649210700446,13.736666666666666,True,0.8716855248077037,False
1993,1777,7404.166666666667,13.758649210700446,13.758649210700446,True,0.8748563317352048,False
1994,1778,7408.333333333333,13.758649210700446,13.74531686859273,True,0.8731211302811336,False
1995,1779,7412.5,13.758649210700446,13.74102761333541,True,0.8757489340263527,False
1996,1780,7416.666666666667,13.758649210700446,13.791666666666666,True,0.8757818765203244,False
1997,1781,7420.833333333333,13.774727668845316,13.803657074340528,True,0.8758586024938759,False
1998,1782,7425.0,13.774727668845316,13.824101796407186,True,0.8771173076012186,False
1999,1783,7429.166666666666,13.774727668845316,13.730129764801298,True,0.8770698530912173,False
2000,1784,7433.333333333334,13.761133175019106,13.774727668845316,True,0.8769929838184456,False
2001,1785,7437.5,13.760853157831178,13.76060606060606,True,0.8764182579226018,False
2002,1786,7441.666666666666,13.76060606060606,13.760853157831178,True,0.8745929846906325,False
2003,1787,7445.833333333334,13.76060606060606,13.761133175019106,True,0.8756608123358398,False
2004,1788,7450.0,13.75,13.74908536585366,True,0.8742328280382893,False
2005,1789,7454.166666666667,13.75,13.75,True,0.8734394161009343,False
2006,1790,7458.333333333333,13.75,13.75,True,0.874238671725383,False
2007,1791,7462.5,13.75,13.748287671232875,True,0.8725064210491686,False
2008,1792,7466.666666666667,13.75,13.75,True,0.872291384476709,False
2009,1793,7470.833333333333,13.75,13.75,True,0.8725137641868929,False
2010,1794,7475.0,13.758379782353165,13.761279926335176,True,0.872490250862458,False
2011,1795,7479.166666666667,13.758379782353165,13.761150234741784,True,0.8726603038171467,False
2012,1796,7483.333333333333,13.758379782353165,13.758379782353165,True,0.872609150756027,False
2013,1797,7487.5,13.758379782353165,13.761579047891898,True,0.8721312116436934,False
2014,1798,7491.666666666666,13.754079994087453,13.754079994087453,True,0.8728766602480934,False
2015,1799,7495.833333333334,13.754079994087453,13.74762658227848,True,0.8730512708298596,False
2016,1800,7500.0,13.75005959191457,13.74690170940171,True,0.8748113600521311,False
2017,1801,7504.166666666666,13.74762658227848,13.75005959191457,True,0.8729727037538957,False
2018,1802,7508.333333333334,13.74690170940171,13.758411600637523,True,0.874126942948602,False
2019,1803,7512.5,13.745722958057394,13.745506535947712,True,0.8739103452348481,False
2020,1804,7516.666666666667,13.745722958057394,13.745506535947712,True,0.8748053831023187,False
2021,1805,7520.833333333333,13.745722958057394,13.745506535947712,True,0.8747769792945738,False
2022,1806,7525.0,13.745722958057394,13.745722958057394,True,0.874437209988205,False
2023,1807,7529.166666666667,13.745890022675738,13.745890022675738,True,0.8754743088014182,False
2024,1808,7533.333333333333,13.745890022675738,13.746340090090092,True,0.8723906561965246,False
2025,1809,7537.5,13.745890022675738,13.74659586056645,True,0.8745300087479827,False
2026,1810,7541.666666666667,13.745998896247238,13.745998896247238,True,0.8761691745844077,False
2027,1811,7545.833333333333,13.746340090090092,13.7416454442558,True,0.8754990667539767,False
2028,1812,7550.0,13.74659586056645,13.740971641874202,True,0.8769197116362002,False
2029,1813,7554.166666666666,13.75,13.76596620560369,True,0.8754644840062171,False
2030,1814,7558.333333333334,13.75,13.761907423971378,True,0.8733579944072609,False
2031,1815,7562.5,13.75,13.761836424295948,True,0.87268263504681,False
2032,1816,7566.666666666666,13.75,13.75,True,0.8739527960092527,False
2033,1817,7570.833333333334,13.75,13.75,True,0.8742356265753949,False
2034,1818,7575.0,13.75,13.75,True,0.8743840144372631,False
2035,1819,7579.166666666667,13.75,13.75,True,0.8753229560301389,False
2036,1820,7583.333333333333,13.75,13.752289377289378,True,0.874137330699221,False
2037,1821,7587.5,13.752289377289378,13.75,True,0.874311960574904,False
2038,1822,7591.666666666667,13.754360465116278,13.754360465116278,True,0.8739965890445061,False
2039,1823,7595.833333333333,13.758527131782946,13.760215584941989,True,0.8738741824669481,False
2040,1824,7600.0,13.758564814814813,13.758527131782946,True,0.873455621269095,False
2041,1825,7604.166666666667,13.758564814814813,13.761190187208063,True,0.8743728855459036,False
2042,1826,7608.333333333333,13.758992467043313,13.758564814814813,True,0.8740794526338417,False
2043,1827,7612.5,13.758992467043313,13.758564814814813,True,0.8750671022439339,False
2044,1828,7616.666666666666,13.758992467043313,13.758992467043313,True,0.8753360860169833,False
2045,1829,7620.833333333334,13.758992467043313,13.758992467043313,True,0.8764924729190123,False
2046,1830,7625.0,13.758992467043313,13.759405458089669,True,0.8749959829593683,False
2047,1831,7629.166666666666,13.758992467043313,13.759434865900383,True,0.8751732886899454,False
2048,1832,7633.333333333334,13.754166666666668,13.754166666666668,True,0.8742950471215404,False
2049,1833,7637.5,13.754166666666668,13.754166666666668,True,0.874586725059998,False
2050,1834,7641.666666666667,13.75,13.75,True,0.8733122567016519,False
2051,1835,7645.833333333333,13.75,13.75,True,0.8756790529813744,False
2052,1836,7650.0,13.75,13.75,True,0.8762286908492477,False
2053,1837,7654.166666666667,13.75,13.75,True,0.8761773470852964,False
2054,1838,7658.333333333333,13.75,13.75,True,0.875755935823373,False
2055,1839,7662.5,13.75,13.75,True,0.8741060621169704,False
2056,1840,7666.666666666667,13.75,13.75,True,0.8764361729234099,False
2057,1841,7670.833333333333,13.75,13.75,True,0.8764465786406589,False
2058,1842,7675.0,13.75,13.75,True,0.8756571073306753,False
2059,1843,7679.166666666666,13.75,13.75,True,0.8757408167447683,False
2060,1844,7683.333333333334,13.75,13.75,True,0.8767207462141747,False
2061,1845,7687.5,13.75,13.75,True,0.875692841437307,False
2062,1846,7691.666666666666,13.753224206349207,13.753224206349207,True,0.8754717389634842,False
2063,1847,7695.833333333334,13.756717456806134,13.756717456806134,True,0.8745158795955461,False
2064,1848,7700.0,13.756717456806134,13.757706971677559,True,0.875207538236491,False
2065,1849,7704.166666666667,13.756717456806134,13.763603869098835,True,0.8763695307624092,False
2066,1850,7708.333333333333,13.756717456806134,13.763575485863221,True,0.8768425731219344,False
2067,1851,7712.5,13.756070295367953,13.756070295367953,True,0.8776599081030305,False
2068,1852,7716.666666666667,13.755523043597938,13.755523043597938,True,0.8768055298863491,False
2069,1853,7720.833333333333,13.754443821173519,13.754443821173519,True,0.8757963477922757,False
2070,1854,7725.0,13.75,13.75,True,0.876402058224998,False
2071,1855,7729.166666666667,13.75,13.75,True,0.8778047391883114,False
2072,1856,7733.333333333333,13.75,13.75,True,0.8772142380241065,False
2073,1857,7737.5,13.75,13.75,True,0.8774349618305722,False
2074,1858,7741.666666666666,13.75,13.75,True,0.8752580155836295,False
2075,1859,7745.833333333334,13.75,13.75,True,0.8752324927255121,False
2076,1860,7750.0,13.75,13.75,True,0.8741301172890682,False
2077,1861,7754.166666666666,13.75,13.75,True,0.8748573748237546,False
2078,1862,7758.333333333334,13.75,13.75,True,0.8745250695401946,False
2079,1863,7762.5,13.75,13.75,True,0.8752102585115707,False
2080,1864,7766.666666666667,13.75,13.75,True,0.8730975061372471,False
2081,1865,7770.833333333333,13.75,13.75,True,0.8739282650760501,False
2082,1866,7775.0,13.753691983122364,13.753884180790962,True,0.8739792782184272,False
2083,1867,7779.166666666667,13.753691983122364,13.754166666666668,True,0.8741074532776837,False
2084,1868,7783.333333333333,13.753884180790962,13.754166666666668,True,0.8742126834676985,False
2085,1869,7787.5,13.753884180790962,13.753691983122364,True,0.8741812573961271,False
2086,1870,7791.666666666667,13.753691983122364,13.753691983122364,True,0.8749421768473676,False
2087,1871,7795.833333333333,13.753691983122364,13.758569642134686,True,0.874890355768484,False
2088,1872,7800.0,13.753691983122364,13.75,True,0.8752888534299871,True
2089,1873,7804.166666666666,13.753691983122364,13.75,True,0.8758702529170032,True
2090,1874,7808.333333333334,13.754191321499015,13.753026070763502,True,0.8758418379062499,True
2091,1875,7812.5,13.754191321499015,13.754191321499015,True,0.8759034125564318,False
2092,1876,7816.666666666666,13.754740518962075,13.755020080321286,True,0.8748397022009184,False
2093,1877,7820.833333333334,13.755020080321286,13.754740518962075,True,0.8721206007806129,False
2094,1878,7825.0,13.75854700854701,13.765350877192981,True,0.8723350908738755,False
2095,1879,7829.166666666667,13.762057229859835,13.762057229859835,True,0.8720493470149755,False
2096,1880,7833.333333333333,13.765350877192981,13.75854700854701,True,0.8722264847294278,False
2097,1881,7837.5,13.77651515151515,13.77651515151515,True,0.8740078027057223,False
2098,1882,7841.666666666667,13.825892857142856,13.825892857142856,True,0.874210826643873,False
2099,1883,7845.833333333333,13.847515374192204,13.847515374192204,True,0.8729034239182253,False
2100,1884,7850.0,13.85411938534279,13.85411938534279,True,0.8755164700290977,False
2101,1885,7854.166666666667,13.92169887278583,13.92169887278583,True,0.8765182145516494,False
2102,1886,7858.333333333333,13.949324324324325,13.949324324324325,True,0.8763514387623168,False
2103,1887,7862.5,14.044585987261145,14.044585987261145,True,0.8778036437046736,False
2104,1888,7866.666666666666,14.164855072463768,14.164855072463768,True,0.8795976227505647,False
2105,1889,7870.833333333334,14.262821270892465,14.262821270892465,True,0.8781785797170037,False
2106,1890,7875.0,14.417672413793104,14.417672413793104,True,0.8816967080940121,False
2107,1891,7879.166666666666,14.75317812689739,14.75317812689739,True,0.8824904789076385,False
2108,1892,7883.333333333334,14.99951895868704,14.99951895868704,True,0.8824970333537194,False
2109,1893,7887.5,15.474117867867868,15.474117867867868,True,0.8841827516482003,False
2110,1894,7891.666666666667,15.979592924126173,15.979592924126173,True,0.8865163615276743,False
2111,1895,7895.833333333333,16.714080459770113,16.714080459770113,True,0.8842101129734695,False
2112,1896,7900.0,17.706679894179896,17.706679894179896,True,0.9172995328584835,False
2113,1897,7904.166666666667,18.991176470588233,18.991176470588233,True,0.9313055227924693,False
2114,1898,7908.333333333333,20.662457912457914,20.662457912457914,True,0.9271572585165828,False
2115,1899,7912.5,23.4375,23.4375,True,0.9649495198073461,False
2116,1900,7916.666666666667,23.526574175323493,23.526574175323493,True,0.9658402115514262,False
2117,1901,7920.833333333333,23.526574175323493,23.57433256321396,True,0.9665902734479354,False
2118,1902,7925.0,23.526574175323493,23.578125,True,0.9657386710345037,False
2119,1903,7929.166666666666,23.526574175323493,23.544270833333332,True,0.9658211227236145,False
2120,1904,7933.333333333334,23.47273108237548,23.47273108237548,True,0.9670650902342786,False
2121,1905,7937.5,23.47273108237548,23.403735632183906,True,0.9671591161806651,False
2122,1906,7941.666666666666,23.47273108237548,23.40234375,True,0.9668220994757906,False
2123,1907,7945.833333333334,23.47273108237548,23.430112694105233,True,0.9673280110854376,False
2124,1908,7950.0,23.473958333333332,23.473958333333332,True,0.9666316811502769,False
2125,1909,7954.166666666667,23.49969806763285,23.53030303030303,True,0.9669797422264523,False
2126,1910,7958.333333333333,23.49969806763285,23.517857142857142,True,0.9659330771318445,False
2127,1911,7962.5,23.49969806763285,23.51438492063492,True,0.9660672354297436,False
2128,1912,7966.666666666667,23.49969806763285,23.49969806763285,True,0.9645377962743878,False
2129,1913,7970.833333333333,23.454137018792192,23.454137018792192,True,0.9622433306225676,False
2130,1914,7975.0,23.387419871794872,23.387419871794872,True,0.9597380314301382,False
2131,1915,7979.166666666667,23.353498931623932,23.353498931623932,True,0.9508945813334929,False
2132,1916,7983.333333333333,21.32858108108108,21.32858108108108,True,0.9527548718404564,False
2133,1917,7987.5,20.450419896640827,20.450419896640827,True,0.9472868011450188,False
2134,1918,7991.666666666666,19.498015873015873,19.498015873015873,True,0.9398987130255343,False
2135,1919,7995.833333333334,18.344444444444445,18.344444444444445,True,0.8793756682542871,False
2136,1920,8000.0,17.039141414141415,17.039141414141415,True,0.8896572901769728,False
2137,1921,8004.166666666666,15.611842105263158,15.611842105263158,True,0.8929512664080541,False
2138,1922,8008.333333333333,15.012626262626263,14.328389830508476,True,0.8846702576068647,False
2139,1923,8012.499999999999,15.012626262626263,14.249223602484472,True,0.8836481535035808,False
2140,1924,8016.666666666668,15.012626262626263,14.568652452619844,True,0.8824995521308556,False
2141,1925,8020.833333333334,15.012626262626263,15.012626262626263,True,0.8806396122992504,False
2142,1926,8025.0,15.24948559670782,15.468650793650793,True,0.8805520443432968,False
2143,1927,8029.166666666667,15.24948559670782,15.57216494845361,True,0.8805470113813573,False
2144,1928,8033.333333333333,15.24948559670782,15.526960784313724,True,0.878399475572846,False
2145,1929,8037.5,15.24948559670782,15.24948559670782,True,0.8773800440472492,False
2146,1930,8041.666666666666,15.24948559670782,14.821428571428571,True,0.8753176637584815,False
2147,1931,8045.833333333332,15.24948559670782,14.648442760942762,True,0.8746981070651058,False
2148,1932,8050.000000000001,15.24948559670782,14.855972652218782,True,0.8757909621691452,False
2149,1933,8054.166666666667,15.405303030303031,15.405303030303031,True,0.8758736554458274,False
2150,1934,8058.333333333334,15.82434640522876,15.82434640522876,True,0.884316942426625,False
2151,1935,8062.5,15.82434640522876,16.145833333333332,True,0.888605465063268,False
2152,1936,8066.666666666666,15.82434640522876,16.240776081424936,True,0.8888631377223535,False
2153,1937,8070.833333333333,15.82434640522876,16.010416666666668,True,0.8884413921029506,False
2154,1938,8074.999999999999,15.578571428571427,15.578571428571427,True,0.8880183230809666,False
2155,1939,8079.166666666668,15.578571428571427,15.31521739130435,True,0.8874615886639451,False
2156,1940,8083.333333333334,15.578571428571427,15.270592833092834,True,0.8767157886022088,False
2157,1941,8087.5,15.514455782312924,15.514455782312924,True,0.8865794996216583,False
2158,1942,8091.666666666667,15.427968960863696,15.646136788048553,True,0.8871580293212215,False
2159,1943,8095.833333333333,15.427968960863696,15.621632996632997,True,0.8845856488416327,False
2160,1944,8100.0,15.427968960863696,15.427968960863696,True,0.8759464444456013,False
2161,1945,8104.166666666666,15.339869281045752,15.339869281045752,True,0.8770900550080748,False
2162,1946,8108.333333333332,15.286458333333334,15.286458333333334,True,0.8755225261064264,False
2163,1947,8112.500000000001,15.178872053872054,15.178872053872054,True,0.873595133813741,False
2164,1948,8116.666666666667,15.064655172413794,15.064655172413794,True,0.8757095697269495,False
2165,1949,8120.833333333334,14.894166666666669,14.894166666666669,True,0.8775667845075821,False
2166,1950,8125.0,14.74823108255648,14.74823108255648,True,0.875750830773278,False
2167,1951,8129.166666666666,14.618363118363119,14.618363118363119,True,0.8731571054821634,False
2168,1952,8133.333333333333,14.608618233618232,14.608618233618232,True,0.8752079733943958,False
2169,1953,8137.499999999999,14.486689814814815,14.486689814814815,True,0.8746108426877124,False
2170,1954,8141.666666666668,14.310872852233677,14.310872852233677,True,0.8740929441537392,False
2171,1955,8145.833333333334,14.148641417444557,14.148641417444557,True,0.8737015884510465,False
2172,1956,8150.0,14.148641417444557,14.01026570048309,True,0.8724938487433263,False
2173,1957,8154.166666666667,14.148641417444557,14.002809661642878,True,0.8732430044024704,False
2174,1958,8158.333333333333,14.148641417444557,14.100078895463511,True,0.8798395109126357,False
2175,1959,8162.5,14.226934523809524,14.226934523809524,True,0.8826582547582312,False
2176,1960,8166.666666666666,14.488184079601991,14.488184079601991,True,0.8839739358537817,False
2177,1961,8170.833333333332,14.578976605735368,14.578976605735368,True,0.883747409236964,False
2178,1962,8175.000000000001,14.70956790123457,14.70956790123457,True,0.8868103172734328,False
2179,1963,8179.166666666667,14.865900621118014,14.865900621118014,True,0.8909566637029968,False
2180,1964,8183.333333333334,14.978347643734025,15.007227891156463,True,0.8905780035020028,False
2181,1965,8187.5,14.978347643734025,15.076454402515722,True,0.8903808348176702,False
2182,1966,8191.666666666666,14.978347643734025,15.065292096219933,True,0.8891084924254168,False
2183,1967,8195.833333333332,14.978347643734025,14.978347643734025,True,0.8865581438074406,False
2184,1968,8200.0,14.902621722846442,14.859989648033126,True,0.8889148309290688,False
2185,1969,8204.166666666668,14.859989648033126,14.851976116533569,True,0.888955399933042,False
2186,1970,8208.333333333334,14.854166666666666,14.902621722846442,True,0.8877880727097164,False
2187,1971,8212.5,14.851976116533569,14.854166666666666,True,0.8851497593594169,False
2188,1972,8216.666666666666,14.776963386203738,14.776963386203738,True,0.8822300119980137,False
2189,1973,8220.833333333334,14.6935279523477,14.6935279523477,True,0.8846708008564207,False
2190,1974,8225.0,14.666666666666666,14.666666666666666,True,0.8778860123672655,False
2191,1975,8229.166666666666,14.574459897688863,14.574459897688863,True,0.8792701571615261,False
2192,1976,8233.333333333332,14.466166943011544,14.466166943011544,True,0.8762818065564008,False
2193,1977,8237.5,14.371969696969698,14.371969696969698,True,0.8739451329188243,False
2194,1978,8241.666666666668,14.263888888888888,14.263888888888888,True,0.874592840973795,False
2195,1979,8245.833333333334,14.094500750750749,14.094500750750749,True,0.8727442226304934,False
2196,1980,8250.0,14.094500750750749,13.845833333333333,True,0.8745186589607419,False
2197,1981,8254.166666666666,14.094500750750749,13.82874711773652,True,0.8723177129119579,False
2198,1982,8258.333333333332,14.094500750750749,13.975574712643677,True,0.8708900191579667,False
2199,1983,8262.5,14.264198010121923,14.264198010121923,True,0.87248950361115,False
2200,1984,8266.666666666668,14.449387947269303,14.449387947269303,True,0.8724448445165919,False
2201,1985,8270.833333333334,14.498468966576437,14.498468966576437,True,0.8729879811453697,False
2202,1986,8275.0,14.541666666666666,14.541666666666666,True,0.8750695551146223,False
2203,1987,8279.166666666666,14.645186335403727,14.645186335403727,True,0.8757394504659175,False
2204,1988,8283.333333333334,14.670335144927536,14.769000914283367,True,0.8782738761978878,False
2205,1989,8287.5,14.670335144927536,14.768617021276595,True,0.8789937835091295,False
2206,1990,8291.666666666666,14.670335144927536,14.705645161290322,True,0.877659606849493,False
2207,1991,8295.833333333332,14.670335144927536,14.670335144927536,True,0.8770730293114759,False
2208,1992,8300.0,14.62938596491228,14.62938596491228,True,0.8763197733121026,False
2209,1993,8304.166666666668,14.56140350877193,14.56140350877193,True,0.8734511944310449,False
2210,1994,8308.333333333334,14.43626126126126,14.43626126126126,True,0.8719758921144231,False
2211,1995,8312.5,14.372395833333334,14.372395833333334,True,0.8702319046701582,False
2212,1996,8316.666666666666,14.333333333333334,14.333333333333334,True,0.8698749560416693,False
2213,1997,8320.833333333332,14.250295508274233,14.250295508274233,True,0.8674737585558278,False
2214,1998,8325.0,14.186942959001783,14.186942959001783,True,0.8683798937046902,False
2215,1999,8329.166666666668,14.083230084092152,14.083230084092152,True,0.8700526959058362,False
2216,2000,8333.333333333334,14.068381180223286,13.995427245427246,True,0.8681592584191532,False
2217,2001,8337.5,14.068381180223286,13.935235507246377,True,0.8676281381094147,False
2218,2002,8341.666666666666,14.068381180223286,13.985140126641653,True,0.8727498230550241,False
2219,2003,8345.833333333334,14.068381180223286,14.068381180223286,True,0.8755123409999785,False
2220,2004,8350.0,14.100238095238096,14.100238095238096,True,0.8786814967404402,False
2221,2005,8354.166666666666,14.143028846153847,14.143028846153847,True,0.8808957030416807,False
2222,2006,8358.333333333332,14.19861963190184,14.19861963190184,True,0.8855344276742865,False
2223,2007,8362.5,14.225471628045156,14.225471628045156,True,0.8872573396948702,False
2224,2008,8366.666666666668,14.244927795679677,14.244927795679677,True,0.8878199501232863,False
2225,2009,8370.833333333334,14.280092592592593,14.280092592592593,True,0.8869099450237773,False
2226,2010,8375.0,14.299747474747475,14.309433164128597,True,0.8863101102387984,False
2227,2011,8379.166666666666,14.299747474747475,14.299747474747475,True,0.8861876948152636,False
2228,2012,8383.333333333332,14.299747474747475,14.315122583686938,True,0.886100106101276,False
2229,2013,8387.5,14.299747474747475,14.310688405797102,True,0.8861423269546627,False
2230,2014,8391.666666666668,14.248863734647983,14.248863734647983,True,0.8870898489441186,False
2231,2015,8395.833333333334,14.203798185941045,14.203798185941045,True,0.8831334170591005,False
2232,2016,8400.0,14.166666666666666,14.166666666666666,True,0.8827616345868053,False
2233,2017,8404.166666666666,14.092082431768532,14.092082431768532,True,0.8852169237966618,False
2234,2018,8408.333333333334,14.043845315904141,14.043845315904141,True,0.8816148711173475,False
2235,2019,8412.5,13.97069003527337,13.97069003527337,True,0.8794950153749782,False
2236,2020,8416.666666666666,13.97069003527337,13.90916149068323,True,0.8759210571175495,False
2237,2021,8420.833333333332,13.97069003527337,13.86821266968326,True,0.8781924019209643,False
2238,2022,8425.0,13.97069003527337,13.921195652173914,True,0.8768673763444917,False
2239,2023,8429.166666666668,14.040714487233743,14.040714487233743,True,0.8756646054792476,False
2240,2024,8433.333333333334,14.116812865497076,14.116812865497076,True,0.8744703838602602,False
2241,2025,8437.5,14.153719397363465,14.153719397363465,True,0.8707982307600859,False
2242,2026,8441.666666666666,14.153719397363465,14.183221812028918,True,0.868525420288297,False
2243,2027,8445.833333333332,14.153719397363465,14.189324709584307,True,0.870038857658152,False
2244,2028,8450.0,14.153719397363465,14.175396825396826,True,0.8699527076042208,False
2245,2029,8454.166666666668,14.084798994974875,14.084798994974875,True,0.8700824936539797,False
2246,2030,8458.333333333334,14.047916666666666,14.047916666666666,True,0.8711763234190936,False
2247,2031,8462.5,13.97342247243725,13.97342247243725,True,0.8720978636167757,False
2248,2032,8466.666666666666,13.97342247243725,13.879421157684632,True,0.8719685641187037,False
2249,2033,8470.833333333334,13.97342247243725,13.812265917602994,True,0.8734957213029888,False
2250,2034,8475.0,13.97342247243725,13.860526315789473,True,0.8749258332000432,False
2251,2035,8479.166666666666,13.974794238683126,13.974794238683126,True,0.8749928550257379,False
2252,2036,8483.333333333332,14.034090909090908,14.034090909090908,True,0.8733557026181636,False
2253,2037,8487.5,14.052339901477831,14.052339901477831,True,0.8764747151205222,False
2254,2038,8491.666666666668,14.093110906737516,14.093110906737516,True,0.8823226363009611,False
2255,2039,8495.833333333334,14.11547157622739,14.124007936507937,True,0.8848978751674896,False
2256,2040,8500.0,14.11547157622739,14.11547157622739,True,0.8797558006883567,False
2257,2041,8504.166666666666,14.11547157622739,14.120049504950495,True,0.8797031405192669,False
2258,2042,8508.333333333332,14.11547157622739,14.115604575163397,True,0.8781217735791597,False
2259,2043,8512.5,14.082875457875458,14.082875457875458,True,0.877191795087979,False
2260,2044,8516.666666666668,14.056279620853081,14.056279620853081,True,0.8790309958107372,False
2261,2045,8520.833333333334,14.00268817204301,14.00268817204301,True,0.8784143034541346,False
2262,2046,8525.0,13.986540250506662,13.986540250506662,True,0.8770949729321471,False
2263,2047,8529.166666666666,13.937918323289407,13.90367746288799,True,0.8740436967153907,False
2264,2048,8533.333333333334,13.937918323289407,13.829587100316681,True,0.8715858872042442,False
2265,2049,8537.5,13.937918323289407,13.900729646697387,True,0.8710281236363625,False
2266,2050,8541.666666666666,13.937918323289407,13.937918323289407,True,0.8737545503229964,False
2267,2051,8545.833333333332,13.937918323289407,13.988087164880872,True,0.8746875648697572,False
2268,2052,8550.0,13.937918323289407,13.989730474062227,True,0.8745429623715784,False
2269,2053,8554.166666666668,13.937918323289407,13.988467261904761,True,0.8764521678921204,False
2270,2054,8558.333333333334,13.921777635278092,13.921777635278092,True,0.8760142785381214,False
2271,2055,8562.5,13.915692084469617,13.915692084469617,True,0.8767736437466997,False
2272,2056,8566.666666666666,13.91202052831033,13.898299347251443,True,0.8755325870670946,False
2273,2057,8570.833333333332,13.91202052831033,13.91202052831033,True,0.8734409469145593,False
2274,2058,8575.0,13.911361837956187,13.902754385964911,True,0.8745563947618855,False
2275,2059,8579.166666666668,13.911361837956187,13.90719135802469,True,0.8750024355049026,False
2276,2060,8583.333333333334,13.91202052831033,13.913625304136254,True,0.8745635345090195,False
2277,2061,8587.5,13.913625304136254,13.911361837956187,True,0.8734808294073323,False
2278,2062,8591.666666666666,13.914713541666666,13.914713541666666,True,0.8726593858425483,False
2279,2063,8595.833333333334,13.914713541666666,13.928097345132743,True,0.8737092091061092,False
2280,2064,8600.0,13.914713541666666,13.937607944732298,True,0.8772024128167107,False
2281,2065,8604.166666666666,13.914713541666666,13.921180555555557,True,0.8773521860067665,False
2282,2066,8608.333333333332,13.855633420252063,13.855633420252063,True,0.8776194307831189,False
2283,2067,8612.5,13.855633420252063,13.83222433460076,True,0.8777741115423263,False
2284,2068,8616.666666666668,13.855633420252063,13.832364341085272,True,0.8751546144164173,False
2285,2069,8620.833333333334,13.855633420252063,13.854071537290714,True,0.8744023528932288,False
2286,2070,8625.0,13.882570092526123,13.889492753623188,True,0.8762443859319078,False
2287,2071,8629.166666666666,13.889492753623188,13.882570092526123,True,0.8757829341241075,False
2288,2072,8633.333333333332,13.889492753623188,13.91232155335929,True,0.874686874283835,False
2289,2073,8637.5,13.889492753623188,13.92199242514613,True,0.8747689113919419,False
2290,2074,8641.666666666668,13.882570092526123,13.898809523809524,True,0.8749237212578019,False
2291,2075,8645.833333333334,13.869123931623932,13.86263440860215,True,0.8753992393306878,False
2292,2076,8650.0,13.869123931623932,13.86217567835215,True,0.8751436302960005,False
2293,2077,8654.166666666666,13.869123931623932,13.862418831168831,True,0.876421026695788,False
2294,2078,8658.333333333334,13.869123931623932,13.869123931623932,True,0.8768270448331568,False
2295,2079,8662.5,13.870884773662551,13.8734076433121,True,0.8769730424084949,False
2296,2080,8666.666666666666,13.870884773662551,13.87289029535865,True,0.8771926614141607,False
2297,2081,8670.833333333332,13.871007984031936,13.870884773662551,True,0.876907444739237,False
2298,2082,8675.0,13.87289029535865,13.871007984031936,True,0.8746582990414994,False
2299,2083,8679.166666666668,13.871007984031936,13.864406688241639,True,0.8759857425256514,False
2300,2084,8683.333333333334,13.870884773662551,13.879560931899642,True,0.875547611087232,False
2301,2085,8687.5,13.864406688241639,13.889804306707404,True,0.8741209936217603,False
2302,2086,8691.666666666666,13.862651801204203,13.862651801204203,True,0.8761013580188368,False
2303,2087,8695.833333333332,13.862651801204203,13.84634076040326,True,0.8746577005342714,False
2304,2088,8700.0,13.862651801204203,13.84631275587158,True,0.8748309577271085,False
2305,2089,8704.166666666668,13.862651801204203,13.847293140398198,True,0.8731501929073714,False
2306,2090,8708.333333333334,13.864641496697045,13.900072565308777,True,0.8756752256449198,False
2307,2091,8712.5,13.87603700647179,13.893542875739003,True,0.8764497696527677,False
2308,2092,8716.666666666666,13.877543723439032,13.896516761326543,True,0.8758782031548765,False
2309,2093,8720.833333333334,13.877543723439032,13.864641496697045,True,0.8758035615957452,False
2310,2094,8725.0,13.87603700647179,13.87603700647179,True,0.8768539764568685,False
2311,2095,8729.166666666666,13.864641496697045,13.877543723439032,True,0.877000614395472,False
2312,2096,8733.333333333332,13.864641496697045,13.847587093089663,True,0.8767921037320754,False
2313,2097,8737.5,13.866250976181178,13.847210451977402,True,0.8765482447701092,False
2314,2098,8741.666666666668,13.865983882164086,13.845028502733934,True,0.8768297279345779,False
2315,2099,8745.833333333334,13.847587093089663,13.87648689516129,True,0.8748160806670037,False
2316,2100,8750.0,13.865983882164086,13.866250976181178,True,0.8735226020000705,False
2317,2101,8754.166666666666,13.86600089452186,13.865983882164086,True,0.8768485708604995,False
2318,2102,8758.333333333332,13.86600089452186,13.843988309448838,True,0.8773269081202937,False
2319,2103,8762.5,13.865983882164086,13.86600089452186,True,0.8775818996518451,False
2320,2104,8766.666666666668,13.855381192881191,13.866296331768988,True,0.8755126278928979,False
2321,2105,8770.833333333334,13.855381192881191,13.855381192881191,True,0.8757808307802346,False
2322,2106,8775.0,13.86600089452186,13.844188226471692,True,0.875399434526076,False
2323,2107,8779.166666666666,13.866296331768988,13.844363737397792,True,0.875208463464642,False
2324,2108,8783.333333333334,13.870695736729715,13.879715897153062,True,0.8762755424649752,False
2325,2109,8787.5,13.879715897153062,13.881187739463604,True,0.8752239855775127,False
2326,2110,8791.666666666666,13.88097698398886,13.870695736729715,True,0.8734127830849715,False
2327,2111,8795.833333333332,13.88097698398886,13.88097698398886,True,0.8736067121674025,False
2328,2112,8800.0,13.88097698398886,13.892178547947779,True,0.8724868342687001,False
2329,2113,8804.166666666668,13.870695736729715,13.892178547947779,True,0.8734375168872172,False
2330,2114,8808.333333333334,13.859534121957276,13.859534121957276,True,0.8746188556643857,False
2331,2115,8812.5,13.859415096760559,13.841546699544304,True,0.8739756507364983,False
2332,2116,8816.666666666666,13.85934499314129,13.859415096760559,True,0.874392912993668,False
2333,2117,8820.833333333332,13.85934499314129,13.85934499314129,True,0.874496271113646,False
2334,2118,8825.0,13.85934499314129,13.84412357828507,True,0.876487854865514,False
2335,2119,8829.166666666668,13.85934499314129,13.84412357828507,True,0.8763736595190488,False
2336,2120,8833.333333333334,13.855421562564421,13.867604617604618,True,0.8765869791275429,False
2337,2121,8837.5,13.84412357828507,13.867611599869663,True,0.8768213453489365,False
2338,2122,8841.666666666666,13.84412357828507,13.855421562564421,True,0.8756490872468177,False
2339,2123,8845.833333333334,13.843854116449728,13.843568027210884,True,0.8759428148709597,False
2340,2124,8850.0,13.843854116449728,13.843854116449728,True,0.8748688058545969,False
2341,2125,8854.166666666666,13.843854116449728,13.843854116449728,True,0.8724678152779116,False
2342,2126,8858.333333333332,13.843854116449728,13.843854116449728,True,0.8734612383691801,False
2343,2127,8862.5,13.843854116449728,13.843854116449728,True,0.874532954611284,False
2344,2128,8866.666666666668,13.856197871728503,13.856197871728503,True,0.8742393070166508,False
2345,2129,8870.833333333334,13.867634090673306,13.867675720913512,True,0.8733668761397154,False
2346,2130,8875.0,13.867655174375605,13.867655174375605,True,0.8732781187303872,False
2347,2131,8879.166666666666,13.867655174375605,13.867634090673306,True,0.8732114534305385,False
2348,2132,8883.333333333332,13.867675720913512,13.867897463566322,True,0.8755786965425774,False
2349,2133,8887.5,13.867897463566322,13.867897463566322,True,0.8743255665624856,False
2350,2134,8891.666666666668,13.867897463566322,13.867210052640516,True,0.8753003324130599,False
2351,2135,8895.833333333334,13.877569161836641,13.877569161836641,True,0.8746089792946462,False
2352,2136,8900.0,13.877569161836641,13.877569161836641,True,0.8738689646769059,False
2353,2137,8904.166666666666,13.877569161836641,13.877595347524595,True,0.8756406045414729,False
2354,2138,8908.333333333334,13.877569161836641,13.87757800375725,True,0.8753170226254819,False
2355,2139,8912.5,13.87757077991453,13.877553436147187,True,0.8749891191283079,False
2356,2140,8916.666666666666,13.87757800375725,13.877579286093416,True,0.8751919146540217,False
2357,2141,8920.833333333332,13.87757800375725,13.877553436147187,True,0.8749472132420149,False
2358,2142,8925.0,13.877579286093416,13.87757077991453,True,0.8760716346288016,False
2359,2143,8929.166666666668,13.88900726010101,13.88900726010101,True,0.8767815591031071,False
2360,2144,8933.333333333334,13.88905853426396,13.88905853426396,True,0.8759113461013598,False
2361,2145,8937.5,13.88905853426396,13.88905853426396,True,0.8767690181512265,False
2362,2146,8941.666666666666,13.89052405240524,13.89052405240524,True,0.8769623613792197,False
2363,2147,8945.833333333332,13.89052405240524,13.890622025509233,True,0.8769122030098844,False
2364,2148,8950.0,13.89052405240524,13.890622025509233,True,0.8756072128961176,False
2365,2149,8954.166666666668,13.89052405240524,13.890622025509233,True,0.8744728177119416,False
2366,2150,8958.333333333334,13.89052405240524,13.89052405240524,True,0.875490922649492,False
2367,2151,8962.5,13.89052405240524,13.89052405240524,True,0.8751790949307408,False
2368,2152,8966.666666666666,13.878203859148982,13.878203859148982,True,0.8754669424473963,False
2369,2153,8970.833333333334,13.878203859148982,13.878203859148982,True,0.8763788913196057,False
2370,2154,8975.0,13.877869741365197,13.877869741365197,True,0.8740640291253591,False
2371,2155,8979.166666666666,13.877869741365197,13.867514775413712,True,0.8741636786893054,False
2372,2156,8983.333333333332,13.877869741365197,13.867514775413712,True,0.8737084136133497,False
2373,2157,8987.5,13.877869741365197,13.877869741365197,True,0.8734528170935395,False
2374,2158,8991.666666666668,13.87734853912905,13.877908376123235,True,0.8724475158699331,False
2375,2159,8995.833333333334,13.877869741365197,13.878193248844255,True,0.8739070667173997,False
2376,2160,9000.0,13.877869741365197,13.877317914384257,True,0.8758769672935953,False
2377,2161,9004.166666666666,13.87734853912905,13.87734853912905,True,0.8753883191109024,False
2378,2162,9008.333333333332,13.877317914384257,13.877969486303144,True,0.8767082970333686,False
2379,2163,9012.5,13.867349515216807,13.867280570620684,True,0.8767189273927684,False
2380,2164,9016.666666666668,13.867336077607625,13.867280570620684,True,0.8758640582948919,False
2381,2165,9020.833333333334,13.867280570620684,13.867336077607625,True,0.8772023118242284,False
2382,2166,9025.0,13.867280570620684,13.867349515216807,True,0.8760551386204242,False
2383,2167,9029.166666666666,13.867280570620684,13.841476512109042,True,0.8753345651683562,False
2384,2168,9033.333333333334,13.867336077607625,13.840482308124967,True,0.8761070368944187,False
2385,2169,9037.5,13.866585566943646,13.866585566943646,True,0.8751973405970772,False
2386,2170,9041.666666666666,13.865614098305864,13.876023650419286,True,0.8755212429859188,False
2387,2171,9045.833333333332,13.865614098305864,13.876023650419286,True,0.8764193847232981,False
2388,2172,9050.0,13.865614098305864,13.865614098305864,True,0.8766968314165784,False
2389,2173,9054.166666666668,13.855324437467294,13.855324437467294,True,0.8775224687376064,False
2390,2174,9058.333333333334,13.85517801029041,13.85517801029041,True,0.8772304097466932,False
2391,2175,9062.5,13.844499845392704,13.844499845392704,True,0.877297038656709,False
2392,2176,9066.666666666666,13.840426729338882,13.839556490097829,True,0.8772210214742598,False
2393,2177,9070.833333333332,13.840426729338882,13.839535984848487,True,0.8752988386936239,False
2394,2178,9075.0,13.840426729338882,13.840426729338882,True,0.875988871418133,False
2395,2179,9079.166666666668,13.840426729338882,13.840426729338882,True,0.8748705720379253,False
2396,2180,9083.333333333334,13.845315378403612,13.845391968446572,True,0.8751155874269961,False
2397,2181,9087.5,13.845391968446572,13.84565388655462,True,0.8752277660378796,False
2398,2182,9091.666666666666,13.84565388655462,13.845315378403612,True,0.8742528103556718,False
2399,2183,9095.833333333334,13.856854177841349,13.856854177841349,True,0.8742026485130736,True
2400,2184,9100.0,13.871399176954732,13.886064988861042,True,0.8731557054539453,True
2401,2185,9104.166666666666,13.871399176954732,13.886064988861042,True,0.8732452532364335,True
2402,2186,9108.333333333332,13.871399176954732,13.892123489537283,True,0.8732914638506406,True
2403,2187,9112.5,13.871399176954732,13.871399176954732,True,0.8731599343155622,False
2404,2188,9116.666666666668,13.871399176954732,13.866573033707866,True,0.8722851773066143,False
2405,2189,9120.833333333334,13.871399176954732,13.860702614379086,True,0.8720118643988408,False
2406,2190,9125.0,13.871399176954732,13.865299823633157,True,0.8718428464955396,False
2407,2191,9129.166666666666,13.874469214437367,13.90792181069959,True,0.8723075460303247,False
2408,2192,9133.333333333332,13.90792181069959,13.874469214437367,True,0.8721256372643978,False
2409,2193,9137.5,13.93082922824302,13.933060455957289,True,0.8727472702895726,False
2410,2194,9141.666666666668,13.933060455957289,13.93082922824302,True,0.8730009921208653,False
2411,2195,9145.833333333334,13.933501683501683,13.933501683501683,True,0.8719996325611155,False
2412,2196,9150.0,13.9718992248062,13.9718992248062,True,0.8773086867032801,False
2413,2197,9154.166666666666,14.008627618505159,14.008627618505159,True,0.8775773704363161,False
2414,2198,9158.333333333334,14.063013136289,14.063013136289,True,0.8797890386597306,False
2415,2199,9162.5,14.152029624314489,14.152029624314489,True,0.8800856742967027,False
2416,2200,9166.666666666666,14.234139784946237,14.234139784946237,True,0.8805404816808038,False
2417,2201,9170.833333333332,14.326877058546751,14.326877058546751,True,0.8798423974550614,False
2418,2202,9175.0,14.512004891434026,14.512004891434026,True,0.8805446065465247,False
2419,2203,9179.166666666668,14.750287562904385,14.750287562904385,True,0.8800586797679554,False
2420,2204,9183.333333333334,15.051587301587302,15.051587301587302,True,0.8840886753253073,False
2421,2205,9187.5,15.421803652968038,15.421803652968038,True,0.8837236992523552,False
2422,2206,9191.666666666666,16.00005614192679,16.00005614192679,True,0.8794273616282601,False
2423,2207,9195.833333333332,16.793333333333333,16.793333333333333,True,0.8684715997672263,False
2424,2208,9200.0,17.852272727272727,17.852272727272727,True,0.9227558305146659,False
2425,2209,9204.166666666668,19.197677203065133,19.197677203065133,True,0.9336083057491558,False
2426,2210,9208.333333333334,23.333829365079367,23.333829365079367,True,0.9080359169684674,False
2427,2211,9212.5,23.460416666666664,23.460416666666664,True,0.9683139764932586,False
2428,2212,9216.666666666666,23.572738772928528,23.572738772928528,True,0.9700055462944842,False
2429,2213,9220.833333333334,23.572738772928528,23.58985011404366,True,0.9694995996337932,False
2430,2214,9225.0,23.572738772928528,23.631400966183577,True,0.9690424597930315,False
2431,2215,9229.166666666666,23.572738772928528,23.576388888888886,True,0.9695698573357359,False
2432,2216,9233.333333333332,23.51217948717949,23.51217948717949,True,0.9680556744341475,False
2433,2217,9237.5,23.510135135135133,23.473486394557824,True,0.9677589544874647,False
2434,2218,9241.666666666668,23.510135135135133,23.45506535947713,True,0.9680117520505773,False
2435,2219,9245.833333333334,23.510135135135133,23.481060606060606,True,0.967949403509843,False
2436,2220,9250.0,23.510135135135133,23.510135135135133,True,0.967894349472213,False
2437,2221,9254.166666666666,23.510135135135133,23.5625,True,0.9679063435626538,False
2438,2222,9258.333333333332,23.510135135135133,23.564236111111114,True,0.9688362156971838,False
2439,2223,9262.5,23.510135135135133,23.56702898550725,True,0.9670745394841769,False
2440,2224,9266.666666666668,23.498239436619716,23.498239436619716,True,0.964799522533712,False
2441,2225,9270.833333333334,23.460935712651565,23.460935712651565,True,0.9577160579876327,False
2442,2226,9275.0,23.403735632183906,23.403735632183906,True,0.9558282964574826,False
2443,2227,9279.166666666666,23.345578231292517,23.345578231292517,True,0.9380233196017428,False
2444,2228,9283.333333333334,21.045833333333334,21.045833333333334,True,0.9516883286789461,False
2445,2229,9287.5,20.19333333333333,20.19333333333333,True,0.9455336818018509,False
2446,2230,9291.666666666666,19.15277777777778,19.15277777777778,True,0.9373060868901193,False
2447,2231,9295.833333333332,17.896929824561404,17.896929824561404,True,0.8986394870820489,False
2448,2232,9300.0,16.52314814814815,16.52314814814815,True,0.8946788856442971,False
2449,2233,9304.166666666668,15.031666666666666,15.031666666666666,True,0.8870979607502414,False
2450,2234,9308.333333333334,15.031666666666666,14.09016393442623,True,0.8857095385988556,False
2451,2235,9312.5,15.031666666666666,14.16760385689826,True,0.8809594932328837,False
2452,2236,9316.666666666666,15.031666666666666,14.713881401617252,True,0.8833039052092264,False
2453,2237,9320.833333333332,15.25391914191419,15.25391914191419,True,0.883175110854193,False
2454,2238,9325.0,15.509469696969697,15.660714285714285,True,0.8823577032197772,False
2455,2239,9329.166666666668,15.509469696969697,15.708333333333334,True,0.8796065721609972,False
2456,2240,9333.333333333334,15.509469696969697,15.683333333333332,True,0.8785260525600338,False
2457,2241,9337.5,15.509469696969697,15.509469696969697,True,0.8797466183694067,False
2458,2242,9341.666666666666,15.074529224749327,15.074529224749327,True,0.8735850421371694,False
2459,2243,9345.833333333334,15.074529224749327,14.54563492063492,True,0.8700634228234144,False
2460,2244,9350.0,15.074529224749327,14.511904761904761,True,0.8749162326269356,False
2461,2245,9354.166666666666,15.074529224749327,14.930312665606783,True,0.8775201802418652,False
2462,2246,9358.333333333332,15.437962962962963,15.437962962962963,True,0.8799660180548786,False
2463,2247,9362.5,15.437962962962963,15.693689869835879,True,0.880409902863701,False
2464,2248,9366.666666666668,15.437962962962963,15.794831223628691,True,0.8800292457377233,False
2465,2249,9370.833333333334,15.437962962962963,15.683887657058387,True,0.8794790779935264,False
2466,2250,9375.0,15.34663120567376,15.34663120567376,True,0.8802733773638542,False
2467,2251,9379.166666666666,15.092307692307692,14.9385175010175,True,0.8770262578933993,False
2468,2252,9383.333333333332,15.08555175616346,14.854329321188464,True,0.8772939589980794,False
2469,2253,9387.5,14.958333333333334,14.958333333333334,True,0.8340434553167498,False
2470,2254,9391.666666666668,14.9385175010175,15.092307692307692,True,0.8335630232758167,False
2471,2255,9395.833333333334,14.854329321188464,15.08555175616346,True,0.8329663721156284,False
2472,2256,9400.0,14.841891025641026,14.841891025641026,True,0.8334969756901244,False
2473,2257,9404.166666666666,14.656094527363186,14.656094527363186,True,0.8312420998606685,False
2474,2258,9408.333333333334,14.511277289207746,14.511277289207746,True,0.8323811857956425,False
2475,2259,9412.5,14.478573848238483,14.478573848238483,True,0.8737352483338726,False
2476,2260,9416.666666666666,14.405075187969926,14.405075187969926,True,0.8718182081603112,False
2477,2261,9420.833333333332,14.255411255411255,14.255411255411255,True,0.8748138948739581,False
2478,2262,9425.0,14.225508905852417,14.225508905852417,True,0.8753919399095074,False
2479,2263,9429.166666666668,14.155639613076763,14.155639613076763,True,0.8725534975895868,False
2480,2264,9433.333333333334,14.155639613076763,14.083653408444292,True,0.875430950294069,False
2481,2265,9437.5,14.155639613076763,14.049908424908425,True,0.8787529384646103,False
2482,2266,9441.666666666666,14.155639613076763,14.144779265873018,True,0.8815029073702422,False
2483,2267,9445.833333333332,14.265640163138983,14.265640163138983,True,0.8834191264721993,False
2484,2268,9450.0,14.389367816091955,14.402382611388534,True,0.8820075479497211,False
2485,2269,9454.166666666668,14.402382611388534,14.389367816091955,True,0.8840192490514055,False
2486,2270,9458.333333333334,14.416666666666666,14.416666666666666,True,0.8844504289855611,False
2487,2271,9462.5,14.493190330268982,14.493190330268982,True,0.8879456455277883,False
2488,2272,9466.666666666666,14.664241265557058,14.664241265557058,True,0.886107037675013,False
2489,2273,9470.833333333334,14.744047619047619,14.744047619047619,True,0.8887388596552882,False
2490,2274,9475.0,14.744047619047619,14.835526315789473,True,0.8898882508495458,False
2491,2275,9479.166666666666,14.744047619047619,14.859160153931692,True,0.8875082180729091,False
2492,2276,9483.333333333332,14.744047619047619,14.786764705882353,True,0.8857037423967211,False
2493,2277,9487.5,14.721387981489043,14.721387981489043,True,0.8852770541554574,False
2494,2278,9491.666666666668,14.682106598984772,14.682106598984772,True,0.8836490331549525,False
2495,2279,9495.833333333334,14.641472868217056,14.641472868217056,True,0.8824845985523081,False
2496,2280,9500.0,14.61854845999141,14.616803278688524,True,0.8847188713257652,False
2497,2281,9504.166666666666,14.616803278688524,14.61854845999141,True,0.8807955700240913,False
2498,2282,9508.333333333332,14.584189158393277,14.584189158393277,True,0.8785854505068109,False
2499,2283,9512.5,14.518115942028984,14.518115942028984,True,0.8781490891407016,False
2500,2284,9516.666666666668,14.439013450763682,14.439013450763682,True,0.8768362043659468,False
2501,2285,9520.833333333334,14.291666666666666,14.291666666666666,True,0.877320393027419,False
2502,2286,9525.0,14.231135046611238,14.231135046611238,True,0.8765500370834944,False
2503,2287,9529.166666666666,14.13340336134454,14.13340336134454,True,0.8764597929411713,False
2504,2288,9533.333333333334,14.13340336134454,13.975200959111026,True,0.8768602854521153,False
2505,2289,9537.5,14.13340336134454,13.904561282056582,True,0.874925008361704,False
2506,2290,9541.666666666666,14.13340336134454,14.034047062533622,True,0.8714603865641176,False
2507,2291,9545.833333333332,14.265675520715844,14.265675520715844,True,0.8737393267909144,False
2508,2292,9550.0,14.34087097388984,14.358995584988962,True,0.8764558961812837,False
2509,2293,9554.166666666668,14.344214437367304,14.344214437367304,True,0.8757337786635171,False
2510,2294,9558.333333333334,14.358995584988962,14.34087097388984,True,0.8760099120057938,False
2511,2295,9562.5,14.453205128205127,14.453205128205127,True,0.87571933165436,False
2512,2296,9566.666666666666,14.503703703703705,14.503703703703705,True,0.8743092874228087,False
2513,2297,9570.833333333332,14.5671409804705,14.5671409804705,True,0.8749429996931125,False
2514,2298,9575.0,14.614997499374844,14.625,True,0.87626031762588,False
2515,2299,9579.166666666668,14.614997499374844,14.620383986928104,True,0.877412768848841,False
2516,2300,9583.333333333334,14.614997499374844,14.647435897435898,True,0.8756590429455898,False
2517,2301,9587.5,14.614997499374844,14.614997499374844,True,0.8765747771091857,False
2518,2302,9591.666666666666,14.593120805369127,14.593120805369127,True,0.8751615547351633,False
2519,2303,9595.833333333334,14.547344732909323,14.547344732909323,True,0.8769066092605583,False
2520,2304,9600.0,14.518624446316053,14.518624446316053,True,0.8746117577055497,False
2521,2305,9604.166666666666,14.416666666666666,14.416666666666666,True,0.8727949305235329,False
2522,2306,9608.333333333332,14.36088118319662,14.36088118319662,True,0.8717489029754265,False
2523,2307,9612.5,14.333333333333334,14.333333333333334,True,0.8749831389383239,False
2524,2308,9616.666666666668,14.288510101010102,14.288510101010102,True,0.8722460454878318,False
2525,2309,9620.833333333334,14.200699745547075,14.200699745547075,True,0.8730497008863566,False
2526,2310,9625.0,14.075385356454719,14.075385356454719,True,0.8701113465496204,False
2527,2311,9629.166666666666,14.075385356454719,13.89160118177388,True,0.8724768734044528,False
2528,2312,9633.333333333332,14.075385356454719,13.872073830559552,True,0.8720522056016381,False
2529,2313,9637.5,14.075385356454719,14.055693069306932,True,0.8769255804586972,False
2530,2314,9641.666666666668,14.227166137154464,14.227166137154464,True,0.8790112731619876,False
2531,2315,9645.833333333334,14.233481262327416,14.243224932249321,True,0.8803913824529145,False
2532,2316,9650.0,14.23729946524064,14.23729946524064,True,0.8770676075211185,False
2533,2317,9654.166666666666,14.243224932249321,14.233481262327416,True,0.8760550375827196,False
2534,2318,9658.333333333334,14.243224932249321,14.262290167865707,True,0.8779840362391963,False
2535,2319,9662.5,14.23729946524064,14.251602564102564,True,0.8776219298162113,False
2536,2320,9666.666666666666,14.23694563662375,14.244021739130437,True,0.8772341866851577,False
2537,2321,9670.833333333332,14.23694563662375,14.23694563662375,True,0.8795983691517726,False
2538,2322,9675.0,14.19023569023569,14.19023569023569,True,0.8814411755913348,False
2539,2323,9679.166666666668,14.151769555951509,14.151769555951509,True,0.8832858980181023,False
2540,2324,9683.333333333334,14.087003454231434,14.087003454231434,True,0.8800694751277022,False
2541,2325,9687.5,14.076408855664175,13.97712016244625,True,0.8759664697718186,False
2542,2326,9691.666666666666,14.076408855664175,13.93191056910569,True,0.8738753848820462,False
2543,2327,9695.833333333332,14.076408855664175,13.986742424242424,True,0.873407230099627,False
2544,2328,9700.0,14.076408855664175,14.076408855664175,True,0.8758768240911496,False
2545,2329,9704.166666666668,14.135802469135802,14.135802469135802,True,0.8710388953316365,False
2546,2330,9708.333333333334,14.145634268936002,14.145634268936002,True,0.87188821852461,False
2547,2331,9712.5,14.187589207290294,14.199618736383442,True,0.8721923170418706,False
2548,2332,9716.666666666666,14.187589207290294,14.220323741007194,True,0.8729697873539333,False
2549,2333,9720.833333333334,14.187589207290294,14.201785714285714,True,0.8719973487692925,False
2550,2334,9725.0,14.187589207290294,14.187589207290294,True,0.8717133424515902,False
2551,2335,9729.166666666666,14.155257936507937,14.155257936507937,True,0.8716789486045085,False
2552,2336,9733.333333333332,14.08974358974359,14.08974358974359,True,0.8745774371226732,False
2553,2337,9737.5,14.031709770114944,14.031709770114944,True,0.8747724859031819,False
2554,2338,9741.666666666668,13.985279701116951,13.975294937621769,True,0.8734571910048707,False
2555,2339,9745.833333333334,13.985279701116951,13.917224880382776,True,0.8735962052091223,False
2556,2340,9750.0,13.985279701116951,13.906381133408118,True,0.8729276816606429,False
2557,2341,9754.166666666666,13.985279701116951,13.985279701116951,True,0.8749751477392668,False
2558,2342,9758.333333333332,14.073721213427097,14.073721213427097,True,0.8788498814574064,False
2559,2343,9762.5,14.07384403036577,14.081773127753303,True,0.8766652654101285,False
2560,2344,9766.666666666668,14.07384403036577,14.075905850722705,True,0.8791549025347644,False
2561,2345,9770.833333333334,14.07384403036577,14.07384403036577,True,0.879959753985645,False
2562,2346,9775.0,14.07384403036577,14.077476572958501,True,0.879589863717949,False
2563,2347,9779.166666666666,14.059663536776213,14.059663536776213,True,0.8796399757734785,False
2564,2348,9783.333333333334,13.974343502206295,13.974343502206295,True,0.876955252037902,False
2565,2349,9787.5,13.974343502206295,13.911524822695036,True,0.8758796496346828,False
2566,2350,9791.666666666666,13.974343502206295,13.913628472222221,True,0.8739175440553286,False
2567,2351,9795.833333333332,13.974343502206295,13.911466412966194,True,0.8720499201976432,False
2568,2352,9800.0,13.980238840923198,13.992066563467494,True,0.8708686473203435,False
2569,2353,9804.166666666668,13.980238840923198,13.98937908496732,True,0.8719093362912498,False
2570,2354,9808.333333333334,13.980238840923198,13.986809045226131,True,0.8724091801341181,False
2571,2355,9812.5,13.980238840923198,13.980238840923198,True,0.8722989418188961,False
2572,2356,9816.666666666666,13.95213963963964,13.95213963963964,True,0.8720538454416988,False
2573,2357,9820.833333333332,13.875180375180376,13.875180375180376,True,0.8712791517160757,False
2574,2358,9825.0,13.875180375180376,13.852409638554215,True,0.8709770599555481,False
2575,2359,9829.166666666668,13.875180375180376,13.872701149425287,True,0.8705282727069736,False
2576,2360,9833.333333333334,13.875180375180376,13.844419764632528,True,0.8744584676400808,False
2577,2361,9837.5,13.926515151515153,13.9375,True,0.8765860737200757,False
2578,2362,9841.666666666666,13.926515151515153,13.926515151515153,True,0.8750475078959717,False
2579,2363,9845.833333333334,13.926515151515153,13.982344946874226,True,0.8761956794174822,False
2580,2364,9850.0,13.926515151515153,13.981684547268038,True,0.8754901473685746,False
2581,2365,9854.166666666666,13.920306959219857,13.912076271186441,True,0.8755746878153883,False
2582,2366,9858.333333333332,13.912076271186441,13.920306959219857,True,0.8754928617439708,False
2583,2367,9862.5,13.910948050158467,13.910948050158467,True,0.8750274910840361,False
2584,2368,9866.666666666668,13.900430359937403,13.900430359937403,True,0.8742102896505193,False
2585,2369,9870.833333333334,13.86487108655617,13.850433526011562,True,0.8730061435032412,False
2586,2370,9875.0,13.86487108655617,13.86487108655617,True,0.8733658154752486,False
2587,2371,9879.166666666666,13.86487108655617,13.863950276243095,True,0.8740017990418076,False
2588,2372,9883.333333333332,13.86487108655617,13.86014911014911,True,0.873601313594963,False
2589,2373,9887.5,13.8912280980193,13.895293609671848,True,0.8745639570215541,False
2590,2374,9891.666666666668,13.895293609671848,13.902103559870548,True,0.8729241970594018,False
2591,2375,9895.833333333334,13.902103559870548,13.902103559870548,True,0.8735529797021001,False
2592,2376,9900.0,13.902103559870548,13.8912280980193,True,0.8748027685741533,False
2593,2377,9904.166666666666,13.910290263043612,13.910290263043612,True,0.8776824078284103,False
2594,2378,9908.333333333334,13.914549386553006,13.914549386553006,True,0.8770040798212893,False
2595,2379,9912.5,13.919023328248157,13.919023328248157,True,0.8772045511777464,False
2596,2380,9916.666666666666,13.919023328248157,13.919023328248157,True,0.8764227973909549,False
2597,2381,9920.833333333332,13.919023328248157,13.924084448594252,True,0.8765423663308206,False
2598,2382,9925.0,13.919023328248157,13.91956695669567,True,0.8752173810806424,False
2599,2383,9929.166666666668,13.902750455373408,13.902750455373408,True,0.8737885776541113,False
2600,2384,9933.333333333334,13.8995000696767,13.897771317829458,True,0.8747101567468469,False
2601,2385,9937.5,13.89863782051282,13.897771317829458,True,0.87462849164615,False
2602,2386,9941.666666666666,13.89863782051282,13.8995000696767,True,0.873651526886913,False
2603,2387,9945.833333333332,13.89863782051282,13.89863782051282,True,0.8744081728859182,False
2604,2388,9950.0,13.89863782051282,13.89863782051282,True,0.8752461029184982,False
2605,2389,9954.166666666668,13.8995000696767,13.89863782051282,True,0.8764049594587949,False
2606,2390,9958.333333333334,13.912958115183246,13.916666666666666,True,0.8763090950709823,False
2607,2391,9962.5,13.913157894736841,13.916666666666666,True,0.8750667020371562,False
2608,2392,9966.666666666666,13.916666666666666,13.913157894736841,True,0.8752855140523683,False
2609,2393,9970.833333333334,13.916666666666666,13.912958115183246,True,0.8755204014529847,False
2610,2394,9975.0,13.916666666666666,13.916666666666666,True,0.8761191264880531,False
2611,2395,9979.166666666666,13.916666666666666,13.916666666666666,True,0.8749354517721771,False
2612,2396,9983.333333333332,13.916666666666666,13.916666666666666,True,0.8759649555309043,False
2613,2397,9987.5,13.916666666666666,13.916753835425382,True,0.8730335731886989,False
2614,2398,9991.666666666668,13.91015625,13.903968253968253,True,0.8734155172875462,False
2615,2399,9995.833333333334,13.91015625,13.91015625,True,0.8724568205557074,False
2616,2400,10000.0,13.91015625,13.90979381443299,True,0.8742498834139353,False
2617,2401,10004.166666666666,13.91015625,13.90979381443299,True,0.8729794212354854,False
2618,2402,10008.333333333332,13.91015625,13.914275956284152,True,0.874005981645903,False
2619,2403,10012.5,13.90979381443299,13.9129113018598,True,0.8742495706853199,False
2620,2404,10016.666666666668,13.90979381443299,13.9129113018598,True,0.8729740860931254,False
2621,2405,10020.833333333334,13.9129113018598,13.905877976190476,True,0.8723639968965482,False
2622,2406,10025.0,13.9129113018598,13.898867313915858,True,0.872277641346602,False
2623,2407,10029.166666666666,13.9129113018598,13.908333333333333,True,0.875695104061947,False
2624,2408,10033.333333333334,13.913405797101449,13.913405797101449,True,0.8743171122999442,False
2625,2409,10037.5,13.916301169590644,13.918495934959351,True,0.8753179271766355,False
2626,2410,10041.666666666666,13.916301169590644,13.920644891122278,True,0.8744169454999474,False
2627,2411,10045.833333333332,13.916301169590644,13.916301169590644,True,0.8744073520546314,False
2628,2412,10050.0,13.916301169590644,13.916301169590644,True,0.8731520357109628,False
2629,2413,10054.166666666668,13.910069444444444,13.910069444444444,True,0.8732504373716713,False
2630,2414,10058.333333333334,13.910069444444444,13.910069444444444,True,0.8742760521786398,False
2631,2415,10062.5,13.91001400560224,13.909923928077454,True,0.8735508214802242,False
2632,2416,10066.666666666666,13.91001400560224,13.909923928077454,True,0.8730955302327997,False
2633,2417,10070.833333333332,13.91001400560224,13.91001400560224,True,0.8733360490994593,False
2634,2418,10075.0,13.909923928077454,13.91001400560224,True,0.8727232127885838,False
2635,2419,10079.166666666668,13.909923928077454,13.91001400560224,True,0.8734074841647483,False
2636,2420,10083.333333333334,13.907085561497325,13.907085561497325,True,0.8735690988950566,False
2637,2421,10087.5,13.901666666666666,13.901666666666666,True,0.8724308916354683,False
2638,2422,10091.666666666666,13.901666666666666,13.901666666666666,True,0.8728935211693386,False
2639,2423,10095.833333333334,13.871722846441948,13.871722846441948,True,0.8734763315639946,False
2640,2424,10100.0,13.871722846441948,13.871722846441948,True,0.8738694958623636,False
2641,2425,10104.166666666666,13.871146435452793,13.84932859399684,True,0.8731618092048367,False
2642,2426,10108.333333333332,13.871146435452793,13.84932859399684,True,0.8729755843759782,False
2643,2427,10112.5,13.851485148514852,13.851485148514852,True,0.8730851136488202,False
2644,2428,10116.666666666668,13.851485148514852,13.871146435452793,True,0.8731555006240238,False
2645,2429,10120.833333333334,13.856902356902358,13.876282051282052,True,0.873574236066116,False
2646,2430,10125.0,13.856993299832496,13.850675675675676,True,0.8735565813893481,False
2647,2431,10129.166666666666,13.856993299832496,13.880136986301371,True,0.8735969213690451,False
2648,2432,10133.333333333332,13.856902356902358,13.856902356902358,True,0.8731361055134014,False
2649,2433,10137.5,13.850675675675676,13.856993299832496,True,0.8737304431424084,False
2650,2434,10141.666666666668,13.84412013536379,13.84412013536379,True,0.8733518797688613,False
2651,2435,10145.833333333334,13.84412013536379,13.84412013536379,True,0.8747029723863036,False
2652,2436,10150.0,13.84412013536379,13.84412013536379,True,0.8735167940442212,False
2653,2437,10154.166666666666,13.84412013536379,13.84412013536379,True,0.8736014724690195,False
2654,2438,10158.333333333334,13.84412013536379,13.84412013536379,True,0.8727025475652685,False
2655,2439,10162.5,13.838588588588587,13.838588588588587,True,0.8723809136327747,False
2656,2440,10166.666666666666,13.838588588588587,13.836851851851852,True,0.8726846234025496,False
2657,2441,10170.833333333332,13.838588588588587,13.832204803813715,True,0.872302439928885,False
2658,2442,10175.0,13.838588588588587,13.834647147147146,True,0.8709103531500292,False
2659,2443,10179.166666666668,13.871078431372547,13.9034178187404,True,0.8719499217083403,False
2660,2444,10183.333333333334,13.895399305555555,13.871078431372547,True,0.8717000114269724,False
2661,2445,10187.5,13.9034178187404,13.895399305555555,True,0.8720271215811742,False
2662,2446,10191.666666666666,13.905920060331825,13.905920060331825,True,0.8730478638520427,False
2663,2447,10195.833333333332,13.906462585034014,13.906462585034014,True,0.8743523765792826,False
2664,2448,10200.0,13.90693832599119,13.907222222222222,True,0.8741037561801392,False
2665,2449,10204.166666666668,13.90693832599119,13.9070796460177,True,0.8743352956258608,False
2666,2450,10208.333333333334,13.90693832599119,13.907763532763532,True,0.8739747936666751,False
2667,2451,10212.5,13.90693832599119,13.90693832599119,True,0.8728949980650429,False
2668,2452,10216.666666666666,13.90650912106136,13.90650912106136,True,0.8713554556462542,False
2669,2453,10220.833333333334,13.90650912106136,13.899691358024691,True,0.8702867057983222,False
2670,2454,10225.0,13.899961597542243,13.90650912106136,True,0.8718146017728323,False
2671,2455,10229.166666666666,13.899961597542243,13.899961597542243,True,0.872265886834708,False
2672,2456,10233.333333333332,13.899961597542243,13.899961597542243,True,0.8723476047733647,False
2673,2457,10237.5,13.904209621993127,13.899509803921568,True,0.8728532379242531,False
2674,2458,10241.666666666668,13.904209621993127,13.904209621993127,True,0.872757513827329,False
2675,2459,10245.833333333334,13.904824561403508,13.90542328042328,True,0.8739208025293348,False
2676,2460,10250.0,13.904824561403508,13.904824561403508,True,0.8728950274868914,False
2677,2461,10254.166666666666,13.904824561403508,13.904824561403508,True,0.8729486557704493,False
2678,2462,10258.333333333332,13.90542328042328,13.904824561403508,True,0.8723445210087948,False
2679,2463,10262.5,13.91173469387755,13.915453074433657,True,0.8728379614194453,False
2680,2464,10266.666666666668,13.91173469387755,13.91173469387755,True,0.8728584841378244,False
2681,2465,10270.833333333334,13.91173469387755,13.916666666666666,True,0.8728802076596699,False
2682,2466,10275.0,13.915453074433657,13.916316526610643,True,0.8730223809139862,False
2683,2467,10279.166666666666,13.916316526610643,13.907608695652174,True,0.8739957666903214,False
2684,2468,10283.333333333334,13.916666666666666,13.907608695652174,True,0.8737340113703028,False
2685,2469,10287.5,13.916316526610643,13.917198581560283,True,0.8742454358985767,False
2686,2470,10291.666666666666,13.916666666666666,13.916666666666666,True,0.8736304254827333,False
2687,2471,10295.833333333332,13.916666666666666,13.917198581560283,True,0.8726103360107407,False
2688,2472,10300.0,13.916666666666666,13.907608695652174,True,0.8725326800589733,False
2689,2473,10304.166666666668,13.907608695652174,13.917198581560283,True,0.8737911627083634,False
2690,2474,10308.333333333334,13.906342182890855,13.906342182890855,True,0.8742088887338554,False
2691,2475,10312.5,13.906159420289855,13.904079861111112,True,0.8734696299106287,False
2692,2476,10316.666666666666,13.906159420289855,13.906159420289855,True,0.8716519464943119,False
2693,2477,10320.833333333332,13.906159420289855,13.906159420289855,True,0.8717469373119532,False
2694,2478,10325.0,13.906159420289855,13.906159420289855,True,0.871934502655121,False
2695,2479,10329.166666666668,13.906159420289855,13.906159420289855,True,0.8722654273164717,False
2696,2480,10333.333333333334,13.906159420289855,13.913934426229508,True,0.8731179646608092,False
2697,2481,10337.5,13.906159420289855,13.915857605177992,True,0.8733478907378617,False
2698,2482,10341.666666666666,13.906159420289855,13.915857605177992,True,0.873472189059369,False
2699,2483,10345.833333333334,13.90602453102453,13.90602453102453,True,0.8735701711409161,False
2700,2484,10350.0,13.90523598820059,13.90523598820059,True,0.8743736436943645,False
2701,2485,10354.166666666666,13.90523598820059,13.90523598820059,True,0.8741699365255031,False
2702,2486,10358.333333333332,13.90523598820059,13.90523598820059,True,0.8749177962466468,False
2703,2487,10362.5,13.90523598820059,13.90523598820059,True,0.874828399701626,False
2704,2488,10366.666666666668,13.90523598820059,13.911414565826332,True,0.8746599865932203,False
2705,2489,10370.833333333334,13.90523598820059,13.90523598820059,True,0.8745719147573385,False
2706,2490,10375.0,13.90523598820059,13.90523598820059,True,0.8743774831409188,False
2707,2491,10379.166666666666,13.90523598820059,13.90523598820059,True,0.8729890810928,False
2708,2492,10383.333333333332,13.90523598820059,13.90550595238095,True,0.8738480516917614,False
2709,2493,10387.5,13.90523598820059,13.90523598820059,True,0.8737706988549605,False
2710,2494,10391.666666666668,13.90523598820059,13.90523598820059,True,0.8728913078668288,False
2711,2495,10395.833333333334,13.90523598820059,13.90523598820059,True,0.8743009196792011,False
2712,2496,10400.0,13.90523598820059,13.90523598820059,True,0.8732404597971972,True
2713,2497,10404.166666666666,13.90523598820059,13.90523598820059,True,0.8750992926871721,True
2714,2498,10408.333333333334,13.90523598820059,13.90523598820059,True,0.8749358735816439,True
2715,2499,10412.5,13.906385281385282,13.90708015708016,True,0.8767941858410182,False
2716,2500,10416.666666666666,13.90708015708016,13.90708015708016,True,0.8752908955682113,False
2717,2501,10420.833333333332,13.90708015708016,13.90708015708016,True,0.8752257127468648,False
2718,2502,10425.0,13.90708015708016,13.906385281385282,True,0.8758210923847768,False
2719,2503,10429.166666666668,13.907246376811594,13.907246376811594,True,0.8727566461963662,False
2720,2504,10433.333333333334,13.907327586206897,13.907327586206897,True,0.8721790535400004,False
2721,2505,10437.5,13.911170212765958,13.911170212765958,True,0.8715292380912338,False
2722,2506,10441.666666666666,13.912157287157287,13.912157287157287,True,0.8723552512480292,False
2723,2507,10445.833333333332,13.93452380952381,13.93452380952381,True,0.8739494491226866,False
2724,2508,10450.0,13.986017972103005,13.986017972103005,True,0.8746053901348907,False
2725,2509,10454.166666666668,13.998703703703704,13.998703703703704,True,0.8743433649519256,False
2726,2510,10458.333333333334,14.040637860082304,14.040637860082304,True,0.8742183109630906,False
2727,2511,10462.5,14.112459546925566,14.112459546925566,True,0.8748899799624174,False
2728,2512,10466.666666666666,14.162037037037038,14.162037037037038,True,0.8780144925744957,False
2729,2513,10470.833333333334,14.312790668284299,14.312790668284299,True,0.8779086792130422,False
2730,2514,10475.0,14.427662037037038,14.427662037037038,True,0.8791300802665152,False
2731,2515,10479.166666666666,14.6258240297714,14.6258240297714,True,0.8795291738958841,False
2732,2516,10483.333333333332,14.830357142857144,14.830357142857144,True,0.8805681340394602,False
2733,2517,10487.5,15.201923076923078,15.201923076923078,True,0.882690462394384,False
2734,2518,10491.666666666668,15.539445628997868,15.539445628997868,True,0.8822875104106304,False
2735,2519,10495.833333333334,16.18782051282051,16.18782051282051,True,0.8787109530683446,False
2736,2520,10500.0,16.91289836347976,16.91289836347976,True,0.8783590099766337,False
2737,2521,10504.166666666666,18.01559954382535,18.01559954382535,True,0.9242742526450469,False
2738,2522,10508.333333333332,19.34601449275362,19.34601449275362,True,0.9307455568150879,False
2739,2523,10512.5,23.344768170426065,23.344768170426065,True,0.9155738892793418,False
2740,2524,10516.666666666668,23.478367248062014,23.478367248062014,True,0.9673605342201952,False
2741,2525,10520.833333333334,23.52678571428571,23.55717054263566,True,0.9686959429614964,False
2742,2526,10525.0,23.52678571428571,23.574074074074076,True,0.9678463623624216,False
2743,2527,10529.166666666666,23.52678571428571,23.605701754385965,True,0.9682486231979005,False
2744,2528,10533.333333333334,23.52678571428571,23.52678571428571,True,0.9673566513055338,False
2745,2529,10537.5,23.463652482269506,23.455000000000002,True,0.9669796334692737,False
2746,2530,10541.666666666666,23.460185185185185,23.45477261369315,True,0.965660470019454,False
2747,2531,10545.833333333332,23.460185185185185,23.460185185185185,True,0.9669181067283658,False
2748,2532,10550.0,23.460185185185185,23.463652482269506,True,0.9677988425636548,False
2749,2533,10554.166666666668,23.463652482269506,23.458333333333332,True,0.9664939829736147,False
2750,2534,10558.333333333334,23.463652482269506,23.533045977011493,True,0.9662843836244421,False
2751,2535,10562.5,23.463652482269506,23.477713178294575,True,0.9668673440862771,False
2752,2536,10566.666666666666,23.458333333333332,23.47882513661202,True,0.9638227357483728,False
2753,2537,10570.833333333332,23.43958333333333,23.432141192917054,True,0.9599142936469555,False
2754,2538,10575.0,23.432141192917054,23.43958333333333,True,0.9561297948658471,False
2755,2539,10579.166666666668,23.380208333333332,23.380208333333332,True,0.9472880926110708,False
2756,2540,10583.333333333334,21.371732026143793,21.371732026143793,True,0.9514478990366226,False
2757,2541,10587.5,20.576923076923077,20.576923076923077,True,0.9487804189268976,False
2758,2542,10591.666666666666,19.621913580246915,19.621913580246915,True,0.9409144730986367,False
2759,2543,10595.833333333334,18.553571428571427,18.553571428571427,True,0.9323981963738168,False
2760,2544,10600.0,17.30735294117647,17.30735294117647,True,0.8732991023887442,False
2761,2545,10604.166666666666,15.945652173913045,15.945652173913045,True,0.8971383113846789,False
2762,2546,10608.333333333332,15.04094827586207,14.532657657657658,True,0.8877709810223577,False
2763,2547,10612.5,15.04094827586207,14.448108384458079,True,0.8850295546238283,False
2764,2548,10616.666666666668,15.04094827586207,14.536691542288557,True,0.8817457730108561,False
2765,2549,10620.833333333334,15.04094827586207,15.04094827586207,True,0.8817203198388552,False
2766,2550,10625.0,15.245915032679738,15.430349707544364,True,0.8848428715960774,False
2767,2551,10629.166666666666,15.245915032679738,15.590020576131687,True,0.8816593169111252,False
2768,2552,10633.333333333332,15.245915032679738,15.537179487179486,True,0.8796540557394814,False
2769,2553,10637.5,15.245915032679738,15.245915032679738,True,0.8812903555490321,False
2770,2554,10641.666666666668,14.821236559139784,14.821236559139784,True,0.8675350905001711,False
2771,2555,10645.833333333334,14.821236559139784,14.291666666666666,True,0.8613340213762785,False
2772,2556,10650.0,14.821236559139784,14.291666666666666,True,0.8673916144977848,False
2773,2557,10654.166666666666,14.821236559139784,14.684742063492061,True,0.8665173605587431,False
2774,2558,10658.333333333334,15.186594202898549,15.186594202898549,True,0.87257903949591,False
2775,2559,10662.5,15.511986301369864,15.511986301369864,True,0.8720764919161433,False
2776,2560,10666.666666666666,15.511986301369864,15.668154761904761,True,0.8692236948752247,False
2777,2561,10670.833333333332,15.511986301369864,15.708333333333334,True,0.8690054134640174,False
2778,2562,10675.0,15.514301693831897,15.514301693831897,True,0.8694933360420866,False
2779,2563,10679.166666666668,15.580406336088155,15.361143867924527,True,0.8709491417064127,False
2780,2564,10683.333333333334,15.580406336088155,15.408132530120483,True,0.8823753673929801,False
2781,2565,10687.5,15.529832347140038,15.580406336088155,True,0.8856191713510914,False
2782,2566,10691.666666666666,15.580406336088155,15.664972899728996,True,0.8880109758088524,False
2783,2567,10695.833333333332,15.580406336088155,15.619718309859154,True,0.892522918880698,False
2784,2568,10700.0,15.580406336088155,15.529832347140038,True,0.8936211316297717,False
2785,2569,10704.166666666668,15.560732171474358,15.582240742778206,True,0.8951438246005894,False
2786,2570,10708.333333333334,15.529832347140038,15.560732171474358,True,0.8777711437051231,False
2787,2571,10712.5,15.494986605434368,15.494986605434368,True,0.8780682006937832,False
2788,2572,10716.666666666666,15.326694832944833,15.326694832944833,True,0.880178075104426,False
2789,2573,10720.833333333334,15.175925925925926,15.175925925925926,True,0.8689914384279687,False
2790,2574,10725.0,15.06528871391076,15.06528871391076,True,0.8769265723006753,False
2791,2575,10729.166666666666,14.935715012722646,14.935715012722646,True,0.8800350292553223,False
2792,2576,10733.333333333332,14.744441699604744,14.744441699604744,True,0.8831588574809641,False
2793,2577,10737.5,14.525173611111112,14.525173611111112,True,0.8771295118482242,False
2794,2578,10741.666666666668,14.290979510244876,14.290979510244876,True,0.8756168833122023,False
2795,2579,10745.833333333334,14.034420289855072,14.034420289855072,True,0.8724165391660181,False
2796,2580,10750.0,14.034420289855072,13.916666666666666,True,0.8725103758923239,False
2797,2581,10754.166666666666,14.034420289855072,13.97337906003937,True,0.8763233363364323,False
2798,2582,10758.333333333332,14.034420289855072,13.978007748940763,True,0.8776097202433082,False
2799,2583,10762.5,14.145547945205479,14.145547945205479,True,0.877374857282169,False
2800,2584,10766.666666666668,14.270833333333334,14.270833333333334,True,0.8803755860199374,False
2801,2585,10770.833333333334,14.44163640032284,14.44163640032284,True,0.8801854028989379,False
2802,2586,10775.0,14.607324863623314,14.607324863623314,True,0.8814789375389174,False
2803,2587,10779.166666666666,14.813268156424579,14.813268156424579,True,0.8824227975261797,False
2804,2588,10783.333333333334,14.953494623655914,14.953494623655914,True,0.8827941778684932,False
2805,2589,10787.5,15.062745098039215,15.062745098039215,True,0.881346268842918,False
2806,2590,10791.666666666666,15.1154930074103,15.1154930074103,True,0.8814097938353512,False
2807,2591,10795.833333333332,15.254893972316111,15.254893972316111,True,0.8880155218325128,False
2808,2592,10800.0,15.254893972316111,15.288294797687861,True,0.889232937682167,False
2809,2593,10804.166666666668,15.254893972316111,15.30696327038278,True,0.8879338716879583,False
2810,2594,10808.333333333334,15.254893972316111,15.262792397660819,True,0.889592962317564,False
2811,2595,10812.5,15.154910044977512,15.154910044977512,True,0.889395176130306,False
2812,2596,10816.666666666666,15.02588122723625,15.02588122723625,True,0.8922993801961524,False
2813,2597,10820.833333333332,14.917703150912105,14.917703150912105,True,0.8859398134059777,False
2814,2598,10825.0,14.775387596899224,14.775387596899224,True,0.8867027542715741,False
2815,2599,10829.166666666668,14.75,14.75,True,0.8851183275778899,False
2816,2600,10833.333333333334,14.676094276094275,14.676094276094275,True,0.8851381020318068,False
2817,2601,10837.5,14.672803617571061,14.658660130718955,True,0.8851315091194757,False
2818,2602,10841.666666666666,14.658660130718955,14.649390243902438,True,0.8868824807676021,False
2819,2603,10845.833333333334,14.649390243902438,14.672803617571061,True,0.889500013554548,False
2820,2604,10850.0,14.624103942652331,14.624103942652331,True,0.885619090253736,False
2821,2605,10854.166666666666,14.51360544217687,14.51360544217687,True,0.8795377779050114,False
2822,2606,10858.333333333332,14.35491967871486,14.35491967871486,True,0.8768046202956306,False
2823,2607,10862.5,14.223415335126298,14.223415335126298,True,0.8776220408264853,False
2824,2608,10866.666666666668,14.089285714285715,14.089285714285715,True,0.8711636675644324,False
2825,2609,10870.833333333334,14.041666666666666,14.0,True,0.8724056377611232,False
2826,2610,10875.0,14.041666666666666,13.911541513104012,True,0.8737818283575738,False
2827,2611,10879.166666666666,14.041666666666666,13.944944730322087,True,0.874370954282436,False
2828,2612,10883.333333333332,14.041666666666666,14.041666666666666,True,0.8766852726119893,False
2829,2613,10887.5,14.170935947066413,14.170935947066413,True,0.879427642727242,False
2830,2614,10891.666666666668,14.254608242753624,14.254608242753624,True,0.8756194648999638,False
2831,2615,10895.833333333334,14.280714573674663,14.280714573674663,True,0.8799751528075005,False
2832,2616,10900.0,14.311367541393315,14.311367541393315,True,0.8804464948493507,False
2833,2617,10904.166666666666,14.360943775100402,14.360943775100402,True,0.8794480392206643,False
2834,2618,10908.333333333334,14.416666666666666,14.416666666666666,True,0.8772738939107027,False
2835,2619,10912.5,14.46482683982684,14.46482683982684,True,0.8795643592268307,False
2836,2620,10916.666666666666,14.501057330827066,14.532738095238095,True,0.8805008625903348,False
2837,2621,10920.833333333332,14.501057330827066,14.52209249084249,True,0.8766532776317734,False
2838,2622,10925.0,14.501057330827066,14.515859962406017,True,0.8762438607234169,False
2839,2623,10929.166666666668,14.501057330827066,14.501057330827066,True,0.8746465805258683,False
2840,2624,10933.333333333334,14.416666666666666,14.416666666666666,True,0.875178750012353,False
2841,2625,10937.5,14.333333333333334,14.333333333333334,True,0.8736365745875593,False
2842,2626,10941.666666666666,14.271692805245436,14.271692805245436,True,0.873029830969398,False
2843,2627,10945.833333333332,14.238162878787877,14.238162878787877,True,0.8754297645961466,False
2844,2628,10950.0,14.19078947368421,14.19078947368421,True,0.8755537062593959,False
2845,2629,10954.166666666668,14.12431129476584,14.12431129476584,True,0.8747153631671019,False
2846,2630,10958.333333333334,13.9997591522158,13.9997591522158,True,0.8728147468130533,False
2847,2631,10962.5,13.992647058823529,13.935379241516967,True,0.8762088450360432,False
2848,2632,10966.666666666666,13.992647058823529,13.853049038258296,True,0.8723492498109969,False
2849,2633,10970.833333333334,13.992647058823529,13.883487654320987,True,0.8738577582786554,False
2850,2634,10975.0,13.992647058823529,13.992647058823529,True,0.875079987103153,False
2851,2635,10979.166666666666,14.1101598173516,14.1101598173516,True,0.877190672806269,False
2852,2636,10983.333333333332,14.23706896551724,14.23706896551724,True,0.8808547519859699,False
2853,2637,10987.5,14.331006768189509,14.331006768189509,True,0.8806388944888557,False
2854,2638,10991.666666666668,14.392605633802816,14.392605633802816,True,0.8848040809667885,False
2855,2639,10995.833333333334,14.399305555555555,14.399305555555555,True,0.8876065489297051,False
2856,2640,11000.0,14.433436447811447,14.433436447811447,True,0.8836575011176564,False
2857,2641,11004.166666666666,14.433436447811447,14.447565543071162,True,0.8832470383229551,False
2858,2642,11008.333333333332,14.443560606060606,14.465201465201465,True,0.8814484841836357,False
2859,2643,11012.5,14.447565543071162,14.443560606060606,True,0.8815444957047602,False
2860,2644,11016.666666666668,14.447565543071162,14.42739879129067,True,0.876833347523266,False
2861,2645,11020.833333333334,14.443560606060606,14.449600548997205,True,0.8772082282217414,False
2862,2646,11025.0,14.441985645933014,14.471649484536082,True,0.8770211310579309,False
2863,2647,11029.166666666666,14.42739879129067,14.416666666666666,True,0.8761548667263969,False
2864,2648,11033.333333333334,14.416666666666666,14.441985645933014,True,0.8762788822624714,False
2865,2649,11037.5,14.395125693409504,14.395125693409504,True,0.8770455205100428,False
2866,2650,11041.666666666666,14.301048565121413,14.301048565121413,True,0.8726049015540883,False
2867,2651,11045.833333333332,14.255937349687349,14.255937349687349,True,0.8750598753850625,False
2868,2652,11050.0,14.166666666666666,14.166666666666666,True,0.8761551681153991,False
2869,2653,11054.166666666668,14.046637331594958,14.046637331594958,True,0.8763764285059663,False
2870,2654,11058.333333333334,13.88764255702281,13.88764255702281,True,0.8736042407564858,False
2871,2655,11062.5,13.833333333333334,13.75,True,0.8748559211287074,False
2872,2656,11066.666666666666,13.833333333333334,13.692880794701987,True,0.8742782969956708,False
2873,2657,11070.833333333332,13.833333333333334,13.718832020997375,True,0.8751531650971175,False
2874,2658,11075.0,13.833333333333334,13.833333333333334,True,0.8710546544915182,False
2875,2659,11079.166666666668,13.93648414601652,13.93648414601652,True,0.8738259504836865,False
2876,2660,11083.333333333334,14.014492753623188,14.014492753623188,True,0.8751520804960424,False
2877,2661,11087.5,14.139775413711584,14.139775413711584,True,0.8756782691598619,False
2878,2662,11091.666666666666,14.250234142188168,14.250234142188168,True,0.8738650176084213,False
2879,2663,11095.833333333334,14.27657004830918,14.27657004830918,True,0.8726949388514696,False
2880,2664,11100.0,14.298197399527188,14.30613425925926,True,0.8727027491310455,False
2881,2665,11104.166666666666,14.298197399527188,14.323095238095236,True,0.8744535716818985,False
2882,2666,11108.333333333332,14.298197399527188,14.316935483870969,True,0.8762633277237224,False
2883,2667,11112.5,14.298197399527188,14.298197399527188,True,0.8755025344470732,False
2884,2668,11116.666666666668,14.262411347517732,14.262411347517732,True,0.8760798016283812,False
2885,2669,11120.833333333334,14.239836663979915,14.239836663979915,True,0.874986063219938,False
2886,2670,11125.0,14.191939890710382,14.191939890710382,True,0.8771371424576176,False
2887,2671,11129.166666666666,14.12085262345679,14.12085262345679,True,0.873996989456097,False
2888,2672,11133.333333333332,14.070637664293537,14.070637664293537,True,0.8757475898806016,False
2889,2673,11137.5,14.020455582164443,14.020455582164443,True,0.8802585292655717,False
2890,2674,11141.666666666668,13.918229166666668,13.918229166666668,True,0.8799266093466925,False
2891,2675,11145.833333333334,13.83807720118858,13.83578431372549,True,0.8757194212911221,False
2892,2676,11150.0,13.83807720118858,13.830467372134038,True,0.8760490924808751,False
2893,2677,11154.166666666666,13.83807720118858,13.835573476702509,True,0.8780440321087584,False
2894,2678,11158.333333333334,13.83807720118858,13.83807720118858,True,0.8751802482076954,False
2895,2679,11162.5,13.843279569892474,13.843279569892474,True,0.8745329309150259,False
2896,2680,11166.666666666666,13.847997685185186,13.847997685185186,True,0.8761429069218235,False
2897,2681,11170.833333333332,13.854928168757956,13.92145325203252,True,0.8732561004272629,False
2898,2682,11175.0,13.854928168757956,13.935367454068242,True,0.8733250174795599,False
2899,2683,11179.166666666668,13.854928168757956,13.854928168757956,True,0.8742552506877032,False
2900,2684,11183.333333333334,13.854928168757956,13.878787878787877,True,0.8770353983616638,False
2901,2685,11187.5,13.811887254901961,13.811887254901961,True,0.8763317790210756,False
2902,2686,11191.666666666666,13.773981829573936,13.773981829573936,True,0.8767411399705025,False
2903,2687,11195.833333333332,13.765269151138718,13.765269151138718,True,0.8765404960092342,False
2904,2688,11200.0,13.765269151138718,13.738095238095239,True,0.8731963346223429,False
2905,2689,11204.166666666668,13.765269151138718,13.737612612612613,True,0.8781770854058774,False
2906,2690,11208.333333333334,13.765269151138718,13.762818100358423,True,0.8782648212254002,False
2907,2691,11212.5,13.849789915966385,13.849789915966385,True,0.8768966331456275,False
2908,2692,11216.666666666666,13.970660749506903,13.970660749506903,True,0.8793605796428594,False
2909,2693,11220.833333333334,14.0,14.0,True,0.8742284612329486,False
2910,2694,11225.0,14.026641414141414,14.026641414141414,True,0.8799521908004039,False
2911,2695,11229.166666666666,14.026641414141414,14.087694377990431,True,0.8755974851827117,False
2912,2696,11233.333333333332,14.026641414141414,14.102355072463768,True,0.8818701417303254,False
2913,2697,11237.5,14.026641414141414,14.088068181818182,True,0.8759490576540175,False
2914,2698,11241.666666666668,14.015325670498084,14.005070546737214,True,0.8790805832358722,False
2915,2699,11245.833333333334,14.005070546737214,14.015325670498084,True,0.8824463859387758,False
2916,2700,11250.0,13.959061262520384,13.959061262520384,True,0.8796458466923325,False
2917,2701,11254.166666666666,13.868202227011494,13.868202227011494,True,0.8729144619794822,False
2918,2702,11258.333333333332,13.831111111111111,13.831111111111111,True,0.8763312161234871,False
2919,2703,11262.5,13.777356902356901,13.767605633802816,True,0.8748820559895056,False
2920,2704,11266.666666666668,13.777356902356901,13.745535714285715,True,0.8741119111281761,False
2921,2705,11270.833333333334,13.773410474609102,13.751153462596884,True,0.8720317483436837,False
2922,2706,11275.0,13.773410474609102,13.777356902356901,True,0.8721355276061714,False
2923,2707,11279.166666666666,13.777356902356901,13.777500000000002,True,0.8717206874036378,False
2924,2708,11283.333333333334,13.777356902356901,13.773410474609102,True,0.8715800841709244,False
2925,2709,11287.5,13.777356902356901,13.787849872773537,True,0.8718133752342561,False
2926,2710,11291.666666666666,13.773410474609102,13.807947087776867,True,0.877365478509418,False
2927,2711,11295.833333333332,13.76823724753661,13.76823724753661,True,0.8773771889264129,False
2928,2712,11300.0,13.75,13.746443089430892,True,0.8779425541980973,False
2929,2713,11304.166666666668,13.75,13.75,True,0.8806499297494091,False
2930,2714,11308.333333333334,13.75,13.75,True,0.8801639083290517,False
2931,2715,11312.5,13.75,13.75,True,0.8796201944567233,False
2932,2716,11316.666666666666,13.764930555555557,13.764930555555557,True,0.877149393717016,False
2933,2717,11320.833333333332,13.818130630630632,13.818130630630632,True,0.8776106478824309,False
2934,2718,11325.0,13.830298013245033,13.830298013245033,True,0.8770482794881772,False
2935,2719,11329.166666666668,13.831861772486773,13.84452736318408,True,0.8797621393378757,False
2936,2720,11333.333333333334,13.831861772486773,13.845703125,True,0.8807225955147266,False
2937,2721,11337.5,13.831861772486773,13.856292517006802,True,0.8783405080064255,False
2938,2722,11341.666666666666,13.831861772486773,13.831861772486773,True,0.8786327108339106,False
2939,2723,11345.833333333334,13.79318181818182,13.79318181818182,True,0.8754482138973,False
2940,2724,11350.0,13.774728997289971,13.774728997289971,True,0.8751683991119651,False
2941,2725,11354.166666666666,13.752557319223987,13.736588753712041,True,0.8742682036012706,False
2942,2726,11358.333333333332,13.751659268983913,13.7265625,True,0.8747220538556713,False
2943,2727,11362.5,13.751649216887982,13.75,True,0.8767266018489491,False
2944,2728,11366.666666666668,13.751649216887982,13.752557319223987,True,0.8747961557248284,False
2945,2729,11370.833333333334,13.751659268983913,13.751659268983913,True,0.8763872687127279,False
2946,2730,11375.0,13.751659268983913,13.751649216887982,True,0.8773954349843931,False
2947,2731,11379.166666666666,13.752557319223987,13.754135796204201,True,0.8745358016469951,False
2948,2732,11383.333333333332,13.751659268983913,13.75503663003663,True,0.876151778013038,False
2949,2733,11387.5,13.751649216887982,13.746166506101476,True,0.876544545167919,False
2950,2734,11391.666666666668,13.75,13.75570337521557,True,0.8771852802685183,False
2951,2735,11395.833333333334,13.75,13.75,True,0.8780980979462029,False
2952,2736,11400.0,13.75,13.75,True,0.879009124831326,False
2953,2737,11404.166666666666,13.75,13.75,True,0.8797483592018435,False
2954,2738,11408.333333333334,13.75,13.736652265337858,True,0.8772344505827527,False
2955,2739,11412.5,13.75,13.757723577235772,True,0.8772652718139212,False
2956,2740,11416.666666666666,13.75,13.770136770388447,True,0.8769858654547067,False
2957,2741,11420.833333333332,13.75,13.754746753246755,True,0.8763471776093605,False
2958,2742,11425.0,13.75,13.739545573942737,True,0.8747072347988107,False
2959,2743,11429.166666666668,13.75,13.74922839506173,True,0.8750896295297523,False
2960,2744,11433.333333333334,13.75,13.75,True,0.875842863669796,False
2961,2745,11437.5,13.75,13.75,True,0.8758786568760414,False
2962,2746,11441.666666666666,13.75,13.75,True,0.8757110282230179,False
2963,2747,11445.833333333332,13.75,13.745802697351111,True,0.8748009189896091,False
2964,2748,11450.0,13.75145938282166,13.756454220232628,True,0.8759261707048576,False
2965,2749,11454.166666666668,13.75320512820513,13.75145938282166,True,0.8759913931755794,False
2966,2750,11458.333333333334,13.75320512820513,13.758022774327122,True,0.8772037139309722,False
2967,2751,11462.5,13.75320512820513,13.754166666666668,True,0.876588267466469,False
2968,2752,11466.666666666666,13.75320512820513,13.75320512820513,True,0.8791511392555603,False
2969,2753,11470.833333333334,13.7533014571949,13.75,True,0.8795919623933807,False
2970,2754,11475.0,13.75320512820513,13.750301932367151,True,0.8795498631718709,False
2971,2755,11479.166666666666,13.75320512820513,13.754805725971371,True,0.8787812440186473,False
2972,2756,11483.333333333332,13.75297619047619,13.7533014571949,True,0.8784943483594153,False
2973,2757,11487.5,13.75297619047619,13.75297619047619,True,0.8760105769942368,False
2974,2758,11491.666666666668,13.75297619047619,13.75595479082321,True,0.8770510077878917,False
2975,2759,11495.833333333334,13.752546296296297,13.751827485380117,True,0.8783922490785319,False
2976,2760,11500.0,13.752232142857144,13.752232142857144,True,0.8797571097258192,False
2977,2761,11504.166666666666,13.751827485380117,13.752546296296297,True,0.8788622421153394,False
2978,2762,11508.333333333332,13.750393081761006,13.75,True,0.8798480939044303,False
2979,2763,11512.5,13.750393081761006,13.75,True,0.8774208777884932,False
2980,2764,11516.666666666668,13.75,13.75,True,0.8789650193093871,False
2981,2765,11520.833333333334,13.75,13.750393081761006,True,0.8766159258533887,False
2982,2766,11525.0,13.75,13.751695736434108,True,0.8764797155093595,False
2983,2767,11529.166666666666,13.750393081761006,13.749387254901961,True,0.8764254818868781,False
2984,2768,11533.333333333334,13.750393081761006,13.75,True,0.87644114097864,False
2985,2769,11537.5,13.75062375249501,13.751811594202898,True,0.876353419084298,False
2986,2770,11541.666666666666,13.75,13.751811594202898,True,0.8763878951250951,False
2987,2771,11545.833333333332,13.75,13.74970238095238,True,0.8751765992841113,False
2988,2772,11550.0,13.75,13.75062375249501,True,0.8764145133476894,False
2989,2773,11554.166666666668,13.75,13.75,True,0.8749457787256,False
2990,2774,11558.333333333334,13.75,13.75,True,0.8760482306115113,False
2991,2775,11562.5,13.75,13.75,True,0.8760706107642288,False
2992,2776,11566.666666666666,13.75,13.75,True,0.8761472484493734,False
2993,2777,11570.833333333332,13.75,13.75,True,0.8759672672453162,False
2994,2778,11575.0,13.75,13.75,True,0.876091593572684,False
2995,2779,11579.166666666668,13.75,13.75,True,0.8766559550339074,False
2996,2780,11583.333333333334,13.75,13.75,True,0.8775091466894188,False
2997,2781,11587.5,13.75,13.75,True,0.8761806863530507,False
2998,2782,11591.666666666666,13.75,13.75,True,0.8759526441967361,False
2999,2783,11595.833333333334,13.75,13.75,True,0.8766629084268357,False
3000,2784,11600.0,13.755664682539683,13.757558139534884,True,0.8778923179826854,False
3001,2785,11604.166666666666,13.755664682539683,13.757857142857143,True,0.8756992723973755,False
3002,2786,11608.333333333332,13.755785759130566,13.757857142857143,True,0.8759667748549471,False
3003,2787,11612.5,13.755989265609282,13.755664682539683,True,0.8762676759908704,False
3004,2788,11616.666666666668,13.755785759130566,13.755664682539683,True,0.87660521761141,False
3005,2789,11620.833333333334,13.755664682539683,13.755785759130566,True,0.8768016363104575,False
3006,2790,11625.0,13.755664682539683,13.755989265609282,True,0.8768947215443389,False
3007,2791,11629.166666666666,13.751563020016164,13.751563020016164,True,0.8765118083214831,False
3008,2792,11633.333333333332,13.751561802766622,13.751439836966151,True,0.8763001371935465,False
3009,2793,11637.5,13.751561802766622,13.751561802766622,True,0.8788445830860684,False
3010,2794,11641.666666666668,13.751561802766622,13.750965893951504,True,0.8790828084894252,False
3011,2795,11645.833333333334,13.751561802766622,13.74833844580777,True,0.8769590887442731,False
3012,2796,11650.0,13.75186965811966,13.75186965811966,True,0.8766796808867124,False
3013,2797,11654.166666666666,13.75186965811966,13.75186965811966,True,0.8756524099538664,False
3014,2798,11658.333333333334,13.75186965811966,13.75186965811966,True,0.8758826924425175,False
3015,2799,11662.5,13.751891762452109,13.751891762452109,True,0.8765561431667058,False
3016,2800,11666.666666666666,13.756748782315475,13.756748782315475,True,0.8765478389200371,False
3017,2801,11670.833333333332,13.757047172912559,13.757047172912559,True,0.8764688865442861,False
3018,2802,11675.0,13.757509811490701,13.757509811490701,True,0.8777573587896786,False
3019,2803,11679.166666666668,13.766453814998693,13.7665592641551,True,0.8767324360519753,False
3020,2804,11683.333333333334,13.766489650510826,13.766489650510826,True,0.8762481681818919,False
3021,2805,11687.5,13.766489650510826,13.766489650510826,True,0.8765363093121754,False
3022,2806,11691.666666666666,13.766489650510826,13.766453814998693,True,0.8762792219011051,False
3023,2807,11695.833333333332,13.766489650510826,13.766817876344087,True,0.8763243941694763,False
3024,2808,11700.0,13.766453814998693,13.766817876344087,True,0.8767838003852442,True
3025,2809,11704.166666666668,13.766337778578723,13.766337778578723,True,0.8761419968557947,True
3026,2810,11708.333333333334,13.76532506470843,13.76532506470843,True,0.8773710080811816,True
3027,2811,11712.5,13.764333000665337,13.762483361356312,True,0.8773350701509263,False
3028,2812,11716.666666666666,13.764333000665337,13.7620473164828,True,0.8772424706296225,False
3029,2813,11720.833333333334,13.762483361356312,13.761795710339475,True,0.8771653214611979,False
3030,2814,11725.0,13.7620473164828,13.764333000665337,True,0.8769853551556159,False
3031,2815,11729.166666666666,13.7620473164828,13.768533790871977,True,0.8751262087513616,False
3032,2816,11733.333333333332,13.764333000665337,13.75,True,0.8740820530275523,False
3033,2817,11737.5,13.768533790871977,13.751148293963254,True,0.8748185780277815,False
3034,2818,11741.666666666668,13.822368421052632,13.822368421052632,True,0.8769882973054612,False
3035,2819,11745.833333333334,13.83648088023088,13.83648088023088,True,0.8768556696362779,False
3036,2820,11750.0,13.8515625,13.8515625,True,0.8763889784328152,False
3037,2821,11754.166666666666,13.905045351473923,13.905045351473923,True,0.8783695113900897,False
3038,2822,11758.333333333332,13.93860946745562,13.93860946745562,True,0.8775489591779433,False
3039,2823,11762.5,14.02966196895425,14.02966196895425,True,0.8794762167565094,False
3040,2824,11766.666666666668,14.14690170940171,14.14690170940171,True,0.8800993952759195,False
3041,2825,11770.833333333334,14.259562211981567,14.259562211981567,True,0.880497876806756,False
3042,2826,11775.0,14.467147435897436,14.467147435897436,True,0.8869275586922706,False
3043,2827,11779.166666666666,14.725446428571429,14.725446428571429,True,0.886914929409785,False
3044,2828,11783.333333333334,15.040798611111112,15.040798611111112,True,0.8887142163630057,False
3045,2829,11787.5,15.443166544477029,15.443166544477029,True,0.882246947037467,False
3046,2830,11791.666666666666,15.987568858415377,15.987568858415377,True,0.8840841073722793,False
3047,2831,11795.833333333332,16.67078942232631,16.67078942232631,True,0.8766874158203155,False
3048,2832,11800.0,17.646329365079364,17.646329365079364,True,0.9176054428257591,False
3049,2833,11804.166666666668,18.856740481740484,18.856740481740484,True,0.9314007403807987,False
3050,2834,11808.333333333334,20.425,20.425,True,0.9231778283633613,False
3051,2835,11812.5,23.467580889787666,23.467580889787666,True,0.9566197181282465,False
3052,2836,11816.666666666666,23.525000000000002,23.525000000000002,True,0.9609033079981479,False
3053,2837,11820.833333333332,23.5764157014157,23.608227079538555,True,0.9612285897337333,False
3054,2838,11825.0,23.5764157014157,23.615171523982998,True,0.9593107642292336,False
3055,2839,11829.166666666668,23.5764157014157,23.62037037037037,True,0.959047157954388,False
3056,2840,11833.333333333334,23.5764157014157,23.5764157014157,True,0.9579726254033444,False
3057,2841,11837.5,23.569444444444446,23.48888888888889,True,0.9566831900530244,False
3058,2842,11841.666666666666,23.569444444444446,23.48431174089069,True,0.9575327316552072,False
3059,2843,11845.833333333334,23.562635281385283,23.511666666666667,True,0.956881621244877,False
3060,2844,11850.0,23.511666666666667,23.569444444444446,True,0.9564044351720503,False
3061,2845,11854.166666666666,23.511666666666667,23.59181763285024,True,0.9549571071259205,False
3062,2846,11858.333333333332,23.511666666666667,23.562635281385283,True,0.954186296864611,False
3063,2847,11862.5,23.49229166666667,23.49229166666667,True,0.9532466930889639,False
3064,2848,11866.666666666668,23.347426470588236,23.347426470588236,True,0.9492252107062557,False
3065,2849,11870.833333333334,23.24658869395712,23.24658869395712,True,0.9399713669889944,False
3066,2850,11875.0,21.433943089430898,21.433943089430898,True,0.9440626645903168,False
3067,2851,11879.166666666666,20.628205128205128,20.628205128205128,True,0.9412720434746387,False
3068,2852,11883.333333333332,19.751190476190477,19.751190476190477,True,0.9337032866890554,False
3069,2853,11887.5,18.731060606060606,18.731060606060606,True,0.9268409581440579,False
3070,2854,11891.666666666668,17.571428571428573,17.571428571428573,True,0.8326167666284685,False
3071,2855,11895.833333333334,16.223039215686274,16.223039215686274,True,0.841217357191659,False
3072,2856,11900.0,15.181986297630745,14.862037037037036,True,0.8401326670886174,False
3073,2857,11904.166666666666,15.181986297630745,14.595156375477154,True,0.8435151544667521,False
3074,2858,11908.333333333334,15.181986297630745,14.802068764568764,True,0.8424479101279662,False
3075,2859,11912.5,15.181986297630745,15.181986297630745,True,0.8399191107849746,False
3076,2860,11916.666666666666,15.301948051948052,15.513703120902179,True,0.8402421150685961,False
3077,2861,11920.833333333332,15.301948051948052,15.638839587559161,True,0.8852270442493293,False
3078,2862,11925.0,15.301948051948052,15.639705882352942,True,0.8819791324031527,False
3079,2863,11929.166666666668,15.421006944444445,15.301948051948052,True,0.8711781577426451,False
3080,2864,11933.333333333334,15.421006944444445,15.00679347826087,True,0.8613697817995918,False
3081,2865,11937.5,15.421006944444445,15.03791106740959,True,0.8582562121883145,False
3082,2866,11941.666666666666,15.421006944444445,15.421006944444445,True,0.858961706655428,False
3083,2867,11945.833333333332,15.768786075036076,15.768786075036076,True,0.8478791464400482,False
3084,2868,11950.0,16.136571191365714,16.136571191365714,True,0.9074707603530386,False
3085,2869,11954.166666666668,16.264863547758285,16.333333333333332,True,0.9069386180373334,False
3086,2870,11958.333333333334,16.281462585034014,16.32487633449172,True,0.9102107431431288,False
3087,2871,11962.5,16.32487633449172,16.264863547758285,True,0.916334347500628,False
3088,2872,11966.666666666666,16.333333333333332,16.281462585034014,True,0.8609895299776807,False
3089,2873,11970.833333333334,16.40972222222222,16.417080573951434,True,0.8807034591713959,False
3090,2874,11975.0,16.40972222222222,16.53921568627451,True,0.876819896091933,False
3091,2875,11979.166666666666,16.40972222222222,16.506951183494365,True,0.8708585221471573,False
3092,2876,11983.333333333332,16.40972222222222,16.40972222222222,True,0.8620100124505976,False
3093,2877,11987.5,16.228535353535353,16.228535353535353,True,0.8608183270384663,False
3094,2878,11991.666666666668,16.174403239556693,16.14926160337553,True,0.8483413545526065,False
3095,2879,11995.833333333334,16.169726107226108,16.169726107226108,True,0.8443097450569619,False
3096,2880,12000.0,16.149490203918432,16.174403239556693,True,0.9077454499727478,False
3097,2881,12004.166666666666,16.14926160337553,16.149490203918432,True,0.9061111433666369,False
3098,2882,12008.333333333332,15.997387890341322,15.997387890341322,True,0.8652355517063527,False
3099,2883,12012.5,15.75,15.75,True,0.8513268155841732,False
3100,2884,12016.666666666668,15.635416666666666,15.635416666666666,True,0.8582341764898624,False
3101,2885,12020.833333333334,15.360197368421053,15.360197368421053,True,0.8585708698655509,False
3102,2886,12025.0,15.179964539007093,15.179964539007093,True,0.8655245154940177,False
3103,2887,12029.166666666666,15.015458640458641,15.015458640458641,True,0.8655262374512885,False
3104,2888,12033.333333333334,14.826476793248945,14.826476793248945,True,0.8715861145701541,False
3105,2889,12037.5,14.50631313131313,14.50631313131313,True,0.8761228199037755,False
3106,2890,12041.666666666666,14.328811987363418,14.302860696517413,True,0.8733889985126727,False
3107,2891,12045.833333333332,14.328811987363418,14.246296296296295,True,0.8791266431590545,False
3108,2892,12050.0,14.328811987363418,14.285531697341513,True,0.8853408425974105,False
3109,2893,12054.166666666668,14.328811987363418,14.328811987363418,True,0.8824692535533816,False
3110,2894,12058.333333333334,14.461148648648647,14.461148648648647,True,0.8865366943596175,False
3111,2895,12062.5,14.595774161530345,14.595774161530345,True,0.8838248182310265,False
3112,2896,12066.666666666666,14.680752693527234,14.680752693527234,True,0.8808468475278349,False
3113,2897,12070.833333333332,14.752747252747254,14.752747252747254,True,0.8754412774030033,False
3114,2898,12075.0,14.941666666666668,14.941666666666668,True,0.8726362481037941,False
3115,2899,12079.166666666668,15.155822154851393,15.155822154851393,True,0.8752767868353536,False
3116,2900,12083.333333333334,15.293439716312058,15.293439716312058,True,0.8301508984675422,False
3117,2901,12087.5,15.434405512297616,15.434405512297616,True,0.8688446050942804,False
3118,2902,12091.666666666666,15.531666666666666,15.531666666666666,True,0.829834402702895,False
3119,2903,12095.833333333334,15.541666666666666,15.580056179775282,True,0.8372737811322883,False
3120,2904,12100.0,15.541666666666666,15.583333333333334,True,0.8347535749486427,False
3121,2905,12104.166666666666,15.541666666666666,15.583333333333334,True,0.8347932842254496,False
3122,2906,12108.333333333332,15.541666666666666,15.541666666666666,True,0.8422943917816627,False
3123,2907,12112.5,15.44686492448668,15.44686492448668,True,0.8372590530071246,False
3124,2908,12116.666666666668,15.247295321637429,15.247295321637429,True,0.8777954969294288,False
3125,2909,12120.833333333334,15.013888888888888,15.013888888888888,True,0.8786635038468676,False
3126,2910,12125.0,14.916666666666666,14.916666666666666,True,0.8822871795550334,False
3127,2911,12129.166666666666,14.707750582750583,14.707750582750583,True,0.8784125756149043,False
3128,2912,12133.333333333332,14.638462769624743,14.638462769624743,True,0.8757689194369807,False
3129,2913,12137.5,14.588675213675215,14.588443396226415,True,0.8806707792068768,False
3130,2914,12141.666666666668,14.588443396226415,14.588675213675215,True,0.8850705134158802,False
3131,2915,12145.833333333334,14.442404311683566,14.442404311683566,True,0.8850200979434236,False
3132,2916,12150.0,14.27992957746479,14.27992957746479,True,0.8826120216915513,False
3133,2917,12154.166666666666,14.263888888888888,14.097222222222221,True,0.8777575207558995,False
3134,2918,12158.333333333334,14.263888888888888,14.1008662538463,True,0.876757271122486,False
3135,2919,12162.5,14.263888888888888,14.17141006749691,True,0.8751664444969852,False
3136,2920,12166.666666666666,14.263888888888888,14.263888888888888,True,0.8728102689525897,False
3137,2921,12170.833333333332,14.406044702580028,14.406044702580028,True,0.8752756335270852,False
3138,2922,12175.0,14.592803030303031,14.592803030303031,True,0.8777431665480135,False
3139,2923,12179.166666666668,14.774509803921568,14.774509803921568,True,0.883210082720177,False
3140,2924,12183.333333333334,14.849437627811861,14.879253098912217,True,0.88293776744274,False
3141,2925,12187.5,14.849437627811861,14.903846153846153,True,0.8792423130634387,False
3142,2926,12191.666666666666,14.849437627811861,14.890625,True,0.8791561048864189,False
3143,2927,12195.833333333332,14.849437627811861,14.849437627811861,True,0.8791851244441863,False
3144,2928,12200.0,14.815949227373068,14.815949227373068,True,0.8792530240322889,False
3145,2929,12204.166666666668,14.742333333333333,14.742333333333333,True,0.8780863800155937,False
3146,2930,12208.333333333334,14.62,14.62,True,0.876442140329589,False
3147,2931,12212.5,14.470837925785965,14.470837925785965,True,0.8759424339902459,False
3148,2932,12216.666666666666,14.309375000000001,14.309375000000001,True,0.8695013453784006,False
3149,2933,12220.833333333334,14.255048959608322,14.158513289036543,True,0.8701838992384903,False
3150,2934,12225.0,14.255048959608322,14.13101783668794,True,0.8276445594779542,False
3151,2935,12229.166666666666,14.229437229437229,14.143320568320568,True,0.8280017963948859,False
3152,2936,12233.333333333332,14.227924944812363,14.255048959608322,True,0.827604443393081,False
3153,2937,12237.5,14.229437229437229,14.270833333333334,True,0.8313284034016841,False
3154,2938,12241.666666666668,14.229437229437229,14.229437229437229,True,0.8271026206898542,False
3155,2939,12245.833333333334,14.229838709677418,14.227924944812363,True,0.8759446106796717,False
3156,2940,12250.0,14.229838709677418,14.229838709677418,True,0.8770001646321912,False
3157,2941,12254.166666666666,14.229838709677418,14.226502634099617,True,0.8765491701085036,False
3158,2942,12258.333333333332,14.254629629629628,14.254629629629628,True,0.8792609703581311,False
3159,2943,12262.5,14.34965886939571,14.34965886939571,True,0.880214097662734,False
3160,2944,12266.666666666668,14.386019283746556,14.475634284016637,True,0.8817179183416515,False
3161,2945,12270.833333333334,14.386019283746556,14.51125730994152,True,0.8829017033081634,False
3162,2946,12275.0,14.386019283746556,14.44812925170068,True,0.8835687007408098,False
3163,2947,12279.166666666666,14.386019283746556,14.386019283746556,True,0.884702383973708,False
3164,2948,12283.333333333334,14.34111252443879,14.316579628867393,True,0.8811850699560053,False
3165,2949,12287.5,14.34111252443879,14.271048280423281,True,0.8783634189966734,False
3166,2950,12291.666666666666,14.333444741532977,14.333444741532977,True,0.8810743665043791,False
3167,2951,12295.833333333332,14.333333333333334,14.34111252443879,True,0.8821595626063055,False
3168,2952,12300.0,14.333333333333334,14.394427402862986,True,0.8789123572565706,False
3169,2953,12304.166666666668,14.333444741532977,14.333333333333334,True,0.877438409577226,False
3170,2954,12308.333333333334,14.333333333333334,14.296553497942389,True,0.8733080949718209,False
3171,2955,12312.5,14.333333333333334,14.333333333333334,True,0.8730715057303197,False
3172,2956,12316.666666666666,14.296553497942389,14.334566531014922,True,0.8715302952086443,False
3173,2957,12320.833333333332,14.247157748641627,14.247157748641627,True,0.872778317158612,False
3174,2958,12325.0,14.173329274891776,14.173329274891776,True,0.874220735681782,False
3175,2959,12329.166666666668,14.167817679558011,14.167817679558011,True,0.874458412361652,False
3176,2960,12333.333333333334,14.097504230118444,14.097504230118444,True,0.8736274474274,False
3177,2961,12337.5,14.097504230118444,14.0448060690798,True,0.8718417558018254,False
3178,2962,12341.666666666666,14.097504230118444,14.051767676767676,True,0.8719102405493436,False
3179,2963,12345.833333333334,14.097504230118444,14.09125,True,0.8723625553306309,False
3180,2964,12350.0,14.15532511267792,14.15532511267792,True,0.8356337618434212,False
3181,2965,12354.166666666666,14.213991769547325,14.213991769547325,True,0.8668130509359881,False
3182,2966,12358.333333333332,14.214173449804777,14.217857142857143,True,0.864896310857365,False
3183,2967,12362.5,14.217857142857143,14.225438596491228,True,0.8658934832654945,False
3184,2968,12366.666666666668,14.220991561181435,14.214173449804777,True,0.833464025354606,False
3185,2969,12370.833333333334,14.225438596491228,14.220991561181435,True,0.8256054424423833,False
3186,2970,12375.0,14.225438596491228,14.237342400097688,True,0.8294787346581689,False
3187,2971,12379.166666666666,14.220991561181435,14.237641476500201,True,0.841636653829622,False
3188,2972,12383.333333333332,14.220991561181435,14.233623548922056,True,0.8424294325203362,False
3189,2973,12387.5,14.15851302121794,14.15851302121794,True,0.8791857770849754,False
3190,2974,12391.666666666668,14.03064738292011,14.03064738292011,True,0.8792906450533178,False
3191,2975,12395.833333333334,14.03064738292011,13.891744548286605,True,0.8749352938570089,False
3192,2976,12400.0,14.03064738292011,13.851525821596246,True,0.872395260176215,False
3193,2977,12404.166666666666,14.03064738292011,13.953086419753086,True,0.871737778152882,False
3194,2978,12408.333333333334,14.088028169014086,14.110632183908045,True,0.8683318504784371,False
3195,2979,12412.5,14.110632183908045,14.088028169014086,True,0.8716435463869612,False
3196,2980,12416.666666666666,14.145808531746033,14.145808531746033,True,0.87209467476916,False
3197,2981,12420.833333333332,14.162590579710146,14.203159041394334,True,0.870919988087688,False
3198,2982,12425.0,14.162590579710146,14.162590579710146,True,0.8704107879455192,False
3199,2983,12429.166666666668,14.162590579710146,14.171680117388114,True,0.8702638923653742,False
3200,2984,12433.333333333334,14.162590579710146,14.17261904761905,True,0.8709193239295373,False
3201,2985,12437.5,14.102604166666666,14.102604166666666,True,0.870969405631921,False
3202,2986,12441.666666666666,14.083333333333334,14.083333333333334,True,0.8726800676822163,False
3203,2987,12445.833333333332,14.01322355289421,14.01322355289421,True,0.8701676351441837,False
3204,2988,12450.0,13.974236641221374,13.974236641221374,True,0.8716933865666251,False
3205,2989,12454.166666666668,13.961744639376219,13.921632740781677,True,0.8705634949613306,False
3206,2990,12458.333333333334,13.961744639376219,13.919211647727272,True,0.8683424128515168,False
3207,2991,12462.5,13.961744639376219,13.91367403314917,True,0.8722022434046618,False
3208,2992,12466.666666666666,13.961744639376219,13.961744639376219,True,0.8747811127690552,False
3209,2993,12470.833333333334,14.027813852813855,14.04714111922141,True,0.8752048435410057,False
3210,2994,12475.0,14.027813852813855,14.109395109395109,True,0.8748516843693982,False
3211,2995,12479.166666666666,14.027813852813855,14.103070175438596,True,0.8755640296625314,False
3212,2996,12483.333333333332,14.027813852813855,14.027813852813855,True,0.8803472486221477,False
3213,2997,12487.5,13.941610738255035,13.941610738255035,True,0.8803992517228368,False
3214,2998,12491.666666666668,13.941610738255035,13.868697478991598,True,0.8739965088830665,False
3215,2999,12495.833333333334,13.941610738255035,13.846500721500723,True,0.8737048245284476,False
3216,3000,12500.0,13.941610738255035,13.908454987834551,True,0.8727541411633469,False
3217,3001,12504.166666666666,13.946428571428571,13.946428571428571,True,0.8704634868144164,False
3218,3002,12508.333333333332,13.971141398158805,13.978333792849924,True,0.8745060617382291,False
3219,3003,12512.5,13.971141398158805,13.971141398158805,True,0.8727078227616829,False
3220,3004,12516.666666666668,13.971141398158805,14.027534113060428,True,0.8671908882754403,False
3221,3005,12520.833333333334,13.971141398158805,14.025110375275938,True,0.8684471556925607,False
3222,3006,12525.0,13.963923328398716,13.963923328398716,True,0.8714522574237907,False
3223,3007,12529.166666666666,13.932855626326964,13.932329424739292,True,0.8679688511402435,False
3224,3008,12533.333333333334,13.932329424739292,13.932855626326964,True,0.8717862395408924,False
3225,3009,12537.5,13.91309930900698,13.904451690062155,True,0.8720041132149808,False
3226,3010,12541.666666666666,13.91309930900698,13.894607843137257,True,0.871984122914167,False
3227,3011,12545.833333333332,13.904451690062155,13.897494887525562,True,0.8730840330892308,False
3228,3012,12550.0,13.902675276752767,13.91309930900698,True,0.8721291189129825,False
3229,3013,12554.166666666668,13.902675276752767,13.9183521745548,True,0.8727820630843881,False
3230,3014,12558.333333333334,13.905602631047293,13.902675276752767,True,0.872225548099124,False
3231,3015,12562.5,13.91309930900698,13.881720430107528,True,0.872570798728476,False
3232,3016,12566.666666666666,13.908420138888888,13.905602631047293,True,0.8729594265080247,False
3233,3017,12570.833333333332,13.908420138888888,13.913443440617351,True,0.8718971093174168,False
3234,3018,12575.0,13.908420138888888,13.916666666666666,True,0.8743019005882654,False
3235,3019,12579.166666666668,13.908420138888888,13.908420138888888,True,0.8735703340893466,False
3236,3020,12583.333333333334,13.908420138888888,13.915802213001383,True,0.8729585892457955,False
3237,3021,12587.5,13.906749781913348,13.906749781913348,True,0.8732704078181331,False
3238,3022,12591.666666666666,13.906749781913348,13.898946360153255,True,0.873514836163072,False
3239,3023,12595.833333333334,13.906749781913348,13.900063600639305,True,0.8730259022628659,False
3240,3024,12600.0,13.906289910600256,13.906289910600256,True,0.8740720559354511,False
3241,3025,12604.166666666666,13.900063600639305,13.915142112418453,True,0.8736369617923045,False
3242,3026,12608.333333333332,13.900063600639305,13.906993704897895,True,0.8726086900408082,False
3243,3027,12612.5,13.899691358024691,13.899691358024691,True,0.872651500872908,False
3244,3028,12616.666666666668,13.890165809033732,13.869444444444445,True,0.8726416386096764,False
3245,3029,12620.833333333334,13.888069168566156,13.862800243235027,True,0.8727389641466263,False
3246,3030,12625.0,13.885416666666666,13.877203741374496,True,0.8718952037408332,False
3247,3031,12629.166666666666,13.885416666666666,13.890165809033732,True,0.8711978417220012,False
3248,3032,12633.333333333332,13.888069168566156,13.888069168566156,True,0.870949970868057,False
3249,3033,12637.5,13.890165809033732,13.885416666666666,True,0.8712042774385497,False
3250,3034,12641.666666666668,13.892966360856269,13.893574297188755,True,0.8721193388599008,False
3251,3035,12645.833333333334,13.893574297188755,13.892966360856269,True,0.8734193935095053,False
3252,3036,12650.0,13.893574297188755,13.893987341772153,True,0.8733254037774986,False
3253,3037,12654.166666666666,13.893987341772153,13.896488469601678,True,0.8736347419456418,False
3254,3038,12658.333333333334,13.893987341772153,13.896880819366851,True,0.8734888482163278,False
3255,3039,12662.5,13.893987341772153,13.88514989329065,True,0.8738876209017217,False
3256,3040,12666.666666666666,13.88514989329065,13.89900548696845,True,0.8743632019440322,False
3257,3041,12670.833333333332,13.88514989329065,13.875700412081008,True,0.8735719190566104,False
3258,3042,12675.0,13.88419540229885,13.8655544118488,True,0.8735896464033587,False
3259,3043,12679.166666666668,13.883865248226952,13.882205054979925,True,0.8736624785578516,False
3260,3044,12683.333333333334,13.882352941176471,13.902777777777779,True,0.872604075712606,False
3261,3045,12687.5,13.882352941176471,13.88419540229885,True,0.8719791551052962,False
3262,3046,12691.666666666666,13.882352941176471,13.883865248226952,True,0.8741204123722308,False
3263,3047,12695.833333333332,13.882352941176471,13.882352941176471,True,0.8736216793470702,False
3264,3048,12700.0,13.881594724220625,13.881594724220625,True,0.8718716512704792,False
3265,3049,12704.166666666668,13.881594724220625,13.880787037037038,True,0.8723571204772402,False
3266,3050,12708.333333333334,13.881594724220625,13.876242211135823,True,0.8727706877895025,False
3267,3051,12712.5,13.881594724220625,13.87948717948718,True,0.8728459899789641,False
3268,3052,12716.666666666666,13.882575757575758,13.882575757575758,True,0.8732311685809208,False
3269,3053,12720.833333333334,13.887304250559284,13.887304250559284,True,0.8732195776203913,False
3270,3054,12725.0,13.88918439716312,13.88918439716312,True,0.8739518559732559,False
3271,3055,12729.166666666666,13.88976793248945,13.892261904761904,True,0.8728230018798071,False
3272,3056,12733.333333333332,13.889861995753714,13.892261904761904,True,0.8736237560545983,False
3273,3057,12737.5,13.892261904761904,13.88976793248945,True,0.8757886823394674,False
3274,3058,12741.666666666668,13.892261904761904,13.889861995753714,True,0.8759673067202005,False
3275,3059,12745.833333333334,13.89136904761905,13.89755985267035,True,0.8753442233405451,False
3276,3060,12750.0,13.891272189349111,13.90534682080925,True,0.8737957449132884,False
3277,3061,12754.166666666666,13.891272189349111,13.89136904761905,True,0.8730190155477702,False
3278,3062,12758.333333333332,13.891272189349111,13.891272189349111,True,0.8737620676934987,False
3279,3063,12762.5,13.889141414141413,13.889141414141413,True,0.8737232072756274,False
3280,3064,12766.666666666668,13.888002364066194,13.888002364066194,True,0.8721884861563725,False
3281,3065,12770.833333333334,13.888002364066194,13.888002364066194,True,0.8719080855150145,False
3282,3066,12775.0,13.886737089201878,13.886737089201878,True,0.8717631629278612,False
3283,3067,12779.166666666666,13.883417508417509,13.881690997566912,True,0.8721313023334695,False
3284,3068,12783.333333333334,13.881690997566912,13.86566091954023,True,0.8726592595183412,False
3285,3069,12787.5,13.877525252525253,13.871402877697841,True,0.8718233158030781,False
3286,3070,12791.666666666666,13.877525252525253,13.883417508417509,True,0.8725392968086725,False
3287,3071,12795.833333333332,13.877525252525253,13.877525252525253,True,0.8736773243746179,False
3288,3072,12800.0,13.881642512077294,13.877525252525253,True,0.8729644040951161,False
3289,3073,12804.166666666668,13.881642512077294,13.881642512077294,True,0.8730957734783729,False
3290,3074,12808.333333333334,13.880396632176911,13.884703196347033,True,0.8720875435871744,False
3291,3075,12812.5,13.880396632176911,13.88624510626398,True,0.8721394415529231,False
3292,3076,12816.666666666666,13.880396632176911,13.880396632176911,True,0.8730043603057335,False
3293,3077,12820.833333333332,13.880036006708101,13.880036006708101,True,0.8732467949421598,False
3294,3078,12825.0,13.872761258911495,13.872761258911495,True,0.8748777723678799,False
3295,3079,12829.166666666668,13.872057937596077,13.872057937596077,True,0.8727503341490196,False
3296,3080,12833.333333333334,13.872057937596077,13.872057937596077,True,0.8716658998281542,False
3297,3081,12837.5,13.872050147492624,13.872050147492624,True,0.8729155601039966,False
3298,3082,12841.666666666666,13.869402985074627,13.869402985074627,True,0.8718242062770866,False
3299,3083,12845.833333333334,13.868438320209973,13.867261904761904,True,0.8708533674319877,False
3300,3084,12850.0,13.868438320209973,13.868438320209973,True,0.8725759720069789,False
3301,3085,12854.166666666666,13.867261904761904,13.868438320209973,True,0.872542013412872,False
3302,3086,12858.333333333332,13.866721854304636,13.866721854304636,True,0.872527539113112,False
3303,3087,12862.5,13.863505747126437,13.85862445414847,True,0.8723485511251637,False
3304,3088,12866.666666666668,13.863425925925926,13.85862445414847,True,0.8723810271621087,False
3305,3089,12870.833333333334,13.86334498834499,13.844348659003833,True,0.8724520703439012,False
3306,3090,12875.0,13.863325281803542,13.863505747126437,True,0.8726186781549405,False
3307,3091,12879.166666666666,13.863325281803542,13.863425925925926,True,0.8725367898926358,False
3308,3092,12883.333333333332,13.86334498834499,13.86334498834499,True,0.8718813575199128,False
3309,3093,12887.5,13.863425925925926,13.863325281803542,True,0.8719244095177433,False
3310,3094,12891.666666666668,13.863425925925926,13.848226238286479,True,0.8720179619821886,False
3311,3095,12895.833333333334,13.865049751243781,13.865049751243781,True,0.8729491888266214,False
3312,3096,12900.0,13.865049751243781,13.865942028985508,True,0.872417789729497,False
3313,3097,12904.166666666666,13.865049751243781,13.865942028985508,True,0.8726259157438322,False
3314,3098,12908.333333333334,13.865049751243781,13.865956072351421,True,0.8729816785774172,False
3315,3099,12912.5,13.849696356275304,13.84959349593496,True,0.8726849001167607,False
3316,3100,12916.666666666666,13.849696356275304,13.849696356275304,True,0.8729060455219041,False
3317,3101,12920.833333333332,13.849696356275304,13.849696356275304,True,0.8732094192243224,False
3318,3102,12925.0,13.84959349593496,13.849696356275304,True,0.872130276411529,False
3319,3103,12929.166666666668,13.848333333333334,13.841261808367072,True,0.8728778363813456,False
3320,3104,12933.333333333334,13.846895424836601,13.841261808367072,True,0.8731649177649208,False
3321,3105,12937.5,13.845419847328245,13.840608465608467,True,0.8722295894614969,False
3322,3106,12941.666666666666,13.845419847328245,13.848333333333334,True,0.8726357859108224,False
3323,3107,12945.833333333332,13.845419847328245,13.846895424836601,True,0.8728116244189296,False
3324,3108,12950.0,13.845532319391635,13.845419847328245,True,0.8708393440178326,False
3325,3109,12954.166666666668,13.846895424836601,13.845419847328245,True,0.8708067991784718,False
3326,3110,12958.333333333334,13.846895424836601,13.845532319391635,True,0.871022779212467,False
3327,3111,12962.5,13.847899728997291,13.847899728997291,True,0.8741852623293254,False
3328,3112,12966.666666666666,13.848790322580646,13.848790322580646,True,0.8731816612856775,False
3329,3113,12970.833333333334,13.848790322580646,13.848790322580646,True,0.8717192659099375,False
3330,3114,12975.0,13.864333333333335,13.864333333333335,True,0.8715527082991186,False
3331,3115,12979.166666666666,13.868112947658403,13.869,True,0.8718920036966664,False
3332,3116,12983.333333333332,13.868112947658403,13.869990892531876,True,0.8719800155658552,False
3333,3117,12987.5,13.868112947658403,13.869990892531876,True,0.8707975281888143,False
3334,3118,12991.666666666668,13.868112947658403,13.868112947658403,True,0.8730761486682717,False
3335,3119,12995.833333333334,13.868055555555555,13.867621527777779,True,0.8730946259061353,True
3336,3120,13000.0,13.868055555555555,13.867621527777779,True,0.8718384913513862,True
3337,3121,13004.166666666666,13.868055555555555,13.868055555555555,True,0.8718334526535512,True
3338,3122,13008.333333333332,13.868055555555555,13.868055555555555,True,0.8725152154487557,True
3339,3123,13012.5,13.868169398907105,13.868169398907105,True,0.8729011121859516,True
3340,3124,13016.666666666668,13.868169398907105,13.868169398907105,True,0.8742164129770509,True
3341,3125,13020.833333333334,13.868224932249321,13.868224932249321,True,0.8730844387377968,True
3342,3126,13025.0,13.868224932249321,13.868224932249321,True,0.8731909002588986,True
3343,3127,13029.166666666666,13.868224932249321,13.868224932249321,True,0.8728959250215321,True
3344,3128,13033.333333333334,13.868224932249321,13.868224932249321,True,0.872529941429547,True
3345,3129,13037.5,13.868224932249321,13.86427392739274,True,0.8725213702658411,True
3346,3130,13041.666666666666,13.88425925925926,13.88425925925926,True,0.8727721517353979,True
3347,3131,13045.833333333332,13.88425925925926,13.88425925925926,True,0.874233531853627,True
3348,3132,13050.0,13.88425925925926,13.88425925925926,True,0.8728229565297323,True
3349,3133,13054.166666666668,13.884507829977629,13.884507829977629,True,0.8727028268669075,True
3350,3134,13058.333333333334,13.884803921568627,13.884803921568627,True,0.8735752207795597,True
3351,3135,13062.5,13.884803921568627,13.884803921568627,True,0.8748854478327799,True
3352,3136,13066.666666666666,13.884803921568627,13.884803921568627,True,0.8745947440251824,True
3353,3137,13070.833333333332,13.884803921568627,13.884803921568627,True,0.8725603106217441,True
3354,3138,13075.0,13.884803921568627,13.88474025974026,True,0.8726934493811239,True
3355,3139,13079.166666666668,13.884803921568627,13.88474025974026,True,0.8723312312286037,True
3356,3140,13083.333333333334,13.884803921568627,13.884803921568627,True,0.8723346304808626,True
3357,3141,13087.5,13.884803921568627,13.884803921568627,True,0.8716279751525857,True
3358,3142,13091.666666666666,13.884803921568627,13.884803921568627,True,0.8725521332212818,True
3359,3143,13095.833333333334,13.884803921568627,13.884803921568627,True,0.8731078907366774,True
3360,3144,13100.0,13.884803921568627,13.88474025974026,True,0.8733502794795643,True
3361,3145,13104.166666666666,13.884803921568627,13.88474025974026,True,0.8733961487725185,True
3362,3146,13108.333333333332,13.884803921568627,13.88474025974026,True,0.8733561361444867,True
3363,3147,13112.5,13.885340632603407,13.885340632603407,True,0.8736455436457784,True
3364,3148,13116.666666666668,13.886194029850747,13.886194029850747,True,0.8735153209095733,True
3365,3149,13120.833333333334,13.886194029850747,13.886194029850747,True,0.873273263710716,True
3366,3150,13125.0,13.886194029850747,13.886194029850747,True,0.8734533207091474,True
3367,3151,13129.166666666666,13.886194029850747,13.886194029850747,True,0.8729276660466724,True
3368,3152,13133.333333333332,13.886194029850747,13.886642156862743,True,0.8729545487953673,True
3369,3153,13137.5,13.882575757575758,13.86996644295302,True,0.8732916537239278,True
3370,3154,13141.666666666668,13.881944444444445,13.86996644295302,True,0.8734845566784407,True
3371,3155,13145.833333333334,13.879796163069544,13.882575757575758,True,0.8732767193568874,True
3372,3156,13150.0,13.879796163069544,13.881944444444445,True,0.8734326110440285,True
3373,3157,13154.166666666666,13.879796163069544,13.879796163069544,True,0.8732969147469558,True
3374,3158,13158.333333333334,13.879796163069544,13.879796163069544,True,0.8725956324417115,True
3375,3159,13162.5,13.870555555555555,13.870555555555555,True,0.8730659288078848,True
3376,3160,13166.666666666666,13.870192307692307,13.869692144373673,True,0.8719578800024083,True
3377,3161,13170.833333333332,13.87016129032258,13.86965811965812,True,0.871730207525839,True
3378,3162,13175.0,13.870065789473685,13.87016129032258,True,0.8709507745328579,True
3379,3163,13179.166666666668,13.870065789473685,13.870192307692307,True,0.8727161856503141,True
3380,3164,13183.333333333334,13.870098039215685,13.870065789473685,True,0.8719292891946125,True
3381,3165,13187.5,13.870098039215685,13.870065789473685,True,0.8728712184897224,True
3382,3166,13191.666666666666,13.870081914344684,13.870098039215685,True,0.8730819452986472,True
3383,3167,13195.833333333332,13.870065789473685,13.870098039215685,True,0.8744187108991178,True
3384,3168,13200.0,13.870081914344684,13.868186582809225,True,0.8744677832769256,False
