T_US,HALL_INF_MV,HALL_SUP_MV,PWM,SYNC_PULSE
279184641,1536,1730,0,0
279186641,1534,1680,0,0
279188641,1576,1736,0,0
279190641,1528,1773,0,0
279192641,1598,1613,0,0
279194641,1464,1689,0,0
279196641,1640,1666,0,0
279198641,1569,1744,0,0
279200641,1469,1733,0,0
279202641,1524,1732,0,0
279204641,1562,1687,0,0
279206641,1523,1667,0,0
279208641,1523,1757,0,0
279210641,1573,1757,0,0
279212641,1544,1633,0,0
279214641,1592,1671,0,0
279216641,1565,1697,0,0
279218641,1538,1717,0,0
279220641,1489,1667,0,0
279222641,1573,1745,0,0
279224641,1569,1637,0,0
279226641,1653,1655,0,0
279228641,1613,1749,0,0
279230641,1620,1765,0,0
279232641,1523,1716,0,0
279234641,1615,1777,0,0
279236641,1611,1693,0,0
279238641,1457,1740,0,0
279240641,1424,1811,0,0
279242641,1616,1641,0,0
279244641,1497,1762,0,0
279246641,1508,1621,0,0
279248641,1516,1538,0,0
279250641,1574,1637,0,0
279252641,1546,1721,0,0
279254641,1626,1723,0,0
279256641,1495,1835,0,0
279258641,1599,1745,0,0
279260641,1589,1773,0,0
279262641,1526,1725,0,0
279264641,1500,1639,0,0
279266641,1563,1621,0,0
279268641,1589,1827,0,0
279270641,1536,1791,0,0
279272641,1563,1625,0,0
279274641,1656,1568,0,0
279276641,1573,1769,0,0
279278641,1547,1600,0,0
279280641,1581,1717,0,0
279282641,1588,1661,0,0
279284641,1613,1701,0,0
279286641,1521,1628,0,0
279288641,1563,1749,0,0
279290641,1524,1741,0,0
279292641,1530,1710,0,0
279294641,1579,1776,0,0
279296641,1511,1697,0,0
279298641,1624,1805,0,0
279300641,1544,1891,0,0
279302641,1686,1646,0,0
279304641,1587,1595,0,0
279306641,1481,1697,0,0
279308641,1507,1665,0,0
279310641,1556,1777,0,0
279312641,1518,1706,0,0
279314641,1481,1608,0,0
279316641,1540,1608,0,0
279318641,1569,1786,0,0
279320641,1539,1745,0,0
279322641,1565,1719,0,0
279324641,1628,1800,0,0
279326641,1636,1723,0,0
279328641,1611,1716,0,0
279330641,1483,1563,0,0
279332641,1554,1756,0,0
279334641,1567,1681,0,0
279336641,1657,1692,0,0
279338641,1623,1845,0,0
279340641,1536,1779,0,0
279342641,1536,1622,0,0
279344641,1538,1743,0,0
279346641,1587,1743,0,0
279348641,1641,1642,0,0
279350641,1553,1788,0,0
279352641,1553,1676,0,0
279354641,1552,1765,0,0
279356641,1598,1725,0,0
279358641,1540,1731,0,0
279360641,1522,1615,0,0
279362641,1518,1628,0,0
279364641,1518,1789,0,0
279366641,1572,1751,0,0
279368641,1560,1651,0,0
279370641,1609,1705,0,0
279372641,1539,1700,0,0
279374641,1509,1565,0,0
279376641,1605,1649,0,0
279378641,1505,1673,0,0
279380641,1605,1656,0,0
279382641,1595,1717,0,0
279384641,1568,1629,0,0
279386641,1547,1633,0,0
279388641,1414,1665,0,0
279390641,1441,1679,0,0
279392641,1526,1859,0,0
279394641,1452,1645,0,0
279396641,1579,1697,0,0
279398641,1552,1820,0,0
279400641,1617,1859,0,0
279402641,1484,1771,0,0
279404641,1512,1621,0,0
279406641,1639,1805,0,0
279408641,1577,1857,0,0
279410641,1615,1861,0,0
279412641,1555,1624,0,0
279414641,1663,1692,0,0
279416641,1562,1684,0,0
279418641,1540,1664,0,0
279420641,1534,1582,0,0
279422641,1638,1672,0,0
279424641,1607,1656,0,0
279426641,1566,1666,0,0
279428641,1524,1743,0,0
279430641,1608,1678,0,0
279432641,1564,1808,0,0
279434641,1483,1735,0,0
279436641,1634,1675,0,0
279438641,1564,1746,0,0
279440641,1564,1547,0,0
279442641,1467,1725,0,0
279444641,1533,1734,0,0
279446641,1603,1677,0,0
279448641,1587,1798,0,0
279450641,1593,1693,0,0
279452641,1602,1728,0,0
279454641,1553,1717,0,0
279456641,1694,1760,0,0
279458641,1629,1824,0,0
279460641,1626,1778,0,0
279462641,1498,1681,0,0
279464641,1560,1743,0,0
279466641,1614,1805,0,0
279468641,1476,1709,0,0
279470641,1504,1702,0,0
279472641,1527,1555,0,0
279474641,1564,1832,0,0
279476641,1715,1918,0,0
279478641,1589,1719,0,0
279480641,1501,1569,0,0
279482641,1576,1678,0,0
279484641,1456,1758,0,0
279486641,1487,1871,0,0
279488641,1665,1746,0,0
279490641,1613,1757,0,0
279492641,1564,1672,0,0
279494641,1530,1717,0,0
279496641,1516,1757,0,0
279498641,1531,1623,0,0
279500641,1638,1742,0,0
279502641,1743,1704,0,0
279504641,1428,1752,0,0
279506641,1633,1593,0,0
279508641,1564,1726,0,0
279510641,1534,1797,0,0
279512641,1600,1717,0,0
279514641,1461,1662,0,0
279516641,1544,1699,0,0
279518641,1524,1592,0,0
279520641,1624,1653,0,0
279522641,1562,1677,0,0
279524641,1460,1574,0,0
279526641,1581,1614,0,0
279528641,1523,1836,0,0
279530641,1582,1610,0,0
279532641,1529,1665,0,0
279534641,1528,1627,0,0
279536641,1682,1793,0,0
279538641,1502,1736,0,0
279540641,1562,1611,0,0
279542641,1564,1768,0,0
279544641,1591,1598,0,0
279546641,1604,1741,0,0
279548641,1525,1797,0,0
279550641,1613,1581,0,0
279552641,1588,1745,0,0
279554641,1565,1743,0,0
279556641,1547,1731,0,0
279558641,1538,1729,0,0
279560641,1550,1671,0,0
279562641,1582,1672,0,0
279564641,1577,1611,0,0
279566641,1561,1692,0,0
279568641,1552,1772,0,0
279570641,1560,1625,0,0
279572641,1597,1757,0,0
279574641,1614,1781,0,0
279576641,1560,1691,0,0
279578641,1518,1729,0,0
279580641,1564,1741,0,0
279582641,1629,1681,0,0
279584641,1608,1791,0,0
279586641,1602,1650,0,0
279588641,1590,1922,0,0
279590641,1573,1609,0,0
279592641,1488,1701,0,0
279594641,1692,1851,0,0
279596641,1442,1680,0,0
279598641,1534,1720,0,0
279600641,1637,1652,0,0
279602641,1575,1678,0,0
279604641,1581,1747,0,0
279606641,1568,1606,0,0
279608641,1505,1798,0,0
279610641,1584,1705,0,0
279612641,1644,1689,0,0
279614641,1474,1702,0,0
279616641,1666,1733,0,0
279618641,1641,1743,0,0
279620641,1465,1713,0,0
279622641,1512,1723,0,0
279624641,1576,1739,0,0
279626641,1537,1540,0,0
279628641,1661,1755,0,0
279630641,1512,1665,0,0
279632641,1578,1659,0,0
279634641,1641,1779,0,0
279636641,1667,1637,0,0
279638641,1579,1879,0,0
279640641,1496,1649,0,0
279642641,1645,1741,0,0
279644641,1543,1742,0,0
279646641,1609,1843,0,0
279648641,1545,1831,0,0
279650641,1668,1697,0,0
279652641,1582,1781,0,0
279654641,1489,1719,0,0
279656641,1512,1688,0,0
279658641,1502,1728,0,0
279660641,1617,1671,0,0
279662641,1563,1665,0,0
279664641,1510,1779,0,0
279666641,1636,1727,0,0
279668641,1692,1771,0,0
279670641,1540,1742,0,0
279672641,1594,1659,0,0
279674641,1611,1641,0,0
279676641,1463,1654,0,0
279678641,1579,1630,0,0
279680641,1552,1796,0,0
279682641,1491,1816,0,0
279684641,1585,1652,0,0
279686641,1582,1671,0,0
279688641,1607,1764,0,0
279690641,1524,1731,0,0
279692641,1502,1635,0,0
279694641,1488,1706,0,0
279696641,1544,1613,0,0
279698641,1538,1712,0,0
279700641,1524,1595,0,0
279702641,1474,1654,0,0
279704641,1589,1668,0,0
279706641,1635,1692,0,0
279708641,1531,1778,0,0
279710641,1492,1648,0,0
279712641,1559,1743,0,0
279714641,1504,1741,0,0
279716641,1492,1696,0,0
279718641,1608,1615,0,0
279720641,1641,1793,0,0
279722641,1591,1697,0,0
279724641,1589,1692,0,0
279726641,1524,1690,0,0
279728641,1492,1766,0,0
279730641,1566,1729,0,0
279732641,1581,1624,0,0
279734641,1568,1794,0,0
279736641,1533,1760,0,0
279738641,1576,1849,0,0
279740641,1552,1831,0,0
279742641,1512,1643,0,0
279744641,1615,1505,0,0
279746641,1560,1824,0,0
279748641,1595,1641,0,0
279750641,1603,1809,0,0
279752641,1681,1658,0,0
279754641,1605,1751,0,0
279756641,1526,1765,0,0
279758641,1559,1723,0,0
279760641,1615,1641,0,0
279762641,1552,1602,0,0
279764641,1637,1759,0,0
279766641,1552,1665,0,0
279768641,1577,1641,0,0
279770641,1504,1743,0,0
279772641,1627,1606,0,0
279774641,1546,1725,0,0
279776641,1526,1670,0,0
279778641,1654,1677,0,0
279780641,1444,1769,0,0
279782641,1584,1685,0,0
279784641,1599,1708,0,0
279786641,1617,1666,0,0
279788641,1525,1794,0,0
279790641,1461,1758,0,0
279792641,1565,1692,0,0
279794641,1512,1666,0,0
279796641,1538,1765,0,0
279798641,1550,1717,0,0
279800641,1592,1731,0,0
279802641,1652,1809,0,0
279804641,1625,1761,0,0
279806641,1568,1632,0,0
279808641,1541,1796,0,0
279810641,1436,1629,0,0
279812641,1547,1739,0,0
279814641,1501,1692,0,0
279816641,1589,1748,0,0
279818641,1530,1615,0,0
279820641,1620,1665,0,0
279822641,1581,1694,0,0
279824641,1579,1744,0,0
279826641,1540,1554,0,0
279828641,1552,1692,0,0
279830641,1589,1585,0,0
279832641,1555,1613,0,0
279834641,1569,1685,0,0
279836641,1617,1694,0,0
279838641,1599,1760,0,0
279840641,1481,1739,0,0
279842641,1561,1649,0,0
279844641,1457,1691,0,0
279846641,1432,1671,0,0
279848641,1579,1717,0,0
279850641,1585,1687,0,0
279852641,1610,1668,0,0
279854641,1591,1606,0,0
279856641,1589,1625,0,0
279858641,1477,1615,0,0
279860641,1551,1769,0,0
279862641,1562,1730,0,0
279864641,1620,1685,0,0
279866641,1665,1700,0,0
279868641,1523,1668,0,0
279870641,1499,1799,0,0
279872641,1523,1730,0,0
279874641,1542,1637,0,0
279876641,1461,1794,0,0
279878641,1591,1625,0,0
279880641,1538,1581,0,0
279882641,1535,1718,0,0
279884641,1632,1665,0,0
279886641,1510,1664,0,0
279888641,1553,1757,0,0
279890641,1572,1665,0,0
279892641,1600,1704,0,0
279894641,1651,1831,0,0
279896641,1665,1692,0,0
279898641,1640,1722,0,0
279900641,1589,1683,0,0
279902641,1563,1581,0,0
279904641,1614,1758,0,0
279906641,1561,1695,0,0
279908641,1545,1730,0,0
279910641,1509,1684,0,0
279912641,1569,1692,0,0
279914641,1575,1579,0,0
279916641,1577,1700,0,0
279918641,1666,1723,0,0
279920641,1597,1770,0,0
279922641,1548,1576,0,0
279924641,1512,1632,0,0
279926641,1581,1527,0,0
279928641,1564,1798,0,0
279930641,1569,1717,0,0
279932641,1616,1591,0,0
279934641,1629,1717,0,0
279936641,1602,1709,0,0
279938641,1544,1717,0,0
279940641,1489,1758,0,0
279942641,1512,1643,0,0
279944641,1626,1582,0,0
279946641,1622,1815,0,0
279948641,1589,1598,0,0
279950641,1454,1577,0,0
279952641,1462,1651,0,0
279954641,1633,1564,0,0
279956641,1623,1730,0,0
279958641,1555,1683,0,0
279960641,1525,1678,0,0
279962641,1576,1681,0,0
279964641,1594,1717,0,0
279966641,1502,1654,0,0
279968641,1576,1646,0,0
279970641,1565,1801,0,0
279972641,1607,1741,0,0
279974641,1541,1664,0,0
279976641,1553,1646,0,0
279978641,1569,1627,0,0
279980641,1613,1752,0,0
279982641,1534,1758,0,0
279984641,1620,1704,0,0
279986641,1521,1585,0,0
279988641,1615,1692,0,0
279990641,1558,1798,0,0
279992641,1630,1750,0,0
279994641,1520,1652,0,0
279996641,1460,1577,0,0
279998641,1615,1846,0,0
280000641,1565,1641,0,0
280002641,1548,1718,0,0
280004641,1564,1821,0,0
280006641,1575,1778,0,0
280008641,1512,1653,0,0
280010641,1542,1707,0,0
280012641,1525,1617,0,0
280014641,1553,1669,0,0
280016641,1633,1615,0,0
280018641,1604,1769,0,0
280020641,1555,1633,0,0
280022641,1617,1601,0,0
280024641,1555,1589,0,0
280026641,1689,1672,0,0
280028641,1555,1733,0,0
280030641,1534,1681,0,0
280032641,1623,1766,0,0
280034641,1474,1693,0,0
280036641,1538,1677,0,0
280038641,1545,1633,0,0
280040641,1484,1579,0,0
280042641,1523,1701,0,0
280044641,1589,1684,0,0
280046641,1543,1675,0,0
280048641,1556,1677,0,0
280050641,1516,1730,0,0
280052641,1591,1656,0,0
280054641,1474,1692,0,0
280056641,1649,1826,0,0
280058641,1563,1643,0,0
280060641,1617,1646,0,0
280062641,1540,1504,0,0
280064641,1586,1786,0,0
280066641,1601,1713,0,0
280068641,1636,1727,0,0
280070641,1596,1743,0,0
280072641,1540,1617,0,0
280074641,1566,1627,0,0
280076641,1478,1653,0,0
280078641,1573,1641,0,0
280080641,1548,1727,0,0
280082641,1613,1668,0,0
280084641,1546,1749,0,0
280086641,1553,1730,0,0
280088641,1603,1677,0,0
280090641,1457,1692,0,0
280092641,1589,1718,0,0
280094641,1500,1834,0,0
280096641,1637,1777,0,0
280098641,1371,1765,0,0
280100641,1507,1617,0,0
280102641,1537,1713,0,0
280104641,1561,1574,0,0
280106641,1570,1641,0,0
280108641,1589,1666,0,0
280110641,1500,1670,0,0
280112641,1617,1563,0,0
280114641,1571,1684,0,0
280116641,1582,1805,0,0
280118641,1540,1679,0,0
280120641,1544,1666,0,0
280122641,1478,1680,0,0
280124641,1563,1605,0,0
280126641,1465,1733,0,0
280128641,1674,1757,0,0
280130641,1561,1718,0,0
280132641,1627,1637,0,0
280134641,1484,1670,0,0
280136641,1616,1684,0,0
280138641,1569,1672,0,0
280140641,1614,1744,0,0
280142641,1553,1685,0,0
280144641,1649,1718,0,0
280146641,1622,1795,0,0
280148641,1572,1754,0,0
280150641,1626,1600,0,0
280152641,1618,1666,0,0
280154641,1560,1602,0,0
280156641,1576,1564,0,0
280158641,1574,1631,0,0
280160641,1612,1717,0,0
280162641,1566,1833,0,0
280164641,1483,1688,0,0
280166641,1550,1829,0,0
280168641,1453,1670,0,0
280170641,1478,1769,0,0
280172641,1563,1822,0,0
280174641,1534,1684,0,0
280176641,1511,1666,0,0
280178641,1536,1656,0,0
280180641,1553,1709,0,0
280182641,1581,1813,0,0
280184641,1525,1697,0,0
280186641,1607,1460,0,0
280188641,1520,1629,0,0
280190641,1505,1673,0,0
280192641,1639,1767,0,0
280194641,1544,1793,0,0
280196641,1581,1646,0,0
280198641,1579,1773,0,0
280200641,1653,1662,0,0
280202641,1585,1723,0,0
280204641,1615,1685,0,0
280206641,1555,1589,0,0
280208641,1613,1616,0,0
280210641,1525,1761,0,0
280212641,1486,1672,0,0
280214641,1515,1705,0,0
280216641,1508,1726,0,0
280218641,1556,1692,0,0
280220641,1512,1529,0,0
280222641,1565,1748,0,0
280224641,1577,1652,0,0
280226641,1642,1710,0,0
280228641,1605,1769,0,0
280230641,1512,1705,0,0
280232641,1574,1692,0,0
280234641,1480,1670,0,0
280236641,1617,1679,0,0
280238641,1554,1643,0,0
280240641,1505,1628,0,0
280242641,1553,1697,0,0
280244641,1640,1779,0,0
280246641,1616,1746,0,0
280248641,1606,1789,0,0
280250641,1515,1705,0,0
280252641,1457,1753,0,0
280254641,1536,1735,0,0
280256641,1584,1723,0,0
280258641,1551,1757,0,0
280260641,1548,1654,0,0
280262641,1589,1641,0,0
280264641,1461,1677,0,0
280266641,1461,1693,0,0
280268641,1483,1538,0,0
280270641,1568,1741,0,0
280272641,1500,1611,0,0
280274641,1634,1685,0,0
280276641,1569,1709,0,0
280278641,1579,1707,0,0
280280641,1521,1779,0,0
280282641,1533,1630,0,0
280284641,1641,1815,0,0
280286641,1552,1691,0,0
280288641,1624,1641,0,0
280290641,1565,1614,0,0
280292641,1604,1613,0,0
280294641,1551,1733,0,0
280296641,1550,1730,0,0
280298641,1454,1813,0,0
280300641,1605,1813,0,0
280302641,1533,1793,0,0
280304641,1512,1768,0,0
280306641,1615,1697,0,0
280308641,1549,1516,0,0
280310641,1571,1622,0,0
280312641,1575,1778,0,0
280314641,1593,1798,0,0
280316641,1544,1653,0,0
280318641,1588,1781,0,0
280320641,1569,1713,0,0
280322641,1589,1677,0,0
280324641,1518,1735,0,0
280326641,1481,1769,0,0
280328641,1492,1645,0,0
280330641,1570,1776,0,0
280332641,1512,1824,0,0
280334641,1564,1793,0,0
280336641,1640,1684,0,0
280338641,1576,1737,0,0
280340641,1622,1632,0,0
280342641,1588,1802,0,0
280344641,1614,1589,0,0
280346641,1585,1785,0,0
280348641,1606,1735,0,0
280350641,1602,1566,0,0
280352641,1582,1607,0,0
280354641,1585,1669,0,0
280356641,1598,1632,0,0
280358641,1568,1737,0,0
280360641,1648,1768,0,0
280362641,1588,1700,0,0
280364641,1568,1701,0,0
280366641,1638,1623,0,0
280368641,1680,1767,0,0
280370641,1470,1709,0,0
280372641,1595,1828,0,0
280374641,1594,1749,0,0
280376641,1574,1697,0,0
280378641,1487,1663,0,0
280380641,1608,1802,0,0
280382641,1538,1820,0,0
280384641,1585,1761,0,0
280386641,1585,1644,0,0
280388641,1577,1760,0,0
280390641,1628,1669,0,0
280392641,1538,1622,0,0
280394641,1677,1666,0,0
280396641,1579,1629,0,0
280398641,1569,1681,0,0
280400641,1605,1608,0,0
280402641,1611,1717,0,0
280404641,1474,1568,0,1
280406641,1645,1737,0,1
280408641,1536,1655,0,1
280410641,1569,1600,0,1
280412641,1556,1768,0,1
280414641,1561,1729,0,1
280416641,1454,1641,0,1
280418641,1625,1730,0,1
280420641,1610,1710,0,1
280422641,1564,1628,0,1
280424641,1396,1657,0,1
280426641,1589,1671,0,1
280428641,1595,1692,0,1
280430641,1641,1669,0,1
280432641,1669,1665,0,1
280434641,1482,1666,0,1
280436641,1488,1781,0,1
280438641,1530,1697,0,1
280440641,1638,1578,0,1
280442641,1604,1630,0,1
280444641,1615,1644,0,1
280446641,1500,1658,0,1
280448641,1565,1637,0,1
280450641,1525,1696,0,1
280452641,1603,1822,0,1
280454641,1576,1794,0,1
280456641,1597,1602,0,1
280458641,1463,1566,0,1
280460641,1513,1768,0,1
280462641,1639,1726,0,1
280464641,1469,1697,0,1
280466641,1440,1707,0,1
280468641,1566,1735,0,1
280470641,1636,1830,0,1
280472641,1536,1637,0,1
280474641,1536,1538,0,1
280476641,1602,1739,0,1
280478641,1589,1649,0,1
280480641,1576,1681,0,1
280482641,1542,1876,0,1
280484641,1513,1666,0,1
280486641,1558,1733,0,1
280488641,1525,1666,0,1
280490641,1530,1705,0,1
280492641,1549,1632,0,1
280494641,1528,1601,0,1
280496641,1601,1679,0,1
280498641,1531,1721,0,1
280500641,1564,1661,0,1
280502641,1538,1729,0,1
280504641,1610,1548,0,1
280506641,1616,1728,0,1
280508641,1584,1768,0,1
280510641,1666,1674,0,1
280512641,1544,1757,0,1
280514641,1597,1595,0,1
280516641,1668,1715,0,1
280518641,1547,1641,0,1
280520641,1561,1784,0,1
280522641,1640,1752,0,1
280524641,1553,1688,0,1
280526641,1497,1675,0,1
280528641,1575,1610,0,1
280530641,1539,1764,0,1
280532641,1577,1777,0,1
280534641,1606,1927,0,1
280536641,1625,1772,0,1
280538641,1543,1651,0,1
280540641,1581,1743,0,1
280542641,1513,1691,0,1
280544641,1626,1670,0,1
280546641,1645,1726,0,1
280548641,1659,1552,0,1
280550641,1535,1651,0,1
280552641,1637,1603,0,1
280554641,1576,1726,0,1
280556641,1492,1623,0,1
280558641,1508,1691,0,1
280560641,1607,1666,0,1
280562641,1590,1718,0,1
280564641,1672,1790,0,1
280566641,1609,1785,0,1
280568641,1678,1656,0,1
280570641,1603,1769,0,1
280572641,1609,1689,0,1
280574641,1495,1657,0,1
280576641,1516,1666,0,1
280578641,1590,1703,0,1
280580641,1579,1602,0,1
280582641,1451,1716,0,1
280584641,1612,1741,0,1
280586641,1564,1779,0,1
280588641,1617,1641,0,1
280590641,1640,1679,0,1
280592641,1597,1789,0,1
280594641,1581,1761,0,1
280596641,1480,1679,0,1
280598641,1603,1611,0,1
280600641,1623,1718,0,1
280602641,1532,1705,0,1
280604641,1553,1590,0,1
280606641,1592,1741,0,0
280608641,1614,1760,0,0
280610641,1513,1603,0,0
280612641,1539,1651,0,0
280614641,1590,1615,0,0
280616641,1588,1681,0,0
280618641,1608,1610,0,0
280620641,1598,1697,0,0
280622641,1496,1656,0,0
280624641,1538,1675,0,0
280626641,1550,1642,0,0
280628641,1605,1741,0,0
280630641,1564,1597,0,0
280632641,1538,1857,0,0
280634641,1597,1713,0,0
280636641,1488,1717,0,0
280638641,1588,1609,0,0
280640641,1590,1582,0,0
280642641,1614,1657,0,0
280644641,1543,1536,0,0
280646641,1594,1669,0,0
280648641,1554,1715,0,0
280650641,1512,1685,0,0
280652641,1603,1474,0,0
280654641,1590,1750,0,0
280656641,1637,1717,0,0
280658641,1563,1593,0,0
280660641,1530,1512,0,0
280662641,1496,1757,0,0
280664641,1589,1718,0,0
280666641,1530,1569,0,0
280668641,1510,1699,0,0
280670641,1524,1853,0,0
280672641,1465,1774,0,0
280674641,1594,1792,0,0
280676641,1532,1631,0,0
280678641,1626,1715,0,0
280680641,1656,1712,0,0
280682641,1492,1797,0,0
280684641,1577,1690,0,0
280686641,1693,1726,0,0
280688641,1515,1641,0,0
280690641,1530,1712,0,0
280692641,1536,1625,0,0
280694641,1564,1805,0,0
280696641,1628,1645,0,0
280698641,1533,1713,0,0
280700641,1564,1716,0,0
280702641,1536,1725,0,0
280704641,1596,1577,0,0
280706641,1613,1693,0,0
280708641,1540,1490,0,0
280710641,1499,1542,0,0
280712641,1614,1802,0,0
280714641,1525,1632,0,0
280716641,1508,1725,0,0
280718641,1565,1692,0,0
280720641,1587,1719,0,0
280722641,1562,1766,0,0
280724641,1585,1693,0,0
280726641,1525,1623,0,0
280728641,1641,1538,0,0
280730641,1553,1623,0,0
280732641,1625,1539,0,0
280734641,1567,1538,0,0
280736641,1542,1629,0,0
280738641,1564,1665,0,0
280740641,1411,1637,0,0
280742641,1629,1675,0,0
280744641,1597,1659,0,0
280746641,1629,1692,0,0
280748641,1645,1822,0,0
280750641,1521,1661,0,0
280752641,1625,1725,0,0
280754641,1607,1697,0,0
280756641,1552,1699,0,0
280758641,1609,1601,0,0
280760641,1577,1739,0,0
280762641,1564,1690,0,0
280764641,1611,1751,0,0
280766641,1566,1773,0,0
280768641,1511,1651,0,0
280770641,1523,1703,0,0
280772641,1501,1643,0,0
280774641,1605,1744,0,0
280776641,1616,1684,0,0
280778641,1574,1621,0,0
280780641,1574,1723,0,0
280782641,1531,1679,0,0
280784641,1629,1765,0,0
280786641,1589,1725,0,0
280788641,1525,1677,0,0
280790641,1504,1729,0,0
280792641,1641,1713,0,0
280794641,1620,1719,0,0
280796641,1526,1734,0,0
280798641,1437,1603,0,0
280800641,1581,1723,0,0
280802641,1653,1636,0,0
280804641,1597,1678,0,0
280806641,1589,1610,0,0
280808641,1451,1827,0,0
280810641,1590,1673,0,0
280812641,1646,1780,0,0
280814641,1592,1755,0,0
280816641,1489,1637,0,0
280818641,1469,1671,0,0
280820641,1544,1678,0,0
280822641,1551,1589,0,0
280824641,1581,1617,0,0
280826641,1597,1721,0,0
280828641,1550,1717,0,0
280830641,1504,1629,0,0
280832641,1582,1544,0,0
280834641,1614,1521,0,0
280836641,1613,1666,0,0
280838641,1501,1757,0,0
280840641,1579,1542,0,0
280842641,1558,1730,0,0
280844641,1615,1896,0,0
280846641,1491,1744,0,0
280848641,1623,1733,0,0
280850641,1565,1789,0,0
280852641,1601,1646,0,0
280854641,1658,1685,0,0
280856641,1451,1580,0,0
280858641,1625,1689,0,0
280860641,1512,1774,0,0
280862641,1577,1683,0,0
280864641,1476,1842,0,0
280866641,1696,1769,0,0
280868641,1588,1605,0,0
280870641,1615,1720,0,0
280872641,1474,1720,0,0
280874641,1582,1629,0,0
280876641,1487,1615,0,0
280878641,1589,1677,0,0
280880641,1589,1801,0,0
280882641,1560,1737,0,0
280884641,1697,1649,0,0
280886641,1564,1696,0,0
280888641,1576,1641,0,0
280890641,1538,1754,0,0
280892641,1601,1623,0,0
280894641,1641,1717,0,0
280896641,1552,1665,0,0
280898641,1623,1795,0,0
280900641,1587,1636,0,0
280902641,1562,1590,0,0
280904641,1566,1806,0,0
280906641,1622,1633,0,0
280908641,1531,1679,0,0
280910641,1542,1504,0,0
280912641,1539,1743,0,0
280914641,1577,1753,0,0
280916641,1591,1717,0,0
280918641,1626,1605,0,0
280920641,1642,1705,0,0
280922641,1575,1685,0,0
280924641,1564,1641,0,0
280926641,1556,1742,0,0
280928641,1569,1692,0,0
280930641,1595,1793,0,0
280932641,1521,1732,0,0
280934641,1469,1696,0,0
280936641,1624,1684,0,0
280938641,1534,1739,0,0
280940641,1498,1713,0,0
280942641,1576,1615,0,0
280944641,1591,1771,0,0
280946641,1524,1701,0,0
280948641,1556,1602,0,0
280950641,1692,1661,0,0
280952641,1603,1800,0,0
280954641,1559,1705,0,0
280956641,1526,1793,0,0
280958641,1615,1741,0,0
280960641,1499,1753,0,0
280962641,1589,1712,0,0
280964641,1576,1667,0,0
280966641,1581,1653,0,0
280968641,1549,1730,0,0
280970641,1579,1820,0,0
280972641,1575,1674,0,0
280974641,1638,1695,0,0
280976641,1564,1793,0,0
280978641,1542,1789,0,0
280980641,1581,1655,0,0
280982641,1599,1641,0,0
280984641,1598,1857,0,0
280986641,1423,1790,0,0
280988641,1446,1725,0,0
280990641,1628,1743,0,0
280992641,1593,1693,0,0
280994641,1569,1630,0,0
280996641,1508,1528,0,0
280998641,1565,1653,0,0
281000641,1520,1672,0,0
281002641,1616,1638,0,0
281004641,1542,1716,0,0
281006641,1538,1774,0,0
281008641,1649,1768,0,0
281010641,1591,1613,0,0
281012641,1538,1617,0,0
281014641,1570,1700,0,0
281016641,1577,1797,0,0
281018641,1431,1777,0,0
281020641,1490,1574,0,0
281022641,1652,1768,0,0
281024641,1608,1569,0,0
281026641,1602,1745,0,0
281028641,1593,1641,0,0
281030641,1520,1598,0,0
281032641,1461,1802,0,0
281034641,1512,1615,0,0
281036641,1584,1732,0,0
281038641,1535,1679,0,0
281040641,1575,1683,0,0
281042641,1444,1685,0,0
281044641,1668,1581,0,0
281046641,1589,1753,0,0
281048641,1546,1758,0,0
281050641,1579,1657,0,0
281052641,1578,1743,0,0
281054641,1641,1754,0,0
281056641,1583,1726,0,0
281058641,1569,1722,0,0
281060641,1657,1598,0,0
281062641,1567,1708,0,0
281064641,1484,1677,0,0
281066641,1524,1770,0,0
281068641,1538,1743,0,0
281070641,1501,1789,0,0
281072641,1487,1644,0,0
281074641,1515,1758,0,0
281076641,1569,1640,0,0
281078641,1494,1760,0,0
281080641,1533,1734,0,0
281082641,1547,1798,0,0
281084641,1491,1733,0,0
281086641,1621,1713,0,0
281088641,1555,1787,0,0
281090641,1526,1683,0,0
281092641,1575,1761,0,0
281094641,1552,1705,0,0
281096641,1600,1680,0,0
281098641,1678,1717,0,0
281100641,1531,1655,0,0
281102641,1548,1707,0,0
281104641,1545,1771,0,0
281106641,1537,1653,0,0
281108641,1615,1680,0,0
281110641,1628,1632,0,0
281112641,1645,1705,0,0
281114641,1560,1664,0,0
281116641,1531,1801,0,0
281118641,1496,1761,0,0
281120641,1586,1687,0,0
281122641,1613,1594,0,0
281124641,1552,1666,0,0
281126641,1483,1768,0,0
281128641,1547,1754,0,0
281130641,1484,1753,0,0
281132641,1593,1813,0,0
281134641,1530,1684,0,0
281136641,1464,1743,0,0
281138641,1624,1691,0,0
281140641,1568,1638,0,0
281142641,1589,1632,0,0
281144641,1589,1820,0,0
281146641,1581,1754,0,0
281148641,1473,1563,0,0
281150641,1605,1743,0,0
281152641,1550,1755,0,0
281154641,1406,1746,0,0
281156641,1589,1739,0,0
281158641,1665,1781,0,0
281160641,1480,1641,0,0
281162641,1508,1604,0,0
281164641,1629,1768,0,0
281166641,1572,1642,0,0
281168641,1560,1736,0,0
281170641,1540,1622,0,0
281172641,1645,1667,0,0
281174641,1444,1733,0,0
281176641,1561,1696,0,0
281178641,1523,1757,0,0
281180641,1616,1692,0,0
281182641,1447,1731,0,0
281184641,1594,1717,0,0
281186641,1564,1718,0,0
281188641,1629,1729,0,0
281190641,1585,1693,0,0
281192641,1484,1797,0,0
281194641,1453,1764,0,0
281196641,1548,1733,0,0
281198641,1575,1750,0,0
281200641,1643,1745,0,0
281202641,1668,1682,0,0
281204641,1633,1717,255,0
281206641,1617,1740,255,0
281208641,1554,1539,255,0
281210641,1464,1641,255,0
281212641,1510,1691,255,0
281214641,1578,1466,255,0
281216641,1578,1483,255,0
281218641,1487,1456,255,0
281220641,1371,1388,255,0
281222641,1442,1475,255,0
281224641,1460,1233,255,0
281226641,1349,1283,255,0
281228641,1511,1191,255,0
281230641,1415,1205,255,0
281232641,1467,1135,255,0
281234641,1464,1159,255,0
281236641,1359,1153,255,0
281238641,1444,1047,255,0
281240641,1446,1090,255,0
281242641,1425,1083,255,0
281244641,1420,1124,255,0
281246641,1321,1133,255,0
281248641,1348,1179,255,0
281250641,1460,1116,255,0
281252641,1483,935,255,0
281254641,1392,1011,255,0
281256641,1423,1111,255,0
281258641,1402,999,255,0
281260641,1370,1009,255,0
281262641,1371,1026,255,0
281264641,1333,898,255,0
281266641,1348,1049,255,0
281268641,1410,1031,255,0
281270641,1371,887,255,0
281272641,1447,1075,255,0
281274641,1448,973,255,0
281276641,1333,828,255,0
281278641,1459,1004,255,0
281280641,1443,1035,255,0
281282641,1467,1114,255,0
281284641,1393,878,255,0
281286641,1342,913,255,0
281288641,1419,1041,255,0
281290641,1406,921,255,0
281292641,1453,1026,255,0
281294641,1333,898,255,0
281296641,1369,1002,255,0
281298641,1410,1074,255,0
281300641,1371,1039,255,0
281302641,1410,1030,255,0
281304641,1345,997,255,0
281306641,1406,986,255,0
281308641,1436,961,255,0
281310641,1436,1037,255,0
281312641,1348,831,255,0
281314641,1365,975,255,0
281316641,1358,945,255,0
281318641,1393,930,255,0
281320641,1337,982,255,0
281322641,1349,1117,255,0
281324641,1368,1023,255,0
281326641,1353,955,255,0
281328641,1356,923,255,0
281330641,1309,979,255,0
281332641,1324,852,255,0
281334641,1282,1044,255,0
281336641,1335,973,255,0
281338641,1334,926,255,0
281340641,1281,905,255,0
281342641,1150,914,255,0
281344641,1038,1069,255,0
281346641,1118,1167,255,0
281348641,1119,1305,255,0
281350641,1162,1230,255,0
281352641,1220,1281,255,0
281354641,1079,1330,0,0
281356641,1184,1363,0,0
281358641,1219,1351,0,0
281360641,1282,1512,0,0
281362641,1297,1299,0,0
281364641,1230,1536,0,0
281366641,1344,1452,0,0
281368641,1282,1547,0,0
281370641,1389,1509,0,0
281372641,1357,1534,0,0
281374641,1371,1460,0,0
281376641,1401,1516,0,0
281378641,1342,1561,0,0
281380641,1370,1626,0,0
281382641,1482,1563,0,0
281384641,1465,1568,0,0
281386641,1348,1585,0,0
281388641,1505,1640,0,0
281390641,1371,1653,0,0
281392641,1511,1717,0,0
281394641,1520,1547,0,0
281396641,1543,1731,0,0
281398641,1474,1635,0,0
281400641,1421,1628,0,0
281402641,1390,1720,0,0
281404641,1473,1703,0,0
281406641,1460,1729,0,0
281408641,1563,1536,0,0
281410641,1515,1662,0,0
281412641,1461,1622,0,0
281414641,1510,1613,0,0
281416641,1597,1679,0,0
281418641,1556,1489,0,0
281420641,1520,1524,0,0
281422641,1530,1691,0,0
281424641,1563,1692,0,0
281426641,1593,1748,0,0
281428641,1662,1655,0,0
281430641,1492,1729,0,0
281432641,1552,1687,0,0
281434641,1558,1728,0,0
281436641,1552,1745,0,0
281438641,1460,1705,0,0
281440641,1552,1727,0,0
281442641,1581,1686,0,0
281444641,1552,1833,0,0
281446641,1485,1729,0,0
281448641,1515,1751,0,0
281450641,1601,1819,0,0
281452641,1481,1688,0,0
281454641,1492,1626,0,0
281456641,1513,1601,0,0
281458641,1524,1658,0,0
281460641,1641,1694,0,0
281462641,1601,1611,0,0
281464641,1589,1716,0,0
281466641,1643,1560,0,0
281468641,1553,1676,0,0
281470641,1543,1776,0,0
281472641,1560,1795,0,0
281474641,1566,1614,0,0
281476641,1526,1598,0,0
281478641,1523,1741,0,0
281480641,1585,1787,0,0
281482641,1490,1565,0,0
281484641,1510,1801,0,0
281486641,1534,1773,0,0
281488641,1511,1645,0,0
281490641,1565,1581,0,0
281492641,1526,1666,0,0
281494641,1559,1712,0,0
281496641,1523,1699,0,0
281498641,1422,1825,0,0
281500641,1595,1653,0,0
281502641,1539,1721,0,0
281504641,1534,1718,0,0
281506641,1569,1743,0,0
281508641,1411,1752,0,0
281510641,1416,1704,0,0
281512641,1615,1701,0,0
281514641,1602,1546,0,0
281516641,1525,1786,0,0
281518641,1496,1671,0,0
281520641,1603,1745,0,0
281522641,1576,1688,0,0
281524641,1563,1589,0,0
281526641,1612,1666,0,0
281528641,1540,1754,0,0
281530641,1566,1620,0,0
281532641,1544,1649,0,0
281534641,1620,1813,0,0
281536641,1500,1713,0,0
281538641,1457,1657,0,0
281540641,1565,1732,0,0
281542641,1495,1551,0,0
281544641,1515,1706,0,0
281546641,1543,1616,0,0
281548641,1683,1641,0,0
281550641,1536,1696,0,0
281552641,1520,1772,0,0
281554641,1561,1582,0,0
281556641,1619,1717,0,0
281558641,1486,1670,0,0
281560641,1500,1773,0,0
281562641,1611,1617,0,0
281564641,1547,1852,0,0
281566641,1533,1534,0,0
281568641,1518,1605,0,0
281570641,1604,1704,0,0
281572641,1612,1821,0,0
281574641,1551,1612,0,0
281576641,1499,1835,0,0
281578641,1504,1845,0,0
281580641,1548,1741,0,0
281582641,1610,1666,0,0
281584641,1578,1794,0,0
281586641,1548,1692,0,0
281588641,1605,1739,0,0
281590641,1488,1769,0,0
281592641,1461,1753,0,0
281594641,1576,1745,0,0
281596641,1550,1718,0,0
281598641,1508,1544,0,0
281600641,1502,1690,0,0
281602641,1610,1757,0,0
281604641,1536,1754,0,0
281606641,1602,1700,0,0
281608641,1515,1602,0,0
281610641,1514,1672,0,0
281612641,1522,1796,0,0
281614641,1564,1648,0,0
281616641,1589,1731,0,0
281618641,1460,1633,0,0
281620641,1569,1773,0,0
281622641,1620,1821,0,0
281624641,1503,1814,0,0
281626641,1472,1808,0,0
281628641,1507,1560,0,0
281630641,1565,1701,0,0
281632641,1531,1743,0,0
281634641,1682,1629,0,0
281636641,1590,1755,0,0
281638641,1505,1681,0,0
281640641,1585,1744,0,0
281642641,1542,1582,0,0
281644641,1698,1703,0,0
281646641,1531,1777,0,0
281648641,1520,1649,0,0
281650641,1581,1752,0,0
281652641,1572,1751,0,0
281654641,1561,1759,0,0
281656641,1561,1717,0,0
281658641,1615,1661,0,0
281660641,1598,1649,0,0
281662641,1516,1687,0,0
281664641,1553,1734,0,0
281666641,1621,1628,0,0
281668641,1601,1728,0,0
281670641,1526,1630,0,0
281672641,1513,1665,0,0
281674641,1633,1589,0,0
281676641,1565,1593,0,0
281678641,1581,1769,0,0
281680641,1555,1600,0,0
281682641,1562,1662,0,0
281684641,1561,1769,0,0
281686641,1548,1692,0,0
281688641,1458,1665,0,0
281690641,1552,1781,0,0
281692641,1597,1733,0,0
281694641,1597,1663,0,0
281696641,1617,1660,0,0
281698641,1537,1666,0,0
281700641,1593,1733,0,0
281702641,1601,1724,0,0
281704641,1576,1771,0,0
281706641,1665,1741,0,0
281708641,1577,1717,0,0
281710641,1492,1794,0,0
281712641,1589,1743,0,0
281714641,1598,1679,0,0
281716641,1580,1633,0,0
281718641,1528,1662,0,0
281720641,1589,1794,0,0
281722641,1619,1789,0,0
281724641,1624,1633,0,0
281726641,1592,1705,0,0
281728641,1655,1691,0,0
281730641,1610,1653,0,0
281732641,1516,1743,0,0
281734641,1645,1685,0,0
281736641,1529,1734,0,0
281738641,1594,1801,0,0
281740641,1618,1812,0,0
281742641,1589,1606,0,0
281744641,1601,1589,0,0
281746641,1520,1641,0,0
281748641,1609,1791,0,0
281750641,1628,1829,0,0
281752641,1515,1828,0,0
281754641,1474,1871,0,0
281756641,1617,1717,0,0
281758641,1627,1747,0,0
281760641,1525,1720,0,0
281762641,1647,1662,0,0
281764641,1589,1725,0,0
281766641,1512,1614,0,0
281768641,1529,1794,0,0
281770641,1595,1633,0,0
281772641,1564,1726,0,0
281774641,1513,1679,0,0
281776641,1529,1577,0,0
281778641,1602,1737,0,0
281780641,1556,1645,0,0
281782641,1562,1662,0,0
281784641,1504,1677,0,0
281786641,1627,1717,0,0
281788641,1623,1603,0,0
281790641,1595,1649,0,0
281792641,1582,1628,0,0
281794641,1645,1808,0,0
281796641,1665,1844,0,0
281798641,1492,1820,0,0
281800641,1534,1675,0,0
281802641,1556,1666,0,0
281804641,1504,1661,0,0
281806641,1528,1699,0,0
281808641,1588,1769,0,0
281810641,1492,1589,0,0
281812641,1487,1752,0,0
281814641,1601,1687,0,0
281816641,1546,1654,0,0
281818641,1543,1573,0,0
281820641,1644,1737,0,0
281822641,1514,1633,0,0
281824641,1604,1681,0,0
281826641,1597,1625,0,0
281828641,1446,1737,0,0
281830641,1609,1806,0,0
281832641,1486,1632,0,0
281834641,1653,1789,0,0
281836641,1601,1591,0,0
281838641,1691,1688,0,0
281840641,1520,1759,0,0
281842641,1452,1581,0,0
281844641,1529,1711,0,0
281846641,1538,1671,0,0
281848641,1481,1589,0,0
281850641,1640,1768,0,0
281852641,1536,1773,0,0
281854641,1529,1794,0,0
281856641,1587,1729,0,0
281858641,1633,1665,0,0
281860641,1569,1569,0,0
281862641,1585,1717,0,0
281864641,1550,1733,0,0
281866641,1502,1710,0,0
281868641,1576,1657,0,0
281870641,1446,1659,0,0
281872641,1540,1638,0,0
281874641,1587,1809,0,0
281876641,1510,1680,0,0
281878641,1635,1813,0,0
281880641,1574,1530,0,0
281882641,1462,1741,0,0
281884641,1560,1619,0,0
281886641,1525,1639,0,0
281888641,1515,1888,0,0
281890641,1643,1643,0,0
281892641,1581,1743,0,0
281894641,1666,1672,0,0
281896641,1529,1769,0,0
281898641,1687,1611,0,0
281900641,1528,1729,0,0
281902641,1610,1696,0,0
281904641,1626,1794,0,0
281906641,1625,1624,0,0
281908641,1547,1744,0,0
281910641,1556,1717,0,0
281912641,1619,1734,0,0
281914641,1518,1706,0,0
281916641,1553,1705,0,0
281918641,1540,1873,0,0
281920641,1492,1603,0,0
281922641,1551,1725,0,0
281924641,1513,1775,0,0
281926641,1573,1645,0,0
281928641,1508,1649,0,0
281930641,1487,1717,0,0
281932641,1545,1628,0,0
281934641,1489,1649,0,0
281936641,1530,1747,0,0
281938641,1534,1518,0,0
281940641,1550,1757,0,0
281942641,1484,1721,0,0
281944641,1637,1752,0,0
281946641,1628,1760,0,0
281948641,1501,1547,0,0
281950641,1637,1623,0,0
281952641,1605,1627,0,0
281954641,1454,1653,0,0
281956641,1524,1817,0,0
281958641,1559,1692,0,0
281960641,1461,1692,0,0
281962641,1524,1635,0,0
281964641,1504,1732,0,0
281966641,1528,1701,0,0
281968641,1416,1672,0,0
281970641,1605,1699,0,0
281972641,1561,1804,0,0
281974641,1529,1635,0,0
281976641,1653,1737,0,0
281978641,1561,1654,0,0
281980641,1601,1679,0,0
281982641,1530,1731,0,0
281984641,1562,1679,0,0
281986641,1579,1666,0,0
281988641,1502,1610,0,0
281990641,1600,1658,0,0
281992641,1534,1619,0,0
281994641,1556,1762,0,0
281996641,1619,1739,0,0
281998641,1564,1721,0,0
282000641,1600,1665,0,0
282002641,1489,1638,0,0
282004641,1569,1768,0,0
282006641,1561,1688,0,0
282008641,1613,1738,0,0
282010641,1522,1812,0,0
282012641,1512,1793,0,0
282014641,1630,1701,0,0
282016641,1614,1796,0,0
282018641,1531,1699,0,0
282020641,1533,1574,0,0
282022641,1597,1686,0,0
282024641,1548,1733,0,0
282026641,1674,1739,0,0
282028641,1518,1887,0,0
282030641,1581,1681,0,0
282032641,1573,1728,0,0
282034641,1591,1604,0,0
282036641,1544,1663,0,0
282038641,1538,1653,0,0
282040641,1559,1653,0,0
282042641,1627,1815,0,0
282044641,1564,1641,0,0
282046641,1499,1617,0,0
282048641,1488,1752,0,0
282050641,1541,1710,0,0
282052641,1476,1769,0,0
282054641,1628,1721,0,0
282056641,1628,1657,0,0
282058641,1614,1741,0,0
282060641,1537,1706,0,0
282062641,1616,1640,0,0
282064641,1573,1778,0,0
282066641,1524,1662,0,0
282068641,1536,1656,0,0
282070641,1500,1778,0,0
282072641,1427,1767,0,0
282074641,1515,1709,0,0
282076641,1499,1693,0,0
282078641,1617,1751,0,0
282080641,1564,1637,0,0
282082641,1538,1653,0,0
282084641,1524,1745,0,0
282086641,1633,1633,0,0
282088641,1549,1605,0,0
282090641,1544,1769,0,0
282092641,1535,1754,0,0
282094641,1598,1675,0,0
282096641,1499,1617,0,0
282098641,1579,1641,0,0
282100641,1524,1736,0,0
282102641,1513,1747,0,0
282104641,1564,1626,0,0
282106641,1544,1681,0,0
282108641,1561,1750,0,0
282110641,1483,1553,0,0
282112641,1536,1777,0,0
282114641,1564,1778,0,0
282116641,1508,1820,0,0
282118641,1709,1593,0,0
282120641,1573,1600,0,0
282122641,1523,1666,0,0
282124641,1538,1712,0,0
282126641,1540,1859,0,0
282128641,1483,1733,0,0
282130641,1563,1704,0,0
282132641,1599,1722,0,0
282134641,1538,1773,0,0
282136641,1574,1728,0,0
282138641,1650,1749,0,0
282140641,1516,1667,0,0
282142641,1576,1605,0,0
282144641,1457,1595,0,0
282146641,1577,1721,0,0
282148641,1591,1504,0,0
282150641,1653,1674,0,0
282152641,1523,1761,0,0
282154641,1605,1674,255,0
282156641,1578,1809,255,0
282158641,1563,1572,255,0
282160641,1454,1512,255,0
282162641,1486,1505,255,0
282164641,1505,1445,255,0
282166641,1457,1456,255,0
282168641,1575,1508,255,0
282170641,1512,1410,255,0
282172641,1524,1272,255,0
282174641,1479,1268,255,0
282176641,1451,1324,255,0
282178641,1460,1261,255,0
282180641,1403,1213,255,0
282182641,1500,1194,255,0
282184641,1361,1232,255,0
282186641,1476,1207,255,0
282188641,1337,1113,255,0
282190641,1423,1222,255,0
282192641,1417,1020,255,0
282194641,1371,1064,255,0
282196641,1352,996,255,0
282198641,1495,1026,255,0
282200641,1371,1072,255,0
282202641,1371,1003,255,0
282204641,1371,1006,255,0
282206641,1476,1060,255,0
282208641,1410,861,255,0
282210641,1305,966,255,0
282212641,1464,1026,255,0
282214641,1293,953,255,0
282216641,1312,1071,255,0
282218641,1420,1067,255,0
282220641,1422,1077,255,0
282222641,1481,1064,255,0
282224641,1468,1040,255,0
282226641,1472,1017,255,0
282228641,1437,1051,255,0
282230641,1359,961,255,0
282232641,1428,860,255,0
282234641,1406,1035,255,0
282236641,1364,948,255,0
282238641,1414,1024,255,0
282240641,1420,1092,255,0
282242641,1426,1016,255,0
282244641,1371,981,255,0
282246641,1316,1023,255,0
282248641,1326,1056,255,0
282250641,1367,971,255,0
282252641,1349,961,255,0
282254641,1416,935,255,0
282256641,1423,1021,255,0
282258641,1371,1087,255,0
282260641,1364,928,255,0
282262641,1344,1051,255,0
282264641,1245,986,255,0
282266641,1215,948,255,0
282268641,1249,846,255,0
282270641,1336,1053,255,0
282272641,1274,912,255,0
282274641,1359,897,255,0
282276641,1284,924,255,0
282278641,1235,918,255,0
282280641,1112,915,255,0
282282641,1104,1200,255,0
282284641,1123,1341,255,0
282286641,1109,1371,255,0
282288641,1143,1354,255,0
282290641,1144,1264,255,0
282292641,1137,1364,255,0
282294641,1055,1308,255,0
282296641,1051,1244,255,0
282298641,1140,1344,255,0
282300641,1139,1305,255,0
282302641,1117,1492,255,0
282304641,1075,1359,0,0
282306641,1026,1259,0,0
282308641,1142,1457,0,0
282310641,1159,1300,0,0
282312641,1203,1425,0,0
282314641,1254,1483,0,0
282316641,1183,1584,0,0
282318641,1281,1604,0,0
282320641,1269,1461,0,0
282322641,1286,1609,0,0
282324641,1284,1709,0,0
282326641,1371,1684,0,0
282328641,1307,1513,0,0
282330641,1284,1547,0,0
282332641,1398,1531,0,0
282334641,1404,1581,0,0
282336641,1560,1637,0,0
282338641,1386,1624,0,0
282340641,1409,1552,0,0
282342641,1462,1659,0,0
282344641,1359,1681,0,0
282346641,1454,1641,0,0
282348641,1480,1679,0,0
282350641,1414,1685,0,0
282352641,1461,1497,0,0
282354641,1369,1710,0,0
282356641,1482,1636,0,0
282358641,1589,1753,0,0
282360641,1436,1694,0,0
282362641,1586,1786,0,0
282364641,1492,1728,0,0
282366641,1574,1770,0,0
282368641,1544,1712,0,0
282370641,1512,1828,0,0
282372641,1531,1732,0,0
282374641,1500,1780,0,0
282376641,1511,1679,0,0
282378641,1598,1789,0,0
282380641,1456,1778,0,0
282382641,1636,1510,0,0
282384641,1599,1629,0,0
282386641,1523,1786,0,0
282388641,1602,1693,0,0
282390641,1474,1673,0,0
282392641,1615,1717,0,0
282394641,1615,1795,0,0
282396641,1607,1751,0,0
282398641,1626,1728,0,0
282400641,1501,1718,0,0
282402641,1593,1692,0,0
282404641,1602,1720,0,0
282406641,1585,1664,0,0
282408641,1481,1833,0,0
282410641,1512,1836,0,0
282412641,1547,1601,0,0
282414641,1713,1780,0,0
282416641,1614,1621,0,0
282418641,1569,1794,0,0
282420641,1555,1793,0,0
282422641,1548,1569,0,0
282424641,1605,1617,0,0
282426641,1585,1719,0,0
282428641,1501,1691,0,0
282430641,1615,1569,0,0
282432641,1577,1706,0,0
282434641,1512,1625,0,0
282436641,1561,1794,0,0
282438641,1597,1748,0,0
282440641,1603,1705,0,0
282442641,1501,1635,0,0
282444641,1525,1672,0,0
282446641,1512,1637,0,0
282448641,1547,1653,0,0
282450641,1539,1831,0,0
282452641,1610,1630,0,0
282454641,1538,1674,0,0
282456641,1576,1743,0,0
282458641,1536,1628,0,0
282460641,1529,1700,0,0
282462641,1523,1716,0,0
282464641,1512,1707,0,0
282466641,1674,1745,0,0
282468641,1648,1794,0,0
282470641,1613,1622,0,0
282472641,1598,1728,0,0
282474641,1539,1845,0,0
282476641,1602,1708,0,0
282478641,1527,1654,0,0
282480641,1658,1574,0,0
282482641,1504,1799,0,0
282484641,1478,1830,0,0
282486641,1550,1633,0,0
282488641,1552,1801,0,0
282490641,1590,1653,0,0
282492641,1645,1613,0,0
282494641,1594,1693,0,0
282496641,1686,1556,0,0
282498641,1629,1677,0,0
282500641,1613,1748,0,0
282502641,1572,1889,0,0
282504641,1494,1613,0,0
282506641,1553,1619,0,0
282508641,1565,1692,0,0
282510641,1606,1738,0,0
282512641,1552,1703,0,0
282514641,1513,1794,0,0
282516641,1527,1841,0,0
282518641,1475,1820,0,0
282520641,1473,1585,0,0
282522641,1590,1679,0,0
282524641,1636,1869,0,0
282526641,1589,1645,0,0
282528641,1607,1696,0,0
282530641,1564,1749,0,0
282532641,1491,1590,0,0
282534641,1531,1681,0,0
282536641,1625,1718,0,0
282538641,1552,1857,0,0
282540641,1546,1745,0,0
282542641,1602,1555,0,0
282544641,1542,1649,0,0
282546641,1484,1667,0,0
282548641,1586,1653,0,0
282550641,1491,1794,0,0
282552641,1464,1794,0,0
282554641,1573,1830,0,0
282556641,1652,1640,0,0
282558641,1608,1773,0,0
282560641,1512,1512,0,0
282562641,1560,1704,0,0
282564641,1462,1566,0,0
282566641,1461,1669,0,0
282568641,1503,1730,0,0
282570641,1617,1789,0,0
282572641,1529,1773,0,0
282574641,1523,1764,0,0
282576641,1533,1717,0,0
282578641,1576,1717,0,0
282580641,1710,1595,0,0
282582641,1619,1821,0,0
282584641,1516,1652,0,0
282586641,1589,1591,0,0
282588641,1513,1685,0,0
282590641,1607,1729,0,0
282592641,1628,1821,0,0
282594641,1520,1730,0,0
282596641,1625,1733,0,0
282598641,1540,1714,0,0
282600641,1524,1740,0,0
282602641,1532,1659,0,0
282604641,1585,1692,0,0
282606641,1658,1576,0,0
282608641,1571,1730,0,0
282610641,1613,1725,0,0
282612641,1464,1821,0,0
282614641,1525,1748,0,0
282616641,1492,1666,0,0
282618641,1615,1729,0,0
282620641,1536,1694,0,0
282622641,1585,1687,0,0
282624641,1538,1842,0,0
282626641,1569,1679,0,0
282628641,1589,1797,0,0
282630641,1557,1753,0,0
282632641,1560,1702,0,0
282634641,1581,1702,0,0
282636641,1500,1606,0,0
282638641,1576,1666,0,0
282640641,1582,1717,0,0
282642641,1675,1745,0,0
282644641,1508,1713,0,0
282646641,1625,1741,0,0
282648641,1524,1656,0,0
282650641,1671,1748,0,0
282652641,1477,1795,0,0
282654641,1597,1695,0,0
282656641,1565,1614,0,0
282658641,1627,1721,0,0
282660641,1536,1656,0,0
282662641,1575,1717,0,0
282664641,1552,1795,0,0
282666641,1531,1768,0,0
282668641,1633,1833,0,0
282670641,1487,1614,0,0
282672641,1502,1667,0,0
282674641,1633,1743,0,0
282676641,1538,1692,0,0
282678641,1552,1708,0,0
282680641,1560,1786,0,0
282682641,1645,1758,0,0
282684641,1607,1669,0,0
282686641,1624,1689,0,0
282688641,1627,1705,0,0
282690641,1569,1745,0,0
282692641,1663,1713,0,0
282694641,1633,1633,0,0
282696641,1557,1556,0,0
282698641,1641,1656,0,0
282700641,1491,1716,0,0
282702641,1536,1623,0,0
282704641,1619,1654,0,0
282706641,1574,1641,0,0
282708641,1516,1721,0,0
282710641,1573,1605,0,0
282712641,1582,1615,0,0
282714641,1564,1731,0,0
282716641,1641,1649,0,0
282718641,1606,1659,0,0
282720641,1666,1651,0,0
282722641,1531,1790,0,0
282724641,1589,1732,0,0
282726641,1529,1802,0,0
282728641,1565,1613,0,0
282730641,1510,1697,0,0
282732641,1648,1709,0,0
282734641,1479,1670,0,0
282736641,1520,1685,0,0
282738641,1573,1705,0,0
282740641,1563,1692,0,0
282742641,1589,1693,0,0
282744641,1601,1616,0,0
282746641,1581,1793,0,0
282748641,1595,1773,0,0
282750641,1640,1617,0,0
282752641,1639,1730,0,0
282754641,1641,1601,0,0
282756641,1655,1725,0,0
282758641,1665,1630,0,0
282760641,1589,1743,0,0
282762641,1574,1639,0,0
282764641,1569,1854,0,0
282766641,1544,1692,0,0
282768641,1528,1837,0,0
282770641,1554,1850,0,0
282772641,1553,1617,0,0
282774641,1630,1739,0,0
282776641,1632,1736,0,0
282778641,1565,1811,0,0
282780641,1504,1805,0,0
282782641,1623,1808,0,0
282784641,1551,1820,0,0
282786641,1504,1718,0,0
282788641,1521,1666,0,0
282790641,1677,1742,0,0
282792641,1538,1537,0,0
282794641,1499,1805,0,0
282796641,1554,1607,0,0
282798641,1609,1629,0,0
282800641,1540,1744,0,0
282802641,1566,1742,0,0
282804641,1488,1767,0,0
282806641,1591,1719,0,0
282808641,1577,1768,0,0
282810641,1629,1771,0,0
282812641,1595,1695,0,0
282814641,1649,1561,0,0
282816641,1533,1662,0,0
282818641,1629,1831,0,0
282820641,1592,1651,0,0
282822641,1548,1799,0,0
282824641,1585,1743,0,0
282826641,1572,1645,0,0
282828641,1502,1791,0,0
282830641,1564,1865,0,0
282832641,1601,1611,0,0
282834641,1496,1616,0,0
282836641,1600,1726,0,0
282838641,1553,1653,0,0
282840641,1624,1794,0,0
282842641,1629,1756,0,0
282844641,1515,1661,0,0
282846641,1488,1604,0,0
282848641,1564,1624,0,0
282850641,1502,1597,0,0
282852641,1564,1631,0,0
282854641,1538,1752,0,0
282856641,1589,1681,0,0
282858641,1629,1720,0,0
282860641,1512,1645,0,0
282862641,1508,1582,0,0
282864641,1553,1699,0,0
282866641,1522,1723,0,0
282868641,1576,1705,0,0
282870641,1552,1794,0,0
282872641,1579,1666,0,0
282874641,1565,1769,0,0
282876641,1468,1732,0,0
282878641,1601,1628,0,0
282880641,1533,1709,0,0
282882641,1524,1753,0,0
282884641,1589,1743,0,0
282886641,1645,1696,0,0
282888641,1564,1701,0,0
282890641,1496,1743,0,0
282892641,1601,1635,0,0
282894641,1592,1736,0,0
282896641,1488,1737,0,0
282898641,1614,1667,0,0
282900641,1523,1706,0,0
282902641,1585,1737,0,0
282904641,1515,1717,0,0
282906641,1588,1642,0,0
282908641,1532,1689,0,0
282910641,1625,1709,0,0
282912641,1474,1629,0,0
282914641,1516,1743,0,0
282916641,1496,1704,0,0
282918641,1487,1684,0,0
282920641,1543,1709,0,0
282922641,1508,1732,0,0
282924641,1495,1739,0,0
282926641,1607,1681,0,0
282928641,1656,1630,0,0
282930641,1459,1666,0,0
282932641,1585,1665,0,0
282934641,1579,1843,0,0
282936641,1588,1757,0,0
282938641,1641,1768,0,0
282940641,1489,1552,0,0
282942641,1613,1731,0,0
282944641,1480,1749,0,0
282946641,1615,1561,0,0
282948641,1566,1699,0,0
282950641,1552,1716,0,0
282952641,1508,1737,0,0
282954641,1624,1768,0,0
282956641,1536,1688,0,0
282958641,1569,1663,0,0
282960641,1648,1659,0,0
282962641,1499,1733,0,0
282964641,1617,1792,0,0
282966641,1631,1730,0,0
282968641,1564,1666,0,0
282970641,1615,1677,0,0
282972641,1468,1749,0,0
282974641,1543,1749,0,0
282976641,1546,1796,0,0
282978641,1582,1794,0,0
282980641,1527,1755,0,0
282982641,1516,1690,0,0
282984641,1521,1765,0,0
282986641,1556,1573,0,0
282988641,1581,1726,0,0
282990641,1623,1794,0,0
282992641,1540,1697,0,0
282994641,1467,1624,0,0
282996641,1633,1703,0,0
282998641,1646,1620,0,0
283000641,1571,1622,0,0
283002641,1646,1761,0,0
283004641,1567,1799,0,0
283006641,1629,1667,0,0
283008641,1483,1842,0,0
283010641,1589,1625,0,0
283012641,1465,1710,0,0
283014641,1619,1731,0,0
283016641,1534,1633,0,0
283018641,1516,1579,0,0
283020641,1581,1733,0,0
283022641,1484,1678,0,0
283024641,1474,1656,0,0
283026641,1554,1701,0,0
283028641,1615,1729,0,0
283030641,1447,1692,0,0
283032641,1563,1692,0,0
283034641,1615,1710,0,0
283036641,1602,1676,0,0
283038641,1591,1681,0,0
283040641,1589,1732,0,0
283042641,1454,1649,0,0
283044641,1487,1609,0,0
283046641,1598,1507,0,0
283048641,1514,1701,0,0
283050641,1485,1675,0,0
283052641,1525,1820,0,0
283054641,1544,1699,0,0
283056641,1488,1652,0,0
283058641,1533,1751,0,0
283060641,1565,1706,0,0
283062641,1579,1720,0,0
283064641,1456,1630,0,0
283066641,1534,1591,0,0
283068641,1601,1737,0,0
283070641,1496,1665,0,0
283072641,1504,1709,0,0
283074641,1564,1694,0,0
283076641,1606,1640,0,0
283078641,1505,1884,0,0
283080641,1499,1696,0,0
283082641,1641,1649,0,0
283084641,1551,1689,0,0
283086641,1565,1669,0,0
283088641,1653,1665,0,0
283090641,1561,1713,0,0
283092641,1576,1781,0,0
283094641,1498,1817,0,0
283096641,1601,1763,0,0
283098641,1589,1720,0,0
283100641,1560,1693,0,0
283102641,1518,1731,0,0
283104641,1581,1671,255,0
283106641,1529,1809,255,0
283108641,1400,1628,255,0
283110641,1593,1692,255,0
283112641,1587,1473,255,0
283114641,1492,1544,255,0
283116641,1520,1495,255,0
283118641,1572,1352,255,0
283120641,1546,1390,255,0
283122641,1487,1335,255,0
283124641,1475,1211,255,0
283126641,1464,1163,255,0
283128641,1454,1231,255,0
283130641,1397,1090,255,0
283132641,1412,1150,255,0
283134641,1496,1134,255,0
283136641,1445,1134,255,0
283138641,1402,1069,255,0
283140641,1576,996,255,0
283142641,1345,1069,255,0
283144641,1487,1115,255,0
283146641,1371,1127,255,0
283148641,1430,1014,255,0
283150641,1354,1059,255,0
283152641,1426,1054,255,0
283154641,1336,1067,255,0
283156641,1490,1029,255,0
283158641,1289,919,255,0
283160641,1500,1102,255,0
283162641,1444,1103,255,0
283164641,1384,1001,255,0
283166641,1421,1045,255,0
283168641,1348,986,255,0
283170641,1359,1049,255,0
283172641,1355,1024,255,0
283174641,1239,957,255,0
283176641,1329,1032,255,0
283178641,1333,1117,255,0
283180641,1386,1077,255,0
283182641,1539,993,255,0
283184641,1371,1081,255,0
283186641,1371,1091,255,0
283188641,1432,975,255,0
283190641,1345,912,255,0
283192641,1429,934,255,0
283194641,1350,1015,255,0
283196641,1386,1015,255,0
283198641,1406,1147,255,0
283200641,1402,961,255,0
283202641,1423,989,255,0
283204641,1344,1013,255,0
283206641,1319,1101,255,0
283208641,1348,1012,255,0
283210641,1385,972,255,0
283212641,1316,925,255,0
283214641,1228,1077,255,0
283216641,1281,1002,255,0
283218641,1218,955,255,0
283220641,1284,908,255,0
283222641,1282,922,255,0
283224641,1147,1025,255,0
283226641,1146,929,255,0
283228641,1267,928,255,0
283230641,1158,1167,255,0
283232641,1134,1174,255,0
283234641,1187,1179,255,0
283236641,1129,1258,255,0
283238641,1025,1238,255,0
283240641,1035,1256,255,0
283242641,1026,1249,255,0
283244641,1026,1324,255,0
283246641,1099,1248,255,0
283248641,1075,1231,255,0
283250641,1203,1293,255,0
283252641,1035,1274,255,0
283254641,1017,1186,0,0
283256641,1117,1260,0,0
283258641,1163,1308,0,0
283260641,1147,1270,0,0
283262641,1128,1320,0,0
283264641,1269,1438,0,0
283266641,1130,1270,0,0
283268641,1301,1388,0,0
283270641,1246,1500,0,0
283272641,1287,1461,0,0
283274641,1256,1473,0,0
283276641,1278,1520,0,0
283278641,1333,1458,0,0
283280641,1332,1436,0,0
283282641,1461,1640,0,0
283284641,1400,1589,0,0
283286641,1470,1619,0,0
283288641,1422,1666,0,0
283290641,1467,1582,0,0
283292641,1410,1508,0,0
283294641,1396,1486,0,0
283296641,1414,1577,0,0
283298641,1524,1564,0,0
283300641,1415,1653,0,0
283302641,1471,1693,0,0
283304641,1589,1682,0,0
283306641,1526,1692,0,0
283308641,1615,1628,0,0
283310641,1502,1641,0,0
283312641,1564,1637,0,0
283314641,1513,1774,0,0
283316641,1531,1720,0,0
283318641,1488,1589,0,0
283320641,1510,1613,0,0
283322641,1498,1629,0,0
283324641,1560,1651,0,0
283326641,1540,1600,0,0
283328641,1582,1667,0,0
283330641,1545,1691,0,0
283332641,1629,1760,0,0
283334641,1512,1705,0,0
283336641,1555,1811,0,0
283338641,1548,1700,0,0
283340641,1467,1592,0,0
283342641,1575,1614,0,0
283344641,1599,1636,0,0
283346641,1511,1633,0,0
283348641,1627,1671,0,0
283350641,1598,1700,0,0
283352641,1584,1645,0,0
283354641,1549,1717,0,0
283356641,1591,1841,0,0
283358641,1575,1774,0,0
283360641,1615,1683,0,0
283362641,1527,1733,0,0
283364641,1578,1748,0,0
283366641,1499,1674,0,0
283368641,1678,1638,0,0
283370641,1704,1762,0,0
283372641,1464,1659,0,0
283374641,1658,1682,0,0
283376641,1601,1643,0,0
283378641,1516,1770,0,0
283380641,1484,1718,0,0
283382641,1564,1739,0,0
283384641,1534,1769,0,0
283386641,1588,1720,0,0
283388641,1589,1793,0,0
283390641,1487,1621,0,0
283392641,1548,1679,0,0
283394641,1615,1743,0,0
283396641,1564,1729,0,0
283398641,1581,1704,0,0
283400641,1483,1761,0,0
283402641,1525,1754,0,0
283404641,1524,1760,0,0
283406641,1569,1714,0,0
283408641,1566,1801,0,0
283410641,1540,1797,0,0
283412641,1629,1747,0,0
283414641,1524,1604,0,0
283416641,1518,1638,0,0
283418641,1627,1589,0,0
283420641,1597,1649,0,0
283422641,1524,1688,0,0
283424641,1422,1816,0,0
283426641,1577,1736,0,0
283428641,1516,1701,0,0
283430641,1560,1633,0,0
283432641,1499,1744,0,0
283434641,1554,1643,0,0
283436641,1590,1753,0,0
283438641,1569,1706,0,0
283440641,1577,1689,0,0
283442641,1573,1737,0,0
283444641,1589,1750,0,0
283446641,1528,1692,0,0
283448641,1487,1718,0,0
283450641,1587,1737,0,0
283452641,1592,1589,0,0
283454641,1612,1577,0,0
283456641,1575,1781,0,0
283458641,1561,1595,0,0
283460641,1534,1697,0,0
283462641,1617,1539,0,0
283464641,1515,1694,0,0
283466641,1652,1616,0,0
283468641,1490,1721,0,0
283470641,1579,1608,0,0
283472641,1505,1669,0,0
283474641,1615,1636,0,0
283476641,1610,1743,0,0
283478641,1580,1720,0,0
283480641,1590,1741,0,0
283482641,1538,1747,0,0
283484641,1610,1922,0,0
283486641,1591,1589,0,0
283488641,1552,1727,0,0
283490641,1627,1725,0,0
283492641,1589,1669,0,0
283494641,1510,1763,0,0
283496641,1616,1777,0,0
283498641,1541,1697,0,0
283500641,1599,1677,0,0
283502641,1508,1743,0,0
283504641,1577,1686,0,0
283506641,1611,1729,0,0
283508641,1577,1678,0,0
283510641,1543,1713,0,0
283512641,1560,1598,0,0
283514641,1568,1794,0,0
283516641,1555,1740,0,0
283518641,1579,1595,0,0
283520641,1480,1769,0,0
283522641,1671,1637,0,0
283524641,1420,1668,0,0
283526641,1502,1779,0,0
283528641,1552,1671,0,0
283530641,1599,1657,0,0
283532641,1654,1769,0,0
283534641,1404,1697,0,0
283536641,1553,1601,0,0
283538641,1555,1747,0,0
283540641,1595,1595,0,0
283542641,1540,1845,0,0
283544641,1564,1765,0,0
283546641,1538,1833,0,0
283548641,1480,1679,0,0
283550641,1563,1807,0,0
283552641,1470,1655,0,0
283554641,1517,1569,0,0
283556641,1631,1747,0,0
283558641,1549,1721,0,0
283560641,1607,1630,0,0
283562641,1613,1604,0,0
283564641,1545,1692,0,0
283566641,1543,1688,0,0
283568641,1608,1720,0,0
283570641,1556,1608,0,0
283572641,1553,1764,0,0
283574641,1605,1641,0,0
283576641,1649,1664,0,0
283578641,1641,1734,0,0
283580641,1609,1809,0,0
283582641,1585,1666,0,0
283584641,1524,1705,0,0
283586641,1544,1733,0,0
283588641,1532,1727,0,0
283590641,1605,1695,0,0
283592641,1502,1707,0,0
283594641,1617,1736,0,0
283596641,1665,1617,0,0
283598641,1656,1673,0,0
283600641,1552,1677,0,0
283602641,1629,1725,0,0
283604641,1513,1745,0,0
283606641,1589,1764,0,0
283608641,1538,1691,0,0
283610641,1564,1639,0,0
283612641,1631,1709,0,0
283614641,1589,1621,0,0
283616641,1568,1772,0,0
283618641,1635,1601,0,0
283620641,1598,1717,0,0
283622641,1502,1730,0,0
283624641,1625,1694,0,0
283626641,1626,1692,0,0
283628641,1684,1697,0,0
283630641,1659,1740,0,0
283632641,1531,1769,0,0
283634641,1543,1540,0,0
283636641,1555,1601,0,0
283638641,1598,1665,0,0
283640641,1576,1717,0,0
283642641,1556,1643,0,0
283644641,1515,1712,0,0
283646641,1606,1692,0,0
283648641,1605,1770,0,0
283650641,1692,1675,0,0
283652641,1556,1700,0,0
283654641,1617,1833,0,0
283656641,1586,1713,0,0
283658641,1512,1816,0,0
283660641,1589,1828,0,0
283662641,1602,1721,0,0
283664641,1567,1752,0,0
283666641,1624,1627,0,0
283668641,1591,1589,0,0
283670641,1668,1601,0,0
283672641,1589,1703,0,0
283674641,1577,1755,0,0
283676641,1462,1693,0,0
283678641,1666,1622,0,0
283680641,1624,1639,0,0
283682641,1605,1848,0,0
283684641,1530,1678,0,0
283686641,1577,1738,0,0
283688641,1550,1669,0,0
283690641,1678,1718,0,0
283692641,1540,1693,0,0
283694641,1566,1653,0,0
283696641,1585,1801,0,0
283698641,1573,1606,0,0
283700641,1646,1785,0,0
283702641,1598,1688,0,0
283704641,1560,1805,0,0
283706641,1508,1723,0,0
283708641,1680,1591,0,0
283710641,1585,1829,0,0
283712641,1605,1832,0,0
283714641,1609,1745,0,0
283716641,1589,1592,0,0
283718641,1542,1657,0,0
283720641,1556,1765,0,0
283722641,1713,1685,0,0
283724641,1633,1713,0,0
283726641,1470,1734,0,0
283728641,1604,1877,0,0
283730641,1512,1747,0,0
283732641,1540,1767,0,0
283734641,1576,1691,0,0
283736641,1553,1717,0,0
283738641,1576,1805,0,0
283740641,1559,1712,0,0
283742641,1512,1717,0,0
283744641,1641,1649,0,0
283746641,1601,1873,0,0
283748641,1550,1822,0,0
283750641,1500,1670,0,0
283752641,1512,1644,0,0
283754641,1576,1728,0,0
283756641,1601,1615,0,0
283758641,1585,1717,0,0
283760641,1679,1709,0,0
283762641,1538,1710,0,0
283764641,1519,1692,0,0
283766641,1539,1761,0,0
283768641,1548,1681,0,0
283770641,1613,1740,0,0
283772641,1579,1702,0,0
283774641,1587,1633,0,0
283776641,1520,1500,0,0
283778641,1504,1622,0,0
283780641,1610,1681,0,0
283782641,1512,1650,0,0
283784641,1589,1665,0,0
283786641,1676,1740,0,0
283788641,1601,1721,0,0
283790641,1517,1687,0,0
283792641,1540,1665,0,0
283794641,1499,1685,0,0
283796641,1454,1717,0,0
283798641,1531,1818,0,0
283800641,1539,1598,0,0
283802641,1538,1623,0,0
283804641,1579,1805,0,0
283806641,1591,1629,0,0
283808641,1580,1740,0,0
283810641,1606,1677,0,0
283812641,1563,1656,0,0
283814641,1512,1776,0,0
283816641,1393,1605,0,0
283818641,1525,1730,0,0
283820641,1608,1759,0,0
283822641,1502,1645,0,0
283824641,1585,1665,0,0
283826641,1544,1625,0,0
283828641,1547,1699,0,0
283830641,1549,1677,0,0
283832641,1512,1803,0,0
283834641,1532,1764,0,0
283836641,1545,1748,0,0
283838641,1561,1705,0,0
283840641,1589,1747,0,0
283842641,1578,1773,0,0
283844641,1621,1753,0,0
283846641,1471,1801,0,0
283848641,1528,1644,0,0
283850641,1528,1732,0,0
283852641,1487,1665,0,0
283854641,1525,1845,0,0
283856641,1513,1694,0,0
283858641,1571,1765,0,0
283860641,1577,1676,0,0
283862641,1601,1755,0,0
283864641,1581,1666,0,0
283866641,1563,1520,0,0
283868641,1574,1646,0,0
283870641,1575,1701,0,0
283872641,1537,1837,0,0
283874641,1526,1653,0,0
283876641,1500,1769,0,0
283878641,1615,1550,0,0
283880641,1504,1716,0,0
283882641,1589,1716,0,0
283884641,1673,1717,0,0
283886641,1485,1681,0,0
283888641,1584,1582,0,0
283890641,1500,1525,0,0
283892641,1690,1743,0,0
283894641,1617,1689,0,0
283896641,1589,1688,0,0
283898641,1556,1852,0,0
283900641,1569,1757,0,0
283902641,1595,1761,0,0
283904641,1529,1667,0,0
283906641,1585,1662,0,0
283908641,1555,1850,0,0
283910641,1536,1619,0,0
283912641,1589,1659,0,0
283914641,1661,1845,0,0
283916641,1553,1797,0,0
283918641,1436,1680,0,0
283920641,1561,1816,0,0
283922641,1593,1680,0,0
283924641,1549,1693,0,0
283926641,1505,1679,0,0
283928641,1559,1617,0,0
283930641,1512,1627,0,0
283932641,1585,1696,0,0
283934641,1525,1794,0,0
283936641,1484,1632,0,0
283938641,1584,1727,0,0
283940641,1536,1554,0,0
283942641,1575,1730,0,0
283944641,1525,1802,0,0
283946641,1571,1759,0,0
283948641,1520,1754,0,0
283950641,1525,1757,0,0
283952641,1526,1641,0,0
283954641,1547,1692,0,0
283956641,1598,1654,0,0
283958641,1547,1773,0,0
283960641,1518,1717,0,0
283962641,1581,1569,0,0
283964641,1548,1606,0,0
283966641,1569,1697,0,0
283968641,1553,1777,0,0
283970641,1553,1707,0,0
283972641,1420,1716,0,0
283974641,1538,1652,0,0
283976641,1529,1765,0,0
283978641,1554,1769,0,0
283980641,1595,1789,0,0
283982641,1576,1785,0,0
283984641,1608,1683,0,0
283986641,1564,1695,0,0
283988641,1649,1666,0,0
283990641,1512,1666,0,0
283992641,1547,1777,0,0
283994641,1436,1725,0,0
283996641,1560,1659,0,0
283998641,1501,1677,0,0
284000641,1559,1649,0,0
284002641,1448,1692,0,0
284004641,1616,1615,0,0
284006641,1480,1794,0,0
284008641,1577,1675,0,0
284010641,1538,1803,0,0
284012641,1625,1773,0,0
284014641,1492,1741,0,0
284016641,1619,1725,0,0
284018641,1566,1794,0,0
284020641,1532,1692,0,0
284022641,1519,1648,0,0
284024641,1545,1560,0,0
284026641,1566,1796,0,0
284028641,1545,1618,0,0
284030641,1577,1791,0,0
284032641,1619,1818,0,0
284034641,1579,1722,0,0
284036641,1559,1626,0,0
284038641,1613,1760,0,0
284040641,1516,1795,0,0
284042641,1613,1692,0,0
284044641,1585,1774,0,0
284046641,1544,1844,0,0
284048641,1573,1692,0,0
284050641,1635,1754,0,0
284052641,1569,1756,0,0
284054641,1637,1671,255,0
284056641,1513,1687,255,0
284058641,1549,1563,255,0
284060641,1515,1569,255,0
284062641,1541,1541,255,0
284064641,1617,1572,255,0
284066641,1528,1509,255,0
284068641,1400,1326,255,0
284070641,1371,1361,255,0
284072641,1423,1466,255,0
284074641,1421,1371,255,0
284076641,1575,1280,255,0
284078641,1519,1371,255,0
284080641,1475,1066,255,0
284082641,1303,1150,255,0
284084641,1490,1205,255,0
284086641,1418,1121,255,0
284088641,1371,1255,255,0
284090641,1476,1117,255,0
284092641,1492,1026,255,0
284094641,1421,1029,255,0
284096641,1388,1054,255,0
284098641,1487,1078,255,0
284100641,1337,1014,255,0
284102641,1434,1132,255,0
284104641,1517,1035,255,0
284106641,1465,1000,255,0
284108641,1386,958,255,0
284110641,1487,817,255,0
284112641,1371,1012,255,0
284114641,1413,995,255,0
284116641,1483,1060,255,0
284118641,1523,1085,255,0
284120641,1243,937,255,0
284122641,1453,948,255,0
284124641,1409,1028,255,0
284126641,1454,973,255,0
284128641,1371,977,255,0
284130641,1386,999,255,0
284132641,1440,996,255,0
284134641,1506,1069,255,0
284136641,1432,989,255,0
284138641,1420,1026,255,0
284140641,1411,1002,255,0
284142641,1337,861,255,0
284144641,1433,992,255,0
284146641,1412,975,255,0
284148641,1400,863,255,0
284150641,1471,943,255,0
284152641,1344,914,255,0
284154641,1423,900,255,0
284156641,1439,1010,255,0
284158641,1474,929,255,0
284160641,1385,976,255,0
284162641,1406,833,255,0
284164641,1282,1019,255,0
284166641,1461,942,255,0
284168641,1409,924,255,0
284170641,1412,887,255,0
284172641,1256,1106,255,0
284174641,1353,1045,255,0
284176641,1322,983,255,0
284178641,1225,926,255,0
284180641,1246,989,255,0
284182641,1309,986,255,0
284184641,1316,1120,255,0
284186641,1128,1080,255,0
284188641,1209,971,255,0
284190641,1103,1021,255,0
284192641,1154,1392,255,0
284194641,1091,1408,255,0
284196641,1107,1239,255,0
284198641,1057,1196,255,0
284200641,1075,1228,255,0
284202641,1033,1293,255,0
284204641,1081,1257,0,0
284206641,1196,1348,0,0
284208641,1227,1359,0,0
284210641,1189,1332,0,0
284212641,1115,1412,0,0
284214641,1227,1441,0,0
284216641,1283,1636,0,0
284218641,1179,1475,0,0
284220641,1319,1571,0,0
284222641,1355,1461,0,0
284224641,1371,1499,0,0
284226641,1435,1525,0,0
284228641,1407,1624,0,0
284230641,1476,1656,0,0
284232641,1371,1486,0,0
284234641,1484,1576,0,0
284236641,1313,1637,0,0
284238641,1449,1733,0,0
284240641,1425,1654,0,0
284242641,1508,1587,0,0
284244641,1371,1641,0,0
284246641,1482,1585,0,0
284248641,1461,1600,0,0
284250641,1454,1675,0,0
284252641,1436,1655,0,0
284254641,1575,1777,0,0
284256641,1538,1632,0,0
284258641,1508,1589,0,0
284260641,1582,1673,0,0
284262641,1535,1598,0,0
284264641,1460,1783,0,0
284266641,1579,1686,0,0
284268641,1590,1591,0,0
284270641,1531,1842,0,0
284272641,1645,1830,0,0
284274641,1512,1659,0,0
284276641,1504,1713,0,0
284278641,1604,1770,0,0
284280641,1524,1718,0,0
284282641,1617,1512,0,0
284284641,1623,1723,0,0
284286641,1412,1641,0,0
284288641,1614,1692,0,0
284290641,1590,1626,0,0
284292641,1441,1722,0,0
284294641,1691,1812,0,0
284296641,1619,1866,0,0
284298641,1558,1713,0,0
284300641,1531,1675,0,0
284302641,1594,1538,0,0
284304641,1488,1589,0,0
284306641,1460,1795,0,0
284308641,1556,1674,0,0
284310641,1564,1681,0,0
284312641,1589,1670,0,0
284314641,1634,1631,0,0
284316641,1617,1704,0,0
284318641,1511,1859,0,0
284320641,1602,1637,0,0
284322641,1627,1665,0,0
284324641,1520,1664,0,0
284326641,1552,1771,0,0
284328641,1482,1626,0,0
284330641,1681,1729,0,0
284332641,1549,1685,0,0
284334641,1565,1739,0,0
284336641,1511,1680,0,0
284338641,1626,1692,0,0
284340641,1496,1678,0,0
284342641,1568,1574,0,0
284344641,1576,1671,0,0
284346641,1513,1642,0,0
284348641,1520,1744,0,0
284350641,1569,1760,0,0
284352641,1497,1707,0,0
284354641,1591,1726,0,0
284356641,1507,1663,0,0
284358641,1574,1581,0,0
284360641,1566,1657,0,0
284362641,1674,1705,0,0
284364641,1512,1747,0,0
284366641,1589,1744,0,0
284368641,1590,1692,0,0
284370641,1569,1788,0,0
284372641,1669,1706,0,0
284374641,1639,1820,0,0
284376641,1487,1512,0,0
284378641,1596,1585,0,0
284380641,1567,1675,0,0
284382641,1527,1702,0,0
284384641,1613,1653,0,0
284386641,1564,1670,0,0
284388641,1512,1568,0,0
284390641,1563,1644,0,0
284392641,1628,1680,0,0
284394641,1665,1799,0,0
284396641,1698,1769,0,0
284398641,1566,1712,0,0
284400641,1633,1751,0,0
284402641,1548,1792,0,0
284404641,1524,1777,0,0
284406641,1545,1786,0,0
284408641,1666,1801,0,0
284410641,1629,1569,0,0
284412641,1645,1672,0,0
284414641,1555,1726,0,0
284416641,1472,1693,0,0
284418641,1559,1747,0,0
284420641,1629,1680,0,0
284422641,1600,1805,0,0
284424641,1540,1636,0,0
284426641,1565,1633,0,0
284428641,1594,1709,0,0
284430641,1615,1540,0,0
284432641,1578,1652,0,0
284434641,1668,1757,0,0
284436641,1717,1683,0,0
284438641,1540,1689,0,0
284440641,1573,1803,0,0
284442641,1578,1823,0,0
284444641,1475,1710,0,0
284446641,1508,1703,0,0
284448641,1564,1732,0,0
284450641,1584,1666,0,0
284452641,1474,1698,0,0
284454641,1503,1670,0,0
284456641,1590,1685,0,0
284458641,1537,1712,0,0
284460641,1497,1646,0,0
284462641,1641,1729,0,0
284464641,1461,1697,0,0
284466641,1512,1636,0,0
284468641,1509,1741,0,0
284470641,1594,1730,0,0
284472641,1582,1548,0,0
284474641,1549,1769,0,0
284476641,1560,1707,0,0
284478641,1473,1779,0,0
284480641,1592,1717,0,0
284482641,1624,1644,0,0
284484641,1634,1731,0,0
284486641,1601,1820,0,0
284488641,1641,1689,0,0
284490641,1604,1597,0,0
284492641,1660,1722,0,0
284494641,1660,1738,0,0
284496641,1533,1590,0,0
284498641,1688,1657,0,0
284500641,1547,1689,0,0
284502641,1568,1744,0,0
284504641,1673,1774,0,0
284506641,1679,1552,0,0
284508641,1566,1779,0,0
284510641,1465,1767,0,0
284512641,1571,1677,0,0
284514641,1641,1602,0,0
284516641,1593,1664,0,0
284518641,1581,1623,0,0
284520641,1481,1807,0,0
284522641,1610,1727,0,0
284524641,1575,1717,0,0
284526641,1556,1703,0,0
284528641,1513,1608,0,0
284530641,1589,1809,0,0
284532641,1562,1753,0,0
284534641,1448,1793,0,0
284536641,1657,1752,0,0
284538641,1470,1809,0,0
284540641,1521,1697,0,0
284542641,1518,1681,0,0
284544641,1554,1717,0,0
284546641,1520,1741,0,0
284548641,1605,1694,0,0
284550641,1668,1771,0,0
284552641,1615,1773,0,0
284554641,1460,1654,0,0
284556641,1453,1604,0,0
284558641,1593,1680,0,0
284560641,1597,1664,0,0
284562641,1553,1686,0,0
284564641,1537,1704,0,0
284566641,1565,1620,0,0
284568641,1667,1725,0,0
284570641,1552,1743,0,0
284572641,1538,1589,0,0
284574641,1538,1739,0,0
284576641,1556,1743,0,0
284578641,1517,1693,0,0
284580641,1620,1799,0,0
284582641,1584,1763,0,0
284584641,1621,1786,0,0
284586641,1610,1721,0,0
284588641,1528,1717,0,0
284590641,1575,1758,0,0
284592641,1558,1725,0,0
284594641,1564,1732,0,0
284596641,1606,1746,0,0
284598641,1564,1759,0,0
284600641,1680,1696,0,0
284602641,1471,1654,0,0
284604641,1589,1633,0,0
284606641,1568,1590,0,0
284608641,1609,1616,0,0
284610641,1636,1641,0,0
284612641,1558,1742,0,0
284614641,1601,1705,0,0
284616641,1589,1769,0,0
284618641,1501,1781,0,0
284620641,1537,1569,0,0
284622641,1658,1709,0,0
284624641,1581,1798,0,0
284626641,1613,1805,0,0
284628641,1514,1537,0,0
284630641,1538,1778,0,0
284632641,1714,1703,0,0
284634641,1534,1630,0,0
284636641,1577,1627,0,0
284638641,1667,1705,0,0
284640641,1666,1861,0,0
284642641,1500,1684,0,0
284644641,1607,1592,0,0
284646641,1565,1603,0,0
284648641,1594,1766,0,0
284650641,1512,1773,0,0
284652641,1564,1644,0,0
284654641,1614,1553,0,0
284656641,1563,1623,0,0
284658641,1528,1730,0,0
284660641,1538,1548,0,0
284662641,1566,1637,0,0
284664641,1589,1776,0,0
284666641,1637,1669,0,0
284668641,1559,1728,0,0
284670641,1603,1666,0,0
284672641,1487,1908,0,0
284674641,1589,1733,0,0
284676641,1609,1612,0,0
284678641,1629,1692,0,0
284680641,1555,1809,0,0
284682641,1538,1760,0,0
284684641,1688,1769,0,0
284686641,1449,1760,0,0
284688641,1496,1769,0,0
284690641,1512,1706,0,0
284692641,1614,1700,0,0
284694641,1620,1617,0,0
284696641,1533,1665,0,0
284698641,1611,1708,0,0
284700641,1588,1661,0,0
284702641,1531,1632,0,0
284704641,1464,1633,0,0
284706641,1609,1595,0,0
284708641,1513,1667,0,0
284710641,1568,1820,0,0
284712641,1582,1716,0,0
284714641,1580,1735,0,0
284716641,1563,1613,0,0
284718641,1556,1510,0,0
284720641,1556,1672,0,0
284722641,1614,1590,0,0
284724641,1499,1615,0,0
284726641,1466,1761,0,0
284728641,1515,1616,0,0
284730641,1612,1726,0,0
284732641,1556,1764,0,0
284734641,1540,1747,0,0
284736641,1627,1707,0,0
284738641,1579,1657,0,0
284740641,1650,1728,0,0
284742641,1538,1537,0,0
284744641,1565,1735,0,0
284746641,1505,1815,0,0
284748641,1610,1658,0,0
284750641,1512,1833,0,0
284752641,1520,1652,0,0
284754641,1476,1590,0,0
284756641,1521,1769,0,0
284758641,1512,1635,0,0
284760641,1470,1705,0,0
284762641,1620,1767,0,0
284764641,1664,1684,0,0
284766641,1652,1810,0,0
284768641,1526,1657,0,0
284770641,1526,1709,0,0
284772641,1575,1743,0,0
284774641,1538,1766,0,0
284776641,1549,1701,0,0
284778641,1452,1556,0,0
284780641,1569,1717,0,0
284782641,1602,1677,0,0
284784641,1549,1749,0,0
284786641,1564,1673,0,0
284788641,1632,1811,0,0
284790641,1611,1716,0,0
284792641,1589,1763,0,0
284794641,1676,1681,0,0
284796641,1641,1743,0,0
284798641,1623,1661,0,0
284800641,1602,1689,0,0
284802641,1589,1733,0,0
284804641,1613,1769,0,0
284806641,1512,1830,0,0
284808641,1547,1512,0,0
284810641,1551,1786,0,0
284812641,1627,1709,0,0
284814641,1460,1613,0,0
284816641,1564,1805,0,0
284818641,1627,1738,0,0
284820641,1520,1732,0,0
284822641,1611,1701,0,0
284824641,1584,1690,0,0
284826641,1497,1769,0,0
284828641,1457,1675,0,0
284830641,1595,1714,0,0
284832641,1545,1524,0,0
284834641,1700,1743,0,0
284836641,1647,1552,0,0
284838641,1585,1701,0,0
284840641,1552,1662,0,0
284842641,1454,1518,0,0
284844641,1543,1747,0,0
284846641,1564,1736,0,0
284848641,1616,1645,0,0
284850641,1659,1693,0,0
284852641,1575,1787,0,0
284854641,1524,1555,0,0
284856641,1516,1621,0,0
284858641,1500,1799,0,0
284860641,1628,1755,0,0
284862641,1562,1718,0,0
284864641,1560,1661,0,0
284866641,1542,1728,0,0
284868641,1567,1704,0,0
284870641,1620,1676,0,0
284872641,1516,1692,0,0
284874641,1504,1629,0,0
284876641,1564,1693,0,0
284878641,1498,1697,0,0
284880641,1572,1781,0,0
284882641,1597,1794,0,0
284884641,1577,1682,0,0
284886641,1544,1710,0,0
284888641,1563,1806,0,0
284890641,1538,1833,0,0
284892641,1464,1582,0,0
284894641,1524,1720,0,0
284896641,1633,1707,0,0
284898641,1556,1678,0,0
284900641,1592,1746,0,0
284902641,1553,1739,0,0
284904641,1612,1725,0,0
284906641,1569,1729,0,0
284908641,1533,1613,0,0
284910641,1615,1761,0,0
284912641,1566,1684,0,0
284914641,1547,1523,0,0
284916641,1515,1686,0,0
284918641,1564,1691,0,0
284920641,1571,1817,0,0
284922641,1525,1615,0,0
284924641,1575,1621,0,0
284926641,1513,1743,0,0
284928641,1561,1687,0,0
284930641,1544,1669,0,0
284932641,1470,1670,0,0
284934641,1459,1669,0,0
284936641,1589,1681,0,0
284938641,1504,1705,0,0
284940641,1569,1693,0,0
284942641,1657,1637,0,0
284944641,1553,1797,0,0
284946641,1619,1690,0,0
284948641,1609,1769,0,0
284950641,1464,1679,0,0
284952641,1523,1706,0,0
284954641,1496,1729,0,0
284956641,1489,1733,0,0
284958641,1525,1694,0,0
284960641,1500,1757,0,0
284962641,1464,1746,0,0
284964641,1468,1691,0,0
284966641,1657,1769,0,0
284968641,1589,1651,0,0
284970641,1610,1615,0,0
284972641,1528,1681,0,0
284974641,1577,1633,0,0
284976641,1595,1781,0,0
284978641,1583,1651,0,0
284980641,1606,1692,0,0
284982641,1549,1618,0,0
284984641,1559,1615,0,0
284986641,1537,1690,0,0
284988641,1608,1729,0,0
284990641,1526,1914,0,0
284992641,1541,1789,0,0
284994641,1565,1817,0,0
284996641,1631,1612,0,0
284998641,1564,1730,0,0
285000641,1565,1667,0,0
285002641,1453,1538,0,0
285004641,1562,1786,255,0
285006641,1598,1745,255,0
285008641,1551,1598,255,0
285010641,1531,1578,255,0
285012641,1512,1590,255,0
285014641,1482,1385,255,0
285016641,1484,1282,255,0
285018641,1572,1355,255,0
285020641,1436,1291,255,0
285022641,1494,1323,255,0
285024641,1460,1271,255,0
285026641,1418,1177,255,0
285028641,1452,1206,255,0
285030641,1359,1167,255,0
285032641,1431,1140,255,0
285034641,1444,1201,255,0
285036641,1472,1183,255,0
285038641,1559,1134,255,0
285040641,1504,1156,255,0
285042641,1496,1143,255,0
285044641,1395,1203,255,0
285046641,1396,1120,255,0
285048641,1469,1110,255,0
285050641,1443,985,255,0
285052641,1310,1037,255,0
285054641,1493,1043,255,0
285056641,1308,899,255,0
285058641,1398,995,255,0
285060641,1448,1156,255,0
285062641,1442,960,255,0
285064641,1310,919,255,0
285066641,1436,1057,255,0
285068641,1328,984,255,0
285070641,1454,1000,255,0
285072641,1308,1019,255,0
285074641,1371,872,255,0
285076641,1371,1042,255,0
285078641,1254,1113,255,0
285080641,1538,916,255,0
285082641,1437,975,255,0
285084641,1368,879,255,0
285086641,1308,1002,255,0
285088641,1464,898,255,0
285090641,1404,955,255,0
285092641,1403,1010,255,0
285094641,1345,886,255,0
285096641,1440,1033,255,0
285098641,1353,1047,255,0
285100641,1410,940,255,0
285102641,1371,975,255,0
285104641,1313,970,255,0
285106641,1400,926,255,0
285108641,1371,822,255,0
285110641,1268,783,255,0
285112641,1328,1071,255,0
285114641,1345,991,255,0
285116641,1258,1007,255,0
285118641,1281,1136,255,0
285120641,1305,906,255,0
285122641,1175,978,255,0
285124641,1243,1034,255,0
285126641,1183,943,255,0
285128641,1134,839,255,0
285130641,1078,1155,255,0
285132641,1158,1191,255,0
285134641,1104,1203,255,0
285136641,1075,1228,255,0
285138641,1118,1272,255,0
285140641,1185,1209,255,0
285142641,1051,1235,255,0
285144641,1072,1154,255,0
285146641,1176,1115,255,0
285148641,1104,1276,255,0
285150641,1165,1218,255,0
285152641,1134,1265,255,0
285154641,1121,1219,0,0
285156641,1086,1222,0,0
285158641,1192,1308,0,0
285160641,1231,1400,0,0
285162641,1183,1354,0,0
285164641,1252,1463,0,0
285166641,1300,1344,0,0
285168641,1258,1626,0,0
285170641,1330,1498,0,0
285172641,1343,1526,0,0
285174641,1325,1552,0,0
285176641,1392,1478,0,0
285178641,1371,1448,0,0
285180641,1413,1564,0,0
285182641,1329,1352,0,0
285184641,1498,1473,0,0
285186641,1501,1702,0,0
285188641,1432,1371,0,0
285190641,1401,1731,0,0
285192641,1536,1608,0,0
285194641,1460,1733,0,0
285196641,1436,1629,0,0
285198641,1427,1544,0,0
285200641,1453,1738,0,0
285202641,1496,1638,0,0
285204641,1538,1526,0,0
285206641,1517,1692,0,0
285208641,1411,1780,0,0
285210641,1563,1707,0,0
285212641,1536,1536,0,0
285214641,1432,1605,0,0
285216641,1475,1653,0,0
285218641,1538,1777,0,0
285220641,1467,1590,0,0
285222641,1591,1632,0,0
285224641,1502,1547,0,0
285226641,1549,1629,0,0
285228641,1573,1796,0,0
285230641,1504,1717,0,0
285232641,1566,1568,0,0
285234641,1461,1643,0,0
285236641,1480,1752,0,0
285238641,1606,1794,0,0
285240641,1515,1628,0,0
285242641,1628,1589,0,0
285244641,1577,1730,0,0
285246641,1498,1700,0,0
285248641,1457,1751,0,0
285250641,1496,1818,0,0
285252641,1540,1690,0,0
285254641,1575,1750,0,0
285256641,1569,1659,0,0
285258641,1512,1716,0,0
285260641,1494,1713,0,0
285262641,1462,1741,0,0
285264641,1597,1749,0,0
285266641,1525,1787,0,0
285268641,1527,1861,0,0
285270641,1560,1739,0,0
285272641,1569,1682,0,0
285274641,1538,1789,0,0
285276641,1556,1587,0,0
285278641,1595,1666,0,0
285280641,1527,1646,0,0
285282641,1590,1748,0,0
285284641,1549,1745,0,0
285286641,1579,1657,0,0
285288641,1512,1641,0,0
285290641,1531,1531,0,0
285292641,1524,1653,0,0
285294641,1581,1661,0,0
285296641,1537,1662,0,0
285298641,1502,1771,0,0
285300641,1626,1689,0,0
285302641,1580,1640,0,0
285304641,1597,1801,0,0
285306641,1473,1675,0,0
285308641,1482,1721,0,0
285310641,1547,1754,0,0
285312641,1657,1725,0,0
285314641,1592,1693,0,0
285316641,1565,1690,0,0
285318641,1537,1563,0,0
285320641,1601,1669,0,0
285322641,1512,1590,0,0
285324641,1525,1601,0,0
285326641,1416,1739,0,0
285328641,1537,1635,0,0
285330641,1565,1718,0,0
285332641,1564,1594,0,0
285334641,1590,1770,0,0
285336641,1571,1729,0,0
285338641,1552,1639,0,0
285340641,1539,1797,0,0
285342641,1569,1817,0,0
285344641,1540,1848,0,0
285346641,1668,1706,0,0
285348641,1666,1705,0,0
285350641,1459,1693,0,0
285352641,1629,1822,0,0
285354641,1616,1600,0,0
285356641,1581,1608,0,0
285358641,1561,1678,0,0
285360641,1564,1605,0,0
285362641,1500,1765,0,0
285364641,1531,1627,0,0
285366641,1564,1685,0,0
285368641,1568,1678,0,0
285370641,1508,1689,0,0
285372641,1561,1845,0,0
285374641,1593,1689,0,0
285376641,1601,1741,0,0
285378641,1555,1763,0,0
285380641,1624,1801,0,0
285382641,1540,1683,0,0
285384641,1578,1749,0,0
285386641,1512,1809,0,0
285388641,1617,1538,0,0
285390641,1620,1623,0,0
285392641,1479,1670,0,0
285394641,1479,1521,0,0
285396641,1563,1675,0,0
285398641,1561,1727,0,0
285400641,1531,1704,0,0
285402641,1606,1757,0,0
285404641,1653,1689,0,0
285406641,1666,1871,0,0
285408641,1433,1684,0,0
285410641,1637,1761,0,0
285412641,1629,1652,0,0
285414641,1575,1789,0,0
285416641,1661,1717,0,0
285418641,1587,1641,0,0
285420641,1538,1643,0,0
285422641,1577,1632,0,0
285424641,1547,1641,0,0
285426641,1550,1817,0,0
285428641,1643,1719,0,0
285430641,1609,1521,0,0
285432641,1602,1743,0,0
285434641,1554,1733,0,0
285436641,1525,1692,0,0
285438641,1526,1654,0,0
285440641,1627,1717,0,0
285442641,1576,1681,0,0
285444641,1556,1619,0,0
285446641,1538,1794,0,0
285448641,1436,1683,0,0
285450641,1538,1595,0,0
285452641,1520,1769,0,0
285454641,1588,1633,0,0
285456641,1615,1663,0,0
285458641,1534,1709,0,0
285460641,1612,1525,0,0
285462641,1543,1705,0,0
285464641,1592,1718,0,0
285466641,1678,1538,0,0
285468641,1440,1833,0,0
285470641,1617,1692,0,0
285472641,1460,1683,0,0
285474641,1568,1802,0,0
285476641,1641,1695,0,0
285478641,1602,1692,0,0
285480641,1555,1806,0,0
285482641,1536,1613,0,0
285484641,1608,1568,0,0
285486641,1659,1637,0,0
285488641,1626,1758,0,0
285490641,1589,1678,0,0
285492641,1641,1662,0,0
285494641,1564,1818,0,0
285496641,1641,1593,0,0
285498641,1545,1633,0,0
285500641,1625,1789,0,0
285502641,1438,1803,0,0
285504641,1577,1825,0,0
285506641,1517,1671,0,0
285508641,1531,1669,0,0
285510641,1605,1733,0,0
285512641,1508,1498,0,0
285514641,1582,1794,0,0
285516641,1525,1667,0,0
285518641,1654,1672,0,0
285520641,1520,1773,0,0
285522641,1538,1658,0,0
285524641,1569,1844,0,0
285526641,1500,1767,0,0
285528641,1651,1648,0,0
285530641,1497,1668,0,0
285532641,1526,1786,0,0
285534641,1535,1595,0,0
285536641,1467,1686,0,0
285538641,1563,1755,0,0
285540641,1615,1767,0,0
285542641,1517,1710,0,0
285544641,1629,1615,0,0
285546641,1503,1730,0,0
285548641,1576,1674,0,0
285550641,1607,1799,0,0
285552641,1552,1823,0,0
285554641,1593,1672,0,0
285556641,1595,1692,0,0
285558641,1577,1800,0,0
285560641,1640,1662,0,0
285562641,1526,1653,0,0
285564641,1658,1581,0,0
285566641,1560,1674,0,0
285568641,1472,1564,0,0
285570641,1517,1768,0,0
285572641,1597,1741,0,0
285574641,1546,1689,0,0
285576641,1616,1794,0,0
285578641,1610,1796,0,0
285580641,1589,1665,0,0
285582641,1652,1758,0,0
285584641,1454,1717,0,0
285586641,1541,1706,0,0
285588641,1464,1600,0,0
285590641,1573,1670,0,0
285592641,1562,1717,0,0
285594641,1492,1617,0,0
285596641,1594,1661,0,0
285598641,1569,1606,0,0
285600641,1540,1641,0,0
285602641,1633,1774,0,0
285604641,1496,1671,0,0
285606641,1639,1773,0,0
285608641,1569,1685,0,0
285610641,1541,1621,0,0
285612641,1556,1633,0,0
285614641,1552,1564,0,0
285616641,1597,1753,0,0
285618641,1525,1741,0,0
285620641,1561,1587,0,0
285622641,1510,1706,0,0
285624641,1528,1869,0,0
285626641,1613,1589,0,0
285628641,1579,1667,0,0
285630641,1644,1794,0,0
285632641,1541,1656,0,0
285634641,1520,1866,0,0
285636641,1597,1641,0,0
285638641,1548,1573,0,0
285640641,1530,1871,0,0
285642641,1641,1662,0,0
285644641,1532,1748,0,0
285646641,1607,1689,0,0
285648641,1533,1666,0,0
285650641,1562,1633,0,0
285652641,1531,1615,0,0
285654641,1641,1850,0,0
285656641,1623,1686,0,0
285658641,1560,1693,0,0
285660641,1593,1665,0,0
285662641,1594,1680,0,0
285664641,1595,1700,0,0
285666641,1548,1744,0,0
285668641,1577,1816,0,0
285670641,1623,1646,0,0
285672641,1522,1675,0,0
285674641,1512,1725,0,0
285676641,1639,1717,0,0
285678641,1629,1680,0,0
285680641,1613,1817,0,0
285682641,1598,1692,0,0
285684641,1579,1845,0,0
285686641,1556,1750,0,0
285688641,1540,1772,0,0
285690641,1625,1792,0,0
285692641,1537,1790,0,0
285694641,1594,1717,0,0
285696641,1585,1708,0,0
285698641,1651,1769,0,0
285700641,1625,1666,0,0
285702641,1487,1652,0,0
285704641,1603,1818,0,0
285706641,1589,1739,0,0
285708641,1513,1571,0,0
285710641,1482,1693,0,0
285712641,1543,1717,0,0
285714641,1512,1538,0,0
285716641,1563,1645,0,0
285718641,1603,1669,0,0
285720641,1525,1721,0,0
285722641,1517,1673,0,0
285724641,1527,1786,0,0
285726641,1610,1692,0,0
285728641,1536,1717,0,0
285730641,1576,1536,0,0
285732641,1542,1573,0,0
285734641,1467,1697,0,0
285736641,1615,1757,0,0
285738641,1497,1621,0,0
285740641,1583,1646,0,0
285742641,1595,1734,0,0
285744641,1576,1649,0,0
285746641,1561,1600,0,0
285748641,1565,1565,0,0
285750641,1567,1665,0,0
285752641,1577,1733,0,0
285754641,1666,1769,0,0
285756641,1643,1697,0,0
285758641,1586,1608,0,0
285760641,1405,1650,0,0
285762641,1540,1668,0,0
285764641,1574,1588,0,0
285766641,1489,1757,0,0
285768641,1600,1716,0,0
285770641,1565,1730,0,0
285772641,1565,1625,0,0
285774641,1599,1678,0,0
285776641,1613,1685,0,0
285778641,1552,1629,0,0
285780641,1553,1732,0,0
285782641,1513,1689,0,0
285784641,1504,1662,0,0
285786641,1515,1778,0,0
285788641,1565,1805,0,0
285790641,1560,1691,0,0
285792641,1622,1809,0,0
285794641,1589,1754,0,0
285796641,1585,1726,0,0
285798641,1524,1623,0,0
285800641,1615,1516,0,0
285802641,1516,1822,0,0
285804641,1616,1794,0,0
285806641,1550,1625,0,0
285808641,1499,1601,0,0
285810641,1554,1615,0,0
285812641,1627,1673,0,0
285814641,1538,1579,0,0
285816641,1713,1717,0,0
285818641,1652,1594,0,0
285820641,1518,1590,0,0
285822641,1619,1700,0,0
285824641,1591,1751,0,0
285826641,1581,1667,0,0
285828641,1520,1815,0,0
285830641,1576,1641,0,0
285832641,1578,1665,0,0
285834641,1568,1651,0,0
285836641,1607,1641,0,0
285838641,1542,1629,0,0
285840641,1622,1745,0,0
285842641,1609,1824,0,0
285844641,1559,1692,0,0
285846641,1516,1653,0,0
285848641,1561,1774,0,0
285850641,1682,1730,0,0
285852641,1512,1673,0,0
285854641,1485,1713,0,0
285856641,1581,1700,0,0
285858641,1512,1773,0,0
285860641,1502,1794,0,0
285862641,1568,1629,0,0
285864641,1592,1669,0,0
285866641,1571,1837,0,0
285868641,1582,1725,0,0
285870641,1710,1729,0,0
285872641,1510,1621,0,0
285874641,1576,1592,0,0
285876641,1441,1636,0,0
285878641,1607,1836,0,0
285880641,1521,1616,0,0
285882641,1537,1781,0,0
285884641,1577,1613,0,0
285886641,1655,1669,0,0
285888641,1508,1712,0,0
285890641,1513,1706,0,0
285892641,1565,1777,0,0
285894641,1578,1689,0,0
285896641,1554,1723,0,0
285898641,1543,1615,0,0
285900641,1513,1706,0,0
285902641,1520,1645,0,0
285904641,1531,1666,0,0
285906641,1616,1749,0,0
285908641,1642,1678,0,0
285910641,1629,1743,0,0
285912641,1598,1739,0,0
285914641,1633,1699,0,0
285916641,1606,1633,0,0
285918641,1463,1680,0,0
285920641,1526,1666,0,0
285922641,1675,1633,0,0
285924641,1560,1717,0,0
285926641,1608,1813,0,0
285928641,1653,1726,0,0
285930641,1604,1815,0,0
285932641,1550,1681,0,0
285934641,1436,1617,0,0
285936641,1591,1677,0,0
285938641,1585,1796,0,0
285940641,1661,1691,0,0
285942641,1623,1717,0,0
285944641,1600,1553,0,0
285946641,1668,1635,0,0
285948641,1586,1814,0,0
285950641,1597,1769,0,0
285952641,1573,1717,0,0
285954641,1589,1677,255,0
285956641,1516,1756,255,0
285958641,1617,1553,255,0
285960641,1512,1589,255,0
285962641,1348,1502,255,0
285964641,1579,1425,255,0
285966641,1509,1434,255,0
285968641,1409,1334,255,0
285970641,1503,1331,255,0
285972641,1449,1219,255,0
285974641,1552,1304,255,0
285976641,1492,1297,255,0
285978641,1500,1384,255,0
285980641,1421,1175,255,0
285982641,1487,1128,255,0
285984641,1384,1087,255,0
285986641,1421,1130,255,0
285988641,1526,1102,255,0
285990641,1423,1135,255,0
285992641,1479,1051,255,0
285994641,1436,1103,255,0
285996641,1410,1037,255,0
285998641,1423,952,255,0
286000641,1371,983,255,0
286002641,1308,1115,255,0
286004641,1423,975,255,0
286006641,1431,1053,255,0
286008641,1400,884,255,0
286010641,1399,1102,255,0
286012641,1521,974,255,0
286014641,1367,1029,255,0
286016641,1412,986,255,0
286018641,1423,1118,255,0
286020641,1434,1059,255,0
286022641,1390,1003,255,0
286024641,1371,975,255,0
286026641,1356,1112,255,0
286028641,1435,979,255,0
286030641,1434,1030,255,0
286032641,1472,1002,255,0
286034641,1393,1075,255,0
286036641,1308,921,255,0
286038641,1458,1007,255,0
286040641,1474,1016,255,0
286042641,1360,926,255,0
286044641,1371,1008,255,0
286046641,1355,1012,255,0
286048641,1371,975,255,0
286050641,1316,983,255,0
286052641,1425,973,255,0
286054641,1403,961,255,0
286056641,1420,1019,255,0
286058641,1476,985,255,0
286060641,1369,1075,255,0
286062641,1358,1027,255,0
286064641,1323,1039,255,0
286066641,1321,1002,255,0
286068641,1360,881,255,0
286070641,1318,937,255,0
286072641,1308,996,255,0
286074641,1296,975,255,0
286076641,1246,945,255,0
286078641,1268,971,255,0
286080641,1226,859,255,0
286082641,1210,1114,255,0
286084641,1203,985,255,0
286086641,1237,847,255,0
286088641,1147,1284,255,0
286090641,1212,1272,255,0
286092641,1049,1296,255,0
286094641,1128,1280,255,0
286096641,1128,1209,255,0
286098641,1147,1290,255,0
286100641,1067,1332,255,0
286102641,1026,1227,255,0
286104641,1036,1327,0,0
286106641,1191,1360,0,0
286108641,1091,1371,0,0
286110641,1220,1439,0,0
286112641,1134,1395,0,0
286114641,1256,1396,0,0
286116641,1197,1639,0,0
286118641,1293,1452,0,0
286120641,1223,1459,0,0
286122641,1361,1393,0,0
286124641,1388,1602,0,0
286126641,1485,1635,0,0
286128641,1476,1665,0,0
286130641,1465,1536,0,0
286132641,1420,1569,0,0
286134641,1403,1693,0,0
286136641,1397,1611,0,0
286138641,1332,1709,0,0
286140641,1428,1512,0,0
286142641,1359,1703,0,0
286144641,1539,1578,0,0
286146641,1511,1657,0,0
286148641,1473,1657,0,0
286150641,1423,1691,0,0
286152641,1441,1610,0,0
286154641,1436,1530,0,0
286156641,1512,1806,0,0
286158641,1554,1635,0,0
286160641,1510,1820,0,0
286162641,1461,1792,0,0
286164641,1436,1595,0,0
286166641,1483,1643,0,0
286168641,1558,1629,0,0
286170641,1530,1757,0,0
286172641,1573,1573,0,0
286174641,1448,1609,0,0
286176641,1410,1681,0,0
286178641,1487,1755,0,0
286180641,1452,1778,0,0
286182641,1577,1696,0,0
286184641,1498,1678,0,0
286186641,1494,1755,0,0
286188641,1579,1601,0,0
286190641,1544,1828,0,0
286192641,1516,1685,0,0
286194641,1596,1622,0,0
286196641,1622,1649,0,0
286198641,1587,1781,0,0
286200641,1604,1729,0,0
286202641,1560,1620,0,0
286204641,1525,1653,0,0
286206641,1584,1505,0,0
286208641,1579,1735,0,0
286210641,1538,1555,0,0
286212641,1606,1717,0,0
286214641,1492,1757,0,0
286216641,1548,1757,0,0
286218641,1509,1721,0,0
286220641,1520,1733,0,0
286222641,1638,1785,0,0
286224641,1577,1642,0,0
286226641,1660,1641,0,0
286228641,1601,1730,0,0
286230641,1627,1761,0,0
286232641,1589,1641,0,0
286234641,1509,1615,0,0
286236641,1476,1769,0,0
286238641,1580,1643,0,0
286240641,1491,1682,0,0
286242641,1560,1628,0,0
286244641,1580,1731,0,0
286246641,1516,1653,0,0
286248641,1476,1692,0,0
286250641,1576,1560,0,0
286252641,1497,1649,0,0
286254641,1501,1661,0,0
286256641,1520,1600,0,0
286258641,1545,1858,0,0
286260641,1540,1706,0,0
286262641,1678,1846,0,0
286264641,1626,1677,0,0
286266641,1652,1761,0,0
286268641,1572,1687,0,0
286270641,1504,1716,0,0
286272641,1524,1692,0,0
286274641,1552,1696,0,0
286276641,1629,1644,0,0
286278641,1553,1581,0,0
286280641,1629,1538,0,0
286282641,1505,1669,0,0
286284641,1636,1578,0,0
286286641,1540,1745,0,0
286288641,1525,1688,0,0
286290641,1555,1722,0,0
286292641,1666,1729,0,0
286294641,1561,1605,0,0
286296641,1567,1702,0,0
286298641,1589,1589,0,0
286300641,1578,1678,0,0
286302641,1589,1680,0,0
286304641,1680,1590,0,0
286306641,1497,1689,0,0
286308641,1492,1820,0,0
286310641,1503,1638,0,0
286312641,1598,1744,0,0
286314641,1487,1730,0,0
286316641,1579,1732,0,0
286318641,1604,1574,0,0
286320641,1577,1617,0,0
286322641,1646,1841,0,0
286324641,1633,1692,0,0
286326641,1523,1623,0,0
286328641,1524,1765,0,0
286330641,1598,1628,0,0
286332641,1578,1638,0,0
286334641,1540,1743,0,0
286336641,1633,1708,0,0
286338641,1602,1623,0,0
286340641,1573,1723,0,0
286342641,1589,1706,0,0
286344641,1622,1641,0,0
286346641,1516,1579,0,0
286348641,1520,1721,0,0
286350641,1615,1630,0,0
286352641,1476,1794,0,0
286354641,1504,1749,0,0
286356641,1625,1769,0,0
286358641,1540,1715,0,0
286360641,1617,1706,0,0
286362641,1547,1555,0,0
286364641,1553,1643,0,0
286366641,1536,1716,0,0
286368641,1524,1529,0,0
286370641,1633,1685,0,0
286372641,1514,1793,0,0
286374641,1607,1761,0,0
286376641,1457,1792,0,0
286378641,1613,1710,0,0
286380641,1641,1641,0,0
286382641,1588,1617,0,0
286384641,1591,1703,0,0
286386641,1476,1638,0,0
286388641,1518,1717,0,0
286390641,1600,1683,0,0
286392641,1492,1701,0,0
286394641,1513,1708,0,0
286396641,1473,1619,0,0
286398641,1569,1688,0,0
286400641,1597,1744,0,0
286402641,1602,1799,0,0
286404641,1540,1628,0,0
286406641,1535,1598,0,0
286408641,1624,1555,0,0
286410641,1569,1689,0,0
286412641,1525,1728,0,0
286414641,1554,1871,0,0
286416641,1620,1694,0,0
286418641,1560,1667,0,0
286420641,1574,1678,0,0
286422641,1588,1676,0,0
286424641,1592,1857,0,0
286426641,1529,1589,0,0
286428641,1539,1753,0,0
286430641,1608,1646,0,0
286432641,1616,1683,0,0
286434641,1599,1681,0,0
286436641,1606,1664,0,0
286438641,1453,1689,0,0
286440641,1619,1666,0,0
286442641,1564,1745,0,0
286444641,1551,1713,0,0
286446641,1476,1645,0,0
286448641,1589,1654,0,0
286450641,1513,1597,0,0
286452641,1419,1720,0,0
286454641,1569,1735,0,0
286456641,1492,1769,0,0
286458641,1542,1641,0,0
286460641,1564,1728,0,0
286462641,1538,1477,0,0
286464641,1605,1735,0,0
286466641,1576,1706,0,0
286468641,1539,1681,0,0
286470641,1643,1666,0,0
286472641,1604,1777,0,0
286474641,1580,1789,0,0
286476641,1495,1805,0,0
286478641,1590,1649,0,0
286480641,1653,1630,0,0
286482641,1659,1621,0,0
286484641,1581,1816,0,0
286486641,1630,1785,0,0
286488641,1578,1706,0,0
286490641,1585,1658,0,0
286492641,1586,1693,0,0
286494641,1613,1757,0,0
286496641,1564,1615,0,0
286498641,1561,1796,0,0
286500641,1587,1718,0,0
286502641,1595,1552,0,0
286504641,1510,1702,0,0
286506641,1590,1670,0,0
286508641,1520,1730,0,0
286510641,1536,1589,0,0
286512641,1520,1589,0,0
286514641,1601,1720,0,0
286516641,1526,1593,0,0
286518641,1571,1641,0,0
286520641,1568,1805,0,0
286522641,1559,1717,0,0
286524641,1652,1637,0,0
286526641,1609,1753,0,0
286528641,1546,1882,0,0
286530641,1613,1691,0,0
286532641,1524,1666,0,0
286534641,1557,1725,0,0
286536641,1492,1745,0,0
286538641,1593,1693,0,0
286540641,1590,1799,0,0
286542641,1672,1743,0,0
286544641,1504,1715,0,0
286546641,1562,1643,0,0
286548641,1528,1531,0,0
286550641,1681,1754,0,0
286552641,1497,1745,0,0
286554641,1568,1654,0,0
286556641,1590,1785,0,0
286558641,1632,1794,0,0
286560641,1564,1679,0,0
286562641,1467,1592,0,0
286564641,1524,1615,0,0
286566641,1685,1564,0,0
286568641,1625,1591,0,0
286570641,1619,1661,0,0
286572641,1540,1820,0,0
286574641,1518,1727,0,0
286576641,1550,1646,0,0
286578641,1565,1744,0,0
286580641,1529,1605,0,0
286582641,1556,1798,0,0
286584641,1499,1749,0,0
286586641,1514,1808,0,0
286588641,1569,1729,0,0
286590641,1510,1779,0,0
286592641,1682,1667,0,0
286594641,1585,1769,0,0
286596641,1631,1793,0,0
286598641,1630,1846,0,0
286600641,1657,1845,0,0
286602641,1575,1664,0,0
286604641,1461,1712,0,0
286606641,1452,1680,0,0
286608641,1560,1850,0,0
286610641,1500,1677,0,0
286612641,1544,1871,0,0
286614641,1487,1682,0,0
286616641,1473,1692,0,0
286618641,1591,1546,0,0
286620641,1589,1623,0,0
286622641,1556,1589,0,0
286624641,1645,1615,0,0
286626641,1487,1679,0,0
286628641,1576,1601,0,0
286630641,1633,1716,0,0
286632641,1638,1559,0,0
286634641,1622,1790,0,0
286636641,1506,1625,0,0
286638641,1558,1693,0,0
286640641,1556,1710,0,0
286642641,1671,1753,0,0
286644641,1520,1835,0,0
286646641,1627,1864,0,0
286648641,1597,1773,0,0
286650641,1659,1707,0,0
286652641,1552,1689,0,0
286654641,1530,1748,0,0
286656641,1599,1661,0,0
286658641,1563,1749,0,0
286660641,1564,1661,0,0
286662641,1580,1661,0,0
286664641,1631,1670,0,0
286666641,1552,1692,0,0
286668641,1649,1611,0,0
286670641,1556,1678,0,0
286672641,1531,1595,0,0
286674641,1494,1672,0,0
286676641,1608,1598,0,0
286678641,1646,1831,0,0
286680641,1569,1678,0,0
286682641,1629,1769,0,0
286684641,1539,1651,0,0
286686641,1595,1723,0,0
286688641,1585,1729,0,0
286690641,1589,1593,0,0
286692641,1535,1829,0,0
286694641,1582,1809,0,0
286696641,1564,1696,0,0
286698641,1500,1607,0,0
286700641,1541,1600,0,0
286702641,1527,1669,0,0
286704641,1548,1599,0,0
286706641,1390,1582,0,0
286708641,1624,1691,0,0
286710641,1642,1795,0,0
286712641,1585,1613,0,0
286714641,1564,1668,0,0
286716641,1513,1771,0,0
286718641,1623,1683,0,0
286720641,1555,1749,0,0
286722641,1528,1747,0,0
286724641,1524,1601,0,0
286726641,1538,1813,0,0
286728641,1516,1815,0,0
286730641,1497,1617,0,0
286732641,1544,1616,0,0
286734641,1599,1804,0,0
286736641,1487,1653,0,0
286738641,1513,1705,0,0
286740641,1552,1758,0,0
286742641,1651,1680,0,0
286744641,1573,1828,0,0
286746641,1538,1461,0,0
286748641,1540,1757,0,0
286750641,1523,1692,0,0
286752641,1615,1747,0,0
286754641,1568,1577,0,0
286756641,1613,1665,0,0
286758641,1440,1736,0,0
286760641,1487,1745,0,0
286762641,1620,1723,0,0
286764641,1550,1722,0,0
286766641,1475,1692,0,0
286768641,1627,1566,0,0
286770641,1545,1753,0,0
286772641,1548,1645,0,0
286774641,1517,1689,0,0
286776641,1550,1748,0,0
286778641,1624,1837,0,0
286780641,1555,1741,0,0
286782641,1534,1644,0,0
286784641,1629,1611,0,0
286786641,1578,1661,0,0
286788641,1630,1790,0,0
286790641,1584,1730,0,0
286792641,1514,1718,0,0
286794641,1528,1687,0,0
286796641,1538,1645,0,0
286798641,1615,1473,0,0
286800641,1510,1763,0,0
286802641,1639,1706,0,0
286804641,1601,1642,0,0
286806641,1637,1561,0,0
286808641,1613,1692,0,0
286810641,1487,1690,0,0
286812641,1556,1631,0,0
286814641,1540,1717,0,0
286816641,1556,1629,0,0
286818641,1576,1665,0,0
286820641,1504,1746,0,0
286822641,1641,1723,0,0
286824641,1613,1748,0,0
286826641,1582,1761,0,0
286828641,1613,1717,0,0
286830641,1632,1712,0,0
286832641,1584,1692,0,0
286834641,1504,1679,0,0
286836641,1693,1740,0,0
286838641,1597,1611,0,0
286840641,1613,1661,0,0
286842641,1523,1641,0,0
286844641,1622,1876,0,0
286846641,1572,1675,0,0
286848641,1526,1661,0,0
286850641,1617,1695,0,0
286852641,1608,1732,0,0
286854641,1554,1685,0,0
286856641,1524,1769,0,0
286858641,1601,1651,0,0
286860641,1605,1790,0,0
286862641,1597,1757,0,0
286864641,1701,1701,0,0
286866641,1592,1675,0,0
286868641,1558,1689,0,0
286870641,1661,1725,0,0
286872641,1597,1677,0,0
286874641,1642,1718,0,0
286876641,1625,1704,0,0
286878641,1500,1717,0,0
286880641,1601,1681,0,0
286882641,1534,1662,0,0
286884641,1581,1714,0,0
286886641,1630,1777,0,0
286888641,1576,1704,0,0
286890641,1534,1756,0,0
286892641,1540,1641,0,0
286894641,1548,1672,0,0
286896641,1576,1626,0,0
286898641,1532,1759,0,0
286900641,1494,1754,0,0
286902641,1614,1719,0,0
286904641,1607,1669,255,0
286906641,1539,1577,255,0
286908641,1500,1545,255,0
286910641,1615,1504,255,0
286912641,1480,1444,255,0
286914641,1408,1449,255,0
286916641,1598,1587,255,0
286918641,1533,1418,255,0
286920641,1507,1396,255,0
286922641,1487,1404,255,0
286924641,1508,1282,255,0
286926641,1432,1063,255,0
286928641,1416,1191,255,0
286930641,1388,1183,255,0
286932641,1444,1278,255,0
286934641,1436,1172,255,0
286936641,1371,1307,255,0
286938641,1448,1103,255,0
286940641,1487,1225,255,0
286942641,1456,1126,255,0
286944641,1521,1051,255,0
286946641,1363,1127,255,0
286948641,1436,1032,255,0
286950641,1444,1041,255,0
286952641,1315,923,255,0
286954641,1425,949,255,0
286956641,1432,1089,255,0
286958641,1371,903,255,0
286960641,1333,846,255,0
286962641,1478,1149,255,0
286964641,1371,1071,255,0
286966641,1410,1000,255,0
286968641,1329,1093,255,0
286970641,1344,973,255,0
286972641,1437,986,255,0
286974641,1313,1084,255,0
286976641,1360,975,255,0
286978641,1352,1055,255,0
286980641,1482,992,255,0
286982641,1428,947,255,0
286984641,1440,1007,255,0
286986641,1360,993,255,0
286988641,1469,955,255,0
286990641,1389,1026,255,0
286992641,1466,926,255,0
286994641,1423,913,255,0
286996641,1415,1133,255,0
286998641,1427,1013,255,0
287000641,1371,950,255,0
287002641,1476,982,255,0
287004641,1436,971,255,0
287006641,1371,834,255,0
287008641,1355,821,255,0
287010641,1450,1011,255,0
287012641,1332,947,255,0
287014641,1344,918,255,0
287016641,1321,953,255,0
287018641,1369,942,255,0
287020641,1360,1031,255,0
287022641,1229,856,255,0
287024641,1296,992,255,0
287026641,1405,834,255,0
287028641,1217,1008,255,0
287030641,1360,908,255,0
287032641,1304,935,255,0
287034641,1233,983,255,0
287036641,1256,847,255,0
287038641,1220,1090,255,0
287040641,1293,902,255,0
287042641,1163,987,255,0
287044641,1215,991,255,0
287046641,1116,1085,255,0
287048641,1177,1175,255,0
287050641,975,1323,255,0
287052641,1127,1238,255,0
287054641,1103,1336,0,0
287056641,1137,1333,0,0
287058641,1180,1448,0,0
287060641,1364,1353,0,0
287062641,1294,1335,0,0
287064641,1207,1402,0,0
287066641,1331,1399,0,0
287068641,1300,1346,0,0
287070641,1427,1515,0,0
287072641,1371,1545,0,0
287074641,1371,1680,0,0
287076641,1348,1484,0,0
287078641,1321,1462,0,0
287080641,1305,1529,0,0
287082641,1368,1538,0,0
287084641,1395,1510,0,0
287086641,1371,1464,0,0
287088641,1315,1707,0,0
287090641,1496,1524,0,0
287092641,1422,1613,0,0
287094641,1491,1692,0,0
287096641,1435,1652,0,0
287098641,1461,1532,0,0
287100641,1469,1628,0,0
287102641,1440,1662,0,0
287104641,1494,1638,0,0
287106641,1538,1615,0,0
287108641,1563,1608,0,0
287110641,1564,1673,0,0
287112641,1487,1761,0,0
287114641,1475,1697,0,0
287116641,1524,1776,0,0
287118641,1577,1729,0,0
287120641,1461,1751,0,0
287122641,1524,1659,0,0
287124641,1629,1668,0,0
287126641,1628,1639,0,0
287128641,1496,1809,0,0
287130641,1537,1681,0,0
287132641,1516,1587,0,0
287134641,1517,1560,0,0
287136641,1536,1734,0,0
287138641,1505,1722,0,0
287140641,1512,1642,0,0
287142641,1551,1629,0,0
287144641,1564,1841,0,0
287146641,1505,1644,0,0
287148641,1531,1674,0,0
287150641,1488,1643,0,0
287152641,1633,1780,0,0
287154641,1536,1679,0,0
287156641,1566,1796,0,0
287158641,1535,1593,0,0
287160641,1529,1576,0,0
287162641,1515,1717,0,0
287164641,1627,1718,0,0
287166641,1497,1726,0,0
287168641,1589,1706,0,0
287170641,1537,1666,0,0
287172641,1566,1601,0,0
287174641,1540,1707,0,0
287176641,1588,1653,0,0
287178641,1602,1656,0,0
287180641,1649,1677,0,0
287182641,1569,1778,0,0
287184641,1593,1707,0,0
287186641,1540,1760,0,0
287188641,1487,1818,0,0
287190641,1567,1753,0,0
287192641,1717,1809,0,0
287194641,1556,1654,0,0
287196641,1592,1685,0,0
287198641,1518,1690,0,0
287200641,1494,1781,0,0
287202641,1590,1592,0,0
287204641,1618,1771,0,0
287206641,1560,1820,0,0
287208641,1601,1765,0,0
287210641,1637,1721,0,0
287212641,1472,1850,0,0
287214641,1454,1726,0,0
287216641,1540,1569,0,0
287218641,1538,1718,0,0
287220641,1512,1753,0,0
287222641,1457,1769,0,0
287224641,1528,1720,0,0
287226641,1487,1868,0,0
287228641,1544,1692,0,0
287230641,1484,1769,0,0
287232641,1548,1621,0,0
287234641,1507,1722,0,0
287236641,1597,1607,0,0
287238641,1520,1662,0,0
287240641,1630,1786,0,0
287242641,1594,1761,0,0
287244641,1538,1719,0,0
287246641,1581,1602,0,0
287248641,1536,1694,0,0
287250641,1540,1489,0,0
287252641,1518,1713,0,0
287254641,1625,1738,0,0
287256641,1620,1670,0,0
287258641,1589,1743,0,0
287260641,1476,1692,0,0
287262641,1531,1706,0,0
287264641,1480,1793,0,0
287266641,1675,1751,0,0
287268641,1440,1756,0,0
287270641,1574,1713,0,0
287272641,1514,1642,0,0
287274641,1560,1761,0,0
287276641,1545,1595,0,0
287278641,1660,1700,0,0
287280641,1603,1715,0,0
287282641,1673,1602,0,0
287284641,1648,1744,0,0
287286641,1404,1756,0,0
287288641,1635,1657,0,0
287290641,1653,1743,0,0
287292641,1655,1629,0,0
287294641,1568,1744,0,0
287296641,1552,1734,0,0
287298641,1581,1688,0,0
287300641,1636,1555,0,0
287302641,1542,1741,0,0
287304641,1502,1747,0,0
287306641,1527,1621,0,0
287308641,1573,1753,0,0
287310641,1559,1807,0,0
287312641,1537,1691,0,0
287314641,1553,1671,0,0
287316641,1475,1692,0,0
287318641,1558,1722,0,0
287320641,1533,1796,0,0
287322641,1478,1652,0,0
287324641,1632,1697,0,0
287326641,1576,1665,0,0
287328641,1629,1552,0,0
287330641,1543,1675,0,0
287332641,1492,1555,0,0
287334641,1501,1696,0,0
287336641,1518,1773,0,0
287338641,1577,1820,0,0
287340641,1589,1730,0,0
287342641,1530,1692,0,0
287344641,1558,1704,0,0
287346641,1640,1753,0,0
287348641,1533,1589,0,0
287350641,1605,1731,0,0
287352641,1641,1757,0,0
287354641,1614,1769,0,0
287356641,1610,1604,0,0
287358641,1594,1618,0,0
287360641,1528,1629,0,0
287362641,1536,1737,0,0
287364641,1576,1721,0,0
287366641,1627,1692,0,0
287368641,1585,1516,0,0
287370641,1526,1736,0,0
287372641,1589,1677,0,0
287374641,1569,1769,0,0
287376641,1597,1886,0,0
287378641,1538,1714,0,0
287380641,1560,1717,0,0
287382641,1576,1629,0,0
287384641,1512,1755,0,0
287386641,1536,1634,0,0
287388641,1518,1631,0,0
287390641,1515,1749,0,0
287392641,1543,1593,0,0
287394641,1561,1773,0,0
287396641,1565,1666,0,0
287398641,1620,1735,0,0
287400641,1649,1628,0,0
287402641,1452,1748,0,0
287404641,1541,1733,0,0
287406641,1598,1701,0,0
287408641,1628,1657,0,0
287410641,1615,1705,0,0
287412641,1573,1758,0,0
287414641,1579,1641,0,0
287416641,1585,1640,0,0
287418641,1528,1589,0,0
287420641,1604,1745,0,0
287422641,1475,1550,0,0
287424641,1604,1692,0,0
287426641,1630,1637,0,0
287428641,1625,1585,0,0
287430641,1594,1766,0,0
287432641,1632,1691,0,0
287434641,1628,1805,0,0
287436641,1550,1755,0,0
287438641,1545,1566,0,0
287440641,1479,1795,0,0
287442641,1632,1821,0,0
287444641,1610,1689,0,0
287446641,1610,1731,0,0
287448641,1597,1692,0,0
287450641,1585,1773,0,0
287452641,1566,1741,0,0
287454641,1684,1757,0,0
287456641,1595,1756,0,0
287458641,1657,1703,0,0
287460641,1508,1677,0,0
287462641,1544,1757,0,0
287464641,1474,1718,0,0
287466641,1589,1641,0,0
287468641,1675,1788,0,0
287470641,1475,1725,0,0
287472641,1564,1575,0,0
287474641,1538,1765,0,0
287476641,1613,1567,0,0
287478641,1561,1639,0,0
287480641,1511,1688,0,0
287482641,1619,1745,0,0
287484641,1610,1775,0,0
287486641,1552,1641,0,0
287488641,1646,1520,0,0
287490641,1564,1671,0,0
287492641,1542,1761,0,0
287494641,1626,1641,0,0
287496641,1550,1602,0,0
287498641,1591,1617,0,0
287500641,1574,1622,0,0
287502641,1589,1633,0,0
287504641,1563,1786,0,0
287506641,1496,1732,0,0
287508641,1576,1827,0,0
287510641,1631,1794,0,0
287512641,1593,1703,0,0
287514641,1484,1822,0,0
287516641,1573,1740,0,0
287518641,1622,1723,0,0
287520641,1517,1765,0,0
287522641,1488,1725,0,0
287524641,1628,1699,0,0
287526641,1625,1726,0,0
287528641,1617,1861,0,0
287530641,1600,1717,0,0
287532641,1600,1599,0,0
287534641,1504,1668,0,0
287536641,1571,1730,0,0
287538641,1430,1771,0,0
287540641,1517,1792,0,0
287542641,1637,1649,0,0
287544641,1629,1744,0,0
287546641,1607,1769,0,0
287548641,1482,1742,0,0
287550641,1629,1734,0,0
287552641,1487,1761,0,0
287554641,1534,1820,0,0
287556641,1666,1805,0,0
287558641,1531,1773,0,0
287560641,1539,1581,0,0
287562641,1492,1686,0,0
287564641,1548,1820,0,0
287566641,1577,1702,0,0
287568641,1565,1796,0,0
287570641,1585,1608,0,0
287572641,1580,1845,0,0
287574641,1599,1574,0,0
287576641,1626,1684,0,0
287578641,1549,1781,0,0
287580641,1590,1700,0,0
287582641,1504,1666,0,0
287584641,1568,1664,0,0
287586641,1423,1742,0,0
287588641,1589,1721,0,0
287590641,1531,1787,0,0
287592641,1492,1686,0,0
287594641,1564,1617,0,0
287596641,1629,1697,0,0
287598641,1574,1742,0,0
287600641,1649,1659,0,0
287602641,1483,1717,0,0
287604641,1538,1692,0,0
287606641,1601,1633,0,0
287608641,1546,1642,0,0
287610641,1561,1710,0,0
287612641,1622,1743,0,0
287614641,1523,1678,0,0
287616641,1536,1649,0,0
287618641,1568,1669,0,0
287620641,1564,1717,0,0
287622641,1526,1725,0,0
287624641,1564,1692,0,0
287626641,1547,1700,0,0
287628641,1540,1633,0,0
287630641,1546,1669,0,0
287632641,1588,1786,0,0
287634641,1553,1628,0,0
287636641,1593,1653,0,0
287638641,1538,1637,0,0
287640641,1436,1812,0,0
287642641,1544,1730,0,0
287644641,1525,1773,0,0
287646641,1560,1686,0,0
287648641,1705,1663,0,0
287650641,1606,1830,0,0
287652641,1641,1773,0,0
287654641,1427,1649,0,0
287656641,1638,1598,0,0
287658641,1560,1753,0,0
287660641,1613,1693,0,0
287662641,1602,1831,0,0
287664641,1622,1649,0,0
287666641,1547,1713,0,0
287668641,1591,1666,0,0
287670641,1560,1705,0,0
287672641,1606,1717,0,0
287674641,1649,1745,0,0
287676641,1608,1539,0,0
287678641,1613,1748,0,0
287680641,1525,1481,0,0
287682641,1555,1824,0,0
287684641,1582,1672,0,0
287686641,1478,1678,0,0
287688641,1581,1518,0,0
287690641,1671,1659,0,0
287692641,1576,1638,0,0
287694641,1674,1839,0,0
287696641,1518,1767,0,0
287698641,1585,1667,0,0
287700641,1566,1713,0,0
287702641,1653,1750,0,0
287704641,1632,1756,0,0
287706641,1483,1755,0,0
287708641,1562,1707,0,0
287710641,1642,1747,0,0
287712641,1537,1730,0,0
287714641,1540,1641,0,0
287716641,1616,1680,0,0
287718641,1637,1667,0,0
287720641,1512,1697,0,0
287722641,1543,1663,0,0
287724641,1526,1653,0,0
287726641,1617,1658,0,0
287728641,1617,1797,0,0
287730641,1512,1680,0,0
287732641,1646,1773,0,0
287734641,1497,1696,0,0
287736641,1577,1752,0,0
287738641,1618,1657,0,0
287740641,1555,1673,0,0
287742641,1593,1704,0,0
287744641,1572,1748,0,0
287746641,1589,1730,0,0
287748641,1609,1725,0,0
287750641,1550,1684,0,0
287752641,1524,1700,0,0
287754641,1572,1731,0,0
287756641,1467,1658,0,0
287758641,1649,1614,0,0
287760641,1597,1809,0,0
287762641,1551,1689,0,0
287764641,1507,1710,0,0
287766641,1579,1679,0,0
287768641,1589,1777,0,0
287770641,1539,1666,0,0
287772641,1576,1704,0,0
287774641,1526,1743,0,0
287776641,1529,1729,0,0
287778641,1565,1803,0,0
287780641,1681,1720,0,0
287782641,1624,1725,0,0
287784641,1542,1709,0,0
287786641,1604,1789,0,0
287788641,1588,1780,0,0
287790641,1623,1651,0,0
287792641,1585,1608,0,0
287794641,1628,1734,0,0
287796641,1450,1613,0,0
287798641,1648,1605,0,0
287800641,1575,1804,0,0
287802641,1717,1593,0,0
287804641,1432,1674,0,0
287806641,1611,1626,0,0
287808641,1467,1740,0,0
287810641,1478,1843,0,0
287812641,1620,1701,0,0
287814641,1655,1657,0,0
287816641,1589,1725,0,0
287818641,1598,1696,0,0
287820641,1654,1664,0,0
287822641,1591,1728,0,0
287824641,1556,1694,0,0
287826641,1577,1797,0,0
287828641,1565,1735,0,0
287830641,1511,1745,0,0
287832641,1573,1776,0,0
287834641,1569,1728,0,0
287836641,1717,1641,0,0
287838641,1662,1749,0,0
287840641,1589,1758,0,0
287842641,1524,1804,0,0
287844641,1515,1679,0,0
287846641,1525,1672,0,0
287848641,1579,1629,0,0
287850641,1623,1769,0,0
287852641,1601,1817,0,0
287854641,1617,1793,255,0
287856641,1529,1627,255,0
287858641,1542,1664,255,0
287860641,1591,1538,255,0
287862641,1477,1532,255,0
287864641,1474,1400,255,0
287866641,1484,1278,255,0
287868641,1512,1312,255,0
287870641,1504,1412,255,0
287872641,1485,1468,255,0
287874641,1445,1238,255,0
287876641,1557,1319,255,0
287878641,1432,1320,255,0
287880641,1454,1155,255,0
287882641,1449,1205,255,0
287884641,1448,1303,255,0
287886641,1483,1125,255,0
287888641,1356,1223,255,0
287890641,1384,1090,255,0
287892641,1368,1100,255,0
287894641,1508,1078,255,0
287896641,1446,1029,255,0
287898641,1427,980,255,0
287900641,1355,1095,255,0
287902641,1438,1060,255,0
287904641,1453,929,255,0
287906641,1371,1097,255,0
287908641,1369,993,255,0
287910641,1488,1107,255,0
287912641,1459,1129,255,0
287914641,1396,1069,255,0
287916641,1397,1014,255,0
287918641,1422,957,255,0
287920641,1462,1102,255,0
287922641,1359,1069,255,0
287924641,1431,956,255,0
287926641,1406,1000,255,0
287928641,1333,1102,255,0
287930641,1371,939,255,0
287932641,1302,1074,255,0
287934641,1333,1026,255,0
287936641,1444,949,255,0
287938641,1412,950,255,0
287940641,1340,936,255,0
287942641,1433,1011,255,0
287944641,1428,1041,255,0
287946641,1448,842,255,0
287948641,1423,949,255,0
287950641,1371,1034,255,0
287952641,1398,862,255,0
287954641,1403,935,255,0
287956641,1400,975,255,0
287958641,1307,898,255,0
287960641,1288,977,255,0
287962641,1283,870,255,0
287964641,1408,991,255,0
287966641,1211,985,255,0
287968641,1336,1025,255,0
287970641,1217,896,255,0
287972641,1234,1110,255,0
287974641,1173,973,255,0
287976641,1107,1067,255,0
287978641,1142,999,255,0
287980641,1123,1434,255,0
287982641,1111,1286,255,0
287984641,1125,1275,255,0
287986641,1049,1300,255,0
287988641,1128,1276,255,0
287990641,1104,1368,255,0
287992641,1071,1284,255,0
287994641,1176,1277,255,0
287996641,1141,1316,255,0
287998641,1091,1364,255,0
288000641,1007,1256,255,0
288002641,993,1369,255,0
288004641,1143,1296,0,0
288006641,1102,1436,0,0
288008641,1163,1364,0,0
288010641,1150,1410,0,0
288012641,1222,1527,0,0
288014641,1236,1436,0,0
288016641,1200,1446,0,0
288018641,1256,1538,0,0
288020641,1257,1549,0,0
288022641,1300,1480,0,0
288024641,1371,1540,0,0
288026641,1327,1538,0,0
288028641,1342,1547,0,0
288030641,1492,1630,0,0
288032641,1401,1698,0,0
288034641,1347,1624,0,0
288036641,1396,1697,0,0
288038641,1509,1643,0,0
288040641,1371,1566,0,0
288042641,1472,1704,0,0
288044641,1434,1649,0,0
288046641,1489,1560,0,0
288048641,1462,1624,0,0
288050641,1567,1641,0,0
288052641,1344,1707,0,0
288054641,1612,1751,0,0
288056641,1586,1691,0,0
288058641,1514,1744,0,0
288060641,1504,1621,0,0
288062641,1390,1664,0,0
288064641,1555,1701,0,0
288066641,1564,1621,0,0
288068641,1540,1798,0,0
288070641,1498,1543,0,0
288072641,1536,1607,0,0
288074641,1573,1637,0,0
288076641,1436,1712,0,0
288078641,1497,1807,0,0
288080641,1587,1684,0,0
288082641,1603,1701,0,0
288084641,1487,1850,0,0
288086641,1575,1807,0,0
288088641,1501,1841,0,0
288090641,1649,1747,0,0
288092641,1548,1680,0,0
288094641,1556,1812,0,0
288096641,1516,1748,0,0
288098641,1461,1699,0,0
288100641,1533,1693,0,0
288102641,1613,1714,0,0
288104641,1563,1657,0,0
288106641,1514,1737,0,0
288108641,1550,1560,0,0
288110641,1568,1842,0,0
288112641,1572,1629,0,0
288114641,1549,1659,0,0
288116641,1576,1694,0,0
288118641,1492,1625,0,0
288120641,1512,1666,0,0
288122641,1565,1830,0,0
288124641,1423,1744,0,0
288126641,1655,1729,0,0
288128641,1589,1720,0,0
288130641,1657,1764,0,0
288132641,1585,1600,0,0
288134641,1625,1795,0,0
288136641,1690,1747,0,0
288138641,1628,1777,0,0
288140641,1617,1641,0,0
288142641,1569,1745,0,0
288144641,1562,1706,0,0
288146641,1535,1673,0,0
288148641,1589,1707,0,0
288150641,1555,1624,0,0
288152641,1546,1657,0,0
288154641,1593,1685,0,0
288156641,1598,1776,0,0
288158641,1546,1776,0,0
288160641,1528,1666,0,0
288162641,1558,1750,0,0
288164641,1575,1744,0,0
288166641,1630,1721,0,0
288168641,1591,1625,0,0
288170641,1504,1654,0,0
288172641,1601,1693,0,0
288174641,1534,1622,0,0
288176641,1532,1728,0,0
288178641,1636,1675,0,0
288180641,1542,1773,0,0
288182641,1435,1765,0,0
288184641,1536,1661,0,0
288186641,1503,1757,0,0
288188641,1645,1615,0,0
288190641,1693,1779,0,0
288192641,1530,1745,0,0
288194641,1577,1668,0,0
288196641,1566,1781,0,0
288198641,1533,1758,0,0
288200641,1599,1641,0,0
288202641,1575,1595,0,0
288204641,1666,1769,0,0
288206641,1625,1717,0,0
288208641,1595,1666,0,0
288210641,1581,1609,0,0
288212641,1574,1616,0,0
288214641,1553,1814,0,0
288216641,1564,1641,0,0
288218641,1512,1658,0,0
288220641,1529,1587,0,0
288222641,1614,1657,0,0
288224641,1634,1677,0,0
288226641,1628,1707,0,0
288228641,1564,1771,0,0
288230641,1626,1858,0,0
288232641,1598,1661,0,0
288234641,1513,1581,0,0
288236641,1640,1901,0,0
288238641,1540,1656,0,0
288240641,1630,1722,0,0
288242641,1601,1830,0,0
288244641,1601,1688,0,0
288246641,1491,1623,0,0
288248641,1536,1731,0,0
288250641,1607,1829,0,0
288252641,1544,1751,0,0
288254641,1538,1710,0,0
288256641,1662,1746,0,0
288258641,1562,1641,0,0
288260641,1508,1537,0,0
288262641,1591,1729,0,0
288264641,1470,1603,0,0
288266641,1625,1844,0,0
288268641,1652,1635,0,0
288270641,1616,1569,0,0
288272641,1436,1755,0,0
288274641,1590,1677,0,0
288276641,1547,1761,0,0
288278641,1581,1449,0,0
288280641,1542,1712,0,0
288282641,1540,1608,0,0
288284641,1512,1674,0,0
288286641,1551,1691,0,0
288288641,1574,1677,0,0
288290641,1446,1865,0,0
288292641,1539,1594,0,0
288294641,1461,1753,0,0
288296641,1610,1725,0,0
288298641,1633,1723,0,0
288300641,1556,1841,0,0
288302641,1635,1628,0,0
288304641,1595,1897,0,0
288306641,1661,1641,0,0
288308641,1524,1658,0,0
288310641,1650,1671,0,0
288312641,1589,1593,0,0
288314641,1491,1666,0,0
288316641,1524,1769,0,0
288318641,1559,1598,0,0
288320641,1589,1778,0,0
288322641,1575,1696,0,0
288324641,1575,1811,0,0
288326641,1576,1691,0,0
288328641,1601,1758,0,0
288330641,1642,1633,0,0
288332641,1524,1693,0,0
288334641,1580,1666,0,0
288336641,1615,1732,0,0
288338641,1538,1760,0,0
288340641,1603,1717,0,0
288342641,1603,1720,0,0
288344641,1589,1755,0,0
288346641,1611,1757,0,0
288348641,1558,1589,0,0
288350641,1489,1637,0,0
288352641,1524,1704,0,0
288354641,1633,1666,0,0
288356641,1641,1688,0,0
288358641,1556,1709,0,0
288360641,1500,1717,0,0
288362641,1541,1685,0,0
288364641,1474,1735,0,0
288366641,1487,1745,0,0
288368641,1680,1747,0,0
288370641,1569,1635,0,0
288372641,1641,1564,0,0
288374641,1534,1633,0,0
288376641,1593,1500,0,0
288378641,1608,1788,0,0
288380641,1604,1692,0,0
288382641,1601,1613,0,0
288384641,1578,1639,0,0
288386641,1448,1736,0,0
288388641,1564,1636,0,0
288390641,1589,1744,0,0
288392641,1550,1769,0,0
288394641,1585,1743,0,0
288396641,1556,1805,0,0
288398641,1560,1661,0,0
288400641,1512,1757,0,0
288402641,1656,1789,0,0
288404641,1593,1765,0,0
288406641,1613,1569,0,0
288408641,1537,1677,0,0
288410641,1625,1712,0,0
288412641,1631,1868,0,0
288414641,1593,1777,0,0
288416641,1483,1820,0,0
288418641,1605,1631,0,0
288420641,1666,1641,0,0
288422641,1564,1542,0,0
288424641,1573,1656,0,0
288426641,1692,1781,0,0
288428641,1544,1754,0,0
288430641,1556,1784,0,0
288432641,1512,1667,0,0
288434641,1617,1779,0,0
288436641,1581,1679,0,0
288438641,1573,1587,0,0
288440641,1604,1622,0,0
288442641,1645,1595,0,0
288444641,1560,1697,0,0
288446641,1633,1767,0,0
288448641,1543,1637,0,0
288450641,1496,1645,0,0
288452641,1609,1764,0,0
288454641,1487,1814,0,0
288456641,1552,1701,0,0
288458641,1528,1657,0,0
288460641,1694,1803,0,0
288462641,1521,1829,0,0
288464641,1589,1688,0,0
288466641,1552,1542,0,0
288468641,1605,1752,0,0
288470641,1531,1679,0,0
288472641,1573,1653,0,0
288474641,1631,1643,0,0
288476641,1512,1746,0,0
288478641,1614,1537,0,0
288480641,1602,1692,0,0
288482641,1590,1792,0,0
288484641,1508,1701,0,0
288486641,1610,1700,0,0
288488641,1472,1653,0,0
288490641,1652,1678,0,0
288492641,1514,1680,0,0
288494641,1539,1611,0,0
288496641,1512,1821,0,0
288498641,1593,1619,0,0
288500641,1534,1760,0,0
288502641,1476,1922,0,0
288504641,1604,1805,0,0
288506641,1576,1802,0,0
288508641,1501,1637,0,0
288510641,1633,1742,0,0
288512641,1617,1730,0,0
288514641,1564,1743,0,0
288516641,1589,1693,0,0
288518641,1693,1652,0,0
288520641,1496,1728,0,0
288522641,1563,1626,0,0
288524641,1371,1717,0,0
288526641,1461,1716,0,0
288528641,1564,1725,0,0
288530641,1573,1637,0,0
288532641,1512,1688,0,0
288534641,1564,1728,0,0
288536641,1578,1638,0,0
288538641,1576,1713,0,0
288540641,1605,1833,0,0
288542641,1624,1629,0,0
288544641,1628,1683,0,0
288546641,1508,1640,0,0
288548641,1528,1750,0,0
288550641,1406,1681,0,0
288552641,1552,1637,0,0
288554641,1589,1666,0,0
288556641,1528,1566,0,0
288558641,1623,1649,0,0
288560641,1703,1794,0,0
288562641,1575,1805,0,0
288564641,1603,1745,0,0
288566641,1593,1715,0,0
288568641,1531,1548,0,0
288570641,1589,1702,0,0
288572641,1613,1692,0,0
288574641,1584,1760,0,0
288576641,1569,1625,0,0
288578641,1628,1677,0,0
288580641,1491,1757,0,0
288582641,1648,1734,0,0
288584641,1573,1717,0,0
288586641,1548,1741,0,0
288588641,1666,1641,0,0
288590641,1563,1793,0,0
288592641,1476,1671,0,0
288594641,1613,1608,0,0
288596641,1594,1666,0,0
288598641,1674,1664,0,0
288600641,1524,1540,0,0
288602641,1563,1715,0,0
288604641,1524,1750,0,0
288606641,1494,1788,0,0
288608641,1636,1747,0,0
288610641,1510,1752,0,0
288612641,1562,1794,0,0
288614641,1608,1841,0,0
288616641,1576,1717,0,0
288618641,1629,1738,0,0
288620641,1577,1730,0,0
288622641,1528,1680,0,0
288624641,1551,1813,0,0
288626641,1496,1769,0,0
288628641,1628,1661,0,0
288630641,1594,1709,0,0
288632641,1503,1760,0,0
288634641,1589,1795,0,0
288636641,1604,1730,0,0
288638641,1608,1713,0,0
288640641,1546,1704,0,0
288642641,1562,1627,0,0
288644641,1597,1754,0,0
288646641,1504,1835,0,0
288648641,1601,1566,0,0
288650641,1520,1706,0,0
288652641,1621,1649,0,0
288654641,1591,1760,0,0
288656641,1619,1628,0,0
288658641,1584,1615,0,0
288660641,1525,1693,0,0
288662641,1505,1807,0,0
288664641,1645,1645,0,0
288666641,1593,1793,0,0
288668641,1609,1713,0,0
288670641,1607,1719,0,0
288672641,1581,1746,0,0
288674641,1697,1684,0,0
288676641,1526,1704,0,0
288678641,1585,1629,0,0
288680641,1534,1830,0,0
288682641,1542,1704,0,0
288684641,1601,1736,0,0
288686641,1504,1769,0,0
288688641,1610,1675,0,0
288690641,1576,1717,0,0
288692641,1625,1666,0,0
288694641,1559,1753,0,0
288696641,1590,1725,0,0
288698641,1606,1718,0,0
288700641,1466,1745,0,0
288702641,1487,1745,0,0
288704641,1582,1709,0,0
288706641,1512,1691,0,0
288708641,1568,1659,0,0
288710641,1613,1689,0,0
288712641,1487,1757,0,0
288714641,1577,1669,0,0
288716641,1541,1602,0,0
288718641,1638,1679,0,0
288720641,1617,1675,0,0
288722641,1658,1721,0,0
288724641,1593,1706,0,0
288726641,1632,1653,0,0
288728641,1462,1662,0,0
288730641,1415,1622,0,0
288732641,1693,1801,0,0
288734641,1620,1693,0,0
288736641,1538,1595,0,0
288738641,1597,1678,0,0
288740641,1564,1767,0,0
288742641,1472,1644,0,0
288744641,1565,1815,0,0
288746641,1568,1662,0,0
288748641,1578,1630,0,0
288750641,1537,1679,0,0
288752641,1606,1805,0,0
288754641,1473,1746,0,0
288756641,1561,1706,0,0
288758641,1597,1809,0,0
288760641,1577,1705,0,0
288762641,1556,1512,0,0
288764641,1595,1731,0,0
288766641,1615,1693,0,0
288768641,1575,1794,0,0
288770641,1565,1794,0,0
288772641,1542,1717,0,0
288774641,1565,1676,0,0
288776641,1539,1813,0,0
288778641,1569,1743,0,0
288780641,1615,1729,0,0
288782641,1659,1845,0,0
288784641,1615,1760,0,0
288786641,1409,1626,0,0
288788641,1585,1815,0,0
288790641,1542,1749,0,0
288792641,1576,1837,0,0
288794641,1617,1696,0,0
288796641,1553,1737,0,0
288798641,1527,1696,0,0
288800641,1531,1653,0,0
288802641,1611,1807,0,0
288804641,1581,1642,255,0
288806641,1613,1508,255,0
288808641,1589,1565,255,0
288810641,1515,1581,255,0
288812641,1512,1451,255,0
288814641,1620,1456,255,0
288816641,1577,1296,255,0
288818641,1514,1387,255,0
288820641,1539,1262,255,0
288822641,1495,1409,255,0
288824641,1430,1332,255,0
288826641,1495,1252,255,0
288828641,1420,1268,255,0
288830641,1400,1293,255,0
288832641,1443,1204,255,0
288834641,1403,1112,255,0
288836641,1389,1203,255,0
288838641,1473,1065,255,0
288840641,1467,1124,255,0
288842641,1420,1188,255,0
288844641,1386,1051,255,0
288846641,1410,1104,255,0
288848641,1500,1166,255,0
288850641,1399,996,255,0
288852641,1458,1119,255,0
288854641,1371,1028,255,0
288856641,1360,923,255,0
288858641,1454,1203,255,0
288860641,1512,1014,255,0
288862641,1371,1077,255,0
288864641,1543,1000,255,0
288866641,1336,1048,255,0
288868641,1406,1093,255,0
288870641,1342,1025,255,0
288872641,1403,1050,255,0
288874641,1371,941,255,0
288876641,1385,961,255,0
288878641,1390,892,255,0
288880641,1278,1026,255,0
288882641,1305,818,255,0
288884641,1348,1001,255,0
288886641,1484,966,255,0
288888641,1417,1066,255,0
288890641,1503,940,255,0
288892641,1452,1051,255,0
288894641,1364,1027,255,0
288896641,1423,910,255,0
288898641,1369,969,255,0
288900641,1371,995,255,0
288902641,1511,993,255,0
288904641,1328,992,255,0
288906641,1392,995,255,0
288908641,1410,1009,255,0
288910641,1363,839,255,0
288912641,1371,893,255,0
288914641,1268,999,255,0
288916641,1333,1026,255,0
288918641,1269,1023,255,0
288920641,1304,1028,255,0
288922641,1262,1023,255,0
288924641,1320,899,255,0
288926641,1179,1027,255,0
288928641,1117,1004,255,0
288930641,1195,1026,255,0
288932641,1139,1227,255,0
288934641,1075,1126,255,0
288936641,1159,1167,255,0
288938641,1255,1239,255,0
288940641,1165,1140,255,0
288942641,1143,1172,255,0
288944641,1163,1307,255,0
288946641,1110,1179,255,0
288948641,1123,1233,255,0
288950641,1111,1218,255,0
288952641,1151,1271,255,0
288954641,1064,1084,0,0
288956641,1241,1404,0,0
288958641,1073,1206,0,0
288960641,1239,1344,0,0
288962641,1264,1449,0,0
288964641,1256,1502,0,0
288966641,1338,1577,0,0
288968641,1336,1408,0,0
288970641,1352,1280,0,0
288972641,1423,1486,0,0
288974641,1335,1482,0,0
288976641,1436,1515,0,0
288978641,1399,1649,0,0
288980641,1329,1491,0,0
288982641,1524,1371,0,0
288984641,1435,1594,0,0
288986641,1504,1637,0,0
288988641,1448,1585,0,0
288990641,1440,1692,0,0
288992641,1460,1580,0,0
288994641,1396,1636,0,0
288996641,1525,1581,0,0
288998641,1542,1633,0,0
289000641,1496,1601,0,0
289002641,1501,1617,0,0
289004641,1430,1518,0,0
289006641,1575,1651,0,0
289008641,1615,1656,0,0
289010641,1499,1741,0,0
289012641,1525,1629,0,0
289014641,1607,1635,0,0
289016641,1565,1797,0,0
289018641,1538,1637,0,0
289020641,1428,1751,0,0
289022641,1444,1763,0,0
289024641,1585,1568,0,0
289026641,1464,1681,0,0
289028641,1645,1675,0,0
289030641,1558,1659,0,0
289032641,1499,1556,0,0
289034641,1508,1707,0,0
289036641,1456,1697,0,0
289038641,1578,1753,0,0
289040641,1588,1715,0,0
289042641,1565,1659,0,0
289044641,1613,1677,0,0
289046641,1544,1686,0,0
289048641,1534,1650,0,0
289050641,1473,1728,0,0
289052641,1613,1721,0,0
289054641,1531,1569,0,0
289056641,1448,1608,0,0
289058641,1492,1820,0,0
289060641,1588,1644,0,0
289062641,1584,1813,0,0
289064641,1594,1766,0,0
289066641,1611,1625,0,0
289068641,1492,1689,0,0
289070641,1548,1794,0,0
289072641,1563,1754,0,0
289074641,1528,1714,0,0
289076641,1594,1627,0,0
289078641,1555,1717,0,0
289080641,1547,1730,0,0
289082641,1620,1669,0,0
289084641,1626,1582,0,0
289086641,1637,1768,0,0
289088641,1510,1669,0,0
289090641,1641,1649,0,0
289092641,1573,1692,0,0
289094641,1670,1729,0,0
289096641,1581,1735,0,0
289098641,1560,1665,0,0
289100641,1560,1728,0,0
289102641,1540,1544,0,0
289104641,1625,1791,0,0
289106641,1508,1749,0,0
289108641,1579,1667,0,0
289110641,1520,1717,0,0
289112641,1604,1664,0,0
289114641,1564,1697,0,0
289116641,1615,1646,0,0
289118641,1689,1653,0,0
289120641,1704,1667,0,0
289122641,1470,1781,0,0
289124641,1585,1645,0,0
289126641,1534,1703,0,0
289128641,1513,1635,0,0
289130641,1547,1795,0,0
289132641,1590,1697,0,0
289134641,1625,1730,0,0
289136641,1515,1694,0,0
289138641,1517,1769,0,0
289140641,1525,1722,0,0
289142641,1606,1769,0,0
289144641,1546,1661,0,0
289146641,1610,1643,0,0
289148641,1539,1793,0,0
289150641,1572,1706,0,0
289152641,1615,1770,0,0
289154641,1545,1750,0,0
289156641,1684,1837,0,0
289158641,1464,1697,0,0
289160641,1600,1701,0,0
289162641,1641,1721,0,0
289164641,1619,1696,0,0
289166641,1561,1711,0,0
289168641,1595,1605,0,0
289170641,1597,1730,0,0
289172641,1578,1640,0,0
289174641,1638,1645,0,0
289176641,1502,1592,0,0
289178641,1585,1620,0,0
289180641,1568,1648,0,0
289182641,1571,1857,0,0
289184641,1581,1653,0,0
289186641,1532,1640,0,0
289188641,1582,1693,0,0
289190641,1484,1666,0,0
289192641,1581,1744,0,0
289194641,1581,1643,0,0
289196641,1585,1814,0,0
289198641,1582,1730,0,0
289200641,1625,1625,0,0
289202641,1538,1632,0,0
289204641,1589,1845,0,0
289206641,1577,1771,0,0
289208641,1500,1808,0,0
289210641,1645,1654,0,0
289212641,1508,1650,0,0
289214641,1538,1641,0,0
289216641,1585,1729,0,0
289218641,1603,1441,0,0
289220641,1633,1742,0,0
289222641,1600,1719,0,0
289224641,1601,1630,0,0
289226641,1555,1679,0,0
289228641,1632,1779,0,0
289230641,1628,1691,0,0
289232641,1641,1725,0,0
289234641,1620,1776,0,0
289236641,1594,1579,0,0
289238641,1553,1693,0,0
289240641,1543,1680,0,0
289242641,1642,1804,0,0
289244641,1555,1620,0,0
289246641,1489,1744,0,0
289248641,1613,1675,0,0
289250641,1633,1771,0,0
289252641,1521,1705,0,0
289254641,1531,1683,0,0
289256641,1730,1635,0,0
289258641,1615,1820,0,0
289260641,1556,1717,0,0
289262641,1549,1754,0,0
289264641,1614,1754,0,0
289266641,1564,1606,0,0
289268641,1601,1757,0,0
289270641,1588,1595,0,0
289272641,1502,1692,0,0
289274641,1560,1595,0,0
289276641,1621,1770,0,0
289278641,1628,1625,0,0
289280641,1524,1787,0,0
289282641,1604,1681,0,0
289284641,1534,1633,0,0
289286641,1602,1807,0,0
289288641,1713,1661,0,0
289290641,1547,1832,0,0
289292641,1544,1706,0,0
289294641,1556,1661,0,0
289296641,1527,1672,0,0
289298641,1500,1666,0,0
289300641,1475,1700,0,0
289302641,1595,1704,0,0
289304641,1594,1705,0,0
289306641,1591,1666,0,0
289308641,1544,1809,0,0
289310641,1653,1722,0,0
289312641,1515,1793,0,0
289314641,1542,1677,0,0
289316641,1504,1637,0,0
289318641,1513,1763,0,0
289320641,1544,1666,0,0
289322641,1652,1789,0,0
289324641,1616,1560,0,0
289326641,1592,1756,0,0
289328641,1504,1707,0,0
289330641,1581,1773,0,0
289332641,1608,1843,0,0
289334641,1638,1811,0,0
289336641,1535,1697,0,0
289338641,1598,1667,0,0
289340641,1555,1617,0,0
289342641,1589,1512,0,0
289344641,1589,1686,0,0
289346641,1689,1546,0,0
289348641,1538,1705,0,0
289350641,1564,1702,0,0
289352641,1679,1656,0,0
289354641,1653,1574,0,0
289356641,1524,1641,0,0
289358641,1451,1706,0,0
289360641,1534,1773,0,0
289362641,1529,1855,0,0
289364641,1622,1694,0,0
289366641,1663,1769,0,0
289368641,1577,1672,0,0
289370641,1627,1641,0,0
289372641,1577,1761,0,0
289374641,1581,1759,0,0
289376641,1589,1730,0,0
289378641,1589,1871,0,0
289380641,1597,1741,0,0
289382641,1576,1679,0,0
289384641,1643,1729,0,0
289386641,1576,1693,0,0
289388641,1521,1769,0,0
289390641,1575,1669,0,0
289392641,1527,1747,0,0
289394641,1554,1717,0,0
289396641,1536,1773,0,0
289398641,1636,1645,0,0
289400641,1656,1825,0,0
289402641,1627,1834,0,0
289404641,1461,1689,0,0
289406641,1638,1790,0,0
289408641,1492,1787,0,0
289410641,1569,1784,0,0
289412641,1528,1615,0,0
289414641,1613,1713,0,0
289416641,1593,1773,0,0
289418641,1594,1755,0,0
289420641,1658,1653,0,0
289422641,1525,1933,0,0
289424641,1641,1615,0,0
289426641,1684,1645,0,0
289428641,1428,1702,0,0
289430641,1690,1725,0,0
289432641,1559,1854,0,0
289434641,1526,1837,0,0
289436641,1498,1674,0,0
289438641,1585,1606,0,0
289440641,1517,1704,0,0
289442641,1593,1590,0,0
289444641,1588,1796,0,0
289446641,1592,1716,0,0
289448641,1682,1717,0,0
289450641,1605,1823,0,0
289452641,1604,1705,0,0
289454641,1492,1657,0,0
289456641,1561,1811,0,0
289458641,1633,1609,0,0
289460641,1577,1766,0,0
289462641,1474,1625,0,0
289464641,1592,1781,0,0
289466641,1669,1713,0,0
289468641,1589,1645,0,0
289470641,1469,1691,0,0
289472641,1508,1590,0,0
289474641,1648,1742,0,0
289476641,1444,1723,0,0
289478641,1633,1662,0,0
289480641,1500,1669,0,0
289482641,1549,1563,0,0
289484641,1556,1814,0,0
289486641,1483,1600,0,0
289488641,1589,1536,0,0
289490641,1633,1676,0,0
289492641,1428,1731,0,0
289494641,1532,1677,0,0
289496641,1505,1717,0,0
289498641,1613,1628,0,0
289500641,1554,1685,0,0
289502641,1496,1769,0,0
289504641,1572,1641,0,0
289506641,1687,1597,0,0
289508641,1590,1853,0,0
289510641,1571,1706,0,0
289512641,1521,1577,0,0
289514641,1597,1761,0,0
289516641,1542,1701,0,0
289518641,1572,1633,0,0
289520641,1554,1755,0,0
289522641,1545,1794,0,0
289524641,1561,1827,0,0
289526641,1565,1628,0,0
289528641,1514,1769,0,0
289530641,1550,1769,0,0
289532641,1504,1736,0,0
289534641,1656,1664,0,0
289536641,1473,1820,0,0
289538641,1597,1672,0,0
289540641,1579,1692,0,0
289542641,1559,1540,0,0
289544641,1605,1890,0,0
289546641,1511,1820,0,0
289548641,1692,1603,0,0
289550641,1486,1779,0,0
289552641,1589,1702,0,0
289554641,1615,1707,0,0
289556641,1581,1706,0,0
289558641,1565,1768,0,0
289560641,1588,1666,0,0
289562641,1589,1661,0,0
289564641,1495,1829,0,0
289566641,1530,1645,0,0
289568641,1531,1807,0,0
289570641,1515,1555,0,0
289572641,1534,1659,0,0
289574641,1509,1701,0,0
289576641,1641,1673,0,0
289578641,1512,1751,0,0
289580641,1623,1701,0,0
289582641,1613,1802,0,0
289584641,1566,1696,0,0
289586641,1520,1646,0,0
289588641,1518,1598,0,0
289590641,1614,1758,0,0
289592641,1589,1729,0,0
289594641,1637,1718,0,0
289596641,1543,1713,0,0
289598641,1540,1669,0,0
289600641,1552,1644,0,0
289602641,1558,1569,0,0
289604641,1588,1614,0,0
289606641,1577,1665,0,0
289608641,1534,1694,0,0
289610641,1607,1757,0,0
289612641,1597,1637,0,0
289614641,1625,1579,0,0
289616641,1569,1718,0,0
289618641,1512,1655,0,0
289620641,1577,1729,0,0
289622641,1543,1745,0,0
289624641,1610,1678,0,0
289626641,1639,1732,0,0
289628641,1615,1743,0,0
289630641,1540,1619,0,0
289632641,1514,1737,0,0
289634641,1605,1638,0,0
289636641,1511,1706,0,0
289638641,1641,1700,0,0
289640641,1584,1636,0,0
289642641,1616,1825,0,0
289644641,1539,1641,0,0
289646641,1535,1757,0,0
289648641,1568,1770,0,0
289650641,1636,1717,0,0
289652641,1595,1666,0,0
289654641,1540,1738,0,0
289656641,1577,1794,0,0
289658641,1553,1709,0,0
289660641,1661,1692,0,0
289662641,1571,1690,0,0
289664641,1626,1675,0,0
289666641,1634,1829,0,0
289668641,1588,1718,0,0
289670641,1640,1744,0,0
289672641,1581,1750,0,0
289674641,1613,1621,0,0
289676641,1612,1739,0,0
289678641,1581,1587,0,0
289680641,1585,1613,0,0
289682641,1592,1703,0,0
289684641,1607,1717,0,0
289686641,1649,1705,0,0
289688641,1551,1582,0,0
289690641,1528,1737,0,0
289692641,1643,1544,0,0
289694641,1568,1670,0,0
289696641,1667,1528,0,0
289698641,1645,1577,0,0
289700641,1536,1773,0,0
289702641,1444,1635,0,0
289704641,1538,1803,0,0
289706641,1585,1717,0,0
289708641,1693,1743,0,0
289710641,1545,1813,0,0
289712641,1564,1760,0,0
289714641,1633,1625,0,0
289716641,1526,1785,0,0
289718641,1639,1641,0,0
289720641,1587,1649,0,0
289722641,1547,1706,0,0
289724641,1671,1757,0,0
289726641,1577,1615,0,0
289728641,1539,1709,0,0
289730641,1582,1465,0,0
289732641,1629,1805,0,0
289734641,1679,1733,0,0
289736641,1594,1897,0,0
289738641,1499,1694,0,0
289740641,1550,1761,0,0
289742641,1499,1616,0,0
289744641,1560,1756,0,0
289746641,1636,1606,0,0
289748641,1556,1689,0,0
289750641,1577,1613,0,0
289752641,1621,1607,0,0
289754641,1589,1666,0,0
289756641,1604,1735,0,0
289758641,1552,1825,0,0
289760641,1564,1789,0,0
289762641,1548,1692,0,0
289764641,1645,1687,0,0
289766641,1484,1716,0,0
289768641,1628,1641,0,0
289770641,1588,1562,0,0
289772641,1576,1621,0,0
289774641,1681,1665,0,0
289776641,1477,1710,0,0
289778641,1629,1671,0,0
289780641,1440,1564,0,0
289782641,1540,1587,0,0
289784641,1567,1761,0,0
289786641,1538,1652,0,0
289788641,1604,1696,0,0
289790641,1556,1781,0,0
289792641,1484,1553,0,0
289794641,1494,1737,0,0
289796641,1606,1625,0,0
289798641,1627,1743,0,0
289800641,1566,1809,0,0
289802641,1631,1709,0,0
289804641,1590,1729,0,0
289806641,1448,1706,0,0
289808641,1589,1666,0,0
289810641,1561,1821,0,0
289812641,1581,1664,0,0
289814641,1488,1642,0,0
289816641,1599,1721,0,0
289818641,1692,1827,0,0
289820641,1529,1747,0,0
289822641,1594,1645,0,0
289824641,1609,1756,0,0
289826641,1528,1697,0,0
289828641,1566,1736,0,0
289830641,1581,1592,0,0
289832641,1662,1709,0,0
289834641,1608,1741,0,0
289836641,1540,1738,0,0
289838641,1523,1886,0,0
289840641,1590,1807,0,0
289842641,1692,1720,0,0
289844641,1565,1809,0,0
289846641,1620,1649,0,0
289848641,1462,1733,0,0
289850641,1483,1653,0,0
289852641,1624,1766,0,0
289854641,1587,1655,0,0
289856641,1563,1622,0,0
289858641,1629,1673,0,0
289860641,1581,1800,0,0
289862641,1645,1629,0,0
289864641,1486,1641,0,0
289866641,1552,1690,0,0
289868641,1485,1831,0,0
289870641,1554,1710,0,0
289872641,1470,1770,0,0
289874641,1579,1730,0,0
289876641,1610,1715,0,0
289878641,1657,1550,0,0
289880641,1578,1717,0,0
289882641,1599,1651,0,0
289884641,1702,1744,0,0
289886641,1674,1678,0,0
289888641,1575,1780,0,0
289890641,1640,1743,0,0
289892641,1589,1719,0,0
289894641,1653,1815,0,0
289896641,1451,1659,0,0
289898641,1577,1788,0,0
289900641,1598,1556,0,0
289902641,1626,1574,0,0
289904641,1662,1678,0,0
289906641,1558,1815,0,0
289908641,1677,1687,0,0
289910641,1565,1525,0,0
289912641,1528,1496,0,0
289914641,1614,1697,0,0
289916641,1563,1708,0,0
289918641,1595,1740,0,0
289920641,1611,1669,0,0
289922641,1524,1659,0,0
289924641,1538,1684,0,0
289926641,1528,1697,0,0
289928641,1425,1595,0,0
289930641,1670,1748,0,0
289932641,1607,1718,0,0
289934641,1580,1742,0,0
289936641,1625,1781,0,0
289938641,1564,1739,0,0
289940641,1520,1661,0,0
289942641,1538,1552,0,0
289944641,1666,1719,0,0
289946641,1587,1769,0,0
289948641,1585,1690,0,0
289950641,1605,1697,0,0
289952641,1577,1706,0,0
289954641,1577,1817,0,0
289956641,1658,1699,0,0
289958641,1508,1895,0,0
289960641,1525,1717,0,0
289962641,1659,1770,0,0
289964641,1536,1688,0,0
289966641,1512,1717,0,0
289968641,1511,1705,0,0
289970641,1565,1726,0,0
289972641,1606,1722,0,0
289974641,1565,1676,0,0
289976641,1589,1613,0,0
289978641,1616,1777,0,0
289980641,1535,1753,0,0
289982641,1538,1597,0,0
289984641,1623,1597,0,0
289986641,1525,1829,0,0
289988641,1617,1607,0,0
289990641,1683,1696,0,0
289992641,1608,1820,0,0
289994641,1647,1758,0,0
289996641,1496,1678,0,0
289998641,1548,1734,0,0
290000641,1639,1723,0,0
290002641,1526,1737,0,0
290004641,1552,1651,0,0
290006641,1526,1750,0,0
290008641,1613,1683,0,0
290010641,1581,1755,0,0
290012641,1534,1565,0,0
290014641,1565,1798,0,0
290016641,1577,1718,0,0
290018641,1505,1694,0,0
290020641,1656,1720,0,0
290022641,1617,1651,0,0
290024641,1577,1696,0,0
290026641,1615,1683,0,0
290028641,1618,1750,0,0
290030641,1615,1615,0,0
290032641,1550,1717,0,0
290034641,1524,1707,0,0
290036641,1548,1628,0,0
290038641,1546,1752,0,0
290040641,1513,1754,0,0
290042641,1603,1692,0,0
290044641,1510,1737,0,0
290046641,1605,1768,0,0
290048641,1548,1625,0,0
290050641,1585,1642,0,0
290052641,1524,1641,0,0
290054641,1566,1679,0,0
290056641,1585,1715,0,0
290058641,1461,1716,0,0
290060641,1556,1785,0,0
290062641,1521,1633,0,0
290064641,1589,1670,0,0
290066641,1576,1659,0,0
290068641,1568,1861,0,0
290070641,1603,1767,0,0
290072641,1552,1801,0,0
290074641,1659,1691,0,0
290076641,1492,1641,0,0
290078641,1520,1752,0,0
290080641,1533,1761,0,0
290082641,1513,1671,0,0
290084641,1587,1696,0,0
290086641,1601,1678,0,0
290088641,1633,1683,0,0
290090641,1665,1754,0,0
290092641,1595,1611,0,0
290094641,1542,1704,0,0
290096641,1597,1667,0,0
290098641,1589,1707,0,0
290100641,1637,1677,0,0
290102641,1679,1654,0,0
290104641,1526,1629,0,0
290106641,1489,1795,0,0
290108641,1561,1668,0,0
290110641,1454,1713,0,0
290112641,1503,1760,0,0
290114641,1569,1780,0,0
290116641,1527,1592,0,0
290118641,1521,1716,0,0
290120641,1615,1657,0,0
290122641,1625,1738,0,0
290124641,1482,1747,0,0
290126641,1576,1585,0,0
290128641,1540,1730,0,0
290130641,1499,1666,0,0
290132641,1615,1717,0,0
290134641,1464,1805,0,0
290136641,1562,1817,0,0
290138641,1502,1717,0,0
290140641,1574,1760,0,0
290142641,1566,1589,0,0
290144641,1552,1738,0,0
290146641,1536,1704,0,0
290148641,1666,1645,0,0
290150641,1639,1743,0,0
290152641,1521,1691,0,0
290154641,1602,1739,0,0
290156641,1610,1656,0,0
290158641,1489,1820,0,0
290160641,1511,1702,0,0
290162641,1605,1676,0,0
290164641,1518,1718,0,0
290166641,1476,1705,0,0
290168641,1556,1670,0,0
290170641,1627,1735,0,0
290172641,1500,1769,0,0
290174641,1505,1695,0,0
290176641,1560,1696,0,0
290178641,1630,1693,0,0
290180641,1678,1650,0,0
290182641,1460,1651,0,0
290184641,1617,1603,0,0
290186641,1638,1694,0,0
290188641,1593,1538,0,0
290190641,1589,1645,0,0
290192641,1520,1730,0,0
290194641,1629,1717,0,0
290196641,1619,1708,0,0
290198641,1521,1615,0,0
290200641,1584,1633,0,0
290202641,1473,1666,0,0
290204641,1546,1649,0,0
290206641,1601,1785,0,0
290208641,1487,1677,0,0
290210641,1645,1715,0,0
290212641,1487,1742,0,0
290214641,1502,1746,0,0
290216641,1470,1794,0,0
290218641,1589,1651,0,0
290220641,1610,1717,0,0
290222641,1605,1731,0,0
290224641,1573,1610,0,0
290226641,1615,1860,0,0
290228641,1601,1785,0,0
290230641,1504,1717,0,0
290232641,1540,1729,0,0
290234641,1623,1653,0,0
290236641,1608,1666,0,0
290238641,1582,1692,0,0
290240641,1616,1797,0,0
290242641,1461,1681,0,0
290244641,1520,1802,0,0
290246641,1524,1825,0,0
290248641,1487,1692,0,0
290250641,1510,1733,0,0
290252641,1605,1642,0,0
290254641,1556,1734,0,0
290256641,1589,1700,0,0
290258641,1591,1641,0,0
290260641,1540,1665,0,0
290262641,1581,1808,0,0
290264641,1550,1725,0,0
290266641,1589,1674,0,0
290268641,1607,1689,0,0
290270641,1636,1707,0,0
290272641,1573,1744,0,0
290274641,1681,1685,0,0
290276641,1678,1791,0,0
290278641,1565,1667,0,0
290280641,1568,1606,0,0
290282641,1488,1743,0,0
290284641,1589,1563,0,0
290286641,1569,1755,0,0
290288641,1566,1659,0,0
290290641,1552,1687,0,0
290292641,1588,1705,0,0
290294641,1525,1655,0,0
290296641,1568,1674,0,0
290298641,1597,1718,0,0
290300641,1641,1679,0,0
290302641,1615,1693,0,0
290304641,1515,1825,0,0
290306641,1538,1603,0,0
290308641,1587,1717,0,0
290310641,1633,1703,0,0
290312641,1600,1670,0,0
290314641,1569,1746,0,0
290316641,1526,1734,0,0
290318641,1646,1541,0,0
290320641,1614,1643,0,0
290322641,1682,1606,0,0
290324641,1549,1641,0,0
290326641,1575,1705,0,0
290328641,1507,1786,0,0
290330641,1536,1739,0,0
290332641,1636,1802,0,0
290334641,1604,1605,0,0
290336641,1603,1713,0,0
290338641,1572,1657,0,0
290340641,1586,1725,0,0
290342641,1618,1823,0,0
290344641,1556,1627,0,0
290346641,1549,1754,0,0
290348641,1571,1590,0,0
290350641,1577,1645,0,0
290352641,1690,1592,0,0
290354641,1578,1653,0,0
290356641,1547,1625,0,0
290358641,1653,1677,0,0
290360641,1691,1651,0,0
290362641,1585,1665,0,0
290364641,1658,1777,0,0
290366641,1500,1672,0,0
290368641,1581,1805,0,0
290370641,1525,1565,0,0
290372641,1639,1608,0,0
290374641,1572,1705,0,0
290376641,1543,1552,0,0
290378641,1521,1802,0,0
290380641,1561,1699,0,0
290382641,1576,1833,0,0
290384641,1498,1670,0,0
290386641,1524,1681,0,0
290388641,1611,1679,0,0
290390641,1522,1615,0,0
290392641,1637,1704,0,0
290394641,1566,1587,0,0
290396641,1581,1751,0,0
290398641,1635,1700,0,0
290400641,1643,1685,0,0
290402641,1552,1778,0,0
290404641,1536,1655,0,0
290406641,1645,1597,0,0
290408641,1534,1726,0,0
290410641,1590,1659,0,0
290412641,1635,1743,0,0
290414641,1504,1491,0,0
290416641,1550,1674,0,0
290418641,1564,1566,0,0
290420641,1597,1644,0,0
290422641,1604,1769,0,0
290424641,1609,1710,0,0
290426641,1606,1659,0,0
290428641,1666,1594,0,0
290430641,1539,1679,0,0
290432641,1552,1696,0,0
290434641,1628,1651,0,0
290436641,1464,1617,0,0
290438641,1609,1759,0,0
290440641,1659,1700,0,0
290442641,1568,1717,0,0
290444641,1516,1749,0,0
290446641,1615,1831,0,0
290448641,1553,1665,0,0
290450641,1692,1743,0,0
290452641,1585,1693,0,0
290454641,1641,1786,0,0
290456641,1490,1641,0,0
290458641,1511,1754,0,0
290460641,1581,1720,0,0
290462641,1556,1686,0,0
290464641,1563,1582,0,0
290466641,1645,1606,0,0
290468641,1564,1708,0,0
290470641,1629,1745,0,0
290472641,1538,1648,0,0
290474641,1525,1564,0,0
290476641,1549,1733,0,0
290478641,1624,1794,0,0
290480641,1618,1768,0,0
290482641,1582,1779,0,0
290484641,1625,1820,0,0
290486641,1491,1785,0,0
290488641,1649,1563,0,0
290490641,1452,1597,0,0
290492641,1628,1608,0,0
290494641,1540,1659,0,0
290496641,1645,1667,0,0
290498641,1657,1741,0,0
290500641,1585,1718,0,0
290502641,1589,1769,0,0
290504641,1539,1668,0,0
290506641,1566,1744,0,0
290508641,1598,1683,0,0
290510641,1579,1692,0,0
290512641,1563,1707,0,0
290514641,1511,1765,0,0
290516641,1610,1718,0,0
290518641,1615,1762,0,0
290520641,1540,1730,0,0
290522641,1615,1754,0,0
290524641,1582,1776,0,0
290526641,1613,1771,0,0
290528641,1454,1765,0,0
290530641,1534,1751,0,0
290532641,1478,1706,0,0
290534641,1508,1769,0,0
290536641,1601,1747,0,0
290538641,1649,1833,0,0
290540641,1689,1690,0,0
290542641,1569,1705,0,0
290544641,1706,1615,0,0
290546641,1674,1670,0,0
290548641,1484,1591,0,0
290550641,1564,1687,0,0
290552641,1541,1690,0,0
290554641,1695,1717,0,0
290556641,1665,1761,0,0
290558641,1515,1723,0,0
290560641,1565,1645,0,0
290562641,1538,1845,0,0
290564641,1616,1697,0,0
290566641,1548,1680,0,0
290568641,1525,1689,0,0
290570641,1538,1692,0,0
290572641,1662,1566,0,0
290574641,1629,1830,0,0
290576641,1513,1619,0,0
290578641,1485,1606,0,0
290580641,1513,1701,0,0
290582641,1581,1769,0,0
290584641,1616,1708,0,0
290586641,1569,1589,0,0
290588641,1517,1717,0,0
290590641,1564,1734,0,0
290592641,1487,1697,0,0
290594641,1559,1605,0,0
290596641,1526,1769,0,0
290598641,1536,1635,0,0
290600641,1594,1543,0,0
290602641,1538,1602,0,0
290604641,1539,1774,0,0
290606641,1577,1675,0,0
290608641,1647,1700,0,0
290610641,1695,1582,0,0
290612641,1695,1752,0,0
290614641,1593,1769,0,0
290616641,1565,1601,0,0
290618641,1577,1590,0,0
290620641,1585,1709,0,0
290622641,1576,1667,0,0
290624641,1569,1852,0,0
290626641,1568,1754,0,0
290628641,1687,1589,0,0
290630641,1573,1823,0,0
290632641,1577,1585,0,0
290634641,1656,1677,0,0
290636641,1563,1668,0,0
290638641,1646,1756,0,0
290640641,1631,1713,0,0
290642641,1512,1743,0,0
290644641,1638,1615,0,0
290646641,1592,1718,0,0
290648641,1612,1653,0,0
290650641,1560,1755,0,0
290652641,1600,1742,0,0
290654641,1634,1868,0,0
290656641,1589,1679,0,0
290658641,1597,1655,0,0
290660641,1568,1635,0,0
290662641,1665,1744,0,0
290664641,1514,1720,0,0
290666641,1516,1722,0,0
290668641,1538,1809,0,0
290670641,1502,1671,0,0
290672641,1613,1809,0,0
290674641,1544,1656,0,0
290676641,1589,1614,0,0
290678641,1552,1747,0,0
290680641,1572,1548,0,0
290682641,1612,1757,0,0
290684641,1547,1694,0,0
290686641,1635,1665,0,0
290688641,1496,1740,0,0
290690641,1541,1768,0,0
290692641,1569,1590,0,0
290694641,1507,1621,0,0
290696641,1585,1756,0,0
290698641,1559,1730,0,0
290700641,1511,1797,0,0
290702641,1558,1847,0,0
290704641,1662,1790,0,0
290706641,1533,1811,0,0
290708641,1569,1677,0,0
290710641,1520,1649,0,0
290712641,1611,1745,0,0
290714641,1512,1629,0,0
290716641,1571,1669,0,0
290718641,1550,1661,0,0
290720641,1611,1539,0,0
290722641,1473,1641,0,0
290724641,1546,1653,0,0
290726641,1632,1769,0,0
290728641,1632,1644,0,0
290730641,1534,1689,0,0
290732641,1628,1635,0,0
290734641,1467,1726,0,0
290736641,1614,1743,0,0
290738641,1621,1675,0,0
290740641,1528,1589,0,0
290742641,1594,1713,0,0
290744641,1527,1733,0,0
290746641,1646,1636,0,0
290748641,1659,1692,0,0
290750641,1552,1833,0,0
290752641,1487,1613,0,0
290754641,1627,1673,0,0
290756641,1626,1662,0,0
290758641,1556,1793,0,0
290760641,1572,1767,0,0
290762641,1627,1837,0,0
290764641,1527,1602,0,0
290766641,1538,1820,0,0
290768641,1575,1734,0,0
290770641,1641,1803,0,0
290772641,1652,1693,0,0
290774641,1477,1810,0,0
290776641,1677,1815,0,0
290778641,1520,1770,0,0
290780641,1638,1682,0,0
290782641,1545,1743,0,0
290784641,1616,1666,0,0
290786641,1554,1761,0,0
290788641,1496,1773,0,0
290790641,1523,1640,0,0
290792641,1536,1757,0,0
290794641,1581,1615,0,0
290796641,1550,1826,0,0
290798641,1628,1796,0,0
290800641,1555,1672,0,0
290802641,1513,1718,0,0
290804641,1591,1663,0,0
290806641,1645,1739,0,0
290808641,1564,1777,0,0
290810641,1592,1661,0,0
290812641,1549,1678,0,0
290814641,1629,1773,0,0
290816641,1475,1717,0,0
290818641,1613,1757,0,0
290820641,1636,1544,0,0
290822641,1551,1733,0,0
290824641,1585,1615,0,0
290826641,1508,1669,0,0
290828641,1553,1805,0,0
290830641,1512,1692,0,0
290832641,1556,1633,0,0
290834641,1590,1779,0,0
290836641,1590,1871,0,0
290838641,1524,1656,0,0
290840641,1508,1662,0,0
290842641,1496,1597,0,0
290844641,1640,1850,0,0
290846641,1606,1804,0,0
290848641,1541,1645,0,0
290850641,1607,1691,0,0
290852641,1529,1705,0,0
290854641,1644,1774,0,0
290856641,1629,1679,0,0
290858641,1687,1747,0,0
290860641,1614,1681,0,0
290862641,1628,1739,0,0
290864641,1545,1616,0,0
290866641,1651,1763,0,0
290868641,1592,1530,0,0
290870641,1591,1685,0,0
290872641,1579,1789,0,0
290874641,1581,1538,0,0
290876641,1602,1767,0,0
290878641,1575,1588,0,0
290880641,1594,1616,0,0
290882641,1547,1585,0,0
290884641,1526,1680,0,0
290886641,1644,1666,0,0
290888641,1529,1684,0,0
290890641,1538,1753,0,0
290892641,1569,1748,0,0
290894641,1574,1693,0,0
290896641,1512,1767,0,0
290898641,1556,1845,0,0
290900641,1528,1732,0,0
290902641,1563,1671,0,0
290904641,1666,1738,0,0
290906641,1612,1581,0,0
290908641,1531,1753,0,0
290910641,1535,1644,0,0
290912641,1472,1709,0,0
290914641,1504,1620,0,0
290916641,1473,1633,0,0
290918641,1629,1678,0,0
290920641,1520,1615,0,0
290922641,1578,1595,0,0
290924641,1544,1820,0,0
290926641,1589,1745,0,0
290928641,1478,1769,0,0
290930641,1579,1805,0,0
290932641,1575,1665,0,0
290934641,1590,1686,0,0
290936641,1587,1837,0,0
290938641,1593,1628,0,0
290940641,1514,1784,0,0
290942641,1653,1760,0,0
290944641,1637,1628,0,0
290946641,1693,1631,0,0
290948641,1573,1831,0,0
290950641,1555,1629,0,0
290952641,1510,1613,0,0
290954641,1652,1687,0,0
290956641,1430,1719,0,0
290958641,1593,1640,0,0
290960641,1524,1760,0,0
290962641,1601,1678,0,0
290964641,1639,1789,0,0
290966641,1643,1765,0,0
290968641,1514,1703,0,0
290970641,1538,1672,0,0
290972641,1559,1715,0,0
290974641,1552,1658,0,0
290976641,1563,1700,0,0
290978641,1592,1771,0,0
290980641,1526,1649,0,0
290982641,1532,1777,0,0
290984641,1597,1678,0,0
290986641,1530,1743,0,0
290988641,1607,1781,0,0
290990641,1491,1751,0,0
290992641,1534,1767,0,0
290994641,1569,1804,0,0
290996641,1654,1739,0,0
290998641,1540,1710,0,0
291000641,1473,1860,0,0
291002641,1533,1713,0,0
291004641,1652,1717,0,0
291006641,1645,1721,0,0
291008641,1527,1665,0,0
291010641,1627,1796,0,0
291012641,1472,1736,0,0
291014641,1645,1595,0,0
291016641,1581,1691,0,0
291018641,1564,1609,0,0
291020641,1574,1516,0,0
291022641,1520,1585,0,0
291024641,1564,1793,0,0
291026641,1608,1726,0,0
291028641,1628,1707,0,0
291030641,1525,1793,0,0
291032641,1544,1789,0,0
291034641,1552,1731,0,0
291036641,1550,1666,0,0
291038641,1654,1820,0,0
291040641,1449,1753,0,0
291042641,1628,1664,0,0
291044641,1709,1616,0,0
291046641,1537,1744,0,0
291048641,1606,1677,0,0
291050641,1608,1701,0,0
291052641,1639,1777,0,0
291054641,1617,1722,0,0
291056641,1574,1657,0,0
291058641,1680,1637,0,0
291060641,1512,1688,0,0
291062641,1641,1685,0,0
291064641,1636,1565,0,0
291066641,1474,1849,0,0
291068641,1428,1654,0,0
291070641,1579,1691,0,0
291072641,1656,1825,0,0
291074641,1496,1795,0,0
291076641,1615,1801,0,0
291078641,1615,1677,0,0
291080641,1530,1772,0,0
291082641,1513,1697,0,0
291084641,1611,1739,0,0
291086641,1615,1747,0,0
291088641,1500,1797,0,0
291090641,1563,1774,0,0
291092641,1605,1741,0,0
291094641,1561,1654,0,0
291096641,1532,1691,0,0
291098641,1600,1641,0,0
291100641,1574,1869,0,0
291102641,1636,1679,0,0
291104641,1512,1743,0,0
291106641,1566,1708,0,0
291108641,1627,1626,0,0
291110641,1476,1573,0,0
291112641,1605,1707,0,0
291114641,1692,1728,0,0
291116641,1497,1789,0,0
291118641,1578,1659,0,0
291120641,1589,1706,0,0
291122641,1604,1563,0,0
291124641,1622,1604,0,0
291126641,1549,1664,0,0
291128641,1649,1769,0,0
291130641,1464,1563,0,0
291132641,1617,1717,0,0
291134641,1622,1733,0,0
291136641,1561,1672,0,0
291138641,1512,1621,0,0
291140641,1539,1685,0,0
291142641,1589,1792,0,0
291144641,1629,1629,0,0
291146641,1580,1626,0,0
291148641,1542,1679,0,0
291150641,1561,1665,0,0
291152641,1612,1717,0,0
291154641,1567,1747,0,0
291156641,1562,1639,0,0
291158641,1560,1692,0,0
291160641,1534,1670,0,0
291162641,1538,1787,0,0
291164641,1624,1630,0,0
291166641,1633,1741,0,0
291168641,1598,1769,0,0
291170641,1487,1615,0,0
291172641,1518,1680,0,0
291174641,1559,1737,0,0
291176641,1474,1730,0,0
291178641,1589,1637,0,0
291180641,1516,1798,0,0
291182641,1554,1712,0,0
291184641,1454,1678,0,0
291186641,1537,1829,0,0
291188641,1564,1669,0,0
291190641,1565,1581,0,0
291192641,1565,1625,0,0
291194641,1591,1605,0,0
291196641,1569,1829,0,0
291198641,1692,1743,0,0
291200641,1552,1747,0,0
291202641,1603,1646,0,0
291204641,1611,1725,0,0
291206641,1593,1748,0,0
291208641,1521,1637,0,0
291210641,1485,1732,0,0
291212641,1494,1662,0,0
291214641,1589,1764,0,0
291216641,1520,1715,0,0
291218641,1603,1821,0,0
291220641,1529,1604,0,0
291222641,1588,1720,0,0
291224641,1681,1741,0,0
291226641,1601,1750,0,0
291228641,1522,1542,0,0
291230641,1500,1695,0,0
291232641,1590,1615,0,0
291234641,1573,1577,0,0
291236641,1575,1773,0,0
291238641,1665,1625,0,0
291240641,1484,1743,0,0
291242641,1556,1871,0,0
291244641,1574,1643,0,0
291246641,1628,1669,0,0
291248641,1543,1661,0,0
291250641,1652,1603,0,0
291252641,1625,1678,0,0
291254641,1592,1794,0,0
291256641,1465,1717,0,0
291258641,1619,1763,0,0
291260641,1572,1733,0,0
291262641,1645,1697,0,0
291264641,1577,1592,0,0
291266641,1551,1756,0,0
291268641,1659,1709,0,0
291270641,1614,1717,0,0
291272641,1622,1726,0,0
291274641,1550,1717,0,0
291276641,1621,1734,0,0
291278641,1474,1683,0,0
291280641,1601,1605,0,0
291282641,1603,1643,0,0
291284641,1548,1717,0,0
291286641,1551,1674,0,0
291288641,1509,1606,0,0
291290641,1560,1727,0,0
291292641,1696,1738,0,0
291294641,1533,1655,0,0
291296641,1578,1794,0,0
291298641,1500,1835,0,0
291300641,1540,1725,0,0
291302641,1537,1695,0,0
291304641,1538,1579,0,0
291306641,1586,1668,0,0
291308641,1585,1820,0,0
291310641,1494,1697,0,0
291312641,1549,1738,0,0
291314641,1542,1798,0,0
291316641,1508,1773,0,0
291318641,1528,1556,0,0
291320641,1637,1717,0,0
291322641,1637,1735,0,0
291324641,1607,1815,0,0
291326641,1567,1642,0,0
291328641,1648,1892,0,0
291330641,1538,1766,0,0
291332641,1516,1641,0,0
291334641,1617,1609,0,0
291336641,1585,1709,0,0
291338641,1679,1704,0,0
291340641,1604,1809,0,0
291342641,1542,1732,0,0
291344641,1625,1794,0,0
291346641,1597,1845,0,0
291348641,1585,1635,0,0
291350641,1608,1744,0,0
291352641,1516,1752,0,0
291354641,1565,1757,0,0
291356641,1461,1592,0,0
291358641,1652,1821,0,0
291360641,1681,1665,0,0
291362641,1556,1678,0,0
291364641,1589,1524,0,0
291366641,1512,1687,0,0
291368641,1578,1721,0,0
291370641,1538,1672,0,0
291372641,1559,1679,0,0
291374641,1573,1555,0,0
291376641,1603,1666,0,0
291378641,1555,1670,0,0
291380641,1589,1734,0,0
291382641,1585,1632,0,0
291384641,1645,1483,0,0
291386641,1613,1613,0,0
291388641,1538,1772,0,0
291390641,1532,1763,0,0
291392641,1573,1831,0,0
291394641,1492,1697,0,0
291396641,1468,1793,0,0
291398641,1601,1641,0,0
291400641,1629,1597,0,0
291402641,1591,1674,0,0
291404641,1448,1688,0,0
291406641,1523,1638,0,0
291408641,1528,1671,0,0
291410641,1565,1725,0,0
291412641,1658,1649,0,0
291414641,1631,1668,0,0
291416641,1633,1703,0,0
291418641,1504,1679,0,0
291420641,1536,1591,0,0
291422641,1573,1709,0,0
291424641,1558,1723,0,0
291426641,1598,1746,0,0
291428641,1528,1721,0,0
291430641,1568,1718,0,0
291432641,1517,1820,0,0
291434641,1624,1777,0,0
291436641,1661,1628,0,0
291438641,1563,1716,0,0
291440641,1543,1743,0,0
291442641,1548,1721,0,0
291444641,1605,1657,0,0
291446641,1576,1779,0,0
291448641,1620,1793,0,0
291450641,1604,1752,0,0
291452641,1544,1722,0,0
291454641,1668,1844,0,0
291456641,1534,1679,0,0
291458641,1530,1705,0,0
291460641,1520,1726,0,0
291462641,1615,1633,0,0
291464641,1666,1797,0,0
291466641,1593,1593,0,0
291468641,1665,1566,0,0
291470641,1565,1623,0,0
291472641,1568,1747,0,0
291474641,1588,1777,0,0
291476641,1593,1655,0,0
291478641,1669,1717,0,0
291480641,1545,1739,0,0
291482641,1533,1657,0,0
291484641,1641,1613,0,0
291486641,1603,1735,0,0
291488641,1628,1722,0,0
291490641,1689,1718,0,0
291492641,1530,1675,0,0
291494641,1534,1649,0,0
291496641,1600,1659,0,0
291498641,1615,1687,0,0
291500641,1537,1612,0,0
291502641,1589,1720,0,0
291504641,1587,1748,0,0
291506641,1492,1768,0,0
291508641,1565,1829,0,0
291510641,1639,1834,0,0
291512641,1590,1614,0,0
291514641,1569,1683,0,0
291516641,1593,1672,0,0
291518641,1567,1723,0,0
291520641,1617,1674,0,0
291522641,1531,1828,0,0
291524641,1569,1651,0,0
291526641,1533,1752,0,0
291528641,1582,1654,0,0
291530641,1579,1753,0,0
291532641,1661,1572,0,0
291534641,1586,1744,0,0
291536641,1589,1618,0,0
291538641,1641,1666,0,0
291540641,1617,1566,0,0
291542641,1565,1748,0,0
291544641,1593,1781,0,0
291546641,1608,1653,0,0
291548641,1514,1589,0,0
291550641,1607,1683,0,0
291552641,1562,1599,0,0
291554641,1628,1732,0,0
291556641,1492,1794,0,0
291558641,1541,1732,0,0
291560641,1565,1813,0,0
291562641,1669,1690,0,0
291564641,1544,1825,0,0
291566641,1555,1802,0,0
291568641,1565,1769,0,0
291570641,1532,1692,0,0
291572641,1585,1641,0,0
291574641,1530,1793,0,0
291576641,1515,1651,0,0
291578641,1641,1645,0,0
291580641,1526,1605,0,0
291582641,1564,1680,0,0
291584641,1494,1719,0,0
291586641,1594,1667,0,0
291588641,1479,1661,0,0
291590641,1569,1705,0,0
291592641,1539,1803,0,0
291594641,1472,1563,0,0
291596641,1561,1681,0,0
291598641,1511,1619,0,0
291600641,1629,1717,0,0
291602641,1666,1780,0,0
291604641,1589,1678,0,0
291606641,1568,1692,0,0
291608641,1500,1682,0,0
291610641,1589,1837,0,0
291612641,1577,1621,0,0
291614641,1550,1702,0,0
291616641,1569,1709,0,0
291618641,1566,1797,0,0
291620641,1630,1657,0,0
291622641,1634,1666,0,0
291624641,1573,1756,0,0
291626641,1625,1741,0,0
291628641,1533,1646,0,0
291630641,1603,1525,0,0
291632641,1608,1615,0,0
291634641,1613,1689,0,0
291636641,1603,1741,0,0
291638641,1576,1640,0,0
291640641,1633,1749,0,0
291642641,1621,1725,0,0
291644641,1643,1725,0,0
291646641,1542,1593,0,0
291648641,1567,1749,0,0
291650641,1549,1641,0,0
291652641,1538,1827,0,0
291654641,1582,1681,0,0
291656641,1589,1632,0,0
291658641,1598,1709,0,0
291660641,1560,1739,0,0
291662641,1602,1719,0,0
291664641,1661,1677,0,0
291666641,1500,1685,0,0
291668641,1601,1538,0,0
291670641,1538,1806,0,0
291672641,1603,1670,0,0
291674641,1576,1633,0,0
291676641,1461,1632,0,0
291678641,1532,1765,0,0
291680641,1524,1678,0,0
291682641,1699,1615,0,0
291684641,1597,1845,0,0
291686641,1569,1685,0,0
291688641,1512,1638,0,0
291690641,1586,1713,0,0
291692641,1483,1646,0,0
291694641,1565,1569,0,0
291696641,1729,1741,0,0
291698641,1589,1745,0,0
291700641,1464,1845,0,0
291702641,1602,1795,0,0
291704641,1578,1705,0,0
291706641,1623,1753,0,0
291708641,1512,1790,0,0
291710641,1595,1803,0,0
291712641,1526,1688,0,0
291714641,1503,1833,0,0
291716641,1615,1884,0,0
291718641,1540,1755,0,0
291720641,1619,1780,0,0
291722641,1623,1717,0,0
291724641,1589,1625,0,0
291726641,1600,1713,0,0
291728641,1486,1744,0,0
291730641,1579,1692,0,0
291732641,1563,1742,0,0
291734641,1601,1622,0,0
291736641,1528,1904,0,0
291738641,1627,1708,0,0
291740641,1669,1717,0,0
291742641,1590,1601,0,0
291744641,1589,1614,0,0
291746641,1629,1661,0,0
291748641,1589,1705,0,0
291750641,1504,1669,0,0
291752641,1516,1645,0,0
291754641,1573,1834,0,0
291756641,1565,1610,0,0
291758641,1628,1726,0,0
291760641,1565,1628,0,0
291762641,1540,1789,0,0
291764641,1588,1677,0,0
291766641,1486,1636,0,0
291768641,1569,1673,0,0
291770641,1518,1659,0,0
291772641,1527,1790,0,0
291774641,1537,1699,0,0
291776641,1661,1662,0,0
291778641,1552,1718,0,0
291780641,1464,1709,0,0
291782641,1511,1817,0,0
291784641,1488,1628,0,0
291786641,1625,1753,0,0
291788641,1535,1579,0,0
291790641,1589,1813,0,0
291792641,1513,1709,0,0
291794641,1571,1747,0,0
291796641,1474,1763,0,0
291798641,1592,1710,0,0
291800641,1564,1544,0,0
291802641,1527,1728,0,0
291804641,1631,1709,0,0
291806641,1560,1845,0,0
291808641,1563,1768,0,0
291810641,1585,1769,0,0
291812641,1556,1562,0,0
291814641,1478,1535,0,0
291816641,1477,1771,0,0
291818641,1532,1715,0,0
291820641,1597,1699,0,0
291822641,1545,1817,0,0
291824641,1494,1666,0,0
291826641,1481,1733,0,0
291828641,1631,1763,0,0
291830641,1419,1577,0,0
291832641,1473,1687,0,0
291834641,1665,1736,0,0
291836641,1681,1767,0,0
291838641,1589,1554,0,0
291840641,1500,1841,0,0
291842641,1481,1715,0,0
291844641,1565,1559,0,0
291846641,1615,1671,0,0
291848641,1538,1712,0,0
291850641,1462,1649,0,0
291852641,1598,1657,0,0
291854641,1532,1611,0,0
291856641,1555,1778,0,0
291858641,1584,1814,0,0
291860641,1609,1610,0,0
291862641,1548,1633,0,0
291864641,1608,1789,0,0
291866641,1523,1639,0,0
291868641,1561,1793,0,0
291870641,1507,1664,0,0
291872641,1524,1794,0,0
291874641,1558,1552,0,0
291876641,1558,1573,0,0
291878641,1565,1654,0,0
291880641,1645,1706,0,0
291882641,1582,1681,0,0
291884641,1564,1579,0,0
291886641,1564,1715,0,0
291888641,1588,1674,0,0
291890641,1686,1705,0,0
291892641,1617,1738,0,0
291894641,1653,1705,0,0
291896641,1548,1603,0,0
291898641,1448,1779,0,0
291900641,1569,1615,0,0
291902641,1514,1732,0,0
291904641,1652,1618,0,0
291906641,1565,1621,0,0
291908641,1631,1688,0,0
291910641,1529,1786,0,0
291912641,1467,1737,0,0
291914641,1692,1677,0,0
291916641,1633,1689,0,0
291918641,1638,1805,0,0
291920641,1500,1706,0,0
291922641,1538,1641,0,0
291924641,1572,1555,0,0
291926641,1510,1809,0,0
291928641,1513,1705,0,0
291930641,1560,1681,0,0
291932641,1531,1753,0,0
291934641,1589,1781,0,0
291936641,1584,1627,0,0
291938641,1631,1741,0,0
291940641,1512,1625,0,0
291942641,1529,1653,0,0
291944641,1567,1632,0,0
291946641,1521,1884,0,0
291948641,1502,1794,0,0
291950641,1407,1512,0,0
291952641,1623,1628,0,0
291954641,1630,1758,0,0
291956641,1443,1670,0,0
291958641,1585,1822,0,0
291960641,1547,1715,0,0
291962641,1597,1745,0,0
291964641,1626,1777,0,0
291966641,1504,1704,0,0
291968641,1589,1589,0,0
291970641,1481,1708,0,0
291972641,1549,1653,0,0
291974641,1517,1816,0,0
291976641,1580,1692,0,0
291978641,1607,1721,0,0
291980641,1579,1797,0,0
291982641,1608,1644,0,0
291984641,1552,1696,0,0
291986641,1492,1621,0,0
291988641,1619,1760,0,0
291990641,1638,1750,0,0
291992641,1600,1720,0,0
291994641,1448,1631,0,0
291996641,1572,1617,0,0
291998641,1490,1613,0,0
292000641,1563,1799,0,0
292002641,1641,1780,0,0
292004641,1552,1721,0,0
292006641,1623,1687,0,0
292008641,1615,1616,0,0
292010641,1631,1749,0,0
292012641,1644,1645,0,0
292014641,1595,1688,0,0
292016641,1579,1643,0,0
292018641,1553,1553,0,0
292020641,1447,1742,0,0
292022641,1560,1697,0,0
292024641,1616,1765,0,0
292026641,1633,1578,0,0
292028641,1649,1666,0,0
292030641,1638,1625,0,0
292032641,1476,1617,0,0
292034641,1573,1670,0,0
292036641,1542,1641,0,0
292038641,1562,1652,0,0
292040641,1636,1649,0,0
292042641,1589,1800,0,0
292044641,1514,1837,0,0
292046641,1697,1762,0,0
292048641,1550,1757,0,0
292050641,1672,1670,0,0
292052641,1432,1744,0,0
292054641,1592,1691,0,0
292056641,1520,1595,0,0
292058641,1524,1717,0,0
292060641,1546,1607,0,0
292062641,1703,1817,0,0
292064641,1560,1629,0,0
292066641,1500,1770,0,0
292068641,1562,1694,0,0
292070641,1593,1640,0,0
292072641,1528,1705,0,0
292074641,1512,1843,0,0
292076641,1643,1752,0,0
292078641,1552,1540,0,0
292080641,1536,1769,0,0
292082641,1565,1736,0,0
292084641,1471,1745,0,0
292086641,1555,1716,0,0
292088641,1610,1820,0,0
292090641,1564,1684,0,0
292092641,1551,1666,0,0
292094641,1659,1730,0,0
292096641,1622,1794,0,0
292098641,1629,1755,0,0
292100641,1611,1625,0,0
292102641,1578,1743,0,0
292104641,1586,1790,0,0
292106641,1584,1669,0,0
292108641,1512,1777,0,0
292110641,1532,1730,0,0
292112641,1641,1708,0,0
292114641,1651,1687,0,0
292116641,1639,1763,0,0
292118641,1641,1708,0,0
292120641,1598,1607,0,0
292122641,1639,1668,0,0
292124641,1547,1877,0,0
292126641,1542,1625,0,0
292128641,1511,1637,0,0
292130641,1682,1692,0,0
292132641,1521,1664,0,0
292134641,1525,1758,0,0
292136641,1524,1561,0,0
292138641,1548,1871,0,0
292140641,1546,1683,0,0
292142641,1569,1677,0,0
292144641,1589,1738,0,0
292146641,1604,1640,0,0
292148641,1637,1677,0,0
292150641,1547,1750,0,0
292152641,1581,1713,0,0
292154641,1498,1697,0,0
292156641,1526,1641,0,0
292158641,1598,1603,0,0
292160641,1629,1709,0,0
292162641,1615,1786,0,0
292164641,1514,1641,0,0
292166641,1611,1679,0,0
292168641,1541,1688,0,0
292170641,1614,1779,0,0
292172641,1536,1690,0,0
292174641,1569,1779,0,0
292176641,1529,1713,0,0
292178641,1591,1697,0,0
292180641,1512,1833,0,0
292182641,1649,1666,0,0
292184641,1642,1710,0,0
292186641,1569,1817,0,0
292188641,1564,1602,0,0
292190641,1544,1705,0,0
292192641,1573,1662,0,0
292194641,1609,1587,0,0
292196641,1611,1816,0,0
292198641,1561,1629,0,0
292200641,1459,1715,0,0
292202641,1628,1815,0,0
292204641,1498,1724,0,0
292206641,1525,1676,0,0
292208641,1617,1763,0,0
292210641,1682,1833,0,0
292212641,1513,1667,0,0
292214641,1419,1593,0,0
292216641,1603,1613,0,0
292218641,1500,1743,0,0
292220641,1610,1702,0,0
292222641,1652,1700,0,0
292224641,1585,1765,0,0
292226641,1482,1827,0,0
292228641,1552,1752,0,0
292230641,1601,1623,0,0
292232641,1548,1853,0,0
292234641,1488,1693,0,0
292236641,1589,1677,0,0
292238641,1528,1645,0,0
