frame,decisao,explicacao,confianca_selecionada,topo_ruler_mm,bbox_altura_px,bbox_largura_px,bbox_aspect,area_px,componentes_encontrados_na_mascara,componentes_rejeitados,candidatos_aceitos_no_frame,threshold_usado,percentil_escuro_q
0,candidato_selecionado,OK,0.8762120669280311,13.865049751243781,178.0,219.0,1.2303370786516854,28718.0,12,11,1,75.0,37.0
1,candidato_selecionado,OK,0.8761870217431799,13.866469816272966,178.0,219.0,1.2303370786516854,28715.0,12,11,1,75.0,37.0
2,candidato_selecionado,OK,0.8763138632619766,13.866469816272966,178.0,219.0,1.2303370786516854,28713.5,12,11,1,75.0,37.0
3,candidato_selecionado,OK,0.8761750710728499,13.866469816272966,178.0,219.0,1.2303370786516854,28715.0,12,11,1,75.0,37.0
4,candidato_selecionado,OK,0.8761723159936127,13.866469816272966,178.0,219.0,1.2303370786516854,28716.0,12,11,1,75.0,37.0
5,candidato_selecionado,OK,0.8761936976858885,13.866469816272966,178.0,219.0,1.2303370786516854,28716.0,12,11,1,75.0,37.0
6,candidato_selecionado,OK,0.8764660903938195,13.865530303030303,178.0,219.0,1.2303370786516854,28727.0,12,11,1,75.0,37.0
7,candidato_selecionado,OK,0.876389642568035,13.849899598393575,178.0,219.0,1.2303370786516854,28725.0,12,11,1,75.0,37.0
8,candidato_selecionado,OK,0.8770291836734871,13.8500499001996,178.0,218.0,1.2247191011235956,28710.0,12,11,1,75.0,37.0
9,candidato_selecionado,OK,0.8768874936065665,13.880291005291006,178.0,218.0,1.2247191011235956,28707.5,12,11,1,75.0,37.0
10,candidato_selecionado,OK,0.8742761023569962,13.881690997566912,178.0,220.0,1.2359550561797752,28705.0,12,11,1,75.0,37.0
11,candidato_selecionado,OK,0.8740296516910118,13.883024691358024,178.0,220.0,1.2359550561797752,28702.0,12,11,1,75.0,37.0
12,candidato_selecionado,OK,0.8718549932711521,13.8972816399287,178.0,222.0,1.247191011235955,28715.5,12,11,1,75.0,37.0
13,candidato_selecionado,OK,0.872151077035576,13.898333333333333,178.0,222.0,1.247191011235955,28722.5,12,11,1,75.0,37.0
14,candidato_selecionado,OK,0.8736613727190984,13.897099447513812,178.0,221.0,1.2415730337078652,28713.5,12,11,1,75.0,37.0
15,candidato_selecionado,OK,0.873416734081582,13.897128060263654,178.0,221.0,1.2415730337078652,28720.0,12,11,1,75.0,37.0
16,candidato_selecionado,OK,0.8760465531711961,13.88001253132832,178.0,219.0,1.2303370786516854,28706.0,12,11,1,75.0,37.0
17,candidato_selecionado,OK,0.8750489006564042,13.897970085470085,178.0,220.0,1.2359550561797752,28728.5,13,12,1,75.0,37.0
18,candidato_selecionado,OK,0.8751196711320548,13.896306818181818,178.0,220.0,1.2359550561797752,28720.0,12,11,1,75.0,37.0
19,candidato_selecionado,OK,0.8752985652353992,13.894864341085272,178.0,220.0,1.2359550561797752,28722.0,12,11,1,75.0,37.0
20,candidato_selecionado,OK,0.8762106864403721,13.894864341085272,178.0,219.0,1.2303370786516854,28723.5,13,12,1,75.0,37.0
21,candidato_selecionado,OK,0.8765881489115309,13.894980506822613,178.0,219.0,1.2303370786516854,28741.5,13,12,1,75.0,37.0
22,candidato_selecionado,OK,0.875096163729613,13.884057971014492,178.0,220.0,1.2359550561797752,28716.0,12,11,1,75.0,37.0
23,candidato_selecionado,OK,0.8758871613122683,13.895459081836327,178.0,219.0,1.2303370786516854,28711.0,13,12,1,75.0,37.0
24,candidato_selecionado,OK,0.8763673156183138,13.895459081836327,178.0,218.0,1.2247191011235956,28715.0,12,11,1,75.0,37.0
25,candidato_selecionado,OK,0.8772702161584625,13.895459081836327,178.0,217.0,1.2191011235955056,28707.5,12,11,1,75.0,37.0
26,candidato_selecionado,OK,0.877210568370115,13.895459081836327,178.0,217.0,1.2191011235955056,28715.0,12,11,1,75.0,37.0
27,candidato_selecionado,OK,0.8769762974432338,13.895459081836327,178.0,217.0,1.2191011235955056,28713.0,12,11,1,75.0,37.0
28,candidato_selecionado,OK,0.8766453335978985,13.881127450980392,178.0,218.0,1.2247191011235956,28733.5,12,11,1,75.0,37.0
29,candidato_selecionado,OK,0.8758471818690005,13.87948717948718,178.0,219.0,1.2303370786516854,28745.5,12,11,1,75.0,37.0
30,candidato_selecionado,OK,0.8758314609628117,13.878731343283583,178.0,219.0,1.2303370786516854,28750.5,12,11,1,75.0,37.0
31,candidato_selecionado,OK,0.8755415099104815,13.895459081836327,178.0,219.0,1.2303370786516854,28754.0,12,11,1,75.0,37.0
32,candidato_selecionado,OK,0.8749955468254991,13.88432400932401,178.0,219.0,1.2303370786516854,28742.0,12,11,1,75.0,37.0
33,candidato_selecionado,OK,0.8756295375027492,13.878731343283583,178.0,219.0,1.2303370786516854,28728.0,12,11,1,75.0,37.0
34,candidato_selecionado,OK,0.8761282043314984,13.88527397260274,178.0,219.0,1.2303370786516854,28739.5,12,11,1,75.0,37.0
35,candidato_selecionado,OK,0.8765582518950381,13.903520499108735,178.0,219.0,1.2303370786516854,28754.5,12,11,1,75.0,37.0
36,candidato_selecionado,OK,0.8752317633557697,13.902472527472527,178.0,219.0,1.2303370786516854,28715.0,12,11,1,75.0,37.0
37,candidato_selecionado,OK,0.8754538158572233,13.884456264775414,178.0,219.0,1.2303370786516854,28719.5,12,11,1,75.0,37.0
38,candidato_selecionado,OK,0.8753973528114926,13.875,178.0,219.0,1.2303370786516854,28712.5,12,11,1,75.0,37.0
39,candidato_selecionado,OK,0.875612278844029,13.88001253132832,178.0,219.0,1.2303370786516854,28734.0,12,11,1,75.0,37.0
40,candidato_selecionado,OK,0.8744829889277614,13.895430107526883,178.0,220.0,1.2359550561797752,28729.5,12,11,1,75.0,37.0
41,candidato_selecionado,OK,0.8742858830586376,13.901493256262043,178.0,220.0,1.2359550561797752,28731.0,12,11,1,75.0,37.0
42,candidato_selecionado,OK,0.8743465825253472,13.901493256262043,178.0,220.0,1.2359550561797752,28729.0,12,11,1,75.0,37.0
43,candidato_selecionado,OK,0.8742279145367698,13.880681818181818,178.0,220.0,1.2359550561797752,28722.5,12,11,1,75.0,37.0
44,candidato_selecionado,OK,0.873214987047852,13.878731343283583,178.0,221.0,1.2415730337078652,28729.0,12,11,1,75.0,37.0
45,candidato_selecionado,OK,0.8730541442752403,13.875,178.0,221.0,1.2415730337078652,28740.0,12,11,1,75.0,37.0
46,candidato_selecionado,OK,0.8729645881419547,13.875,178.0,221.0,1.2415730337078652,28744.5,12,11,1,75.0,37.0
47,candidato_selecionado,OK,0.8726792146743624,13.872685185185185,178.0,222.0,1.247191011235955,28757.0,12,11,1,75.0,37.0
48,candidato_selecionado,OK,0.8725848754606532,13.872685185185185,178.0,222.0,1.247191011235955,28761.5,12,11,1,75.0,37.0
49,candidato_selecionado,OK,0.8727676399726726,13.87820512820513,178.0,222.0,1.247191011235955,28763.5,12,11,1,75.0,37.0
50,candidato_selecionado,OK,0.8724137684074343,13.87820512820513,178.0,222.0,1.247191011235955,28756.0,12,11,1,75.0,37.0
51,candidato_selecionado,OK,0.8734111496298138,13.878229974160206,178.0,221.0,1.2415730337078652,28749.5,12,11,1,75.0,37.0
52,candidato_selecionado,OK,0.8733869171012039,13.878229974160206,178.0,221.0,1.2415730337078652,28753.5,12,11,1,75.0,37.0
53,candidato_selecionado,OK,0.873442303514619,13.878229974160206,178.0,221.0,1.2415730337078652,28754.5,12,11,1,75.0,37.0
54,candidato_selecionado,OK,0.8737623701246153,13.883865248226952,178.0,221.0,1.2415730337078652,28753.5,12,11,1,75.0,37.0
55,candidato_selecionado,OK,0.8755218406352041,13.883865248226952,178.0,219.0,1.2303370786516854,28753.0,13,12,1,75.0,37.0
56,candidato_selecionado,OK,0.8749343690688817,13.894392033542978,178.0,220.0,1.2359550561797752,28762.0,12,11,1,75.0,37.0
57,candidato_selecionado,OK,0.8736518990099876,13.894392033542978,178.0,221.0,1.2415730337078652,28768.5,12,11,1,75.0,37.0
58,candidato_selecionado,OK,0.8748152062071531,13.903985507246377,178.0,220.0,1.2359550561797752,28760.0,12,11,1,75.0,37.0
59,candidato_selecionado,OK,0.8747470337705822,13.903985507246377,178.0,220.0,1.2359550561797752,28772.5,12,11,1,75.0,37.0
60,candidato_selecionado,OK,0.8733239868705229,13.904465930018416,178.0,221.0,1.2415730337078652,28773.5,12,11,1,75.0,37.0
61,candidato_selecionado,OK,0.8735549955965245,13.902938342967245,178.0,221.0,1.2415730337078652,28773.5,12,11,1,75.0,37.0
62,candidato_selecionado,OK,0.8734645939457064,13.902938342967245,178.0,221.0,1.2415730337078652,28758.5,12,11,1,75.0,37.0
63,candidato_selecionado,OK,0.8740779870606468,13.902938342967245,178.0,220.0,1.2359550561797752,28750.5,13,12,1,75.0,37.0
64,candidato_selecionado,OK,0.8731166311640849,13.883992805755396,178.0,221.0,1.2415730337078652,28746.0,13,12,1,75.0,37.0
65,candidato_selecionado,OK,0.8730768909062566,13.878180661577609,178.0,221.0,1.2415730337078652,28743.0,13,12,1,75.0,37.0
66,candidato_selecionado,OK,0.8735353188910399,13.878180661577609,178.0,221.0,1.2415730337078652,28739.0,13,12,1,75.0,37.0
67,candidato_selecionado,OK,0.8736213533906955,13.894151138716355,178.0,221.0,1.2415730337078652,28738.0,12,11,1,75.0,37.0
68,candidato_selecionado,OK,0.8743615829526054,13.894151138716355,178.0,220.0,1.2359550561797752,28723.5,12,11,1,75.0,37.0
69,candidato_selecionado,OK,0.8742680125571757,13.894151138716355,178.0,220.0,1.2359550561797752,28729.0,12,11,1,75.0,37.0
70,candidato_selecionado,OK,0.8745403662101704,13.894151138716355,178.0,220.0,1.2359550561797752,28739.0,13,12,1,75.0,37.0
71,candidato_selecionado,OK,0.8724588279849623,13.877645502645501,178.0,222.0,1.247191011235955,28746.5,12,11,1,75.0,37.0
72,candidato_selecionado,OK,0.8732847374397057,13.877645502645501,178.0,221.0,1.2415730337078652,28741.0,12,11,1,75.0,37.0
73,candidato_selecionado,OK,0.8730763890034656,13.877645502645501,178.0,221.0,1.2415730337078652,28743.0,12,11,1,75.0,37.0
74,candidato_selecionado,OK,0.8732871310788645,13.877544529262087,178.0,221.0,1.2415730337078652,28746.0,13,12,1,75.0,37.0
75,candidato_selecionado,OK,0.8740082142712666,13.883741258741258,178.0,221.0,1.2415730337078652,28757.5,12,11,1,75.0,37.0
76,candidato_selecionado,OK,0.8734246203687754,13.883928571428571,178.0,221.0,1.2415730337078652,28749.0,12,11,1,75.0,37.0
77,candidato_selecionado,OK,0.8739486068963138,13.885919540229885,178.0,221.0,1.2415730337078652,28712.5,12,11,1,75.0,37.0
78,candidato_selecionado,OK,0.8738305377520355,13.885919540229885,178.0,221.0,1.2415730337078652,28739.5,12,11,1,75.0,37.0
79,candidato_selecionado,OK,0.8735088864936242,13.885919540229885,178.0,221.0,1.2415730337078652,28734.5,12,11,1,75.0,37.0
80,candidato_selecionado,OK,0.8748586302060237,13.889583333333334,178.0,220.0,1.2359550561797752,28737.5,12,11,1,75.0,37.0
81,candidato_selecionado,OK,0.8742155576074475,13.889583333333334,178.0,220.0,1.2359550561797752,28762.0,12,11,1,75.0,37.0
82,candidato_selecionado,OK,0.8723519969458012,13.862745098039214,178.0,222.0,1.247191011235955,28762.0,12,11,1,75.0,37.0
83,candidato_selecionado,OK,0.8733718041323173,13.889583333333334,178.0,221.0,1.2415730337078652,28741.0,12,11,1,75.0,37.0
84,candidato_selecionado,OK,0.8739048007227608,13.889583333333334,178.0,221.0,1.2415730337078652,28758.0,12,11,1,75.0,37.0
85,candidato_selecionado,OK,0.8737126703196153,13.880725190839696,178.0,221.0,1.2415730337078652,28766.0,12,11,1,75.0,37.0
86,candidato_selecionado,OK,0.8738073411623931,13.887693156732892,178.0,221.0,1.2415730337078652,28756.0,12,11,1,75.0,37.0
87,candidato_selecionado,OK,0.8735114469784526,13.894791666666668,178.0,221.0,1.2415730337078652,28750.5,12,11,1,75.0,37.0
88,candidato_selecionado,OK,0.8736631723212457,13.880681818181818,178.0,221.0,1.2415730337078652,28750.0,12,11,1,75.0,37.0
89,candidato_selecionado,OK,0.8747831318288916,13.880681818181818,178.0,220.0,1.2359550561797752,28740.0,12,11,1,75.0,37.0
90,candidato_selecionado,OK,0.8745053896272735,13.883680555555555,178.0,220.0,1.2359550561797752,28727.0,12,11,1,75.0,37.0
91,candidato_selecionado,OK,0.8732658572609747,13.887693156732892,178.0,221.0,1.2415730337078652,28746.5,12,11,1,75.0,37.0
92,candidato_selecionado,OK,0.8734420885445103,13.887693156732892,178.0,221.0,1.2415730337078652,28750.0,12,11,1,75.0,37.0
93,candidato_selecionado,OK,0.8722694484817256,13.887693156732892,178.0,222.0,1.247191011235955,28758.5,12,11,1,75.0,37.0
94,candidato_selecionado,OK,0.8727652861848542,13.887693156732892,178.0,222.0,1.247191011235955,28767.5,12,11,1,75.0,37.0
95,candidato_selecionado,OK,0.8729903979990504,13.887527233115469,178.0,222.0,1.247191011235955,28765.0,12,11,1,75.0,37.0
96,candidato_selecionado,OK,0.8727439958330294,13.895042194092825,178.0,222.0,1.247191011235955,28762.5,12,11,1,75.0,37.0
97,candidato_selecionado,OK,0.8724729954151473,13.88736559139785,178.0,222.0,1.247191011235955,28766.5,12,11,1,75.0,37.0
98,candidato_selecionado,OK,0.87210057993124,13.883158508158509,178.0,222.0,1.247191011235955,28747.5,12,11,1,75.0,37.0
99,candidato_selecionado,OK,0.8724331052281922,13.895042194092825,178.0,222.0,1.247191011235955,28765.5,12,11,1,75.0,37.0
100,candidato_selecionado,OK,0.8723334009824977,13.885698198198199,178.0,222.0,1.247191011235955,28752.0,12,11,1,75.0,37.0
101,candidato_selecionado,OK,0.8722692957729994,13.885698198198199,178.0,222.0,1.247191011235955,28757.5,12,11,1,75.0,37.0
102,candidato_selecionado,OK,0.8733083491614253,13.885626398210292,178.0,221.0,1.2415730337078652,28747.0,12,11,1,75.0,37.0
103,candidato_selecionado,OK,0.8731301903682316,13.878846153846155,178.0,221.0,1.2415730337078652,28742.0,12,11,1,75.0,37.0
104,candidato_selecionado,OK,0.8732080109406808,13.865267639902676,178.0,221.0,1.2415730337078652,28733.0,12,11,1,75.0,37.0
105,candidato_selecionado,OK,0.8745696892279695,13.865267639902676,178.0,220.0,1.2359550561797752,28722.5,12,11,1,75.0,37.0
106,candidato_selecionado,OK,0.8735022359309635,13.879289215686276,178.0,221.0,1.2415730337078652,28731.5,12,11,1,75.0,37.0
107,candidato_selecionado,OK,0.8742326233086697,13.885626398210292,178.0,220.0,1.2359550561797752,28745.5,12,11,1,75.0,37.0
108,candidato_selecionado,OK,0.8721092028976483,13.885626398210292,178.0,222.0,1.247191011235955,28758.0,12,11,1,75.0,37.0
109,candidato_selecionado,OK,0.8724666570858453,13.87881679389313,178.0,222.0,1.247191011235955,28765.5,12,11,1,75.0,37.0
110,candidato_selecionado,OK,0.8737108051334845,13.87881679389313,178.0,220.0,1.2359550561797752,28733.5,12,11,1,75.0,37.0
111,candidato_selecionado,OK,0.8730184214057404,13.87881679389313,178.0,221.0,1.2415730337078652,28748.5,12,11,1,75.0,37.0
112,candidato_selecionado,OK,0.8737904284326374,13.87881679389313,178.0,220.0,1.2359550561797752,28719.0,13,12,1,75.0,37.0
113,candidato_selecionado,OK,0.8745437632255486,13.87881679389313,178.0,220.0,1.2359550561797752,28744.5,13,12,1,75.0,37.0
114,candidato_selecionado,OK,0.8752169196200794,13.885626398210292,178.0,220.0,1.2359550561797752,28761.0,13,12,1,75.0,37.0
115,candidato_selecionado,OK,0.8740735249652443,13.889583333333334,178.0,221.0,1.2415730337078652,28767.5,12,11,1,75.0,37.0
116,candidato_selecionado,OK,0.8732313460617791,13.889583333333334,178.0,222.0,1.247191011235955,28772.5,12,11,1,75.0,37.0
117,candidato_selecionado,OK,0.8740098132441301,13.864974937343357,178.0,221.0,1.2415730337078652,28761.5,12,11,1,75.0,37.0
118,candidato_selecionado,OK,0.8729743485003111,13.86489898989899,178.0,222.0,1.247191011235955,28758.0,12,11,1,75.0,37.0
119,candidato_selecionado,OK,0.8729577811413727,13.889583333333334,178.0,222.0,1.247191011235955,28761.0,13,12,1,75.0,37.0
120,candidato_selecionado,OK,0.8740059261989968,13.897633744855966,178.0,221.0,1.2415730337078652,28764.0,12,11,1,75.0,37.0
121,candidato_selecionado,OK,0.8736340109324299,13.897633744855966,178.0,221.0,1.2415730337078652,28746.0,12,11,1,75.0,37.0
122,candidato_selecionado,OK,0.8722926979177785,13.897633744855966,178.0,222.0,1.247191011235955,28746.0,12,11,1,75.0,37.0
123,candidato_selecionado,OK,0.8724890882216141,13.897633744855966,178.0,222.0,1.247191011235955,28753.0,12,11,1,75.0,37.0
124,candidato_selecionado,OK,0.873043823920358,13.897633744855966,178.0,222.0,1.247191011235955,28753.0,12,11,1,75.0,37.0
125,candidato_selecionado,OK,0.872624887513177,13.889583333333334,178.0,222.0,1.247191011235955,28736.0,12,11,1,75.0,37.0
126,candidato_selecionado,OK,0.8725794496682088,13.865123456790123,178.0,222.0,1.247191011235955,28740.0,12,11,1,75.0,37.0
127,candidato_selecionado,OK,0.8740866595264202,13.865338164251208,178.0,221.0,1.2415730337078652,28756.0,12,11,1,75.0,37.0
128,candidato_selecionado,OK,0.8747957214681206,13.865049751243781,178.0,220.0,1.2359550561797752,28732.0,13,12,1,75.0,37.0
129,candidato_selecionado,OK,0.8736814651040359,13.862136465324385,178.0,221.0,1.2415730337078652,28730.5,12,11,1,75.0,37.0
130,candidato_selecionado,OK,0.8737258394822314,13.862136465324385,178.0,221.0,1.2415730337078652,28729.5,12,11,1,75.0,37.0
131,candidato_selecionado,OK,0.8739359141114356,13.862136465324385,178.0,221.0,1.2415730337078652,28728.5,12,11,1,75.0,37.0
132,candidato_selecionado,OK,0.8739675061188661,13.862136465324385,178.0,221.0,1.2415730337078652,28736.5,13,12,1,75.0,37.0
133,candidato_selecionado,OK,0.8737910460708064,13.862222222222222,178.0,221.0,1.2415730337078652,28738.5,14,13,1,75.0,37.0
134,candidato_selecionado,OK,0.8741085721014951,13.862222222222222,178.0,221.0,1.2415730337078652,28744.0,12,11,1,75.0,37.0
135,candidato_selecionado,OK,0.8730847325895275,13.883215962441314,178.0,222.0,1.247191011235955,28739.5,12,11,1,75.0,37.0
136,candidato_selecionado,OK,0.8726671452856385,13.883158508158509,178.0,222.0,1.247191011235955,28750.0,12,11,1,75.0,37.0
137,candidato_selecionado,OK,0.8726733529645716,13.882990867579908,178.0,222.0,1.247191011235955,28746.0,13,12,1,75.0,37.0
138,candidato_selecionado,OK,0.8727880526899527,13.882990867579908,178.0,222.0,1.247191011235955,28748.5,12,11,1,75.0,37.0
139,candidato_selecionado,OK,0.8746481664899081,13.896472392638037,178.0,220.0,1.2359550561797752,28735.5,12,11,1,75.0,37.0
140,candidato_selecionado,OK,0.8743240737714161,13.88720806794055,178.0,220.0,1.2359550561797752,28741.0,12,11,1,75.0,37.0
141,candidato_selecionado,OK,0.8732985690852657,13.865049751243781,178.0,221.0,1.2415730337078652,28750.0,12,11,1,75.0,37.0
142,candidato_selecionado,OK,0.8735245948230226,13.86474358974359,178.0,221.0,1.2415730337078652,28752.0,12,11,1,75.0,37.0
143,candidato_selecionado,OK,0.8734479214547217,13.887286324786324,178.0,221.0,1.2415730337078652,28763.0,13,12,1,75.0,37.0
144,candidato_selecionado,OK,0.8738999837281689,13.887286324786324,178.0,221.0,1.2415730337078652,28764.0,13,12,1,75.0,37.0
145,candidato_selecionado,OK,0.8724540857243914,13.887286324786324,178.0,222.0,1.247191011235955,28740.5,13,12,1,75.0,37.0
146,candidato_selecionado,OK,0.8728637957407046,13.887286324786324,178.0,222.0,1.247191011235955,28728.5,13,12,1,75.0,37.0
147,candidato_selecionado,OK,0.8740669388802396,13.896849593495935,178.0,221.0,1.2415730337078652,28757.5,14,13,1,75.0,37.0
148,candidato_selecionado,OK,0.872919527451375,13.896849593495935,178.0,222.0,1.247191011235955,28781.5,13,12,1,75.0,37.0
149,candidato_selecionado,OK,0.8717662968083617,13.896212121212121,178.0,223.0,1.252808988764045,28778.0,13,12,1,75.0,37.0
150,candidato_selecionado,OK,0.8720686608799606,13.896212121212121,178.0,223.0,1.252808988764045,28768.5,13,12,1,75.0,37.0
151,candidato_selecionado,OK,0.8714568590345594,13.8969836400818,178.0,223.0,1.252808988764045,28753.5,14,13,1,75.0,37.0
152,candidato_selecionado,OK,0.8727592139782879,13.8969836400818,178.0,222.0,1.247191011235955,28761.0,13,12,1,75.0,37.0
153,candidato_selecionado,OK,0.8718948817629849,13.903084714548804,178.0,223.0,1.252808988764045,28768.0,13,12,1,75.0,37.0
154,candidato_selecionado,OK,0.8749459216023482,13.903084714548804,178.0,220.0,1.2359550561797752,28762.0,13,12,1,75.0,37.0
155,candidato_selecionado,OK,0.8745246094831819,13.903084714548804,178.0,220.0,1.2359550561797752,28763.5,13,12,1,75.0,37.0
156,candidato_selecionado,OK,0.8741600972506173,13.903084714548804,178.0,221.0,1.2415730337078652,28785.0,13,12,1,75.0,37.0
157,candidato_selecionado,OK,0.8729764578408098,13.886986301369864,178.0,222.0,1.247191011235955,28758.5,13,12,1,75.0,37.0
158,candidato_selecionado,OK,0.872939660477945,13.886904761904761,178.0,222.0,1.247191011235955,28786.0,13,12,1,75.0,37.0
159,candidato_selecionado,OK,0.8723960344103401,13.887152777777779,178.0,222.0,1.247191011235955,28768.0,13,12,1,75.0,37.0
160,candidato_selecionado,OK,0.8740500070317643,13.887152777777779,178.0,221.0,1.2415730337078652,28776.0,13,12,1,75.0,37.0
161,candidato_selecionado,OK,0.8737636978710466,13.887152777777779,178.0,221.0,1.2415730337078652,28766.0,13,12,1,75.0,37.0
162,candidato_selecionado,OK,0.8739381600176648,13.887152777777779,178.0,221.0,1.2415730337078652,28763.0,13,12,1,75.0,37.0
163,candidato_selecionado,OK,0.8739501817530917,13.887152777777779,178.0,221.0,1.2415730337078652,28766.0,13,12,1,75.0,37.0
164,candidato_selecionado,OK,0.8736744952361801,13.887152777777779,178.0,221.0,1.2415730337078652,28774.5,13,12,1,75.0,37.0
165,candidato_selecionado,OK,0.8737560116413492,13.887152777777779,178.0,221.0,1.2415730337078652,28750.0,13,12,1,75.0,37.0
166,candidato_selecionado,OK,0.8735120469569156,13.882850241545894,178.0,221.0,1.2415730337078652,28752.5,13,12,1,75.0,37.0
167,candidato_selecionado,OK,0.8740573063250413,13.886904761904761,178.0,221.0,1.2415730337078652,28734.0,13,12,1,75.0,37.0
168,candidato_selecionado,OK,0.8735458771895032,13.886904761904761,178.0,221.0,1.2415730337078652,28760.5,13,12,1,75.0,37.0
169,candidato_selecionado,OK,0.8734791719811948,13.886824324324325,178.0,221.0,1.2415730337078652,28780.5,13,12,1,75.0,37.0
170,candidato_selecionado,OK,0.8737020649979098,13.886744966442953,178.0,221.0,1.2415730337078652,28781.5,13,12,1,75.0,37.0
171,candidato_selecionado,OK,0.8734561325035236,13.886744966442953,178.0,221.0,1.2415730337078652,28769.0,13,12,1,75.0,37.0
172,candidato_selecionado,OK,0.8735995909241931,13.884703196347033,178.0,221.0,1.2415730337078652,28769.5,13,12,1,75.0,37.0
173,candidato_selecionado,OK,0.8724615740819777,13.884703196347033,178.0,222.0,1.247191011235955,28768.5,12,11,1,75.0,37.0
174,candidato_selecionado,OK,0.8727814109790181,13.886824324324325,178.0,222.0,1.247191011235955,28776.5,12,11,1,75.0,37.0
175,candidato_selecionado,OK,0.8741115479095175,13.886824324324325,178.0,221.0,1.2415730337078652,28778.5,12,11,1,75.0,37.0
176,candidato_selecionado,OK,0.8749584047120753,13.897088353413656,178.0,220.0,1.2359550561797752,28778.0,12,11,1,75.0,37.0
177,candidato_selecionado,OK,0.875063155157681,13.886824324324325,178.0,220.0,1.2359550561797752,28753.0,12,11,1,75.0,37.0
178,candidato_selecionado,OK,0.8750942488689214,13.886824324324325,178.0,220.0,1.2359550561797752,28751.0,12,11,1,75.0,37.0
179,candidato_selecionado,OK,0.8737470521179832,13.885119047619048,178.0,221.0,1.2415730337078652,28761.5,12,11,1,75.0,37.0
180,candidato_selecionado,OK,0.8740269329816818,13.885119047619048,178.0,220.0,1.2359550561797752,28738.0,12,11,1,75.0,37.0
181,candidato_selecionado,OK,0.8740525990500166,13.866007194244604,178.0,220.0,1.2359550561797752,28737.0,12,11,1,75.0,37.0
182,candidato_selecionado,OK,0.8730443328471796,13.866007194244604,178.0,221.0,1.2415730337078652,28739.5,12,11,1,75.0,37.0
183,candidato_selecionado,OK,0.8752482276374152,13.88490675990676,178.0,219.0,1.2303370786516854,28736.5,12,11,1,75.0,37.0
184,candidato_selecionado,OK,0.8742672452373246,13.864974937343357,178.0,220.0,1.2359550561797752,28757.0,12,11,1,75.0,37.0
185,candidato_selecionado,OK,0.8741675360290101,13.883680555555555,178.0,220.0,1.2359550561797752,28734.0,12,11,1,75.0,37.0
186,candidato_selecionado,OK,0.8742236287803543,13.883680555555555,178.0,220.0,1.2359550561797752,28735.0,12,11,1,75.0,37.0
187,candidato_selecionado,OK,0.8754122759969041,13.865267639902676,178.0,219.0,1.2303370786516854,28734.5,12,11,1,75.0,37.0
188,candidato_selecionado,OK,0.8746505690027941,13.865267639902676,178.0,220.0,1.2359550561797752,28744.0,12,11,1,75.0,37.0
189,candidato_selecionado,OK,0.8746338112591804,13.883680555555555,178.0,220.0,1.2359550561797752,28757.5,12,11,1,75.0,37.0
190,candidato_selecionado,OK,0.8743153877435127,13.883680555555555,178.0,220.0,1.2359550561797752,28749.0,12,11,1,75.0,37.0
191,candidato_selecionado,OK,0.8742841638976854,13.883680555555555,178.0,220.0,1.2359550561797752,28750.0,12,11,1,75.0,37.0
192,candidato_selecionado,OK,0.8748169376982275,13.88490675990676,178.0,220.0,1.2359550561797752,28768.0,13,12,1,75.0,37.0
193,candidato_selecionado,OK,0.8749835429430115,13.865196078431373,178.0,220.0,1.2359550561797752,28767.0,13,12,1,75.0,37.0
194,candidato_selecionado,OK,0.8748189058716784,13.865267639902676,178.0,220.0,1.2359550561797752,28755.5,12,11,1,75.0,37.0
195,candidato_selecionado,OK,0.8758216004080295,13.865267639902676,178.0,219.0,1.2303370786516854,28750.0,13,12,1,75.0,37.0
196,candidato_selecionado,OK,0.8738000708525373,13.88490675990676,178.0,221.0,1.2415730337078652,28755.5,12,11,1,75.0,37.0
197,candidato_selecionado,OK,0.8735709195442376,13.884837962962962,178.0,221.0,1.2415730337078652,28758.5,12,11,1,75.0,37.0
198,candidato_selecionado,OK,0.8748276168698761,13.88490675990676,178.0,220.0,1.2359550561797752,28753.0,12,11,1,75.0,37.0
199,candidato_selecionado,OK,0.8738856912236337,13.88490675990676,178.0,221.0,1.2415730337078652,28770.5,12,11,1,75.0,37.0
200,candidato_selecionado,OK,0.8745034867975832,13.88490675990676,178.0,220.0,1.2359550561797752,28770.0,12,11,1,75.0,37.0
201,candidato_selecionado,OK,0.8745530807170823,13.88490675990676,178.0,220.0,1.2359550561797752,28774.5,12,11,1,75.0,37.0
202,candidato_selecionado,OK,0.8723982730490345,13.884837962962962,178.0,222.0,1.247191011235955,28775.0,12,11,1,75.0,37.0
203,candidato_selecionado,OK,0.8723543692033987,13.867307692307692,178.0,222.0,1.247191011235955,28774.0,12,11,1,75.0,37.0
204,candidato_selecionado,OK,0.8727803272678823,13.867125984251969,178.0,222.0,1.247191011235955,28772.5,12,11,1,75.0,37.0
205,candidato_selecionado,OK,0.8728291843124764,13.867125984251969,178.0,222.0,1.247191011235955,28776.0,13,12,1,75.0,37.0
206,candidato_selecionado,OK,0.8728153670958633,13.867125984251969,178.0,222.0,1.247191011235955,28770.0,13,12,1,75.0,37.0
207,candidato_selecionado,OK,0.8739502620117142,13.861666666666666,178.0,221.0,1.2415730337078652,28769.0,13,12,1,75.0,37.0
208,candidato_selecionado,OK,0.8744836869450293,13.884456264775414,178.0,221.0,1.2415730337078652,28760.0,13,12,1,75.0,37.0
209,candidato_selecionado,OK,0.8727734455555646,13.884523809523811,178.0,222.0,1.247191011235955,28753.5,13,12,1,75.0,37.0
210,candidato_selecionado,OK,0.8730581237038294,13.884523809523811,178.0,222.0,1.247191011235955,28772.0,13,12,1,75.0,37.0
211,candidato_selecionado,OK,0.8729605577373915,13.882407407407408,178.0,222.0,1.247191011235955,28771.5,14,13,1,75.0,37.0
212,candidato_selecionado,OK,0.8720214064311006,13.88296568627451,178.0,223.0,1.252808988764045,28774.5,13,12,1,75.0,37.0
213,candidato_selecionado,OK,0.8728991535787315,13.88296568627451,178.0,222.0,1.247191011235955,28778.5,13,12,1,75.0,37.0
214,candidato_selecionado,OK,0.8728084639775647,13.88296568627451,178.0,222.0,1.247191011235955,28775.5,13,12,1,75.0,37.0
215,candidato_selecionado,OK,0.8727797347558898,13.88296568627451,178.0,222.0,1.247191011235955,28762.0,13,12,1,75.0,37.0
216,candidato_selecionado,OK,0.8715964364608565,13.88296568627451,178.0,223.0,1.252808988764045,28763.0,12,11,1,75.0,37.0
217,candidato_selecionado,OK,0.8732282462173816,13.882793764988008,178.0,221.0,1.2415730337078652,28730.5,12,11,1,75.0,37.0
218,candidato_selecionado,OK,0.8734006603915913,13.882793764988008,178.0,221.0,1.2415730337078652,28752.5,12,11,1,75.0,37.0
219,candidato_selecionado,OK,0.8730239541649994,13.867125984251969,178.0,221.0,1.2415730337078652,28734.0,11,10,1,75.0,37.0
220,candidato_selecionado,OK,0.8736688445999797,13.897334740809656,178.0,221.0,1.2415730337078652,28744.0,11,10,1,75.0,37.0
221,candidato_selecionado,OK,0.8734051430166453,13.88769907925843,178.0,221.0,1.2415730337078652,28722.0,11,10,1,75.0,37.0
222,candidato_selecionado,OK,0.8736499993813207,13.868732885957806,178.0,221.0,1.2415730337078652,28721.0,11,10,1,75.0,37.0
223,candidato_selecionado,OK,0.8771868605844549,13.851652807265864,178.0,218.0,1.2247191011235956,28705.0,11,10,1,75.0,37.0
224,candidato_selecionado,OK,0.8778233613208181,13.896825396825397,178.0,217.0,1.2191011235955056,28699.5,11,10,1,75.0,37.0
225,candidato_selecionado,OK,0.8768267809702146,13.920060153691105,179.0,217.0,1.2122905027932962,28730.5,11,10,1,75.0,37.0
226,candidato_selecionado,OK,0.8769020910198098,13.906072695035462,179.0,217.0,1.2122905027932962,28720.0,12,11,1,75.0,37.0
227,candidato_selecionado,OK,0.8761959919778214,13.94915538919282,179.0,219.0,1.223463687150838,28765.5,12,11,1,75.0,37.0
228,candidato_selecionado,OK,0.8765779679949323,13.940615313730419,179.0,219.0,1.223463687150838,28797.5,11,10,1,75.0,37.0
229,candidato_selecionado,OK,0.8772584938472047,14.000634517766498,179.0,219.0,1.223463687150838,28827.0,10,9,1,75.0,37.0
230,candidato_selecionado,OK,0.8773264045425182,14.046948356807512,180.0,219.0,1.2166666666666666,28914.5,12,11,1,75.0,37.0
231,candidato_selecionado,OK,0.8767536877711374,14.105420239503252,181.0,219.0,1.2099447513812154,28994.5,12,11,1,75.0,37.0
232,candidato_selecionado,OK,0.8798805618313151,14.183285163776494,182.0,216.0,1.1868131868131868,29119.5,11,10,1,75.0,37.0
233,candidato_selecionado,OK,0.8810885211479647,14.318565400843882,183.0,216.0,1.180327868852459,29308.5,11,10,1,75.0,36.0
234,candidato_selecionado,OK,0.8818087711837654,14.452564102564102,185.0,216.0,1.1675675675675676,29420.0,11,10,1,75.0,37.0
235,candidato_selecionado,OK,0.8856131669253321,14.666666666666666,187.0,213.0,1.13903743315508,29719.5,12,11,1,75.0,37.0
236,candidato_selecionado,OK,0.8828450838322999,14.915866346538616,191.0,213.0,1.1151832460732984,30095.5,13,12,1,75.0,37.0
237,candidato_selecionado,OK,0.8872057974640496,15.265295358649789,194.0,212.0,1.092783505154639,30434.0,12,11,1,75.0,37.0
238,candidato_selecionado,OK,0.8856843985739848,15.69683908045977,200.0,210.0,1.05,30967.0,11,10,1,75.0,39.0
239,candidato_selecionado,OK,0.8831272771656911,16.27217207262342,206.0,202.0,0.9805825242718447,31003.0,11,10,1,75.0,40.0
240,candidato_selecionado,OK,0.8773542872915342,17.08514492753623,202.0,186.0,0.9207920792079208,27629.5,13,12,1,75.0,41.0
241,candidato_selecionado,OK,0.9279360159775347,18.14672619047619,172.0,184.0,1.069767441860465,24154.5,14,13,1,75.0,44.0
242,candidato_selecionado,OK,0.9317559467364822,19.549603174603174,170.0,183.0,1.076470588235294,23376.5,12,11,1,75.0,47.0
243,candidato_selecionado,OK,0.9281546830279507,23.341614676173503,186.0,183.0,0.9838709677419355,23678.5,11,10,1,75.0,47.0
244,candidato_selecionado,OK,0.967077776583277,23.50016534391534,187.0,184.0,0.983957219251337,26564.5,9,8,1,75.0,39.0
245,candidato_selecionado,OK,0.9688170558436893,23.571614583333332,187.0,185.0,0.9893048128342246,26713.5,11,10,1,75.0,38.0
246,candidato_selecionado,OK,0.9671468544156776,23.594375,188.0,185.0,0.9840425531914894,26744.5,11,10,1,75.0,39.0
247,candidato_selecionado,OK,0.9666483808789237,23.59017094017094,189.0,185.0,0.9788359788359788,26835.0,11,10,1,75.0,38.0
248,candidato_selecionado,OK,0.9658745272342758,23.52514880952381,188.0,185.0,0.9840425531914894,26676.0,14,13,1,75.0,39.0
249,candidato_selecionado,OK,0.9653513156906061,23.481589147286822,188.0,185.0,0.9840425531914894,26649.5,10,9,1,75.0,38.0
250,candidato_selecionado,OK,0.9659159663264709,23.427777777777777,188.0,184.0,0.9787234042553191,26589.0,10,9,1,75.0,38.68000000000029
251,candidato_selecionado,OK,0.9656681577733551,23.42867231638418,188.0,184.0,0.9787234042553191,26517.0,11,10,1,75.0,38.0
252,candidato_selecionado,OK,0.9680074891104701,23.47583333333333,187.0,183.0,0.9786096256684492,26495.5,10,9,1,75.0,38.0
253,candidato_selecionado,OK,0.9663877229215592,23.49327956989247,188.0,183.0,0.973404255319149,26473.0,8,7,1,75.0,38.0
254,candidato_selecionado,OK,0.9640653190925589,23.519191919191922,189.0,184.0,0.9735449735449735,26505.0,11,10,1,75.0,38.0
255,candidato_selecionado,OK,0.9639980388212475,23.53246807795699,190.0,183.0,0.9631578947368421,26534.5,11,10,1,75.0,38.0
256,candidato_selecionado,OK,0.9614994728161252,23.521857923497265,191.0,183.0,0.9581151832460733,26550.0,9,8,1,75.0,38.0
257,candidato_selecionado,OK,0.9556446254281608,23.490531097134873,194.0,183.0,0.9432989690721649,26520.0,10,9,1,75.0,39.0
258,candidato_selecionado,OK,0.9508654290241616,23.43337912087912,197.0,182.0,0.9238578680203046,26352.5,13,12,1,75.0,40.0
259,candidato_selecionado,OK,0.9201239125287827,23.340053763440864,202.0,183.0,0.905940594059406,25836.5,7,6,1,75.0,40.0
260,candidato_selecionado,OK,0.947109151263746,20.716269841269842,181.0,183.0,1.011049723756906,25346.0,10,9,1,75.0,41.0
261,candidato_selecionado,OK,0.9426318275516393,19.842514124293785,179.0,182.0,1.0167597765363128,25149.0,9,8,1,75.0,41.0
262,candidato_selecionado,OK,0.9345162872298215,18.81969696969697,180.0,181.0,1.0055555555555555,25015.5,11,10,1,75.0,42.0
263,candidato_selecionado,OK,0.8849839522081211,17.58969135802469,205.0,181.0,0.8829268292682927,28015.5,10,9,1,75.0,41.0
264,candidato_selecionado,OK,0.890686217068148,16.23606288580247,206.0,195.0,0.9466019417475728,30488.5,11,10,1,75.0,40.0
265,candidato_selecionado,OK,0.883648709734137,14.835849056603772,191.0,207.0,1.0837696335078535,29071.5,10,9,1,75.0,38.0
266,candidato_selecionado,OK,0.8855891173550762,14.5,187.0,207.0,1.106951871657754,28780.5,11,10,1,75.0,37.0
267,candidato_selecionado,OK,0.8841877846904306,14.666348600508906,187.0,208.0,1.1122994652406417,28909.0,10,9,1,75.0,37.0
268,candidato_selecionado,OK,0.8814003632347428,15.069,193.0,209.0,1.0829015544041452,29698.0,12,11,1,75.0,37.0
269,candidato_selecionado,OK,0.8815763381667043,15.512476459510358,196.0,210.0,1.0714285714285714,30211.0,11,10,1,75.0,37.0
270,candidato_selecionado,OK,0.8821693879522399,15.628041362530412,197.0,210.0,1.0659898477157361,30631.0,12,11,1,75.0,37.0
271,candidato_selecionado,OK,0.8780680022637084,15.583733974358973,196.0,214.0,1.0918367346938775,30944.5,12,11,1,75.0,37.0
272,candidato_selecionado,OK,0.8734488489499568,15.262878787878789,193.0,218.0,1.1295336787564767,30871.5,9,8,1,75.0,37.0
273,candidato_selecionado,OK,0.8729073359234382,14.772058823529411,188.0,221.0,1.175531914893617,30507.0,12,11,1,75.0,37.0
274,candidato_selecionado,OK,0.8728855081311908,14.270936468646866,186.0,222.0,1.1935483870967742,30584.5,10,9,1,75.0,37.0
275,candidato_selecionado,OK,0.8728161831961435,14.260683760683762,184.0,221.0,1.201086956521739,30422.0,12,11,1,75.0,37.0
276,candidato_selecionado,OK,0.8751679272254352,14.669865538928647,188.0,220.0,1.1702127659574468,31037.5,12,11,1,75.0,36.0
277,candidato_selecionado,OK,0.8690276376133279,15.092320261437907,193.0,222.0,1.150259067357513,31730.5,12,11,1,75.0,35.0
278,candidato_selecionado,OK,0.8811001550369318,15.507450188938508,196.0,211.0,1.0765306122448979,31846.0,11,10,1,75.0,34.0
279,candidato_selecionado,OK,0.8788600749688135,15.583333333333334,198.0,214.0,1.0808080808080809,32153.0,9,8,1,75.0,34.0
280,candidato_selecionado,OK,0.8770798054603702,15.541666666666666,197.0,220.0,1.116751269035533,32339.5,8,7,1,75.0,33.0
281,candidato_selecionado,OK,0.8822887126348964,15.336711711711713,195.0,225.0,1.1538461538461537,32507.0,8,7,1,75.0,33.0
282,candidato_selecionado,OK,0.8806584056368768,15.084090909090909,195.0,226.0,1.158974358974359,32582.0,8,7,1,75.0,33.0
283,candidato_selecionado,OK,0.8796536333853398,15.051041666666668,195.0,228.0,1.1692307692307693,32614.5,8,7,1,75.0,33.0
284,candidato_selecionado,OK,0.8803062244269457,15.19223350526542,194.0,230.0,1.1855670103092784,32830.5,9,8,1,75.0,33.0
285,candidato_selecionado,OK,0.8805386327542268,15.344225912975913,196.0,233.0,1.1887755102040816,33194.5,9,8,1,75.0,33.0
286,candidato_selecionado,OK,0.8802597097179912,15.345373826594724,197.0,234.0,1.1878172588832487,33328.0,9,8,1,75.0,33.0
287,candidato_selecionado,OK,0.8796739305387246,15.398456790123456,197.0,234.0,1.1878172588832487,33324.5,9,8,1,75.0,33.0
288,candidato_selecionado,OK,0.8802132694344799,15.414583333333333,196.0,235.0,1.1989795918367347,33275.0,10,9,1,75.0,33.0
289,candidato_selecionado,OK,0.8840346894148039,15.358525955082841,195.0,230.0,1.1794871794871795,33096.0,10,9,1,75.0,34.0
290,candidato_selecionado,OK,0.8807522474293334,15.205569205569205,194.0,231.0,1.190721649484536,32880.5,8,7,1,75.0,34.0
291,candidato_selecionado,OK,0.8817814607537439,15.056423611111112,192.0,231.0,1.203125,32526.5,9,8,1,75.0,34.0
292,candidato_selecionado,OK,0.8797856736184392,14.833333333333334,189.0,231.0,1.2222222222222223,32008.5,16,15,1,75.0,35.0
293,candidato_selecionado,OK,0.8769419179832963,14.613372717508057,186.0,231.0,1.2419354838709677,31511.5,13,12,1,75.0,36.0
294,candidato_selecionado,OK,0.872640366128578,14.409343434343436,184.0,230.0,1.25,30878.0,12,11,1,75.0,37.0
295,candidato_selecionado,OK,0.870546706415315,14.17803714678037,182.0,229.0,1.2582417582417582,30362.0,11,10,1,75.0,37.0
296,candidato_selecionado,OK,0.8711641248223442,14.082654816513761,179.0,229.0,1.2793296089385475,29923.0,11,10,1,75.0,37.0
297,candidato_selecionado,OK,0.874161840040441,14.008215962441314,178.0,223.0,1.252808988764045,29460.5,12,11,1,75.0,38.0
298,candidato_selecionado,OK,0.8757805587408876,13.892543859649123,177.0,221.0,1.2485875706214689,29001.5,11,10,1,75.0,38.0
299,candidato_selecionado,OK,0.8744852288872186,13.791666666666666,176.0,222.0,1.2613636363636365,28628.0,11,10,1,75.0,38.0
300,candidato_selecionado,OK,0.8778813229636705,13.893248175182483,178.0,218.0,1.2247191011235956,28491.5,13,12,1,75.0,38.0
301,candidato_selecionado,OK,0.8819472286939959,14.13793103448276,181.0,215.0,1.1878453038674033,28594.0,12,11,1,75.0,38.0
302,candidato_selecionado,OK,0.886406162764054,14.29965773809524,183.0,212.0,1.1584699453551912,28713.0,11,10,1,75.0,38.0
303,candidato_selecionado,OK,0.8900933714763444,14.465265776771348,184.0,210.0,1.141304347826087,28778.0,12,11,1,75.0,38.0
304,candidato_selecionado,OK,0.888216383686136,14.681932067674026,187.0,211.0,1.1283422459893049,28994.5,10,9,1,75.0,38.0
305,candidato_selecionado,OK,0.8870879515034735,14.81060606060606,189.0,212.0,1.1216931216931216,29174.5,11,10,1,75.0,37.0
306,candidato_selecionado,OK,0.8900522821319731,14.972928436911488,190.0,210.0,1.105263157894737,29316.5,10,9,1,75.0,37.0
307,candidato_selecionado,OK,0.8905259044662841,15.063225538971807,191.0,211.0,1.1047120418848169,29471.5,12,11,1,75.0,36.0
308,candidato_selecionado,OK,0.8930636721911088,15.104102892173275,193.0,206.0,1.067357512953368,29497.0,11,10,1,75.0,36.0
309,candidato_selecionado,OK,0.8970951221507867,15.183526292409349,193.0,204.0,1.0569948186528497,29586.5,12,11,1,75.0,36.0
310,candidato_selecionado,OK,0.8951118706007731,15.26770815893744,194.0,204.0,1.0515463917525774,29608.5,11,10,1,75.0,36.0
311,candidato_selecionado,OK,0.8983756994813114,15.291666666666666,194.0,201.0,1.0360824742268042,29594.5,11,10,1,75.0,37.0
312,candidato_selecionado,OK,0.8984480991859024,15.375,194.0,202.0,1.041237113402062,29629.5,12,11,1,75.0,37.0
313,candidato_selecionado,OK,0.8982447692527843,15.380952380952381,194.0,202.0,1.041237113402062,29602.5,10,9,1,75.0,37.0
314,candidato_selecionado,OK,0.8990341129253246,15.375,194.0,201.0,1.0360824742268042,29585.5,10,9,1,75.0,37.0
315,candidato_selecionado,OK,0.8935898899864108,15.291466775543533,193.0,205.0,1.0621761658031088,29533.0,10,9,1,75.0,36.0
316,candidato_selecionado,OK,0.8927632866358893,15.195621468926554,192.0,208.0,1.0833333333333333,29550.0,11,10,1,75.0,36.0
317,candidato_selecionado,OK,0.8873399441740296,15.074721671075837,191.0,213.0,1.1151832460732984,29478.5,12,11,1,75.0,37.0
318,candidato_selecionado,OK,0.887992700484685,14.916676061207312,190.0,212.0,1.1157894736842104,29331.5,12,11,1,75.0,37.0
319,candidato_selecionado,OK,0.8893981397769379,14.817764498477459,189.0,211.0,1.1164021164021165,29276.0,12,11,1,75.0,37.0
320,candidato_selecionado,OK,0.8880413014182404,14.711182336182338,187.0,213.0,1.13903743315508,29173.0,11,10,1,75.0,38.0
321,candidato_selecionado,OK,0.8874589737916336,14.596278317152104,186.0,212.0,1.1397849462365592,29037.0,11,10,1,75.0,38.0
322,candidato_selecionado,OK,0.8867700632912267,14.427702702702703,184.0,212.0,1.1521739130434783,28815.5,11,10,1,75.0,38.0
323,candidato_selecionado,OK,0.8842740933309552,14.257820625182589,181.0,215.0,1.1878453038674033,28649.5,9,8,1,75.0,38.0
324,candidato_selecionado,OK,0.8811791698697546,14.074142156862743,179.0,216.0,1.2067039106145252,28508.5,11,10,1,75.0,38.0
325,candidato_selecionado,OK,0.8764271556716374,13.904805352798055,178.0,219.0,1.2303370786516854,28592.5,11,10,1,75.0,38.0
326,candidato_selecionado,OK,0.8717271071099243,13.81367041198502,177.0,222.0,1.2542372881355932,28775.5,12,11,1,75.0,38.0
327,candidato_selecionado,OK,0.8705317645934606,13.8244623655914,177.0,225.0,1.271186440677966,29097.0,12,11,1,75.0,38.0
328,candidato_selecionado,OK,0.8720107354596619,13.848039215686276,178.0,224.0,1.2584269662921348,29340.0,12,11,1,75.0,38.0
329,candidato_selecionado,OK,0.8746086168372914,14.011424731182794,179.0,224.0,1.2513966480446927,29712.5,12,11,1,75.0,38.0
330,candidato_selecionado,OK,0.8731622138747246,14.167910447761194,181.0,225.0,1.2430939226519337,30026.5,8,7,1,75.0,37.0
331,candidato_selecionado,OK,0.8744157866725752,14.236805555555556,182.0,225.0,1.2362637362637363,30287.5,12,11,1,75.0,37.0
332,candidato_selecionado,OK,0.8780761771037062,14.253982843137257,182.0,223.0,1.2252747252747254,30482.0,10,9,1,75.0,36.0
333,candidato_selecionado,OK,0.8788441645582633,14.328125,183.0,225.0,1.2295081967213115,30722.0,12,11,1,75.0,36.0
334,candidato_selecionado,OK,0.8806116616323579,14.372245179063361,184.0,223.0,1.2119565217391304,30892.5,11,10,1,75.0,36.0
335,candidato_selecionado,OK,0.8783814672723087,14.41388888888889,185.0,225.0,1.2162162162162162,31018.0,11,10,1,75.0,36.0
336,candidato_selecionado,OK,0.8798232584828668,14.421123958555865,185.0,224.0,1.2108108108108109,30968.5,12,11,1,75.0,36.0
337,candidato_selecionado,OK,0.8771955420169858,14.4017742121003,185.0,225.0,1.2162162162162162,30931.0,11,10,1,75.0,36.0
338,candidato_selecionado,OK,0.8785700696517339,14.405054644808743,185.0,225.0,1.2162162162162162,30952.0,11,10,1,75.0,36.0
339,candidato_selecionado,OK,0.8784698402961925,14.416666666666666,185.0,225.0,1.2162162162162162,30832.0,12,11,1,75.0,36.0
340,candidato_selecionado,OK,0.8757565931613467,14.331610275689224,185.0,226.0,1.2216216216216216,30712.0,11,10,1,75.0,36.0
341,candidato_selecionado,OK,0.8772900589176943,14.268162393162394,184.0,224.0,1.2173913043478262,30466.0,10,9,1,75.0,36.0
342,candidato_selecionado,OK,0.8751825273175677,14.202622146764762,183.0,226.0,1.2349726775956285,30306.0,12,11,1,75.0,36.0
343,candidato_selecionado,OK,0.8737472275153999,14.140518707482991,182.0,227.0,1.2472527472527473,30111.5,13,12,1,75.0,37.0
344,candidato_selecionado,OK,0.8724202606612244,14.091911764705882,181.0,227.0,1.2541436464088398,29883.0,13,12,1,75.0,37.0
345,candidato_selecionado,OK,0.871362383299864,14.03888888888889,180.0,227.0,1.261111111111111,29613.5,13,12,1,75.0,38.0
346,candidato_selecionado,OK,0.8687587373576947,13.973312028843003,180.0,228.0,1.2666666666666666,29396.0,11,10,1,75.0,38.0
347,candidato_selecionado,OK,0.8705050102238517,13.992985882539557,179.0,225.0,1.2569832402234637,29148.0,11,10,1,75.0,38.0
348,candidato_selecionado,OK,0.8707314257916464,14.01411349067599,179.0,223.0,1.2458100558659218,29008.0,12,11,1,75.0,38.0
349,candidato_selecionado,OK,0.8742090881960773,14.038333333333334,179.0,219.0,1.223463687150838,28787.5,12,11,1,75.0,38.0
350,candidato_selecionado,OK,0.8740186622201745,14.029489741540099,179.0,218.0,1.217877094972067,28577.5,12,11,1,75.0,38.0
351,candidato_selecionado,OK,0.8789817219864555,14.024782135076252,179.0,215.0,1.2011173184357542,28431.0,12,11,1,75.0,37.0
352,candidato_selecionado,OK,0.8765117711988928,14.08136939556078,180.0,216.0,1.2,28569.5,13,12,1,75.0,37.0
353,candidato_selecionado,OK,0.8765256249895096,14.309925599017864,182.0,218.0,1.1978021978021978,28936.5,14,13,1,75.0,37.0
354,candidato_selecionado,OK,0.8756099161523545,14.435996649916248,184.0,219.0,1.190217391304348,29193.0,13,12,1,75.0,37.0
355,candidato_selecionado,OK,0.8756972462740078,14.435470085470087,184.0,220.0,1.1956521739130435,29185.0,13,12,1,75.0,37.0
356,candidato_selecionado,OK,0.8759643314263991,14.44720036907537,184.0,220.0,1.1956521739130435,29204.0,12,11,1,75.0,37.0
357,candidato_selecionado,OK,0.879687303610588,14.429738562091503,184.0,217.0,1.1793478260869565,29231.0,11,10,1,75.0,37.0
358,candidato_selecionado,OK,0.8799918249068635,14.518023255813953,185.0,217.0,1.172972972972973,29271.5,11,10,1,75.0,37.0
359,candidato_selecionado,OK,0.8802947806467847,14.533662900188324,185.0,216.0,1.1675675675675676,29196.5,11,10,1,75.0,37.0
360,candidato_selecionado,OK,0.8817886935886388,14.466513292433538,184.0,215.0,1.1684782608695652,29049.5,10,9,1,75.0,37.0
361,candidato_selecionado,OK,0.8828105733926552,14.46200209643606,184.0,213.0,1.1576086956521738,28943.0,11,10,1,75.0,37.0
362,candidato_selecionado,OK,0.8841960459228418,14.417142313546423,184.0,212.0,1.1521739130434783,28864.0,10,9,1,75.0,37.0
363,candidato_selecionado,OK,0.8830720767207028,14.382174392935982,183.0,213.0,1.1639344262295082,28784.0,11,10,1,75.0,37.0
364,candidato_selecionado,OK,0.8839685351189933,14.319444444444445,182.0,213.0,1.1703296703296704,28680.5,11,10,1,75.0,37.0
365,candidato_selecionado,OK,0.8827405172764873,14.256648936170214,181.0,213.0,1.1767955801104972,28556.0,11,10,1,75.0,37.0
366,candidato_selecionado,OK,0.8823569365375294,14.193134171907758,180.0,214.0,1.1888888888888889,28533.0,11,10,1,75.0,37.0
367,candidato_selecionado,OK,0.8773271893396245,14.143173758865247,180.0,217.0,1.2055555555555555,28568.0,12,11,1,75.0,37.0
368,candidato_selecionado,OK,0.8729651482060591,14.106313131313131,180.0,221.0,1.2277777777777779,28703.0,12,11,1,75.0,37.0
369,candidato_selecionado,OK,0.8736559937180775,14.060620915032679,179.0,221.0,1.23463687150838,28837.0,12,11,1,75.0,38.0
370,candidato_selecionado,OK,0.8723847389161947,14.000356125356126,179.0,222.0,1.2402234636871508,28887.5,13,12,1,75.0,38.0
371,candidato_selecionado,OK,0.8692641923083606,13.844816272965879,177.0,224.0,1.265536723163842,28930.5,13,12,1,75.0,38.0
372,candidato_selecionado,OK,0.8708735011174186,13.815665801478685,177.0,224.0,1.265536723163842,29077.5,13,12,1,75.0,38.0
373,candidato_selecionado,OK,0.8720618901270599,13.912121212121212,178.0,223.0,1.252808988764045,29231.5,13,12,1,75.0,38.0
374,candidato_selecionado,OK,0.8714315512714353,13.986510791366905,179.0,225.0,1.2569832402234637,29493.0,12,11,1,75.0,38.0
375,candidato_selecionado,OK,0.8695889664746591,13.999246987951807,179.0,228.0,1.2737430167597765,29624.5,12,11,1,75.0,38.0
376,candidato_selecionado,OK,0.8688544353929378,13.96422558922559,179.0,228.0,1.2737430167597765,29662.0,12,11,1,75.0,38.0
377,candidato_selecionado,OK,0.8675770827546538,13.988575268817206,180.0,229.0,1.2722222222222221,29727.5,11,10,1,75.0,38.0
378,candidato_selecionado,OK,0.8678890583395255,14.032097024007081,180.0,229.0,1.2722222222222221,29754.0,12,11,1,75.0,38.0
379,candidato_selecionado,OK,0.8696706264673512,14.041666666666666,180.0,227.0,1.261111111111111,29703.5,12,11,1,75.0,38.0
380,candidato_selecionado,OK,0.867681633188609,13.99272438761075,180.0,227.0,1.261111111111111,29561.0,13,12,1,75.0,38.0
381,candidato_selecionado,OK,0.8683628500984821,13.988168321142458,179.0,227.0,1.2681564245810055,29463.0,13,12,1,75.0,38.0
382,candidato_selecionado,OK,0.8674395209774277,13.931833420411005,178.0,228.0,1.2808988764044944,29304.5,12,11,1,75.0,38.0
383,candidato_selecionado,OK,0.868820848460546,13.845164609053498,178.0,225.0,1.2640449438202248,29060.0,13,12,1,75.0,38.0
384,candidato_selecionado,OK,0.8692122175054218,13.832825298202996,177.0,225.0,1.271186440677966,28842.0,12,11,1,75.0,38.0
385,candidato_selecionado,OK,0.8687692013953978,13.839737765024708,177.0,225.0,1.271186440677966,28723.0,13,12,1,75.0,38.0
386,candidato_selecionado,OK,0.8712481741658158,13.908132946379217,178.0,223.0,1.252808988764045,28699.5,12,11,1,75.0,38.0
387,candidato_selecionado,OK,0.8756901470301043,13.949637681159421,178.0,220.0,1.2359550561797752,28654.5,13,12,1,75.0,37.0
388,candidato_selecionado,OK,0.8782729975916411,13.997429078014184,179.0,216.0,1.2067039106145252,28545.5,12,11,1,75.0,37.0
389,candidato_selecionado,OK,0.8776257785272655,14.002859477124183,180.0,217.0,1.2055555555555555,28500.0,12,11,1,75.0,37.0
390,candidato_selecionado,OK,0.8792743548901701,14.135683760683762,181.0,216.0,1.1933701657458564,28598.5,11,10,1,75.0,37.0
391,candidato_selecionado,OK,0.8799758012490522,14.19425915276979,181.0,216.0,1.1933701657458564,28632.0,11,10,1,75.0,37.0
392,candidato_selecionado,OK,0.8809069572310805,14.196428571428571,181.0,215.0,1.1878453038674033,28619.5,12,11,1,75.0,37.0
393,candidato_selecionado,OK,0.8810522104025776,14.203598484848484,181.0,214.0,1.1823204419889504,28615.5,12,11,1,75.0,37.0
394,candidato_selecionado,OK,0.8826798109645199,14.209551656920079,180.0,215.0,1.1944444444444444,28600.0,12,11,1,75.0,37.0
395,candidato_selecionado,OK,0.8829814280900972,14.182389937106919,180.0,214.0,1.1888888888888889,28590.5,12,11,1,75.0,37.0
396,candidato_selecionado,OK,0.8837457864017276,14.142644053489716,179.0,213.0,1.1899441340782122,28501.5,12,11,1,75.0,37.0
397,candidato_selecionado,OK,0.881723512713688,14.062764016897082,179.0,214.0,1.1955307262569832,28436.5,12,11,1,75.0,37.0
398,candidato_selecionado,OK,0.8795375902977945,14.007326120344468,178.0,217.0,1.2191011235955056,28511.5,12,11,1,75.0,37.0
399,candidato_selecionado,OK,0.875775899472808,13.92271412037037,178.0,219.0,1.2303370786516854,28552.5,12,11,1,75.0,38.0
400,candidato_selecionado,OK,0.875232760393133,13.90092532266071,177.0,219.0,1.2372881355932204,28571.0,12,11,1,75.0,38.0
401,candidato_selecionado,OK,0.8746289521266583,13.833333333333334,177.0,220.0,1.2429378531073447,28606.5,12,11,1,75.0,38.0
402,candidato_selecionado,OK,0.8734263092603818,13.833305629432624,177.0,220.0,1.2429378531073447,28716.0,12,11,1,75.0,38.0
403,candidato_selecionado,OK,0.8740899318636197,13.833179931606962,177.0,220.0,1.2429378531073447,28821.5,12,11,1,75.0,38.0
404,candidato_selecionado,OK,0.8700239127908067,13.820357561369065,178.0,223.0,1.252808988764045,28950.0,12,11,1,75.0,38.0
405,candidato_selecionado,OK,0.8707284350208823,13.897823779193205,178.0,223.0,1.252808988764045,29024.0,12,11,1,75.0,38.0
406,candidato_selecionado,OK,0.8690642268805606,13.839968152866241,178.0,224.0,1.2584269662921348,29056.0,12,11,1,75.0,38.0
407,candidato_selecionado,OK,0.868593307849901,13.836187214611874,178.0,224.0,1.2584269662921348,29005.0,13,12,1,75.0,38.0
408,candidato_selecionado,OK,0.8688153932031273,13.78621218224132,177.0,225.0,1.271186440677966,29017.0,12,11,1,75.0,38.0
409,candidato_selecionado,OK,0.8711460155379943,13.817411924119241,177.0,223.0,1.2598870056497176,28927.5,14,13,1,75.0,38.0
410,candidato_selecionado,OK,0.8709791565540794,13.83798976608187,177.0,222.0,1.2542372881355932,28840.0,15,14,1,75.0,38.0
411,candidato_selecionado,OK,0.8703282702088738,13.849780701754385,177.0,223.0,1.2598870056497176,28817.0,14,13,1,75.0,38.0
412,candidato_selecionado,OK,0.8702563122343658,13.860700197238659,177.0,223.0,1.2598870056497176,28771.0,15,14,1,75.0,38.0
413,candidato_selecionado,OK,0.8692661001449441,13.857692307692309,178.0,223.0,1.252808988764045,28775.0,15,14,1,75.0,38.0
414,candidato_selecionado,OK,0.8705016819477631,13.881521739130434,178.0,222.0,1.247191011235955,28732.0,15,14,1,75.0,38.0
415,candidato_selecionado,OK,0.870749768736836,13.84917840375587,178.0,222.0,1.247191011235955,28686.0,14,13,1,75.0,38.0
416,candidato_selecionado,OK,0.8687951868598487,13.837683150183148,178.0,223.0,1.252808988764045,28645.5,13,12,1,75.0,38.0
417,candidato_selecionado,OK,0.8718335118287136,13.913700810185185,178.0,222.0,1.247191011235955,28675.0,13,12,1,75.0,38.0
418,candidato_selecionado,OK,0.8740387215120926,13.878124563608432,179.0,219.0,1.223463687150838,28713.5,13,12,1,75.0,38.0
419,candidato_selecionado,OK,0.8740891589367603,13.891805859802849,179.0,219.0,1.223463687150838,28673.5,13,12,1,75.0,38.0
420,candidato_selecionado,OK,0.8743734475576258,13.875363645610824,178.0,219.0,1.2303370786516854,28577.5,13,12,1,75.0,38.0
421,candidato_selecionado,OK,0.8775038233022008,13.885069899519442,178.0,216.0,1.2134831460674158,28540.5,13,12,1,75.0,38.0
422,candidato_selecionado,OK,0.8761073714783284,13.910639412997904,178.0,217.0,1.2191011235955056,28536.0,12,11,1,75.0,38.0
423,candidato_selecionado,OK,0.8769460534504979,13.910639412997904,178.0,217.0,1.2191011235955056,28566.5,12,11,1,75.0,38.0
424,candidato_selecionado,OK,0.8763785221885103,13.912745098039215,178.0,217.0,1.2191011235955056,28573.5,12,11,1,75.0,38.0
425,candidato_selecionado,OK,0.871662645963528,13.855769230769232,178.0,221.0,1.2415730337078652,28595.0,12,11,1,75.0,38.0
426,candidato_selecionado,OK,0.8704871683441637,13.858709273182958,177.0,222.0,1.2542372881355932,28601.0,12,11,1,75.0,38.0
427,candidato_selecionado,OK,0.871790878642772,13.813346883468833,177.0,221.0,1.2485875706214689,28643.0,12,11,1,75.0,38.0
428,candidato_selecionado,OK,0.8711446659323899,13.779029431216932,177.0,222.0,1.2542372881355932,28684.0,12,11,1,75.0,38.0
429,candidato_selecionado,OK,0.8717230341601194,13.789595142497243,177.0,222.0,1.2542372881355932,28682.0,12,11,1,75.0,38.0
430,candidato_selecionado,OK,0.873684078163043,13.7975,177.0,220.0,1.2429378531073447,28706.0,12,11,1,75.0,38.0
431,candidato_selecionado,OK,0.8717896836064091,13.794467787114847,177.0,221.0,1.2485875706214689,28662.5,12,11,1,75.0,38.0
432,candidato_selecionado,OK,0.8716905538798468,13.8243006993007,177.0,221.0,1.2485875706214689,28696.0,12,11,1,75.0,38.0
433,candidato_selecionado,OK,0.8713932373131053,13.802380952380952,177.0,221.0,1.2485875706214689,28687.0,12,11,1,75.0,38.0
434,candidato_selecionado,OK,0.8723138579216387,13.788663663663664,177.0,220.0,1.2429378531073447,28701.5,14,13,1,75.0,38.0
435,candidato_selecionado,OK,0.8722266908128239,13.785766961651918,177.0,220.0,1.2429378531073447,28682.0,11,10,1,75.0,38.0
436,candidato_selecionado,OK,0.8701676550161794,13.82001133786848,177.0,222.0,1.2542372881355932,28725.0,11,10,1,75.0,38.0
437,candidato_selecionado,OK,0.8688544783050532,13.832222222222223,177.0,224.0,1.265536723163842,28728.5,12,11,1,75.0,38.0
438,candidato_selecionado,OK,0.8691241954863723,13.833064516129033,177.0,224.0,1.265536723163842,28744.5,13,12,1,75.0,38.0
439,candidato_selecionado,OK,0.8701936105763531,13.84137145244152,177.0,223.0,1.2598870056497176,28738.5,13,12,1,75.0,38.0
440,candidato_selecionado,OK,0.8700316335490923,13.843476848570754,177.0,223.0,1.2598870056497176,28729.5,13,12,1,75.0,38.0
441,candidato_selecionado,OK,0.870341529498426,13.844741603777749,177.0,223.0,1.2598870056497176,28722.0,13,12,1,75.0,38.0
442,candidato_selecionado,OK,0.8701068125267337,13.842871485943775,177.0,223.0,1.2598870056497176,28693.5,13,12,1,75.0,38.0
443,candidato_selecionado,OK,0.870619155650618,13.85062358276644,177.0,223.0,1.2598870056497176,28677.5,13,12,1,75.0,38.0
444,candidato_selecionado,OK,0.8700400139003456,13.852699530516432,177.0,223.0,1.2598870056497176,28664.0,13,12,1,75.0,38.0
445,candidato_selecionado,OK,0.8706376833974763,13.838312368972746,177.0,223.0,1.2598870056497176,28666.5,12,11,1,75.0,38.0
446,candidato_selecionado,OK,0.8705280343193436,13.838312368972746,177.0,223.0,1.2598870056497176,28683.5,12,11,1,75.0,38.0
447,candidato_selecionado,OK,0.8705289692129418,13.837606837606836,177.0,223.0,1.2598870056497176,28720.5,12,11,1,75.0,38.0
448,candidato_selecionado,OK,0.8709405350215346,13.855099502487562,177.0,222.0,1.2542372881355932,28691.5,12,11,1,75.0,38.0
449,candidato_selecionado,OK,0.8708727452792208,13.855099502487562,177.0,222.0,1.2542372881355932,28662.0,12,11,1,75.0,38.0
450,candidato_selecionado,OK,0.8714754286259988,13.8489010989011,177.0,222.0,1.2542372881355932,28684.0,12,11,1,75.0,38.0
451,candidato_selecionado,OK,0.8725627417497269,13.8489010989011,177.0,221.0,1.2485875706214689,28678.0,12,11,1,75.0,38.0
452,candidato_selecionado,OK,0.870961865626624,13.848611111111111,177.0,222.0,1.2542372881355932,28660.0,12,11,1,75.0,38.0
453,candidato_selecionado,OK,0.8720040983446153,13.847281654597323,177.0,221.0,1.2485875706214689,28651.5,12,11,1,75.0,38.0
454,candidato_selecionado,OK,0.8714549080541236,13.842132261787716,177.0,221.0,1.2485875706214689,28654.5,12,11,1,75.0,38.0
455,candidato_selecionado,OK,0.8717763475503794,13.839555014539798,177.0,221.0,1.2485875706214689,28673.0,13,12,1,75.0,38.0
456,candidato_selecionado,OK,0.8702991702665516,13.840690928270043,177.0,223.0,1.2598870056497176,28694.0,12,11,1,75.0,38.0
457,candidato_selecionado,OK,0.8699490854035626,13.840690928270043,177.0,223.0,1.2598870056497176,28670.5,12,11,1,75.0,38.0
458,candidato_selecionado,OK,0.8700834542343351,13.84424340085942,177.0,223.0,1.2598870056497176,28676.0,12,11,1,75.0,38.0
459,candidato_selecionado,OK,0.870305222674304,13.845034722222223,177.0,223.0,1.2598870056497176,28685.5,12,11,1,75.0,38.0
460,candidato_selecionado,OK,0.8714160000399764,13.850433526011562,177.0,222.0,1.2542372881355932,28685.0,12,11,1,75.0,38.0
461,candidato_selecionado,OK,0.8713700869515129,13.850433526011562,177.0,222.0,1.2542372881355932,28685.0,12,11,1,75.0,38.0
462,candidato_selecionado,OK,0.8714577113712265,13.850433526011562,177.0,222.0,1.2542372881355932,28694.0,12,11,1,75.0,38.0
463,candidato_selecionado,OK,0.8714568422640113,13.849250936329588,177.0,222.0,1.2542372881355932,28697.0,12,11,1,75.0,38.0
464,candidato_selecionado,OK,0.871515772502441,13.849250936329588,177.0,222.0,1.2542372881355932,28670.0,12,11,1,75.0,38.0
465,candidato_selecionado,OK,0.8711424546529897,13.849250936329588,177.0,222.0,1.2542372881355932,28671.0,13,12,1,75.0,38.0
466,candidato_selecionado,OK,0.8717101273744334,13.845357941834452,177.0,222.0,1.2542372881355932,28673.5,12,11,1,75.0,38.0
467,candidato_selecionado,OK,0.87117698335129,13.836934156378602,177.0,222.0,1.2542372881355932,28654.0,12,11,1,75.0,38.0
468,candidato_selecionado,OK,0.8709699460541405,13.846830985915494,177.0,222.0,1.2542372881355932,28662.5,12,11,1,75.0,38.0
469,candidato_selecionado,OK,0.8712186308676229,13.850146198830409,177.0,222.0,1.2542372881355932,28663.0,12,11,1,75.0,38.0
470,candidato_selecionado,OK,0.8719516888753831,13.849765258215962,177.0,221.0,1.2485875706214689,28662.0,12,11,1,75.0,38.0
471,candidato_selecionado,OK,0.8717581796010132,13.840653153153154,177.0,221.0,1.2485875706214689,28672.0,12,11,1,75.0,38.0
472,candidato_selecionado,OK,0.8720238022499579,13.837000468768311,177.0,221.0,1.2485875706214689,28674.5,12,11,1,75.0,38.0
473,candidato_selecionado,OK,0.8717434194600479,13.845809386973182,177.0,221.0,1.2485875706214689,28659.5,12,11,1,75.0,38.0
474,candidato_selecionado,OK,0.8708407160047736,13.83175105485232,177.0,222.0,1.2542372881355932,28659.0,12,11,1,75.0,38.0
475,candidato_selecionado,OK,0.8709297950281545,13.830662393162394,177.0,222.0,1.2542372881355932,28651.0,13,12,1,75.0,38.0
476,candidato_selecionado,OK,0.8708381245777302,13.830729166666666,177.0,222.0,1.2542372881355932,28665.0,12,11,1,75.0,38.0
477,candidato_selecionado,OK,0.8721459579402657,13.832023060796645,177.0,221.0,1.2485875706214689,28666.5,12,11,1,75.0,38.0
478,candidato_selecionado,OK,0.8708933247493662,13.832023060796645,177.0,222.0,1.2542372881355932,28660.0,12,11,1,75.0,38.0
479,candidato_selecionado,OK,0.8713151068544666,13.83175105485232,177.0,222.0,1.2542372881355932,28641.5,12,11,1,75.0,38.0
480,candidato_selecionado,OK,0.8721252638456626,13.83431475315493,177.0,221.0,1.2485875706214689,28643.0,14,13,1,75.0,38.0
481,candidato_selecionado,OK,0.8735504003296419,13.834200311629573,177.0,220.0,1.2429378531073447,28642.0,13,12,1,75.0,38.0
482,candidato_selecionado,OK,0.871319873880138,13.834491969511367,177.0,222.0,1.2542372881355932,28655.0,14,13,1,75.0,38.0
483,candidato_selecionado,OK,0.8706435870178656,13.833967026981734,177.0,222.0,1.2542372881355932,28645.5,15,14,1,75.0,38.0
484,candidato_selecionado,OK,0.870695137392949,13.839968152866241,177.0,222.0,1.2542372881355932,28646.5,13,12,1,75.0,38.0
485,candidato_selecionado,OK,0.8728172342822046,13.840189873417721,177.0,221.0,1.2485875706214689,28681.5,13,12,1,75.0,38.0
486,candidato_selecionado,OK,0.8726477718966144,13.843354430379748,177.0,221.0,1.2485875706214689,28676.0,12,11,1,75.0,38.0
487,candidato_selecionado,OK,0.8740089446372135,13.843354430379748,177.0,220.0,1.2429378531073447,28677.0,12,11,1,75.0,38.0
488,candidato_selecionado,OK,0.8736824456544792,13.849444444444444,177.0,220.0,1.2429378531073447,28671.0,12,11,1,75.0,38.0
489,candidato_selecionado,OK,0.8734858467073698,13.842058691756272,177.0,220.0,1.2429378531073447,28671.5,12,11,1,75.0,38.0
490,candidato_selecionado,OK,0.8718056155278349,13.841893115942028,177.0,221.0,1.2485875706214689,28651.5,13,12,1,75.0,38.0
491,candidato_selecionado,OK,0.8737080339156905,13.84457292604573,177.0,219.0,1.2372881355932204,28637.0,12,11,1,75.0,38.0
492,candidato_selecionado,OK,0.8740624602236482,13.839513569359235,177.0,219.0,1.2372881355932204,28650.0,13,12,1,75.0,38.0
493,candidato_selecionado,OK,0.8731743204853517,13.833468938600427,177.0,220.0,1.2429378531073447,28651.0,12,11,1,75.0,38.0
494,candidato_selecionado,OK,0.8730433779804391,13.828989368674952,177.0,220.0,1.2429378531073447,28653.5,12,11,1,75.0,38.0
495,candidato_selecionado,OK,0.8729056602940529,13.829003499252968,177.0,220.0,1.2429378531073447,28651.5,12,11,1,75.0,38.0
496,candidato_selecionado,OK,0.8727474740446297,13.834606481481481,177.0,221.0,1.2485875706214689,28679.5,12,11,1,75.0,38.0
497,candidato_selecionado,OK,0.8723948944027125,13.834606481481481,177.0,221.0,1.2485875706214689,28654.5,12,11,1,75.0,38.0
498,candidato_selecionado,OK,0.872456331908144,13.83321040372671,177.0,221.0,1.2485875706214689,28655.5,12,11,1,75.0,38.0
499,candidato_selecionado,OK,0.8723850561200931,13.835018723001815,177.0,221.0,1.2485875706214689,28648.5,12,11,1,75.0,38.0
500,candidato_selecionado,OK,0.8733339774211993,13.830246913580247,177.0,220.0,1.2429378531073447,28651.5,13,12,1,75.0,38.0
501,candidato_selecionado,OK,0.8725909070508764,13.840422453703704,177.0,221.0,1.2485875706214689,28662.0,12,11,1,75.0,38.0
502,candidato_selecionado,OK,0.8728184906533522,13.848379629629628,177.0,221.0,1.2485875706214689,28662.5,12,11,1,75.0,38.0
503,candidato_selecionado,OK,0.8724480828177202,13.839583333333332,177.0,221.0,1.2485875706214689,28648.0,12,11,1,75.0,38.0
504,candidato_selecionado,OK,0.8702035305642865,13.839360587002096,177.0,223.0,1.2598870056497176,28661.5,12,11,1,75.0,38.0
505,candidato_selecionado,OK,0.8705346008576221,13.839360587002096,177.0,223.0,1.2598870056497176,28651.5,12,11,1,75.0,38.0
506,candidato_selecionado,OK,0.8706489856378609,13.839583333333332,177.0,223.0,1.2598870056497176,28656.5,12,11,1,75.0,38.0
507,candidato_selecionado,OK,0.8715062073078504,13.839583333333332,177.0,222.0,1.2542372881355932,28657.0,12,11,1,75.0,38.0
508,candidato_selecionado,OK,0.8726339622015109,13.842387482419127,177.0,221.0,1.2485875706214689,28651.0,12,11,1,75.0,38.0
509,candidato_selecionado,OK,0.8703951003836735,13.843321446446447,177.0,223.0,1.2598870056497176,28659.5,12,11,1,75.0,38.0
510,candidato_selecionado,OK,0.8718735216353914,13.841460073962471,177.0,222.0,1.2542372881355932,28645.0,13,12,1,75.0,38.0
511,candidato_selecionado,OK,0.8719307328167046,13.841685435435435,177.0,221.0,1.2485875706214689,28654.0,12,11,1,75.0,38.0
512,candidato_selecionado,OK,0.8721754160859936,13.838963963963964,177.0,221.0,1.2485875706214689,28658.0,12,11,1,75.0,38.0
513,candidato_selecionado,OK,0.872162239276576,13.83871882086168,177.0,221.0,1.2485875706214689,28660.0,12,11,1,75.0,38.0
514,candidato_selecionado,OK,0.8720652486061189,13.838963963963964,177.0,221.0,1.2485875706214689,28666.5,12,11,1,75.0,38.0
515,candidato_selecionado,OK,0.8722462499750739,13.83904109589041,177.0,221.0,1.2485875706214689,28669.0,12,11,1,75.0,38.0
516,candidato_selecionado,OK,0.8716127433611008,13.846611721611723,177.0,221.0,1.2485875706214689,28654.5,12,11,1,75.0,38.0
517,candidato_selecionado,OK,0.8711101095220498,13.838286713286713,177.0,222.0,1.2542372881355932,28651.5,12,11,1,75.0,38.0
518,candidato_selecionado,OK,0.8706728580504062,13.838028169014086,177.0,222.0,1.2542372881355932,28643.5,12,11,1,75.0,38.0
519,candidato_selecionado,OK,0.8706969479575595,13.838028169014086,177.0,222.0,1.2542372881355932,28643.5,12,11,1,75.0,38.0
520,candidato_selecionado,OK,0.8713417404878231,13.843621399176955,177.0,222.0,1.2542372881355932,28662.0,12,11,1,75.0,38.0
521,candidato_selecionado,OK,0.8718381476210363,13.843621399176955,177.0,222.0,1.2542372881355932,28665.0,12,11,1,75.0,38.0
522,candidato_selecionado,OK,0.8715598343728513,13.843621399176955,177.0,222.0,1.2542372881355932,28663.0,12,11,1,75.0,38.0
523,candidato_selecionado,OK,0.8710590789746336,13.84569597069597,177.0,222.0,1.2542372881355932,28656.5,12,11,1,75.0,38.0
524,candidato_selecionado,OK,0.8709654248434254,13.84569597069597,177.0,222.0,1.2542372881355932,28646.5,12,11,1,75.0,38.0
525,candidato_selecionado,OK,0.8697994474338657,13.84537037037037,177.0,223.0,1.2598870056497176,28660.0,12,11,1,75.0,38.0
526,candidato_selecionado,OK,0.8695003353854638,13.84537037037037,177.0,223.0,1.2598870056497176,28660.5,12,11,1,75.0,38.0
527,candidato_selecionado,OK,0.8731333312305477,13.844696969696969,177.0,220.0,1.2429378531073447,28644.5,12,11,1,75.0,38.0
528,candidato_selecionado,OK,0.8729364645709485,13.842771639042356,177.0,220.0,1.2429378531073447,28639.5,11,10,1,75.0,38.0
529,candidato_selecionado,OK,0.871507808195647,13.83967778169612,177.0,221.0,1.2485875706214689,28644.5,11,10,1,75.0,38.0
530,candidato_selecionado,OK,0.8715686301515947,13.839813049568127,177.0,221.0,1.2485875706214689,28652.5,11,10,1,75.0,38.0
531,candidato_selecionado,OK,0.8714232221688823,13.840075780771585,177.0,221.0,1.2485875706214689,28657.0,12,11,1,75.0,38.0
532,candidato_selecionado,OK,0.8703847874772406,13.837323493706473,177.0,222.0,1.2542372881355932,28652.0,13,12,1,75.0,38.0
533,candidato_selecionado,OK,0.8704143437092661,13.843369829683697,177.0,222.0,1.2542372881355932,28663.5,11,10,1,75.0,38.0
534,candidato_selecionado,OK,0.870020455434934,13.840783664459162,177.0,222.0,1.2542372881355932,28669.0,13,12,1,75.0,38.0
535,candidato_selecionado,OK,0.8710868004151161,13.85316091954023,177.0,222.0,1.2542372881355932,28679.0,12,11,1,75.0,38.0
536,candidato_selecionado,OK,0.8706432413433652,13.874128899892257,178.0,222.0,1.247191011235955,28695.5,12,11,1,75.0,38.0
537,candidato_selecionado,OK,0.8701861872016281,13.891666666666666,178.0,222.0,1.247191011235955,28711.0,12,11,1,75.0,38.0
538,candidato_selecionado,OK,0.8697926183376359,13.901023331585648,178.0,223.0,1.252808988764045,28754.5,12,11,1,75.0,38.0
539,candidato_selecionado,OK,0.869594166562119,13.934977181524905,178.0,223.0,1.252808988764045,28766.5,11,10,1,75.0,38.0
540,candidato_selecionado,OK,0.8708342268714248,13.99103375527426,179.0,222.0,1.2402234636871508,28814.5,11,10,1,75.0,38.0
541,candidato_selecionado,OK,0.8720753641109129,14.046999999999999,179.0,222.0,1.2402234636871508,28852.5,14,13,1,75.0,38.0
542,candidato_selecionado,OK,0.873939002339356,14.101192361379924,180.0,221.0,1.2277777777777779,28947.5,12,11,1,75.0,37.0
543,candidato_selecionado,OK,0.874155782437052,14.178316511387164,181.0,219.0,1.2099447513812154,28993.0,12,11,1,75.0,37.0
544,candidato_selecionado,OK,0.8756482558640772,14.280228758169935,183.0,219.0,1.1967213114754098,29070.0,11,10,1,75.0,37.0
545,candidato_selecionado,OK,0.8762575602117966,14.413215746421267,184.0,219.0,1.190217391304348,29258.0,13,12,1,75.0,37.0
546,candidato_selecionado,OK,0.8802019869129071,14.567063492063491,187.0,215.0,1.1497326203208555,29483.0,13,12,1,75.0,37.0
547,candidato_selecionado,OK,0.8802604358112164,14.875,190.0,215.0,1.131578947368421,29849.0,13,12,1,75.0,37.0
548,candidato_selecionado,OK,0.8846011289516794,15.169871794871796,193.0,213.0,1.1036269430051813,30267.5,12,11,1,75.0,38.0
549,candidato_selecionado,OK,0.8828137697088384,15.572356035437432,198.0,213.0,1.0757575757575757,30660.0,12,11,1,75.0,39.0
550,candidato_selecionado,OK,0.8801896144751676,16.10350645539906,205.0,209.0,1.0195121951219512,31044.5,12,11,1,75.0,40.0
551,candidato_selecionado,OK,0.8721406259128077,16.780026455026455,207.0,187.0,0.9033816425120773,28711.5,14,13,1,75.0,42.0
552,candidato_selecionado,OK,0.9125156813385387,17.783444816053514,185.0,182.0,0.9837837837837838,24325.0,14,13,1,75.0,44.0
553,candidato_selecionado,OK,0.9290755195912416,19.09548611111111,168.0,182.0,1.0833333333333333,23095.0,12,11,1,75.0,47.0
554,candidato_selecionado,OK,0.9178820475627186,20.758333333333333,161.0,181.0,1.124223602484472,21733.5,12,11,1,75.0,51.0
555,candidato_selecionado,OK,0.9592309735625276,23.455729166666668,188.0,182.0,0.9680851063829787,26153.0,15,14,1,75.0,41.0
556,candidato_selecionado,OK,0.9606829284971555,23.518798449612405,189.0,182.0,0.9629629629629629,26300.5,11,10,1,75.0,41.0
557,candidato_selecionado,OK,0.9610874221270833,23.544161414565824,189.0,183.0,0.9682539682539683,26524.0,11,10,1,75.0,41.0
558,candidato_selecionado,OK,0.9633164533745446,23.570417007917005,189.0,184.0,0.9735449735449735,26753.0,10,9,1,75.0,40.0
559,candidato_selecionado,OK,0.9651367986268156,23.54040404040404,191.0,184.0,0.9633507853403142,27097.0,13,12,1,75.0,39.0
560,candidato_selecionado,OK,0.9626314596885055,23.44589552238806,191.0,185.0,0.9685863874345549,27028.0,11,10,1,75.0,40.0
561,candidato_selecionado,OK,0.9641972521615673,23.419956140350877,191.0,184.0,0.9633507853403142,27106.0,9,8,1,75.0,40.0
562,candidato_selecionado,OK,0.9625720764405106,23.40348101265823,191.0,185.0,0.9685863874345549,27114.0,10,9,1,75.0,40.0
563,candidato_selecionado,OK,0.9632318714240525,23.35648148148148,191.0,184.0,0.9633507853403142,27135.0,8,7,1,75.0,40.0
564,candidato_selecionado,OK,0.9631508242092294,23.465517241379313,191.0,185.0,0.9685863874345549,27152.5,9,8,1,75.0,40.0
565,candidato_selecionado,OK,0.9626419560577446,23.495763888888888,191.0,185.0,0.9685863874345549,27184.0,9,8,1,75.0,40.0
566,candidato_selecionado,OK,0.961909656608106,23.402972027972027,193.0,185.0,0.9585492227979274,27288.0,11,10,1,75.0,40.0
567,candidato_selecionado,OK,0.9619560215591693,23.413194444444446,194.0,184.0,0.9484536082474226,27357.5,12,11,1,75.0,40.0
568,candidato_selecionado,OK,0.9589423239163172,23.416666666666668,196.0,184.0,0.9387755102040817,27372.0,11,10,1,75.0,40.0
569,candidato_selecionado,OK,0.9510970671096274,23.385416666666668,199.0,185.0,0.9296482412060302,27216.5,9,8,1,75.0,41.0
570,candidato_selecionado,OK,0.9366452714772829,23.291666666666668,203.0,185.0,0.9113300492610837,27026.0,11,10,1,75.0,41.0
571,candidato_selecionado,OK,0.9480326203884664,21.0078626193084,188.0,184.0,0.9787234042553191,26486.5,11,10,1,75.0,42.0
572,candidato_selecionado,OK,0.9411545416120604,20.223148148148148,188.0,184.0,0.9787234042553191,26326.0,11,10,1,75.0,42.0
573,candidato_selecionado,OK,0.9330045904982613,19.2859375,190.0,184.0,0.968421052631579,26378.0,13,12,1,75.0,42.0
574,candidato_selecionado,OK,0.9029345318962798,18.11547619047619,206.0,184.0,0.8932038834951457,26872.0,14,13,1,75.0,42.0
575,candidato_selecionado,OK,0.8849367222002532,16.83189655172414,213.0,208.0,0.9765258215962441,31998.5,11,10,1,75.0,41.0
576,candidato_selecionado,OK,0.8854237593335078,15.33467741935484,197.0,214.0,1.0862944162436547,30655.0,9,8,1,75.0,39.0
577,candidato_selecionado,OK,0.886101900601562,14.508580395299143,189.0,213.0,1.126984126984127,29713.0,11,10,1,75.0,37.0
578,candidato_selecionado,OK,0.8826090100116376,14.51268115942029,187.0,215.0,1.1497326203208555,29077.5,11,10,1,75.0,38.0
579,candidato_selecionado,OK,0.8832197389005735,14.775709108429696,190.0,214.0,1.1263157894736842,29354.0,11,10,1,75.0,38.0
580,candidato_selecionado,OK,0.8842489279275348,14.829841713221603,190.0,212.0,1.1157894736842104,29560.5,12,11,1,75.0,38.0
581,candidato_selecionado,OK,0.8822865038067828,14.845949855351977,189.0,212.0,1.1216931216931216,29383.5,11,10,1,75.0,38.0
582,candidato_selecionado,OK,0.8739020378448078,14.600896014357552,186.0,218.0,1.1720430107526882,29295.0,12,11,1,75.0,38.0
583,candidato_selecionado,OK,0.8646823391968314,14.531184816880911,185.0,224.0,1.2108108108108109,29433.5,12,11,1,75.0,38.0
584,candidato_selecionado,OK,0.860775020103045,14.67107732732733,187.0,222.0,1.1871657754010696,29844.0,13,12,1,75.0,38.0
585,candidato_selecionado,OK,0.8497419271374043,15.081798245614033,193.0,222.0,1.150259067357513,30255.0,12,11,1,75.0,38.0
586,candidato_selecionado,OK,0.8479529271100201,15.446039789789788,197.0,219.0,1.1116751269035532,30403.5,11,10,1,75.0,38.0
587,candidato_selecionado,OK,0.8419672941139918,15.605738304093569,199.0,221.0,1.1105527638190955,30340.5,12,11,1,75.0,38.0
588,candidato_selecionado,OK,0.9036249521357063,15.7167684305744,199.0,193.0,0.9698492462311558,29850.5,12,11,1,75.0,37.0
589,candidato_selecionado,OK,0.8483945580893338,15.91176603432701,198.0,231.0,1.1666666666666667,31551.5,12,11,1,75.0,36.0
590,candidato_selecionado,OK,0.8623834706993763,16.203712075547518,195.0,232.0,1.1897435897435897,32984.5,11,10,1,75.0,34.0
591,candidato_selecionado,OK,0.8677649780953209,16.52205882352941,198.0,235.0,1.1868686868686869,33809.5,9,8,1,75.0,33.0
592,candidato_selecionado,OK,0.8663587665289072,16.6559929007431,199.0,239.0,1.2010050251256281,34089.0,9,8,1,75.0,32.0
593,candidato_selecionado,OK,0.8675376225183672,16.68212788259958,200.0,239.0,1.195,34343.5,10,9,1,75.0,32.0
594,candidato_selecionado,OK,0.8644172942967437,16.528703636539486,201.0,241.0,1.199004975124378,34520.0,10,9,1,75.0,32.0
595,candidato_selecionado,OK,0.8607744811247271,16.32166666666667,201.0,242.0,1.2039800995024876,34494.5,9,8,1,75.0,32.0
596,candidato_selecionado,OK,0.856914801640626,16.224520383693044,201.0,243.0,1.208955223880597,34323.0,11,10,1,75.0,32.0
597,candidato_selecionado,OK,0.853422231826239,16.291805555555555,201.0,242.0,1.2039800995024876,34335.5,10,9,1,75.0,32.0
598,candidato_selecionado,OK,0.8461960698867176,16.31846978557505,201.0,248.0,1.2338308457711442,34380.5,9,8,1,75.0,32.0
599,candidato_selecionado,OK,0.8379675656563187,16.193675324675326,202.0,251.0,1.2425742574257426,34249.5,10,9,1,75.0,32.0
600,candidato_selecionado,OK,0.8347504044019216,16.039102564102564,201.0,247.0,1.228855721393035,33888.0,10,9,1,75.0,32.0
601,candidato_selecionado,OK,0.8972622777388944,15.793555652426619,200.0,210.0,1.05,31267.0,12,11,1,75.0,33.0
602,candidato_selecionado,OK,0.8913837735031591,15.602218225419664,198.0,215.0,1.0858585858585859,31188.5,12,11,1,75.0,34.0
603,candidato_selecionado,OK,0.8693940577522379,15.420731707317074,197.0,217.0,1.101522842639594,31213.0,10,9,1,75.0,34.0
604,candidato_selecionado,OK,0.8646630613070989,15.221186025041833,195.0,222.0,1.1384615384615384,31453.0,11,10,1,75.0,34.0
605,candidato_selecionado,OK,0.8785275240794088,14.951190476190476,193.0,218.0,1.1295336787564767,31493.5,9,8,1,75.0,35.0
606,candidato_selecionado,OK,0.8756009776446162,14.658018867924527,189.0,221.0,1.1693121693121693,30929.0,13,12,1,75.0,35.0
607,candidato_selecionado,OK,0.8750139132514501,14.30929487179487,184.0,223.0,1.2119565217391304,30439.0,14,13,1,75.0,35.0
608,candidato_selecionado,OK,0.8757961879900533,14.142241379310343,181.0,221.0,1.2209944751381216,30038.5,14,13,1,75.0,36.0
609,candidato_selecionado,OK,0.8726257208991666,14.048392210144927,181.0,223.0,1.2320441988950277,29925.5,11,10,1,75.0,35.0
610,candidato_selecionado,OK,0.8249295756139878,14.171460176991152,183.0,227.0,1.2404371584699454,26847.0,12,11,1,75.0,35.0
611,candidato_selecionado,OK,0.8288344198632547,14.267028985507245,183.0,223.0,1.2185792349726776,26598.0,15,14,1,75.0,36.0
612,candidato_selecionado,OK,0.8265092878647207,14.18560606060606,183.0,224.0,1.2240437158469946,26225.5,13,12,1,75.0,36.0
613,candidato_selecionado,OK,0.8732430718662594,14.280172413793103,184.0,223.0,1.2119565217391304,29396.0,12,11,1,75.0,37.0
614,candidato_selecionado,OK,0.8754446977008574,14.484144542772862,186.0,224.0,1.2043010752688172,29783.0,11,10,1,75.0,37.0
615,candidato_selecionado,OK,0.8786115422381132,14.916666666666666,190.0,224.0,1.1789473684210525,30396.0,12,11,1,75.0,36.0
616,candidato_selecionado,OK,0.8830038928253024,15.163241653693134,193.0,220.0,1.1398963730569949,30595.5,12,11,1,75.0,36.0
617,candidato_selecionado,OK,0.8844709842876849,15.206709956709958,193.0,219.0,1.1347150259067358,30547.0,12,11,1,75.0,37.0
618,candidato_selecionado,OK,0.8869648439966725,15.08530701754386,192.0,215.0,1.1197916666666667,30291.5,13,12,1,75.0,37.0
619,candidato_selecionado,OK,0.8836992247846578,15.047248974648982,193.0,216.0,1.1191709844559585,30113.5,13,12,1,75.0,37.0
620,candidato_selecionado,OK,0.8842628845854775,15.083333333333334,193.0,215.0,1.1139896373056994,30073.0,12,11,1,75.0,38.0
621,candidato_selecionado,OK,0.8845685557700892,15.29565685261708,195.0,215.0,1.1025641025641026,30265.0,11,10,1,75.0,37.0
622,candidato_selecionado,OK,0.8864822737086102,15.398558368495076,196.0,213.0,1.086734693877551,30306.5,11,10,1,75.0,37.0
623,candidato_selecionado,OK,0.8882276239700847,15.395514801840784,195.0,211.0,1.082051282051282,30133.5,9,8,1,75.0,37.0
624,candidato_selecionado,OK,0.8885533819617154,15.316939890710382,195.0,209.0,1.0717948717948718,30016.0,9,8,1,75.0,37.0
625,candidato_selecionado,OK,0.8896746537623255,15.3512743993994,195.0,208.0,1.0666666666666667,30074.5,10,9,1,75.0,37.0
626,candidato_selecionado,OK,0.8895967210103259,15.367292870905587,196.0,207.0,1.0561224489795917,30094.5,11,10,1,75.0,37.0
627,candidato_selecionado,OK,0.8895051261123077,15.364737274220033,196.0,207.0,1.0561224489795917,30088.5,10,9,1,75.0,37.0
628,candidato_selecionado,OK,0.8895234256053357,15.389591141210248,196.0,207.0,1.0561224489795917,30058.5,13,12,1,75.0,37.0
629,candidato_selecionado,OK,0.8905207936537791,15.300774134790528,195.0,207.0,1.0615384615384615,30068.0,13,12,1,75.0,37.0
630,candidato_selecionado,OK,0.8909694868268845,15.303347247504865,195.0,207.0,1.0615384615384615,30149.5,12,11,1,75.0,37.0
631,candidato_selecionado,OK,0.8904721817949289,15.272012578616353,195.0,208.0,1.0666666666666667,30265.0,12,11,1,75.0,37.0
632,candidato_selecionado,OK,0.8891356124158665,15.181631273524312,194.0,210.0,1.0824742268041236,30156.5,11,10,1,75.0,37.0
633,candidato_selecionado,OK,0.8903618541568622,15.113469601677147,193.0,210.0,1.0880829015544042,30183.5,13,12,1,75.0,37.0
634,candidato_selecionado,OK,0.8829097496600941,15.084300281293954,193.0,216.0,1.1191709844559585,30162.0,12,11,1,75.0,37.0
635,candidato_selecionado,OK,0.882568532103357,15.00886470985155,192.0,217.0,1.1302083333333333,30230.0,12,11,1,75.0,37.0
636,candidato_selecionado,OK,0.8810465841816282,14.913405797101449,190.0,220.0,1.1578947368421053,30195.5,13,12,1,75.0,37.0
637,candidato_selecionado,OK,0.8797903023203525,14.760542168674698,189.0,220.0,1.164021164021164,30054.0,12,11,1,75.0,37.0
638,candidato_selecionado,OK,0.8758236953850427,14.671296296296296,188.0,224.0,1.1914893617021276,29994.5,12,11,1,75.0,37.0
639,candidato_selecionado,OK,0.8746643778310558,14.500555555555556,186.0,224.0,1.2043010752688172,29772.5,11,10,1,75.0,37.0
640,candidato_selecionado,OK,0.8736084180621777,14.33668582375479,184.0,224.0,1.2173913043478262,29551.0,12,11,1,75.0,37.0
641,candidato_selecionado,OK,0.8703430543880672,14.12217514124294,182.0,225.0,1.2362637362637363,29236.5,13,12,1,75.0,37.0
642,candidato_selecionado,OK,0.8650423640535445,13.979166666666666,181.0,227.0,1.2541436464088398,29306.5,12,11,1,75.0,37.0
643,candidato_selecionado,OK,0.868323843733751,13.954152320052467,181.0,224.0,1.2375690607734806,29401.5,12,11,1,75.0,36.0
644,candidato_selecionado,OK,0.8697134176191283,14.125992063492063,182.0,222.0,1.2197802197802199,29631.5,11,10,1,75.0,36.0
645,candidato_selecionado,OK,0.8731097427688264,14.19949494949495,183.0,221.0,1.2076502732240437,29785.5,12,11,1,75.0,36.0
646,candidato_selecionado,OK,0.8701935428627345,14.1134768009768,183.0,223.0,1.2185792349726776,29784.5,17,16,1,75.0,36.0
647,candidato_selecionado,OK,0.8736685435010862,14.124322113136978,182.0,223.0,1.2252747252747254,29833.0,16,15,1,75.0,36.0
648,candidato_selecionado,OK,0.8730123108595813,14.240853658536585,183.0,225.0,1.2295081967213115,30064.0,14,13,1,75.0,35.0
649,candidato_selecionado,OK,0.8736867349454229,14.34657622739018,185.0,226.0,1.2216216216216216,30396.0,14,13,1,75.0,35.0
650,candidato_selecionado,OK,0.8757244865208301,14.455078125,185.0,226.0,1.2216216216216216,30516.0,12,11,1,75.0,35.0
651,candidato_selecionado,OK,0.8752346919884343,14.512640257252327,185.0,227.0,1.227027027027027,30569.5,11,10,1,75.0,35.0
652,candidato_selecionado,OK,0.873708268486037,14.569,186.0,227.0,1.2204301075268817,30553.5,12,11,1,75.0,35.0
653,candidato_selecionado,OK,0.8733801116941635,14.637596899224805,186.0,227.0,1.2204301075268817,30569.0,13,12,1,75.0,35.0
654,candidato_selecionado,OK,0.8779876541614019,14.653039832285115,186.0,223.0,1.1989247311827957,30561.0,14,13,1,75.0,35.0
655,candidato_selecionado,OK,0.8766020247782287,14.63647342995169,186.0,223.0,1.1989247311827957,30462.5,11,10,1,75.0,35.0
656,candidato_selecionado,OK,0.875993871571019,14.588811496802819,187.0,223.0,1.1925133689839573,30365.5,11,10,1,75.0,35.0
657,candidato_selecionado,OK,0.8754819236108936,14.545788939624558,187.0,223.0,1.1925133689839573,30232.5,12,11,1,75.0,35.0
658,candidato_selecionado,OK,0.8765622140945567,14.510234759261765,187.0,222.0,1.1871657754010696,30113.5,11,10,1,75.0,35.0
659,candidato_selecionado,OK,0.8753553824160301,14.483167770419426,186.0,223.0,1.1989247311827957,29999.5,11,10,1,75.0,36.0
660,candidato_selecionado,OK,0.8729788740205598,14.461397058823529,185.0,225.0,1.2162162162162162,29842.5,12,11,1,75.0,36.0
661,candidato_selecionado,OK,0.8705363455771208,14.411127167630058,185.0,226.0,1.2216216216216216,29698.0,11,10,1,75.0,36.0
662,candidato_selecionado,OK,0.8726532467861474,14.391446725317692,184.0,223.0,1.2119565217391304,29525.5,12,11,1,75.0,36.0
663,candidato_selecionado,OK,0.8696589648449623,14.385204081632653,184.0,224.0,1.2173913043478262,29401.0,11,10,1,75.0,36.0
664,candidato_selecionado,OK,0.8744767895625374,14.22623042505593,182.0,219.0,1.2032967032967032,29196.5,11,10,1,75.0,37.0
665,candidato_selecionado,OK,0.8705635005925585,14.085125448028675,182.0,220.0,1.2087912087912087,29105.5,11,10,1,75.0,37.0
666,candidato_selecionado,OK,0.8700697685809533,13.987663398692812,181.0,219.0,1.2099447513812154,28954.0,12,11,1,75.0,37.0
667,candidato_selecionado,OK,0.8660546584929154,13.854963570127504,179.0,223.0,1.2458100558659218,29007.5,14,13,1,75.0,37.0
668,candidato_selecionado,OK,0.8638962592999148,13.857529497993417,179.0,225.0,1.2569832402234637,29169.0,13,12,1,75.0,37.0
669,candidato_selecionado,OK,0.8644188831274101,14.07060878243513,179.0,229.0,1.2793296089385475,29447.0,11,10,1,75.0,37.0
670,candidato_selecionado,OK,0.8654874577498657,14.179545454545455,180.0,231.0,1.2833333333333334,29841.5,12,11,1,75.0,37.0
671,candidato_selecionado,OK,0.8637349730933159,14.221007787801682,181.0,233.0,1.287292817679558,30019.0,11,10,1,75.0,37.0
672,candidato_selecionado,OK,0.8660258492469637,14.241509996766245,181.0,233.0,1.287292817679558,30148.0,11,10,1,75.0,37.0
673,candidato_selecionado,OK,0.8668859736106348,14.291666666666666,181.0,234.0,1.292817679558011,30291.0,13,12,1,75.0,37.0
674,candidato_selecionado,OK,0.8656323892139269,14.331721915285451,183.0,234.0,1.278688524590164,30378.5,12,11,1,75.0,37.0
675,candidato_selecionado,OK,0.8659831058619163,14.347727272727274,183.0,234.0,1.278688524590164,30387.5,12,11,1,75.0,37.0
676,candidato_selecionado,OK,0.8654816942125387,14.305128205128206,182.0,234.0,1.2857142857142858,30272.5,11,10,1,75.0,37.0
677,candidato_selecionado,OK,0.8663053442093065,14.274816742208046,182.0,232.0,1.2747252747252746,30143.0,12,11,1,75.0,37.0
678,candidato_selecionado,OK,0.8672883042989058,14.199281199177639,181.0,230.0,1.270718232044199,29968.0,12,11,1,75.0,37.0
679,candidato_selecionado,OK,0.8675887491105757,14.150948103792416,181.0,228.0,1.2596685082872927,29764.5,12,11,1,75.0,37.0
680,candidato_selecionado,OK,0.8673638228741015,14.083333333333334,180.0,226.0,1.2555555555555555,29492.5,12,11,1,75.0,37.0
681,candidato_selecionado,OK,0.8660102295096725,13.95357142857143,179.0,226.0,1.2625698324022345,29204.0,11,10,1,75.0,37.0
682,candidato_selecionado,OK,0.868057205926503,13.900623585157689,179.0,221.0,1.23463687150838,28901.5,12,11,1,75.0,37.0
683,candidato_selecionado,OK,0.8700352154808018,13.842023172905526,179.0,220.0,1.229050279329609,28792.0,11,10,1,75.0,37.0
684,candidato_selecionado,OK,0.8712235052526457,13.928313609852628,180.0,219.0,1.2166666666666666,28971.0,11,10,1,75.0,37.0
685,candidato_selecionado,OK,0.8724025422887529,14.106884057971016,181.0,220.0,1.2154696132596685,29113.0,11,10,1,75.0,37.0
686,candidato_selecionado,OK,0.8729592123132084,14.181810566935866,182.0,219.0,1.2032967032967032,29217.5,13,12,1,75.0,37.0
687,candidato_selecionado,OK,0.8732637592270519,14.227663757810816,182.0,220.0,1.2087912087912087,29267.5,13,12,1,75.0,37.0
688,candidato_selecionado,OK,0.8726878646386923,14.208333333333334,183.0,221.0,1.2076502732240437,29352.0,12,11,1,75.0,36.0
689,candidato_selecionado,OK,0.872985714428738,14.260744234800839,183.0,222.0,1.2131147540983607,29479.5,12,11,1,75.0,36.0
690,candidato_selecionado,OK,0.8720443990758259,14.316441441441441,184.0,223.0,1.2119565217391304,29581.0,12,11,1,75.0,36.0
691,candidato_selecionado,OK,0.8732921668062176,14.323412698412698,184.0,222.0,1.2065217391304348,29607.0,12,11,1,75.0,36.0
692,candidato_selecionado,OK,0.8726350511732159,14.27195945945946,185.0,222.0,1.2,29642.5,12,11,1,75.0,36.0
693,candidato_selecionado,OK,0.8725213555244169,14.270833333333334,184.0,223.0,1.2119565217391304,29676.0,12,11,1,75.0,36.0
694,candidato_selecionado,OK,0.8720631620302477,14.297699652777778,184.0,223.0,1.2119565217391304,29680.0,11,10,1,75.0,36.0
695,candidato_selecionado,OK,0.8716690630775639,14.226666666666667,184.0,223.0,1.2119565217391304,29694.0,11,10,1,75.0,36.0
696,candidato_selecionado,OK,0.8708836291207795,14.194529652351738,183.0,224.0,1.2240437158469946,29668.0,12,11,1,75.0,36.0
697,candidato_selecionado,OK,0.8704349440855534,14.144270833333332,183.0,224.0,1.2240437158469946,29657.5,12,11,1,75.0,36.0
698,candidato_selecionado,OK,0.8701753421238428,14.105555555555556,183.0,222.0,1.2131147540983607,29627.0,12,11,1,75.0,36.0
699,candidato_selecionado,OK,0.8665686053540035,14.116319444444445,182.0,225.0,1.2362637362637363,29596.5,12,11,1,75.0,36.0
700,candidato_selecionado,OK,0.8669073900465958,14.034334367612294,182.0,224.0,1.2307692307692308,29482.0,12,11,1,75.0,36.0
701,candidato_selecionado,OK,0.8678386193825631,13.992574112978525,181.0,223.0,1.2320441988950277,29386.0,12,11,1,75.0,36.0
702,candidato_selecionado,OK,0.86858954417505,13.967224609141903,181.0,222.0,1.2265193370165746,29292.5,11,10,1,75.0,36.0
703,candidato_selecionado,OK,0.8669031339326797,13.92275828460039,181.0,223.0,1.2320441988950277,29230.5,11,10,1,75.0,36.0
704,candidato_selecionado,OK,0.8700827919233103,13.949817518248175,180.0,221.0,1.2277777777777779,29076.0,12,11,1,75.0,36.0
705,candidato_selecionado,OK,0.8691905579350832,13.963888888888889,180.0,222.0,1.2333333333333334,29015.0,12,11,1,75.0,36.0
706,candidato_selecionado,OK,0.8696268152116993,14.016201870660469,180.0,224.0,1.2444444444444445,29067.5,12,11,1,75.0,37.0
707,candidato_selecionado,OK,0.8707621172179157,14.156849912739965,180.0,225.0,1.25,29215.0,12,11,1,75.0,37.0
708,candidato_selecionado,OK,0.8702228796487467,14.160297927461139,181.0,225.0,1.2430939226519337,29345.5,12,11,1,75.0,37.0
709,candidato_selecionado,OK,0.8724687627901203,14.1275,180.0,224.0,1.2444444444444445,29379.5,12,11,1,75.0,37.0
710,candidato_selecionado,OK,0.8731086927412939,14.125844594594595,180.0,224.0,1.2444444444444445,29412.5,13,12,1,75.0,37.0
711,candidato_selecionado,OK,0.8712051517780708,14.113351254480287,180.0,225.0,1.25,29400.5,13,12,1,75.0,37.0
712,candidato_selecionado,OK,0.8733595888338166,14.090575396825395,179.0,223.0,1.2458100558659218,29323.0,13,12,1,75.0,37.0
713,candidato_selecionado,OK,0.8729638871810287,14.041666666666666,180.0,221.0,1.2277777777777779,29193.0,13,12,1,75.0,37.0
714,candidato_selecionado,OK,0.8726128761742376,14.022633744855966,180.0,221.0,1.2277777777777779,29120.5,13,12,1,75.0,37.0
715,candidato_selecionado,OK,0.8694635042023523,13.958333333333334,180.0,223.0,1.238888888888889,29050.5,13,12,1,75.0,37.0
716,candidato_selecionado,OK,0.8726616973495023,13.929983421507037,180.0,220.0,1.2222222222222223,28970.5,13,12,1,75.0,37.0
717,candidato_selecionado,OK,0.8751545428656261,14.019970414201183,180.0,218.0,1.211111111111111,28996.5,14,13,1,75.0,37.0
718,candidato_selecionado,OK,0.876436010044209,14.021923004870738,180.0,217.0,1.2055555555555555,29009.5,12,11,1,75.0,37.0
719,candidato_selecionado,OK,0.8762199665329277,14.054663608562691,180.0,217.0,1.2055555555555555,29053.5,13,12,1,75.0,37.0
720,candidato_selecionado,OK,0.8738414202711698,14.139705882352942,181.0,220.0,1.2154696132596685,29154.5,11,10,1,75.0,36.0
721,candidato_selecionado,OK,0.8734309347331746,14.136982570806099,181.0,220.0,1.2154696132596685,29184.5,11,10,1,75.0,36.0
722,candidato_selecionado,OK,0.8684384393604531,14.152927927927928,182.0,224.0,1.2307692307692308,29251.5,12,11,1,75.0,36.0
723,candidato_selecionado,OK,0.8719605617622828,14.175429184549357,182.0,221.0,1.2142857142857142,29253.5,12,11,1,75.0,36.0
724,candidato_selecionado,OK,0.8712664093039623,14.168617021276596,182.0,221.0,1.2142857142857142,29280.5,12,11,1,75.0,36.0
725,candidato_selecionado,OK,0.8714118885051758,14.152001862197393,182.0,221.0,1.2142857142857142,29292.5,12,11,1,75.0,36.0
726,candidato_selecionado,OK,0.8720702506590956,14.153879481085363,182.0,220.0,1.2087912087912087,29306.5,12,11,1,75.0,36.0
727,candidato_selecionado,OK,0.8699242297354585,14.135416666666666,182.0,221.0,1.2142857142857142,29291.5,12,11,1,75.0,36.0
728,candidato_selecionado,OK,0.8704437389593955,14.063564476885645,182.0,221.0,1.2142857142857142,29280.0,12,11,1,75.0,36.0
729,candidato_selecionado,OK,0.8706708059390464,14.080716586151368,181.0,222.0,1.2265193370165746,29260.0,12,11,1,75.0,36.0
730,candidato_selecionado,OK,0.8662180435593202,14.072172211573568,181.0,225.0,1.2430939226519337,29232.0,13,12,1,75.0,36.0
731,candidato_selecionado,OK,0.8698645112708356,14.054240631163708,181.0,222.0,1.2265193370165746,29252.5,12,11,1,75.0,36.0
732,candidato_selecionado,OK,0.8684185053913636,14.065450996507089,181.0,223.0,1.2320441988950277,29160.5,11,10,1,75.0,36.0
733,candidato_selecionado,OK,0.8697995094367513,14.022613268608415,180.0,223.0,1.238888888888889,29163.0,12,11,1,75.0,36.0
734,candidato_selecionado,OK,0.8695942512259505,14.04138888888889,179.0,224.0,1.2513966480446927,29142.0,12,11,1,75.0,36.0
735,candidato_selecionado,OK,0.8700690436950942,14.030932080039221,179.0,224.0,1.2513966480446927,29154.5,13,12,1,75.0,36.04000000000087
736,candidato_selecionado,OK,0.8709127809938932,14.026731550969354,179.0,224.0,1.2513966480446927,29180.5,13,12,1,75.0,37.0
737,candidato_selecionado,OK,0.8702751504977227,14.010281385281386,179.0,224.0,1.2513966480446927,29128.5,12,11,1,75.0,37.0
738,candidato_selecionado,OK,0.8716195787612211,14.034269730926193,179.0,224.0,1.2513966480446927,29137.0,12,11,1,75.0,37.0
739,candidato_selecionado,OK,0.8687926834682432,14.050594392346312,179.0,225.0,1.2569832402234637,29203.5,12,11,1,75.0,37.0
740,candidato_selecionado,OK,0.8682299555899367,14.028038840302253,179.0,225.0,1.2569832402234637,29177.0,12,11,1,75.0,37.0
741,candidato_selecionado,OK,0.8688471628938458,14.02365535178035,179.0,224.0,1.2513966480446927,29152.0,12,11,1,75.0,37.0
742,candidato_selecionado,OK,0.8689543315094724,14.009231536926146,179.0,223.0,1.2458100558659218,29123.0,11,10,1,75.0,37.0
743,candidato_selecionado,OK,0.869134993337406,14.003574950690336,179.0,223.0,1.2458100558659218,29051.0,11,10,1,75.0,37.0
744,candidato_selecionado,OK,0.8686725146627348,13.981011661395252,180.0,222.0,1.2333333333333334,29030.5,13,12,1,75.0,37.0
745,candidato_selecionado,OK,0.8694143243219064,13.96712311442237,180.0,221.0,1.2277777777777779,28993.0,13,12,1,75.0,37.0
746,candidato_selecionado,OK,0.8714314198108614,14.024901380670611,180.0,220.0,1.2222222222222223,28997.5,13,12,1,75.0,37.0
747,candidato_selecionado,OK,0.8715113429901294,14.02584388185654,180.0,221.0,1.2277777777777779,29040.5,13,12,1,75.0,37.0
748,candidato_selecionado,OK,0.8700368305870355,14.043115942028985,181.0,221.0,1.2209944751381216,29035.5,13,12,1,75.0,36.0
749,candidato_selecionado,OK,0.8712135798076988,14.05907960199005,181.0,220.0,1.2154696132596685,29041.0,14,13,1,75.0,37.0
750,candidato_selecionado,OK,0.8721526165105192,14.023092369477913,181.0,220.0,1.2154696132596685,29070.5,13,12,1,75.0,36.0
751,candidato_selecionado,OK,0.872564883210307,14.022088353413656,181.0,219.0,1.2099447513812154,29104.5,13,12,1,75.0,36.0
752,candidato_selecionado,OK,0.8721939219508839,14.036513730261523,181.0,219.0,1.2099447513812154,29122.0,13,12,1,75.0,36.0
753,candidato_selecionado,OK,0.8720668849545192,14.04085569105691,181.0,219.0,1.2099447513812154,29115.5,13,12,1,75.0,37.0
754,candidato_selecionado,OK,0.8731559950595381,14.065858488546349,180.0,220.0,1.2222222222222223,29143.5,15,14,1,75.0,36.0
755,candidato_selecionado,OK,0.8720581422305116,14.066748801936663,180.0,221.0,1.2277777777777779,29155.5,12,11,1,75.0,37.0
756,candidato_selecionado,OK,0.8718175167311479,14.062106918238994,180.0,221.0,1.2277777777777779,29159.5,12,11,1,75.0,37.0
757,candidato_selecionado,OK,0.8715175720558567,14.053571428571429,180.0,221.0,1.2277777777777779,29153.0,13,12,1,75.0,37.0
758,candidato_selecionado,OK,0.8693794666793334,14.04075241207594,180.0,223.0,1.238888888888889,29146.5,13,12,1,75.0,37.0
759,candidato_selecionado,OK,0.8691436674074984,14.023584905660378,180.0,224.0,1.2444444444444445,29166.0,12,11,1,75.0,37.0
760,candidato_selecionado,OK,0.8685562732880729,14.03693438914027,180.0,224.0,1.2444444444444445,29159.5,13,12,1,75.0,37.0
761,candidato_selecionado,OK,0.868733754155371,14.027412280701753,180.0,224.0,1.2444444444444445,29157.5,12,11,1,75.0,37.0
762,candidato_selecionado,OK,0.8692995287250994,14.033730158730158,179.0,224.0,1.2513966480446927,29132.5,12,11,1,75.0,37.0
763,candidato_selecionado,OK,0.8689427434378155,14.010937499999999,179.0,224.0,1.2513966480446927,29145.0,13,12,1,75.0,37.0
764,candidato_selecionado,OK,0.8672950209507672,14.020000000000001,180.0,225.0,1.25,29122.0,12,11,1,75.0,37.0
765,candidato_selecionado,OK,0.8683445929763964,14.019270833333332,180.0,224.0,1.2444444444444445,29126.5,12,11,1,75.0,37.0
766,candidato_selecionado,OK,0.8686436380775698,14.041666666666666,180.0,224.0,1.2444444444444445,29130.5,12,11,1,75.0,37.0
767,candidato_selecionado,OK,0.8675575475116735,14.01439393939394,180.0,225.0,1.25,29133.5,12,11,1,75.0,37.0
768,candidato_selecionado,OK,0.8701047101917758,14.02796803652968,180.0,223.0,1.238888888888889,29127.5,12,11,1,75.0,37.0
769,candidato_selecionado,OK,0.8711582184159533,14.03447242206235,179.0,223.0,1.2458100558659218,29134.5,12,11,1,75.0,37.0
770,candidato_selecionado,OK,0.8710702334984137,14.006944444444445,179.0,223.0,1.2458100558659218,29105.5,11,10,1,75.0,37.0
771,candidato_selecionado,OK,0.8702112228000889,13.997061965811966,179.0,224.0,1.2513966480446927,29101.0,12,11,1,75.0,37.0
772,candidato_selecionado,OK,0.8703799410716204,13.994123931623932,179.0,223.0,1.2458100558659218,29077.0,12,11,1,75.0,37.0
773,candidato_selecionado,OK,0.8718462762850551,13.99375,179.0,222.0,1.2402234636871508,29092.0,13,12,1,75.0,37.0
774,candidato_selecionado,OK,0.8719254074719984,13.99412065439673,179.0,222.0,1.2402234636871508,29076.5,12,11,1,75.0,37.0
775,candidato_selecionado,OK,0.8715679469956434,13.97325870646766,179.0,222.0,1.2402234636871508,29065.0,12,11,1,75.0,37.0
776,candidato_selecionado,OK,0.8730902552251765,14.01228323699422,179.0,221.0,1.23463687150838,29070.5,12,11,1,75.0,37.0
777,candidato_selecionado,OK,0.8729046255554355,14.0,179.0,221.0,1.23463687150838,29064.5,12,11,1,75.0,37.0
778,candidato_selecionado,OK,0.8725103357368313,14.003167641325534,179.0,221.0,1.23463687150838,29060.0,12,11,1,75.0,37.0
779,candidato_selecionado,OK,0.8728484411266156,13.997439478584731,179.0,221.0,1.23463687150838,29064.0,12,11,1,75.0,37.0
780,candidato_selecionado,OK,0.8742703109049103,14.0,179.0,220.0,1.229050279329609,29056.0,12,11,1,75.0,37.0
781,candidato_selecionado,OK,0.8733931265839897,14.0,179.0,221.0,1.23463687150838,29055.0,12,11,1,75.0,37.0
782,candidato_selecionado,OK,0.8732749769271129,13.99372759856631,179.0,221.0,1.23463687150838,29064.5,13,12,1,75.0,37.0
783,candidato_selecionado,OK,0.8735901161910291,13.99372759856631,179.0,221.0,1.23463687150838,29069.5,13,12,1,75.0,37.0
784,candidato_selecionado,OK,0.8731120878514249,13.99372759856631,179.0,221.0,1.23463687150838,29063.5,13,12,1,75.0,37.0
785,candidato_selecionado,OK,0.8743687996685745,13.992486338797812,179.0,220.0,1.229050279329609,29054.0,12,11,1,75.0,37.0
786,candidato_selecionado,OK,0.8741196604859495,14.0,179.0,220.0,1.229050279329609,29045.5,14,13,1,75.0,37.0
787,candidato_selecionado,OK,0.8713064221715585,14.008744855967079,179.0,223.0,1.2458100558659218,29076.0,13,12,1,75.0,37.0
788,candidato_selecionado,OK,0.8753355766681185,14.009848484848485,179.0,219.0,1.223463687150838,29063.5,12,11,1,75.0,37.0
789,candidato_selecionado,OK,0.8754498260400463,13.998207885304659,179.0,219.0,1.223463687150838,29052.0,12,11,1,75.0,37.0
790,candidato_selecionado,OK,0.8755863812413195,14.009654471544716,179.0,219.0,1.223463687150838,29066.0,12,11,1,75.0,37.0
791,candidato_selecionado,OK,0.8757350860677096,13.998207885304659,179.0,219.0,1.223463687150838,29055.0,12,11,1,75.0,37.0
792,candidato_selecionado,OK,0.8717873560127899,14.0,179.0,223.0,1.2458100558659218,29085.5,12,11,1,75.0,37.0
793,candidato_selecionado,OK,0.8747002638446989,14.03310502283105,179.0,220.0,1.229050279329609,29063.5,12,11,1,75.0,37.0
794,candidato_selecionado,OK,0.874722726511952,14.03310502283105,179.0,220.0,1.229050279329609,29060.5,12,11,1,75.0,37.0
795,candidato_selecionado,OK,0.874019485318859,14.008928571428571,179.0,220.0,1.229050279329609,29061.0,12,11,1,75.0,37.0
796,candidato_selecionado,OK,0.8742362781987082,14.013888888888888,179.0,220.0,1.229050279329609,29089.0,12,11,1,75.0,37.0
797,candidato_selecionado,OK,0.8746181555312855,14.008928571428571,179.0,220.0,1.229050279329609,29064.0,13,12,1,75.0,37.0
798,candidato_selecionado,OK,0.8715143761207115,14.013888888888888,179.0,223.0,1.2458100558659218,29079.0,12,11,1,75.0,37.0
799,candidato_selecionado,OK,0.8709902235772191,14.032836644591612,179.0,224.0,1.2513966480446927,29094.0,12,11,1,75.0,37.0
800,candidato_selecionado,OK,0.8710681880994068,14.0,180.0,223.0,1.238888888888889,29097.5,14,13,1,75.0,37.0
801,candidato_selecionado,OK,0.8707259972418829,14.0,180.0,223.0,1.238888888888889,29099.0,12,11,1,75.0,37.0
802,candidato_selecionado,OK,0.870777677160146,14.0,180.0,223.0,1.238888888888889,29100.0,12,11,1,75.0,37.0
803,candidato_selecionado,OK,0.8704732314309899,14.0,180.0,223.0,1.238888888888889,29096.0,12,11,1,75.0,37.0
804,candidato_selecionado,OK,0.8707348862839389,14.0,180.0,223.0,1.238888888888889,29090.0,12,11,1,75.0,37.0
805,candidato_selecionado,OK,0.8719247403719407,14.0,179.0,223.0,1.2458100558659218,29089.5,12,11,1,75.0,37.0
806,candidato_selecionado,OK,0.8716250341981303,14.0,179.0,223.0,1.2458100558659218,29083.5,12,11,1,75.0,37.0
807,candidato_selecionado,OK,0.8748725654153701,14.0,179.0,220.0,1.229050279329609,29064.5,12,11,1,75.0,37.0
808,candidato_selecionado,OK,0.8747734021150255,14.004310344827587,179.0,220.0,1.229050279329609,29054.5,12,11,1,75.0,37.0
809,candidato_selecionado,OK,0.8750430725644314,14.004310344827587,179.0,220.0,1.229050279329609,29060.0,12,11,1,75.0,37.0
810,candidato_selecionado,OK,0.8728226454329363,14.013888888888888,179.0,222.0,1.2402234636871508,29075.0,12,11,1,75.0,37.0
811,candidato_selecionado,OK,0.8740084630423278,14.03169014084507,179.0,221.0,1.23463687150838,29084.5,12,11,1,75.0,37.0
812,candidato_selecionado,OK,0.8731883659805825,14.0,179.0,222.0,1.2402234636871508,29097.5,12,11,1,75.0,37.0
813,candidato_selecionado,OK,0.8731468067937879,14.0,179.0,222.0,1.2402234636871508,29093.5,12,11,1,75.0,37.0
814,candidato_selecionado,OK,0.873173620184318,14.0,179.0,222.0,1.2402234636871508,29088.5,12,11,1,75.0,37.0
815,candidato_selecionado,OK,0.8725959705635781,14.0,179.0,222.0,1.2402234636871508,29083.5,12,11,1,75.0,37.0
816,candidato_selecionado,OK,0.8737643404236556,14.0,179.0,221.0,1.23463687150838,29068.5,12,11,1,75.0,37.0
817,candidato_selecionado,OK,0.8739354314915226,14.009578544061304,179.0,221.0,1.23463687150838,29064.5,12,11,1,75.0,37.0
818,candidato_selecionado,OK,0.8741374919049687,14.009578544061304,179.0,221.0,1.23463687150838,29090.5,12,11,1,75.0,37.0
819,candidato_selecionado,OK,0.8747283864638635,14.009578544061304,179.0,220.0,1.229050279329609,29083.0,12,11,1,75.0,37.0
820,candidato_selecionado,OK,0.8748069525959314,14.009578544061304,179.0,220.0,1.229050279329609,29073.5,13,12,1,75.0,37.0
821,candidato_selecionado,OK,0.8742632488481366,14.009803921568627,179.0,220.0,1.229050279329609,29069.5,13,12,1,75.0,37.0
822,candidato_selecionado,OK,0.8732958857581015,14.009803921568627,179.0,221.0,1.23463687150838,29075.0,12,11,1,75.0,37.0
823,candidato_selecionado,OK,0.8735052234559411,14.009803921568627,179.0,221.0,1.23463687150838,29083.0,12,11,1,75.0,37.0
824,candidato_selecionado,OK,0.8746997065627453,14.009803921568627,179.0,220.0,1.229050279329609,29058.5,14,13,1,75.0,37.0
825,candidato_selecionado,OK,0.8746881134689697,14.009803921568627,179.0,220.0,1.229050279329609,29060.5,13,12,1,75.0,37.0
826,candidato_selecionado,OK,0.8744774375123947,14.008838383838382,179.0,220.0,1.229050279329609,29049.5,14,13,1,75.0,37.0
827,candidato_selecionado,OK,0.8740671345763956,14.0,179.0,220.0,1.229050279329609,29050.0,13,12,1,75.0,37.0
828,candidato_selecionado,OK,0.8743444312774106,14.0,179.0,220.0,1.229050279329609,29080.0,13,12,1,75.0,37.0
829,candidato_selecionado,OK,0.8742901991057351,14.0,179.0,220.0,1.229050279329609,29083.0,14,13,1,75.0,37.0
830,candidato_selecionado,OK,0.87455811207491,14.0070281124498,179.0,220.0,1.229050279329609,29089.5,13,12,1,75.0,37.0
831,candidato_selecionado,OK,0.8744916025325539,14.0,179.0,220.0,1.229050279329609,29070.0,13,12,1,75.0,37.0
832,candidato_selecionado,OK,0.8735271009725739,14.0,179.0,221.0,1.23463687150838,29073.0,12,11,1,75.0,37.0
833,candidato_selecionado,OK,0.8711953988222007,14.0,179.0,223.0,1.2458100558659218,29090.5,12,11,1,75.0,37.0
834,candidato_selecionado,OK,0.8736053940612324,14.0,179.0,221.0,1.23463687150838,29079.0,13,12,1,75.0,37.0
835,candidato_selecionado,OK,0.8737527593064222,14.0,179.0,221.0,1.23463687150838,29071.5,13,12,1,75.0,37.0
836,candidato_selecionado,OK,0.8712642766645878,14.0,179.0,223.0,1.2458100558659218,29089.5,12,11,1,75.0,37.0
837,candidato_selecionado,OK,0.8711585508816636,14.0,179.0,223.0,1.2458100558659218,29076.0,12,11,1,75.0,37.0
838,candidato_selecionado,OK,0.8711510012510081,14.0,179.0,223.0,1.2458100558659218,29075.5,12,11,1,75.0,37.0
839,candidato_selecionado,OK,0.8737509781567404,14.0,179.0,221.0,1.23463687150838,29076.5,11,10,1,75.0,37.0
840,candidato_selecionado,OK,0.8719712222910606,14.0,179.0,222.0,1.2402234636871508,29077.0,12,11,1,75.0,36.0
841,candidato_selecionado,OK,0.8742836893066973,14.0,179.0,220.0,1.229050279329609,29052.5,11,10,1,75.0,37.0
842,candidato_selecionado,OK,0.873613677992757,13.952608142493638,179.0,220.0,1.229050279329609,29044.5,12,11,1,75.0,37.0
843,candidato_selecionado,OK,0.871921874314449,13.952608142493638,179.0,222.0,1.2402234636871508,29060.0,12,11,1,75.0,37.0
844,candidato_selecionado,OK,0.8701692746125181,14.0,179.0,224.0,1.2513966480446927,29078.5,12,11,1,75.0,37.0
845,candidato_selecionado,OK,0.8702665907062134,14.0,179.0,224.0,1.2513966480446927,29075.5,13,12,1,75.0,37.0
846,candidato_selecionado,OK,0.8717189969161651,14.0,179.0,223.0,1.2458100558659218,29096.0,12,11,1,75.0,37.0
847,candidato_selecionado,OK,0.8702745993164142,14.0,179.0,224.0,1.2513966480446927,29097.5,11,10,1,75.0,37.0
848,candidato_selecionado,OK,0.8705914950532766,14.0,180.0,223.0,1.238888888888889,29137.0,13,12,1,75.0,37.0
849,candidato_selecionado,OK,0.8707750914537365,14.006635195384211,180.0,223.0,1.238888888888889,29181.0,13,12,1,75.0,37.0
850,candidato_selecionado,OK,0.8710379222135197,14.026826484018265,180.0,223.0,1.238888888888889,29207.0,13,12,1,75.0,37.0
851,candidato_selecionado,OK,0.8705440466233286,14.100241545893718,180.0,224.0,1.2444444444444445,29256.5,12,11,1,75.0,37.0
852,candidato_selecionado,OK,0.8710859527177325,14.125,181.0,223.0,1.2320441988950277,29316.0,14,13,1,75.0,37.0
853,candidato_selecionado,OK,0.8687165233252697,14.17261904761905,181.0,225.0,1.2430939226519337,29390.0,14,13,1,75.0,37.0
854,candidato_selecionado,OK,0.870874389915917,14.277582159624414,182.0,224.0,1.2307692307692308,29528.0,14,13,1,75.0,36.0
855,candidato_selecionado,OK,0.8730812521559874,14.335813492063492,183.0,224.0,1.2240437158469946,29652.0,15,14,1,75.0,36.0
856,candidato_selecionado,OK,0.8742487766391965,14.499387254901961,185.0,223.0,1.2054054054054053,29902.0,15,14,1,75.0,36.0
857,candidato_selecionado,OK,0.8741663015043019,14.694773911627403,188.0,223.0,1.1861702127659575,30209.5,15,14,1,75.0,36.0
858,candidato_selecionado,OK,0.8741112414559375,14.908783783783784,191.0,223.0,1.1675392670157068,30588.0,14,13,1,75.0,36.0
859,candidato_selecionado,OK,0.8759288234421869,15.257142857142858,195.0,221.0,1.1333333333333333,31037.0,14,13,1,75.0,36.0
860,candidato_selecionado,OK,0.8742065818141654,15.641371714456392,200.0,220.0,1.1,31528.5,14,13,1,75.0,38.0
861,candidato_selecionado,OK,0.8726994864788851,16.18261316872428,206.0,216.0,1.0485436893203883,31890.0,14,13,1,75.0,39.0
862,candidato_selecionado,OK,0.8574857735768748,16.925843253968253,209.0,201.0,0.9617224880382775,29590.5,14,13,1,75.0,40.0
863,candidato_selecionado,OK,0.9060937248182979,17.919494720965307,187.0,188.0,1.0053475935828877,25181.0,16,15,1,75.0,43.0
864,candidato_selecionado,OK,0.9185162761832155,19.273284313725487,171.0,187.0,1.0935672514619883,23542.5,13,12,1,75.0,47.0
865,candidato_selecionado,OK,0.9049981234321862,23.28343495934959,187.0,186.0,0.9946524064171123,23405.5,12,11,1,75.0,50.0
866,candidato_selecionado,OK,0.9516970953062343,23.514303482587064,188.0,188.0,1.0,26559.0,13,12,1,75.0,39.0
867,candidato_selecionado,OK,0.9498808235964165,23.574074074074076,188.0,187.0,0.9946808510638298,26253.5,10,9,1,75.0,39.0
868,candidato_selecionado,OK,0.9522852776895951,23.58202142423454,187.0,185.0,0.9893048128342246,26117.5,13,12,1,75.0,39.0
869,candidato_selecionado,OK,0.9512953055338951,23.578703703703706,187.0,185.0,0.9893048128342246,26044.0,10,9,1,75.0,39.0
870,candidato_selecionado,OK,0.9509908166973035,23.5,187.0,185.0,0.9893048128342246,26050.5,10,9,1,75.0,39.0
871,candidato_selecionado,OK,0.9513933903406979,23.500968992248062,188.0,185.0,0.9840425531914894,26139.0,14,13,1,75.0,39.0
872,candidato_selecionado,OK,0.9502379079010901,23.415482826829706,189.0,186.0,0.9841269841269841,26244.0,12,11,1,75.0,39.0
873,candidato_selecionado,OK,0.9512943961756865,23.421428571428567,189.0,186.0,0.9841269841269841,26351.0,13,12,1,75.0,39.0
874,candidato_selecionado,OK,0.9519401215361429,23.483333333333334,189.0,187.0,0.9894179894179894,26479.0,14,13,1,75.0,39.0
875,candidato_selecionado,OK,0.9526962182522691,23.470911949685533,190.0,187.0,0.9842105263157894,26660.0,11,10,1,75.0,39.0
876,candidato_selecionado,OK,0.953909717138556,23.538690476190478,191.0,187.0,0.9790575916230366,26825.5,12,11,1,75.0,39.0
877,candidato_selecionado,OK,0.9525744019534289,23.5759899068323,192.0,189.0,0.984375,27010.5,12,11,1,75.0,39.0
878,candidato_selecionado,OK,0.9512676823327691,23.58889313301078,194.0,189.0,0.9742268041237113,27205.0,9,8,1,75.0,39.0
879,candidato_selecionado,OK,0.949556551365267,23.532963680734998,196.0,189.0,0.9642857142857143,27382.0,11,10,1,75.0,39.0
880,candidato_selecionado,OK,0.9459653675510835,23.45697167755991,199.0,189.0,0.949748743718593,27437.5,13,12,1,75.0,39.0
881,candidato_selecionado,OK,0.9410299067627662,23.32323232323232,202.0,190.0,0.9405940594059405,27550.0,12,11,1,75.0,39.0
882,candidato_selecionado,OK,0.9235036054843618,23.298333333333336,209.0,190.0,0.9090909090909091,27435.0,12,11,1,75.0,40.0
883,candidato_selecionado,OK,0.9380699616572633,20.846774193548388,191.0,189.0,0.9895287958115183,26976.0,14,13,1,75.0,41.0
884,candidato_selecionado,OK,0.9313048388458032,19.89423076923077,192.0,189.0,0.984375,27025.5,12,11,1,75.0,41.0
885,candidato_selecionado,OK,0.9217581613233458,18.816666666666666,195.0,190.0,0.9743589743589743,27342.0,13,12,1,75.0,41.0
886,candidato_selecionado,OK,0.859009341169814,17.603070175438596,218.0,212.0,0.9724770642201835,31889.0,9,8,1,75.0,40.0
887,candidato_selecionado,OK,0.840437701797493,16.163461538461537,205.0,218.0,1.0634146341463415,29020.5,9,8,1,75.0,39.0
888,candidato_selecionado,OK,0.8346173840646519,14.789965986394558,191.0,223.0,1.1675392670157068,27346.0,12,11,1,75.0,38.0
889,candidato_selecionado,OK,0.8330789001159004,14.505226819662568,187.0,225.0,1.2032085561497325,26608.5,13,12,1,75.0,37.0
890,candidato_selecionado,OK,0.8356777803852752,14.612553501112822,188.0,224.0,1.1914893617021276,26440.0,13,12,1,75.0,37.0
891,candidato_selecionado,OK,0.8383302214228902,14.852914991890557,190.0,219.0,1.1526315789473685,26779.0,11,10,1,75.0,36.0
892,candidato_selecionado,OK,0.8383948971654355,14.917783005161866,190.0,218.0,1.1473684210526316,27372.5,11,10,1,75.0,36.0
893,candidato_selecionado,OK,0.8771511308968336,14.88201385817485,188.0,221.0,1.175531914893617,29865.0,11,10,1,75.0,36.0
894,candidato_selecionado,OK,0.8698518863672514,14.541666666666666,186.0,227.0,1.2204301075268817,29595.0,13,12,1,75.0,36.0
895,candidato_selecionado,OK,0.86856769640395,14.377617590206185,187.0,223.0,1.1925133689839573,29881.5,14,13,1,75.0,36.0
896,candidato_selecionado,OK,0.8577726380843433,14.696138211382113,191.0,222.0,1.162303664921466,29894.5,13,12,1,75.0,36.0
897,candidato_selecionado,OK,0.8754138070992453,15.333501392490156,197.0,204.0,1.0355329949238579,29695.5,12,11,1,75.0,36.0
898,candidato_selecionado,OK,0.9026448703905028,15.914855072463768,201.0,192.0,0.9552238805970149,29199.5,15,14,1,75.0,36.0
899,candidato_selecionado,OK,0.9086638919403137,16.33066199950872,198.0,187.0,0.9444444444444444,28737.0,16,15,1,75.0,37.0
900,candidato_selecionado,OK,0.9149840749805842,16.56784188034188,194.0,185.0,0.9536082474226805,28581.0,16,15,1,75.0,37.0
901,candidato_selecionado,OK,0.9151033383313144,16.596556886227543,195.0,185.0,0.9487179487179487,28492.0,18,17,1,75.0,37.0
902,candidato_selecionado,OK,0.9171870847648605,16.431962025316455,195.0,184.0,0.9435897435897436,28396.0,16,15,1,75.0,37.0
903,candidato_selecionado,OK,0.9154010572223777,16.216269841269842,195.0,183.0,0.9384615384615385,28206.0,18,17,1,75.0,37.0
904,candidato_selecionado,OK,0.914560035062703,16.179666666666666,194.0,183.0,0.9432989690721649,27987.0,15,14,1,75.0,37.0
905,candidato_selecionado,OK,0.9159467491206014,16.1836917562724,193.0,181.0,0.9378238341968912,27735.5,14,13,1,75.0,38.0
906,candidato_selecionado,OK,0.9193285850141184,16.58285365428223,193.0,179.0,0.927461139896373,27566.5,14,13,1,75.0,38.0
907,candidato_selecionado,OK,0.9211333453536049,16.74592391304348,194.0,178.0,0.9175257731958762,27471.0,14,13,1,75.0,38.0
908,candidato_selecionado,OK,0.9214593296987433,16.81595414121933,194.0,177.0,0.9123711340206185,27313.5,15,14,1,75.0,39.0
909,candidato_selecionado,OK,0.9234523008390707,16.808074265975822,194.0,175.0,0.9020618556701031,27173.0,16,15,1,75.0,39.0
910,candidato_selecionado,OK,0.9235445838665229,16.84,194.0,175.0,0.9020618556701031,27132.5,16,15,1,75.0,39.0
911,candidato_selecionado,OK,0.9242553511676861,16.89185393258427,194.0,175.0,0.9020618556701031,27190.0,17,16,1,75.0,39.0
912,candidato_selecionado,OK,0.9244050103893879,16.880332778430603,194.0,175.0,0.9020618556701031,27272.0,13,12,1,75.0,38.0
913,candidato_selecionado,OK,0.9214397467946929,16.794082125603865,195.0,177.0,0.9076923076923077,27415.0,15,14,1,75.0,38.0
914,candidato_selecionado,OK,0.9219556136116185,16.659523809523808,195.0,176.0,0.9025641025641026,27546.0,18,17,1,75.0,38.0
915,candidato_selecionado,OK,0.922352048903922,16.651302176919643,195.0,176.0,0.9025641025641026,27683.0,18,17,1,75.0,38.0
916,candidato_selecionado,OK,0.9183681673339098,16.606359649122805,196.0,180.0,0.9183673469387755,27953.5,16,15,1,75.0,37.0
917,candidato_selecionado,OK,0.9207722593685554,16.593791397582383,195.0,180.0,0.9230769230769231,28132.5,17,16,1,75.0,37.0
918,candidato_selecionado,OK,0.9157497417290894,16.57765632454561,196.0,183.0,0.9336734693877551,28409.5,15,14,1,75.0,36.0
919,candidato_selecionado,OK,0.9172165239182468,16.441875951293756,196.0,184.0,0.9387755102040817,28670.0,19,18,1,75.0,36.0
920,candidato_selecionado,OK,0.9144691830839392,16.252047206165702,196.0,186.0,0.9489795918367347,28977.5,13,12,1,75.0,36.0
921,candidato_selecionado,OK,0.9112513931544541,16.133333333333333,198.0,187.0,0.9444444444444444,29145.0,14,13,1,75.0,36.0
922,candidato_selecionado,OK,0.9096296330878854,16.0697983014862,200.0,187.0,0.935,29366.5,17,16,1,75.0,36.0
923,candidato_selecionado,OK,0.9024084907511734,15.885384664618535,203.0,191.0,0.9408866995073891,29559.0,18,17,1,75.0,35.0
924,candidato_selecionado,OK,0.8794138434541674,15.784445482866042,203.0,193.0,0.9507389162561576,29882.0,14,13,1,75.0,35.0
925,candidato_selecionado,OK,0.8708467490995018,15.72241472241472,201.0,207.0,1.0298507462686568,30254.0,16,15,1,75.0,35.0
926,candidato_selecionado,OK,0.8738835892733753,15.616214565004887,200.0,206.0,1.03,30363.0,11,10,1,75.0,35.0
927,candidato_selecionado,OK,0.8823519171576765,15.486806350114415,197.0,206.0,1.0456852791878173,30481.0,12,11,1,75.0,35.0
928,candidato_selecionado,OK,0.8689725226742152,15.244047619047619,193.0,217.0,1.1243523316062176,30590.0,10,9,1,75.0,35.0
929,candidato_selecionado,OK,0.8735685328027584,14.930555555555555,191.0,218.0,1.1413612565445026,30549.5,12,11,1,75.0,35.0
930,candidato_selecionado,OK,0.8755600422368328,14.596991532323726,189.0,221.0,1.1693121693121693,30408.0,11,10,1,75.0,35.0
931,candidato_selecionado,OK,0.8731717378974598,14.277482269503546,185.0,224.0,1.2108108108108109,29993.0,13,12,1,75.0,36.0
932,candidato_selecionado,OK,0.8748578014319977,14.005600358422939,181.0,222.0,1.2265193370165746,29481.0,13,12,1,75.0,37.0
933,candidato_selecionado,OK,0.8761937577575895,13.936309523809525,179.0,220.0,1.229050279329609,29226.0,11,10,1,75.0,37.0
934,candidato_selecionado,OK,0.8752423978298902,14.043613022426095,180.0,222.0,1.2333333333333334,29251.5,13,12,1,75.0,36.0
935,candidato_selecionado,OK,0.8735458865286211,14.168064876957494,181.0,223.0,1.2320441988950277,29226.0,14,13,1,75.0,37.0
936,candidato_selecionado,OK,0.8790006145412347,14.313705234159778,183.0,221.0,1.2076502732240437,29322.5,11,10,1,75.0,37.0
937,candidato_selecionado,OK,0.837120860731211,14.44773473652784,186.0,222.0,1.1935483870967742,26988.5,12,11,1,75.0,37.0
938,candidato_selecionado,OK,0.8777491932112884,14.797131147540982,188.0,224.0,1.1914893617021276,30082.0,13,12,1,75.0,37.0
939,candidato_selecionado,OK,0.8805245413523981,15.100920102492429,192.0,221.0,1.1510416666666667,30500.5,12,11,1,75.0,37.0
940,candidato_selecionado,OK,0.8829064984596224,15.345486111111109,195.0,220.0,1.1282051282051282,30841.0,12,11,1,75.0,37.0
941,candidato_selecionado,OK,0.8386135400037861,15.402777777777779,195.0,219.0,1.123076923076923,28388.5,12,11,1,75.0,38.0
942,candidato_selecionado,OK,0.8364980099770757,15.413079470198674,195.0,221.0,1.1333333333333333,28325.5,12,11,1,75.0,38.0
943,candidato_selecionado,OK,0.8378441909574085,15.486486486486486,196.0,219.0,1.1173469387755102,28373.0,11,10,1,75.0,38.0
944,candidato_selecionado,OK,0.8817003402248261,15.583333333333334,198.0,214.0,1.0808080808080809,30733.0,12,11,1,75.0,39.0
945,candidato_selecionado,OK,0.882476458435,15.626821493624773,199.0,214.0,1.0753768844221105,30855.0,11,10,1,75.0,39.0
946,candidato_selecionado,OK,0.8838060478373653,15.649806718664479,198.0,213.0,1.0757575757575757,30732.5,11,10,1,75.0,39.0
947,candidato_selecionado,OK,0.8869855751372193,15.5109649122807,198.0,211.0,1.0656565656565657,30574.5,12,11,1,75.0,39.0
948,candidato_selecionado,OK,0.8903722021255797,15.574668705402651,197.0,208.0,1.0558375634517767,30381.5,12,11,1,75.0,39.0
949,candidato_selecionado,OK,0.8925280664434679,15.545572916666666,197.0,206.0,1.0456852791878173,30272.0,12,11,1,75.0,39.0
950,candidato_selecionado,OK,0.8965312509521464,15.568181818181818,197.0,203.0,1.0304568527918783,30207.0,12,11,1,75.0,39.0
951,candidato_selecionado,OK,0.8939237946292491,15.511963696369635,196.0,205.0,1.0459183673469388,30169.0,14,13,1,75.0,38.0
952,candidato_selecionado,OK,0.8944906120843598,15.50757103257103,196.0,205.0,1.0459183673469388,30020.0,9,8,1,75.0,38.0
953,candidato_selecionado,OK,0.8877403871010277,15.460185185185187,195.0,211.0,1.082051282051282,29983.0,9,8,1,75.0,38.0
954,candidato_selecionado,OK,0.8914460529112114,15.377178649237473,195.0,209.0,1.0717948717948718,29965.0,10,9,1,75.0,37.0
955,candidato_selecionado,OK,0.8906963108586129,15.266458766458767,194.0,209.0,1.077319587628866,29871.0,11,10,1,75.0,37.0
956,candidato_selecionado,OK,0.8904828771323362,15.165160655709101,193.0,208.0,1.077720207253886,29663.5,11,10,1,75.0,37.0
957,candidato_selecionado,OK,0.8875139972509016,15.06493993993994,191.0,210.0,1.0994764397905759,29449.5,12,11,1,75.0,37.0
958,candidato_selecionado,OK,0.8862235931979157,14.860833333333334,189.0,209.0,1.1058201058201058,29237.5,12,11,1,75.0,36.0
959,candidato_selecionado,OK,0.8849588997046028,14.658064995909868,187.0,210.0,1.1229946524064172,28974.0,12,11,1,75.0,36.0
960,candidato_selecionado,OK,0.8839123206553137,14.43140243902439,185.0,212.0,1.145945945945946,28844.0,12,11,1,75.0,36.0
961,candidato_selecionado,OK,0.8814304576892734,14.375,184.0,216.0,1.173913043478261,28963.0,12,11,1,75.0,36.0
962,candidato_selecionado,OK,0.8789596498734316,14.390001534683854,184.0,219.0,1.190217391304348,29228.0,11,10,1,75.0,35.0
963,candidato_selecionado,OK,0.876249662321508,14.402777777777779,183.0,224.0,1.2240437158469946,29470.5,12,11,1,75.0,35.0
964,candidato_selecionado,OK,0.87387402433594,14.323434622467772,183.0,226.0,1.2349726775956285,29652.0,12,11,1,75.0,35.0
965,candidato_selecionado,OK,0.8751848721415126,14.325284090909092,183.0,226.0,1.2349726775956285,29937.0,12,11,1,75.0,34.0
966,candidato_selecionado,OK,0.8771715284960845,14.416666666666666,184.0,224.0,1.2173913043478262,30224.5,13,12,1,75.0,34.0
967,candidato_selecionado,OK,0.8754705638491157,14.476068821689259,186.0,225.0,1.2096774193548387,30571.5,12,11,1,75.0,33.0
968,candidato_selecionado,OK,0.8781973671912311,14.530812153796026,187.0,222.0,1.1871657754010696,30812.5,13,12,1,75.0,33.0
969,candidato_selecionado,OK,0.8784145240263505,14.541666666666666,187.0,222.0,1.1871657754010696,30967.0,13,12,1,75.0,32.0
970,candidato_selecionado,OK,0.8774679416229477,14.58595571095571,188.0,223.0,1.1861702127659575,31209.5,13,12,1,75.0,32.0
971,candidato_selecionado,OK,0.8773503985941077,14.657244850187267,189.0,223.0,1.17989417989418,31397.0,13,12,1,75.0,32.0
972,candidato_selecionado,OK,0.8791780493024672,14.664141414141413,188.0,222.0,1.1808510638297873,31420.5,12,11,1,75.0,32.0
973,candidato_selecionado,OK,0.8787046627332349,14.56848633392751,187.0,223.0,1.1925133689839573,31412.0,13,12,1,75.0,32.0
974,candidato_selecionado,OK,0.8793874859324926,14.545413838612369,187.0,222.0,1.1871657754010696,31406.0,12,11,1,75.0,32.0
975,candidato_selecionado,OK,0.8756483704130997,14.517177854938273,186.0,226.0,1.2150537634408602,31412.5,12,11,1,75.0,33.0
976,candidato_selecionado,OK,0.8766882058786034,14.520867153679655,186.0,226.0,1.2150537634408602,31426.0,12,11,1,75.0,33.0
977,candidato_selecionado,OK,0.8763560672342248,14.508141902899967,186.0,226.0,1.2150537634408602,31442.0,13,12,1,75.0,33.0
978,candidato_selecionado,OK,0.8754435898396236,14.500856164383563,186.0,226.0,1.2150537634408602,31342.0,12,11,1,75.0,33.0
979,candidato_selecionado,OK,0.8728193302362199,14.468137254901961,185.0,228.0,1.2324324324324325,31199.5,11,10,1,75.0,33.0
980,candidato_selecionado,OK,0.8697343204964297,14.38092231842232,184.0,229.0,1.2445652173913044,31011.5,11,10,1,75.0,33.0
981,candidato_selecionado,OK,0.8714970372518558,14.329323028064033,183.0,227.0,1.2404371584699454,30821.5,11,10,1,75.0,34.0
982,candidato_selecionado,OK,0.8698038531487893,14.262634408602151,183.0,227.0,1.2404371584699454,30573.5,12,11,1,75.0,34.0
983,candidato_selecionado,OK,0.8697736273381116,14.184467503217505,183.0,225.0,1.2295081967213115,30289.5,12,11,1,75.0,34.0
984,candidato_selecionado,OK,0.8678871202449584,14.116666666666667,182.0,225.0,1.2362637362637363,29899.5,11,10,1,75.0,35.0
985,candidato_selecionado,OK,0.8690686460718832,14.0,180.0,224.0,1.2444444444444445,29466.0,11,10,1,75.0,36.0
986,candidato_selecionado,OK,0.8699604675646747,13.92964480874317,179.0,224.0,1.2513966480446927,29120.5,12,11,1,75.0,36.0
987,candidato_selecionado,OK,0.8745969975185632,13.980404065789841,180.0,220.0,1.2222222222222223,28989.5,13,12,1,75.0,36.0
988,candidato_selecionado,OK,0.8773367713975676,14.177086149409751,181.0,220.0,1.2154696132596685,29179.5,12,11,1,75.0,35.0
989,candidato_selecionado,OK,0.881678635949978,14.39917852303523,184.0,216.0,1.173913043478261,29305.5,13,12,1,75.0,35.0
990,candidato_selecionado,OK,0.8835350977886397,14.473184818481847,184.0,214.0,1.1630434782608696,29225.5,13,12,1,75.0,35.0
991,candidato_selecionado,OK,0.8841705793367852,14.47125,184.0,212.0,1.1521739130434783,29068.0,13,12,1,75.0,35.0
992,candidato_selecionado,OK,0.885740448525024,14.4645725667528,184.0,211.0,1.1467391304347827,29072.5,13,12,1,75.0,35.0
993,candidato_selecionado,OK,0.8847178274682967,14.510855754857994,185.0,211.0,1.1405405405405404,29118.5,13,12,1,75.0,35.0
994,candidato_selecionado,OK,0.8855118385187783,14.63557410959966,186.0,210.0,1.1290322580645162,29218.5,13,12,1,75.0,35.0
995,candidato_selecionado,OK,0.8869388535566314,14.65371372356124,186.0,210.0,1.1290322580645162,29300.0,13,12,1,75.0,36.0
996,candidato_selecionado,OK,0.887051335566736,14.636579529254314,185.0,211.0,1.1405405405405404,29277.0,13,12,1,75.0,36.0
997,candidato_selecionado,OK,0.885978348634624,14.575742240215924,186.0,211.0,1.1344086021505377,29305.5,13,12,1,75.0,35.0
998,candidato_selecionado,OK,0.8871460394244588,14.569331983805668,186.0,210.0,1.1290322580645162,29314.0,13,12,1,75.0,35.0
999,candidato_selecionado,OK,0.8879194866298012,14.558333333333332,185.0,210.0,1.135135135135135,29336.5,14,13,1,75.0,35.0
1000,candidato_selecionado,OK,0.8888275545452772,14.541666666666666,184.0,210.0,1.141304347826087,29315.0,13,12,1,75.0,36.0
1001,candidato_selecionado,OK,0.8853254216467483,14.527421652421651,184.0,213.0,1.1576086956521738,29279.5,13,12,1,75.0,35.0
1002,candidato_selecionado,OK,0.8855181419247794,14.481971153846153,184.0,213.0,1.1576086956521738,29254.5,9,8,1,75.0,35.0
1003,candidato_selecionado,OK,0.8869534663011972,14.416666666666666,183.0,213.0,1.1639344262295082,29211.0,10,9,1,75.0,35.0
1004,candidato_selecionado,OK,0.8842008785489823,14.327629310806325,182.0,215.0,1.1813186813186813,29131.0,10,9,1,75.0,35.0
1005,candidato_selecionado,OK,0.8791293474122269,14.223066298342543,181.0,219.0,1.2099447513812154,29149.0,10,9,1,75.0,35.0
1006,candidato_selecionado,OK,0.8784351923432336,14.09963768115942,180.0,219.0,1.2166666666666666,29067.0,12,11,1,75.0,36.0
1007,candidato_selecionado,OK,0.8692017700680073,14.007849731697249,180.0,225.0,1.25,29139.5,11,10,1,75.0,37.0
1008,candidato_selecionado,OK,0.8700154122968657,13.99069579288026,179.0,226.0,1.2625698324022345,29340.5,13,12,1,75.0,36.0
1009,candidato_selecionado,OK,0.8705577254935923,14.0244935797248,180.0,224.0,1.2444444444444445,29578.0,12,11,1,75.0,36.0
1010,candidato_selecionado,OK,0.8689950875672073,14.092093825437956,181.0,226.0,1.2486187845303867,29811.5,12,11,1,75.0,36.0
1011,candidato_selecionado,OK,0.8704747227503341,14.167424242424241,182.0,224.0,1.2307692307692308,30011.0,13,12,1,75.0,36.0
1012,candidato_selecionado,OK,0.8711803825606431,14.171190476190477,182.0,224.0,1.2307692307692308,30148.0,12,11,1,75.0,36.0
1013,candidato_selecionado,OK,0.8711450029475871,14.19070512820513,182.0,224.0,1.2307692307692308,30260.5,12,11,1,75.0,35.0
1014,candidato_selecionado,OK,0.8720606930243678,14.234437630270962,182.0,224.0,1.2307692307692308,30387.5,12,11,1,75.0,35.0
1015,candidato_selecionado,OK,0.8714655755590922,14.244907407407409,182.0,225.0,1.2362637362637363,30436.0,12,11,1,75.0,35.0
1016,candidato_selecionado,OK,0.869676240233976,14.244907407407409,182.0,226.0,1.2417582417582418,30431.5,12,11,1,75.0,35.0
1017,candidato_selecionado,OK,0.8710082241029633,14.238026556776555,182.0,225.0,1.2362637362637363,30363.0,12,11,1,75.0,35.0
1018,candidato_selecionado,OK,0.8693750796631151,14.230769230769232,182.0,226.0,1.2417582417582418,30328.5,11,10,1,75.0,35.0
1019,candidato_selecionado,OK,0.8718778584002942,14.2240675990676,182.0,224.0,1.2307692307692308,30238.5,13,12,1,75.0,36.0
1020,candidato_selecionado,OK,0.8715753694706331,14.200912309368192,181.0,225.0,1.2430939226519337,30121.5,12,11,1,75.0,36.0
1021,candidato_selecionado,OK,0.8708656878812583,14.184065783899753,181.0,225.0,1.2430939226519337,30003.5,12,11,1,75.0,36.0
1022,candidato_selecionado,OK,0.8708724668597929,14.166431261770244,181.0,225.0,1.2430939226519337,29889.0,12,11,1,75.0,36.0
1023,candidato_selecionado,OK,0.8677884576696303,14.149765998680522,181.0,227.0,1.2541436464088398,29727.0,12,11,1,75.0,36.0
1024,candidato_selecionado,OK,0.869925930609654,14.147003745318353,181.0,225.0,1.2430939226519337,29576.0,12,11,1,75.0,36.0
1025,candidato_selecionado,OK,0.8708920381753953,14.143430836139169,180.0,225.0,1.25,29417.5,12,11,1,75.0,36.0
1026,candidato_selecionado,OK,0.8734512161170748,14.132683000604962,180.0,223.0,1.238888888888889,29313.0,12,11,1,75.0,36.0
1027,candidato_selecionado,OK,0.8765072489819318,14.16837121212121,180.0,221.0,1.2277777777777779,29223.0,12,11,1,75.0,36.0
1028,candidato_selecionado,OK,0.8780165598026607,14.208333333333334,181.0,220.0,1.2154696132596685,29185.0,12,11,1,75.0,36.0
1029,candidato_selecionado,OK,0.878043036135895,14.246320346320346,181.0,220.0,1.2154696132596685,29163.0,12,11,1,75.0,36.0
1030,candidato_selecionado,OK,0.8801963534408269,14.250094268476621,181.0,217.0,1.1988950276243093,29111.5,12,11,1,75.0,36.0
1031,candidato_selecionado,OK,0.8818486822270344,14.251077586206897,181.0,217.0,1.1988950276243093,29064.5,12,11,1,75.0,36.0
1032,candidato_selecionado,OK,0.8823100310652157,14.28637566137566,182.0,217.0,1.1923076923076923,29117.0,12,11,1,75.0,36.0
1033,candidato_selecionado,OK,0.8810694717290665,14.327332525532285,183.0,217.0,1.185792349726776,29296.5,12,11,1,75.0,36.0
1034,candidato_selecionado,OK,0.8813282208675058,14.331439393939393,183.0,217.0,1.185792349726776,29210.0,12,11,1,75.0,35.0
1035,candidato_selecionado,OK,0.8822383401865624,14.293018018018017,183.0,216.0,1.180327868852459,29178.0,13,12,1,75.0,35.0
1036,candidato_selecionado,OK,0.882394524684981,14.25,182.0,215.0,1.1813186813186813,29174.5,13,12,1,75.0,35.0
1037,candidato_selecionado,OK,0.8816207935498396,14.166461412151067,181.0,216.0,1.1933701657458564,29044.5,12,11,1,75.0,36.0
1038,candidato_selecionado,OK,0.8798386363187174,14.074050086355784,180.0,217.0,1.2055555555555555,28940.0,12,11,1,75.0,36.0
1039,candidato_selecionado,OK,0.8734609257561365,13.975217864923748,179.0,222.0,1.2402234636871508,28915.0,12,11,1,75.0,36.0
1040,candidato_selecionado,OK,0.8710307570744146,13.921844541910332,179.0,224.0,1.2513966480446927,29004.0,12,11,1,75.0,35.0
1041,candidato_selecionado,OK,0.8752716186499908,13.995075481440983,178.0,222.0,1.247191011235955,29159.0,12,11,1,75.0,35.0
1042,candidato_selecionado,OK,0.8756157706574046,14.03325246132208,179.0,222.0,1.2402234636871508,29363.5,12,11,1,75.0,35.0
1043,candidato_selecionado,OK,0.8730590021777392,14.058757961783437,180.0,223.0,1.238888888888889,29456.0,12,11,1,75.0,35.0
1044,candidato_selecionado,OK,0.8730635229355831,14.06242832085273,179.0,224.0,1.2513966480446927,29520.5,12,11,1,75.0,35.0
1045,candidato_selecionado,OK,0.8728628491121652,14.093012803648163,180.0,224.0,1.2444444444444445,29601.0,13,12,1,75.0,35.0
1046,candidato_selecionado,OK,0.8722170103262744,14.102941176470589,180.0,224.0,1.2444444444444445,29631.0,13,12,1,75.0,35.0
1047,candidato_selecionado,OK,0.872921206979314,14.10304054054054,180.0,224.0,1.2444444444444445,29637.0,12,11,1,75.0,35.0
1048,candidato_selecionado,OK,0.8721035770580705,14.089342279309383,180.0,224.0,1.2444444444444445,29595.0,12,11,1,75.0,35.0
1049,candidato_selecionado,OK,0.8711393443978015,14.089277306967986,180.0,225.0,1.25,29587.5,14,13,1,75.0,35.0
1050,candidato_selecionado,OK,0.8708839011780418,14.083667393873284,180.0,225.0,1.25,29525.5,13,12,1,75.0,35.0
1051,candidato_selecionado,OK,0.8713639362562449,14.072766921233901,180.0,225.0,1.25,29454.0,13,12,1,75.0,35.0
1052,candidato_selecionado,OK,0.8731249451449016,14.057668308702793,179.0,224.0,1.2513966480446927,29372.5,12,11,1,75.0,35.0
1053,candidato_selecionado,OK,0.8726806493781527,14.05915031566517,179.0,224.0,1.2513966480446927,29278.0,13,12,1,75.0,35.0
1054,candidato_selecionado,OK,0.8727526128151615,14.034700528968303,179.0,224.0,1.2513966480446927,29176.0,14,13,1,75.0,35.0
1055,candidato_selecionado,OK,0.8741072044981293,14.025730994152047,179.0,223.0,1.2458100558659218,29068.5,13,12,1,75.0,35.0
1056,candidato_selecionado,OK,0.8749395172269506,14.04112554112554,180.0,220.0,1.2222222222222223,28959.5,13,12,1,75.0,35.0
1057,candidato_selecionado,OK,0.8780857192724096,14.038131313131315,179.0,219.0,1.223463687150838,28897.0,15,14,1,75.0,35.0
1058,candidato_selecionado,OK,0.8749739436645405,14.054324600520252,179.0,222.0,1.2402234636871508,28921.0,15,14,1,75.0,35.0
1059,candidato_selecionado,OK,0.8759740105883335,14.071499700509134,180.0,222.0,1.2333333333333334,29075.0,15,14,1,75.0,35.0
1060,candidato_selecionado,OK,0.8782354334554601,14.133152173913045,180.0,220.0,1.2222222222222223,29096.0,14,13,1,75.0,35.0
1061,candidato_selecionado,OK,0.8764936276707318,14.118408662900189,180.0,221.0,1.2277777777777779,29112.0,14,13,1,75.0,35.0
1062,candidato_selecionado,OK,0.8771256929183373,14.04620607230253,179.0,220.0,1.229050279329609,28969.0,13,12,1,75.0,35.0
1063,candidato_selecionado,OK,0.8762194471076987,13.978603603603604,179.0,219.0,1.223463687150838,28884.5,12,11,1,75.0,35.0
1064,candidato_selecionado,OK,0.8744785888565776,13.903826121794872,179.0,220.0,1.229050279329609,28873.0,12,11,1,75.0,35.0
1065,candidato_selecionado,OK,0.876221714022292,13.92087542087542,178.0,220.0,1.2359550561797752,28932.0,12,11,1,75.0,35.0
1066,candidato_selecionado,OK,0.8740674751121668,13.960349462365592,178.0,223.0,1.252808988764045,28996.5,12,11,1,75.0,35.0
1067,candidato_selecionado,OK,0.8775295482600426,13.967391304347826,178.0,220.0,1.2359550561797752,28950.5,12,11,1,75.0,35.0
1068,candidato_selecionado,OK,0.8786455420387564,13.975931677018634,178.0,220.0,1.2359550561797752,28964.5,12,11,1,75.0,35.0
1069,candidato_selecionado,OK,0.8786439195211324,14.011886183936745,178.0,220.0,1.2359550561797752,29002.0,12,11,1,75.0,35.0
1070,candidato_selecionado,OK,0.8770236369767527,14.022113594040968,178.0,221.0,1.2415730337078652,28998.5,12,11,1,75.0,35.0
1071,candidato_selecionado,OK,0.8778411268248081,14.012037037037038,178.0,221.0,1.2415730337078652,29003.5,12,11,1,75.0,35.0
1072,candidato_selecionado,OK,0.8774319072834063,14.00921052631579,178.0,221.0,1.2415730337078652,28955.5,12,11,1,75.0,35.0
1073,candidato_selecionado,OK,0.8777715150803067,14.006914163436692,178.0,220.0,1.2359550561797752,28961.0,12,11,1,75.0,35.0
1074,candidato_selecionado,OK,0.8763356696603642,13.982944732297064,178.0,221.0,1.2415730337078652,28922.0,12,11,1,75.0,35.0
1075,candidato_selecionado,OK,0.8750627958735763,13.93389687235841,178.0,222.0,1.247191011235955,28905.5,12,11,1,75.0,35.0
1076,candidato_selecionado,OK,0.8733714626802843,13.913971807628522,179.0,222.0,1.2402234636871508,28872.5,13,12,1,75.0,35.0
1077,candidato_selecionado,OK,0.8722998553099127,13.907489814975499,179.0,223.0,1.2458100558659218,28906.0,13,12,1,75.0,35.0
1078,candidato_selecionado,OK,0.8730022828611739,13.906355687238038,179.0,223.0,1.2458100558659218,28951.0,14,13,1,75.0,35.0
1079,candidato_selecionado,OK,0.8749985044781889,13.979166666666666,179.0,222.0,1.2402234636871508,29001.0,12,11,1,75.0,35.0
1080,candidato_selecionado,OK,0.8759185959668863,13.978438194923703,179.0,221.0,1.23463687150838,29003.0,13,12,1,75.0,35.0
1081,candidato_selecionado,OK,0.8766857931345681,13.978021978021978,178.0,221.0,1.2415730337078652,28929.0,12,11,1,75.0,35.0
1082,candidato_selecionado,OK,0.8761021739626487,13.919522444379105,178.0,221.0,1.2415730337078652,28870.5,13,12,1,75.0,35.0
1083,candidato_selecionado,OK,0.8764942277179943,13.920339517113712,178.0,220.0,1.2359550561797752,28807.5,12,11,1,75.0,35.0
1084,candidato_selecionado,OK,0.8777959038929142,13.949423926767677,178.0,219.0,1.2303370786516854,28781.0,12,11,1,75.0,35.0
1085,candidato_selecionado,OK,0.8770191709908332,13.92606482588254,178.0,220.0,1.2359550561797752,28825.0,13,12,1,75.0,35.0
1086,candidato_selecionado,OK,0.876004232892936,13.947615740740739,178.0,222.0,1.247191011235955,28870.5,12,11,1,75.0,35.0
1087,candidato_selecionado,OK,0.8755288653011699,13.947619047619048,178.0,222.0,1.247191011235955,28842.0,13,12,1,75.0,35.0
1088,candidato_selecionado,OK,0.8756122764943406,13.961711711711713,178.0,222.0,1.247191011235955,28845.5,13,12,1,75.0,35.0
1089,candidato_selecionado,OK,0.8765037479160017,13.941568047337277,178.0,220.0,1.2359550561797752,28858.0,13,12,1,75.0,35.0
1090,candidato_selecionado,OK,0.8742553516396574,13.933809399021664,179.0,221.0,1.23463687150838,28871.0,12,11,1,75.0,35.0
1091,candidato_selecionado,OK,0.8733823171413426,13.920944143661748,179.0,222.0,1.2402234636871508,28900.0,12,11,1,75.0,35.0
1092,candidato_selecionado,OK,0.8725808817942747,13.915005385843367,179.0,222.0,1.2402234636871508,28889.0,12,11,1,75.0,35.0
1093,candidato_selecionado,OK,0.8746581520643345,13.916204287515763,179.0,220.0,1.229050279329609,28844.5,13,12,1,75.0,35.0
1094,candidato_selecionado,OK,0.8732303703590855,13.910551213492392,179.0,222.0,1.2402234636871508,28892.0,13,12,1,75.0,35.0
1095,candidato_selecionado,OK,0.8743952308845211,13.913198492896315,179.0,221.0,1.23463687150838,28877.0,13,12,1,75.0,35.0
1096,candidato_selecionado,OK,0.8741768006232125,13.911716589861749,179.0,221.0,1.23463687150838,28840.0,13,12,1,75.0,35.0
1097,candidato_selecionado,OK,0.8728798816223365,13.909830178730521,179.0,222.0,1.2402234636871508,28837.0,15,14,1,75.0,35.0
1098,candidato_selecionado,OK,0.8726122572872577,13.913577379525293,179.0,223.0,1.2458100558659218,28856.5,14,13,1,75.0,35.0
1099,candidato_selecionado,OK,0.8725382176641628,13.91689814814815,179.0,223.0,1.2458100558659218,28874.0,13,12,1,75.0,35.0
1100,candidato_selecionado,OK,0.8740613372954759,13.941426670468587,179.0,222.0,1.2402234636871508,28881.0,13,12,1,75.0,35.0
1101,candidato_selecionado,OK,0.8739456065312152,13.939430574953446,179.0,222.0,1.2402234636871508,28876.0,13,12,1,75.0,35.0
1102,candidato_selecionado,OK,0.8741714624347432,13.945664066522502,179.0,222.0,1.2402234636871508,28876.5,13,12,1,75.0,35.0
1103,candidato_selecionado,OK,0.8737204303235764,13.942732040372055,178.0,223.0,1.252808988764045,28865.5,12,11,1,75.0,35.0
1104,candidato_selecionado,OK,0.8745408059304546,13.933334793016874,178.0,222.0,1.247191011235955,28861.0,12,11,1,75.0,35.0
1105,candidato_selecionado,OK,0.8736535403979192,13.93235329117367,178.0,223.0,1.252808988764045,28863.5,12,11,1,75.0,35.0
1106,candidato_selecionado,OK,0.8727736770446973,13.933739716522945,178.0,224.0,1.2584269662921348,28867.0,12,11,1,75.0,35.0
1107,candidato_selecionado,OK,0.872655356701164,13.932278908360027,178.0,224.0,1.2584269662921348,28867.0,12,11,1,75.0,35.0
1108,candidato_selecionado,OK,0.8728064849996882,13.927526164675372,178.0,224.0,1.2584269662921348,28871.5,12,11,1,75.0,35.0
1109,candidato_selecionado,OK,0.8735521523963528,13.934248554913296,178.0,223.0,1.252808988764045,28844.5,12,11,1,75.0,35.0
1110,candidato_selecionado,OK,0.8725431974008465,13.928832843564654,178.0,224.0,1.2584269662921348,28844.0,12,11,1,75.0,35.0
1111,candidato_selecionado,OK,0.8726439204661451,13.92713122605364,178.0,224.0,1.2584269662921348,28844.0,12,11,1,75.0,35.0
1112,candidato_selecionado,OK,0.8731524259715615,13.92713122605364,178.0,223.0,1.252808988764045,28828.5,12,11,1,75.0,35.0
1113,candidato_selecionado,OK,0.8734946922738227,13.93462246777164,179.0,222.0,1.2402234636871508,28834.5,12,11,1,75.0,35.0
1114,candidato_selecionado,OK,0.8735219600777161,13.93626126126126,179.0,222.0,1.2402234636871508,28833.5,13,12,1,75.0,35.0
1115,candidato_selecionado,OK,0.8738502439335578,13.938920454545455,179.0,222.0,1.2402234636871508,28834.0,13,12,1,75.0,35.0
1116,candidato_selecionado,OK,0.8749730851788248,13.938202247191013,179.0,221.0,1.23463687150838,28801.0,13,12,1,75.0,35.0
1117,candidato_selecionado,OK,0.8739648489898909,13.942707995063975,179.0,222.0,1.2402234636871508,28838.0,13,12,1,75.0,35.0
1118,candidato_selecionado,OK,0.8737558227498261,13.93925821889305,179.0,222.0,1.2402234636871508,28841.0,13,12,1,75.0,35.0
1119,candidato_selecionado,OK,0.873902765864394,13.943334204110066,179.0,222.0,1.2402234636871508,28853.0,13,12,1,75.0,35.0
1120,candidato_selecionado,OK,0.8738576669365894,13.943684939091916,179.0,222.0,1.2402234636871508,28860.5,12,11,1,75.0,35.0
1121,candidato_selecionado,OK,0.8751433039278321,13.945319264069264,178.0,222.0,1.247191011235955,28861.5,12,11,1,75.0,35.0
1122,candidato_selecionado,OK,0.8748618700184688,13.94075173185164,178.0,222.0,1.247191011235955,28853.5,12,11,1,75.0,35.0
1123,candidato_selecionado,OK,0.874704745781135,13.939266774133259,178.0,222.0,1.247191011235955,28854.0,12,11,1,75.0,35.0
1124,candidato_selecionado,OK,0.8750475269031031,13.939266774133259,178.0,222.0,1.247191011235955,28852.5,12,11,1,75.0,35.0
1125,candidato_selecionado,OK,0.8746396326395782,13.939266774133259,178.0,222.0,1.247191011235955,28851.5,12,11,1,75.0,35.0
1126,candidato_selecionado,OK,0.8746138775380459,13.939266774133259,178.0,222.0,1.247191011235955,28849.0,12,11,1,75.0,35.0
1127,candidato_selecionado,OK,0.8747901183813533,13.939266774133259,178.0,222.0,1.247191011235955,28849.5,12,11,1,75.0,35.0
1128,candidato_selecionado,OK,0.874876583943571,13.939266774133259,178.0,222.0,1.247191011235955,28861.5,12,11,1,75.0,35.0
1129,candidato_selecionado,OK,0.873866682604713,13.937335276512107,178.0,223.0,1.252808988764045,28863.0,12,11,1,75.0,35.0
1130,candidato_selecionado,OK,0.8728292338227323,13.935657192601637,178.0,224.0,1.2584269662921348,28866.5,12,11,1,75.0,35.0
1131,candidato_selecionado,OK,0.8717275157386579,13.93017976468659,179.0,224.0,1.2513966480446927,28869.5,13,12,1,75.0,35.0
1132,candidato_selecionado,OK,0.871764023458457,13.91554054054054,179.0,224.0,1.2513966480446927,28866.0,13,12,1,75.0,35.0
1133,candidato_selecionado,OK,0.8723785665260431,13.915123456790125,179.0,223.0,1.2458100558659218,28851.0,12,11,1,75.0,35.0
1134,candidato_selecionado,OK,0.8715745535891533,13.915123456790125,179.0,224.0,1.2513966480446927,28861.0,12,11,1,75.0,35.0
1135,candidato_selecionado,OK,0.8723932229442153,13.915123456790125,179.0,223.0,1.2458100558659218,28851.0,12,11,1,75.0,35.0
1136,candidato_selecionado,OK,0.872076663546999,13.915123456790125,179.0,223.0,1.2458100558659218,28855.0,12,11,1,75.0,35.0
1137,candidato_selecionado,OK,0.8728200423034297,13.915515244559364,179.0,223.0,1.2458100558659218,28852.5,12,11,1,75.0,35.0
1138,candidato_selecionado,OK,0.8738420882078222,13.924667309640713,178.0,223.0,1.252808988764045,28858.0,12,11,1,75.0,35.0
1139,candidato_selecionado,OK,0.8738497293902175,13.923497288725189,178.0,223.0,1.252808988764045,28861.0,12,11,1,75.0,35.0
1140,candidato_selecionado,OK,0.8738098687786442,13.92418043043043,178.0,223.0,1.252808988764045,28861.5,12,11,1,75.0,35.0
1141,candidato_selecionado,OK,0.8736828107988645,13.932870370370372,178.0,223.0,1.252808988764045,28860.5,12,11,1,75.0,35.0
1142,candidato_selecionado,OK,0.8738403463327835,13.933037192220153,178.0,223.0,1.252808988764045,28874.0,12,11,1,75.0,35.0
1143,candidato_selecionado,OK,0.874693596397029,13.933037192220153,179.0,221.0,1.23463687150838,28849.0,12,11,1,75.0,35.0
1144,candidato_selecionado,OK,0.8746532800962392,13.935210622710622,179.0,221.0,1.23463687150838,28849.0,12,11,1,75.0,35.0
1145,candidato_selecionado,OK,0.8748852484711884,13.93720276040718,178.0,222.0,1.247191011235955,28859.5,12,11,1,75.0,35.0
1146,candidato_selecionado,OK,0.8744584625029304,13.93795869325193,178.0,222.0,1.247191011235955,28848.0,12,11,1,75.0,35.0
1147,candidato_selecionado,OK,0.8740450309719064,13.93779130472223,178.0,223.0,1.252808988764045,28860.0,12,11,1,75.0,35.0
1148,candidato_selecionado,OK,0.8739770079415331,13.93779130472223,178.0,223.0,1.252808988764045,28857.0,12,11,1,75.0,35.0
1149,candidato_selecionado,OK,0.8740141850849131,13.935818709011416,178.0,223.0,1.252808988764045,28857.0,12,11,1,75.0,35.0
1150,candidato_selecionado,OK,0.8750517829473916,13.935651014142636,178.0,222.0,1.247191011235955,28866.5,12,11,1,75.0,35.0
1151,candidato_selecionado,OK,0.8742326347936988,13.930924940898345,179.0,222.0,1.2402234636871508,28859.5,13,12,1,75.0,35.0
1152,candidato_selecionado,OK,0.8728773246598962,13.930924940898345,179.0,223.0,1.2458100558659218,28850.0,12,11,1,75.0,35.0
1153,candidato_selecionado,OK,0.8737456670215185,13.927876480541455,179.0,222.0,1.2402234636871508,28848.0,13,12,1,75.0,35.0
1154,candidato_selecionado,OK,0.8726346910454225,13.92686170212766,179.0,223.0,1.2458100558659218,28858.5,13,12,1,75.0,35.0
1155,candidato_selecionado,OK,0.8739003007902365,13.92686170212766,179.0,222.0,1.2402234636871508,28855.0,13,12,1,75.0,35.0
1156,candidato_selecionado,OK,0.8740111082909425,13.926824212271974,179.0,222.0,1.2402234636871508,28847.5,12,11,1,75.0,35.0
1157,candidato_selecionado,OK,0.8745463834973389,13.935648148148148,179.0,221.0,1.23463687150838,28814.5,13,12,1,75.0,35.0
1158,candidato_selecionado,OK,0.8732650159462074,13.925606460532931,179.0,222.0,1.2402234636871508,28828.5,11,10,1,75.0,35.0
1159,candidato_selecionado,OK,0.8723053503802587,13.939221507504536,179.0,223.0,1.2458100558659218,28857.5,12,11,1,75.0,35.0
1160,candidato_selecionado,OK,0.8736387076210665,13.944391590321823,179.0,222.0,1.2402234636871508,28850.5,13,12,1,75.0,35.0
1161,candidato_selecionado,OK,0.8741088108166448,13.97452380952381,179.0,222.0,1.2402234636871508,28873.5,13,12,1,75.0,35.0
1162,candidato_selecionado,OK,0.8731423957360929,13.986108740184363,179.0,223.0,1.2458100558659218,28896.5,14,13,1,75.0,36.0
1163,candidato_selecionado,OK,0.8721900120079932,14.001691610965805,180.0,223.0,1.238888888888889,28933.5,13,12,1,75.0,35.0
1164,candidato_selecionado,OK,0.8737933478412422,14.003378378378379,180.0,222.0,1.2333333333333334,28964.5,12,11,1,75.0,35.0
1165,candidato_selecionado,OK,0.8755261098564289,14.054924242424242,179.0,222.0,1.2402234636871508,28998.5,12,11,1,75.0,35.0
1166,candidato_selecionado,OK,0.8749605218287522,14.091159052453468,180.0,223.0,1.238888888888889,29087.5,12,11,1,75.0,35.0
1167,candidato_selecionado,OK,0.8776792205467883,14.172377326565146,181.0,220.0,1.2154696132596685,29193.0,12,11,1,75.0,35.0
1168,candidato_selecionado,OK,0.8775945957562848,14.26360544217687,182.0,220.0,1.2087912087912087,29331.5,14,13,1,75.0,35.0
1169,candidato_selecionado,OK,0.880210725854456,14.389331210191083,184.0,217.0,1.1793478260869565,29495.0,13,12,1,75.0,35.0
1170,candidato_selecionado,OK,0.882243647062405,14.571596244131456,186.0,216.0,1.1612903225806452,29687.5,14,13,1,75.0,35.0
1171,candidato_selecionado,OK,0.8829464373045653,14.782679738562093,189.0,216.0,1.1428571428571428,29989.0,14,13,1,75.0,35.0
1172,candidato_selecionado,OK,0.884200471682959,15.07772435897436,193.0,215.0,1.1139896373056994,30450.0,14,13,1,75.0,35.0
1173,candidato_selecionado,OK,0.8829643153991144,15.478771097046414,198.0,213.0,1.0757575757575757,30865.0,14,13,1,75.0,36.0
1174,candidato_selecionado,OK,0.8837040592357571,15.99679487179487,204.0,211.0,1.0343137254901962,31388.0,14,13,1,75.0,37.0
1175,candidato_selecionado,OK,0.8709329185026276,16.629027401385127,210.0,197.0,0.9380952380952381,30496.0,14,13,1,75.0,39.0
1176,candidato_selecionado,OK,0.8903575720034512,17.525000000000002,200.0,184.0,0.92,26666.0,15,14,1,75.0,42.0
1177,candidato_selecionado,OK,0.9233744692466517,18.678902116402117,174.0,183.0,1.0517241379310345,23759.5,13,12,1,75.0,46.0
1178,candidato_selecionado,OK,0.9244716266356621,20.26919191919192,169.0,182.0,1.0769230769230769,22663.5,12,11,1,75.0,50.0
1179,candidato_selecionado,OK,0.9508013348162933,23.51923076923077,189.0,182.0,0.9629629629629629,25585.5,12,11,1,75.0,42.0
1180,candidato_selecionado,OK,0.9607349033980114,23.50595238095238,188.0,183.0,0.973404255319149,26388.5,10,9,1,75.0,40.0
1181,candidato_selecionado,OK,0.9622021474348923,23.52710543766578,188.0,183.0,0.973404255319149,26477.0,12,11,1,75.0,40.0
1182,candidato_selecionado,OK,0.9626096036706374,23.53488304093567,188.0,182.0,0.9680851063829787,26405.0,9,8,1,75.0,40.0
1183,candidato_selecionado,OK,0.9618160718702471,23.538333333333338,188.0,183.0,0.973404255319149,26460.0,14,13,1,75.0,39.0
1184,candidato_selecionado,OK,0.9622754386863482,23.470231429637924,188.0,182.0,0.9680851063829787,26360.0,9,8,1,75.0,39.0
1185,candidato_selecionado,OK,0.9606274386310433,23.411147660818713,188.0,182.0,0.9680851063829787,26282.0,9,8,1,75.0,40.0
1186,candidato_selecionado,OK,0.9609745794079141,23.3984375,188.0,182.0,0.9680851063829787,26257.0,10,9,1,75.0,40.0
1187,candidato_selecionado,OK,0.9618272763752922,23.401315789473685,188.0,181.0,0.9627659574468085,26206.5,11,10,1,75.0,40.0
1188,candidato_selecionado,OK,0.9624047547668907,23.415994623655916,187.0,181.0,0.9679144385026738,26228.5,9,8,1,75.0,40.0
1189,candidato_selecionado,OK,0.960836857268767,23.47092352092352,188.0,182.0,0.9680851063829787,26249.0,11,10,1,75.0,40.0
1190,candidato_selecionado,OK,0.961161419468458,23.508620689655174,188.0,182.0,0.9680851063829787,26280.5,11,10,1,75.0,40.0
1191,candidato_selecionado,OK,0.9602930788522033,23.50154320987654,189.0,182.0,0.9629629629629629,26349.5,10,9,1,75.0,39.0
1192,candidato_selecionado,OK,0.9571176883446207,23.471636904761905,191.0,182.0,0.9528795811518325,26411.5,9,8,1,75.0,39.0
1193,candidato_selecionado,OK,0.9546729778217844,23.408955627705627,193.0,181.0,0.9378238341968912,26465.0,12,11,1,75.0,40.0
1194,candidato_selecionado,OK,0.9441155199264581,23.29229797979798,196.0,182.0,0.9285714285714286,26293.5,13,12,1,75.0,40.0
1195,candidato_selecionado,OK,0.94055836707319,23.342391304347824,199.0,182.0,0.914572864321608,26167.0,11,10,1,75.0,41.0
1196,candidato_selecionado,OK,0.9464935769654826,21.188123509000217,184.0,181.0,0.9836956521739131,25310.0,11,10,1,75.0,41.0
1197,candidato_selecionado,OK,0.94023302586632,20.351025132275133,183.0,181.0,0.9890710382513661,25149.5,11,10,1,75.0,41.0
1198,candidato_selecionado,OK,0.9329627997757132,19.36260162601626,183.0,181.0,0.9890710382513661,25059.5,12,11,1,75.0,41.0
1199,candidato_selecionado,OK,0.8892348099830575,18.158333333333335,207.0,181.0,0.8743961352657005,27202.0,14,13,1,75.0,40.0
1200,candidato_selecionado,OK,0.8891740034998827,16.85515873015873,210.0,189.0,0.9,30504.0,12,11,1,75.0,39.0
1201,candidato_selecionado,OK,0.892585819503754,15.42063492063492,197.0,200.0,1.015228426395939,29958.5,12,11,1,75.0,36.0
1202,candidato_selecionado,OK,0.8847771254865922,14.502239747432057,187.0,211.0,1.1283422459893049,29117.0,11,10,1,75.0,35.0
1203,candidato_selecionado,OK,0.8854977168130085,14.516757590562008,185.0,209.0,1.1297297297297297,28798.5,11,10,1,75.0,35.0
1204,candidato_selecionado,OK,0.8890697104776697,14.907123960695392,190.0,208.0,1.0947368421052632,29649.5,11,10,1,75.0,34.0
1205,candidato_selecionado,OK,0.8823701829794746,15.335043856697402,195.0,211.0,1.082051282051282,30284.0,12,11,1,75.0,34.0
1206,candidato_selecionado,OK,0.88540740716747,15.59678130511464,198.0,210.0,1.0606060606060606,30727.0,12,11,1,75.0,34.0
1207,candidato_selecionado,OK,0.8797826410095893,15.580555555555556,198.0,216.0,1.0909090909090908,31137.5,11,10,1,75.0,34.0
1208,candidato_selecionado,OK,0.8778232232013682,15.437268518518517,196.0,218.0,1.1122448979591837,31065.5,10,9,1,75.0,34.0
1209,candidato_selecionado,OK,0.8746318100745978,15.041614906832299,191.0,222.0,1.162303664921466,30658.0,13,12,1,75.0,34.0
1210,candidato_selecionado,OK,0.8697663893952713,14.593668778427551,189.0,221.0,1.1693121693121693,30193.0,12,11,1,75.0,34.0
1211,candidato_selecionado,OK,0.8741875167218979,14.560595238095239,188.0,216.0,1.148936170212766,30389.5,11,10,1,75.0,34.0
1212,candidato_selecionado,OK,0.879378162027663,14.996212121212123,192.0,209.0,1.0885416666666667,30615.0,14,13,1,75.0,33.0
1213,candidato_selecionado,OK,0.8746294056165552,15.557539682539684,198.0,209.0,1.0555555555555556,31037.5,11,10,1,75.0,33.0
1214,candidato_selecionado,OK,0.8955409363720065,15.946428571428571,202.0,208.0,1.0297029702970297,31396.0,12,11,1,75.0,33.0
1215,candidato_selecionado,OK,0.8960776379945775,16.229567569036746,204.0,208.0,1.0196078431372548,31782.0,10,9,1,75.0,32.0
1216,candidato_selecionado,OK,0.896279159046638,16.33936403508772,205.0,211.0,1.0292682926829269,32109.5,9,8,1,75.0,32.0
1217,candidato_selecionado,OK,0.8960638132434898,16.20659722222222,204.0,212.0,1.0392156862745099,32246.0,11,10,1,75.0,31.0
1218,candidato_selecionado,OK,0.8886816686689033,15.875,201.0,220.0,1.0945273631840795,32311.5,10,9,1,75.0,31.0
1219,candidato_selecionado,OK,0.8919139244406927,15.580100574712645,201.0,218.0,1.0845771144278606,32348.5,9,8,1,75.0,31.0
1220,candidato_selecionado,OK,0.891596485284165,15.570961477001745,199.0,219.0,1.100502512562814,32271.5,10,9,1,75.0,31.0
1221,candidato_selecionado,OK,0.8911620911270913,15.692934782608695,200.0,220.0,1.1,32475.5,8,7,1,75.0,31.0
1222,candidato_selecionado,OK,0.892289093292823,15.921296296296296,201.0,221.0,1.099502487562189,32757.0,9,8,1,75.0,31.0
1223,candidato_selecionado,OK,0.8923448514679894,15.902777777777779,201.0,222.0,1.1044776119402986,32898.0,8,7,1,75.0,31.0
1224,candidato_selecionado,OK,0.8912310620954969,15.763,200.0,223.0,1.115,32840.0,7,6,1,75.0,31.0
1225,candidato_selecionado,OK,0.8890991798679163,15.62121212121212,199.0,224.0,1.1256281407035176,32811.5,10,9,1,75.0,32.0
1226,candidato_selecionado,OK,0.8861356009726734,15.590839373306977,199.0,226.0,1.135678391959799,32866.0,9,8,1,75.0,32.0
1227,candidato_selecionado,OK,0.8852524703276177,15.564285714285715,198.0,228.0,1.1515151515151516,32946.0,10,9,1,75.0,32.0
1228,candidato_selecionado,OK,0.881136608001043,15.393440170940172,197.0,230.0,1.16751269035533,32774.0,9,8,1,75.0,32.0
1229,candidato_selecionado,OK,0.8364103608997567,15.22420634920635,195.0,228.0,1.1692307692307693,28519.0,10,9,1,75.0,33.0
1230,candidato_selecionado,OK,0.8307734355739332,15.089192708333334,193.0,231.0,1.1968911917098446,28355.0,9,8,1,75.0,33.0
1231,candidato_selecionado,OK,0.8295384904585821,15.010354070932015,193.0,232.0,1.2020725388601037,28250.0,10,9,1,75.0,33.0
1232,candidato_selecionado,OK,0.8290757317678791,14.984112709832134,193.0,234.0,1.2124352331606219,28332.0,9,8,1,75.0,34.0
1233,candidato_selecionado,OK,0.8300141704063525,14.984456767007538,191.0,230.0,1.2041884816753927,28236.0,8,7,1,75.0,34.0
1234,candidato_selecionado,OK,0.8312172139148564,14.92469688845197,191.0,230.0,1.2041884816753927,28134.5,10,9,1,75.0,35.0
1235,candidato_selecionado,OK,0.8288268422518651,14.761574074074074,189.0,233.0,1.2328042328042328,27992.0,11,10,1,75.0,36.0
1236,candidato_selecionado,OK,0.8237776358669602,14.595930232558139,188.0,234.0,1.2446808510638299,27730.5,14,13,1,75.0,36.0
1237,candidato_selecionado,OK,0.8245366188401702,14.423827597840756,186.0,229.0,1.2311827956989247,27508.5,12,11,1,75.0,36.0
1238,candidato_selecionado,OK,0.8678555408157218,14.268464052287582,183.0,231.0,1.2622950819672132,30906.0,11,10,1,75.0,37.0
1239,candidato_selecionado,OK,0.8665152726301193,14.169037940379404,182.0,230.0,1.2637362637362637,30424.5,12,11,1,75.0,37.0
1240,candidato_selecionado,OK,0.8665822262770873,13.98919293356397,180.0,229.0,1.2722222222222221,29926.5,11,10,1,75.0,38.0
1241,candidato_selecionado,OK,0.8710255248331552,13.913403927957281,178.0,225.0,1.2640449438202248,29374.0,14,13,1,75.0,38.0
1242,candidato_selecionado,OK,0.8736468101151504,13.858333333333334,178.0,221.0,1.2415730337078652,29104.0,11,10,1,75.0,38.0
1243,candidato_selecionado,OK,0.8771654805268808,14.023065476190476,180.0,220.0,1.2222222222222223,29207.0,14,13,1,75.0,38.0
1244,candidato_selecionado,OK,0.8831935977991634,14.279539984281362,183.0,215.0,1.174863387978142,29398.0,14,13,1,75.0,37.0
1245,candidato_selecionado,OK,0.8891359523387883,14.515229885057472,186.0,209.0,1.1236559139784945,29536.0,14,13,1,75.0,37.0
1246,candidato_selecionado,OK,0.8922704188704669,14.692326760722986,187.0,206.0,1.1016042780748663,29543.0,14,13,1,75.0,37.0
1247,candidato_selecionado,OK,0.8913700030955755,14.813139059304703,189.0,204.0,1.0793650793650793,29504.0,11,10,1,75.0,38.0
1248,candidato_selecionado,OK,0.8890659362321599,14.999531835205993,190.0,205.0,1.0789473684210527,29558.5,10,9,1,75.0,38.0
1249,candidato_selecionado,OK,0.8886192420608686,15.164682317477206,193.0,204.0,1.0569948186528497,29710.5,9,8,1,75.0,38.0
1250,candidato_selecionado,OK,0.8916354758046696,15.301470588235295,194.0,201.0,1.0360824742268042,29812.5,9,8,1,75.0,38.0
1251,candidato_selecionado,OK,0.8897631897641594,15.334307043167803,195.0,202.0,1.035897435897436,29766.0,9,8,1,75.0,38.0
1252,candidato_selecionado,OK,0.890359545791847,15.322730960774441,194.0,203.0,1.0463917525773196,29699.5,10,9,1,75.0,38.0
1253,candidato_selecionado,OK,0.8903641531933939,15.241402116402115,193.0,202.0,1.0466321243523315,29598.5,11,10,1,75.0,38.0
1254,candidato_selecionado,OK,0.891494872907418,15.173757869892492,193.0,202.0,1.0466321243523315,29627.0,11,10,1,75.0,38.0
1255,candidato_selecionado,OK,0.8894289897530255,15.110431044316433,192.0,203.0,1.0572916666666667,29626.5,12,11,1,75.0,38.0
1256,candidato_selecionado,OK,0.8864550056843233,15.031040233479258,191.0,207.0,1.0837696335078535,29599.5,11,10,1,75.0,38.0
1257,candidato_selecionado,OK,0.8896444914717406,14.903581267217632,190.0,205.0,1.0789473684210527,29565.0,10,9,1,75.0,37.0
1258,candidato_selecionado,OK,0.8881807744109727,14.796322160148975,189.0,208.0,1.1005291005291005,29578.0,10,9,1,75.0,37.0
1259,candidato_selecionado,OK,0.8848150778753516,14.727363096080373,188.0,213.0,1.1329787234042554,29652.5,9,8,1,75.0,37.0
1260,candidato_selecionado,OK,0.8833882227603496,14.648350970017637,186.0,217.0,1.1666666666666667,29743.5,10,9,1,75.0,37.0
1261,candidato_selecionado,OK,0.8833339414378217,14.52751572327044,185.0,217.0,1.172972972972973,29726.0,9,8,1,75.0,37.0
1262,candidato_selecionado,OK,0.8797831345509862,14.396956187804713,185.0,219.0,1.1837837837837837,29715.5,11,10,1,75.0,37.0
1263,candidato_selecionado,OK,0.8806048856595975,14.331284153005464,184.0,220.0,1.1956521739130435,29722.0,11,10,1,75.0,37.0
1264,candidato_selecionado,OK,0.87830168651158,14.245155038759691,183.0,221.0,1.2076502732240437,29668.5,12,11,1,75.0,37.0
1265,candidato_selecionado,OK,0.8733716275308766,14.166666666666666,182.0,223.0,1.2252747252747254,29480.0,12,11,1,75.0,37.0
1266,candidato_selecionado,OK,0.8245061129038443,14.082682291666666,181.0,222.0,1.2265193370165746,25672.5,12,11,1,75.0,37.0
1267,candidato_selecionado,OK,0.8224940768348247,14.112722567287785,181.0,225.0,1.2430939226519337,25773.0,10,9,1,75.0,37.0
1268,candidato_selecionado,OK,0.8218367155667037,14.12733644859813,181.0,226.0,1.2486187845303867,25774.5,11,10,1,75.0,37.0
1269,candidato_selecionado,OK,0.8659906643086669,14.113271604938271,181.0,225.0,1.2430939226519337,29519.5,11,10,1,75.0,36.0
1270,candidato_selecionado,OK,0.8704289106157443,14.15634057210064,181.0,223.0,1.2320441988950277,29640.0,12,11,1,75.0,36.0
1271,candidato_selecionado,OK,0.8704638523944657,14.28074494949495,183.0,223.0,1.2185792349726776,29799.5,13,12,1,75.0,36.0
1272,candidato_selecionado,OK,0.8730464017053239,14.379985754985755,183.0,222.0,1.2131147540983607,29863.5,11,10,1,75.0,36.0
1273,candidato_selecionado,OK,0.8728606958608028,14.446840241098613,185.0,221.0,1.1945945945945946,29918.0,12,11,1,75.0,36.0
1274,candidato_selecionado,OK,0.8721032772755656,14.499503968253968,186.0,221.0,1.1881720430107527,30017.0,13,12,1,75.0,36.0
1275,candidato_selecionado,OK,0.8715376010588071,14.595757099294834,188.0,221.0,1.175531914893617,30086.5,13,12,1,75.0,36.0
1276,candidato_selecionado,OK,0.8715797955972122,14.732438016528926,189.0,221.0,1.1693121693121693,30178.0,10,9,1,75.0,35.0
1277,candidato_selecionado,OK,0.8727697349087785,14.75,190.0,221.0,1.1631578947368422,30278.0,11,10,1,75.0,35.0
1278,candidato_selecionado,OK,0.8708936840101779,14.74363425925926,190.0,222.0,1.168421052631579,30226.0,12,11,1,75.0,35.0
1279,candidato_selecionado,OK,0.8711066385819588,14.741480713603785,190.0,222.0,1.168421052631579,30164.0,12,11,1,75.0,35.0
1280,candidato_selecionado,OK,0.8737703485237746,14.727904040404042,189.0,221.0,1.1693121693121693,30016.5,11,10,1,75.0,35.0
1281,candidato_selecionado,OK,0.8741140643783518,14.649943310657596,188.0,221.0,1.175531914893617,29855.5,13,12,1,75.0,35.0
1282,candidato_selecionado,OK,0.872796008343858,14.580673758865247,187.0,222.0,1.1871657754010696,29628.5,14,13,1,75.0,36.0
1283,candidato_selecionado,OK,0.8723721338728331,14.56398759870982,187.0,222.0,1.1871657754010696,29491.5,14,13,1,75.0,36.0
1284,candidato_selecionado,OK,0.8730873482471369,14.555813373253493,185.0,223.0,1.2054054054054053,29424.0,14,13,1,75.0,36.0
1285,candidato_selecionado,OK,0.8710693356506615,14.503797246906124,184.0,224.0,1.2173913043478262,29306.5,14,13,1,75.0,36.0
1286,candidato_selecionado,OK,0.8746002678679858,14.44149118443597,183.0,222.0,1.2131147540983607,29154.5,14,13,1,75.0,35.0
1287,candidato_selecionado,OK,0.8757756423974992,14.324339523504591,182.0,220.0,1.2087912087912087,28970.5,13,12,1,75.0,35.0
1288,candidato_selecionado,OK,0.8765294792308795,14.180058096151797,181.0,218.0,1.2044198895027625,28758.0,12,11,1,75.0,35.0
1289,candidato_selecionado,OK,0.8763008735839356,14.072454844006566,181.0,217.0,1.1988950276243093,28562.0,12,11,1,75.0,35.0
1290,candidato_selecionado,OK,0.8792753171763359,14.054755671902269,180.0,216.0,1.2,28588.5,12,11,1,75.0,35.0
1291,candidato_selecionado,OK,0.8818382378310884,14.127366255144032,180.0,217.0,1.2055555555555555,28778.5,12,11,1,75.0,36.0
1292,candidato_selecionado,OK,0.8835737682489904,14.236674730121116,182.0,217.0,1.1923076923076923,29068.0,12,11,1,75.0,35.0
1293,candidato_selecionado,OK,0.8834994299542567,14.251703354297694,182.0,218.0,1.1978021978021978,29243.5,10,9,1,75.0,35.0
1294,candidato_selecionado,OK,0.8799651937808151,14.303264331210192,182.0,223.0,1.2252747252747254,29410.5,10,9,1,75.0,35.0
1295,candidato_selecionado,OK,0.8816694951039984,14.298289183222957,182.0,223.0,1.2252747252747254,29561.0,10,9,1,75.0,35.0
1296,candidato_selecionado,OK,0.878868886574514,14.34258601641414,183.0,226.0,1.2349726775956285,29746.0,9,8,1,75.0,35.0
1297,candidato_selecionado,OK,0.8819340311087995,14.364192420897718,183.0,224.0,1.2240437158469946,29804.5,10,9,1,75.0,35.0
1298,candidato_selecionado,OK,0.8813975518867097,14.338133640552996,183.0,225.0,1.2295081967213115,29800.5,10,9,1,75.0,35.0
1299,candidato_selecionado,OK,0.8805866013870061,14.324661590524535,183.0,225.0,1.2295081967213115,29746.5,12,11,1,75.0,35.0
1300,candidato_selecionado,OK,0.8816908552855316,14.238905325443787,183.0,222.0,1.2131147540983607,29611.5,12,11,1,75.0,36.0
1301,candidato_selecionado,OK,0.8838417349310974,14.22238480697385,182.0,219.0,1.2032967032967032,29421.5,12,11,1,75.0,36.0
1302,candidato_selecionado,OK,0.8797622843356263,14.148454113942641,181.0,221.0,1.2209944751381216,29326.0,12,11,1,75.0,36.0
1303,candidato_selecionado,OK,0.8801078154884083,14.02347836187442,180.0,220.0,1.2222222222222223,29146.0,13,12,1,75.0,36.0
1304,candidato_selecionado,OK,0.873688762608687,13.858985513397279,179.0,223.0,1.2458100558659218,28931.5,13,12,1,75.0,36.0
1305,candidato_selecionado,OK,0.8740118410927111,13.836917562724013,178.0,221.0,1.2415730337078652,28741.5,13,12,1,75.0,37.0
1306,candidato_selecionado,OK,0.8701515986771814,13.896005884917173,179.0,224.0,1.2513966480446927,28800.0,14,13,1,75.0,37.0
1307,candidato_selecionado,OK,0.8743049751729962,14.071705426356589,180.0,221.0,1.2277777777777779,28881.0,13,12,1,75.0,37.0
1308,candidato_selecionado,OK,0.8738123788889265,14.223485020255154,182.0,221.0,1.2142857142857142,28999.5,12,11,1,75.0,37.0
1309,candidato_selecionado,OK,0.876995781823822,14.322838688794727,182.0,220.0,1.2087912087912087,29065.5,12,11,1,75.0,37.0
1310,candidato_selecionado,OK,0.8779488133201774,14.417328042328043,183.0,220.0,1.2021857923497268,29147.5,12,11,1,75.0,36.0
1311,candidato_selecionado,OK,0.8769639658258173,14.439860426929393,183.0,221.0,1.2076502732240437,29226.0,13,12,1,75.0,36.0
1312,candidato_selecionado,OK,0.8761278804728793,14.498123123123122,184.0,221.0,1.201086956521739,29235.5,13,12,1,75.0,36.0
1313,candidato_selecionado,OK,0.8775369706736863,14.513888888888888,184.0,220.0,1.1956521739130435,29222.0,13,12,1,75.0,36.0
1314,candidato_selecionado,OK,0.8782802847445872,14.48551245210728,184.0,219.0,1.190217391304348,29185.0,13,12,1,75.0,37.0
1315,candidato_selecionado,OK,0.8795849876986477,14.494221022215905,184.0,218.0,1.184782608695652,29149.0,13,12,1,75.0,37.0
1316,candidato_selecionado,OK,0.878146737255208,14.479119538351975,184.0,219.0,1.190217391304348,29157.0,10,9,1,75.0,37.0
1317,candidato_selecionado,OK,0.8801282460680273,14.422163120567376,183.0,218.0,1.1912568306010929,29098.0,10,9,1,75.0,37.0
1318,candidato_selecionado,OK,0.8839966447473573,14.340780998389695,182.0,215.0,1.1813186813186813,29030.5,11,10,1,75.0,37.0
1319,candidato_selecionado,OK,0.8807156495274913,14.255240549828178,182.0,217.0,1.1923076923076923,28969.0,12,11,1,75.0,37.0
1320,candidato_selecionado,OK,0.8796052135083998,14.165873015873016,181.0,217.0,1.1988950276243093,28872.5,12,11,1,75.0,37.0
1321,candidato_selecionado,OK,0.8788148701735145,14.077651515151516,179.0,218.0,1.217877094972067,28827.5,12,11,1,75.0,37.0
1322,candidato_selecionado,OK,0.8764024176933775,13.94139204132111,178.0,220.0,1.2359550561797752,28792.5,12,11,1,75.0,37.0
1323,candidato_selecionado,OK,0.8742025636434878,13.858103404805753,178.0,221.0,1.2415730337078652,28844.5,12,11,1,75.0,37.0
1324,candidato_selecionado,OK,0.8741291174481972,13.833333333333334,178.0,222.0,1.247191011235955,29033.5,12,11,1,75.0,37.0
1325,candidato_selecionado,OK,0.874568477856983,13.887173782042368,179.0,222.0,1.2402234636871508,29204.5,12,11,1,75.0,36.0
1326,candidato_selecionado,OK,0.8744532894472516,13.984722222222222,179.0,224.0,1.2513966480446927,29432.0,12,11,1,75.0,36.0
1327,candidato_selecionado,OK,0.8733071343294379,14.031435508935509,180.0,224.0,1.2444444444444445,29581.5,12,11,1,75.0,36.0
1328,candidato_selecionado,OK,0.8725723517227311,14.062360178970918,180.0,225.0,1.25,29618.5,11,10,1,75.0,36.0
1329,candidato_selecionado,OK,0.8722002742510514,14.069991789819376,180.0,225.0,1.25,29678.5,10,9,1,75.0,36.0
1330,candidato_selecionado,OK,0.8705342230461037,14.063069216757741,180.0,226.0,1.2555555555555555,29686.0,9,8,1,75.0,36.0
1331,candidato_selecionado,OK,0.8333632339165685,14.065252349123318,180.0,225.0,1.25,26969.5,11,10,1,75.0,36.0
1332,candidato_selecionado,OK,0.870145490924753,14.011856652374618,180.0,225.0,1.25,29503.0,11,10,1,75.0,36.0
1333,candidato_selecionado,OK,0.8714507422762728,13.964080459770114,179.0,224.0,1.2513966480446927,29364.5,12,11,1,75.0,36.0
1334,candidato_selecionado,OK,0.8308391227055086,13.911842105263156,179.0,224.0,1.2513966480446927,26646.0,12,11,1,75.0,36.0
1335,candidato_selecionado,OK,0.8699939320618925,13.82554945054945,178.0,223.0,1.252808988764045,28908.0,12,11,1,75.0,37.0
1336,candidato_selecionado,OK,0.8709176674721366,13.77206217852995,178.0,222.0,1.247191011235955,28798.5,12,11,1,75.0,37.0
1337,candidato_selecionado,OK,0.8727981817480626,13.890517241379312,178.0,222.0,1.247191011235955,28774.0,12,11,1,75.0,37.0
1338,candidato_selecionado,OK,0.8749668621067257,14.022880539499036,179.0,221.0,1.23463687150838,28909.0,13,12,1,75.0,37.0
1339,candidato_selecionado,OK,0.8743058847652364,14.077320203553755,180.0,221.0,1.2277777777777779,28903.0,13,12,1,75.0,37.0
1340,candidato_selecionado,OK,0.8740711791924575,14.15058225782525,180.0,221.0,1.2277777777777779,28872.0,13,12,1,75.0,37.0
1341,candidato_selecionado,OK,0.8751597494525092,14.146689497716894,180.0,221.0,1.2277777777777779,28891.5,12,11,1,75.0,37.0
1342,candidato_selecionado,OK,0.8742758098454415,14.153227676565649,180.0,222.0,1.2333333333333334,28923.0,12,11,1,75.0,36.0
1343,candidato_selecionado,OK,0.8774101710563417,14.136608623548922,180.0,219.0,1.2166666666666666,28912.5,12,11,1,75.0,37.0
1344,candidato_selecionado,OK,0.8769471872533209,14.06511544011544,179.0,220.0,1.229050279329609,28859.0,12,11,1,75.0,37.0
1345,candidato_selecionado,OK,0.8751409425615145,14.031917735042734,179.0,220.0,1.229050279329609,28851.0,12,11,1,75.0,37.0
1346,candidato_selecionado,OK,0.873560481416482,13.924092409240926,179.0,220.0,1.229050279329609,28787.0,12,11,1,75.0,37.0
1347,candidato_selecionado,OK,0.8724451982106981,13.791666666666666,178.0,221.0,1.2415730337078652,28812.0,12,11,1,75.0,37.0
1348,candidato_selecionado,OK,0.8724956069296459,13.784546549647223,177.0,223.0,1.2598870056497176,28865.5,11,10,1,75.0,37.0
1349,candidato_selecionado,OK,0.871105638774229,13.84103260869565,178.0,224.0,1.2584269662921348,28991.5,11,10,1,75.0,36.0
1350,candidato_selecionado,OK,0.8722851114726459,13.897185073707973,178.0,224.0,1.2584269662921348,29115.5,12,11,1,75.0,37.0
1351,candidato_selecionado,OK,0.8730838471331682,13.8994014732965,178.0,224.0,1.2584269662921348,29172.5,11,10,1,75.0,36.0
1352,candidato_selecionado,OK,0.8733744211025698,13.847064393939393,178.0,224.0,1.2584269662921348,29166.0,12,11,1,75.0,36.0
1353,candidato_selecionado,OK,0.8727600145123475,13.883741258741258,178.0,224.0,1.2584269662921348,29142.5,12,11,1,75.0,37.0
1354,candidato_selecionado,OK,0.8734007798574364,13.855913978494621,178.0,223.0,1.252808988764045,29082.5,12,11,1,75.0,37.0
1355,candidato_selecionado,OK,0.8733333526131677,13.843232044198894,178.0,222.0,1.247191011235955,28982.0,12,11,1,75.0,36.0
1356,candidato_selecionado,OK,0.8736703042355115,13.850002445545845,178.0,221.0,1.2415730337078652,28843.0,13,12,1,75.0,36.0
1357,candidato_selecionado,OK,0.8716234082258104,13.80324074074074,178.0,222.0,1.247191011235955,28791.0,13,12,1,75.0,37.0
1358,candidato_selecionado,OK,0.8742053696435936,13.847032001144077,178.0,220.0,1.2359550561797752,28720.5,14,13,1,75.0,37.0
1359,candidato_selecionado,OK,0.8737882472034597,13.909653465346535,178.0,221.0,1.2415730337078652,28744.5,13,12,1,75.0,37.0
1360,candidato_selecionado,OK,0.8766507364632897,13.963675213675215,179.0,219.0,1.223463687150838,28798.0,14,13,1,75.0,37.0
1361,candidato_selecionado,OK,0.8772463543688422,13.990905245346871,179.0,218.0,1.217877094972067,28784.5,12,11,1,75.0,37.0
1362,candidato_selecionado,OK,0.876836824586541,13.991328257191201,179.0,217.0,1.2122905027932962,28760.5,13,12,1,75.0,37.0
1363,candidato_selecionado,OK,0.8727422303046797,13.971768906637841,179.0,221.0,1.23463687150838,28819.0,13,12,1,75.0,37.0
1364,candidato_selecionado,OK,0.87304444984638,13.889212213225372,179.0,221.0,1.23463687150838,28799.5,12,11,1,75.0,37.0
1365,candidato_selecionado,OK,0.8748377870241623,13.857142857142856,178.0,220.0,1.2359550561797752,28759.5,12,11,1,75.0,37.0
1366,candidato_selecionado,OK,0.8725566599716196,13.808951762523192,178.0,222.0,1.247191011235955,28792.0,13,12,1,75.0,37.0
1367,candidato_selecionado,OK,0.8722489639577837,13.800615212527964,178.0,222.0,1.247191011235955,28814.5,12,11,1,75.0,37.0
1368,candidato_selecionado,OK,0.8726943934038477,13.83334551171339,178.0,222.0,1.247191011235955,28874.0,13,12,1,75.0,37.0
1369,candidato_selecionado,OK,0.8729055507897326,13.836786372007367,178.0,222.0,1.247191011235955,28869.0,13,12,1,75.0,37.0
1370,candidato_selecionado,OK,0.8729595834553528,13.827806122448978,178.0,222.0,1.247191011235955,28868.0,14,13,1,75.0,37.0
1371,candidato_selecionado,OK,0.8713218421115522,13.84007760806688,178.0,223.0,1.252808988764045,28930.0,13,12,1,75.0,37.0
1372,candidato_selecionado,OK,0.8708105580455177,13.842771639042356,178.0,224.0,1.2584269662921348,28852.5,11,10,1,75.0,37.0
1373,candidato_selecionado,OK,0.8717925368203903,13.823181125277161,178.0,222.0,1.247191011235955,28774.0,10,9,1,75.0,37.0
1374,candidato_selecionado,OK,0.8727847338238728,13.863241308793455,178.0,222.0,1.247191011235955,28783.5,10,9,1,75.0,37.0
1375,candidato_selecionado,OK,0.8718949132250315,13.887286324786324,178.0,222.0,1.247191011235955,28772.0,12,11,1,75.0,37.0
1376,candidato_selecionado,OK,0.8729538082454679,13.868162477518972,177.0,222.0,1.2542372881355932,28763.0,11,10,1,75.0,37.0
1377,candidato_selecionado,OK,0.8731118949430772,13.900045537340619,177.0,222.0,1.2542372881355932,28785.0,13,12,1,75.0,37.0
1378,candidato_selecionado,OK,0.8727359584077978,13.881501182033098,178.0,221.0,1.2415730337078652,28741.5,12,11,1,75.0,37.0
1379,candidato_selecionado,OK,0.8726194056607308,13.850806451612904,178.0,221.0,1.2415730337078652,28777.0,12,11,1,75.0,37.0
1380,candidato_selecionado,OK,0.8746308776087715,13.85233707177368,178.0,219.0,1.2303370786516854,28782.5,12,11,1,75.0,37.0
1381,candidato_selecionado,OK,0.8720594223956019,13.79120719896286,178.0,222.0,1.247191011235955,28791.5,12,11,1,75.0,37.0
1382,candidato_selecionado,OK,0.8710171223435256,13.79063852813853,178.0,223.0,1.252808988764045,28822.0,14,13,1,75.0,37.0
1383,candidato_selecionado,OK,0.8706199312361007,13.792948717948718,178.0,223.0,1.252808988764045,28819.5,13,12,1,75.0,37.0
1384,candidato_selecionado,OK,0.8714503805969769,13.81900352733686,178.0,222.0,1.247191011235955,28784.5,13,12,1,75.0,37.0
1385,candidato_selecionado,OK,0.8707144675338938,13.829048859126985,178.0,223.0,1.252808988764045,28797.5,12,11,1,75.0,37.0
1386,candidato_selecionado,OK,0.8704869648150587,13.842900320750061,178.0,223.0,1.252808988764045,28773.0,12,11,1,75.0,37.0
1387,candidato_selecionado,OK,0.8720447976263223,13.867294520547944,178.0,222.0,1.247191011235955,28782.5,12,11,1,75.0,37.0
1388,candidato_selecionado,OK,0.8715545930138515,13.879111842105265,178.0,222.0,1.247191011235955,28769.0,12,11,1,75.0,37.0
1389,candidato_selecionado,OK,0.8732053744349813,13.89120919932803,178.0,221.0,1.2415730337078652,28754.5,15,14,1,75.0,37.0
1390,candidato_selecionado,OK,0.8740013637340217,13.878314551452652,178.0,221.0,1.2415730337078652,28744.5,13,12,1,75.0,37.0
1391,candidato_selecionado,OK,0.8742031842284159,13.878783550164087,178.0,221.0,1.2415730337078652,28748.5,13,12,1,75.0,37.0
1392,candidato_selecionado,OK,0.872673139379318,13.848506743737957,178.0,221.0,1.2415730337078652,28777.5,12,11,1,75.0,37.0
1393,candidato_selecionado,OK,0.8721442865844317,13.863095238095239,178.0,222.0,1.247191011235955,28776.0,12,11,1,75.0,37.0
1394,candidato_selecionado,OK,0.8725370585354539,13.863017429193901,178.0,222.0,1.247191011235955,28771.0,12,11,1,75.0,37.0
1395,candidato_selecionado,OK,0.8725954469283672,13.863017429193901,178.0,222.0,1.247191011235955,28784.0,12,11,1,75.0,37.0
1396,candidato_selecionado,OK,0.8727539191726581,13.87658447217271,178.0,222.0,1.247191011235955,28799.5,12,11,1,75.0,37.0
1397,candidato_selecionado,OK,0.8727508511629277,13.866666666666667,178.0,222.0,1.247191011235955,28788.0,13,12,1,75.0,37.0
1398,candidato_selecionado,OK,0.8721655102071921,13.866720085470085,178.0,222.0,1.247191011235955,28764.0,13,12,1,75.0,37.0
1399,candidato_selecionado,OK,0.8721441472617772,13.877994000311674,178.0,222.0,1.247191011235955,28771.0,12,11,1,75.0,37.0
1400,candidato_selecionado,OK,0.8728608423535117,13.87772657450077,178.0,222.0,1.247191011235955,28809.0,13,12,1,75.0,37.0
1401,candidato_selecionado,OK,0.8725948006135739,13.843657653664302,178.0,222.0,1.247191011235955,28802.0,12,11,1,75.0,37.0
1402,candidato_selecionado,OK,0.8728479410705092,13.843528368794324,178.0,222.0,1.247191011235955,28764.5,13,12,1,75.0,37.0
1403,candidato_selecionado,OK,0.8723135614866433,13.843448960822238,178.0,222.0,1.247191011235955,28752.5,14,13,1,75.0,37.0
1404,candidato_selecionado,OK,0.8712474695127972,13.843528368794324,178.0,223.0,1.252808988764045,28758.0,15,14,1,75.0,37.0
1405,candidato_selecionado,OK,0.8719348748127965,13.880280589926258,178.0,223.0,1.252808988764045,28760.0,14,13,1,75.0,37.0
1406,candidato_selecionado,OK,0.8719277913407731,13.873299319727892,178.0,223.0,1.252808988764045,28757.5,13,12,1,75.0,37.0
1407,candidato_selecionado,OK,0.8719595353430286,13.874430756881088,178.0,223.0,1.252808988764045,28757.5,13,12,1,75.0,37.0
1408,candidato_selecionado,OK,0.8719658587924184,13.890392781316349,178.0,223.0,1.252808988764045,28755.5,12,11,1,75.0,37.0
1409,candidato_selecionado,OK,0.8727480153818696,13.859848484848484,177.0,223.0,1.2598870056497176,28752.5,13,12,1,75.0,37.0
1410,candidato_selecionado,OK,0.87436838592375,13.838735868267676,177.0,222.0,1.2542372881355932,28753.5,13,12,1,75.0,37.0
1411,candidato_selecionado,OK,0.8734493893183869,13.838829350522309,177.0,223.0,1.2598870056497176,28744.0,13,12,1,75.0,37.0
1412,candidato_selecionado,OK,0.873237991783416,13.838829350522309,177.0,223.0,1.2598870056497176,28741.0,13,12,1,75.0,37.0
1413,candidato_selecionado,OK,0.8731776356166386,13.854100599013387,177.0,223.0,1.2598870056497176,28761.5,12,11,1,75.0,37.0
1414,candidato_selecionado,OK,0.87312647856786,13.846325479396164,177.0,223.0,1.2598870056497176,28766.5,12,11,1,75.0,37.0
1415,candidato_selecionado,OK,0.8734455143311518,13.853322647314405,178.0,221.0,1.2415730337078652,28760.5,12,11,1,75.0,37.0
1416,candidato_selecionado,OK,0.8716265034091929,13.857359628855392,178.0,223.0,1.252808988764045,28779.0,12,11,1,75.0,37.0
1417,candidato_selecionado,OK,0.8721926811393265,13.845853124498959,178.0,223.0,1.252808988764045,28771.5,12,11,1,75.0,37.0
1418,candidato_selecionado,OK,0.8732310610574434,13.83968085106383,178.0,222.0,1.247191011235955,28766.0,14,13,1,75.0,37.0
1419,candidato_selecionado,OK,0.8731116913789493,13.845614759109807,178.0,222.0,1.247191011235955,28802.5,13,12,1,75.0,37.0
1420,candidato_selecionado,OK,0.8729608624080684,13.845614759109807,178.0,222.0,1.247191011235955,28808.0,13,12,1,75.0,37.0
1421,candidato_selecionado,OK,0.873136697204086,13.850394570707072,178.0,222.0,1.247191011235955,28819.0,13,12,1,75.0,37.0
1422,candidato_selecionado,OK,0.8730078275455926,13.85051667082917,178.0,222.0,1.247191011235955,28772.5,14,13,1,75.0,37.0
1423,candidato_selecionado,OK,0.8732440210208189,13.850576720069549,178.0,222.0,1.247191011235955,28775.5,14,13,1,75.0,37.0
1424,candidato_selecionado,OK,0.8724568099531665,13.850576720069549,178.0,223.0,1.252808988764045,28796.0,14,13,1,75.0,37.0
1425,candidato_selecionado,OK,0.8718049631757229,13.85272623723906,178.0,223.0,1.252808988764045,28780.5,13,12,1,75.0,37.0
1426,candidato_selecionado,OK,0.8722058238568209,13.859313725490196,178.0,223.0,1.252808988764045,28766.5,13,12,1,75.0,37.0
1427,candidato_selecionado,OK,0.8733296664982392,13.861814982403217,178.0,222.0,1.247191011235955,28766.0,12,11,1,75.0,37.0
1428,candidato_selecionado,OK,0.8734519825457595,13.862252933301837,177.0,223.0,1.2598870056497176,28767.5,13,12,1,75.0,37.0
1429,candidato_selecionado,OK,0.8744316412419747,13.863486842105262,177.0,222.0,1.2542372881355932,28769.5,11,10,1,75.0,37.0
1430,candidato_selecionado,OK,0.8754889680386329,13.888978494623656,177.0,221.0,1.2485875706214689,28757.0,11,10,1,75.0,37.0
1431,candidato_selecionado,OK,0.8741407010758648,13.888978494623656,177.0,222.0,1.2542372881355932,28774.5,12,11,1,75.0,37.0
1432,candidato_selecionado,OK,0.8734827971573449,13.888978494623656,177.0,223.0,1.2598870056497176,28767.0,12,11,1,75.0,37.0
1433,candidato_selecionado,OK,0.8729089952622304,13.859346096929338,178.0,222.0,1.247191011235955,28766.0,12,11,1,75.0,37.0
1434,candidato_selecionado,OK,0.8727112077696617,13.85872753103583,178.0,222.0,1.247191011235955,28758.0,14,13,1,75.0,37.0
1435,candidato_selecionado,OK,0.8730498317288534,13.85229474982382,178.0,222.0,1.247191011235955,28764.5,13,12,1,75.0,37.0
1436,candidato_selecionado,OK,0.8728015585857326,13.866312323398049,178.0,222.0,1.247191011235955,28777.5,12,11,1,75.0,37.0
1437,candidato_selecionado,OK,0.8718597246553151,13.854709493860438,178.0,223.0,1.252808988764045,28782.5,13,12,1,75.0,37.0
1438,candidato_selecionado,OK,0.8721583215009492,13.849480438523281,178.0,223.0,1.252808988764045,28777.0,12,11,1,75.0,37.0
1439,candidato_selecionado,OK,0.8716897572664178,13.827305414551608,178.0,223.0,1.252808988764045,28771.5,12,11,1,75.0,37.0
1440,candidato_selecionado,OK,0.8717913685010528,13.833862567618672,178.0,223.0,1.252808988764045,28767.0,12,11,1,75.0,37.0
1441,candidato_selecionado,OK,0.870699392565532,13.845858616359436,178.0,224.0,1.2584269662921348,28758.5,12,11,1,75.0,37.0
1442,candidato_selecionado,OK,0.8731934190662651,13.839693169880528,178.0,222.0,1.247191011235955,28742.0,12,11,1,75.0,37.0
1443,candidato_selecionado,OK,0.8733215837774795,13.840366172242094,178.0,222.0,1.247191011235955,28746.5,12,11,1,75.0,37.0
1444,candidato_selecionado,OK,0.8733370376869628,13.840481641374497,178.0,221.0,1.2415730337078652,28729.0,12,11,1,75.0,37.0
1445,candidato_selecionado,OK,0.8727331319035498,13.848072562358277,178.0,222.0,1.247191011235955,28758.5,12,11,1,75.0,37.0
1446,candidato_selecionado,OK,0.8727018694605155,13.84706532476551,178.0,222.0,1.247191011235955,28761.5,13,12,1,75.0,37.0
1447,candidato_selecionado,OK,0.8724236289142357,13.846985470488775,178.0,222.0,1.247191011235955,28764.0,13,12,1,75.0,37.0
1448,candidato_selecionado,OK,0.8720908362993143,13.846985470488775,178.0,222.0,1.247191011235955,28771.5,13,12,1,75.0,37.0
1449,candidato_selecionado,OK,0.8735360354260979,13.844458987783595,177.0,222.0,1.2542372881355932,28750.5,13,12,1,75.0,37.0
1450,candidato_selecionado,OK,0.8730635807901872,13.844458987783595,178.0,222.0,1.247191011235955,28749.5,13,12,1,75.0,37.0
1451,candidato_selecionado,OK,0.8723869530445392,13.844458987783595,178.0,222.0,1.247191011235955,28757.0,13,12,1,75.0,37.0
1452,candidato_selecionado,OK,0.8723580941387139,13.84477547495682,178.0,222.0,1.247191011235955,28755.0,13,12,1,75.0,37.0
1453,candidato_selecionado,OK,0.8728174290510398,13.847525790783559,178.0,222.0,1.247191011235955,28791.0,12,11,1,75.0,37.0
1454,candidato_selecionado,OK,0.8726862970085826,13.843213058419245,178.0,222.0,1.247191011235955,28788.0,12,11,1,75.0,37.0
1455,candidato_selecionado,OK,0.8729192129867545,13.829706418243797,178.0,222.0,1.247191011235955,28795.0,12,11,1,75.0,37.0
1456,candidato_selecionado,OK,0.8727036567037599,13.844725995588064,178.0,222.0,1.247191011235955,28797.5,12,11,1,75.0,37.0
1457,candidato_selecionado,OK,0.871742898544484,13.850269803641401,178.0,223.0,1.252808988764045,28767.0,12,11,1,75.0,37.0
1458,candidato_selecionado,OK,0.8719178461938835,13.850238095238096,178.0,223.0,1.252808988764045,28757.5,13,12,1,75.0,37.0
1459,candidato_selecionado,OK,0.8726665120778385,13.850238095238096,178.0,222.0,1.247191011235955,28770.5,13,12,1,75.0,37.0
1460,candidato_selecionado,OK,0.872787021501986,13.850315205627707,178.0,222.0,1.247191011235955,28770.0,13,12,1,75.0,37.0
1461,candidato_selecionado,OK,0.872648215343188,13.850185835960763,178.0,222.0,1.247191011235955,28804.5,12,11,1,75.0,37.0
1462,candidato_selecionado,OK,0.8725372075314212,13.84971098265896,178.0,222.0,1.247191011235955,28798.5,12,11,1,75.0,37.0
1463,candidato_selecionado,OK,0.8728716535833247,13.849840352325904,178.0,222.0,1.247191011235955,28810.5,11,10,1,75.0,37.0
1464,candidato_selecionado,OK,0.873842363349073,13.851901132356483,178.0,221.0,1.2415730337078652,28811.5,11,10,1,75.0,37.0
1465,candidato_selecionado,OK,0.8725163638819123,13.837092042537586,178.0,222.0,1.247191011235955,28792.5,11,10,1,75.0,37.0
1466,candidato_selecionado,OK,0.8725647692538291,13.845224719101124,178.0,222.0,1.247191011235955,28788.5,11,10,1,75.0,36.0
1467,candidato_selecionado,OK,0.8719828382946528,13.843772401433691,178.0,222.0,1.247191011235955,28756.0,13,12,1,75.0,37.0
1468,candidato_selecionado,OK,0.871741815214863,13.849019137480676,178.0,222.0,1.247191011235955,28758.5,13,12,1,75.0,37.0
1469,candidato_selecionado,OK,0.8721379611207155,13.849201799028231,178.0,222.0,1.247191011235955,28739.5,13,12,1,75.0,37.0
1470,candidato_selecionado,OK,0.8726596753930936,13.854263268654586,178.0,222.0,1.247191011235955,28769.0,11,10,1,75.0,37.0
1471,candidato_selecionado,OK,0.8729415601032176,13.864514348785873,178.0,222.0,1.247191011235955,28780.0,12,11,1,75.0,37.0
1472,candidato_selecionado,OK,0.872617477422516,13.86059670781893,178.0,222.0,1.247191011235955,28775.0,12,11,1,75.0,37.0
1473,candidato_selecionado,OK,0.8740452847214357,13.870116760154355,178.0,221.0,1.2415730337078652,28779.0,12,11,1,75.0,37.0
1474,candidato_selecionado,OK,0.8738809550049982,13.872831945124938,178.0,221.0,1.2415730337078652,28803.5,13,12,1,75.0,37.0
1475,candidato_selecionado,OK,0.8734276459583801,13.887393936069051,179.0,221.0,1.23463687150838,28853.0,13,12,1,75.0,37.0
1476,candidato_selecionado,OK,0.8737598223293374,13.958916083916085,179.0,221.0,1.23463687150838,28884.5,12,11,1,75.0,37.0
1477,candidato_selecionado,OK,0.874550325114256,13.98849073037203,179.0,221.0,1.23463687150838,28909.0,12,11,1,75.0,36.0
1478,candidato_selecionado,OK,0.8739025624988707,14.065366972477065,180.0,222.0,1.2333333333333334,28989.5,12,11,1,75.0,36.0
1479,candidato_selecionado,OK,0.8768830319647688,14.119992055385316,180.0,221.0,1.2277777777777779,29088.5,13,12,1,75.0,36.0
1480,candidato_selecionado,OK,0.8782335425306482,14.229712041884817,181.0,221.0,1.2209944751381216,29239.0,13,12,1,75.0,36.0
1481,candidato_selecionado,OK,0.878020950766942,14.342728758169935,183.0,220.0,1.2021857923497268,29467.5,14,13,1,75.0,36.0
1482,candidato_selecionado,OK,0.8814721613228116,14.524856748726656,185.0,218.0,1.1783783783783783,29646.5,13,12,1,75.0,36.0
1483,candidato_selecionado,OK,0.8833344356014462,14.736111111111112,188.0,216.0,1.148936170212766,29898.0,14,13,1,75.0,36.0
1484,candidato_selecionado,OK,0.8813884259749647,14.992724867724867,192.0,217.0,1.1302083333333333,30348.0,15,14,1,75.0,36.0
1485,candidato_selecionado,OK,0.8800399656918909,15.394480519480519,197.0,216.0,1.0964467005076142,30719.5,14,13,1,75.0,37.0
1486,candidato_selecionado,OK,0.880039116885453,15.834402720283856,203.0,213.0,1.0492610837438423,31178.5,15,14,1,75.0,38.0
1487,candidato_selecionado,OK,0.8691494963753084,16.43504173740804,209.0,195.0,0.9330143540669856,30191.0,14,13,1,75.0,40.0
1488,candidato_selecionado,OK,0.8892288183337803,17.317528735632184,200.0,183.0,0.915,26516.0,17,16,1,75.0,43.0
1489,candidato_selecionado,OK,0.9264169888179534,18.524717514124294,173.0,182.0,1.0520231213872833,23775.5,14,13,1,75.0,46.0
1490,candidato_selecionado,OK,0.9290886252238839,19.91733870967742,169.0,182.0,1.0769230769230769,22919.0,14,13,1,75.0,48.0
1491,candidato_selecionado,OK,0.9398776263739209,23.426041666666666,188.0,182.0,0.9680851063829787,25076.5,14,13,1,75.0,44.0
1492,candidato_selecionado,OK,0.960849448477978,23.48913043478261,189.0,183.0,0.9682539682539683,26405.0,11,10,1,75.0,39.0
1493,candidato_selecionado,OK,0.9614699015274556,23.553861788617883,189.0,184.0,0.9735449735449735,26580.5,12,11,1,75.0,39.0
1494,candidato_selecionado,OK,0.9626670478306016,23.616666666666664,189.0,184.0,0.9735449735449735,26776.5,14,13,1,75.0,39.0
1495,candidato_selecionado,OK,0.9625261984038497,23.664583333333336,190.0,185.0,0.9736842105263158,27082.5,11,10,1,75.0,38.0
1496,candidato_selecionado,OK,0.9597346768553076,23.608987403100773,191.0,185.0,0.9685863874345549,27322.5,14,13,1,75.0,38.0
1497,candidato_selecionado,OK,0.9622642284235278,23.522649969078543,191.0,185.0,0.9685863874345549,27285.5,10,9,1,75.0,38.0
1498,candidato_selecionado,OK,0.9603295419743096,23.49980921855922,193.0,186.0,0.9637305699481865,27474.0,10,9,1,75.0,38.0
1499,candidato_selecionado,OK,0.9601719792034652,23.517857142857142,193.0,186.0,0.9637305699481865,27587.0,9,8,1,75.0,38.0
1500,candidato_selecionado,OK,0.9617147487352823,23.582449160035367,195.0,186.0,0.9538461538461539,27691.5,9,8,1,75.0,37.0
1501,candidato_selecionado,OK,0.9601355634039159,23.663047973531842,196.0,187.0,0.9540816326530612,27843.0,10,9,1,75.0,37.0
1502,candidato_selecionado,OK,0.9565836214169063,23.775000000000002,198.0,187.0,0.9444444444444444,27902.0,11,10,1,75.0,37.0
1503,candidato_selecionado,OK,0.9489765825055624,23.17939814814815,202.0,188.0,0.9306930693069307,27751.5,11,10,1,75.0,37.0
1504,candidato_selecionado,OK,0.9557495486508225,22.572916666666668,193.0,187.0,0.9689119170984456,27589.0,12,11,1,75.0,38.0
1505,candidato_selecionado,OK,0.9504919622306817,21.7929394237988,192.0,187.0,0.9739583333333334,27465.5,11,10,1,75.0,38.0
1506,candidato_selecionado,OK,0.9451893995142662,21.052455357142858,191.0,188.0,0.9842931937172775,27445.5,13,12,1,75.0,39.0
1507,candidato_selecionado,OK,0.938786614282002,20.161324786324787,192.0,188.0,0.9791666666666666,27387.5,11,10,1,75.0,39.0
1508,candidato_selecionado,OK,0.9271498843546028,19.1875,198.0,189.0,0.9545454545454546,27562.5,14,13,1,75.0,39.0
1509,candidato_selecionado,OK,0.8696734730346347,17.990079365079364,209.0,205.0,0.9808612440191388,29005.5,13,12,1,75.0,39.0
1510,candidato_selecionado,OK,0.8766113695023712,16.65277777777778,211.0,216.0,1.0236966824644549,32597.0,13,12,1,75.0,38.0
1511,candidato_selecionado,OK,0.880178202294238,15.170833333333334,193.0,218.0,1.1295336787564767,30975.5,14,13,1,75.0,37.0
1512,candidato_selecionado,OK,0.8669198489784629,13.647727272727272,179.0,224.0,1.2513966480446927,28757.5,10,9,1,75.0,38.0
1513,candidato_selecionado,OK,0.8681632429940542,13.589914173379364,176.0,225.0,1.2784090909090908,28493.5,12,11,1,75.0,38.0
1514,candidato_selecionado,OK,0.8742260873752526,14.117886577708006,182.0,220.0,1.2087912087912087,29330.5,12,11,1,75.0,37.0
1515,candidato_selecionado,OK,0.8782604945562094,14.838178294573643,191.0,219.0,1.1465968586387434,30463.5,11,10,1,75.0,37.0
1516,candidato_selecionado,OK,0.8850312466058784,15.509569377990431,197.0,215.0,1.0913705583756346,31114.5,9,8,1,75.0,37.0
1517,candidato_selecionado,OK,0.8837385760581676,15.863255033557047,202.0,215.0,1.0643564356435644,31508.0,11,10,1,75.0,38.0
1518,candidato_selecionado,OK,0.8835894712715752,16.153795811518325,204.0,216.0,1.0588235294117647,31799.5,11,10,1,75.0,38.0
1519,candidato_selecionado,OK,0.8837177762634592,16.255180523773202,205.0,217.0,1.0585365853658537,32004.0,13,12,1,75.0,38.0
1520,candidato_selecionado,OK,0.8816768478391064,16.158834586466167,204.0,219.0,1.0735294117647058,31862.5,12,11,1,75.0,39.0
1521,candidato_selecionado,OK,0.8799732398400463,15.75,201.0,220.0,1.0945273631840795,31485.5,10,9,1,75.0,38.0
1522,candidato_selecionado,OK,0.876126987793328,15.194277108433736,195.0,223.0,1.1435897435897435,30725.0,11,10,1,75.0,38.0
1523,candidato_selecionado,OK,0.8716944018751003,14.839731083669212,192.0,226.0,1.1770833333333333,30246.5,12,11,1,75.0,38.0
1524,candidato_selecionado,OK,0.8749120169138426,14.829004329004329,191.0,223.0,1.1675392670157068,30054.5,9,8,1,75.0,38.0
1525,candidato_selecionado,OK,0.8793887317836614,15.113448844884488,194.0,220.0,1.134020618556701,30430.5,10,9,1,75.0,38.0
1526,candidato_selecionado,OK,0.8850622587617757,15.513928579249333,198.0,216.0,1.0909090909090908,30927.5,9,8,1,75.0,38.0
1527,candidato_selecionado,OK,0.8861305335028432,15.574292452830187,198.0,215.0,1.0858585858585859,30959.5,11,10,1,75.0,38.0
1528,candidato_selecionado,OK,0.8861173308402981,15.570700152207001,197.0,215.0,1.0913705583756346,30827.5,13,12,1,75.0,38.0
1529,candidato_selecionado,OK,0.8873738311408499,15.307170542635658,195.0,213.0,1.0923076923076922,30421.0,10,9,1,75.0,38.0
1530,candidato_selecionado,OK,0.8868963469420311,14.882936507936508,190.0,214.0,1.1263157894736842,29908.5,10,9,1,75.0,38.0
1531,candidato_selecionado,OK,0.8808374572263966,14.727627207194516,189.0,218.0,1.1534391534391535,29716.0,10,9,1,75.0,38.0
1532,candidato_selecionado,OK,0.8780500887448637,14.77944503762457,190.0,220.0,1.1578947368421053,29760.5,12,11,1,75.0,38.0
1533,candidato_selecionado,OK,0.8831906018807674,14.9501728017353,191.0,216.0,1.130890052356021,30024.0,9,8,1,75.0,38.0
1534,candidato_selecionado,OK,0.8821615365616927,14.965155945419104,191.0,217.0,1.1361256544502618,30108.0,9,8,1,75.0,38.0
1535,candidato_selecionado,OK,0.8789649530451398,14.822619047619048,190.0,219.0,1.1526315789473685,29942.0,11,10,1,75.0,38.0
1536,candidato_selecionado,OK,0.8769106797661569,14.657698783854537,188.0,221.0,1.175531914893617,29753.5,10,9,1,75.0,38.0
1537,candidato_selecionado,OK,0.8796945335453602,14.568355119825709,186.0,219.0,1.1774193548387097,29626.0,11,10,1,75.0,38.0
1538,candidato_selecionado,OK,0.8762013204105181,14.49115524997878,185.0,223.0,1.2054054054054053,29663.0,9,8,1,75.0,38.0
1539,candidato_selecionado,OK,0.8757694571493089,14.375886524822695,185.0,221.0,1.1945945945945946,29522.5,12,11,1,75.0,38.0
1540,candidato_selecionado,OK,0.8740103544406332,14.107399425287355,182.0,222.0,1.2197802197802199,29290.0,11,10,1,75.0,38.0
1541,candidato_selecionado,OK,0.8678292871580169,13.947510822510822,180.0,224.0,1.2444444444444445,29146.0,11,10,1,75.0,38.0
1542,candidato_selecionado,OK,0.870055104620451,13.902994791666666,180.0,222.0,1.2333333333333334,29231.5,11,10,1,75.0,37.0
1543,candidato_selecionado,OK,0.8664222063294531,14.051223241590213,181.0,224.0,1.2375690607734806,29561.5,10,9,1,75.0,37.0
1544,candidato_selecionado,OK,0.8718303590957145,14.25853952692188,182.0,222.0,1.2197802197802199,29801.0,10,9,1,75.0,36.0
1545,candidato_selecionado,OK,0.8697195222772638,14.24304670912951,182.0,225.0,1.2362637362637363,29991.0,12,11,1,75.0,36.0
1546,candidato_selecionado,OK,0.8713683272776229,14.212777777777779,183.0,222.0,1.2131147540983607,29936.0,10,9,1,75.0,36.0
1547,candidato_selecionado,OK,0.874460864188019,14.185002976190475,182.0,221.0,1.2142857142857142,29968.5,10,9,1,75.0,36.0
1548,candidato_selecionado,OK,0.8734672124363254,14.241161616161618,183.0,222.0,1.2131147540983607,30006.0,11,10,1,75.0,36.0
1549,candidato_selecionado,OK,0.8734490686502306,14.254518072289157,184.0,223.0,1.2119565217391304,30093.0,12,11,1,75.0,36.0
1550,candidato_selecionado,OK,0.8735021719782127,14.291666666666666,184.0,224.0,1.2173913043478262,30115.5,10,9,1,75.0,36.0
1551,candidato_selecionado,OK,0.871275541489663,14.302553889409559,185.0,225.0,1.2162162162162162,30090.5,12,11,1,75.0,36.0
1552,candidato_selecionado,OK,0.8730905880290988,14.372554206867932,184.0,225.0,1.2228260869565217,30079.5,11,10,1,75.0,36.0
1553,candidato_selecionado,OK,0.874311267714809,14.441666666666668,185.0,225.0,1.2162162162162162,30119.0,11,10,1,75.0,36.0
1554,candidato_selecionado,OK,0.8746976456940234,14.425102249488752,185.0,225.0,1.2162162162162162,30074.0,11,10,1,75.0,36.0
1555,candidato_selecionado,OK,0.8732360132980922,14.420548654244307,185.0,226.0,1.2216216216216216,29973.0,12,11,1,75.0,36.0
1556,candidato_selecionado,OK,0.874631855601302,14.406697341513294,185.0,225.0,1.2162162162162162,29915.0,11,10,1,75.0,36.0
1557,candidato_selecionado,OK,0.8720558776701627,14.407792756391421,185.0,226.0,1.2216216216216216,29798.0,11,10,1,75.0,36.0
1558,candidato_selecionado,OK,0.8697026202970753,14.404174884944117,185.0,227.0,1.227027027027027,29662.5,11,10,1,75.0,36.0
1559,candidato_selecionado,OK,0.8726098584572938,14.37431693989071,184.0,223.0,1.2119565217391304,29501.0,10,9,1,75.0,37.0
1560,candidato_selecionado,OK,0.8755705540453962,14.395830332709204,183.0,221.0,1.2076502732240437,29449.0,11,10,1,75.0,37.0
1561,candidato_selecionado,OK,0.8748296362637243,14.328059071729959,183.0,220.0,1.2021857923497268,29424.5,10,9,1,75.0,37.0
1562,candidato_selecionado,OK,0.8780305132337598,14.328309692671395,182.0,218.0,1.1978021978021978,29406.5,10,9,1,75.0,37.0
1563,candidato_selecionado,OK,0.8769697925070977,14.280092592592593,181.0,219.0,1.2099447513812154,29315.0,10,9,1,75.0,38.0
1564,candidato_selecionado,OK,0.8726292360150499,14.093181818181819,180.0,222.0,1.2333333333333334,29268.5,10,9,1,75.0,38.0
1565,candidato_selecionado,OK,0.8675026535125656,13.854096797527456,179.0,225.0,1.2569832402234637,29218.0,11,10,1,75.0,38.0
1566,candidato_selecionado,OK,0.8662643537214398,13.88976793248945,179.0,225.0,1.2569832402234637,29243.0,9,8,1,75.0,38.0
1567,candidato_selecionado,OK,0.8646013695115911,13.98183840781929,179.0,228.0,1.2737430167597765,29271.0,9,8,1,75.0,38.0
1568,candidato_selecionado,OK,0.8646557477677893,14.06520061728395,180.0,228.0,1.2666666666666666,29478.0,9,8,1,75.0,38.0
1569,candidato_selecionado,OK,0.8651372759830915,14.084832134292567,180.0,229.0,1.2722222222222221,29591.0,10,9,1,75.0,38.0
1570,candidato_selecionado,OK,0.8666853172569167,14.13642191142191,180.0,228.0,1.2666666666666666,29658.0,10,9,1,75.0,38.0
1571,candidato_selecionado,OK,0.8663799610389047,14.152477477477477,180.0,229.0,1.2722222222222221,29710.5,10,9,1,75.0,38.0
1572,candidato_selecionado,OK,0.8650840103863905,14.165055248618785,181.0,229.0,1.2651933701657458,29689.0,11,10,1,75.0,38.0
1573,candidato_selecionado,OK,0.8671735655854014,14.150914634146341,181.0,227.0,1.2541436464088398,29607.5,11,10,1,75.0,38.0
1574,candidato_selecionado,OK,0.8676657914109208,14.079891877637131,181.0,225.0,1.2430939226519337,29461.5,9,8,1,75.0,38.0
1575,candidato_selecionado,OK,0.8693365399271223,14.061647173489279,180.0,224.0,1.2444444444444445,29308.0,10,9,1,75.0,38.0
1576,candidato_selecionado,OK,0.8712389216394728,14.0198540641439,180.0,221.0,1.2277777777777779,29105.0,10,9,1,75.0,38.0
1577,candidato_selecionado,OK,0.8706293893082284,13.970447826781717,180.0,220.0,1.2222222222222223,29012.5,10,9,1,75.0,38.0
1578,candidato_selecionado,OK,0.8719194447960839,13.98734687298517,179.0,219.0,1.223463687150838,29016.5,9,8,1,75.0,38.0
1579,candidato_selecionado,OK,0.8738203628560468,13.97754478743902,179.0,219.0,1.223463687150838,29074.5,9,8,1,75.0,37.0
1580,candidato_selecionado,OK,0.871463271199623,13.98602665165165,180.0,220.0,1.2222222222222223,29121.5,9,8,1,75.0,37.0
1581,candidato_selecionado,OK,0.8736898932339204,14.084484346224677,180.0,220.0,1.2222222222222223,29235.0,9,8,1,75.0,37.0
1582,candidato_selecionado,OK,0.8729023654544845,14.137108262108262,181.0,220.0,1.2154696132596685,29296.0,10,9,1,75.0,37.0
1583,candidato_selecionado,OK,0.8745056771896461,14.169820067846382,181.0,219.0,1.2099447513812154,29342.5,9,8,1,75.0,37.0
1584,candidato_selecionado,OK,0.8734271504309409,14.177619657787787,182.0,219.0,1.2032967032967032,29384.0,9,8,1,75.0,37.0
1585,candidato_selecionado,OK,0.8731140263036011,14.208333333333334,182.0,220.0,1.2087912087912087,29433.5,10,9,1,75.0,37.0
1586,candidato_selecionado,OK,0.8736682693706227,14.25,182.0,220.0,1.2087912087912087,29461.0,9,8,1,75.0,37.0
1587,candidato_selecionado,OK,0.874267237451514,14.25,182.0,220.0,1.2087912087912087,29496.0,8,7,1,75.0,37.0
1588,candidato_selecionado,OK,0.8726596437091348,14.25,182.0,222.0,1.2197802197802199,29511.0,8,7,1,75.0,37.0
1589,candidato_selecionado,OK,0.8696768432720201,14.197827282728275,182.0,224.0,1.2307692307692308,29483.5,9,8,1,75.0,37.0
1590,candidato_selecionado,OK,0.8684621284118961,14.173957452803606,182.0,224.0,1.2307692307692308,29494.5,9,8,1,75.0,37.0
1591,candidato_selecionado,OK,0.869646367522943,14.166666666666666,182.0,223.0,1.2252747252747254,29480.5,8,7,1,75.0,37.0
1592,candidato_selecionado,OK,0.8706779245610969,14.119097609315,181.0,222.0,1.2265193370165746,29465.5,9,8,1,75.0,37.0
1593,candidato_selecionado,OK,0.8722705805554911,14.156179138321995,181.0,221.0,1.2209944751381216,29467.5,9,8,1,75.0,37.0
1594,candidato_selecionado,OK,0.8696093445602772,14.077275960170697,181.0,223.0,1.2320441988950277,29436.5,9,8,1,75.0,37.0
1595,candidato_selecionado,OK,0.8701626356225572,14.091582064297802,180.0,224.0,1.2444444444444445,29388.0,9,8,1,75.0,37.0
1596,candidato_selecionado,OK,0.867669351625323,14.044467787114847,180.0,225.0,1.25,29311.5,9,8,1,75.0,37.0
1597,candidato_selecionado,OK,0.8685692937504981,14.032196969696969,180.0,225.0,1.25,29223.5,9,8,1,75.0,37.0
1598,candidato_selecionado,OK,0.8681020425368273,13.99476320582878,180.0,225.0,1.25,29194.0,9,8,1,75.0,37.0
1599,candidato_selecionado,OK,0.8695843251841838,13.98995983935743,180.0,223.0,1.238888888888889,29175.5,9,8,1,75.0,37.0
1600,candidato_selecionado,OK,0.8649598462659763,13.987262521588946,180.0,226.0,1.2555555555555555,29199.0,9,8,1,75.0,37.0
1601,candidato_selecionado,OK,0.869449157090682,14.0,180.0,224.0,1.2444444444444445,29212.0,10,9,1,75.0,38.0
1602,candidato_selecionado,OK,0.8678420981975474,13.988489684973516,180.0,224.0,1.2444444444444445,29191.0,10,9,1,75.0,38.0
1603,candidato_selecionado,OK,0.8691434237688763,13.990398671096344,180.0,225.0,1.25,29293.0,10,9,1,75.0,38.0
1604,candidato_selecionado,OK,0.8684171873110715,13.985841423948221,180.0,225.0,1.25,29296.5,10,9,1,75.0,38.0
1605,candidato_selecionado,OK,0.865096669304683,13.973180076628353,180.0,226.0,1.2555555555555555,29186.5,10,9,1,75.0,38.0
1606,candidato_selecionado,OK,0.8711274151254107,13.991067342268716,180.0,222.0,1.2333333333333334,29170.5,9,8,1,75.0,38.0
1607,candidato_selecionado,OK,0.8720737014824888,13.973180076628353,180.0,221.0,1.2277777777777779,29055.5,9,8,1,75.0,38.0
1608,candidato_selecionado,OK,0.8715280138801444,13.98063973063973,180.0,222.0,1.2333333333333334,29007.0,9,8,1,75.0,38.0
1609,candidato_selecionado,OK,0.8733679801080858,13.990664845173042,180.0,220.0,1.2222222222222223,28964.0,8,7,1,75.0,38.0
1610,candidato_selecionado,OK,0.8720145097085371,13.995833333333332,180.0,220.0,1.2222222222222223,29033.5,8,7,1,75.0,37.0
1611,candidato_selecionado,OK,0.8726732413957676,14.012119684750735,180.0,220.0,1.2222222222222223,29039.0,8,7,1,75.0,37.0
1612,candidato_selecionado,OK,0.8706357255012424,14.05347909172662,180.0,222.0,1.2333333333333334,29162.5,8,7,1,75.0,37.0
1613,candidato_selecionado,OK,0.8746113065471058,14.083333333333334,180.0,219.0,1.2166666666666666,29126.5,8,7,1,75.0,37.0
1614,candidato_selecionado,OK,0.873440309270823,14.08875,180.0,220.0,1.2222222222222223,29188.5,8,7,1,75.0,37.0
1615,candidato_selecionado,OK,0.8723781413266272,14.082561728395062,180.0,221.0,1.2277777777777779,29227.0,8,7,1,75.0,37.0
1616,candidato_selecionado,OK,0.8752168381651585,14.0875,180.0,219.0,1.2166666666666666,29193.5,8,7,1,75.0,37.0
1617,candidato_selecionado,OK,0.8716071564611508,14.087351945854484,180.0,222.0,1.2333333333333334,29248.0,8,7,1,75.0,37.0
1618,candidato_selecionado,OK,0.8726088809798359,14.086082910321489,180.0,221.0,1.2277777777777779,29226.5,10,9,1,75.0,37.0
1619,candidato_selecionado,OK,0.8724695033031088,14.082044673539519,180.0,221.0,1.2277777777777779,29271.5,10,9,1,75.0,37.0
1620,candidato_selecionado,OK,0.8710338904903773,14.080223880597016,180.0,222.0,1.2333333333333334,29221.0,10,9,1,75.0,37.0
1621,candidato_selecionado,OK,0.8712328170335862,14.082903780068728,180.0,222.0,1.2333333333333334,29224.5,10,9,1,75.0,37.0
1622,candidato_selecionado,OK,0.8699788466231998,14.083333333333334,180.0,223.0,1.238888888888889,29220.0,10,9,1,75.0,37.0
1623,candidato_selecionado,OK,0.8698939582514872,14.072463768115943,180.0,223.0,1.238888888888889,29227.0,10,9,1,75.0,37.0
1624,candidato_selecionado,OK,0.8684984998168961,14.01025712265104,180.0,224.0,1.2444444444444445,29226.0,10,9,1,75.0,37.0
1625,candidato_selecionado,OK,0.8692175563883092,14.013888888888888,180.0,224.0,1.2444444444444445,29217.5,10,9,1,75.0,37.0
1626,candidato_selecionado,OK,0.868076190500973,14.0,180.0,225.0,1.25,29226.5,10,9,1,75.0,37.0
1627,candidato_selecionado,OK,0.8708751874099193,13.982218683651803,180.0,222.0,1.2333333333333334,29207.5,10,9,1,75.0,37.0
1628,candidato_selecionado,OK,0.8700781415186786,13.977564102564102,179.0,223.0,1.2458100558659218,29204.5,11,10,1,75.0,37.0
1629,candidato_selecionado,OK,0.8692993815721105,13.992021276595745,179.0,224.0,1.2513966480446927,29187.0,9,8,1,75.0,37.0
1630,candidato_selecionado,OK,0.8700207250813509,14.006404701088607,179.0,224.0,1.2513966480446927,29222.5,8,7,1,75.0,37.0
1631,candidato_selecionado,OK,0.8711011314582855,13.980811403508772,179.0,224.0,1.2513966480446927,29096.5,10,9,1,75.0,37.0
1632,candidato_selecionado,OK,0.8698722170868025,13.94008875739645,178.0,224.0,1.2584269662921348,29154.5,12,11,1,75.0,37.0
1633,candidato_selecionado,OK,0.8710505094434354,13.964416058394162,178.0,224.0,1.2584269662921348,29180.0,11,10,1,75.0,37.0
1634,candidato_selecionado,OK,0.8708060059889994,13.981339468302659,178.0,224.0,1.2584269662921348,29190.0,10,9,1,75.0,37.0
1635,candidato_selecionado,OK,0.8720262860221587,13.970607235142118,178.0,223.0,1.252808988764045,29164.5,10,9,1,75.0,37.0
1636,candidato_selecionado,OK,0.8708511710400099,13.971915543912175,178.0,224.0,1.2584269662921348,29162.0,9,8,1,75.0,37.0
1637,candidato_selecionado,OK,0.8687560833360892,13.977484472049689,179.0,224.0,1.2513966480446927,29141.0,10,9,1,75.0,38.0
1638,candidato_selecionado,OK,0.8721457008441944,13.97590321729958,179.0,221.0,1.23463687150838,29122.0,10,9,1,75.0,38.0
1639,candidato_selecionado,OK,0.872446785849696,13.95603448275862,179.0,221.0,1.23463687150838,29112.5,10,9,1,75.0,37.0
1640,candidato_selecionado,OK,0.8733085441254043,13.967307692307692,179.0,221.0,1.23463687150838,29143.0,10,9,1,75.0,37.0
1641,candidato_selecionado,OK,0.8737716223020949,13.982207556935819,179.0,221.0,1.23463687150838,29140.0,8,7,1,75.0,37.0
1642,candidato_selecionado,OK,0.8744559791498693,13.994929453262786,179.0,220.0,1.229050279329609,29112.5,9,8,1,75.0,37.0
1643,candidato_selecionado,OK,0.8729456876708498,13.985789980732177,179.0,221.0,1.23463687150838,29117.0,9,8,1,75.0,37.0
1644,candidato_selecionado,OK,0.8719453031151347,13.982314148681056,180.0,221.0,1.2277777777777779,29114.5,9,8,1,75.0,37.0
1645,candidato_selecionado,OK,0.8733359814494437,13.976851851851853,180.0,220.0,1.2222222222222223,29117.5,9,8,1,75.0,37.0
1646,candidato_selecionado,OK,0.872429417430976,13.991319444444445,180.0,221.0,1.2277777777777779,29127.5,9,8,1,75.0,37.0
1647,candidato_selecionado,OK,0.8721085336424358,14.0,180.0,221.0,1.2277777777777779,29133.5,9,8,1,75.0,37.0
1648,candidato_selecionado,OK,0.8710862213542029,14.000647668393782,180.0,222.0,1.2333333333333334,29126.5,9,8,1,75.0,37.0
1649,candidato_selecionado,OK,0.8715185756268357,13.99742268041237,180.0,222.0,1.2333333333333334,29144.0,10,9,1,75.0,37.0
1650,candidato_selecionado,OK,0.8726416502330483,13.9929718875502,179.0,222.0,1.2402234636871508,29137.0,9,8,1,75.0,37.0
1651,candidato_selecionado,OK,0.8723133382501548,13.980828220858896,178.0,223.0,1.252808988764045,29141.0,12,11,1,75.0,37.0
1652,candidato_selecionado,OK,0.8716143578066289,13.983231707317074,178.0,224.0,1.2584269662921348,29161.5,12,11,1,75.0,37.0
1653,candidato_selecionado,OK,0.8723885869400968,13.984344894026975,178.0,223.0,1.252808988764045,29154.0,11,10,1,75.0,37.0
1654,candidato_selecionado,OK,0.8715030351919565,13.987280701754386,178.0,224.0,1.2584269662921348,29174.5,11,10,1,75.0,37.0
1655,candidato_selecionado,OK,0.8717478425292603,13.988963963963963,178.0,223.0,1.252808988764045,29148.0,12,11,1,75.0,38.0
1656,candidato_selecionado,OK,0.8724689011464805,13.988963963963963,178.0,223.0,1.252808988764045,29151.5,12,11,1,75.0,38.0
1657,candidato_selecionado,OK,0.8739936565003893,14.002504553734063,178.0,222.0,1.247191011235955,29146.0,9,8,1,75.0,37.0
1658,candidato_selecionado,OK,0.8737864318548905,14.000868055555555,178.0,222.0,1.247191011235955,29134.5,9,8,1,75.0,37.0
1659,candidato_selecionado,OK,0.873657822086241,14.000868055555555,178.0,222.0,1.247191011235955,29129.0,10,9,1,75.0,37.0
1660,candidato_selecionado,OK,0.8743559560088736,13.991134751773048,178.0,221.0,1.2415730337078652,29114.5,9,8,1,75.0,38.0
1661,candidato_selecionado,OK,0.8694004810592788,13.975340136054422,178.0,225.0,1.2640449438202248,29143.5,9,8,1,75.0,37.0
1662,candidato_selecionado,OK,0.8727884116416782,13.949137931034484,178.0,222.0,1.247191011235955,29129.5,10,9,1,75.0,37.0
1663,candidato_selecionado,OK,0.8719723532556262,13.935509554140127,178.0,222.0,1.247191011235955,29105.0,9,8,1,75.0,37.0
1664,candidato_selecionado,OK,0.8713298746536008,13.916666666666666,178.0,223.0,1.252808988764045,29094.0,11,10,1,75.0,37.0
1665,candidato_selecionado,OK,0.8715384679210171,13.930782312925169,178.0,223.0,1.252808988764045,29095.0,11,10,1,75.0,37.0
1666,candidato_selecionado,OK,0.8714602596546689,13.966417910447761,178.0,223.0,1.252808988764045,29101.0,11,10,1,75.0,37.0
1667,candidato_selecionado,OK,0.8725746539305548,13.967524509803923,178.0,222.0,1.247191011235955,29095.5,11,10,1,75.0,37.0
1668,candidato_selecionado,OK,0.8724936953284153,13.968971631205674,178.0,222.0,1.247191011235955,29099.5,11,10,1,75.0,37.0
1669,candidato_selecionado,OK,0.8727274916066012,13.947975517890773,178.0,222.0,1.247191011235955,29115.5,12,11,1,75.0,37.0
1670,candidato_selecionado,OK,0.8728855009220817,13.947975517890773,178.0,222.0,1.247191011235955,29095.5,11,10,1,75.0,37.0
1671,candidato_selecionado,OK,0.8728258544304965,13.947975517890773,178.0,222.0,1.247191011235955,29092.5,11,10,1,75.0,37.0
1672,candidato_selecionado,OK,0.871373214609616,13.962962962962962,178.0,223.0,1.252808988764045,29073.5,11,10,1,75.0,37.0
1673,candidato_selecionado,OK,0.8729053659646769,13.958333333333334,178.0,222.0,1.247191011235955,29104.5,11,10,1,75.0,37.0
1674,candidato_selecionado,OK,0.8720506272429556,13.98365561694291,178.0,223.0,1.252808988764045,29110.0,10,9,1,75.0,37.0
1675,candidato_selecionado,OK,0.871701888291498,13.98365561694291,178.0,223.0,1.252808988764045,29093.0,12,11,1,75.0,37.0
1676,candidato_selecionado,OK,0.8727971074384118,13.965439276485789,178.0,222.0,1.247191011235955,29100.0,11,10,1,75.0,37.0
1677,candidato_selecionado,OK,0.8732536830702236,13.965439276485789,178.0,222.0,1.247191011235955,29106.5,11,10,1,75.0,37.0
1678,candidato_selecionado,OK,0.8735437500633654,13.965439276485789,178.0,222.0,1.247191011235955,29111.5,12,11,1,75.0,37.0
1679,candidato_selecionado,OK,0.870994904701818,13.965439276485789,178.0,224.0,1.2584269662921348,29105.0,12,11,1,75.0,37.0
1680,candidato_selecionado,OK,0.8722119240457357,13.966603053435115,178.0,223.0,1.252808988764045,29099.0,11,10,1,75.0,37.0
1681,candidato_selecionado,OK,0.8717200560867198,13.973072562358276,178.0,223.0,1.252808988764045,29104.0,11,10,1,75.0,37.0
1682,candidato_selecionado,OK,0.8713186128639776,13.965384615384615,178.0,223.0,1.252808988764045,29103.5,13,12,1,75.0,37.0
1683,candidato_selecionado,OK,0.8711790468584125,13.958333333333334,178.0,223.0,1.252808988764045,29112.0,11,10,1,75.0,37.0
1684,candidato_selecionado,OK,0.8726174698298691,13.958333333333334,178.0,222.0,1.247191011235955,29124.0,10,9,1,75.0,37.0
1685,candidato_selecionado,OK,0.872625570264172,13.958333333333334,178.0,222.0,1.247191011235955,29128.5,10,9,1,75.0,37.0
1686,candidato_selecionado,OK,0.8724000201548473,13.966603053435115,178.0,222.0,1.247191011235955,29100.5,11,10,1,75.0,37.0
1687,candidato_selecionado,OK,0.8731093897027492,13.966603053435115,178.0,222.0,1.247191011235955,29130.0,11,10,1,75.0,37.0
1688,candidato_selecionado,OK,0.8714799426894307,13.966603053435115,178.0,223.0,1.252808988764045,29128.5,11,10,1,75.0,37.0
1689,candidato_selecionado,OK,0.8725667686208792,13.966603053435115,178.0,222.0,1.247191011235955,29135.0,11,10,1,75.0,37.0
1690,candidato_selecionado,OK,0.8715729959701913,13.96952736318408,178.0,223.0,1.252808988764045,29122.0,10,9,1,75.0,37.0
1691,candidato_selecionado,OK,0.871261346725002,13.96952736318408,178.0,223.0,1.252808988764045,29114.0,11,10,1,75.0,37.0
1692,candidato_selecionado,OK,0.8719311370262085,13.965494791666666,178.0,223.0,1.252808988764045,29129.0,11,10,1,75.0,37.0
1693,candidato_selecionado,OK,0.8722090383565161,13.965494791666666,178.0,222.0,1.247191011235955,29099.0,10,9,1,75.0,37.0
1694,candidato_selecionado,OK,0.8713601023405038,13.963753387533876,178.0,223.0,1.252808988764045,29108.0,11,10,1,75.0,37.0
1695,candidato_selecionado,OK,0.8715894398687378,13.963753387533876,178.0,223.0,1.252808988764045,29115.5,12,11,1,75.0,37.0
1696,candidato_selecionado,OK,0.8716132707089452,13.963753387533876,178.0,223.0,1.252808988764045,29127.5,11,10,1,75.0,37.0
1697,candidato_selecionado,OK,0.8728199735162537,13.958333333333334,178.0,222.0,1.247191011235955,29099.0,12,11,1,75.0,37.0
1698,candidato_selecionado,OK,0.8717711281889501,13.958333333333334,178.0,223.0,1.252808988764045,29101.5,12,11,1,75.0,37.0
1699,candidato_selecionado,OK,0.8716136054528479,13.958333333333334,178.0,223.0,1.252808988764045,29098.0,11,10,1,75.0,37.0
1700,candidato_selecionado,OK,0.8732328739796601,13.958333333333334,178.0,222.0,1.247191011235955,29109.0,11,10,1,75.0,37.0
1701,candidato_selecionado,OK,0.872287552798743,13.967171717171716,178.0,223.0,1.252808988764045,29119.5,10,9,1,75.0,37.0
1702,candidato_selecionado,OK,0.8729726787447303,13.967171717171716,178.0,222.0,1.247191011235955,29093.5,11,10,1,75.0,37.0
1703,candidato_selecionado,OK,0.8705717200464729,13.98564814814815,178.0,224.0,1.2584269662921348,29105.5,11,10,1,75.0,37.0
1704,candidato_selecionado,OK,0.8733590789207097,13.984674329501916,178.0,222.0,1.247191011235955,29115.5,11,10,1,75.0,37.0
1705,candidato_selecionado,OK,0.8727098504828872,13.967171717171716,178.0,222.0,1.247191011235955,29099.0,11,10,1,75.0,37.0
1706,candidato_selecionado,OK,0.8728700667713956,13.98564814814815,178.0,222.0,1.247191011235955,29114.0,11,10,1,75.0,37.0
1707,candidato_selecionado,OK,0.8724500432352706,13.98564814814815,178.0,222.0,1.247191011235955,29098.5,12,11,1,75.0,37.0
1708,candidato_selecionado,OK,0.8734682221955795,13.985949612403102,178.0,222.0,1.247191011235955,29105.0,11,10,1,75.0,37.0
1709,candidato_selecionado,OK,0.8731025274916493,13.99710338680927,178.0,222.0,1.247191011235955,29120.5,10,9,1,75.0,37.0
1710,candidato_selecionado,OK,0.8730621104709496,13.986418047882138,178.0,222.0,1.247191011235955,29123.5,10,9,1,75.0,37.0
1711,candidato_selecionado,OK,0.8731285969960513,13.986418047882138,178.0,222.0,1.247191011235955,29124.5,11,10,1,75.0,37.0
1712,candidato_selecionado,OK,0.872796716967147,13.986418047882138,178.0,222.0,1.247191011235955,29101.5,11,10,1,75.0,37.0
1713,candidato_selecionado,OK,0.8732928960412387,13.996621621621621,178.0,222.0,1.247191011235955,29097.0,11,10,1,75.0,37.0
1714,candidato_selecionado,OK,0.8734095725260012,13.996621621621621,178.0,222.0,1.247191011235955,29101.5,11,10,1,75.0,37.0
1715,candidato_selecionado,OK,0.8737593390568157,13.996621621621621,178.0,222.0,1.247191011235955,29102.5,10,9,1,75.0,37.0
1716,candidato_selecionado,OK,0.8737441718680067,13.995421245421246,178.0,221.0,1.2415730337078652,29080.0,10,9,1,75.0,37.0
1717,candidato_selecionado,OK,0.873691145673906,13.98564814814815,178.0,221.0,1.2415730337078652,29081.0,10,9,1,75.0,37.0
1718,candidato_selecionado,OK,0.8725045584132152,13.98564814814815,178.0,222.0,1.247191011235955,29086.5,10,9,1,75.0,37.0
1719,candidato_selecionado,OK,0.8726283468936418,13.98564814814815,178.0,222.0,1.247191011235955,29097.5,10,9,1,75.0,37.0
1720,candidato_selecionado,OK,0.8729625473952778,13.985800744878958,178.0,222.0,1.247191011235955,29122.5,11,10,1,75.0,37.0
1721,candidato_selecionado,OK,0.8717786084435273,13.967171717171716,178.0,222.0,1.247191011235955,29079.5,10,9,1,75.0,37.0
1722,candidato_selecionado,OK,0.8720564277466083,13.967171717171716,178.0,222.0,1.247191011235955,29076.5,10,9,1,75.0,37.0
1723,candidato_selecionado,OK,0.872170294195425,13.965608465608467,178.0,222.0,1.247191011235955,29073.0,10,9,1,75.0,37.0
1724,candidato_selecionado,OK,0.8711090493038446,13.964285714285715,178.0,223.0,1.252808988764045,29075.0,10,9,1,75.0,37.0
1725,candidato_selecionado,OK,0.8714842684746619,13.964285714285715,178.0,223.0,1.252808988764045,29088.0,10,9,1,75.0,37.0
1726,candidato_selecionado,OK,0.8704857265506128,13.948809523809523,178.0,224.0,1.2584269662921348,29122.5,10,9,1,75.0,37.0
1727,candidato_selecionado,OK,0.8707243831434399,13.947565543071162,178.0,224.0,1.2584269662921348,29126.0,11,10,1,75.0,37.0
1728,candidato_selecionado,OK,0.8719727398535214,13.948809523809523,178.0,223.0,1.252808988764045,29099.0,11,10,1,75.0,37.0
1729,candidato_selecionado,OK,0.8700912765003858,13.964285714285715,178.0,224.0,1.2584269662921348,29132.5,10,9,1,75.0,37.0
1730,candidato_selecionado,OK,0.8711727795638672,13.986263736263737,178.0,224.0,1.2584269662921348,29157.0,10,9,1,75.0,37.0
1731,candidato_selecionado,OK,0.8706666564250712,13.986263736263737,178.0,224.0,1.2584269662921348,29155.0,10,9,1,75.0,37.0
1732,candidato_selecionado,OK,0.870675286802456,13.986263736263737,178.0,224.0,1.2584269662921348,29151.0,10,9,1,75.0,37.0
1733,candidato_selecionado,OK,0.872556960723466,13.98378243512974,178.0,222.0,1.247191011235955,29126.5,10,9,1,75.0,37.0
1734,candidato_selecionado,OK,0.872953803709621,13.98378243512974,178.0,222.0,1.247191011235955,29133.0,10,9,1,75.0,37.0
1735,candidato_selecionado,OK,0.8738429831952654,13.98378243512974,178.0,221.0,1.2415730337078652,29126.0,10,9,1,75.0,37.0
1736,candidato_selecionado,OK,0.8724959805925055,13.98489010989011,178.0,222.0,1.247191011235955,29140.5,10,9,1,75.0,37.0
1737,candidato_selecionado,OK,0.8730197460721808,13.985805860805861,178.0,222.0,1.247191011235955,29115.5,10,9,1,75.0,37.0
1738,candidato_selecionado,OK,0.8735691174356081,13.985805860805861,178.0,222.0,1.247191011235955,29136.0,10,9,1,75.0,37.0
1739,candidato_selecionado,OK,0.8733258051095124,13.985805860805861,178.0,222.0,1.247191011235955,29123.0,10,9,1,75.0,37.0
1740,candidato_selecionado,OK,0.8736132754335165,13.98733885819521,178.0,222.0,1.247191011235955,29119.5,10,9,1,75.0,37.0
1741,candidato_selecionado,OK,0.8730686625935214,13.995519713261649,178.0,222.0,1.247191011235955,29108.5,11,10,1,75.0,37.0
1742,candidato_selecionado,OK,0.8730712174431176,13.995519713261649,178.0,222.0,1.247191011235955,29111.0,10,9,1,75.0,37.0
1743,candidato_selecionado,OK,0.8744685365604074,13.994765494137354,178.0,221.0,1.2415730337078652,29123.5,10,9,1,75.0,37.0
1744,candidato_selecionado,OK,0.873314809857534,13.98733885819521,178.0,222.0,1.247191011235955,29126.5,11,10,1,75.0,37.0
1745,candidato_selecionado,OK,0.8726557934993157,13.99368686868687,178.0,223.0,1.252808988764045,29129.0,11,10,1,75.0,37.0
1746,candidato_selecionado,OK,0.8727878922790342,13.99423076923077,178.0,223.0,1.252808988764045,29125.5,11,10,1,75.0,37.0
1747,candidato_selecionado,OK,0.872728807465404,13.99423076923077,178.0,223.0,1.252808988764045,29126.0,11,10,1,75.0,37.0
1748,candidato_selecionado,OK,0.8725250197135389,13.99501811594203,178.0,223.0,1.252808988764045,29126.5,11,10,1,75.0,37.0
1749,candidato_selecionado,OK,0.8732839072207851,13.985805860805861,178.0,222.0,1.247191011235955,29128.5,11,10,1,75.0,37.0
1750,candidato_selecionado,OK,0.8724606500480782,13.99501811594203,178.0,222.0,1.247191011235955,29120.5,11,10,1,75.0,37.0
1751,candidato_selecionado,OK,0.873312287284748,13.99501811594203,178.0,222.0,1.247191011235955,29155.0,11,10,1,75.0,37.0
1752,candidato_selecionado,OK,0.8725039945639964,13.99501811594203,178.0,222.0,1.247191011235955,29129.0,11,10,1,75.0,37.0
1753,candidato_selecionado,OK,0.8719916172895031,13.986111111111112,178.0,222.0,1.247191011235955,29139.5,11,10,1,75.0,37.0
1754,candidato_selecionado,OK,0.8732872575236623,13.99476320582878,178.0,222.0,1.247191011235955,29144.0,10,9,1,75.0,37.0
1755,candidato_selecionado,OK,0.8731405605903265,13.995416666666666,178.0,222.0,1.247191011235955,29159.0,10,9,1,75.0,37.0
1756,candidato_selecionado,OK,0.8737885931986359,13.995416666666666,178.0,222.0,1.247191011235955,29150.0,10,9,1,75.0,37.0
1757,candidato_selecionado,OK,0.8739997303382562,13.995416666666666,178.0,222.0,1.247191011235955,29143.0,10,9,1,75.0,37.0
1758,candidato_selecionado,OK,0.8736729454937251,14.005885122410547,178.0,222.0,1.247191011235955,29153.5,10,9,1,75.0,37.0
1759,candidato_selecionado,OK,0.8736672385991708,14.005885122410547,178.0,222.0,1.247191011235955,29144.5,10,9,1,75.0,37.0
1760,candidato_selecionado,OK,0.8744951330982642,13.996287128712872,178.0,222.0,1.247191011235955,29170.5,10,9,1,75.0,37.0
1761,candidato_selecionado,OK,0.8699968278665128,14.004472693032016,178.0,225.0,1.2640449438202248,29154.0,11,10,1,75.0,37.0
1762,candidato_selecionado,OK,0.8710997436030188,14.004422718808193,178.0,224.0,1.2584269662921348,29154.5,10,9,1,75.0,37.0
1763,candidato_selecionado,OK,0.8713449649487484,14.004422718808193,178.0,224.0,1.2584269662921348,29164.0,10,9,1,75.0,37.0
1764,candidato_selecionado,OK,0.8701627737653302,13.9963298791019,178.0,225.0,1.2640449438202248,29169.0,10,9,1,75.0,37.0
1765,candidato_selecionado,OK,0.8728582403696955,13.9963298791019,178.0,223.0,1.252808988764045,29158.5,10,9,1,75.0,37.0
1766,candidato_selecionado,OK,0.8737718150468162,13.9963298791019,178.0,222.0,1.247191011235955,29161.5,10,9,1,75.0,37.0
1767,candidato_selecionado,OK,0.8740832799700091,13.997448979591837,178.0,222.0,1.247191011235955,29157.0,10,9,1,75.0,37.0
1768,candidato_selecionado,OK,0.8737677095503408,13.996173469387756,178.0,222.0,1.247191011235955,29144.0,10,9,1,75.0,37.0
1769,candidato_selecionado,OK,0.8736034624111348,14.004888268156426,178.0,222.0,1.247191011235955,29124.0,11,10,1,75.0,37.0
1770,candidato_selecionado,OK,0.8735114951036077,13.996173469387756,178.0,222.0,1.247191011235955,29120.0,10,9,1,75.0,37.0
1771,candidato_selecionado,OK,0.8689017480215516,13.996173469387756,178.0,226.0,1.2696629213483146,29129.0,10,9,1,75.0,37.0
1772,candidato_selecionado,OK,0.873518929782504,14.006720430107528,178.0,222.0,1.247191011235955,29123.5,10,9,1,75.0,37.0
1773,candidato_selecionado,OK,0.8733077936247152,14.006720430107528,178.0,222.0,1.247191011235955,29116.5,10,9,1,75.0,37.0
1774,candidato_selecionado,OK,0.8738295173196674,14.006720430107528,178.0,222.0,1.247191011235955,29131.5,10,9,1,75.0,37.0
1775,candidato_selecionado,OK,0.8737424362118889,14.00627240143369,178.0,222.0,1.247191011235955,29134.5,10,9,1,75.0,37.0
1776,candidato_selecionado,OK,0.8736819558916005,14.00627240143369,178.0,222.0,1.247191011235955,29129.5,9,8,1,75.0,37.0
1777,candidato_selecionado,OK,0.8738597987847896,14.006018518518518,178.0,222.0,1.247191011235955,29134.0,9,8,1,75.0,37.0
1778,candidato_selecionado,OK,0.8736794283360058,14.005762411347519,178.0,222.0,1.247191011235955,29129.0,9,8,1,75.0,37.0
1779,candidato_selecionado,OK,0.8733004607548418,14.002873563218392,178.0,222.0,1.247191011235955,29121.0,10,9,1,75.0,37.0
1780,candidato_selecionado,OK,0.8727701228649789,14.003612716763007,178.0,223.0,1.252808988764045,29139.0,10,9,1,75.0,37.0
1781,candidato_selecionado,OK,0.873948447705005,14.008429672447013,178.0,222.0,1.247191011235955,29139.5,10,9,1,75.0,37.0
1782,candidato_selecionado,OK,0.8742774356437516,14.009761904761904,178.0,222.0,1.247191011235955,29149.0,10,9,1,75.0,37.0
1783,candidato_selecionado,OK,0.8743583592798858,14.001275510204081,178.0,222.0,1.247191011235955,29151.5,9,8,1,75.0,37.0
1784,candidato_selecionado,OK,0.873122361182886,14.000661599099098,179.0,222.0,1.2402234636871508,29166.0,10,9,1,75.0,37.0
1785,candidato_selecionado,OK,0.8731070162407598,13.99574052074052,179.0,222.0,1.2402234636871508,29193.0,11,10,1,75.0,37.0
1786,candidato_selecionado,OK,0.8727569454323663,14.027335456475583,179.0,222.0,1.2402234636871508,29203.0,9,8,1,75.0,37.0
1787,candidato_selecionado,OK,0.8741476389388901,14.066148775894538,179.0,222.0,1.2402234636871508,29256.0,9,8,1,75.0,37.0
1788,candidato_selecionado,OK,0.8722703023824606,14.085382513661202,180.0,223.0,1.238888888888889,29324.0,9,8,1,75.0,37.0
1789,candidato_selecionado,OK,0.8735482471314624,14.14374488124488,180.0,223.0,1.238888888888889,29418.5,11,10,1,75.0,37.0
1790,candidato_selecionado,OK,0.8729860043271171,14.184803921568628,181.0,223.0,1.2320441988950277,29512.0,12,11,1,75.0,37.0
1791,candidato_selecionado,OK,0.8723305050445622,14.263211382113822,182.0,224.0,1.2307692307692308,29628.0,12,11,1,75.0,37.0
1792,candidato_selecionado,OK,0.8737155193573001,14.374404761904762,183.0,223.0,1.2185792349726776,29838.0,12,11,1,75.0,37.0
1793,candidato_selecionado,OK,0.8746385579979064,14.53486394557823,185.0,224.0,1.2108108108108109,30037.5,12,11,1,75.0,37.0
1794,candidato_selecionado,OK,0.8735604542472387,14.698490813648293,188.0,225.0,1.196808510638298,30379.5,12,11,1,75.0,37.0
1795,candidato_selecionado,OK,0.8791978603660785,14.99826373785704,191.0,220.0,1.1518324607329844,30735.0,13,12,1,75.0,37.0
1796,candidato_selecionado,OK,0.8789217835223385,15.340740740740742,196.0,220.0,1.1224489795918366,31251.0,13,12,1,75.0,38.0
1797,candidato_selecionado,OK,0.8753026023312206,15.767857142857144,202.0,219.0,1.0841584158415842,31754.0,13,12,1,75.0,39.0
1798,candidato_selecionado,OK,0.8688233472626292,16.3262987012987,208.0,216.0,1.0384615384615385,31883.0,11,10,1,75.0,40.0
1799,candidato_selecionado,OK,0.8643410387083957,17.161458333333332,211.0,191.0,0.9052132701421801,28631.5,12,11,1,75.0,42.0
1800,candidato_selecionado,OK,0.9083369824611827,18.229654403567448,184.0,189.0,1.0271739130434783,24738.0,14,13,1,75.0,45.0
1801,candidato_selecionado,OK,0.922610606627037,19.73611111111111,170.0,187.0,1.1,23145.5,11,10,1,75.0,49.0
1802,candidato_selecionado,OK,0.9333732551362616,23.3939585085506,190.0,188.0,0.9894736842105263,25096.5,10,9,1,75.0,45.0
1803,candidato_selecionado,OK,0.9563363819005831,23.502272727272725,189.0,188.0,0.9947089947089947,26485.0,10,9,1,75.0,40.0
1804,candidato_selecionado,OK,0.9556315910215902,23.57608695652174,188.0,187.0,0.9946808510638298,26274.5,13,12,1,75.0,41.0
1805,candidato_selecionado,OK,0.9551421392138651,23.5859375,187.0,186.0,0.9946524064171123,26091.0,11,10,1,75.0,41.0
1806,candidato_selecionado,OK,0.9540868578988186,23.585759374411154,187.0,185.0,0.9893048128342246,25928.5,11,10,1,75.0,41.0
1807,candidato_selecionado,OK,0.950080965152935,23.503205128205128,187.0,184.0,0.983957219251337,25841.0,10,9,1,75.0,40.0
1808,candidato_selecionado,OK,0.9540498498054442,23.462371205792255,187.0,183.0,0.9786096256684492,25726.0,11,10,1,75.0,40.0
1809,candidato_selecionado,OK,0.9485971773115841,23.404269005847954,187.0,184.0,0.983957219251337,25713.5,10,9,1,75.0,40.0
1810,candidato_selecionado,OK,0.951127339450023,23.40722222222222,187.0,184.0,0.983957219251337,25692.0,11,10,1,75.0,40.0
1811,candidato_selecionado,OK,0.9503849798335483,23.425724637681157,187.0,184.0,0.983957219251337,25749.0,10,9,1,75.0,40.0
1812,candidato_selecionado,OK,0.948526163959185,23.475511695906434,188.0,184.0,0.9787234042553191,25808.0,11,10,1,75.0,40.31999999999971
1813,candidato_selecionado,OK,0.9495231670831629,23.504065040650406,189.0,184.0,0.9735449735449735,25929.5,10,9,1,75.0,40.0
1814,candidato_selecionado,OK,0.9499914011448382,23.518772893772894,190.0,184.0,0.968421052631579,26077.5,11,10,1,75.0,40.0
1815,candidato_selecionado,OK,0.9477734824248417,23.51417767449446,193.0,184.0,0.9533678756476683,26149.0,12,11,1,75.0,41.0
1816,candidato_selecionado,OK,0.9385813853575125,23.329513888888886,195.0,184.0,0.9435897435897436,26168.0,10,9,1,75.0,41.0
1817,candidato_selecionado,OK,0.9342579436126432,23.34084699453552,199.0,184.0,0.9246231155778895,26139.0,10,9,1,75.0,42.0
1818,candidato_selecionado,OK,0.9082990982709191,23.321759259259256,205.0,184.0,0.8975609756097561,25832.0,11,10,1,75.0,42.0
1819,candidato_selecionado,OK,0.9379927009817146,20.6877147766323,184.0,183.0,0.9945652173913043,25412.0,12,11,1,75.0,42.0
1820,candidato_selecionado,OK,0.9321850143830072,19.8296783625731,183.0,183.0,1.0,25324.5,12,11,1,75.0,43.0
1821,candidato_selecionado,OK,0.923004417373354,18.799603174603174,186.0,183.0,0.9838709677419355,25472.0,15,14,1,75.0,43.0
1822,candidato_selecionado,OK,0.8808314288737693,17.611486486486488,208.0,186.0,0.8942307692307693,28918.5,10,9,1,75.0,42.0
1823,candidato_selecionado,OK,0.8878572550956927,16.2391353046595,205.0,200.0,0.975609756097561,30905.0,10,9,1,75.0,40.0
1824,candidato_selecionado,OK,0.8852331437603871,14.827850877192981,191.0,206.0,1.0785340314136125,29577.0,10,9,1,75.0,38.0
1825,candidato_selecionado,OK,0.8857981003989459,14.507308313035901,187.0,206.0,1.1016042780748663,29243.0,9,8,1,75.0,37.0
1826,candidato_selecionado,OK,0.8769515698073133,14.541666666666666,186.0,217.0,1.1666666666666667,29483.5,11,10,1,75.0,38.0
1827,candidato_selecionado,OK,0.8368913700090129,14.953804662360811,190.0,216.0,1.1368421052631579,27356.0,9,8,1,75.0,38.0
1828,candidato_selecionado,OK,0.8775511398007464,15.205979284369114,192.0,217.0,1.1302083333333333,30678.5,10,9,1,75.0,38.0
1829,candidato_selecionado,OK,0.8766602742989813,15.33144891122278,193.0,218.0,1.1295336787564767,31040.0,9,8,1,75.0,38.0
1830,candidato_selecionado,OK,0.8728510139983252,15.079931972789117,192.0,220.0,1.1458333333333333,31217.5,11,10,1,75.0,38.0
1831,candidato_selecionado,OK,0.8701839948920392,14.766131035553485,189.0,221.0,1.1693121693121693,30749.5,11,10,1,75.0,38.0
1832,candidato_selecionado,OK,0.8675703979447247,14.315353788126066,185.0,223.0,1.2054054054054053,30335.0,10,9,1,75.0,37.0
1833,candidato_selecionado,OK,0.8776165278492608,14.333333333333334,187.0,219.0,1.1711229946524064,30970.0,11,10,1,75.0,35.0
1834,candidato_selecionado,OK,0.8785590011772542,14.801470588235295,191.0,217.0,1.1361256544502618,31663.0,10,9,1,75.0,35.0
1835,candidato_selecionado,OK,0.8736961738209807,15.362654320987653,197.0,216.0,1.0964467005076142,32018.0,8,7,1,75.0,34.0
1836,candidato_selecionado,OK,0.8913302221295569,15.858695652173914,203.0,215.0,1.0591133004926108,32238.0,9,8,1,75.0,33.0
1837,candidato_selecionado,OK,0.8943799586717213,16.23611111111111,205.0,216.0,1.053658536585366,32716.0,9,8,1,75.0,31.0
1838,candidato_selecionado,OK,0.8911038185082243,16.487704918032787,208.0,220.0,1.0576923076923077,33070.5,10,9,1,75.0,31.0
1839,candidato_selecionado,OK,0.8916150784440889,16.42263986013986,207.0,222.0,1.0724637681159421,33120.5,11,10,1,75.0,30.0
1840,candidato_selecionado,OK,0.8501823110367939,16.189,204.0,225.0,1.1029411764705883,29771.5,10,9,1,75.0,30.0
1841,candidato_selecionado,OK,0.848744444733294,15.70630904183536,200.0,225.0,1.125,29361.0,10,9,1,75.0,30.0
1842,candidato_selecionado,OK,0.8489483651911511,15.436264822134385,200.0,224.0,1.12,29313.0,14,13,1,75.0,30.0
1843,candidato_selecionado,OK,0.8444299165733674,15.474864718614718,199.0,225.0,1.1306532663316582,29204.0,11,10,1,75.0,30.0
1844,candidato_selecionado,OK,0.8457830484811867,15.692906746031746,200.0,227.0,1.135,29519.0,13,12,1,75.0,30.0
1845,candidato_selecionado,OK,0.8878931970618524,15.840346534653465,202.0,229.0,1.1336633663366336,32973.5,11,10,1,75.0,30.0
1846,candidato_selecionado,OK,0.888148537034121,15.833695652173914,200.0,230.0,1.15,33020.5,10,9,1,75.0,30.0
1847,candidato_selecionado,OK,0.8393854470839334,15.610185185185186,200.0,231.0,1.155,29662.5,11,10,1,75.0,30.0
1848,candidato_selecionado,OK,0.8733849141620548,15.451363357843137,199.0,231.0,1.1608040201005025,32968.0,11,10,1,75.0,30.0
1849,candidato_selecionado,OK,0.8350629780473864,15.436831780575114,199.0,232.0,1.1658291457286432,29905.5,11,10,1,75.0,30.0
1850,candidato_selecionado,OK,0.8347319406693717,15.409320014662756,198.0,232.0,1.1717171717171717,29730.0,12,11,1,75.0,31.0
1851,candidato_selecionado,OK,0.8711996418936909,15.294811320754718,197.0,232.0,1.1776649746192893,32637.0,9,8,1,75.0,31.0
1852,candidato_selecionado,OK,0.831506572424951,15.131931089743588,195.0,232.0,1.1897435897435897,29068.0,9,8,1,75.0,31.0
1853,candidato_selecionado,OK,0.8733996135677566,15.014804739254144,194.0,225.0,1.1597938144329898,31822.0,9,8,1,75.0,31.0
1854,candidato_selecionado,OK,0.8383889852171572,14.911458333333334,192.0,222.0,1.15625,28397.0,9,8,1,75.0,32.0
1855,candidato_selecionado,OK,0.8383645104476263,14.777109740778805,190.0,223.0,1.1736842105263159,28161.0,9,8,1,75.0,32.0
1856,candidato_selecionado,OK,0.8764008659314568,14.653985507246377,187.0,224.0,1.1978609625668448,30840.0,11,10,1,75.0,33.0
1857,candidato_selecionado,OK,0.8738795352055038,14.494987174674675,186.0,224.0,1.2043010752688172,30511.0,11,10,1,75.0,34.0
1858,candidato_selecionado,OK,0.8734028189763166,14.320868945868945,183.0,224.0,1.2240437158469946,30084.0,10,9,1,75.0,36.0
1859,candidato_selecionado,OK,0.8707156647170771,14.088906581740977,180.0,224.0,1.2444444444444445,29585.0,10,9,1,75.0,37.0
1860,candidato_selecionado,OK,0.8673738427070895,13.915530303030303,180.0,223.0,1.238888888888889,29084.0,9,8,1,75.0,38.0
1861,candidato_selecionado,OK,0.8742220429243238,13.903131634819532,179.0,217.0,1.2122905027932962,28784.5,12,11,1,75.0,39.0
1862,candidato_selecionado,OK,0.8758568935876891,14.116888961623436,181.0,216.0,1.1933701657458564,28861.0,9,8,1,75.0,38.0
1863,candidato_selecionado,OK,0.8799150283176292,14.314472740315638,183.0,214.0,1.169398907103825,29006.0,12,11,1,75.0,38.0
1864,candidato_selecionado,OK,0.880522759889804,14.477130325814535,185.0,214.0,1.1567567567567567,29198.0,12,11,1,75.0,38.0
1865,candidato_selecionado,OK,0.8835568280868421,14.501524390243901,185.0,214.0,1.1567567567567567,29247.0,12,11,1,75.0,37.0
1866,candidato_selecionado,OK,0.8857726484519693,14.665462427745664,186.0,213.0,1.1451612903225807,29402.0,12,11,1,75.0,37.0
1867,candidato_selecionado,OK,0.8874936173382709,14.784999999999998,189.0,211.0,1.1164021164021165,29676.5,9,8,1,75.0,37.0
1868,candidato_selecionado,OK,0.8884717579224473,14.940010052936984,191.0,212.0,1.1099476439790577,29897.5,11,10,1,75.0,37.0
1869,candidato_selecionado,OK,0.8871499640377463,15.061886084012203,192.0,213.0,1.109375,30002.5,12,11,1,75.0,37.0
1870,candidato_selecionado,OK,0.8895526048253177,15.064705882352941,191.0,211.0,1.1047120418848169,29960.0,9,8,1,75.0,38.0
1871,candidato_selecionado,OK,0.8869345310498781,15.007350773479805,191.0,212.0,1.1099476439790577,30008.5,9,8,1,75.0,38.0
1872,candidato_selecionado,OK,0.8854082390853734,15.0,191.0,213.0,1.1151832460732984,30055.5,11,10,1,75.0,38.0
1873,candidato_selecionado,OK,0.8860589245745233,15.00730286738351,191.0,214.0,1.1204188481675392,30200.0,11,10,1,75.0,38.0
1874,candidato_selecionado,OK,0.885454818567883,15.01173202614379,191.0,214.0,1.1204188481675392,30291.5,12,11,1,75.0,38.0
1875,candidato_selecionado,OK,0.8840676726856002,15.003300330033005,190.0,215.0,1.131578947368421,30299.5,9,8,1,75.0,38.0
1876,candidato_selecionado,OK,0.8896685508319367,14.898256660840085,190.0,209.0,1.1,30255.5,9,8,1,75.0,38.0
1877,candidato_selecionado,OK,0.8843845732248026,14.795454200788596,189.0,214.0,1.1322751322751323,30252.0,12,11,1,75.0,38.0
1878,candidato_selecionado,OK,0.8816012650944113,14.731806543330388,188.0,217.0,1.1542553191489362,30227.0,9,8,1,75.0,38.0
1879,candidato_selecionado,OK,0.8769927512128293,14.667680180180179,187.0,220.0,1.1764705882352942,30145.0,9,8,1,75.0,38.0
1880,candidato_selecionado,OK,0.8748978886471983,14.640070921985815,186.0,222.0,1.1935483870967742,30039.5,10,9,1,75.0,38.0
1881,candidato_selecionado,OK,0.8750237930257447,14.55812757201646,185.0,222.0,1.2,29903.0,12,11,1,75.0,38.0
1882,candidato_selecionado,OK,0.8750084946170291,14.431410256410258,184.0,221.0,1.201086956521739,29720.0,10,9,1,75.0,39.0
1883,candidato_selecionado,OK,0.8697865707059582,14.27068345323741,183.0,222.0,1.2131147540983607,29488.0,11,10,1,75.0,39.0
1884,candidato_selecionado,OK,0.8723505499876503,14.111542443064183,182.0,218.0,1.1978021978021978,29128.0,10,9,1,75.0,39.0
1885,candidato_selecionado,OK,0.8715068456684807,13.981103530681468,179.0,218.0,1.217877094972067,28956.0,9,8,1,75.0,40.0
1886,candidato_selecionado,OK,0.8688600100332154,13.73445370514618,177.0,221.0,1.2485875706214689,28943.0,9,8,1,75.0,40.0
1887,candidato_selecionado,OK,0.8684744229293136,13.807995495495495,178.0,221.0,1.2415730337078652,29198.0,9,8,1,75.0,40.0
1888,candidato_selecionado,OK,0.8682810197073239,14.091335034013605,180.0,224.0,1.2444444444444445,29594.5,10,9,1,75.0,39.0
1889,candidato_selecionado,OK,0.8727414614512243,14.344298245614034,182.0,224.0,1.2307692307692308,30050.0,11,10,1,75.0,38.0
1890,candidato_selecionado,OK,0.8709466140975956,14.48024066576698,184.0,227.0,1.233695652173913,30351.0,9,8,1,75.0,38.0
1891,candidato_selecionado,OK,0.8745204446339004,14.590767853381083,186.0,225.0,1.2096774193548387,30591.0,9,8,1,75.0,38.0
1892,candidato_selecionado,OK,0.8767670940182869,14.75,187.0,224.0,1.1978609625668448,30818.0,11,10,1,75.0,37.0
1893,candidato_selecionado,OK,0.8776975714680578,14.830881680924179,188.0,225.0,1.196808510638298,31011.0,9,8,1,75.0,37.0
1894,candidato_selecionado,OK,0.8767648397603985,14.876677852348992,190.0,225.0,1.1842105263157894,31149.5,9,8,1,75.0,36.0
1895,candidato_selecionado,OK,0.8761184367758083,14.847222222222221,190.0,225.0,1.1842105263157894,31145.0,8,7,1,75.0,36.0
1896,candidato_selecionado,OK,0.8764379209873091,14.791573334631865,190.0,225.0,1.1842105263157894,31100.0,8,7,1,75.0,36.0
1897,candidato_selecionado,OK,0.8769719852167379,14.763383838383838,188.0,225.0,1.196808510638298,31000.0,10,9,1,75.0,36.0
1898,candidato_selecionado,OK,0.8758522126347023,14.716183574879226,188.0,224.0,1.1914893617021276,30912.0,12,11,1,75.0,36.0
1899,candidato_selecionado,OK,0.8738036315641372,14.63764367816092,187.0,225.0,1.2032085561497325,30815.0,12,11,1,75.0,37.0
1900,candidato_selecionado,OK,0.8707664456273524,14.555446194225722,187.0,226.0,1.2085561497326203,30788.0,12,11,1,75.0,37.0
1901,candidato_selecionado,OK,0.8691106046530165,14.497611464968152,186.0,227.0,1.2204301075268817,30747.5,11,10,1,75.0,37.0
1902,candidato_selecionado,OK,0.8716177610609138,14.416666666666666,185.0,224.0,1.2108108108108109,30625.0,11,10,1,75.0,37.0
1903,candidato_selecionado,OK,0.8700342546823201,14.367031131914478,183.0,227.0,1.2404371584699454,30531.0,11,10,1,75.0,38.0
1904,candidato_selecionado,OK,0.8662689010969344,14.274193548387096,182.0,229.0,1.2582417582417582,30281.5,11,10,1,75.0,38.0
1905,candidato_selecionado,OK,0.8681697573140823,14.13574890556598,181.0,225.0,1.2430939226519337,29956.0,11,10,1,75.0,39.0
1906,candidato_selecionado,OK,0.8675042083982888,14.018057946069995,180.0,226.0,1.2555555555555555,29608.5,11,10,1,75.0,40.0
1907,candidato_selecionado,OK,0.8715586013934709,13.894323671497583,179.0,222.0,1.2402234636871508,29343.0,11,10,1,75.0,40.0
1908,candidato_selecionado,OK,0.8720830252463619,13.863670824162385,179.0,223.0,1.2458100558659218,29147.5,12,11,1,75.0,40.0
1909,candidato_selecionado,OK,0.8756061904791732,13.94132613664443,179.0,220.0,1.229050279329609,28992.5,11,10,1,75.0,39.0
1910,candidato_selecionado,OK,0.8809936458038451,14.053779069767442,180.0,215.0,1.1944444444444444,28938.5,11,10,1,75.0,39.0
1911,candidato_selecionado,OK,0.8864669684075195,14.184329710144928,180.0,213.0,1.1833333333333333,28864.5,10,9,1,75.0,38.0
1912,candidato_selecionado,OK,0.885646602120981,14.24074074074074,182.0,213.0,1.1703296703296704,28918.5,10,9,1,75.0,37.0
1913,candidato_selecionado,OK,0.8867976202776784,14.377923976608187,183.0,212.0,1.1584699453551912,28964.5,10,9,1,75.0,37.0
1914,candidato_selecionado,OK,0.8879748949592231,14.417109929078014,184.0,211.0,1.1467391304347827,29020.5,10,9,1,75.0,37.0
1915,candidato_selecionado,OK,0.8907940942679657,14.511553030303029,185.0,210.0,1.135135135135135,29087.0,10,9,1,75.0,36.0
1916,candidato_selecionado,OK,0.8922540353524241,14.504286283891545,186.0,207.0,1.1129032258064515,29058.0,10,9,1,75.0,36.0
1917,candidato_selecionado,OK,0.8936075597769193,14.520622895622894,186.0,206.0,1.10752688172043,29042.5,10,9,1,75.0,36.0
1918,candidato_selecionado,OK,0.894610194442801,14.5621921182266,186.0,205.0,1.1021505376344085,29035.5,10,9,1,75.0,36.0
1919,candidato_selecionado,OK,0.8936046916695701,14.541171077411041,186.0,206.0,1.10752688172043,29058.0,10,9,1,75.0,36.0
1920,candidato_selecionado,OK,0.8922637927874252,14.492074592074593,185.0,208.0,1.1243243243243244,29020.0,11,10,1,75.0,36.0
1921,candidato_selecionado,OK,0.8896186042824038,14.333333333333334,184.0,210.0,1.141304347826087,28976.5,10,9,1,75.0,36.0
1922,candidato_selecionado,OK,0.8891207342644194,14.249345549738221,183.0,210.0,1.1475409836065573,29000.5,10,9,1,75.0,37.0
1923,candidato_selecionado,OK,0.8883524133108748,14.144688644688644,182.0,211.0,1.1593406593406594,28944.0,10,9,1,75.0,37.0
1924,candidato_selecionado,OK,0.8869376846037742,14.072881661358034,180.0,212.0,1.1777777777777778,28866.5,10,9,1,75.0,37.0
1925,candidato_selecionado,OK,0.8807884787504743,13.932855626326964,179.0,216.0,1.2067039106145252,28797.5,10,9,1,75.0,38.0
1926,candidato_selecionado,OK,0.8745219861624559,13.785714285714285,178.0,220.0,1.2359550561797752,28772.0,10,9,1,75.0,39.0
1927,candidato_selecionado,OK,0.8734950642781607,13.723993288590604,178.0,219.0,1.2303370786516854,28795.0,10,9,1,75.0,39.0
1928,candidato_selecionado,OK,0.8716898456024721,13.75,178.0,221.0,1.2415730337078652,28959.5,11,10,1,75.0,38.0
1929,candidato_selecionado,OK,0.8714464456692911,13.885703842940686,179.0,222.0,1.2402234636871508,29243.5,11,10,1,75.0,38.0
1930,candidato_selecionado,OK,0.8703827045634096,14.050785634118967,180.0,225.0,1.25,29556.0,11,10,1,75.0,38.0
1931,candidato_selecionado,OK,0.8712250463247158,14.152412280701753,181.0,224.0,1.2375690607734806,29768.5,10,9,1,75.0,38.0
1932,candidato_selecionado,OK,0.8724284080276569,14.164948453608247,181.0,225.0,1.2430939226519337,29948.5,10,9,1,75.0,38.0
1933,candidato_selecionado,OK,0.8348502066019112,14.229166666666666,182.0,225.0,1.2362637362637363,27427.5,10,9,1,75.0,38.0
1934,candidato_selecionado,OK,0.8323165454966025,14.22721997604073,182.0,227.0,1.2472527472527473,27399.5,10,9,1,75.0,38.0
1935,candidato_selecionado,OK,0.8327937229091887,14.188996316758747,182.0,226.0,1.2417582417582418,27378.0,10,9,1,75.0,38.0
1936,candidato_selecionado,OK,0.8694168238005542,14.122988505747125,181.0,226.0,1.2486187845303867,29761.0,10,9,1,75.0,38.0
1937,candidato_selecionado,OK,0.8686697845413677,14.054310344827586,181.0,225.0,1.2430939226519337,29515.5,10,9,1,75.0,38.0
1938,candidato_selecionado,OK,0.8702842310215256,13.990833333333333,180.0,224.0,1.2444444444444445,29380.5,10,9,1,75.0,38.0
1939,candidato_selecionado,OK,0.8721656950308477,13.888151229136673,179.0,222.0,1.2402234636871508,29127.5,10,9,1,75.0,38.0
1940,candidato_selecionado,OK,0.8739397594462752,13.744656385281383,178.0,219.0,1.2303370786516854,28867.5,10,9,1,75.0,38.0
1941,candidato_selecionado,OK,0.8748398448719865,13.714930934205745,177.0,218.0,1.231638418079096,28695.0,10,9,1,75.0,38.0
1942,candidato_selecionado,OK,0.8758085249266645,13.767544934640524,177.0,218.0,1.231638418079096,28688.0,10,9,1,75.0,38.0
1943,candidato_selecionado,OK,0.8795604646649413,13.893170426065163,178.0,217.0,1.2191011235955056,28782.0,10,9,1,75.0,38.0
1944,candidato_selecionado,OK,0.8797727483356432,13.993413063624454,179.0,217.0,1.2122905027932962,28852.5,10,9,1,75.0,38.0
1945,candidato_selecionado,OK,0.8805209009062672,14.001984126984127,180.0,217.0,1.2055555555555555,28881.0,10,9,1,75.0,37.0
1946,candidato_selecionado,OK,0.8826802596820413,14.096660638563234,180.0,216.0,1.2,28921.0,10,9,1,75.0,37.0
1947,candidato_selecionado,OK,0.8826805091955037,14.074797367805544,181.0,216.0,1.1933701657458564,28967.0,10,9,1,75.0,37.0
1948,candidato_selecionado,OK,0.8850714505690868,14.105416666666665,181.0,214.0,1.1823204419889504,28987.5,10,9,1,75.0,37.0
1949,candidato_selecionado,OK,0.8861173068660048,14.129906108961961,181.0,213.0,1.1767955801104972,28948.0,10,9,1,75.0,37.0
1950,candidato_selecionado,OK,0.8845976339764969,14.071540232939197,181.0,214.0,1.1823204419889504,28949.5,10,9,1,75.0,37.0
1951,candidato_selecionado,OK,0.8822122280839667,14.067470389170898,180.0,216.0,1.2,28927.0,10,9,1,75.0,37.0
1952,candidato_selecionado,OK,0.8822127545624735,14.086339137645107,180.0,216.0,1.2,28887.5,10,9,1,75.0,38.0
1953,candidato_selecionado,OK,0.8779626192762723,13.942905405405407,179.0,220.0,1.229050279329609,28872.0,10,9,1,75.0,38.0
1954,candidato_selecionado,OK,0.8795124590078984,13.893707482993198,178.0,217.0,1.2191011235955056,28806.5,10,9,1,75.0,38.0
1955,candidato_selecionado,OK,0.8785750682439579,13.78835978835979,178.0,217.0,1.2191011235955056,28813.0,10,9,1,75.0,38.0
1956,candidato_selecionado,OK,0.877896602542282,13.75,177.0,217.0,1.2259887005649717,28819.5,10,9,1,75.0,38.0
1957,candidato_selecionado,OK,0.878222312792849,13.730947505584512,177.0,218.0,1.231638418079096,28890.0,10,9,1,75.0,39.0
1958,candidato_selecionado,OK,0.8755625894687841,13.75,178.0,219.0,1.2303370786516854,28974.0,10,9,1,75.0,39.0
1959,candidato_selecionado,OK,0.8754033711247401,13.849452554744525,178.0,220.0,1.2359550561797752,29017.0,10,9,1,75.0,39.0
1960,candidato_selecionado,OK,0.8745119984329561,13.90542328042328,178.0,220.0,1.2359550561797752,29149.0,10,9,1,75.0,39.0
1961,candidato_selecionado,OK,0.8764594739703168,13.983236982853546,178.0,219.0,1.2303370786516854,29232.0,10,9,1,75.0,39.0
1962,candidato_selecionado,OK,0.8750012730321898,13.999055544400568,178.0,221.0,1.2415730337078652,29319.5,10,9,1,75.0,39.0
1963,candidato_selecionado,OK,0.8756499387858717,13.988248692596832,179.0,220.0,1.229050279329609,29366.5,10,9,1,75.0,39.0
1964,candidato_selecionado,OK,0.8751235973643003,13.989145658263306,179.0,220.0,1.229050279329609,29340.5,11,10,1,75.0,39.0
1965,candidato_selecionado,OK,0.8747492822449949,13.970857418111754,179.0,220.0,1.229050279329609,29318.5,12,11,1,75.0,39.0
1966,candidato_selecionado,OK,0.8732214073114095,13.931277056277056,179.0,221.0,1.23463687150838,29225.5,10,9,1,75.0,39.0
1967,candidato_selecionado,OK,0.8716354205447678,13.908333333333333,178.0,223.0,1.252808988764045,29149.5,9,8,1,75.0,39.0
1968,candidato_selecionado,OK,0.8695882835325082,13.864247311827958,178.0,224.0,1.2584269662921348,29093.0,9,8,1,75.0,39.0
1969,candidato_selecionado,OK,0.86855720650017,13.763888888888888,178.0,225.0,1.2640449438202248,29048.0,10,9,1,75.0,39.0
1970,candidato_selecionado,OK,0.8701485321010393,13.705055342699021,178.0,223.0,1.252808988764045,28949.0,9,8,1,75.0,39.0
1971,candidato_selecionado,OK,0.8736534333800562,13.74507532446691,178.0,220.0,1.2359550561797752,28923.5,10,9,1,75.0,39.0
1972,candidato_selecionado,OK,0.8772753424556762,13.797799422799423,178.0,218.0,1.2247191011235956,28896.0,9,8,1,75.0,39.0
1973,candidato_selecionado,OK,0.876018412479363,13.776348039215685,179.0,219.0,1.223463687150838,28908.0,9,8,1,75.0,39.0
1974,candidato_selecionado,OK,0.8757995428619162,13.7738650272168,179.0,219.0,1.223463687150838,28861.0,9,8,1,75.0,38.0
1975,candidato_selecionado,OK,0.8800484638581793,13.832375478927203,178.0,217.0,1.2191011235955056,28848.5,10,9,1,75.0,38.0
1976,candidato_selecionado,OK,0.8812387001836548,13.819099378881987,178.0,216.0,1.2134831460674158,28868.0,10,9,1,75.0,38.0
1977,candidato_selecionado,OK,0.8804788990214959,13.818078324225866,178.0,216.0,1.2134831460674158,28815.0,11,10,1,75.0,38.0
1978,candidato_selecionado,OK,0.8804212044899837,13.822024151811386,178.0,216.0,1.2134831460674158,28847.0,11,10,1,75.0,38.0
1979,candidato_selecionado,OK,0.8783152763611067,13.810097597597597,178.0,217.0,1.2191011235955056,28822.5,12,11,1,75.0,38.0
1980,candidato_selecionado,OK,0.8788493678721926,13.801587301587302,177.0,217.0,1.2259887005649717,28774.0,10,9,1,75.0,39.0
1981,candidato_selecionado,OK,0.8770744488385911,13.731111111111112,177.0,217.0,1.2259887005649717,28754.0,10,9,1,75.0,39.0
1982,candidato_selecionado,OK,0.8778873607211114,13.748511904761905,177.0,217.0,1.2259887005649717,28766.0,10,9,1,75.0,39.0
1983,candidato_selecionado,OK,0.8768483622175355,13.755860720990471,177.0,218.0,1.231638418079096,28840.0,10,9,1,75.0,39.0
1984,candidato_selecionado,OK,0.8761655697680462,13.800182481751825,178.0,218.0,1.2247191011235956,28911.5,10,9,1,75.0,39.0
1985,candidato_selecionado,OK,0.8759242700602617,13.818882233431415,178.0,218.0,1.2247191011235956,28938.0,10,9,1,75.0,39.0
1986,candidato_selecionado,OK,0.8733966534384909,13.838869463869464,178.0,220.0,1.2359550561797752,28960.5,10,9,1,75.0,39.0
1987,candidato_selecionado,OK,0.8727931605740268,13.841029723991506,178.0,220.0,1.2359550561797752,28977.0,10,9,1,75.0,39.0
1988,candidato_selecionado,OK,0.8721048502869218,13.83974502209643,178.0,220.0,1.2359550561797752,28974.5,10,9,1,75.0,39.0
1989,candidato_selecionado,OK,0.8727224771209987,13.81050323595234,178.0,220.0,1.2359550561797752,28983.5,11,10,1,75.0,39.0
1990,candidato_selecionado,OK,0.8703453975117231,13.780538928189936,178.0,222.0,1.247191011235955,28937.5,11,10,1,75.0,39.0
1991,candidato_selecionado,OK,0.8712532358996863,13.779129793510323,178.0,221.0,1.2415730337078652,28910.0,10,9,1,75.0,39.0
1992,candidato_selecionado,OK,0.8716855248077037,13.736666666666666,178.0,221.0,1.2415730337078652,28863.5,10,9,1,75.0,39.0
1993,candidato_selecionado,OK,0.8748563317352048,13.758649210700446,178.0,218.0,1.2247191011235956,28834.0,10,9,1,75.0,39.0
1994,candidato_selecionado,OK,0.8731211302811336,13.74531686859273,178.0,220.0,1.2359550561797752,28801.0,10,9,1,75.0,39.0
1995,candidato_selecionado,OK,0.8757489340263527,13.74102761333541,177.0,219.0,1.2372881355932204,28825.5,10,9,1,75.0,39.0
1996,candidato_selecionado,OK,0.8757818765203244,13.791666666666666,177.0,220.0,1.2429378531073447,28806.0,10,9,1,75.0,39.0
1997,candidato_selecionado,OK,0.8758586024938759,13.803657074340528,177.0,220.0,1.2429378531073447,28813.5,10,9,1,75.0,39.0
1998,candidato_selecionado,OK,0.8771173076012186,13.824101796407186,177.0,219.0,1.2372881355932204,28823.0,10,9,1,75.0,39.0
1999,candidato_selecionado,OK,0.8770698530912173,13.730129764801298,177.0,218.0,1.231638418079096,28788.0,10,9,1,75.0,39.0
2000,candidato_selecionado,OK,0.8769929838184456,13.774727668845316,177.0,218.0,1.231638418079096,28753.0,10,9,1,75.0,39.0
2001,candidato_selecionado,OK,0.8764182579226018,13.76060606060606,177.0,218.0,1.231638418079096,28762.0,10,9,1,75.0,39.0
2002,candidato_selecionado,OK,0.8745929846906325,13.760853157831178,177.0,218.0,1.231638418079096,28779.5,10,9,1,75.0,39.0
2003,candidato_selecionado,OK,0.8756608123358398,13.761133175019106,177.0,218.0,1.231638418079096,28785.0,10,9,1,75.0,39.0
2004,candidato_selecionado,OK,0.8742328280382893,13.74908536585366,177.0,220.0,1.2429378531073447,28842.0,10,9,1,75.0,39.0
2005,candidato_selecionado,OK,0.8734394161009343,13.75,177.0,221.0,1.2485875706214689,28883.5,10,9,1,75.0,39.0
2006,candidato_selecionado,OK,0.874238671725383,13.75,178.0,219.0,1.2303370786516854,28833.5,10,9,1,75.0,39.0
2007,candidato_selecionado,OK,0.8725064210491686,13.748287671232875,178.0,221.0,1.2415730337078652,28835.0,10,9,1,75.0,39.0
2008,candidato_selecionado,OK,0.872291384476709,13.75,178.0,221.0,1.2415730337078652,28850.0,10,9,1,75.0,39.0
2009,candidato_selecionado,OK,0.8725137641868929,13.75,178.0,221.0,1.2415730337078652,28896.0,10,9,1,75.0,39.0
2010,candidato_selecionado,OK,0.872490250862458,13.761279926335176,178.0,221.0,1.2415730337078652,28855.5,10,9,1,75.0,39.0
2011,candidato_selecionado,OK,0.8726603038171467,13.761150234741784,178.0,221.0,1.2415730337078652,28843.0,10,9,1,75.0,39.0
2012,candidato_selecionado,OK,0.872609150756027,13.758379782353165,178.0,221.0,1.2415730337078652,28845.5,10,9,1,75.0,39.0
2013,candidato_selecionado,OK,0.8721312116436934,13.761579047891898,178.0,221.0,1.2415730337078652,28847.5,10,9,1,75.0,39.0
2014,candidato_selecionado,OK,0.8728766602480934,13.754079994087453,178.0,220.0,1.2359550561797752,28832.0,10,9,1,75.0,39.0
2015,candidato_selecionado,OK,0.8730512708298596,13.74762658227848,178.0,220.0,1.2359550561797752,28828.0,10,9,1,75.0,39.0
2016,candidato_selecionado,OK,0.8748113600521311,13.74690170940171,178.0,219.0,1.2303370786516854,28822.5,10,9,1,75.0,39.0
2017,candidato_selecionado,OK,0.8729727037538957,13.75005959191457,178.0,221.0,1.2415730337078652,28855.5,10,9,1,75.0,39.0
2018,candidato_selecionado,OK,0.874126942948602,13.758411600637523,178.0,220.0,1.2359550561797752,28857.5,10,9,1,75.0,39.0
2019,candidato_selecionado,OK,0.8739103452348481,13.745506535947712,178.0,220.0,1.2359550561797752,28851.5,10,9,1,75.0,39.0
2020,candidato_selecionado,OK,0.8748053831023187,13.745506535947712,178.0,219.0,1.2303370786516854,28815.5,10,9,1,75.0,39.0
2021,candidato_selecionado,OK,0.8747769792945738,13.745506535947712,178.0,219.0,1.2303370786516854,28814.5,10,9,1,75.0,39.0
2022,candidato_selecionado,OK,0.874437209988205,13.745722958057394,178.0,219.0,1.2303370786516854,28834.5,10,9,1,75.0,39.0
2023,candidato_selecionado,OK,0.8754743088014182,13.745890022675738,178.0,218.0,1.2247191011235956,28822.0,10,9,1,75.0,39.0
2024,candidato_selecionado,OK,0.8723906561965246,13.746340090090092,178.0,221.0,1.2415730337078652,28840.5,10,9,1,75.0,39.0
2025,candidato_selecionado,OK,0.8745300087479827,13.74659586056645,178.0,219.0,1.2303370786516854,28826.0,10,9,1,75.0,39.0
2026,candidato_selecionado,OK,0.8761691745844077,13.745998896247238,178.0,217.0,1.2191011235955056,28820.0,10,9,1,75.0,39.0
2027,candidato_selecionado,OK,0.8754990667539767,13.7416454442558,178.0,218.0,1.2247191011235956,28836.0,11,10,1,75.0,39.0
2028,candidato_selecionado,OK,0.8769197116362002,13.740971641874202,178.0,217.0,1.2191011235955056,28824.0,10,9,1,75.0,39.0
2029,candidato_selecionado,OK,0.8754644840062171,13.76596620560369,178.0,218.0,1.2247191011235956,28828.5,10,9,1,75.0,39.0
2030,candidato_selecionado,OK,0.8733579944072609,13.761907423971378,178.0,220.0,1.2359550561797752,28831.5,10,9,1,75.0,39.0
2031,candidato_selecionado,OK,0.87268263504681,13.761836424295948,178.0,221.0,1.2415730337078652,28867.0,10,9,1,75.0,39.0
2032,candidato_selecionado,OK,0.8739527960092527,13.75,178.0,220.0,1.2359550561797752,28857.5,10,9,1,75.0,39.0
2033,candidato_selecionado,OK,0.8742356265753949,13.75,178.0,220.0,1.2359550561797752,28852.0,10,9,1,75.0,39.0
2034,candidato_selecionado,OK,0.8743840144372631,13.75,178.0,220.0,1.2359550561797752,28843.5,10,9,1,75.0,39.0
2035,candidato_selecionado,OK,0.8753229560301389,13.75,178.0,219.0,1.2303370786516854,28838.5,10,9,1,75.0,39.0
2036,candidato_selecionado,OK,0.874137330699221,13.752289377289378,178.0,220.0,1.2359550561797752,28850.5,10,9,1,75.0,39.0
2037,candidato_selecionado,OK,0.874311960574904,13.75,178.0,220.0,1.2359550561797752,28857.0,10,9,1,75.0,39.0
2038,candidato_selecionado,OK,0.8739965890445061,13.754360465116278,178.0,220.0,1.2359550561797752,28854.0,10,9,1,75.0,39.0
2039,candidato_selecionado,OK,0.8738741824669481,13.760215584941989,178.0,220.0,1.2359550561797752,28855.5,10,9,1,75.0,39.0
2040,candidato_selecionado,OK,0.873455621269095,13.758527131782946,178.0,220.0,1.2359550561797752,28849.5,10,9,1,75.0,39.0
2041,candidato_selecionado,OK,0.8743728855459036,13.761190187208063,178.0,219.0,1.2303370786516854,28799.0,10,9,1,75.0,39.0
2042,candidato_selecionado,OK,0.8740794526338417,13.758564814814813,178.0,220.0,1.2359550561797752,28836.5,11,10,1,75.0,39.0
2043,candidato_selecionado,OK,0.8750671022439339,13.758564814814813,177.0,220.0,1.2429378531073447,28848.5,10,9,1,75.0,39.0
2044,candidato_selecionado,OK,0.8753360860169833,13.758992467043313,177.0,220.0,1.2429378531073447,28857.5,10,9,1,75.0,39.0
2045,candidato_selecionado,OK,0.8764924729190123,13.758992467043313,177.0,219.0,1.2372881355932204,28838.5,10,9,1,75.0,39.0
2046,candidato_selecionado,OK,0.8749959829593683,13.759405458089669,177.0,220.0,1.2429378531073447,28850.5,10,9,1,75.0,39.0
2047,candidato_selecionado,OK,0.8751732886899454,13.759434865900383,177.0,220.0,1.2429378531073447,28853.0,10,9,1,75.0,39.0
2048,candidato_selecionado,OK,0.8742950471215404,13.754166666666668,177.0,221.0,1.2485875706214689,28854.0,10,9,1,75.0,39.0
2049,candidato_selecionado,OK,0.874586725059998,13.754166666666668,178.0,220.0,1.2359550561797752,28844.0,10,9,1,75.0,39.0
2050,candidato_selecionado,OK,0.8733122567016519,13.75,178.0,221.0,1.2415730337078652,28848.0,10,9,1,75.0,39.0
2051,candidato_selecionado,OK,0.8756790529813744,13.75,178.0,219.0,1.2303370786516854,28839.5,10,9,1,75.0,39.0
2052,candidato_selecionado,OK,0.8762286908492477,13.75,178.0,219.0,1.2303370786516854,28838.5,10,9,1,75.0,39.0
2053,candidato_selecionado,OK,0.8761773470852964,13.75,178.0,219.0,1.2303370786516854,28822.5,11,10,1,75.0,39.0
2054,candidato_selecionado,OK,0.875755935823373,13.75,178.0,219.0,1.2303370786516854,28833.5,11,10,1,75.0,39.0
2055,candidato_selecionado,OK,0.8741060621169704,13.75,178.0,220.0,1.2359550561797752,28841.5,11,10,1,75.0,39.0
2056,candidato_selecionado,OK,0.8764361729234099,13.75,178.0,218.0,1.2247191011235956,28788.0,11,10,1,75.0,39.0
2057,candidato_selecionado,OK,0.8764465786406589,13.75,178.0,218.0,1.2247191011235956,28794.0,11,10,1,75.0,39.0
2058,candidato_selecionado,OK,0.8756571073306753,13.75,178.0,219.0,1.2303370786516854,28843.0,11,10,1,75.0,39.0
2059,candidato_selecionado,OK,0.8757408167447683,13.75,178.0,219.0,1.2303370786516854,28867.0,10,9,1,75.0,39.0
2060,candidato_selecionado,OK,0.8767207462141747,13.75,178.0,218.0,1.2247191011235956,28862.0,10,9,1,75.0,39.0
2061,candidato_selecionado,OK,0.875692841437307,13.75,178.0,219.0,1.2303370786516854,28867.5,10,9,1,75.0,39.0
2062,candidato_selecionado,OK,0.8754717389634842,13.753224206349207,178.0,219.0,1.2303370786516854,28865.0,10,9,1,75.0,39.0
2063,candidato_selecionado,OK,0.8745158795955461,13.756717456806134,178.0,219.0,1.2303370786516854,28846.5,10,9,1,75.0,39.0
2064,candidato_selecionado,OK,0.875207538236491,13.757706971677559,178.0,219.0,1.2303370786516854,28859.5,10,9,1,75.0,39.0
2065,candidato_selecionado,OK,0.8763695307624092,13.763603869098835,178.0,218.0,1.2247191011235956,28842.0,10,9,1,75.0,39.0
2066,candidato_selecionado,OK,0.8768425731219344,13.763575485863221,178.0,218.0,1.2247191011235956,28850.5,10,9,1,75.0,39.0
2067,candidato_selecionado,OK,0.8776599081030305,13.756070295367953,178.0,217.0,1.2191011235955056,28844.5,10,9,1,75.0,39.0
2068,candidato_selecionado,OK,0.8768055298863491,13.755523043597938,178.0,218.0,1.2247191011235956,28851.5,10,9,1,75.0,39.0
2069,candidato_selecionado,OK,0.8757963477922757,13.754443821173519,178.0,219.0,1.2303370786516854,28848.5,10,9,1,75.0,39.0
2070,candidato_selecionado,OK,0.876402058224998,13.75,178.0,218.0,1.2247191011235956,28853.0,10,9,1,75.0,39.0
2071,candidato_selecionado,OK,0.8778047391883114,13.75,178.0,217.0,1.2191011235955056,28850.0,10,9,1,75.0,39.0
2072,candidato_selecionado,OK,0.8772142380241065,13.75,178.0,217.0,1.2191011235955056,28848.5,10,9,1,75.0,39.0
2073,candidato_selecionado,OK,0.8774349618305722,13.75,178.0,217.0,1.2191011235955056,28845.0,10,9,1,75.0,39.0
2074,candidato_selecionado,OK,0.8752580155836295,13.75,178.0,219.0,1.2303370786516854,28853.0,10,9,1,75.0,39.0
2075,candidato_selecionado,OK,0.8752324927255121,13.75,178.0,219.0,1.2303370786516854,28853.0,10,9,1,75.0,39.0
2076,candidato_selecionado,OK,0.8741301172890682,13.75,178.0,220.0,1.2359550561797752,28852.5,10,9,1,75.0,39.0
2077,candidato_selecionado,OK,0.8748573748237546,13.75,178.0,219.0,1.2303370786516854,28850.0,10,9,1,75.0,39.0
2078,candidato_selecionado,OK,0.8745250695401946,13.75,178.0,220.0,1.2359550561797752,28861.0,10,9,1,75.0,39.0
2079,candidato_selecionado,OK,0.8752102585115707,13.75,178.0,219.0,1.2303370786516854,28846.5,10,9,1,75.0,39.0
2080,candidato_selecionado,OK,0.8730975061372471,13.75,178.0,221.0,1.2415730337078652,28852.0,10,9,1,75.0,39.0
2081,candidato_selecionado,OK,0.8739282650760501,13.75,178.0,220.0,1.2359550561797752,28845.0,10,9,1,75.0,39.0
2082,candidato_selecionado,OK,0.8739792782184272,13.753884180790962,178.0,220.0,1.2359550561797752,28868.5,10,9,1,75.0,39.0
2083,candidato_selecionado,OK,0.8741074532776837,13.754166666666668,178.0,220.0,1.2359550561797752,28873.0,10,9,1,75.0,39.0
2084,candidato_selecionado,OK,0.8742126834676985,13.754166666666668,178.0,220.0,1.2359550561797752,28873.0,10,9,1,75.0,39.0
2085,candidato_selecionado,OK,0.8741812573961271,13.753691983122364,178.0,220.0,1.2359550561797752,28855.0,10,9,1,75.0,39.0
2086,candidato_selecionado,OK,0.8749421768473676,13.753691983122364,178.0,219.0,1.2303370786516854,28858.5,10,9,1,75.0,39.0
2087,candidato_selecionado,OK,0.874890355768484,13.758569642134686,178.0,219.0,1.2303370786516854,28850.5,10,9,1,75.0,39.0
2088,candidato_selecionado,OK,0.8752888534299871,13.75,178.0,219.0,1.2303370786516854,28845.5,10,9,1,75.0,39.0
2089,candidato_selecionado,OK,0.8758702529170032,13.75,178.0,218.0,1.2247191011235956,28826.5,9,8,1,75.0,39.0
2090,candidato_selecionado,OK,0.8758418379062499,13.753026070763502,178.0,218.0,1.2247191011235956,28814.5,10,9,1,75.0,39.0
2091,candidato_selecionado,OK,0.8759034125564318,13.754191321499015,178.0,218.0,1.2247191011235956,28802.0,8,7,1,75.0,39.0
2092,candidato_selecionado,OK,0.8748397022009184,13.755020080321286,178.0,219.0,1.2303370786516854,28848.5,10,9,1,75.0,39.0
2093,candidato_selecionado,OK,0.8721206007806129,13.754740518962075,178.0,222.0,1.247191011235955,28867.0,10,9,1,75.0,39.0
2094,candidato_selecionado,OK,0.8723350908738755,13.765350877192981,178.0,222.0,1.247191011235955,28864.5,10,9,1,75.0,39.0
2095,candidato_selecionado,OK,0.8720493470149755,13.762057229859835,178.0,222.0,1.247191011235955,28868.0,10,9,1,75.0,39.0
2096,candidato_selecionado,OK,0.8722264847294278,13.75854700854701,178.0,222.0,1.247191011235955,28882.5,10,9,1,75.0,39.0
2097,candidato_selecionado,OK,0.8740078027057223,13.77651515151515,178.0,221.0,1.2415730337078652,28880.0,10,9,1,75.0,39.0
2098,candidato_selecionado,OK,0.874210826643873,13.825892857142856,178.0,221.0,1.2415730337078652,28904.5,8,7,1,75.0,39.0
2099,candidato_selecionado,OK,0.8729034239182253,13.847515374192204,179.0,221.0,1.23463687150838,28922.0,9,8,1,75.0,39.0
2100,candidato_selecionado,OK,0.8755164700290977,13.85411938534279,179.0,219.0,1.223463687150838,28933.5,9,8,1,75.0,38.0
2101,candidato_selecionado,OK,0.8765182145516494,13.92169887278583,179.0,219.0,1.223463687150838,28998.0,9,8,1,75.0,38.0
2102,candidato_selecionado,OK,0.8763514387623168,13.949324324324325,180.0,219.0,1.2166666666666666,29053.0,11,10,1,75.0,38.0
2103,candidato_selecionado,OK,0.8778036437046736,14.044585987261145,181.0,219.0,1.2099447513812154,29187.5,11,10,1,75.0,38.0
2104,candidato_selecionado,OK,0.8795976227505647,14.164855072463768,182.0,218.0,1.1978021978021978,29318.5,11,10,1,75.0,38.0
2105,candidato_selecionado,OK,0.8781785797170037,14.262821270892465,184.0,219.0,1.190217391304348,29431.0,12,11,1,75.0,37.0
2106,candidato_selecionado,OK,0.8816967080940121,14.417672413793104,186.0,216.0,1.1612903225806452,29662.5,12,11,1,75.0,37.0
2107,candidato_selecionado,OK,0.8824904789076385,14.75317812689739,188.0,217.0,1.1542553191489362,30038.5,12,11,1,75.0,37.0
2108,candidato_selecionado,OK,0.8824970333537194,14.99951895868704,192.0,216.0,1.125,30458.0,12,11,1,75.0,37.0
2109,candidato_selecionado,OK,0.8841827516482003,15.474117867867868,197.0,214.0,1.0862944162436547,30810.0,12,11,1,75.0,37.0
2110,candidato_selecionado,OK,0.8865163615276743,15.979592924126173,204.0,207.0,1.0147058823529411,31198.0,12,11,1,75.0,38.0
2111,candidato_selecionado,OK,0.8842101129734695,16.714080459770113,205.0,190.0,0.926829268292683,29412.0,14,13,1,75.0,40.0
2112,candidato_selecionado,OK,0.9172995328584835,17.706679894179896,181.0,183.0,1.011049723756906,24898.5,14,13,1,75.0,42.0
2113,candidato_selecionado,OK,0.9313055227924693,18.991176470588233,171.0,183.0,1.0701754385964912,23619.5,12,11,1,75.0,45.0
2114,candidato_selecionado,OK,0.9271572585165828,20.662457912457914,162.0,183.0,1.1296296296296295,22198.0,12,11,1,75.0,49.0
2115,candidato_selecionado,OK,0.9649495198073461,23.4375,187.0,183.0,0.9786096256684492,26334.5,10,9,1,75.0,38.0
2116,candidato_selecionado,OK,0.9658402115514262,23.526574175323493,187.0,184.0,0.983957219251337,26459.0,10,9,1,75.0,38.0
2117,candidato_selecionado,OK,0.9665902734479354,23.57433256321396,187.0,184.0,0.983957219251337,26513.5,10,9,1,75.0,38.0
2118,candidato_selecionado,OK,0.9657386710345037,23.578125,188.0,184.0,0.9787234042553191,26598.0,11,10,1,75.0,38.0
2119,candidato_selecionado,OK,0.9658211227236145,23.544270833333332,187.0,184.0,0.983957219251337,26544.0,10,9,1,75.0,38.0
2120,candidato_selecionado,OK,0.9670650902342786,23.47273108237548,187.0,183.0,0.9786096256684492,26548.0,12,11,1,75.0,38.0
2121,candidato_selecionado,OK,0.9671591161806651,23.403735632183906,187.0,183.0,0.9786096256684492,26550.5,13,12,1,75.0,38.0
2122,candidato_selecionado,OK,0.9668220994757906,23.40234375,187.0,183.0,0.9786096256684492,26533.0,13,12,1,75.0,38.0
2123,candidato_selecionado,OK,0.9673280110854376,23.430112694105233,187.0,183.0,0.9786096256684492,26533.0,12,11,1,75.0,38.0
2124,candidato_selecionado,OK,0.9666316811502769,23.473958333333332,188.0,183.0,0.973404255319149,26539.5,13,12,1,75.0,38.0
2125,candidato_selecionado,OK,0.9669797422264523,23.53030303030303,187.0,184.0,0.983957219251337,26555.5,11,10,1,75.0,38.0
2126,candidato_selecionado,OK,0.9659330771318445,23.517857142857142,188.0,184.0,0.9787234042553191,26611.5,13,12,1,75.0,38.0
2127,candidato_selecionado,OK,0.9660672354297436,23.51438492063492,188.0,184.0,0.9787234042553191,26662.5,12,11,1,75.0,38.0
2128,candidato_selecionado,OK,0.9645377962743878,23.49969806763285,190.0,183.0,0.9631578947368421,26697.5,11,10,1,75.0,37.0
2129,candidato_selecionado,OK,0.9622433306225676,23.454137018792192,192.0,183.0,0.953125,26803.5,10,9,1,75.0,38.0
2130,candidato_selecionado,OK,0.9597380314301382,23.387419871794872,195.0,183.0,0.9384615384615385,26725.0,10,9,1,75.0,38.0
2131,candidato_selecionado,OK,0.9508945813334929,23.353498931623932,198.0,183.0,0.9242424242424242,26660.0,10,9,1,75.0,39.0
2132,candidato_selecionado,OK,0.9527548718404564,21.32858108108108,184.0,184.0,1.0,25857.0,12,11,1,75.0,39.0
2133,candidato_selecionado,OK,0.9472868011450188,20.450419896640827,183.0,182.0,0.994535519125683,25603.0,13,12,1,75.0,40.0
2134,candidato_selecionado,OK,0.9398987130255343,19.498015873015873,183.0,182.0,0.994535519125683,25471.0,11,10,1,75.0,40.0
2135,candidato_selecionado,OK,0.8793756682542871,18.344444444444445,207.0,182.0,0.8792270531400966,26421.5,11,10,1,75.0,41.0
2136,candidato_selecionado,OK,0.8896572901769728,17.039141414141415,211.0,189.0,0.8957345971563981,30376.5,9,8,1,75.0,40.0
2137,candidato_selecionado,OK,0.8929512664080541,15.611842105263158,199.0,202.0,1.015075376884422,30278.0,9,8,1,75.0,38.0
2138,candidato_selecionado,OK,0.8846702576068647,14.328389830508476,185.0,212.0,1.145945945945946,28917.5,9,8,1,75.0,37.0
2139,candidato_selecionado,OK,0.8836481535035808,14.249223602484472,183.0,212.0,1.1584699453551912,28700.0,9,8,1,75.0,38.0
2140,candidato_selecionado,OK,0.8824995521308556,14.568652452619844,187.0,214.0,1.1443850267379678,29429.0,9,8,1,75.0,38.0
2141,candidato_selecionado,OK,0.8806396122992504,15.012626262626263,193.0,215.0,1.1139896373056994,30275.5,11,10,1,75.0,38.0
2142,candidato_selecionado,OK,0.8805520443432968,15.468650793650793,197.0,218.0,1.1065989847715736,31061.0,11,10,1,75.0,37.0
2143,candidato_selecionado,OK,0.8805470113813573,15.57216494845361,197.0,218.0,1.1065989847715736,31442.0,13,12,1,75.0,37.0
2144,candidato_selecionado,OK,0.878399475572846,15.526960784313724,196.0,220.0,1.1224489795918366,31589.5,11,10,1,75.0,36.0
2145,candidato_selecionado,OK,0.8773800440472492,15.24948559670782,194.0,218.0,1.1237113402061856,31172.0,11,10,1,75.0,35.0
2146,candidato_selecionado,OK,0.8753176637584815,14.821428571428571,190.0,218.0,1.1473684210526316,30807.0,10,9,1,75.0,33.0
2147,candidato_selecionado,OK,0.8746981070651058,14.648442760942762,192.0,222.0,1.15625,31337.5,9,8,1,75.0,32.0
2148,candidato_selecionado,OK,0.8757909621691452,14.855972652218782,192.0,223.0,1.1614583333333333,31244.0,8,7,1,75.0,32.0
2149,candidato_selecionado,OK,0.8758736554458274,15.405303030303031,198.0,223.0,1.1262626262626263,32184.5,8,7,1,75.0,31.0
2150,candidato_selecionado,OK,0.884316942426625,15.82434640522876,202.0,225.0,1.113861386138614,32423.5,9,8,1,75.0,30.0
2151,candidato_selecionado,OK,0.888605465063268,16.145833333333332,205.0,224.0,1.0926829268292684,32856.5,12,11,1,75.0,30.0
2152,candidato_selecionado,OK,0.8888631377223535,16.240776081424936,206.0,226.0,1.0970873786407767,33069.5,11,10,1,75.0,30.0
2153,candidato_selecionado,OK,0.8884413921029506,16.010416666666668,204.0,227.0,1.1127450980392157,33081.0,10,9,1,75.0,29.0
2154,candidato_selecionado,OK,0.8880183230809666,15.578571428571427,201.0,227.0,1.1293532338308458,32762.0,10,9,1,75.0,29.0
2155,candidato_selecionado,OK,0.8874615886639451,15.31521739130435,200.0,228.0,1.14,32673.5,13,12,1,75.0,29.0
2156,candidato_selecionado,OK,0.8767157886022088,15.270592833092834,198.0,230.0,1.1616161616161615,32660.0,10,9,1,75.0,29.0
2157,candidato_selecionado,OK,0.8865794996216583,15.514455782312924,199.0,230.0,1.1557788944723617,32739.0,10,9,1,75.0,29.0
2158,candidato_selecionado,OK,0.8871580293212215,15.646136788048553,200.0,231.0,1.155,32932.5,10,9,1,75.0,29.0
2159,candidato_selecionado,OK,0.8845856488416327,15.621632996632997,200.0,233.0,1.165,32896.5,10,9,1,75.0,29.0
2160,candidato_selecionado,OK,0.8759464444456013,15.427968960863696,199.0,231.0,1.1608040201005025,32756.5,10,9,1,75.0,30.0
2161,candidato_selecionado,OK,0.8770900550080748,15.339869281045752,198.0,232.0,1.1717171717171717,32655.0,10,9,1,75.0,30.0
2162,candidato_selecionado,OK,0.8755225261064264,15.286458333333334,197.0,233.0,1.1827411167512691,32567.5,10,9,1,75.0,30.0
2163,candidato_selecionado,OK,0.873595133813741,15.178872053872054,196.0,234.0,1.1938775510204083,32452.5,9,8,1,75.0,30.0
2164,candidato_selecionado,OK,0.8757095697269495,15.064655172413794,195.0,231.0,1.1846153846153846,32115.0,8,7,1,75.0,31.0
2165,candidato_selecionado,OK,0.8775667845075821,14.894166666666669,193.0,226.0,1.1709844559585492,31745.5,8,7,1,75.0,31.0
2166,candidato_selecionado,OK,0.875750830773278,14.74823108255648,191.0,224.0,1.1727748691099475,31239.0,10,9,1,75.0,32.0
2167,candidato_selecionado,OK,0.8731571054821634,14.618363118363119,190.0,224.0,1.1789473684210525,30951.0,11,10,1,75.0,33.0
2168,candidato_selecionado,OK,0.8752079733943958,14.608618233618232,187.0,223.0,1.1925133689839573,30558.0,11,10,1,75.0,34.0
2169,candidato_selecionado,OK,0.8746108426877124,14.486689814814815,185.0,222.0,1.2,30135.0,11,10,1,75.0,35.0
2170,candidato_selecionado,OK,0.8740929441537392,14.310872852233677,182.0,225.0,1.2362637362637363,29782.0,11,10,1,75.0,36.0
2171,candidato_selecionado,OK,0.8737015884510465,14.148641417444557,181.0,223.0,1.2320441988950277,29313.5,9,8,1,75.0,37.0
2172,candidato_selecionado,OK,0.8724938487433263,14.01026570048309,180.0,221.0,1.2277777777777779,28931.0,12,11,1,75.0,37.0
2173,candidato_selecionado,OK,0.8732430044024704,14.002809661642878,181.0,220.0,1.2154696132596685,28803.5,11,10,1,75.0,37.0
2174,candidato_selecionado,OK,0.8798395109126357,14.100078895463511,181.0,215.0,1.1878453038674033,28660.0,11,10,1,75.0,38.0
2175,candidato_selecionado,OK,0.8826582547582312,14.226934523809524,183.0,212.0,1.1584699453551912,28858.0,10,9,1,75.0,37.0
2176,candidato_selecionado,OK,0.8839739358537817,14.488184079601991,185.0,213.0,1.1513513513513514,29084.0,12,11,1,75.0,37.0
2177,candidato_selecionado,OK,0.883747409236964,14.578976605735368,186.0,214.0,1.1505376344086022,29170.0,12,11,1,75.0,36.0
2178,candidato_selecionado,OK,0.8868103172734328,14.70956790123457,186.0,214.0,1.1505376344086022,29320.0,13,12,1,75.0,36.0
2179,candidato_selecionado,OK,0.8909566637029968,14.865900621118014,188.0,212.0,1.127659574468085,29605.5,9,8,1,75.0,36.0
2180,candidato_selecionado,OK,0.8905780035020028,15.007227891156463,191.0,211.0,1.1047120418848169,29913.5,9,8,1,75.0,36.0
2181,candidato_selecionado,OK,0.8903808348176702,15.076454402515722,192.0,212.0,1.1041666666666667,30071.0,11,10,1,75.0,36.0
2182,candidato_selecionado,OK,0.8891084924254168,15.065292096219933,192.0,213.0,1.109375,30030.0,9,8,1,75.0,36.0
2183,candidato_selecionado,OK,0.8865581438074406,14.978347643734025,191.0,215.0,1.12565445026178,29989.5,9,8,1,75.0,37.0
2184,candidato_selecionado,OK,0.8889148309290688,14.859989648033126,189.0,213.0,1.126984126984127,29956.0,10,9,1,75.0,37.0
2185,candidato_selecionado,OK,0.888955399933042,14.851976116533569,189.0,214.0,1.1322751322751323,30051.5,9,8,1,75.0,37.0
2186,candidato_selecionado,OK,0.8877880727097164,14.902621722846442,189.0,215.0,1.1375661375661377,30173.5,10,9,1,75.0,37.0
2187,candidato_selecionado,OK,0.8851497593594169,14.854166666666666,188.0,217.0,1.1542553191489362,30208.0,11,10,1,75.0,37.0
2188,candidato_selecionado,OK,0.8822300119980137,14.776963386203738,188.0,219.0,1.1648936170212767,30237.5,10,9,1,75.0,37.0
2189,candidato_selecionado,OK,0.8846708008564207,14.6935279523477,187.0,217.0,1.160427807486631,30176.5,10,9,1,75.0,38.0
2190,candidato_selecionado,OK,0.8778860123672655,14.666666666666666,188.0,220.0,1.1702127659574468,30151.0,10,9,1,75.0,38.0
2191,candidato_selecionado,OK,0.8792701571615261,14.574459897688863,187.0,219.0,1.1711229946524064,30060.0,9,8,1,75.0,38.0
2192,candidato_selecionado,OK,0.8762818065564008,14.466166943011544,185.0,222.0,1.2,29933.0,10,9,1,75.0,38.0
2193,candidato_selecionado,OK,0.8739451329188243,14.371969696969698,184.0,223.0,1.2119565217391304,29720.5,10,9,1,75.0,39.0
2194,candidato_selecionado,OK,0.874592840973795,14.263888888888888,182.0,221.0,1.2142857142857142,29414.0,11,10,1,75.0,39.0
2195,candidato_selecionado,OK,0.8727442226304934,14.094500750750749,180.0,221.0,1.2277777777777779,29103.5,12,11,1,75.0,40.0
2196,candidato_selecionado,OK,0.8745186589607419,13.845833333333333,177.0,218.0,1.231638418079096,28932.0,11,10,1,75.0,40.0
2197,candidato_selecionado,OK,0.8723177129119579,13.82874711773652,177.0,219.0,1.2372881355932204,28999.0,10,9,1,75.0,40.0
2198,candidato_selecionado,OK,0.8708900191579667,13.975574712643677,178.0,223.0,1.252808988764045,29308.5,10,9,1,75.0,39.0
2199,candidato_selecionado,OK,0.87248950361115,14.264198010121923,182.0,223.0,1.2252747252747254,29790.0,10,9,1,75.0,39.0
2200,candidato_selecionado,OK,0.8724448445165919,14.449387947269303,185.0,224.0,1.2108108108108109,30137.5,10,9,1,75.0,38.0
2201,candidato_selecionado,OK,0.8729879811453697,14.498468966576437,186.0,224.0,1.2043010752688172,30197.0,8,7,1,75.0,37.0
2202,candidato_selecionado,OK,0.8750695551146223,14.541666666666666,186.0,226.0,1.2150537634408602,30336.5,11,10,1,75.0,37.0
2203,candidato_selecionado,OK,0.8757394504659175,14.645186335403727,186.0,226.0,1.2150537634408602,30495.0,11,10,1,75.0,36.0
2204,candidato_selecionado,OK,0.8782738761978878,14.769000914283367,188.0,225.0,1.196808510638298,30718.5,11,10,1,75.0,36.0
2205,candidato_selecionado,OK,0.8789937835091295,14.768617021276595,188.0,225.0,1.196808510638298,30759.5,11,10,1,75.0,36.0
2206,candidato_selecionado,OK,0.877659606849493,14.705645161290322,189.0,224.0,1.1851851851851851,30755.0,11,10,1,75.0,36.0
2207,candidato_selecionado,OK,0.8770730293114759,14.670335144927536,188.0,224.0,1.1914893617021276,30631.5,11,10,1,75.0,36.0
2208,candidato_selecionado,OK,0.8763197733121026,14.62938596491228,188.0,224.0,1.1914893617021276,30556.0,10,9,1,75.0,36.0
2209,candidato_selecionado,OK,0.8734511944310449,14.56140350877193,187.0,226.0,1.2085561497326203,30478.5,10,9,1,75.0,36.0
2210,candidato_selecionado,OK,0.8719758921144231,14.43626126126126,186.0,225.0,1.2096774193548387,30311.0,11,10,1,75.0,36.0
2211,candidato_selecionado,OK,0.8702319046701582,14.372395833333334,185.0,226.0,1.2216216216216216,30160.0,11,10,1,75.0,37.0
2212,candidato_selecionado,OK,0.8698749560416693,14.333333333333334,184.0,226.0,1.2282608695652173,30077.0,11,10,1,75.0,37.0
2213,candidato_selecionado,OK,0.8674737585558278,14.250295508274233,183.0,226.0,1.2349726775956285,29902.5,11,10,1,75.0,37.0
2214,candidato_selecionado,OK,0.8683798937046902,14.186942959001783,181.0,227.0,1.2541436464088398,29801.0,11,10,1,75.0,38.0
2215,candidato_selecionado,OK,0.8700526959058362,14.083230084092152,180.0,224.0,1.2444444444444445,29564.5,11,10,1,75.0,38.0
2216,candidato_selecionado,OK,0.8681592584191532,13.995427245427246,179.0,225.0,1.2569832402234637,29405.0,11,10,1,75.0,39.0
2217,candidato_selecionado,OK,0.8676281381094147,13.935235507246377,179.0,226.0,1.2625698324022345,29264.5,11,10,1,75.0,39.0
2218,candidato_selecionado,OK,0.8727498230550241,13.985140126641653,179.0,222.0,1.2402234636871508,29163.0,11,10,1,75.0,39.0
2219,candidato_selecionado,OK,0.8755123409999785,14.068381180223286,180.0,221.0,1.2277777777777779,29105.5,10,9,1,75.0,39.0
2220,candidato_selecionado,OK,0.8786814967404402,14.100238095238096,180.0,220.0,1.2222222222222223,29088.5,10,9,1,75.0,38.0
2221,candidato_selecionado,OK,0.8808957030416807,14.143028846153847,181.0,217.0,1.1988950276243093,29007.0,11,10,1,75.0,38.0
2222,candidato_selecionado,OK,0.8855344276742865,14.19861963190184,181.0,213.0,1.1767955801104972,28968.0,11,10,1,75.0,38.0
2223,candidato_selecionado,OK,0.8872573396948702,14.225471628045156,182.0,211.0,1.1593406593406594,28987.5,10,9,1,75.0,37.0
2224,candidato_selecionado,OK,0.8878199501232863,14.244927795679677,182.0,211.0,1.1593406593406594,28958.0,10,9,1,75.0,37.0
2225,candidato_selecionado,OK,0.8869099450237773,14.280092592592593,183.0,211.0,1.1530054644808743,28952.5,10,9,1,75.0,37.0
2226,candidato_selecionado,OK,0.8863101102387984,14.309433164128597,183.0,212.0,1.1584699453551912,28951.0,11,10,1,75.0,37.0
2227,candidato_selecionado,OK,0.8861876948152636,14.299747474747475,183.0,212.0,1.1584699453551912,28926.0,10,9,1,75.0,37.0
2228,candidato_selecionado,OK,0.886100106101276,14.315122583686938,183.0,212.0,1.1584699453551912,28921.0,10,9,1,75.0,37.0
2229,candidato_selecionado,OK,0.8861423269546627,14.310688405797102,183.0,212.0,1.1584699453551912,28907.5,10,9,1,75.0,37.0
2230,candidato_selecionado,OK,0.8870898489441186,14.248863734647983,183.0,211.0,1.1530054644808743,28882.0,10,9,1,75.0,37.0
2231,candidato_selecionado,OK,0.8831334170591005,14.203798185941045,182.0,214.0,1.1758241758241759,28881.5,10,9,1,75.0,37.0
2232,candidato_selecionado,OK,0.8827616345868053,14.166666666666666,181.0,215.0,1.1878453038674033,28927.5,10,9,1,75.0,37.0
2233,candidato_selecionado,OK,0.8852169237966618,14.092082431768532,180.0,213.0,1.1833333333333333,28851.0,10,9,1,75.0,37.0
2234,candidato_selecionado,OK,0.8816148711173475,14.043845315904141,179.0,216.0,1.2067039106145252,28836.5,10,9,1,75.0,38.0
2235,candidato_selecionado,OK,0.8794950153749782,13.97069003527337,179.0,216.0,1.2067039106145252,28763.0,11,10,1,75.0,38.0
2236,candidato_selecionado,OK,0.8759210571175495,13.90916149068323,178.0,218.0,1.2247191011235956,28757.5,10,9,1,75.0,38.0
2237,candidato_selecionado,OK,0.8781924019209643,13.86821266968326,178.0,216.0,1.2134831460674158,28850.0,10,9,1,75.0,38.0
2238,candidato_selecionado,OK,0.8768673763444917,13.921195652173914,178.0,219.0,1.2303370786516854,29063.5,10,9,1,75.0,38.0
2239,candidato_selecionado,OK,0.8756646054792476,14.040714487233743,180.0,220.0,1.2222222222222223,29320.0,10,9,1,75.0,37.0
2240,candidato_selecionado,OK,0.8744703838602602,14.116812865497076,181.0,221.0,1.2209944751381216,29577.0,10,9,1,75.0,37.0
2241,candidato_selecionado,OK,0.8707982307600859,14.153719397363465,181.0,226.0,1.2486187845303867,29768.0,10,9,1,75.0,37.0
2242,candidato_selecionado,OK,0.868525420288297,14.183221812028918,182.0,227.0,1.2472527472527473,29814.5,9,8,1,75.0,37.0
2243,candidato_selecionado,OK,0.870038857658152,14.189324709584307,182.0,226.0,1.2417582417582418,29823.5,10,9,1,75.0,37.0
2244,candidato_selecionado,OK,0.8699527076042208,14.175396825396826,181.0,226.0,1.2486187845303867,29759.0,9,8,1,75.0,37.0
2245,candidato_selecionado,OK,0.8700824936539797,14.084798994974875,181.0,225.0,1.2430939226519337,29589.0,9,8,1,75.0,37.0
2246,candidato_selecionado,OK,0.8711763234190936,14.047916666666666,180.0,224.0,1.2444444444444445,29386.0,9,8,1,75.0,38.0
2247,candidato_selecionado,OK,0.8720978636167757,13.97342247243725,179.0,223.0,1.2458100558659218,29190.0,9,8,1,75.0,38.0
2248,candidato_selecionado,OK,0.8719685641187037,13.879421157684632,178.0,222.0,1.247191011235955,28913.0,9,8,1,75.0,38.0
2249,candidato_selecionado,OK,0.8734957213029888,13.812265917602994,177.0,220.0,1.2429378531073447,28699.0,10,9,1,75.0,38.0
2250,candidato_selecionado,OK,0.8749258332000432,13.860526315789473,178.0,219.0,1.2303370786516854,28690.0,9,8,1,75.0,38.0
2251,candidato_selecionado,OK,0.8749928550257379,13.974794238683126,178.0,220.0,1.2359550561797752,28728.0,9,8,1,75.0,37.0
2252,candidato_selecionado,OK,0.8733557026181636,14.034090909090908,179.0,222.0,1.2402234636871508,28807.0,9,8,1,75.0,37.0
2253,candidato_selecionado,OK,0.8764747151205222,14.052339901477831,179.0,220.0,1.229050279329609,28802.0,9,8,1,75.0,37.0
2254,candidato_selecionado,OK,0.8823226363009611,14.093110906737516,179.0,215.0,1.2011173184357542,28795.0,9,8,1,75.0,37.0
2255,candidato_selecionado,OK,0.8848978751674896,14.124007936507937,179.0,213.0,1.1899441340782122,28826.5,9,8,1,75.0,36.0
2256,candidato_selecionado,OK,0.8797558006883567,14.11547157622739,179.0,218.0,1.217877094972067,28827.5,9,8,1,75.0,36.720000000001164
2257,candidato_selecionado,OK,0.8797031405192669,14.120049504950495,179.0,218.0,1.217877094972067,28820.0,9,8,1,75.0,37.0
2258,candidato_selecionado,OK,0.8781217735791597,14.115604575163397,180.0,218.0,1.211111111111111,28804.5,11,10,1,75.0,37.0
2259,candidato_selecionado,OK,0.877191795087979,14.082875457875458,180.0,218.0,1.211111111111111,28812.0,11,10,1,75.0,37.0
2260,candidato_selecionado,OK,0.8790309958107372,14.056279620853081,178.0,218.0,1.2247191011235956,28796.0,11,10,1,75.0,37.0
2261,candidato_selecionado,OK,0.8784143034541346,14.00268817204301,179.0,218.0,1.217877094972067,28799.0,11,10,1,75.0,37.0
2262,candidato_selecionado,OK,0.8770949729321471,13.986540250506662,178.0,219.0,1.2303370786516854,28764.0,11,10,1,75.0,37.0
2263,candidato_selecionado,OK,0.8740436967153907,13.90367746288799,178.0,221.0,1.2415730337078652,28749.0,11,10,1,75.0,38.0
2264,candidato_selecionado,OK,0.8715858872042442,13.829587100316681,178.0,223.0,1.252808988764045,28822.0,11,10,1,75.0,38.0
2265,candidato_selecionado,OK,0.8710281236363625,13.900729646697387,178.0,225.0,1.2640449438202248,28980.0,11,10,1,75.0,37.0
2266,candidato_selecionado,OK,0.8737545503229964,13.937918323289407,179.0,223.0,1.2458100558659218,29071.5,11,10,1,75.0,37.0
2267,candidato_selecionado,OK,0.8746875648697572,13.988087164880872,179.0,223.0,1.2458100558659218,29169.0,9,8,1,75.0,37.0
2268,candidato_selecionado,OK,0.8745429623715784,13.989730474062227,179.0,223.0,1.2458100558659218,29181.0,9,8,1,75.0,37.0
2269,candidato_selecionado,OK,0.8764521678921204,13.988467261904761,179.0,221.0,1.23463687150838,29132.5,9,8,1,75.0,37.0
2270,candidato_selecionado,OK,0.8760142785381214,13.921777635278092,179.0,220.0,1.229050279329609,29041.0,11,10,1,75.0,37.0
2271,candidato_selecionado,OK,0.8767736437466997,13.915692084469617,178.0,219.0,1.2303370786516854,28935.0,10,9,1,75.0,38.0
2272,candidato_selecionado,OK,0.8755325870670946,13.898299347251443,178.0,220.0,1.2359550561797752,28905.5,10,9,1,75.0,38.0
2273,candidato_selecionado,OK,0.8734409469145593,13.91202052831033,178.0,221.0,1.2415730337078652,28811.5,10,9,1,75.0,38.0
2274,candidato_selecionado,OK,0.8745563947618855,13.902754385964911,178.0,220.0,1.2359550561797752,28811.5,9,8,1,75.0,38.0
2275,candidato_selecionado,OK,0.8750024355049026,13.90719135802469,178.0,220.0,1.2359550561797752,28771.5,8,7,1,75.0,38.0
2276,candidato_selecionado,OK,0.8745635345090195,13.913625304136254,178.0,220.0,1.2359550561797752,28718.5,8,7,1,75.0,37.0
2277,candidato_selecionado,OK,0.8734808294073323,13.911361837956187,178.0,222.0,1.247191011235955,28766.5,9,8,1,75.0,37.0
2278,candidato_selecionado,OK,0.8726593858425483,13.914713541666666,179.0,222.0,1.2402234636871508,28842.5,8,7,1,75.0,38.0
2279,candidato_selecionado,OK,0.8737092091061092,13.928097345132743,179.0,222.0,1.2402234636871508,28842.0,8,7,1,75.0,38.0
2280,candidato_selecionado,OK,0.8772024128167107,13.937607944732298,179.0,219.0,1.223463687150838,28826.5,8,7,1,75.0,38.0
2281,candidato_selecionado,OK,0.8773521860067665,13.921180555555557,178.0,219.0,1.2303370786516854,28787.0,9,8,1,75.0,38.0
2282,candidato_selecionado,OK,0.8776194307831189,13.855633420252063,178.0,218.0,1.2247191011235956,28757.5,9,8,1,75.0,38.0
2283,candidato_selecionado,OK,0.8777741115423263,13.83222433460076,178.0,218.0,1.2247191011235956,28768.5,9,8,1,75.0,38.0
2284,candidato_selecionado,OK,0.8751546144164173,13.832364341085272,178.0,220.0,1.2359550561797752,28820.5,9,8,1,75.0,38.0
2285,candidato_selecionado,OK,0.8744023528932288,13.854071537290714,178.0,221.0,1.2415730337078652,28864.0,10,9,1,75.0,38.0
2286,candidato_selecionado,OK,0.8762443859319078,13.889492753623188,178.0,220.0,1.2359550561797752,28911.5,9,8,1,75.0,38.0
2287,candidato_selecionado,OK,0.8757829341241075,13.882570092526123,178.0,220.0,1.2359550561797752,28872.0,9,8,1,75.0,38.0
2288,candidato_selecionado,OK,0.874686874283835,13.91232155335929,178.0,221.0,1.2415730337078652,28937.0,11,10,1,75.0,38.0
2289,candidato_selecionado,OK,0.8747689113919419,13.92199242514613,178.0,221.0,1.2415730337078652,28890.5,11,10,1,75.0,38.0
2290,candidato_selecionado,OK,0.8749237212578019,13.898809523809524,178.0,221.0,1.2415730337078652,28895.0,11,10,1,75.0,38.0
2291,candidato_selecionado,OK,0.8753992393306878,13.86263440860215,178.0,220.0,1.2359550561797752,28868.0,11,10,1,75.0,38.0
2292,candidato_selecionado,OK,0.8751436302960005,13.86217567835215,178.0,220.0,1.2359550561797752,28813.0,11,10,1,75.0,38.0
2293,candidato_selecionado,OK,0.876421026695788,13.862418831168831,178.0,219.0,1.2303370786516854,28816.0,11,10,1,75.0,38.0
2294,candidato_selecionado,OK,0.8768270448331568,13.869123931623932,178.0,219.0,1.2303370786516854,28814.0,11,10,1,75.0,38.0
2295,candidato_selecionado,OK,0.8769730424084949,13.8734076433121,178.0,219.0,1.2303370786516854,28802.5,11,10,1,75.0,38.0
2296,candidato_selecionado,OK,0.8771926614141607,13.87289029535865,178.0,219.0,1.2303370786516854,28796.0,11,10,1,75.0,38.0
2297,candidato_selecionado,OK,0.876907444739237,13.870884773662551,178.0,219.0,1.2303370786516854,28786.0,11,10,1,75.0,38.0
2298,candidato_selecionado,OK,0.8746582990414994,13.871007984031936,178.0,221.0,1.2415730337078652,28788.0,11,10,1,75.0,38.0
2299,candidato_selecionado,OK,0.8759857425256514,13.864406688241639,178.0,219.0,1.2303370786516854,28737.0,11,10,1,75.0,38.0
2300,candidato_selecionado,OK,0.875547611087232,13.879560931899642,178.0,220.0,1.2359550561797752,28793.5,11,10,1,75.0,38.0
2301,candidato_selecionado,OK,0.8741209936217603,13.889804306707404,178.0,221.0,1.2415730337078652,28785.5,12,11,1,75.0,38.0
2302,candidato_selecionado,OK,0.8761013580188368,13.862651801204203,178.0,219.0,1.2303370786516854,28772.0,11,10,1,75.0,38.0
2303,candidato_selecionado,OK,0.8746577005342714,13.84634076040326,178.0,220.0,1.2359550561797752,28768.5,11,10,1,75.0,38.0
2304,candidato_selecionado,OK,0.8748309577271085,13.84631275587158,178.0,220.0,1.2359550561797752,28767.5,11,10,1,75.0,38.0
2305,candidato_selecionado,OK,0.8731501929073714,13.847293140398198,178.0,222.0,1.247191011235955,28808.5,11,10,1,75.0,38.0
2306,candidato_selecionado,OK,0.8756752256449198,13.900072565308777,178.0,220.0,1.2359550561797752,28789.0,10,9,1,75.0,38.0
2307,candidato_selecionado,OK,0.8764497696527677,13.893542875739003,178.0,219.0,1.2303370786516854,28748.5,11,10,1,75.0,38.0
2308,candidato_selecionado,OK,0.8758782031548765,13.896516761326543,178.0,219.0,1.2303370786516854,28752.0,11,10,1,75.0,38.0
2309,candidato_selecionado,OK,0.8758035615957452,13.864641496697045,178.0,219.0,1.2303370786516854,28757.5,10,9,1,75.0,38.0
2310,candidato_selecionado,OK,0.8768539764568685,13.87603700647179,178.0,218.0,1.2247191011235956,28751.5,10,9,1,75.0,38.0
2311,candidato_selecionado,OK,0.877000614395472,13.877543723439032,178.0,218.0,1.2247191011235956,28756.5,10,9,1,75.0,38.0
2312,candidato_selecionado,OK,0.8767921037320754,13.847587093089663,178.0,218.0,1.2247191011235956,28754.5,10,9,1,75.0,38.0
2313,candidato_selecionado,OK,0.8765482447701092,13.847210451977402,178.0,218.0,1.2247191011235956,28759.5,10,9,1,75.0,38.0
2314,candidato_selecionado,OK,0.8768297279345779,13.845028502733934,178.0,218.0,1.2247191011235956,28750.0,11,10,1,75.0,38.0
2315,candidato_selecionado,OK,0.8748160806670037,13.87648689516129,178.0,221.0,1.2415730337078652,28805.0,10,9,1,75.0,38.0
2316,candidato_selecionado,OK,0.8735226020000705,13.866250976181178,178.0,222.0,1.247191011235955,28811.5,10,9,1,75.0,38.0
2317,candidato_selecionado,OK,0.8768485708604995,13.865983882164086,178.0,219.0,1.2303370786516854,28802.0,11,10,1,75.0,38.0
2318,candidato_selecionado,OK,0.8773269081202937,13.843988309448838,178.0,218.0,1.2247191011235956,28779.0,10,9,1,75.0,38.0
2319,candidato_selecionado,OK,0.8775818996518451,13.86600089452186,178.0,218.0,1.2247191011235956,28781.0,10,9,1,75.0,38.0
2320,candidato_selecionado,OK,0.8755126278928979,13.866296331768988,178.0,220.0,1.2359550561797752,28783.5,10,9,1,75.0,38.0
2321,candidato_selecionado,OK,0.8757808307802346,13.855381192881191,178.0,220.0,1.2359550561797752,28792.5,10,9,1,75.0,38.0
2322,candidato_selecionado,OK,0.875399434526076,13.844188226471692,178.0,220.0,1.2359550561797752,28792.0,10,9,1,75.0,38.0
2323,candidato_selecionado,OK,0.875208463464642,13.844363737397792,178.0,220.0,1.2359550561797752,28783.5,10,9,1,75.0,38.0
2324,candidato_selecionado,OK,0.8762755424649752,13.879715897153062,178.0,219.0,1.2303370786516854,28792.0,10,9,1,75.0,38.0
2325,candidato_selecionado,OK,0.8752239855775127,13.881187739463604,178.0,220.0,1.2359550561797752,28796.0,10,9,1,75.0,38.0
2326,candidato_selecionado,OK,0.8734127830849715,13.870695736729715,178.0,222.0,1.247191011235955,28802.0,11,10,1,75.0,38.0
2327,candidato_selecionado,OK,0.8736067121674025,13.88097698398886,178.0,222.0,1.247191011235955,28819.5,11,10,1,75.0,38.0
2328,candidato_selecionado,OK,0.8724868342687001,13.892178547947779,178.0,223.0,1.252808988764045,28812.0,11,10,1,75.0,38.0
2329,candidato_selecionado,OK,0.8734375168872172,13.892178547947779,178.0,222.0,1.247191011235955,28806.5,11,10,1,75.0,38.0
2330,candidato_selecionado,OK,0.8746188556643857,13.859534121957276,178.0,221.0,1.2415730337078652,28811.0,11,10,1,75.0,38.0
2331,candidato_selecionado,OK,0.8739756507364983,13.841546699544304,178.0,221.0,1.2415730337078652,28818.5,11,10,1,75.0,38.0
2332,candidato_selecionado,OK,0.874392912993668,13.859415096760559,178.0,221.0,1.2415730337078652,28824.5,11,10,1,75.0,38.0
2333,candidato_selecionado,OK,0.874496271113646,13.85934499314129,178.0,221.0,1.2415730337078652,28836.5,11,10,1,75.0,38.0
2334,candidato_selecionado,OK,0.876487854865514,13.84412357828507,178.0,219.0,1.2303370786516854,28818.0,11,10,1,75.0,38.0
2335,candidato_selecionado,OK,0.8763736595190488,13.84412357828507,178.0,219.0,1.2303370786516854,28806.5,11,10,1,75.0,38.0
2336,candidato_selecionado,OK,0.8765869791275429,13.867604617604618,178.0,219.0,1.2303370786516854,28808.5,11,10,1,75.0,38.0
2337,candidato_selecionado,OK,0.8768213453489365,13.867611599869663,178.0,219.0,1.2303370786516854,28804.0,11,10,1,75.0,38.0
2338,candidato_selecionado,OK,0.8756490872468177,13.855421562564421,178.0,220.0,1.2359550561797752,28825.0,12,11,1,75.0,38.0
2339,candidato_selecionado,OK,0.8759428148709597,13.843568027210884,178.0,220.0,1.2359550561797752,28827.5,10,9,1,75.0,38.0
2340,candidato_selecionado,OK,0.8748688058545969,13.843854116449728,178.0,221.0,1.2415730337078652,28823.0,10,9,1,75.0,38.0
2341,candidato_selecionado,OK,0.8724678152779116,13.843854116449728,178.0,223.0,1.252808988764045,28836.5,10,9,1,75.0,38.0
2342,candidato_selecionado,OK,0.8734612383691801,13.843854116449728,178.0,222.0,1.247191011235955,28830.0,8,7,1,75.0,38.0
2343,candidato_selecionado,OK,0.874532954611284,13.843854116449728,178.0,221.0,1.2415730337078652,28825.5,8,7,1,75.0,38.0
2344,candidato_selecionado,OK,0.8742393070166508,13.856197871728503,178.0,221.0,1.2415730337078652,28822.0,8,7,1,75.0,38.0
2345,candidato_selecionado,OK,0.8733668761397154,13.867675720913512,178.0,222.0,1.247191011235955,28824.0,8,7,1,75.0,38.0
2346,candidato_selecionado,OK,0.8732781187303872,13.867655174375605,178.0,222.0,1.247191011235955,28809.0,8,7,1,75.0,38.0
2347,candidato_selecionado,OK,0.8732114534305385,13.867634090673306,178.0,222.0,1.247191011235955,28807.0,9,8,1,75.0,38.0
2348,candidato_selecionado,OK,0.8755786965425774,13.867897463566322,178.0,220.0,1.2359550561797752,28798.0,8,7,1,75.0,38.0
2349,candidato_selecionado,OK,0.8743255665624856,13.867897463566322,178.0,221.0,1.2415730337078652,28801.0,8,7,1,75.0,38.0
2350,candidato_selecionado,OK,0.8753003324130599,13.867210052640516,178.0,220.0,1.2359550561797752,28798.0,8,7,1,75.0,38.0
2351,candidato_selecionado,OK,0.8746089792946462,13.877569161836641,178.0,221.0,1.2415730337078652,28807.5,8,7,1,75.0,38.0
2352,candidato_selecionado,OK,0.8738689646769059,13.877569161836641,178.0,221.0,1.2415730337078652,28810.0,8,7,1,75.0,38.0
2353,candidato_selecionado,OK,0.8756406045414729,13.877595347524595,178.0,220.0,1.2359550561797752,28799.0,8,7,1,75.0,38.0
2354,candidato_selecionado,OK,0.8753170226254819,13.87757800375725,178.0,220.0,1.2359550561797752,28803.5,8,7,1,75.0,38.0
2355,candidato_selecionado,OK,0.8749891191283079,13.877553436147187,178.0,220.0,1.2359550561797752,28803.5,8,7,1,75.0,38.0
2356,candidato_selecionado,OK,0.8751919146540217,13.877579286093416,178.0,220.0,1.2359550561797752,28783.0,8,7,1,75.0,38.0
2357,candidato_selecionado,OK,0.8749472132420149,13.877553436147187,178.0,220.0,1.2359550561797752,28785.5,8,7,1,75.0,38.0
2358,candidato_selecionado,OK,0.8760716346288016,13.87757077991453,178.0,220.0,1.2359550561797752,28813.5,8,7,1,75.0,38.0
2359,candidato_selecionado,OK,0.8767815591031071,13.88900726010101,178.0,219.0,1.2303370786516854,28804.5,8,7,1,75.0,38.0
2360,candidato_selecionado,OK,0.8759113461013598,13.88905853426396,178.0,220.0,1.2359550561797752,28807.5,9,8,1,75.0,38.0
2361,candidato_selecionado,OK,0.8767690181512265,13.88905853426396,178.0,219.0,1.2303370786516854,28800.5,9,8,1,75.0,38.0
2362,candidato_selecionado,OK,0.8769623613792197,13.89052405240524,178.0,219.0,1.2303370786516854,28796.5,9,8,1,75.0,38.0
2363,candidato_selecionado,OK,0.8769122030098844,13.890622025509233,178.0,219.0,1.2303370786516854,28798.5,9,8,1,75.0,38.0
2364,candidato_selecionado,OK,0.8756072128961176,13.890622025509233,178.0,220.0,1.2359550561797752,28793.0,9,8,1,75.0,38.0
2365,candidato_selecionado,OK,0.8744728177119416,13.890622025509233,178.0,221.0,1.2415730337078652,28801.0,9,8,1,75.0,38.0
2366,candidato_selecionado,OK,0.875490922649492,13.89052405240524,178.0,220.0,1.2359550561797752,28804.5,9,8,1,75.0,38.0
2367,candidato_selecionado,OK,0.8751790949307408,13.89052405240524,178.0,220.0,1.2359550561797752,28808.5,9,8,1,75.0,38.0
2368,candidato_selecionado,OK,0.8754669424473963,13.878203859148982,178.0,220.0,1.2359550561797752,28804.5,9,8,1,75.0,38.0
2369,candidato_selecionado,OK,0.8763788913196057,13.878203859148982,178.0,219.0,1.2303370786516854,28803.5,9,8,1,75.0,38.0
2370,candidato_selecionado,OK,0.8740640291253591,13.877869741365197,178.0,221.0,1.2415730337078652,28806.5,8,7,1,75.0,38.0
2371,candidato_selecionado,OK,0.8741636786893054,13.867514775413712,178.0,221.0,1.2415730337078652,28812.0,8,7,1,75.0,38.0
2372,candidato_selecionado,OK,0.8737084136133497,13.867514775413712,178.0,222.0,1.247191011235955,28805.0,8,7,1,75.0,38.0
2373,candidato_selecionado,OK,0.8734528170935395,13.877869741365197,178.0,222.0,1.247191011235955,28806.5,8,7,1,75.0,38.0
2374,candidato_selecionado,OK,0.8724475158699331,13.877908376123235,178.0,223.0,1.252808988764045,28810.0,8,7,1,75.0,38.0
2375,candidato_selecionado,OK,0.8739070667173997,13.878193248844255,178.0,222.0,1.247191011235955,28817.0,9,8,1,75.0,38.0
2376,candidato_selecionado,OK,0.8758769672935953,13.877317914384257,178.0,220.0,1.2359550561797752,28816.5,8,7,1,75.0,38.0
2377,candidato_selecionado,OK,0.8753883191109024,13.87734853912905,178.0,220.0,1.2359550561797752,28814.0,8,7,1,75.0,38.0
2378,candidato_selecionado,OK,0.8767082970333686,13.877969486303144,178.0,219.0,1.2303370786516854,28800.5,10,9,1,75.0,38.0
2379,candidato_selecionado,OK,0.8767189273927684,13.867280570620684,178.0,219.0,1.2303370786516854,28788.5,10,9,1,75.0,38.0
2380,candidato_selecionado,OK,0.8758640582948919,13.867280570620684,178.0,220.0,1.2359550561797752,28791.5,10,9,1,75.0,38.0
2381,candidato_selecionado,OK,0.8772023118242284,13.867336077607625,178.0,219.0,1.2303370786516854,28794.5,10,9,1,75.0,38.0
2382,candidato_selecionado,OK,0.8760551386204242,13.867349515216807,178.0,220.0,1.2359550561797752,28812.0,10,9,1,75.0,38.0
2383,candidato_selecionado,OK,0.8753345651683562,13.841476512109042,178.0,220.0,1.2359550561797752,28803.0,10,9,1,75.0,38.0
2384,candidato_selecionado,OK,0.8761070368944187,13.840482308124967,178.0,219.0,1.2303370786516854,28795.5,10,9,1,75.0,38.0
2385,candidato_selecionado,OK,0.8751973405970772,13.866585566943646,178.0,220.0,1.2359550561797752,28812.5,10,9,1,75.0,38.0
2386,candidato_selecionado,OK,0.8755212429859188,13.876023650419286,178.0,220.0,1.2359550561797752,28813.5,10,9,1,75.0,38.0
2387,candidato_selecionado,OK,0.8764193847232981,13.876023650419286,178.0,219.0,1.2303370786516854,28809.5,10,9,1,75.0,38.0
2388,candidato_selecionado,OK,0.8766968314165784,13.865614098305864,178.0,219.0,1.2303370786516854,28804.0,10,9,1,75.0,38.0
2389,candidato_selecionado,OK,0.8775224687376064,13.855324437467294,178.0,218.0,1.2247191011235956,28800.0,10,9,1,75.0,38.0
2390,candidato_selecionado,OK,0.8772304097466932,13.85517801029041,178.0,218.0,1.2247191011235956,28806.5,10,9,1,75.0,38.0
2391,candidato_selecionado,OK,0.877297038656709,13.844499845392704,178.0,218.0,1.2247191011235956,28799.0,10,9,1,75.0,38.0
2392,candidato_selecionado,OK,0.8772210214742598,13.839556490097829,178.0,218.0,1.2247191011235956,28802.5,10,9,1,75.0,38.0
2393,candidato_selecionado,OK,0.8752988386936239,13.839535984848487,178.0,219.0,1.2303370786516854,28766.5,10,9,1,75.0,38.0
2394,candidato_selecionado,OK,0.875988871418133,13.840426729338882,178.0,219.0,1.2303370786516854,28806.5,10,9,1,75.0,38.0
2395,candidato_selecionado,OK,0.8748705720379253,13.840426729338882,178.0,220.0,1.2359550561797752,28803.0,10,9,1,75.0,38.0
2396,candidato_selecionado,OK,0.8751155874269961,13.845391968446572,178.0,220.0,1.2359550561797752,28800.5,10,9,1,75.0,38.0
2397,candidato_selecionado,OK,0.8752277660378796,13.84565388655462,178.0,220.0,1.2359550561797752,28791.0,10,9,1,75.0,38.0
2398,candidato_selecionado,OK,0.8742528103556718,13.845315378403612,178.0,221.0,1.2415730337078652,28802.0,10,9,1,75.0,38.0
2399,candidato_selecionado,OK,0.8742026485130736,13.856854177841349,178.0,221.0,1.2415730337078652,28800.0,9,8,1,75.0,38.0
2400,candidato_selecionado,OK,0.8731557054539453,13.886064988861042,178.0,222.0,1.247191011235955,28799.5,9,8,1,75.0,38.0
2401,candidato_selecionado,OK,0.8732452532364335,13.886064988861042,178.0,222.0,1.247191011235955,28820.5,9,8,1,75.0,38.0
2402,candidato_selecionado,OK,0.8732914638506406,13.892123489537283,178.0,222.0,1.247191011235955,28802.5,9,8,1,75.0,38.0
2403,candidato_selecionado,OK,0.8731599343155622,13.871399176954732,178.0,222.0,1.247191011235955,28797.5,10,9,1,75.0,38.0
2404,candidato_selecionado,OK,0.8722851773066143,13.866573033707866,178.0,223.0,1.252808988764045,28824.0,9,8,1,75.0,38.0
2405,candidato_selecionado,OK,0.8720118643988408,13.860702614379086,178.0,223.0,1.252808988764045,28832.5,9,8,1,75.0,38.0
2406,candidato_selecionado,OK,0.8718428464955396,13.865299823633157,178.0,223.0,1.252808988764045,28859.0,9,8,1,75.0,38.0
2407,candidato_selecionado,OK,0.8723075460303247,13.90792181069959,178.0,223.0,1.252808988764045,28858.0,10,9,1,75.0,38.0
2408,candidato_selecionado,OK,0.8721256372643978,13.874469214437367,178.0,223.0,1.252808988764045,28840.0,10,9,1,75.0,38.0
2409,candidato_selecionado,OK,0.8727472702895726,13.933060455957289,178.0,223.0,1.252808988764045,28855.5,10,9,1,75.0,38.0
2410,candidato_selecionado,OK,0.8730009921208653,13.93082922824302,178.0,223.0,1.252808988764045,28876.0,9,8,1,75.0,38.0
2411,candidato_selecionado,OK,0.8719996325611155,13.933501683501683,179.0,223.0,1.2458100558659218,28910.0,10,9,1,75.0,38.0
2412,candidato_selecionado,OK,0.8773086867032801,13.9718992248062,179.0,219.0,1.223463687150838,28940.5,10,9,1,75.0,37.0
2413,candidato_selecionado,OK,0.8775773704363161,14.008627618505159,179.0,219.0,1.223463687150838,28988.5,9,8,1,75.0,37.0
2414,candidato_selecionado,OK,0.8797890386597306,14.063013136289,180.0,217.0,1.2055555555555555,29058.5,13,12,1,75.0,37.0
2415,candidato_selecionado,OK,0.8800856742967027,14.152029624314489,181.0,217.0,1.1988950276243093,29127.0,13,12,1,75.0,37.0
2416,candidato_selecionado,OK,0.8805404816808038,14.234139784946237,182.0,217.0,1.1923076923076923,29266.5,14,13,1,75.0,37.0
2417,candidato_selecionado,OK,0.8798423974550614,14.326877058546751,184.0,218.0,1.184782608695652,29447.0,13,12,1,75.0,37.0
2418,candidato_selecionado,OK,0.8805446065465247,14.512004891434026,187.0,217.0,1.160427807486631,29725.0,13,12,1,75.0,37.0
2419,candidato_selecionado,OK,0.8800586797679554,14.750287562904385,190.0,217.0,1.1421052631578947,30085.5,12,11,1,75.0,37.0
2420,candidato_selecionado,OK,0.8840886753253073,15.051587301587302,193.0,214.0,1.1088082901554404,30422.0,12,11,1,75.0,37.0
2421,candidato_selecionado,OK,0.8837236992523552,15.421803652968038,198.0,212.0,1.0707070707070707,30890.0,11,10,1,75.0,38.0
2422,candidato_selecionado,OK,0.8794273616282601,16.00005614192679,205.0,209.0,1.0195121951219512,31200.0,11,10,1,75.0,40.0
2423,candidato_selecionado,OK,0.8684715997672263,16.793333333333333,208.0,186.0,0.8942307692307693,28404.5,12,11,1,75.0,42.0
2424,candidato_selecionado,OK,0.9227558305146659,17.852272727272727,178.0,182.0,1.0224719101123596,24439.5,13,12,1,75.0,43.0
2425,candidato_selecionado,OK,0.9336083057491558,19.197677203065133,169.0,181.0,1.0710059171597632,23415.5,13,12,1,75.0,45.0
2426,candidato_selecionado,OK,0.9080359169684674,23.333829365079367,186.0,181.0,0.9731182795698925,22848.0,12,11,1,75.0,46.0
2427,candidato_selecionado,OK,0.9683139764932586,23.460416666666664,188.0,182.0,0.9680851063829787,26591.5,10,9,1,75.0,37.88000000000102
2428,candidato_selecionado,OK,0.9700055462944842,23.572738772928528,188.0,182.0,0.9680851063829787,26731.5,11,10,1,75.0,37.0
2429,candidato_selecionado,OK,0.9694995996337932,23.58985011404366,189.0,182.0,0.9629629629629629,26802.0,9,8,1,75.0,37.0
2430,candidato_selecionado,OK,0.9690424597930315,23.631400966183577,189.0,183.0,0.9682539682539683,26916.0,11,10,1,75.0,37.0
2431,candidato_selecionado,OK,0.9695698573357359,23.576388888888886,188.0,183.0,0.973404255319149,26890.5,9,8,1,75.0,37.0
2432,candidato_selecionado,OK,0.9680556744341475,23.51217948717949,188.0,183.0,0.973404255319149,26779.5,11,10,1,75.0,37.0
2433,candidato_selecionado,OK,0.9677589544874647,23.473486394557824,188.0,183.0,0.973404255319149,26731.0,11,10,1,75.0,37.0
2434,candidato_selecionado,OK,0.9680117520505773,23.45506535947713,188.0,182.0,0.9680851063829787,26659.0,10,9,1,75.0,37.0
2435,candidato_selecionado,OK,0.967949403509843,23.481060606060606,188.0,182.0,0.9680851063829787,26621.5,10,9,1,75.0,37.0
2436,candidato_selecionado,OK,0.967894349472213,23.510135135135133,188.0,182.0,0.9680851063829787,26633.5,13,12,1,75.0,37.0
2437,candidato_selecionado,OK,0.9679063435626538,23.5625,188.0,182.0,0.9680851063829787,26640.0,9,8,1,75.0,37.0
2438,candidato_selecionado,OK,0.9688362156971838,23.564236111111114,188.0,182.0,0.9680851063829787,26666.0,10,9,1,75.0,37.0
2439,candidato_selecionado,OK,0.9670745394841769,23.56702898550725,189.0,182.0,0.9629629629629629,26690.5,10,9,1,75.0,37.0
2440,candidato_selecionado,OK,0.964799522533712,23.498239436619716,190.0,182.0,0.9578947368421052,26723.5,11,10,1,75.0,37.0
2441,candidato_selecionado,OK,0.9577160579876327,23.460935712651565,193.0,182.0,0.9430051813471503,26773.0,9,8,1,75.0,38.0
2442,candidato_selecionado,OK,0.9558282964574826,23.403735632183906,196.0,182.0,0.9285714285714286,26699.5,10,9,1,75.0,39.0
2443,candidato_selecionado,OK,0.9380233196017428,23.345578231292517,201.0,182.0,0.9054726368159204,26490.5,11,10,1,75.0,40.0
2444,candidato_selecionado,OK,0.9516883286789461,21.045833333333334,182.0,182.0,1.0,25600.5,11,10,1,75.0,40.0
2445,candidato_selecionado,OK,0.9455336818018509,20.19333333333333,181.0,181.0,1.0,25416.0,13,12,1,75.0,41.0
2446,candidato_selecionado,OK,0.9373060868901193,19.15277777777778,181.0,181.0,1.0,25256.5,12,11,1,75.0,42.0
2447,candidato_selecionado,OK,0.8986394870820489,17.896929824561404,203.0,181.0,0.8916256157635468,27204.0,12,11,1,75.0,41.0
2448,candidato_selecionado,OK,0.8946788856442971,16.52314814814815,208.0,190.0,0.9134615384615384,30635.5,9,8,1,75.0,40.0
2449,candidato_selecionado,OK,0.8870979607502414,15.031666666666666,193.0,207.0,1.072538860103627,29687.5,9,8,1,75.0,38.0
2450,candidato_selecionado,OK,0.8857095385988556,14.09016393442623,185.0,208.0,1.1243243243243244,28867.0,10,9,1,75.0,37.0
2451,candidato_selecionado,OK,0.8809594932328837,14.16760385689826,184.0,211.0,1.1467391304347827,28607.5,11,10,1,75.0,38.0
2452,candidato_selecionado,OK,0.8833039052092264,14.713881401617252,189.0,212.0,1.1216931216931216,29590.5,12,11,1,75.0,38.0
2453,candidato_selecionado,OK,0.883175110854193,15.25391914191419,195.0,213.0,1.0923076923076922,30505.5,9,8,1,75.0,38.0
2454,candidato_selecionado,OK,0.8823577032197772,15.660714285714285,199.0,216.0,1.085427135678392,31251.5,9,8,1,75.0,37.0
2455,candidato_selecionado,OK,0.8796065721609972,15.708333333333334,200.0,217.0,1.085,31601.5,10,9,1,75.0,37.0
2456,candidato_selecionado,OK,0.8785260525600338,15.683333333333332,199.0,219.0,1.100502512562814,31832.0,10,9,1,75.0,36.0
2457,candidato_selecionado,OK,0.8797466183694067,15.509469696969697,196.0,218.0,1.1122448979591837,31658.0,10,9,1,75.0,35.0
2458,candidato_selecionado,OK,0.8735850421371694,15.074529224749327,192.0,221.0,1.1510416666666667,30976.5,12,11,1,75.0,34.0
2459,candidato_selecionado,OK,0.8700634228234144,14.54563492063492,191.0,222.0,1.162303664921466,30895.0,8,7,1,75.0,33.0
2460,candidato_selecionado,OK,0.8749162326269356,14.511904761904761,190.0,221.0,1.1631578947368422,30982.0,10,9,1,75.0,32.0
2461,candidato_selecionado,OK,0.8775201802418652,14.930312665606783,192.0,221.0,1.1510416666666667,31469.0,10,9,1,75.0,32.0
2462,candidato_selecionado,OK,0.8799660180548786,15.437962962962963,197.0,221.0,1.1218274111675126,32021.5,8,7,1,75.0,31.0
2463,candidato_selecionado,OK,0.880409902863701,15.693689869835879,200.0,222.0,1.11,32495.0,8,7,1,75.0,31.0
2464,candidato_selecionado,OK,0.8800292457377233,15.794831223628691,201.0,223.0,1.109452736318408,32704.0,8,7,1,75.0,31.0
2465,candidato_selecionado,OK,0.8794790779935264,15.683887657058387,200.0,225.0,1.125,32690.0,8,7,1,75.0,31.0
2466,candidato_selecionado,OK,0.8802733773638542,15.34663120567376,197.0,225.0,1.1421319796954315,32316.5,8,7,1,75.0,31.0
2467,candidato_selecionado,OK,0.8770262578933993,14.9385175010175,195.0,228.0,1.1692307692307693,32049.0,9,8,1,75.0,30.0
2468,candidato_selecionado,OK,0.8772939589980794,14.854329321188464,194.0,228.0,1.175257731958763,31901.0,9,8,1,75.0,30.0
2469,candidato_selecionado,OK,0.8340434553167498,14.958333333333334,193.0,227.0,1.1761658031088082,28914.0,9,8,1,75.0,31.0
2470,candidato_selecionado,OK,0.8335630232758167,15.092307692307692,194.0,228.0,1.175257731958763,29286.5,8,7,1,75.0,31.0
2471,candidato_selecionado,OK,0.8329663721156284,15.08555175616346,194.0,225.0,1.1597938144329898,29030.5,8,7,1,75.0,31.0
2472,candidato_selecionado,OK,0.8334969756901244,14.841891025641026,191.0,226.0,1.1832460732984293,28775.5,8,7,1,75.0,32.0
2473,candidato_selecionado,OK,0.8312420998606685,14.656094527363186,189.0,227.0,1.2010582010582012,28596.0,10,9,1,75.0,32.0
2474,candidato_selecionado,OK,0.8323811857956425,14.511277289207746,189.0,227.0,1.2010582010582012,28395.0,11,10,1,75.0,33.0
2475,candidato_selecionado,OK,0.8737352483338726,14.478573848238483,187.0,226.0,1.2085561497326203,30757.0,12,11,1,75.0,33.0
2476,candidato_selecionado,OK,0.8718182081603112,14.405075187969926,187.0,225.0,1.2032085561497325,30479.0,12,11,1,75.0,34.0
2477,candidato_selecionado,OK,0.8748138948739581,14.255411255411255,183.0,222.0,1.2131147540983607,30024.5,11,10,1,75.0,35.0
2478,candidato_selecionado,OK,0.8753919399095074,14.225508905852417,181.0,222.0,1.2265193370165746,29606.0,10,9,1,75.0,36.0
2479,candidato_selecionado,OK,0.8725534975895868,14.155639613076763,180.0,223.0,1.238888888888889,29244.0,11,10,1,75.0,37.0
2480,candidato_selecionado,OK,0.875430950294069,14.083653408444292,179.0,219.0,1.223463687150838,28901.0,11,10,1,75.0,37.0
2481,candidato_selecionado,OK,0.8787529384646103,14.049908424908425,179.0,217.0,1.2122905027932962,28747.0,11,10,1,75.0,37.0
2482,candidato_selecionado,OK,0.8815029073702422,14.144779265873018,180.0,214.0,1.1888888888888889,28704.5,10,9,1,75.0,37.0
2483,candidato_selecionado,OK,0.8834191264721993,14.265640163138983,182.0,212.0,1.164835164835165,28870.5,11,10,1,75.0,37.0
2484,candidato_selecionado,OK,0.8820075479497211,14.402382611388534,185.0,213.0,1.1513513513513514,29080.0,11,10,1,75.0,37.0
2485,candidato_selecionado,OK,0.8840192490514055,14.389367816091955,185.0,212.0,1.145945945945946,29137.0,9,8,1,75.0,37.0
2486,candidato_selecionado,OK,0.8844504289855611,14.416666666666666,186.0,211.0,1.1344086021505377,29058.5,12,11,1,75.0,37.0
2487,candidato_selecionado,OK,0.8879456455277883,14.493190330268982,185.0,210.0,1.135135135135135,29083.0,9,8,1,75.0,37.0
2488,candidato_selecionado,OK,0.886107037675013,14.664241265557058,186.0,213.0,1.1451612903225807,29287.5,10,9,1,75.0,36.0
2489,candidato_selecionado,OK,0.8887388596552882,14.744047619047619,187.0,212.0,1.1336898395721926,29478.0,11,10,1,75.0,36.0
2490,candidato_selecionado,OK,0.8898882508495458,14.835526315789473,188.0,212.0,1.127659574468085,29637.0,11,10,1,75.0,36.0
2491,candidato_selecionado,OK,0.8875082180729091,14.859160153931692,188.0,214.0,1.1382978723404256,29739.5,9,8,1,75.0,36.0
2492,candidato_selecionado,OK,0.8857037423967211,14.786764705882353,188.0,215.0,1.1436170212765957,29765.0,9,8,1,75.0,36.0
2493,candidato_selecionado,OK,0.8852770541554574,14.721387981489043,187.0,216.0,1.1550802139037433,29799.5,10,9,1,75.0,36.0
2494,candidato_selecionado,OK,0.8836490331549525,14.682106598984772,187.0,217.0,1.160427807486631,29736.5,10,9,1,75.0,37.0
2495,candidato_selecionado,OK,0.8824845985523081,14.641472868217056,187.0,217.0,1.160427807486631,29737.0,9,8,1,75.0,37.0
2496,candidato_selecionado,OK,0.8847188713257652,14.616803278688524,186.0,216.0,1.1612903225806452,29779.5,10,9,1,75.0,37.0
2497,candidato_selecionado,OK,0.8807955700240913,14.61854845999141,186.0,219.0,1.1774193548387097,29832.0,11,10,1,75.0,37.0
2498,candidato_selecionado,OK,0.8785854505068109,14.584189158393277,186.0,220.0,1.1827956989247312,29749.5,12,11,1,75.0,37.0
2499,candidato_selecionado,OK,0.8781490891407016,14.518115942028984,185.0,220.0,1.1891891891891893,29669.0,12,11,1,75.0,37.0
2500,candidato_selecionado,OK,0.8768362043659468,14.439013450763682,185.0,220.0,1.1891891891891893,29528.5,9,8,1,75.0,38.0
2501,candidato_selecionado,OK,0.877320393027419,14.291666666666666,184.0,218.0,1.184782608695652,29360.0,10,9,1,75.0,39.0
2502,candidato_selecionado,OK,0.8765500370834944,14.231135046611238,183.0,217.0,1.185792349726776,29144.0,10,9,1,75.0,39.0
2503,candidato_selecionado,OK,0.8764597929411713,14.13340336134454,181.0,216.0,1.1933701657458564,28925.5,10,9,1,75.0,39.0
2504,candidato_selecionado,OK,0.8768602854521153,13.975200959111026,180.0,215.0,1.1944444444444444,28863.0,10,9,1,75.0,39.0
2505,candidato_selecionado,OK,0.874925008361704,13.904561282056582,178.0,218.0,1.2247191011235956,28838.5,10,9,1,75.0,38.0
2506,candidato_selecionado,OK,0.8714603865641176,14.034047062533622,179.0,222.0,1.2402234636871508,29032.0,10,9,1,75.0,38.0
2507,candidato_selecionado,OK,0.8737393267909144,14.265675520715844,181.0,222.0,1.2265193370165746,29466.0,10,9,1,75.0,37.0
2508,candidato_selecionado,OK,0.8764558961812837,14.358995584988962,183.0,220.0,1.2021857923497268,29764.0,10,9,1,75.0,36.0
2509,candidato_selecionado,OK,0.8757337786635171,14.344214437367304,184.0,221.0,1.201086956521739,29919.5,10,9,1,75.0,36.0
2510,candidato_selecionado,OK,0.8760099120057938,14.34087097388984,185.0,221.0,1.1945945945945946,30060.0,10,9,1,75.0,35.0
2511,candidato_selecionado,OK,0.87571933165436,14.453205128205127,186.0,222.0,1.1935483870967742,30215.5,8,7,1,75.0,35.0
2512,candidato_selecionado,OK,0.8743092874228087,14.503703703703705,187.0,224.0,1.1978609625668448,30382.0,9,8,1,75.0,35.0
2513,candidato_selecionado,OK,0.8749429996931125,14.5671409804705,187.0,224.0,1.1978609625668448,30430.5,9,8,1,75.0,34.0
2514,candidato_selecionado,OK,0.87626031762588,14.625,188.0,223.0,1.1861702127659575,30501.5,10,9,1,75.0,34.0
2515,candidato_selecionado,OK,0.877412768848841,14.620383986928104,188.0,222.0,1.1808510638297873,30529.5,10,9,1,75.0,34.0
2516,candidato_selecionado,OK,0.8756590429455898,14.647435897435898,189.0,223.0,1.17989417989418,30570.5,9,8,1,75.0,34.0
2517,candidato_selecionado,OK,0.8765747771091857,14.614997499374844,188.0,223.0,1.1861702127659575,30556.0,10,9,1,75.0,34.0
2518,candidato_selecionado,OK,0.8751615547351633,14.593120805369127,188.0,223.0,1.1861702127659575,30453.5,11,10,1,75.0,34.0
2519,candidato_selecionado,OK,0.8769066092605583,14.547344732909323,187.0,222.0,1.1871657754010696,30373.5,10,9,1,75.0,34.0
2520,candidato_selecionado,OK,0.8746117577055497,14.518624446316053,187.0,223.0,1.1925133689839573,30227.5,9,8,1,75.0,35.0
2521,candidato_selecionado,OK,0.8727949305235329,14.416666666666666,186.0,224.0,1.2043010752688172,30125.0,9,8,1,75.0,35.0
2522,candidato_selecionado,OK,0.8717489029754265,14.36088118319662,185.0,224.0,1.2108108108108109,29932.5,10,9,1,75.0,35.0
2523,candidato_selecionado,OK,0.8749831389383239,14.333333333333334,183.0,223.0,1.2185792349726776,29778.5,10,9,1,75.0,36.0
2524,candidato_selecionado,OK,0.8722460454878318,14.288510101010102,182.0,224.0,1.2307692307692308,29603.5,10,9,1,75.0,37.0
2525,candidato_selecionado,OK,0.8730497008863566,14.200699745547075,180.0,223.0,1.238888888888889,29358.0,11,10,1,75.0,37.0
2526,candidato_selecionado,OK,0.8701113465496204,14.075385356454719,179.0,223.0,1.2458100558659218,29076.0,11,10,1,75.0,38.0
2527,candidato_selecionado,OK,0.8724768734044528,13.89160118177388,178.0,221.0,1.2415730337078652,28873.5,11,10,1,75.0,38.0
2528,candidato_selecionado,OK,0.8720522056016381,13.872073830559552,178.0,221.0,1.2415730337078652,28868.5,11,10,1,75.0,38.0
2529,candidato_selecionado,OK,0.8769255804586972,14.055693069306932,179.0,218.0,1.217877094972067,29032.0,11,10,1,75.0,38.0
2530,candidato_selecionado,OK,0.8790112731619876,14.227166137154464,181.0,216.0,1.1933701657458564,29224.5,10,9,1,75.0,38.0
2531,candidato_selecionado,OK,0.8803913824529145,14.243224932249321,181.0,217.0,1.1988950276243093,29203.5,10,9,1,75.0,38.0
2532,candidato_selecionado,OK,0.8770676075211185,14.23729946524064,182.0,219.0,1.2032967032967032,29264.5,9,8,1,75.0,38.0
2533,candidato_selecionado,OK,0.8760550375827196,14.233481262327416,183.0,219.0,1.1967213114754098,29266.0,9,8,1,75.0,38.0
2534,candidato_selecionado,OK,0.8779840362391963,14.262290167865707,183.0,218.0,1.1912568306010929,29332.0,10,9,1,75.0,38.0
2535,candidato_selecionado,OK,0.8776219298162113,14.251602564102564,183.0,218.0,1.1912568306010929,29298.5,10,9,1,75.0,38.0
2536,candidato_selecionado,OK,0.8772341866851577,14.244021739130437,183.0,218.0,1.1912568306010929,29174.0,10,9,1,75.0,38.0
2537,candidato_selecionado,OK,0.8795983691517726,14.23694563662375,182.0,216.0,1.1868131868131868,29094.5,10,9,1,75.0,38.0
2538,candidato_selecionado,OK,0.8814411755913348,14.19023569023569,181.0,215.0,1.1878453038674033,28986.5,9,8,1,75.0,38.0
2539,candidato_selecionado,OK,0.8832858980181023,14.151769555951509,180.0,212.0,1.1777777777777778,28926.0,9,8,1,75.0,38.0
2540,candidato_selecionado,OK,0.8800694751277022,14.087003454231434,179.0,216.0,1.2067039106145252,28903.0,10,9,1,75.0,38.0
2541,candidato_selecionado,OK,0.8759664697718186,13.97712016244625,179.0,218.0,1.217877094972067,28826.0,10,9,1,75.0,38.0
2542,candidato_selecionado,OK,0.8738753848820462,13.93191056910569,179.0,219.0,1.223463687150838,28859.0,9,8,1,75.0,38.0
2543,candidato_selecionado,OK,0.873407230099627,13.986742424242424,179.0,219.0,1.223463687150838,28977.5,10,9,1,75.0,38.0
2544,candidato_selecionado,OK,0.8758768240911496,14.076408855664175,179.0,220.0,1.229050279329609,29188.0,9,8,1,75.0,37.0
2545,candidato_selecionado,OK,0.8710388953316365,14.135802469135802,180.0,223.0,1.238888888888889,29316.5,9,8,1,75.0,37.0
2546,candidato_selecionado,OK,0.87188821852461,14.145634268936002,181.0,222.0,1.2265193370165746,29443.5,9,8,1,75.0,37.0
2547,candidato_selecionado,OK,0.8721923170418706,14.199618736383442,181.0,223.0,1.2320441988950277,29560.0,9,8,1,75.0,37.0
2548,candidato_selecionado,OK,0.8729697873539333,14.220323741007194,181.0,223.0,1.2320441988950277,29629.5,9,8,1,75.0,37.0
2549,candidato_selecionado,OK,0.8719973487692925,14.201785714285714,181.0,224.0,1.2375690607734806,29639.5,9,8,1,75.0,37.0
2550,candidato_selecionado,OK,0.8717133424515902,14.187589207290294,181.0,224.0,1.2375690607734806,29611.5,9,8,1,75.0,37.0
2551,candidato_selecionado,OK,0.8716789486045085,14.155257936507937,181.0,223.0,1.2320441988950277,29501.0,9,8,1,75.0,37.0
2552,candidato_selecionado,OK,0.8745774371226732,14.08974358974359,180.0,220.0,1.2222222222222223,29379.0,9,8,1,75.0,37.0
2553,candidato_selecionado,OK,0.8747724859031819,14.031709770114944,180.0,219.0,1.2166666666666666,29215.0,9,8,1,75.0,37.0
2554,candidato_selecionado,OK,0.8734571910048707,13.975294937621769,179.0,220.0,1.229050279329609,29028.0,10,9,1,75.0,38.0
2555,candidato_selecionado,OK,0.8735962052091223,13.917224880382776,178.0,220.0,1.2359550561797752,28865.0,10,9,1,75.0,38.0
2556,candidato_selecionado,OK,0.8729276816606429,13.906381133408118,178.0,221.0,1.2415730337078652,28807.5,9,8,1,75.0,38.0
2557,candidato_selecionado,OK,0.8749751477392668,13.985279701116951,179.0,219.0,1.223463687150838,28837.0,9,8,1,75.0,38.0
2558,candidato_selecionado,OK,0.8788498814574064,14.073721213427097,179.0,218.0,1.217877094972067,28932.5,9,8,1,75.0,38.0
2559,candidato_selecionado,OK,0.8766652654101285,14.081773127753303,179.0,219.0,1.223463687150838,28900.5,10,9,1,75.0,38.0
2560,candidato_selecionado,OK,0.8791549025347644,14.075905850722705,179.0,217.0,1.2122905027932962,28876.0,10,9,1,75.0,38.0
2561,candidato_selecionado,OK,0.879959753985645,14.07384403036577,179.0,216.0,1.2067039106145252,28878.5,11,10,1,75.0,38.0
2562,candidato_selecionado,OK,0.879589863717949,14.077476572958501,179.0,217.0,1.2122905027932962,28908.0,11,10,1,75.0,38.0
2563,candidato_selecionado,OK,0.8796399757734785,14.059663536776213,179.0,216.0,1.2067039106145252,28844.5,11,10,1,75.0,38.0
2564,candidato_selecionado,OK,0.876955252037902,13.974343502206295,178.0,218.0,1.2247191011235956,28788.5,11,10,1,75.0,38.0
2565,candidato_selecionado,OK,0.8758796496346828,13.911524822695036,178.0,218.0,1.2247191011235956,28792.5,10,9,1,75.0,38.0
2566,candidato_selecionado,OK,0.8739175440553286,13.913628472222221,178.0,219.0,1.2303370786516854,28822.0,10,9,1,75.0,38.0
2567,candidato_selecionado,OK,0.8720499201976432,13.911466412966194,178.0,221.0,1.2415730337078652,28915.0,10,9,1,75.0,38.0
2568,candidato_selecionado,OK,0.8708686473203435,13.992066563467494,179.0,222.0,1.2402234636871508,29054.5,10,9,1,75.0,38.0
2569,candidato_selecionado,OK,0.8719093362912498,13.98937908496732,179.0,222.0,1.2402234636871508,29125.5,11,10,1,75.0,37.0
2570,candidato_selecionado,OK,0.8724091801341181,13.986809045226131,179.0,222.0,1.2402234636871508,29144.0,10,9,1,75.0,37.0
2571,candidato_selecionado,OK,0.8722989418188961,13.980238840923198,179.0,222.0,1.2402234636871508,29135.5,10,9,1,75.0,37.0
2572,candidato_selecionado,OK,0.8720538454416988,13.95213963963964,179.0,222.0,1.2402234636871508,29092.5,10,9,1,75.0,37.0
2573,candidato_selecionado,OK,0.8712791517160757,13.875180375180376,178.0,222.0,1.247191011235955,28978.0,10,9,1,75.0,38.0
2574,candidato_selecionado,OK,0.8709770599555481,13.852409638554215,178.0,222.0,1.247191011235955,28894.5,10,9,1,75.0,38.0
2575,candidato_selecionado,OK,0.8705282727069736,13.872701149425287,178.0,222.0,1.247191011235955,28830.5,10,9,1,75.0,38.0
2576,candidato_selecionado,OK,0.8744584676400808,13.844419764632528,178.0,219.0,1.2303370786516854,28807.5,10,9,1,75.0,38.0
2577,candidato_selecionado,OK,0.8765860737200757,13.9375,178.0,219.0,1.2303370786516854,28839.5,10,9,1,75.0,38.0
2578,candidato_selecionado,OK,0.8750475078959717,13.926515151515153,178.0,220.0,1.2359550561797752,28830.0,10,9,1,75.0,38.0
2579,candidato_selecionado,OK,0.8761956794174822,13.982344946874226,178.0,219.0,1.2303370786516854,28820.5,9,8,1,75.0,38.0
2580,candidato_selecionado,OK,0.8754901473685746,13.981684547268038,178.0,220.0,1.2359550561797752,28810.5,9,8,1,75.0,38.0
2581,candidato_selecionado,OK,0.8755746878153883,13.912076271186441,178.0,220.0,1.2359550561797752,28811.0,10,9,1,75.0,38.0
2582,candidato_selecionado,OK,0.8754928617439708,13.920306959219857,178.0,220.0,1.2359550561797752,28805.5,10,9,1,75.0,38.0
2583,candidato_selecionado,OK,0.8750274910840361,13.910948050158467,178.0,220.0,1.2359550561797752,28810.5,10,9,1,75.0,38.0
2584,candidato_selecionado,OK,0.8742102896505193,13.900430359937403,178.0,220.0,1.2359550561797752,28831.0,8,7,1,75.0,38.0
2585,candidato_selecionado,OK,0.8730061435032412,13.850433526011562,178.0,221.0,1.2415730337078652,28831.0,10,9,1,75.0,38.0
2586,candidato_selecionado,OK,0.8733658154752486,13.86487108655617,178.0,221.0,1.2415730337078652,28870.5,10,9,1,75.0,38.0
2587,candidato_selecionado,OK,0.8740017990418076,13.863950276243095,178.0,220.0,1.2359550561797752,28890.5,10,9,1,75.0,38.0
2588,candidato_selecionado,OK,0.873601313594963,13.86014911014911,178.0,221.0,1.2415730337078652,28884.0,9,8,1,75.0,38.0
2589,candidato_selecionado,OK,0.8745639570215541,13.895293609671848,178.0,220.0,1.2359550561797752,28854.5,10,9,1,75.0,38.0
2590,candidato_selecionado,OK,0.8729241970594018,13.902103559870548,178.0,222.0,1.247191011235955,28840.0,10,9,1,75.0,38.0
2591,candidato_selecionado,OK,0.8735529797021001,13.902103559870548,178.0,221.0,1.2415730337078652,28815.5,10,9,1,75.0,38.0
2592,candidato_selecionado,OK,0.8748027685741533,13.8912280980193,178.0,220.0,1.2359550561797752,28806.0,10,9,1,75.0,38.0
2593,candidato_selecionado,OK,0.8776824078284103,13.910290263043612,177.0,218.0,1.231638418079096,28769.5,10,9,1,75.0,38.0
2594,candidato_selecionado,OK,0.8770040798212893,13.914549386553006,177.0,219.0,1.2372881355932204,28771.5,10,9,1,75.0,38.0
2595,candidato_selecionado,OK,0.8772045511777464,13.919023328248157,177.0,219.0,1.2372881355932204,28787.0,11,10,1,75.0,38.0
2596,candidato_selecionado,OK,0.8764227973909549,13.919023328248157,177.0,219.0,1.2372881355932204,28800.0,10,9,1,75.0,38.0
2597,candidato_selecionado,OK,0.8765423663308206,13.924084448594252,177.0,219.0,1.2372881355932204,28811.0,10,9,1,75.0,38.0
2598,candidato_selecionado,OK,0.8752173810806424,13.91956695669567,178.0,220.0,1.2359550561797752,28851.5,9,8,1,75.0,38.0
2599,candidato_selecionado,OK,0.8737885776541113,13.902750455373408,178.0,221.0,1.2415730337078652,28815.0,10,9,1,75.0,38.0
2600,candidato_selecionado,OK,0.8747101567468469,13.897771317829458,178.0,220.0,1.2359550561797752,28819.0,10,9,1,75.0,38.0
2601,candidato_selecionado,OK,0.87462849164615,13.897771317829458,178.0,220.0,1.2359550561797752,28827.0,10,9,1,75.0,38.0
2602,candidato_selecionado,OK,0.873651526886913,13.8995000696767,178.0,221.0,1.2415730337078652,28800.0,10,9,1,75.0,38.0
2603,candidato_selecionado,OK,0.8744081728859182,13.89863782051282,178.0,220.0,1.2359550561797752,28805.5,11,10,1,75.0,38.0
2604,candidato_selecionado,OK,0.8752461029184982,13.89863782051282,178.0,219.0,1.2303370786516854,28797.5,10,9,1,75.0,38.0
2605,candidato_selecionado,OK,0.8764049594587949,13.89863782051282,178.0,218.0,1.2247191011235956,28797.0,10,9,1,75.0,38.0
2606,candidato_selecionado,OK,0.8763090950709823,13.916666666666666,178.0,219.0,1.2303370786516854,28810.0,10,9,1,75.0,38.0
2607,candidato_selecionado,OK,0.8750667020371562,13.916666666666666,178.0,220.0,1.2359550561797752,28831.0,10,9,1,75.0,38.0
2608,candidato_selecionado,OK,0.8752855140523683,13.913157894736841,178.0,220.0,1.2359550561797752,28863.0,10,9,1,75.0,38.0
2609,candidato_selecionado,OK,0.8755204014529847,13.912958115183246,178.0,220.0,1.2359550561797752,28867.0,10,9,1,75.0,38.0
2610,candidato_selecionado,OK,0.8761191264880531,13.916666666666666,178.0,219.0,1.2303370786516854,28842.5,10,9,1,75.0,38.0
2611,candidato_selecionado,OK,0.8749354517721771,13.916666666666666,178.0,220.0,1.2359550561797752,28843.5,10,9,1,75.0,38.0
2612,candidato_selecionado,OK,0.8759649555309043,13.916666666666666,178.0,219.0,1.2303370786516854,28829.5,10,9,1,75.0,38.0
2613,candidato_selecionado,OK,0.8730335731886989,13.916753835425382,178.0,222.0,1.247191011235955,28847.5,10,9,1,75.0,38.0
2614,candidato_selecionado,OK,0.8734155172875462,13.903968253968253,178.0,222.0,1.247191011235955,28852.5,10,9,1,75.0,38.0
2615,candidato_selecionado,OK,0.8724568205557074,13.91015625,178.0,222.0,1.247191011235955,28836.0,10,9,1,75.0,38.0
2616,candidato_selecionado,OK,0.8742498834139353,13.90979381443299,178.0,221.0,1.2415730337078652,28869.0,11,10,1,75.0,38.0
2617,candidato_selecionado,OK,0.8729794212354854,13.90979381443299,178.0,222.0,1.247191011235955,28878.5,11,10,1,75.0,38.0
2618,candidato_selecionado,OK,0.874005981645903,13.914275956284152,178.0,221.0,1.2415730337078652,28861.0,10,9,1,75.0,37.0
2619,candidato_selecionado,OK,0.8742495706853199,13.9129113018598,178.0,221.0,1.2415730337078652,28883.5,10,9,1,75.0,38.0
2620,candidato_selecionado,OK,0.8729740860931254,13.9129113018598,178.0,222.0,1.247191011235955,28897.5,9,8,1,75.0,38.0
2621,candidato_selecionado,OK,0.8723639968965482,13.905877976190476,178.0,222.0,1.247191011235955,28891.0,10,9,1,75.0,38.0
2622,candidato_selecionado,OK,0.872277641346602,13.898867313915858,178.0,222.0,1.247191011235955,28889.0,11,10,1,75.0,38.0
2623,candidato_selecionado,OK,0.875695104061947,13.908333333333333,178.0,219.0,1.2303370786516854,28880.5,11,10,1,75.0,38.0
2624,candidato_selecionado,OK,0.8743171122999442,13.913405797101449,178.0,221.0,1.2415730337078652,28876.0,11,10,1,75.0,38.0
2625,candidato_selecionado,OK,0.8753179271766355,13.918495934959351,178.0,220.0,1.2359550561797752,28872.5,10,9,1,75.0,38.0
2626,candidato_selecionado,OK,0.8744169454999474,13.920644891122278,178.0,221.0,1.2415730337078652,28890.0,10,9,1,75.0,38.0
2627,candidato_selecionado,OK,0.8744073520546314,13.916301169590644,178.0,221.0,1.2415730337078652,28893.0,10,9,1,75.0,38.0
2628,candidato_selecionado,OK,0.8731520357109628,13.916301169590644,178.0,222.0,1.247191011235955,28904.5,10,9,1,75.0,38.0
2629,candidato_selecionado,OK,0.8732504373716713,13.910069444444444,178.0,222.0,1.247191011235955,28897.5,10,9,1,75.0,38.0
2630,candidato_selecionado,OK,0.8742760521786398,13.910069444444444,178.0,221.0,1.2415730337078652,28895.0,10,9,1,75.0,38.0
2631,candidato_selecionado,OK,0.8735508214802242,13.909923928077454,178.0,222.0,1.247191011235955,28896.0,10,9,1,75.0,38.0
2632,candidato_selecionado,OK,0.8730955302327997,13.909923928077454,178.0,222.0,1.247191011235955,28879.0,10,9,1,75.0,38.0
2633,candidato_selecionado,OK,0.8733360490994593,13.91001400560224,178.0,222.0,1.247191011235955,28894.5,11,10,1,75.0,38.0
2634,candidato_selecionado,OK,0.8727232127885838,13.91001400560224,178.0,222.0,1.247191011235955,28881.0,11,10,1,75.0,38.0
2635,candidato_selecionado,OK,0.8734074841647483,13.91001400560224,178.0,222.0,1.247191011235955,28897.5,11,10,1,75.0,38.0
2636,candidato_selecionado,OK,0.8735690988950566,13.907085561497325,178.0,222.0,1.247191011235955,28890.5,11,10,1,75.0,37.0
2637,candidato_selecionado,OK,0.8724308916354683,13.901666666666666,178.0,222.0,1.247191011235955,28869.0,11,10,1,75.0,37.0
2638,candidato_selecionado,OK,0.8728935211693386,13.901666666666666,178.0,222.0,1.247191011235955,28861.0,12,11,1,75.0,37.0
2639,candidato_selecionado,OK,0.8734763315639946,13.871722846441948,178.0,221.0,1.2415730337078652,28851.5,10,9,1,75.0,38.0
2640,candidato_selecionado,OK,0.8738694958623636,13.871722846441948,178.0,221.0,1.2415730337078652,28879.5,11,10,1,75.0,38.0
2641,candidato_selecionado,OK,0.8731618092048367,13.84932859399684,178.0,221.0,1.2415730337078652,28885.5,11,10,1,75.0,38.0
2642,candidato_selecionado,OK,0.8729755843759782,13.84932859399684,178.0,221.0,1.2415730337078652,28880.0,11,10,1,75.0,38.0
2643,candidato_selecionado,OK,0.8730851136488202,13.851485148514852,178.0,221.0,1.2415730337078652,28873.0,11,10,1,75.0,38.0
2644,candidato_selecionado,OK,0.8731555006240238,13.871146435452793,178.0,221.0,1.2415730337078652,28853.5,11,10,1,75.0,38.0
2645,candidato_selecionado,OK,0.873574236066116,13.876282051282052,178.0,221.0,1.2415730337078652,28860.0,11,10,1,75.0,38.0
2646,candidato_selecionado,OK,0.8735565813893481,13.850675675675676,178.0,221.0,1.2415730337078652,28854.0,10,9,1,75.0,38.0
2647,candidato_selecionado,OK,0.8735969213690451,13.880136986301371,178.0,221.0,1.2415730337078652,28849.5,10,9,1,75.0,38.0
2648,candidato_selecionado,OK,0.8731361055134014,13.856902356902358,178.0,221.0,1.2415730337078652,28836.5,10,9,1,75.0,38.0
2649,candidato_selecionado,OK,0.8737304431424084,13.856993299832496,178.0,221.0,1.2415730337078652,28851.5,10,9,1,75.0,38.0
2650,candidato_selecionado,OK,0.8733518797688613,13.84412013536379,178.0,221.0,1.2415730337078652,28861.5,10,9,1,75.0,38.0
2651,candidato_selecionado,OK,0.8747029723863036,13.84412013536379,178.0,220.0,1.2359550561797752,28850.5,10,9,1,75.0,38.0
2652,candidato_selecionado,OK,0.8735167940442212,13.84412013536379,178.0,221.0,1.2415730337078652,28883.5,10,9,1,75.0,38.0
2653,candidato_selecionado,OK,0.8736014724690195,13.84412013536379,178.0,221.0,1.2415730337078652,28885.5,11,10,1,75.0,38.0
2654,candidato_selecionado,OK,0.8727025475652685,13.84412013536379,178.0,222.0,1.247191011235955,28889.5,11,10,1,75.0,38.0
2655,candidato_selecionado,OK,0.8723809136327747,13.838588588588587,178.0,222.0,1.247191011235955,28890.5,9,8,1,75.0,37.0
2656,candidato_selecionado,OK,0.8726846234025496,13.836851851851852,178.0,222.0,1.247191011235955,28886.0,8,7,1,75.0,38.0
2657,candidato_selecionado,OK,0.872302439928885,13.832204803813715,178.0,222.0,1.247191011235955,28874.5,9,8,1,75.0,37.0
2658,candidato_selecionado,OK,0.8709103531500292,13.834647147147146,178.0,223.0,1.252808988764045,28893.0,9,8,1,75.0,38.0
2659,candidato_selecionado,OK,0.8719499217083403,13.9034178187404,178.0,222.0,1.247191011235955,28848.0,10,9,1,75.0,38.0
2660,candidato_selecionado,OK,0.8717000114269724,13.871078431372547,178.0,222.0,1.247191011235955,28847.0,10,9,1,75.0,38.0
2661,candidato_selecionado,OK,0.8720271215811742,13.895399305555555,178.0,222.0,1.247191011235955,28847.5,10,9,1,75.0,38.0
2662,candidato_selecionado,OK,0.8730478638520427,13.905920060331825,178.0,222.0,1.247191011235955,28856.5,11,10,1,75.0,37.0
2663,candidato_selecionado,OK,0.8743523765792826,13.906462585034014,178.0,221.0,1.2415730337078652,28841.5,10,9,1,75.0,37.0
2664,candidato_selecionado,OK,0.8741037561801392,13.907222222222222,178.0,221.0,1.2415730337078652,28831.5,10,9,1,75.0,38.0
2665,candidato_selecionado,OK,0.8743352956258608,13.9070796460177,178.0,221.0,1.2415730337078652,28816.0,10,9,1,75.0,38.0
2666,candidato_selecionado,OK,0.8739747936666751,13.907763532763532,178.0,221.0,1.2415730337078652,28814.0,11,10,1,75.0,38.0
2667,candidato_selecionado,OK,0.8728949980650429,13.90693832599119,178.0,222.0,1.247191011235955,28826.0,10,9,1,75.0,38.0
2668,candidato_selecionado,OK,0.8713554556462542,13.90650912106136,178.0,222.0,1.247191011235955,28844.5,11,10,1,75.0,38.0
2669,candidato_selecionado,OK,0.8702867057983222,13.899691358024691,178.0,223.0,1.252808988764045,28859.5,10,9,1,75.0,38.0
2670,candidato_selecionado,OK,0.8718146017728323,13.90650912106136,178.0,222.0,1.247191011235955,28876.5,11,10,1,75.0,38.0
2671,candidato_selecionado,OK,0.872265886834708,13.899961597542243,178.0,222.0,1.247191011235955,28865.0,9,8,1,75.0,38.0
2672,candidato_selecionado,OK,0.8723476047733647,13.899961597542243,178.0,222.0,1.247191011235955,28869.0,9,8,1,75.0,38.0
2673,candidato_selecionado,OK,0.8728532379242531,13.899509803921568,178.0,222.0,1.247191011235955,28883.0,9,8,1,75.0,38.0
2674,candidato_selecionado,OK,0.872757513827329,13.904209621993127,178.0,222.0,1.247191011235955,28869.0,9,8,1,75.0,38.0
2675,candidato_selecionado,OK,0.8739208025293348,13.90542328042328,178.0,221.0,1.2415730337078652,28879.5,8,7,1,75.0,38.0
2676,candidato_selecionado,OK,0.8728950274868914,13.904824561403508,178.0,222.0,1.247191011235955,28887.0,8,7,1,75.0,38.0
2677,candidato_selecionado,OK,0.8729486557704493,13.904824561403508,178.0,222.0,1.247191011235955,28883.0,10,9,1,75.0,38.0
2678,candidato_selecionado,OK,0.8723445210087948,13.904824561403508,178.0,222.0,1.247191011235955,28873.5,9,8,1,75.0,38.0
2679,candidato_selecionado,OK,0.8728379614194453,13.915453074433657,178.0,222.0,1.247191011235955,28872.5,9,8,1,75.0,38.0
2680,candidato_selecionado,OK,0.8728584841378244,13.91173469387755,178.0,222.0,1.247191011235955,28873.0,9,8,1,75.0,38.0
2681,candidato_selecionado,OK,0.8728802076596699,13.916666666666666,178.0,222.0,1.247191011235955,28885.0,11,10,1,75.0,37.0
2682,candidato_selecionado,OK,0.8730223809139862,13.916316526610643,178.0,222.0,1.247191011235955,28885.0,11,10,1,75.0,37.0
2683,candidato_selecionado,OK,0.8739957666903214,13.907608695652174,178.0,221.0,1.2415730337078652,28879.5,10,9,1,75.0,37.95999999999913
2684,candidato_selecionado,OK,0.8737340113703028,13.907608695652174,178.0,221.0,1.2415730337078652,28879.0,10,9,1,75.0,38.0
2685,candidato_selecionado,OK,0.8742454358985767,13.917198581560283,178.0,221.0,1.2415730337078652,28890.5,10,9,1,75.0,38.0
2686,candidato_selecionado,OK,0.8736304254827333,13.916666666666666,178.0,221.0,1.2415730337078652,28863.5,10,9,1,75.0,38.0
2687,candidato_selecionado,OK,0.8726103360107407,13.917198581560283,178.0,222.0,1.247191011235955,28881.5,10,9,1,75.0,38.0
2688,candidato_selecionado,OK,0.8725326800589733,13.907608695652174,178.0,222.0,1.247191011235955,28858.0,10,9,1,75.0,38.0
2689,candidato_selecionado,OK,0.8737911627083634,13.917198581560283,178.0,221.0,1.2415730337078652,28872.5,10,9,1,75.0,38.0
2690,candidato_selecionado,OK,0.8742088887338554,13.906342182890855,178.0,221.0,1.2415730337078652,28878.5,10,9,1,75.0,38.0
2691,candidato_selecionado,OK,0.8734696299106287,13.904079861111112,178.0,221.0,1.2415730337078652,28863.5,9,8,1,75.0,38.0
2692,candidato_selecionado,OK,0.8716519464943119,13.906159420289855,178.0,222.0,1.247191011235955,28870.5,11,10,1,75.0,37.0
2693,candidato_selecionado,OK,0.8717469373119532,13.906159420289855,178.0,222.0,1.247191011235955,28864.0,11,10,1,75.0,37.0
2694,candidato_selecionado,OK,0.871934502655121,13.906159420289855,178.0,222.0,1.247191011235955,28855.0,10,9,1,75.0,37.0
2695,candidato_selecionado,OK,0.8722654273164717,13.906159420289855,178.0,222.0,1.247191011235955,28852.5,10,9,1,75.0,38.0
2696,candidato_selecionado,OK,0.8731179646608092,13.913934426229508,178.0,222.0,1.247191011235955,28843.5,10,9,1,75.0,38.0
2697,candidato_selecionado,OK,0.8733478907378617,13.915857605177992,178.0,222.0,1.247191011235955,28838.5,10,9,1,75.0,38.0
2698,candidato_selecionado,OK,0.873472189059369,13.915857605177992,178.0,222.0,1.247191011235955,28875.5,10,9,1,75.0,38.0
2699,candidato_selecionado,OK,0.8735701711409161,13.90602453102453,178.0,222.0,1.247191011235955,28905.5,10,9,1,75.0,38.0
2700,candidato_selecionado,OK,0.8743736436943645,13.90523598820059,178.0,221.0,1.2415730337078652,28853.0,11,10,1,75.0,38.0
2701,candidato_selecionado,OK,0.8741699365255031,13.90523598820059,178.0,221.0,1.2415730337078652,28844.5,11,10,1,75.0,38.0
2702,candidato_selecionado,OK,0.8749177962466468,13.90523598820059,178.0,220.0,1.2359550561797752,28843.5,12,11,1,75.0,38.0
2703,candidato_selecionado,OK,0.874828399701626,13.90523598820059,178.0,220.0,1.2359550561797752,28865.0,11,10,1,75.0,38.0
2704,candidato_selecionado,OK,0.8746599865932203,13.911414565826332,178.0,220.0,1.2359550561797752,28865.0,11,10,1,75.0,38.0
2705,candidato_selecionado,OK,0.8745719147573385,13.90523598820059,178.0,220.0,1.2359550561797752,28867.0,11,10,1,75.0,38.0
2706,candidato_selecionado,OK,0.8743774831409188,13.90523598820059,178.0,220.0,1.2359550561797752,28873.5,11,10,1,75.0,38.0
2707,candidato_selecionado,OK,0.8729890810928,13.90523598820059,178.0,221.0,1.2415730337078652,28852.0,12,11,1,75.0,38.0
2708,candidato_selecionado,OK,0.8738480516917614,13.90550595238095,178.0,221.0,1.2415730337078652,28855.5,11,10,1,75.0,38.0
2709,candidato_selecionado,OK,0.8737706988549605,13.90523598820059,178.0,221.0,1.2415730337078652,28858.0,11,10,1,75.0,38.0
2710,candidato_selecionado,OK,0.8728913078668288,13.90523598820059,178.0,222.0,1.247191011235955,28877.5,11,10,1,75.0,38.0
2711,candidato_selecionado,OK,0.8743009196792011,13.90523598820059,178.0,221.0,1.2415730337078652,28825.5,11,10,1,75.0,38.0
2712,candidato_selecionado,OK,0.8732404597971972,13.90523598820059,178.0,221.0,1.2415730337078652,28863.0,10,9,1,75.0,37.0
2713,candidato_selecionado,OK,0.8750992926871721,13.90523598820059,178.0,220.0,1.2359550561797752,28859.0,10,9,1,75.0,37.0
2714,candidato_selecionado,OK,0.8749358735816439,13.90523598820059,178.0,220.0,1.2359550561797752,28862.0,10,9,1,75.0,37.0
2715,candidato_selecionado,OK,0.8767941858410182,13.90708015708016,178.0,218.0,1.2247191011235956,28825.0,10,9,1,75.0,38.0
2716,candidato_selecionado,OK,0.8752908955682113,13.90708015708016,178.0,219.0,1.2303370786516854,28841.5,10,9,1,75.0,38.0
2717,candidato_selecionado,OK,0.8752257127468648,13.90708015708016,178.0,219.0,1.2303370786516854,28834.5,10,9,1,75.0,38.0
2718,candidato_selecionado,OK,0.8758210923847768,13.906385281385282,178.0,218.0,1.2247191011235956,28786.5,10,9,1,75.0,38.0
2719,candidato_selecionado,OK,0.8727566461963662,13.907246376811594,178.0,221.0,1.2415730337078652,28799.5,10,9,1,75.0,38.0
2720,candidato_selecionado,OK,0.8721790535400004,13.907327586206897,178.0,221.0,1.2415730337078652,28832.0,9,8,1,75.0,38.0
2721,candidato_selecionado,OK,0.8715292380912338,13.911170212765958,178.0,222.0,1.247191011235955,28857.0,9,8,1,75.0,38.0
2722,candidato_selecionado,OK,0.8723552512480292,13.912157287157287,178.0,222.0,1.247191011235955,28897.5,9,8,1,75.0,38.0
2723,candidato_selecionado,OK,0.8739494491226866,13.93452380952381,179.0,220.0,1.229050279329609,28895.0,11,10,1,75.0,38.0
2724,candidato_selecionado,OK,0.8746053901348907,13.986017972103005,179.0,220.0,1.229050279329609,28951.0,11,10,1,75.0,38.0
2725,candidato_selecionado,OK,0.8743433649519256,13.998703703703704,179.0,221.0,1.23463687150838,28921.5,13,12,1,75.0,37.0
2726,candidato_selecionado,OK,0.8742183109630906,14.040637860082304,180.0,221.0,1.2277777777777779,28980.5,13,12,1,75.0,37.0
2727,candidato_selecionado,OK,0.8748899799624174,14.112459546925566,180.0,221.0,1.2277777777777779,29097.0,13,12,1,75.0,37.0
2728,candidato_selecionado,OK,0.8780144925744957,14.162037037037038,181.0,219.0,1.2099447513812154,29243.0,13,12,1,75.0,37.0
2729,candidato_selecionado,OK,0.8779086792130422,14.312790668284299,183.0,219.0,1.1967213114754098,29374.5,12,11,1,75.0,37.0
2730,candidato_selecionado,OK,0.8791300802665152,14.427662037037038,185.0,218.0,1.1783783783783783,29524.0,12,11,1,75.0,37.0
2731,candidato_selecionado,OK,0.8795291738958841,14.6258240297714,187.0,218.0,1.1657754010695187,29776.5,12,11,1,75.0,37.0
2732,candidato_selecionado,OK,0.8805681340394602,14.830357142857144,191.0,216.0,1.130890052356021,30117.0,12,11,1,75.0,37.0
2733,candidato_selecionado,OK,0.882690462394384,15.201923076923078,194.0,215.0,1.1082474226804124,30483.5,12,11,1,75.0,37.0
2734,candidato_selecionado,OK,0.8822875104106304,15.539445628997868,200.0,212.0,1.06,30955.5,12,11,1,75.0,39.0
2735,candidato_selecionado,OK,0.8787109530683446,16.18782051282051,206.0,205.0,0.9951456310679612,31047.0,12,11,1,75.0,41.0
2736,candidato_selecionado,OK,0.8783590099766337,16.91289836347976,210.0,186.0,0.8857142857142857,27640.0,14,13,1,75.0,42.0
2737,candidato_selecionado,OK,0.9242742526450469,18.01559954382535,174.0,182.0,1.0459770114942528,24116.5,13,12,1,75.0,44.0
2738,candidato_selecionado,OK,0.9307455568150879,19.34601449275362,170.0,181.0,1.0647058823529412,23303.0,12,11,1,75.0,46.0
2739,candidato_selecionado,OK,0.9155738892793418,23.344768170426065,186.0,180.0,0.967741935483871,23290.0,10,9,1,75.0,47.0
2740,candidato_selecionado,OK,0.9673605342201952,23.478367248062014,188.0,182.0,0.9680851063829787,26575.0,10,9,1,75.0,38.0
2741,candidato_selecionado,OK,0.9686959429614964,23.55717054263566,189.0,183.0,0.9682539682539683,26935.0,13,12,1,75.0,37.0
2742,candidato_selecionado,OK,0.9678463623624216,23.574074074074076,190.0,184.0,0.968421052631579,27144.5,11,10,1,75.0,37.0
2743,candidato_selecionado,OK,0.9682486231979005,23.605701754385965,191.0,185.0,0.9685863874345549,27385.5,13,12,1,75.0,37.0
2744,candidato_selecionado,OK,0.9673566513055338,23.52678571428571,190.0,185.0,0.9736842105263158,27307.0,10,9,1,75.0,37.0
2745,candidato_selecionado,OK,0.9669796334692737,23.455000000000002,189.0,185.0,0.9788359788359788,27172.5,11,10,1,75.0,37.0
2746,candidato_selecionado,OK,0.965660470019454,23.45477261369315,190.0,184.0,0.968421052631579,27126.0,11,10,1,75.0,37.0
2747,candidato_selecionado,OK,0.9669181067283658,23.460185185185185,189.0,184.0,0.9735449735449735,27016.5,10,9,1,75.0,37.0
2748,candidato_selecionado,OK,0.9677988425636548,23.463652482269506,189.0,183.0,0.9682539682539683,26924.5,11,10,1,75.0,37.0
2749,candidato_selecionado,OK,0.9664939829736147,23.458333333333332,189.0,183.0,0.9682539682539683,26873.0,10,9,1,75.0,37.0
2750,candidato_selecionado,OK,0.9662843836244421,23.533045977011493,189.0,183.0,0.9682539682539683,26815.5,9,8,1,75.0,37.0
2751,candidato_selecionado,OK,0.9668673440862771,23.477713178294575,189.0,182.0,0.9629629629629629,26786.0,10,9,1,75.0,37.0
2752,candidato_selecionado,OK,0.9638227357483728,23.47882513661202,191.0,182.0,0.9528795811518325,26748.5,10,9,1,75.0,37.0
2753,candidato_selecionado,OK,0.9599142936469555,23.432141192917054,192.0,182.0,0.9479166666666666,26715.5,10,9,1,75.0,38.0
2754,candidato_selecionado,OK,0.9561297948658471,23.43958333333333,194.0,182.0,0.9381443298969072,26662.0,9,8,1,75.0,39.0
2755,candidato_selecionado,OK,0.9472880926110708,23.380208333333332,198.0,181.0,0.9141414141414141,26399.0,10,9,1,75.0,40.0
2756,candidato_selecionado,OK,0.9514478990366226,21.371732026143793,182.0,181.0,0.9945054945054945,25378.5,12,11,1,75.0,41.0
2757,candidato_selecionado,OK,0.9487804189268976,20.576923076923077,179.0,180.0,1.005586592178771,25150.5,12,11,1,75.0,42.0
2758,candidato_selecionado,OK,0.9409144730986367,19.621913580246915,178.0,180.0,1.0112359550561798,24901.5,12,11,1,75.0,43.0
2759,candidato_selecionado,OK,0.9323981963738168,18.553571428571427,179.0,179.0,1.0,24709.0,12,11,1,75.0,43.0
2760,candidato_selecionado,OK,0.8732991023887442,17.30735294117647,211.0,182.0,0.8625592417061612,27959.5,13,12,1,75.0,42.0
2761,candidato_selecionado,OK,0.8971383113846789,15.945652173913045,203.0,190.0,0.9359605911330049,29999.5,10,9,1,75.0,39.0
2762,candidato_selecionado,OK,0.8877709810223577,14.532657657657658,188.0,201.0,1.0691489361702127,28694.0,10,9,1,75.0,37.0
2763,candidato_selecionado,OK,0.8850295546238283,14.448108384458079,185.0,207.0,1.1189189189189188,28527.0,11,10,1,75.0,37.0
2764,candidato_selecionado,OK,0.8817457730108561,14.536691542288557,187.0,212.0,1.1336898395721926,29073.5,9,8,1,75.0,37.0
2765,candidato_selecionado,OK,0.8817203198388552,15.04094827586207,192.0,214.0,1.1145833333333333,30123.5,10,9,1,75.0,37.0
2766,candidato_selecionado,OK,0.8848428715960774,15.430349707544364,195.0,215.0,1.1025641025641026,30996.0,11,10,1,75.0,37.0
2767,candidato_selecionado,OK,0.8816593169111252,15.590020576131687,197.0,220.0,1.116751269035533,31532.0,9,8,1,75.0,36.0
2768,candidato_selecionado,OK,0.8796540557394814,15.537179487179486,196.0,223.0,1.1377551020408163,32050.0,11,10,1,75.0,36.0
2769,candidato_selecionado,OK,0.8812903555490321,15.245915032679738,192.0,224.0,1.1666666666666667,32031.0,12,11,1,75.0,35.0
2770,candidato_selecionado,OK,0.8675350905001711,14.821236559139784,188.0,227.0,1.2074468085106382,31110.0,11,10,1,75.0,35.0
2771,candidato_selecionado,OK,0.8613340213762785,14.291666666666666,186.0,231.0,1.2419354838709677,30686.0,10,9,1,75.0,34.0
2772,candidato_selecionado,OK,0.8673916144977848,14.291666666666666,186.0,230.0,1.2365591397849462,30812.5,10,9,1,75.0,33.0
2773,candidato_selecionado,OK,0.8665173605587431,14.684742063492061,189.0,230.0,1.216931216931217,31311.5,10,9,1,75.0,33.0
2774,candidato_selecionado,OK,0.87257903949591,15.186594202898549,194.0,227.0,1.1701030927835052,32008.5,8,7,1,75.0,32.0
2775,candidato_selecionado,OK,0.8720764919161433,15.511986301369864,198.0,223.0,1.1262626262626263,32123.0,8,7,1,75.0,32.0
2776,candidato_selecionado,OK,0.8692236948752247,15.668154761904761,199.0,226.0,1.135678391959799,32300.0,8,7,1,75.0,31.0
2777,candidato_selecionado,OK,0.8690054134640174,15.708333333333334,199.0,227.0,1.1407035175879396,32321.5,9,8,1,75.0,31.0
2778,candidato_selecionado,OK,0.8694933360420866,15.514301693831897,198.0,225.0,1.1363636363636365,32129.0,8,7,1,75.0,31.0
2779,candidato_selecionado,OK,0.8709491417064127,15.361143867924527,198.0,225.0,1.1363636363636365,32187.0,9,8,1,75.0,31.0
2780,candidato_selecionado,OK,0.8823753673929801,15.408132530120483,198.0,229.0,1.1565656565656566,32091.5,10,9,1,75.0,31.0
2781,candidato_selecionado,OK,0.8856191713510914,15.580406336088155,199.0,228.0,1.1457286432160805,32191.5,10,9,1,75.0,31.0
2782,candidato_selecionado,OK,0.8880109758088524,15.664972899728996,199.0,227.0,1.1407035175879396,32154.5,10,9,1,75.0,31.0
2783,candidato_selecionado,OK,0.892522918880698,15.619718309859154,200.0,221.0,1.105,32012.5,9,8,1,75.0,31.0
2784,candidato_selecionado,OK,0.8936211316297717,15.529832347140038,199.0,220.0,1.1055276381909547,31871.5,9,8,1,75.0,31.0
2785,candidato_selecionado,OK,0.8951438246005894,15.582240742778206,198.0,219.0,1.106060606060606,31756.0,9,8,1,75.0,31.0
2786,candidato_selecionado,OK,0.8777711437051231,15.560732171474358,198.0,219.0,1.106060606060606,32033.0,9,8,1,75.0,32.0
2787,candidato_selecionado,OK,0.8780682006937832,15.494986605434368,198.0,218.0,1.101010101010101,31883.0,11,10,1,75.0,32.0
2788,candidato_selecionado,OK,0.880178075104426,15.326694832944833,197.0,216.0,1.0964467005076142,31677.0,14,13,1,75.0,33.0
2789,candidato_selecionado,OK,0.8689914384279687,15.175925925925926,195.0,220.0,1.1282051282051282,31629.0,10,9,1,75.0,33.0
2790,candidato_selecionado,OK,0.8769265723006753,15.06528871391076,194.0,222.0,1.1443298969072164,31672.5,10,9,1,75.0,34.0
2791,candidato_selecionado,OK,0.8800350292553223,14.935715012722646,192.0,218.0,1.1354166666666667,31183.5,11,10,1,75.0,35.0
2792,candidato_selecionado,OK,0.8831588574809641,14.744441699604744,188.0,220.0,1.1702127659574468,30931.0,11,10,1,75.0,36.0
2793,candidato_selecionado,OK,0.8771295118482242,14.525173611111112,185.0,224.0,1.2108108108108109,30417.0,13,12,1,75.0,37.0
2794,candidato_selecionado,OK,0.8756168833122023,14.290979510244876,181.0,224.0,1.2375690607734806,29906.0,11,10,1,75.0,38.0
2795,candidato_selecionado,OK,0.8724165391660181,14.034420289855072,179.0,224.0,1.2513966480446927,29533.0,11,10,1,75.0,38.0
2796,candidato_selecionado,OK,0.8725103758923239,13.916666666666666,179.0,222.0,1.2402234636871508,29263.0,11,10,1,75.0,39.0
2797,candidato_selecionado,OK,0.8763233363364323,13.97337906003937,179.0,219.0,1.223463687150838,29220.5,12,11,1,75.0,39.0
2798,candidato_selecionado,OK,0.8776097202433082,13.978007748940763,180.0,218.0,1.211111111111111,29109.0,12,11,1,75.0,38.0
2799,candidato_selecionado,OK,0.877374857282169,14.145547945205479,181.0,218.0,1.2044198895027625,29102.5,11,10,1,75.0,39.0
2800,candidato_selecionado,OK,0.8803755860199374,14.270833333333334,183.0,216.0,1.180327868852459,29279.5,9,8,1,75.0,39.0
2801,candidato_selecionado,OK,0.8801854028989379,14.44163640032284,184.0,219.0,1.190217391304348,29488.0,11,10,1,75.0,39.0
2802,candidato_selecionado,OK,0.8814789375389174,14.607324863623314,186.0,220.0,1.1827956989247312,29831.0,13,12,1,75.0,38.0
2803,candidato_selecionado,OK,0.8824227975261797,14.813268156424579,189.0,220.0,1.164021164021164,30181.5,12,11,1,75.0,38.0
2804,candidato_selecionado,OK,0.8827941778684932,14.953494623655914,191.0,220.0,1.1518324607329844,30441.5,10,9,1,75.0,37.0
2805,candidato_selecionado,OK,0.881346268842918,15.062745098039215,193.0,220.0,1.1398963730569949,30592.0,11,10,1,75.0,37.0
2806,candidato_selecionado,OK,0.8814097938353512,15.1154930074103,194.0,220.0,1.134020618556701,30705.5,8,7,1,75.0,37.0
2807,candidato_selecionado,OK,0.8880155218325128,15.254893972316111,194.0,214.0,1.1030927835051547,30643.5,11,10,1,75.0,37.0
2808,candidato_selecionado,OK,0.889232937682167,15.288294797687861,193.0,213.0,1.1036269430051813,30574.0,11,10,1,75.0,37.0
2809,candidato_selecionado,OK,0.8879338716879583,15.30696327038278,194.0,212.0,1.092783505154639,30460.5,9,8,1,75.0,38.0
2810,candidato_selecionado,OK,0.889592962317564,15.262792397660819,194.0,209.0,1.077319587628866,30299.0,11,10,1,75.0,38.0
2811,candidato_selecionado,OK,0.889395176130306,15.154910044977512,193.0,210.0,1.0880829015544042,30122.5,12,11,1,75.0,38.0
2812,candidato_selecionado,OK,0.8922993801961524,15.02588122723625,191.0,208.0,1.0890052356020943,29929.0,9,8,1,75.0,38.0
2813,candidato_selecionado,OK,0.8859398134059777,14.917703150912105,190.0,215.0,1.131578947368421,29810.0,10,9,1,75.0,38.0
2814,candidato_selecionado,OK,0.8867027542715741,14.775387596899224,190.0,213.0,1.1210526315789473,29575.5,9,8,1,75.0,38.0
2815,candidato_selecionado,OK,0.8851183275778899,14.75,189.0,214.0,1.1322751322751323,29483.0,13,12,1,75.0,39.0
2816,candidato_selecionado,OK,0.8851381020318068,14.676094276094275,188.0,213.0,1.1329787234042554,29380.0,10,9,1,75.0,39.0
2817,candidato_selecionado,OK,0.8851315091194757,14.658660130718955,188.0,211.0,1.122340425531915,29322.0,9,8,1,75.0,39.0
2818,candidato_selecionado,OK,0.8868824807676021,14.649390243902438,187.0,210.0,1.1229946524064172,29346.0,10,9,1,75.0,39.0
2819,candidato_selecionado,OK,0.889500013554548,14.672803617571061,187.0,208.0,1.1122994652406417,29451.0,11,10,1,75.0,39.0
2820,candidato_selecionado,OK,0.885619090253736,14.624103942652331,186.0,211.0,1.1344086021505377,29507.0,10,9,1,75.0,39.0
2821,candidato_selecionado,OK,0.8795377779050114,14.51360544217687,185.0,216.0,1.1675675675675676,29459.0,9,8,1,75.0,39.0
2822,candidato_selecionado,OK,0.8768046202956306,14.35491967871486,184.0,219.0,1.190217391304348,29531.5,10,9,1,75.0,39.0
2823,candidato_selecionado,OK,0.8776220408264853,14.223415335126298,182.0,218.0,1.1978021978021978,29564.0,10,9,1,75.0,39.0
2824,candidato_selecionado,OK,0.8711636675644324,14.089285714285715,181.0,223.0,1.2320441988950277,29546.0,11,10,1,75.0,39.0
2825,candidato_selecionado,OK,0.8724056377611232,14.0,180.0,222.0,1.2333333333333334,29591.5,11,10,1,75.0,39.0
2826,candidato_selecionado,OK,0.8737818283575738,13.911541513104012,179.0,223.0,1.2458100558659218,29703.5,10,9,1,75.0,38.0
2827,candidato_selecionado,OK,0.874370954282436,13.944944730322087,180.0,222.0,1.2333333333333334,29849.0,8,7,1,75.0,37.0
2828,candidato_selecionado,OK,0.8766852726119893,14.041666666666666,181.0,222.0,1.2265193370165746,30124.0,10,9,1,75.0,36.0
2829,candidato_selecionado,OK,0.879427642727242,14.170935947066413,182.0,222.0,1.2197802197802199,30450.0,10,9,1,75.0,36.0
2830,candidato_selecionado,OK,0.8756194648999638,14.254608242753624,183.0,226.0,1.2349726775956285,30664.0,10,9,1,75.0,36.0
2831,candidato_selecionado,OK,0.8799751528075005,14.280714573674663,183.0,223.0,1.2185792349726776,30816.0,11,10,1,75.0,35.0
2832,candidato_selecionado,OK,0.8804464948493507,14.311367541393315,184.0,223.0,1.2119565217391304,30973.0,11,10,1,75.0,35.0
2833,candidato_selecionado,OK,0.8794480392206643,14.360943775100402,185.0,225.0,1.2162162162162162,31166.5,11,10,1,75.0,34.0
2834,candidato_selecionado,OK,0.8772738939107027,14.416666666666666,185.0,228.0,1.2324324324324325,31316.5,10,9,1,75.0,34.0
2835,candidato_selecionado,OK,0.8795643592268307,14.46482683982684,186.0,227.0,1.2204301075268817,31443.0,12,11,1,75.0,34.0
2836,candidato_selecionado,OK,0.8805008625903348,14.532738095238095,186.0,227.0,1.2204301075268817,31516.5,10,9,1,75.0,34.0
2837,candidato_selecionado,OK,0.8766532776317734,14.52209249084249,187.0,229.0,1.2245989304812834,31557.5,11,10,1,75.0,34.0
2838,candidato_selecionado,OK,0.8762438607234169,14.515859962406017,187.0,229.0,1.2245989304812834,31524.0,10,9,1,75.0,35.0
2839,candidato_selecionado,OK,0.8746465805258683,14.501057330827066,186.0,229.0,1.2311827956989247,31448.5,9,8,1,75.0,35.0
2840,candidato_selecionado,OK,0.875178750012353,14.416666666666666,185.0,229.0,1.2378378378378379,31309.5,8,7,1,75.0,35.0
2841,candidato_selecionado,OK,0.8736365745875593,14.333333333333334,184.0,229.0,1.2445652173913044,31125.5,8,7,1,75.0,35.0
2842,candidato_selecionado,OK,0.873029830969398,14.271692805245436,184.0,228.0,1.2391304347826086,30926.0,9,8,1,75.0,35.0
2843,candidato_selecionado,OK,0.8754297645961466,14.238162878787877,183.0,225.0,1.2295081967213115,30706.0,9,8,1,75.0,35.0
2844,candidato_selecionado,OK,0.8755537062593959,14.19078947368421,182.0,225.0,1.2362637362637363,30523.5,8,7,1,75.0,36.0
2845,candidato_selecionado,OK,0.8747153631671019,14.12431129476584,181.0,225.0,1.2430939226519337,30305.5,8,7,1,75.0,36.0
2846,candidato_selecionado,OK,0.8728147468130533,13.9997591522158,180.0,225.0,1.25,30074.5,8,7,1,75.0,36.0
2847,candidato_selecionado,OK,0.8762088450360432,13.935379241516967,179.0,222.0,1.2402234636871508,29821.0,8,7,1,75.0,37.0
2848,candidato_selecionado,OK,0.8723492498109969,13.853049038258296,178.0,224.0,1.2584269662921348,29554.5,8,7,1,75.0,38.0
2849,candidato_selecionado,OK,0.8738577582786554,13.883487654320987,178.0,221.0,1.2415730337078652,29387.0,8,7,1,75.0,38.0
2850,candidato_selecionado,OK,0.875079987103153,13.992647058823529,179.0,220.0,1.229050279329609,29356.5,9,8,1,75.0,38.0
2851,candidato_selecionado,OK,0.877190672806269,14.1101598173516,181.0,218.0,1.2044198895027625,29373.5,10,9,1,75.0,38.0
2852,candidato_selecionado,OK,0.8808547519859699,14.23706896551724,182.0,215.0,1.1813186813186813,29382.0,10,9,1,75.0,38.0
2853,candidato_selecionado,OK,0.8806388944888557,14.331006768189509,183.0,215.0,1.174863387978142,29407.0,9,8,1,75.0,38.0
2854,candidato_selecionado,OK,0.8848040809667885,14.392605633802816,183.0,213.0,1.1639344262295082,29403.0,10,9,1,75.0,38.0
2855,candidato_selecionado,OK,0.8876065489297051,14.399305555555555,183.0,211.0,1.1530054644808743,29413.0,9,8,1,75.0,39.0
2856,candidato_selecionado,OK,0.8836575011176564,14.433436447811447,184.0,214.0,1.1630434782608696,29444.0,9,8,1,75.0,39.0
2857,candidato_selecionado,OK,0.8832470383229551,14.447565543071162,184.0,214.0,1.1630434782608696,29413.5,9,8,1,75.0,39.0
2858,candidato_selecionado,OK,0.8814484841836357,14.465201465201465,184.0,218.0,1.184782608695652,29443.0,9,8,1,75.0,39.0
2859,candidato_selecionado,OK,0.8815444957047602,14.443560606060606,184.0,218.0,1.184782608695652,29519.0,9,8,1,75.0,40.0
2860,candidato_selecionado,OK,0.876833347523266,14.42739879129067,185.0,222.0,1.2,29628.5,9,8,1,75.0,40.0
2861,candidato_selecionado,OK,0.8772082282217414,14.449600548997205,186.0,222.0,1.1935483870967742,29746.5,9,8,1,75.0,39.0
2862,candidato_selecionado,OK,0.8770211310579309,14.471649484536082,186.0,223.0,1.1989247311827957,29819.5,10,9,1,75.0,39.0
2863,candidato_selecionado,OK,0.8761548667263969,14.416666666666666,186.0,223.0,1.1989247311827957,29842.5,10,9,1,75.0,39.0
2864,candidato_selecionado,OK,0.8762788822624714,14.441985645933014,185.0,224.0,1.2108108108108109,29869.5,10,9,1,75.0,39.0
2865,candidato_selecionado,OK,0.8770455205100428,14.395125693409504,185.0,223.0,1.2054054054054053,29860.0,10,9,1,75.0,39.0
2866,candidato_selecionado,OK,0.8726049015540883,14.301048565121413,184.0,227.0,1.233695652173913,29817.0,9,8,1,75.0,39.0
2867,candidato_selecionado,OK,0.8750598753850625,14.255937349687349,182.0,226.0,1.2417582417582418,29726.5,10,9,1,75.0,39.0
2868,candidato_selecionado,OK,0.8761551681153991,14.166666666666666,181.0,225.0,1.2430939226519337,29595.0,10,9,1,75.0,39.0
2869,candidato_selecionado,OK,0.8763764285059663,14.046637331594958,180.0,224.0,1.2444444444444445,29467.5,10,9,1,75.0,39.0
2870,candidato_selecionado,OK,0.8736042407564858,13.88764255702281,179.0,225.0,1.2569832402234637,29311.5,11,10,1,75.0,39.0
2871,candidato_selecionado,OK,0.8748559211287074,13.75,177.0,222.0,1.2542372881355932,29223.5,11,10,1,75.0,39.0
2872,candidato_selecionado,OK,0.8742782969956708,13.692880794701987,176.0,223.0,1.2670454545454546,29143.5,11,10,1,75.0,39.0
2873,candidato_selecionado,OK,0.8751531650971175,13.718832020997375,176.0,221.0,1.2556818181818181,29175.5,11,10,1,75.0,40.0
2874,candidato_selecionado,OK,0.8710546544915182,13.833333333333334,177.0,225.0,1.271186440677966,29334.0,11,10,1,75.0,40.0
2875,candidato_selecionado,OK,0.8738259504836865,13.93648414601652,179.0,222.0,1.2402234636871508,29483.5,10,9,1,75.0,39.0
2876,candidato_selecionado,OK,0.8751520804960424,14.014492753623188,180.0,222.0,1.2333333333333334,29603.5,10,9,1,75.0,39.0
2877,candidato_selecionado,OK,0.8756782691598619,14.139775413711584,181.0,222.0,1.2265193370165746,29741.0,10,9,1,75.0,39.0
2878,candidato_selecionado,OK,0.8738650176084213,14.250234142188168,183.0,224.0,1.2240437158469946,29965.0,10,9,1,75.0,38.0
2879,candidato_selecionado,OK,0.8726949388514696,14.27657004830918,183.0,226.0,1.2349726775956285,30062.5,9,8,1,75.0,38.0
2880,candidato_selecionado,OK,0.8727027491310455,14.30613425925926,184.0,226.0,1.2282608695652173,30071.0,9,8,1,75.0,38.0
2881,candidato_selecionado,OK,0.8744535716818985,14.323095238095236,184.0,226.0,1.2282608695652173,30111.0,9,8,1,75.0,38.0
2882,candidato_selecionado,OK,0.8762633277237224,14.316935483870969,183.0,225.0,1.2295081967213115,30064.0,10,9,1,75.0,38.0
2883,candidato_selecionado,OK,0.8755025344470732,14.298197399527188,183.0,225.0,1.2295081967213115,29974.5,9,8,1,75.0,38.0
2884,candidato_selecionado,OK,0.8760798016283812,14.262411347517732,182.0,225.0,1.2362637362637363,29846.5,9,8,1,75.0,38.0
2885,candidato_selecionado,OK,0.874986063219938,14.239836663979915,181.0,226.0,1.2486187845303867,29714.5,9,8,1,75.0,38.0
2886,candidato_selecionado,OK,0.8771371424576176,14.191939890710382,181.0,223.0,1.2320441988950277,29588.0,9,8,1,75.0,38.0
2887,candidato_selecionado,OK,0.873996989456097,14.12085262345679,181.0,224.0,1.2375690607734806,29467.0,10,9,1,75.0,39.0
2888,candidato_selecionado,OK,0.8757475898806016,14.070637664293537,180.0,222.0,1.2333333333333334,29330.5,9,8,1,75.0,39.0
2889,candidato_selecionado,OK,0.8802585292655717,14.020455582164443,179.0,219.0,1.223463687150838,29236.0,9,8,1,75.0,39.0
2890,candidato_selecionado,OK,0.8799266093466925,13.918229166666668,177.0,221.0,1.2485875706214689,29130.5,11,10,1,75.0,39.0
2891,candidato_selecionado,OK,0.8757194212911221,13.83578431372549,178.0,223.0,1.252808988764045,29102.0,11,10,1,75.0,38.0
2892,candidato_selecionado,OK,0.8760490924808751,13.830467372134038,178.0,224.0,1.2584269662921348,29104.5,11,10,1,75.0,38.0
2893,candidato_selecionado,OK,0.8780440321087584,13.835573476702509,178.0,223.0,1.252808988764045,29223.0,11,10,1,75.0,38.0
2894,candidato_selecionado,OK,0.8751802482076954,13.83807720118858,179.0,225.0,1.2569832402234637,29341.0,11,10,1,75.0,38.0
2895,candidato_selecionado,OK,0.8745329309150259,13.843279569892474,178.0,226.0,1.2696629213483146,29406.5,11,10,1,75.0,38.0
2896,candidato_selecionado,OK,0.8761429069218235,13.847997685185186,178.0,225.0,1.2640449438202248,29481.0,12,11,1,75.0,37.0
2897,candidato_selecionado,OK,0.8732561004272629,13.92145325203252,179.0,227.0,1.2681564245810055,29594.0,11,10,1,75.0,37.0
2898,candidato_selecionado,OK,0.8733250174795599,13.935367454068242,179.0,226.0,1.2625698324022345,29597.0,12,11,1,75.0,37.0
2899,candidato_selecionado,OK,0.8742552506877032,13.854928168757956,179.0,225.0,1.2569832402234637,29544.0,11,10,1,75.0,37.0
2900,candidato_selecionado,OK,0.8770353983616638,13.878787878787877,179.0,224.0,1.2513966480446927,29428.0,11,10,1,75.0,37.0
2901,candidato_selecionado,OK,0.8763317790210756,13.811887254901961,178.0,223.0,1.252808988764045,29392.5,10,9,1,75.0,37.0
2902,candidato_selecionado,OK,0.8767411399705025,13.773981829573936,178.0,223.0,1.252808988764045,29310.5,10,9,1,75.0,37.0
2903,candidato_selecionado,OK,0.8765404960092342,13.765269151138718,177.0,223.0,1.2598870056497176,29149.5,10,9,1,75.0,37.0
2904,candidato_selecionado,OK,0.8731963346223429,13.738095238095239,177.0,225.0,1.271186440677966,29032.5,11,10,1,75.0,37.0
2905,candidato_selecionado,OK,0.8781770854058774,13.737612612612613,176.0,221.0,1.2556818181818181,28940.5,11,10,1,75.0,38.0
2906,candidato_selecionado,OK,0.8782648212254002,13.762818100358423,176.0,221.0,1.2556818181818181,28917.5,11,10,1,75.0,38.0
2907,candidato_selecionado,OK,0.8768966331456275,13.849789915966385,177.0,223.0,1.2598870056497176,29046.0,11,10,1,75.0,38.0
2908,candidato_selecionado,OK,0.8793605796428594,13.970660749506903,179.0,220.0,1.229050279329609,29092.0,11,10,1,75.0,38.0
2909,candidato_selecionado,OK,0.8742284612329486,14.0,179.0,226.0,1.2625698324022345,29157.5,11,10,1,75.0,38.0
2910,candidato_selecionado,OK,0.8799521908004039,14.026641414141414,180.0,220.0,1.2222222222222223,29144.5,11,10,1,75.0,38.0
2911,candidato_selecionado,OK,0.8755974851827117,14.087694377990431,180.0,225.0,1.25,29227.5,11,10,1,75.0,38.0
2912,candidato_selecionado,OK,0.8818701417303254,14.102355072463768,180.0,220.0,1.2222222222222223,29219.0,11,10,1,75.0,38.0
2913,candidato_selecionado,OK,0.8759490576540175,14.088068181818182,180.0,224.0,1.2444444444444445,29231.0,11,10,1,75.0,38.0
2914,candidato_selecionado,OK,0.8790805832358722,14.005070546737214,180.0,221.0,1.2277777777777779,29173.5,9,8,1,75.0,38.0
2915,candidato_selecionado,OK,0.8824463859387758,14.015325670498084,179.0,219.0,1.223463687150838,29137.0,9,8,1,75.0,38.0
2916,candidato_selecionado,OK,0.8796458466923325,13.959061262520384,179.0,221.0,1.23463687150838,29115.5,9,8,1,75.0,38.0
2917,candidato_selecionado,OK,0.8729144619794822,13.868202227011494,178.0,226.0,1.2696629213483146,29079.5,9,8,1,75.0,38.0
2918,candidato_selecionado,OK,0.8763312161234871,13.831111111111111,177.0,224.0,1.265536723163842,29058.0,9,8,1,75.0,38.0
2919,candidato_selecionado,OK,0.8748820559895056,13.767605633802816,176.0,224.0,1.2727272727272727,29080.0,9,8,1,75.0,38.0
2920,candidato_selecionado,OK,0.8741119111281761,13.745535714285715,176.0,226.0,1.2840909090909092,29114.0,9,8,1,75.0,38.0
2921,candidato_selecionado,OK,0.8720317483436837,13.751153462596884,177.0,228.0,1.2881355932203389,29255.5,9,8,1,75.0,37.0
2922,candidato_selecionado,OK,0.8721355276061714,13.777356902356901,177.0,228.0,1.2881355932203389,29348.0,10,9,1,75.0,37.0
2923,candidato_selecionado,OK,0.8717206874036378,13.777500000000002,177.0,229.0,1.2937853107344632,29371.0,10,9,1,75.0,37.0
2924,candidato_selecionado,OK,0.8715800841709244,13.773410474609102,177.0,229.0,1.2937853107344632,29349.5,10,9,1,75.0,37.0
2925,candidato_selecionado,OK,0.8718133752342561,13.787849872773537,177.0,229.0,1.2937853107344632,29317.5,10,9,1,75.0,37.0
2926,candidato_selecionado,OK,0.877365478509418,13.807947087776867,177.0,224.0,1.265536723163842,29273.5,9,8,1,75.0,37.0
2927,candidato_selecionado,OK,0.8773771889264129,13.76823724753661,177.0,223.0,1.2598870056497176,29214.0,9,8,1,75.0,37.0
2928,candidato_selecionado,OK,0.8779425541980973,13.746443089430892,177.0,221.0,1.2485875706214689,29078.5,11,10,1,75.0,37.0
2929,candidato_selecionado,OK,0.8806499297494091,13.75,176.0,220.0,1.25,28965.5,9,8,1,75.0,37.0
2930,candidato_selecionado,OK,0.8801639083290517,13.75,176.0,220.0,1.25,28956.0,10,9,1,75.0,38.0
2931,candidato_selecionado,OK,0.8796201944567233,13.75,176.0,221.0,1.2556818181818181,28971.5,10,9,1,75.0,38.0
2932,candidato_selecionado,OK,0.877149393717016,13.764930555555557,177.0,223.0,1.2598870056497176,29050.0,10,9,1,75.0,38.0
2933,candidato_selecionado,OK,0.8776106478824309,13.818130630630632,177.0,223.0,1.2598870056497176,29101.5,10,9,1,75.0,38.0
2934,candidato_selecionado,OK,0.8770482794881772,13.830298013245033,177.0,224.0,1.265536723163842,29147.0,10,9,1,75.0,38.0
2935,candidato_selecionado,OK,0.8797621393378757,13.84452736318408,177.0,221.0,1.2485875706214689,29132.5,10,9,1,75.0,38.0
2936,candidato_selecionado,OK,0.8807225955147266,13.845703125,177.0,220.0,1.2429378531073447,29147.5,10,9,1,75.0,38.0
2937,candidato_selecionado,OK,0.8783405080064255,13.856292517006802,177.0,222.0,1.2542372881355932,29153.0,10,9,1,75.0,38.0
2938,candidato_selecionado,OK,0.8786327108339106,13.831861772486773,177.0,221.0,1.2485875706214689,29167.0,10,9,1,75.0,38.0
2939,candidato_selecionado,OK,0.8754482138973,13.79318181818182,177.0,223.0,1.2598870056497176,29135.5,10,9,1,75.0,38.0
2940,candidato_selecionado,OK,0.8751683991119651,13.774728997289971,177.0,223.0,1.2598870056497176,29162.5,9,8,1,75.0,38.0
2941,candidato_selecionado,OK,0.8742682036012706,13.736588753712041,176.0,225.0,1.2784090909090908,29165.5,9,8,1,75.0,38.0
2942,candidato_selecionado,OK,0.8747220538556713,13.7265625,176.0,225.0,1.2784090909090908,29128.5,10,9,1,75.0,38.0
2943,candidato_selecionado,OK,0.8767266018489491,13.75,176.0,225.0,1.2784090909090908,29152.0,11,10,1,75.0,37.0
2944,candidato_selecionado,OK,0.8747961557248284,13.752557319223987,177.0,226.0,1.2768361581920904,29197.0,10,9,1,75.0,37.0
2945,candidato_selecionado,OK,0.8763872687127279,13.751659268983913,177.0,224.0,1.265536723163842,29158.5,10,9,1,75.0,37.0
2946,candidato_selecionado,OK,0.8773954349843931,13.751649216887982,177.0,223.0,1.2598870056497176,29132.5,10,9,1,75.0,37.0
2947,candidato_selecionado,OK,0.8745358016469951,13.754135796204201,177.0,226.0,1.2768361581920904,29136.5,10,9,1,75.0,38.0
2948,candidato_selecionado,OK,0.876151778013038,13.75503663003663,176.0,225.0,1.2784090909090908,29054.0,10,9,1,75.0,38.0
2949,candidato_selecionado,OK,0.876544545167919,13.746166506101476,176.0,224.0,1.2727272727272727,29035.5,10,9,1,75.0,38.0
2950,candidato_selecionado,OK,0.8771852802685183,13.75570337521557,176.0,223.0,1.2670454545454546,29019.0,11,10,1,75.0,38.0
2951,candidato_selecionado,OK,0.8780980979462029,13.75,176.0,222.0,1.2613636363636365,29043.5,8,7,1,75.0,38.0
2952,candidato_selecionado,OK,0.879009124831326,13.75,176.0,222.0,1.2613636363636365,29077.0,8,7,1,75.0,38.0
2953,candidato_selecionado,OK,0.8797483592018435,13.75,176.0,221.0,1.2556818181818181,29054.5,8,7,1,75.0,37.0
2954,candidato_selecionado,OK,0.8772344505827527,13.736652265337858,176.0,223.0,1.2670454545454546,29079.0,9,8,1,75.0,37.0
2955,candidato_selecionado,OK,0.8772652718139212,13.757723577235772,176.0,223.0,1.2670454545454546,29059.5,10,9,1,75.0,37.0
2956,candidato_selecionado,OK,0.8769858654547067,13.770136770388447,176.0,223.0,1.2670454545454546,29066.0,10,9,1,75.0,37.0
2957,candidato_selecionado,OK,0.8763471776093605,13.754746753246755,176.0,224.0,1.2727272727272727,29060.5,10,9,1,75.0,38.0
2958,candidato_selecionado,OK,0.8747072347988107,13.739545573942737,176.0,225.0,1.2784090909090908,29066.5,10,9,1,75.0,37.0
2959,candidato_selecionado,OK,0.8750896295297523,13.74922839506173,176.0,225.0,1.2784090909090908,29079.0,10,9,1,75.0,37.0
2960,candidato_selecionado,OK,0.875842863669796,13.75,176.0,225.0,1.2784090909090908,29107.5,11,10,1,75.0,38.0
2961,candidato_selecionado,OK,0.8758786568760414,13.75,176.0,225.0,1.2784090909090908,29101.0,10,9,1,75.0,37.0
2962,candidato_selecionado,OK,0.8757110282230179,13.75,176.0,225.0,1.2784090909090908,29100.0,10,9,1,75.0,38.0
2963,candidato_selecionado,OK,0.8748009189896091,13.745802697351111,176.0,225.0,1.2784090909090908,29064.0,11,10,1,75.0,38.0
2964,candidato_selecionado,OK,0.8759261707048576,13.756454220232628,176.0,224.0,1.2727272727272727,29064.0,11,10,1,75.0,38.0
2965,candidato_selecionado,OK,0.8759913931755794,13.75145938282166,176.0,224.0,1.2727272727272727,29042.5,10,9,1,75.0,38.0
2966,candidato_selecionado,OK,0.8772037139309722,13.758022774327122,175.0,224.0,1.28,29063.0,10,9,1,75.0,38.0
2967,candidato_selecionado,OK,0.876588267466469,13.754166666666668,176.0,224.0,1.2727272727272727,29046.5,10,9,1,75.0,38.0
2968,candidato_selecionado,OK,0.8791511392555603,13.75320512820513,176.0,222.0,1.2613636363636365,29058.0,10,9,1,75.0,38.0
2969,candidato_selecionado,OK,0.8795919623933807,13.75,176.0,221.0,1.2556818181818181,29038.5,10,9,1,75.0,38.0
2970,candidato_selecionado,OK,0.8795498631718709,13.750301932367151,176.0,221.0,1.2556818181818181,29040.0,10,9,1,75.0,38.0
2971,candidato_selecionado,OK,0.8787812440186473,13.754805725971371,176.0,222.0,1.2613636363636365,29047.0,10,9,1,75.0,38.0
2972,candidato_selecionado,OK,0.8784943483594153,13.7533014571949,176.0,222.0,1.2613636363636365,29037.5,10,9,1,75.0,38.0
2973,candidato_selecionado,OK,0.8760105769942368,13.75297619047619,176.0,224.0,1.2727272727272727,29044.5,10,9,1,75.0,38.0
2974,candidato_selecionado,OK,0.8770510077878917,13.75595479082321,176.0,223.0,1.2670454545454546,29050.0,11,10,1,75.0,38.0
2975,candidato_selecionado,OK,0.8783922490785319,13.751827485380117,176.0,222.0,1.2613636363636365,29055.5,11,10,1,75.0,38.0
2976,candidato_selecionado,OK,0.8797571097258192,13.752232142857144,176.0,221.0,1.2556818181818181,29061.0,11,10,1,75.0,37.0
2977,candidato_selecionado,OK,0.8788622421153394,13.752546296296297,176.0,222.0,1.2613636363636365,29065.0,11,10,1,75.0,37.0
2978,candidato_selecionado,OK,0.8798480939044303,13.75,176.0,221.0,1.2556818181818181,29066.0,11,10,1,75.0,37.0
2979,candidato_selecionado,OK,0.8774208777884932,13.75,176.0,223.0,1.2670454545454546,29046.5,11,10,1,75.0,38.0
2980,candidato_selecionado,OK,0.8789650193093871,13.75,176.0,222.0,1.2613636363636365,29049.0,11,10,1,75.0,38.0
2981,candidato_selecionado,OK,0.8766159258533887,13.750393081761006,176.0,224.0,1.2727272727272727,29061.0,10,9,1,75.0,38.0
2982,candidato_selecionado,OK,0.8764797155093595,13.751695736434108,176.0,224.0,1.2727272727272727,29056.0,11,10,1,75.0,38.0
2983,candidato_selecionado,OK,0.8764254818868781,13.749387254901961,176.0,224.0,1.2727272727272727,29049.0,12,11,1,75.0,38.0
2984,candidato_selecionado,OK,0.87644114097864,13.75,176.0,224.0,1.2727272727272727,29056.0,10,9,1,75.0,38.0
2985,candidato_selecionado,OK,0.876353419084298,13.751811594202898,176.0,224.0,1.2727272727272727,29050.5,10,9,1,75.0,38.0
2986,candidato_selecionado,OK,0.8763878951250951,13.751811594202898,176.0,224.0,1.2727272727272727,29056.0,10,9,1,75.0,38.0
2987,candidato_selecionado,OK,0.8751765992841113,13.74970238095238,176.0,225.0,1.2784090909090908,29059.5,10,9,1,75.0,38.0
2988,candidato_selecionado,OK,0.8764145133476894,13.75062375249501,176.0,224.0,1.2727272727272727,29053.0,11,10,1,75.0,37.0
2989,candidato_selecionado,OK,0.8749457787256,13.75,176.0,225.0,1.2784090909090908,29063.5,11,10,1,75.0,38.0
2990,candidato_selecionado,OK,0.8760482306115113,13.75,176.0,224.0,1.2727272727272727,29057.5,10,9,1,75.0,38.0
2991,candidato_selecionado,OK,0.8760706107642288,13.75,176.0,224.0,1.2727272727272727,29055.5,10,9,1,75.0,38.0
2992,candidato_selecionado,OK,0.8761472484493734,13.75,176.0,224.0,1.2727272727272727,29063.5,11,10,1,75.0,38.0
2993,candidato_selecionado,OK,0.8759672672453162,13.75,176.0,224.0,1.2727272727272727,29058.5,10,9,1,75.0,38.0
2994,candidato_selecionado,OK,0.876091593572684,13.75,176.0,224.0,1.2727272727272727,29056.5,11,10,1,75.0,38.0
2995,candidato_selecionado,OK,0.8766559550339074,13.75,176.0,224.0,1.2727272727272727,29063.5,11,10,1,75.0,38.0
2996,candidato_selecionado,OK,0.8775091466894188,13.75,176.0,223.0,1.2670454545454546,29052.5,11,10,1,75.0,37.0
2997,candidato_selecionado,OK,0.8761806863530507,13.75,176.0,224.0,1.2727272727272727,29057.5,11,10,1,75.0,37.0
2998,candidato_selecionado,OK,0.8759526441967361,13.75,176.0,224.0,1.2727272727272727,29045.0,12,11,1,75.0,37.0
2999,candidato_selecionado,OK,0.8766629084268357,13.75,176.0,224.0,1.2727272727272727,29071.5,11,10,1,75.0,37.0
3000,candidato_selecionado,OK,0.8778923179826854,13.757558139534884,176.0,222.0,1.2613636363636365,29038.0,11,10,1,75.0,38.0
3001,candidato_selecionado,OK,0.8756992723973755,13.757857142857143,176.0,224.0,1.2727272727272727,29048.5,11,10,1,75.0,38.0
3002,candidato_selecionado,OK,0.8759667748549471,13.757857142857143,176.0,224.0,1.2727272727272727,29047.0,11,10,1,75.0,37.0
3003,candidato_selecionado,OK,0.8762676759908704,13.755664682539683,176.0,224.0,1.2727272727272727,29047.5,11,10,1,75.0,37.0
3004,candidato_selecionado,OK,0.87660521761141,13.755664682539683,176.0,224.0,1.2727272727272727,29045.0,11,10,1,75.0,37.0
3005,candidato_selecionado,OK,0.8768016363104575,13.755785759130566,176.0,224.0,1.2727272727272727,29045.5,11,10,1,75.0,37.0
3006,candidato_selecionado,OK,0.8768947215443389,13.755989265609282,176.0,224.0,1.2727272727272727,29044.5,11,10,1,75.0,38.0
3007,candidato_selecionado,OK,0.8765118083214831,13.751563020016164,176.0,224.0,1.2727272727272727,29043.0,11,10,1,75.0,38.0
3008,candidato_selecionado,OK,0.8763001371935465,13.751439836966151,176.0,224.0,1.2727272727272727,29043.0,11,10,1,75.0,38.0
3009,candidato_selecionado,OK,0.8788445830860684,13.751561802766622,176.0,222.0,1.2613636363636365,29046.5,11,10,1,75.0,38.0
3010,candidato_selecionado,OK,0.8790828084894252,13.750965893951504,176.0,222.0,1.2613636363636365,29058.5,11,10,1,75.0,38.0
3011,candidato_selecionado,OK,0.8769590887442731,13.74833844580777,176.0,224.0,1.2727272727272727,29051.5,11,10,1,75.0,38.0
3012,candidato_selecionado,OK,0.8766796808867124,13.75186965811966,176.0,224.0,1.2727272727272727,29048.5,10,9,1,75.0,38.0
3013,candidato_selecionado,OK,0.8756524099538664,13.75186965811966,176.0,225.0,1.2784090909090908,29056.0,10,9,1,75.0,38.0
3014,candidato_selecionado,OK,0.8758826924425175,13.75186965811966,176.0,225.0,1.2784090909090908,29056.5,10,9,1,75.0,37.0
3015,candidato_selecionado,OK,0.8765561431667058,13.751891762452109,176.0,224.0,1.2727272727272727,29041.5,10,9,1,75.0,37.0
3016,candidato_selecionado,OK,0.8765478389200371,13.756748782315475,176.0,224.0,1.2727272727272727,29038.0,10,9,1,75.0,37.0
3017,candidato_selecionado,OK,0.8764688865442861,13.757047172912559,176.0,224.0,1.2727272727272727,29044.0,10,9,1,75.0,37.0
3018,candidato_selecionado,OK,0.8777573587896786,13.757509811490701,176.0,223.0,1.2670454545454546,29034.0,10,9,1,75.0,38.0
3019,candidato_selecionado,OK,0.8767324360519753,13.7665592641551,176.0,224.0,1.2727272727272727,29038.5,11,10,1,75.0,38.0
3020,candidato_selecionado,OK,0.8762481681818919,13.766489650510826,176.0,224.0,1.2727272727272727,29049.0,10,9,1,75.0,38.0
3021,candidato_selecionado,OK,0.8765363093121754,13.766489650510826,176.0,224.0,1.2727272727272727,29044.0,10,9,1,75.0,37.0
3022,candidato_selecionado,OK,0.8762792219011051,13.766453814998693,176.0,224.0,1.2727272727272727,29034.5,10,9,1,75.0,38.0
3023,candidato_selecionado,OK,0.8763243941694763,13.766817876344087,176.0,224.0,1.2727272727272727,29044.5,10,9,1,75.0,38.0
3024,candidato_selecionado,OK,0.8767838003852442,13.766817876344087,176.0,224.0,1.2727272727272727,29041.0,9,8,1,75.0,37.0
3025,candidato_selecionado,OK,0.8761419968557947,13.766337778578723,176.0,224.0,1.2727272727272727,29025.5,10,9,1,75.0,37.0
3026,candidato_selecionado,OK,0.8773710080811816,13.76532506470843,176.0,223.0,1.2670454545454546,29018.0,9,8,1,75.0,37.0
3027,candidato_selecionado,OK,0.8773350701509263,13.762483361356312,176.0,223.0,1.2670454545454546,29019.0,9,8,1,75.0,38.0
3028,candidato_selecionado,OK,0.8772424706296225,13.7620473164828,176.0,223.0,1.2670454545454546,29014.0,10,9,1,75.0,38.0
3029,candidato_selecionado,OK,0.8771653214611979,13.761795710339475,176.0,223.0,1.2670454545454546,29014.5,9,8,1,75.0,38.0
3030,candidato_selecionado,OK,0.8769853551556159,13.764333000665337,176.0,223.0,1.2670454545454546,29032.5,9,8,1,75.0,38.0
3031,candidato_selecionado,OK,0.8751262087513616,13.768533790871977,176.0,225.0,1.2784090909090908,29050.0,9,8,1,75.0,38.0
3032,candidato_selecionado,OK,0.8740820530275523,13.75,177.0,225.0,1.271186440677966,29064.5,9,8,1,75.0,38.0
3033,candidato_selecionado,OK,0.8748185780277815,13.751148293963254,177.0,225.0,1.271186440677966,29108.0,9,8,1,75.0,38.0
3034,candidato_selecionado,OK,0.8769882973054612,13.822368421052632,177.0,224.0,1.265536723163842,29140.0,9,8,1,75.0,38.0
3035,candidato_selecionado,OK,0.8768556696362779,13.83648088023088,177.0,224.0,1.265536723163842,29148.5,9,8,1,75.0,38.0
3036,candidato_selecionado,OK,0.8763889784328152,13.8515625,178.0,224.0,1.2584269662921348,29178.5,9,8,1,75.0,38.0
3037,candidato_selecionado,OK,0.8783695113900897,13.905045351473923,178.0,223.0,1.252808988764045,29266.0,10,9,1,75.0,37.0
3038,candidato_selecionado,OK,0.8775489591779433,13.93860946745562,179.0,224.0,1.2513966480446927,29304.5,10,9,1,75.0,38.0
3039,candidato_selecionado,OK,0.8794762167565094,14.02966196895425,180.0,223.0,1.238888888888889,29419.5,10,9,1,75.0,38.0
3040,candidato_selecionado,OK,0.8800993952759195,14.14690170940171,181.0,223.0,1.2320441988950277,29553.5,11,10,1,75.0,38.0
3041,candidato_selecionado,OK,0.880497876806756,14.259562211981567,183.0,222.0,1.2131147540983607,29727.0,13,12,1,75.0,38.0
3042,candidato_selecionado,OK,0.8869275586922706,14.467147435897436,185.0,218.0,1.1783783783783783,29887.0,12,11,1,75.0,38.0
3043,candidato_selecionado,OK,0.886914929409785,14.725446428571429,187.0,218.0,1.1657754010695187,30253.5,12,11,1,75.0,38.0
3044,candidato_selecionado,OK,0.8887142163630057,15.040798611111112,191.0,215.0,1.12565445026178,30670.0,12,11,1,75.0,39.0
3045,candidato_selecionado,OK,0.882246947037467,15.443166544477029,197.0,215.0,1.0913705583756346,31005.0,12,11,1,75.0,40.0
3046,candidato_selecionado,OK,0.8840841073722793,15.987568858415377,203.0,211.0,1.0394088669950738,31377.5,12,11,1,75.0,41.0
3047,candidato_selecionado,OK,0.8766874158203155,16.67078942232631,205.0,194.0,0.9463414634146341,29223.0,11,10,1,75.0,42.0
3048,candidato_selecionado,OK,0.9176054428257591,17.646329365079364,180.0,185.0,1.0277777777777777,24802.5,12,11,1,75.0,43.0
3049,candidato_selecionado,OK,0.9314007403807987,18.856740481740484,168.0,184.0,1.0952380952380953,23513.0,12,11,1,75.0,45.0
3050,candidato_selecionado,OK,0.9231778283633613,20.425,161.0,184.0,1.1428571428571428,22255.0,12,11,1,75.0,47.0
3051,candidato_selecionado,OK,0.9566197181282465,23.467580889787666,186.0,183.0,0.9838709677419355,26037.0,10,9,1,75.0,41.0
3052,candidato_selecionado,OK,0.9609033079981479,23.525000000000002,186.0,184.0,0.989247311827957,26455.5,12,11,1,75.0,40.0
3053,candidato_selecionado,OK,0.9612285897337333,23.608227079538555,187.0,185.0,0.9893048128342246,26768.0,11,10,1,75.0,40.0
3054,candidato_selecionado,OK,0.9593107642292336,23.615171523982998,190.0,186.0,0.9789473684210527,27137.0,14,13,1,75.0,39.0
3055,candidato_selecionado,OK,0.959047157954388,23.62037037037037,192.0,188.0,0.9791666666666666,27612.0,13,12,1,75.0,38.0
3056,candidato_selecionado,OK,0.9579726254033444,23.5764157014157,193.0,189.0,0.9792746113989638,27806.0,12,11,1,75.0,38.0
3057,candidato_selecionado,OK,0.9566831900530244,23.48888888888889,193.0,188.0,0.9740932642487047,27671.0,10,9,1,75.0,38.0
3058,candidato_selecionado,OK,0.9575327316552072,23.48431174089069,193.0,188.0,0.9740932642487047,27759.0,10,9,1,75.0,38.0
3059,candidato_selecionado,OK,0.956881621244877,23.511666666666667,193.0,189.0,0.9792746113989638,27723.5,10,9,1,75.0,38.0
3060,candidato_selecionado,OK,0.9564044351720503,23.569444444444446,194.0,188.0,0.9690721649484536,27699.5,12,11,1,75.0,38.0
3061,candidato_selecionado,OK,0.9549571071259205,23.59181763285024,194.0,188.0,0.9690721649484536,27672.5,9,8,1,75.0,38.0
3062,candidato_selecionado,OK,0.954186296864611,23.562635281385283,194.0,188.0,0.9690721649484536,27662.0,9,8,1,75.0,38.0
3063,candidato_selecionado,OK,0.9532466930889639,23.49229166666667,196.0,187.0,0.9540816326530612,27608.5,8,7,1,75.0,38.0
3064,candidato_selecionado,OK,0.9492252107062557,23.347426470588236,198.0,187.0,0.9444444444444444,27582.0,10,9,1,75.0,38.0
3065,candidato_selecionado,OK,0.9399713669889944,23.24658869395712,200.0,187.0,0.935,27355.0,10,9,1,75.0,39.0
3066,candidato_selecionado,OK,0.9440626645903168,21.433943089430898,187.0,186.0,0.9946524064171123,26520.5,12,11,1,75.0,39.0
3067,candidato_selecionado,OK,0.9412720434746387,20.628205128205128,183.0,186.0,1.0163934426229508,26281.5,14,13,1,75.0,40.0
3068,candidato_selecionado,OK,0.9337032866890554,19.751190476190477,183.0,185.0,1.010928961748634,26063.0,13,12,1,75.0,41.0
3069,candidato_selecionado,OK,0.9268409581440579,18.731060606060606,184.0,184.0,1.0,26029.5,12,11,1,75.0,41.0
3070,candidato_selecionado,OK,0.8326167666284685,17.571428571428573,217.0,196.0,0.9032258064516129,27188.5,10,9,1,75.0,41.0
3071,candidato_selecionado,OK,0.841217357191659,16.223039215686274,204.0,211.0,1.0343137254901962,28582.0,9,8,1,75.0,40.0
3072,candidato_selecionado,OK,0.8401326670886174,14.862037037037036,191.0,215.0,1.12565445026178,27266.5,10,9,1,75.0,39.0
3073,candidato_selecionado,OK,0.8435151544667521,14.595156375477154,188.0,211.0,1.122340425531915,26750.5,10,9,1,75.0,38.0
3074,candidato_selecionado,OK,0.8424479101279662,14.802068764568764,189.0,210.0,1.1111111111111112,26384.0,9,8,1,75.0,38.0
3075,candidato_selecionado,OK,0.8399191107849746,15.181986297630745,194.0,212.0,1.092783505154639,26811.5,10,9,1,75.0,38.0
3076,candidato_selecionado,OK,0.8402421150685961,15.513703120902179,196.0,207.0,1.0561224489795917,26768.5,10,9,1,75.0,39.0
3077,candidato_selecionado,OK,0.8852270442493293,15.638839587559161,197.0,202.0,1.0253807106598984,29939.5,9,8,1,75.0,39.0
3078,candidato_selecionado,OK,0.8819791324031527,15.639705882352942,197.0,206.0,1.0456852791878173,29903.0,11,10,1,75.0,39.0
3079,candidato_selecionado,OK,0.8711781577426451,15.301948051948052,194.0,214.0,1.1030927835051547,29657.5,10,9,1,75.0,39.0
3080,candidato_selecionado,OK,0.8613697817995918,15.00679347826087,191.0,221.0,1.1570680628272252,29456.5,10,9,1,75.0,39.0
3081,candidato_selecionado,OK,0.8582562121883145,15.03791106740959,191.0,224.0,1.1727748691099475,29624.0,11,10,1,75.0,39.0
3082,candidato_selecionado,OK,0.858961706655428,15.421006944444445,195.0,217.0,1.1128205128205129,29825.5,9,8,1,75.0,39.0
3083,candidato_selecionado,OK,0.8478791464400482,15.768786075036076,201.0,218.0,1.0845771144278606,29978.5,9,8,1,75.0,39.0
3084,candidato_selecionado,OK,0.9074707603530386,16.136571191365714,203.0,187.0,0.9211822660098522,28763.0,13,12,1,75.0,38.0
3085,candidato_selecionado,OK,0.9069386180373334,16.333333333333332,202.0,189.0,0.9356435643564357,28775.0,15,14,1,75.0,37.0
3086,candidato_selecionado,OK,0.9102107431431288,16.32487633449172,202.0,189.0,0.9356435643564357,29007.0,14,13,1,75.0,36.0
3087,candidato_selecionado,OK,0.916334347500628,16.264863547758285,200.0,188.0,0.94,29278.0,13,12,1,75.0,36.0
3088,candidato_selecionado,OK,0.8609895299776807,16.281462585034014,198.0,218.0,1.101010101010101,30962.5,11,10,1,75.0,35.0
3089,candidato_selecionado,OK,0.8807034591713959,16.417080573951434,197.0,222.0,1.1269035532994924,31870.0,11,10,1,75.0,34.0
3090,candidato_selecionado,OK,0.876819896091933,16.53921568627451,198.0,226.0,1.1414141414141414,32516.0,10,9,1,75.0,33.0
3091,candidato_selecionado,OK,0.8708585221471573,16.506951183494365,198.0,226.0,1.1414141414141414,32055.0,14,13,1,75.0,33.0
3092,candidato_selecionado,OK,0.8620100124505976,16.40972222222222,197.0,229.0,1.1624365482233503,32045.0,11,10,1,75.0,34.0
3093,candidato_selecionado,OK,0.8608183270384663,16.228535353535353,198.0,228.0,1.1515151515151516,31734.5,13,12,1,75.0,34.0
3094,candidato_selecionado,OK,0.8483413545526065,16.14926160337553,199.0,233.0,1.170854271356784,31699.0,10,9,1,75.0,34.0
3095,candidato_selecionado,OK,0.8443097450569619,16.169726107226108,199.0,233.0,1.170854271356784,31111.5,11,10,1,75.0,35.0
3096,candidato_selecionado,OK,0.9077454499727478,16.174403239556693,203.0,193.0,0.9507389162561576,29824.0,15,14,1,75.0,35.0
3097,candidato_selecionado,OK,0.9061111433666369,16.149490203918432,203.0,195.0,0.9605911330049262,29936.0,17,16,1,75.0,36.0
3098,candidato_selecionado,OK,0.8652355517063527,15.997387890341322,202.0,213.0,1.0544554455445545,30252.5,15,14,1,75.0,36.0
3099,candidato_selecionado,OK,0.8513268155841732,15.75,201.0,223.0,1.109452736318408,30412.0,12,11,1,75.0,37.0
3100,candidato_selecionado,OK,0.8582341764898624,15.635416666666666,200.0,219.0,1.095,30394.5,14,13,1,75.0,37.0
3101,candidato_selecionado,OK,0.8585708698655509,15.360197368421053,198.0,217.0,1.095959595959596,30305.0,12,11,1,75.0,37.0
3102,candidato_selecionado,OK,0.8655245154940177,15.179964539007093,195.0,220.0,1.1282051282051282,30425.5,11,10,1,75.0,37.0
3103,candidato_selecionado,OK,0.8655262374512885,15.015458640458641,192.0,222.0,1.15625,30111.0,12,11,1,75.0,37.0
3104,candidato_selecionado,OK,0.8715861145701541,14.826476793248945,188.0,222.0,1.1808510638297873,29939.0,14,13,1,75.0,38.0
3105,candidato_selecionado,OK,0.8761228199037755,14.50631313131313,185.0,222.0,1.2,29737.5,10,9,1,75.0,38.0
3106,candidato_selecionado,OK,0.8733889985126727,14.302860696517413,185.0,221.0,1.1945945945945946,29276.5,10,9,1,75.0,39.0
3107,candidato_selecionado,OK,0.8791266431590545,14.246296296296295,184.0,215.0,1.1684782608695652,28969.0,9,8,1,75.0,39.0
3108,candidato_selecionado,OK,0.8853408425974105,14.285531697341513,184.0,209.0,1.1358695652173914,28804.0,10,9,1,75.0,38.0
3109,candidato_selecionado,OK,0.8824692535533816,14.328811987363418,184.0,212.0,1.1521739130434783,28915.0,10,9,1,75.0,38.0
3110,candidato_selecionado,OK,0.8865366943596175,14.461148648648647,183.0,211.0,1.1530054644808743,29110.0,9,8,1,75.0,38.0
3111,candidato_selecionado,OK,0.8838248182310265,14.595774161530345,186.0,213.0,1.1451612903225807,29393.5,10,9,1,75.0,38.0
3112,candidato_selecionado,OK,0.8808468475278349,14.680752693527234,187.0,216.0,1.1550802139037433,29728.5,11,10,1,75.0,39.0
3113,candidato_selecionado,OK,0.8754412774030033,14.752747252747254,188.0,223.0,1.1861702127659575,30118.5,12,11,1,75.0,38.0
3114,candidato_selecionado,OK,0.8726362481037941,14.941666666666668,191.0,225.0,1.1780104712041886,30511.5,9,8,1,75.0,38.0
3115,candidato_selecionado,OK,0.8752767868353536,15.155822154851393,193.0,225.0,1.16580310880829,30861.5,9,8,1,75.0,38.0
3116,candidato_selecionado,OK,0.8301508984675422,15.293439716312058,194.0,226.0,1.1649484536082475,28289.0,9,8,1,75.0,37.0
3117,candidato_selecionado,OK,0.8688446050942804,15.434405512297616,196.0,226.0,1.153061224489796,31273.0,9,8,1,75.0,37.0
3118,candidato_selecionado,OK,0.829834402702895,15.531666666666666,197.0,228.0,1.1573604060913705,28715.5,10,9,1,75.0,37.0
3119,candidato_selecionado,OK,0.8372737811322883,15.580056179775282,197.0,220.0,1.116751269035533,28903.0,9,8,1,75.0,37.0
3120,candidato_selecionado,OK,0.8347535749486427,15.583333333333334,198.0,221.0,1.1161616161616161,28739.5,11,10,1,75.0,37.0
3121,candidato_selecionado,OK,0.8347932842254496,15.583333333333334,198.0,220.0,1.1111111111111112,28603.0,13,12,1,75.0,37.0
3122,candidato_selecionado,OK,0.8422943917816627,15.541666666666666,197.0,219.0,1.1116751269035532,28752.0,10,9,1,75.0,37.0
3123,candidato_selecionado,OK,0.8372590530071246,15.44686492448668,195.0,219.0,1.123076923076923,28350.5,10,9,1,75.0,37.0
3124,candidato_selecionado,OK,0.8777954969294288,15.247295321637429,194.0,217.0,1.1185567010309279,30545.0,10,9,1,75.0,38.0
3125,candidato_selecionado,OK,0.8786635038468676,15.013888888888888,192.0,218.0,1.1354166666666667,30406.5,10,9,1,75.0,38.0
3126,candidato_selecionado,OK,0.8822871795550334,14.916666666666666,190.0,215.0,1.131578947368421,30140.5,10,9,1,75.0,38.0
3127,candidato_selecionado,OK,0.8784125756149043,14.707750582750583,189.0,216.0,1.1428571428571428,29814.0,10,9,1,75.0,38.0
3128,candidato_selecionado,OK,0.8757689194369807,14.638462769624743,188.0,218.0,1.1595744680851063,29634.0,10,9,1,75.0,38.0
3129,candidato_selecionado,OK,0.8806707792068768,14.588443396226415,186.0,215.0,1.1559139784946237,29489.5,10,9,1,75.0,38.0
3130,candidato_selecionado,OK,0.8850705134158802,14.588675213675215,185.0,212.0,1.145945945945946,29399.5,10,9,1,75.0,38.0
3131,candidato_selecionado,OK,0.8850200979434236,14.442404311683566,184.0,211.0,1.1467391304347827,29204.0,10,9,1,75.0,38.0
3132,candidato_selecionado,OK,0.8826120216915513,14.27992957746479,182.0,214.0,1.1758241758241759,28962.5,10,9,1,75.0,38.0
3133,candidato_selecionado,OK,0.8777575207558995,14.097222222222221,181.0,217.0,1.1988950276243093,28974.0,10,9,1,75.0,38.0
3134,candidato_selecionado,OK,0.876757271122486,14.1008662538463,181.0,219.0,1.2099447513812154,29095.5,10,9,1,75.0,39.0
3135,candidato_selecionado,OK,0.8751664444969852,14.17141006749691,183.0,221.0,1.2076502732240437,29377.5,10,9,1,75.0,39.0
3136,candidato_selecionado,OK,0.8728102689525897,14.263888888888888,184.0,224.0,1.2173913043478262,29763.5,10,9,1,75.0,38.0
3137,candidato_selecionado,OK,0.8752756335270852,14.406044702580028,185.0,224.0,1.2108108108108109,30070.0,10,9,1,75.0,37.0
3138,candidato_selecionado,OK,0.8777431665480135,14.592803030303031,187.0,221.0,1.1818181818181819,30338.0,10,9,1,75.0,36.0
3139,candidato_selecionado,OK,0.883210082720177,14.774509803921568,187.0,218.0,1.1657754010695187,30606.0,10,9,1,75.0,35.0
3140,candidato_selecionado,OK,0.88293776744274,14.879253098912217,189.0,217.0,1.1481481481481481,30776.0,11,10,1,75.0,35.0
3141,candidato_selecionado,OK,0.8792423130634387,14.903846153846153,190.0,218.0,1.1473684210526316,30804.5,11,10,1,75.0,35.0
3142,candidato_selecionado,OK,0.8791561048864189,14.890625,190.0,218.0,1.1473684210526316,30818.5,11,10,1,75.0,35.0
3143,candidato_selecionado,OK,0.8791851244441863,14.849437627811861,189.0,218.0,1.1534391534391535,30760.5,11,10,1,75.0,35.0
3144,candidato_selecionado,OK,0.8792530240322889,14.815949227373068,189.0,218.0,1.1534391534391535,30708.0,9,8,1,75.0,35.0
3145,candidato_selecionado,OK,0.8780863800155937,14.742333333333333,188.0,218.0,1.1595744680851063,30539.5,9,8,1,75.0,35.0
3146,candidato_selecionado,OK,0.876442140329589,14.62,186.0,221.0,1.1881720430107527,30428.5,9,8,1,75.0,35.0
3147,candidato_selecionado,OK,0.8759424339902459,14.470837925785965,184.0,222.0,1.2065217391304348,30305.5,9,8,1,75.0,35.0
3148,candidato_selecionado,OK,0.8695013453784006,14.309375000000001,184.0,226.0,1.2282608695652173,30210.5,9,8,1,75.0,36.0
3149,candidato_selecionado,OK,0.8701838992384903,14.158513289036543,183.0,227.0,1.2404371584699454,30214.5,9,8,1,75.0,36.0
3150,candidato_selecionado,OK,0.8276445594779542,14.13101783668794,183.0,225.0,1.2295081967213115,27053.5,9,8,1,75.0,36.0
3151,candidato_selecionado,OK,0.8280017963948859,14.143320568320568,183.0,226.0,1.2349726775956285,26982.0,9,8,1,75.0,36.0
3152,candidato_selecionado,OK,0.827604443393081,14.255048959608322,183.0,227.0,1.2404371584699454,27112.0,9,8,1,75.0,36.0
3153,candidato_selecionado,OK,0.8313284034016841,14.270833333333334,183.0,224.0,1.2240437158469946,27186.5,9,8,1,75.0,36.0
3154,candidato_selecionado,OK,0.8271026206898542,14.229437229437229,182.0,230.0,1.2637362637362637,27236.5,9,8,1,75.0,36.0
3155,candidato_selecionado,OK,0.8759446106796717,14.227924944812363,182.0,225.0,1.2362637362637363,29790.0,9,8,1,75.0,36.0
3156,candidato_selecionado,OK,0.8770001646321912,14.229838709677418,181.0,225.0,1.2430939226519337,29491.0,9,8,1,75.0,36.0
3157,candidato_selecionado,OK,0.8765491701085036,14.226502634099617,182.0,223.0,1.2252747252747254,29296.0,9,8,1,75.0,36.0
3158,candidato_selecionado,OK,0.8792609703581311,14.254629629629628,182.0,220.0,1.2087912087912087,29231.0,9,8,1,75.0,37.0
3159,candidato_selecionado,OK,0.880214097662734,14.34965886939571,182.0,219.0,1.2032967032967032,29223.5,11,10,1,75.0,37.0
3160,candidato_selecionado,OK,0.8817179183416515,14.475634284016637,184.0,216.0,1.173913043478261,29267.5,11,10,1,75.0,37.0
3161,candidato_selecionado,OK,0.8829017033081634,14.51125730994152,184.0,214.0,1.1630434782608696,29240.0,11,10,1,75.0,37.0
3162,candidato_selecionado,OK,0.8835687007408098,14.44812925170068,184.0,212.0,1.1521739130434783,29036.5,11,10,1,75.0,37.0
3163,candidato_selecionado,OK,0.884702383973708,14.386019283746556,183.0,209.0,1.1420765027322404,28791.0,11,10,1,75.0,37.0
3164,candidato_selecionado,OK,0.8811850699560053,14.316579628867393,183.0,210.0,1.1475409836065573,28638.5,10,9,1,75.0,37.0
3165,candidato_selecionado,OK,0.8783634189966734,14.271048280423281,183.0,211.0,1.1530054644808743,28560.0,11,10,1,75.0,37.0
3166,candidato_selecionado,OK,0.8810743665043791,14.333444741532977,183.0,210.0,1.1475409836065573,28614.0,11,10,1,75.0,37.0
3167,candidato_selecionado,OK,0.8821595626063055,14.34111252443879,184.0,209.0,1.1358695652173914,28731.5,10,9,1,75.0,37.0
3168,candidato_selecionado,OK,0.8789123572565706,14.394427402862986,185.0,212.0,1.145945945945946,28918.0,10,9,1,75.0,37.0
3169,candidato_selecionado,OK,0.877438409577226,14.333333333333334,185.0,214.0,1.1567567567567567,29011.5,9,8,1,75.0,37.0
3170,candidato_selecionado,OK,0.8733080949718209,14.296553497942389,184.0,219.0,1.190217391304348,29078.5,9,8,1,75.0,37.0
3171,candidato_selecionado,OK,0.8730715057303197,14.333333333333334,184.0,220.0,1.1956521739130435,29196.5,10,9,1,75.0,37.0
3172,candidato_selecionado,OK,0.8715302952086443,14.334566531014922,184.0,221.0,1.201086956521739,29298.5,10,9,1,75.0,37.0
3173,candidato_selecionado,OK,0.872778317158612,14.247157748641627,183.0,221.0,1.2076502732240437,29335.0,10,9,1,75.0,37.0
3174,candidato_selecionado,OK,0.874220735681782,14.173329274891776,182.0,221.0,1.2142857142857142,29349.0,10,9,1,75.0,37.0
3175,candidato_selecionado,OK,0.874458412361652,14.167817679558011,181.0,222.0,1.2265193370165746,29373.5,10,9,1,75.0,37.0
3176,candidato_selecionado,OK,0.8736274474274,14.097504230118444,181.0,222.0,1.2265193370165746,29346.5,10,9,1,75.0,37.0
3177,candidato_selecionado,OK,0.8718417558018254,14.0448060690798,181.0,224.0,1.2375690607734806,29364.0,10,9,1,75.0,36.0
3178,candidato_selecionado,OK,0.8719102405493436,14.051767676767676,180.0,225.0,1.25,29453.0,10,9,1,75.0,36.0
3179,candidato_selecionado,OK,0.8723625553306309,14.09125,180.0,225.0,1.25,29545.0,10,9,1,75.0,36.0
3180,candidato_selecionado,OK,0.8356337618434212,14.15532511267792,181.0,226.0,1.2486187845303867,27600.0,10,9,1,75.0,35.0
3181,candidato_selecionado,OK,0.8668130509359881,14.213991769547325,181.0,225.0,1.2430939226519337,29575.5,10,9,1,75.0,35.0
3182,candidato_selecionado,OK,0.864896310857365,14.217857142857143,182.0,227.0,1.2472527472527473,29638.5,10,9,1,75.0,35.0
3183,candidato_selecionado,OK,0.8658934832654945,14.225438596491228,181.0,227.0,1.2541436464088398,29525.0,10,9,1,75.0,36.0
3184,candidato_selecionado,OK,0.833464025354606,14.214173449804777,181.0,228.0,1.2596685082872927,27688.0,10,9,1,75.0,36.0
3185,candidato_selecionado,OK,0.8256054424423833,14.220991561181435,181.0,224.0,1.2375690607734806,26771.5,10,9,1,75.0,36.0
3186,candidato_selecionado,OK,0.8294787346581689,14.237342400097688,181.0,222.0,1.2265193370165746,26744.0,11,10,1,75.0,36.0
3187,candidato_selecionado,OK,0.841636653829622,14.237641476500201,181.0,220.0,1.2154696132596685,27308.5,10,9,1,75.0,36.0
3188,candidato_selecionado,OK,0.8424294325203362,14.233623548922056,181.0,218.0,1.2044198895027625,27188.5,10,9,1,75.0,36.0
3189,candidato_selecionado,OK,0.8791857770849754,14.15851302121794,180.0,215.0,1.1944444444444444,29034.5,10,9,1,75.0,37.0
3190,candidato_selecionado,OK,0.8792906450533178,14.03064738292011,178.0,217.0,1.2191011235955056,28847.0,10,9,1,75.0,37.0
3191,candidato_selecionado,OK,0.8749352938570089,13.891744548286605,178.0,218.0,1.2247191011235956,28689.0,10,9,1,75.0,38.0
3192,candidato_selecionado,OK,0.872395260176215,13.851525821596246,178.0,221.0,1.2415730337078652,28740.0,11,10,1,75.0,38.0
3193,candidato_selecionado,OK,0.871737778152882,13.953086419753086,179.0,222.0,1.2402234636871508,28964.0,11,10,1,75.0,38.0
3194,candidato_selecionado,OK,0.8683318504784371,14.110632183908045,180.0,225.0,1.25,29151.0,11,10,1,75.0,37.0
3195,candidato_selecionado,OK,0.8716435463869612,14.088028169014086,181.0,222.0,1.2265193370165746,29241.0,10,9,1,75.0,38.0
3196,candidato_selecionado,OK,0.87209467476916,14.145808531746033,181.0,222.0,1.2265193370165746,29328.5,10,9,1,75.0,38.0
3197,candidato_selecionado,OK,0.870919988087688,14.203159041394334,182.0,223.0,1.2252747252747254,29442.5,11,10,1,75.0,38.0
3198,candidato_selecionado,OK,0.8704107879455192,14.162590579710146,182.0,224.0,1.2307692307692308,29545.0,11,10,1,75.0,37.0
3199,candidato_selecionado,OK,0.8702638923653742,14.171680117388114,182.0,224.0,1.2307692307692308,29536.5,11,10,1,75.0,38.0
3200,candidato_selecionado,OK,0.8709193239295373,14.17261904761905,181.0,224.0,1.2375690607734806,29473.5,10,9,1,75.0,38.0
3201,candidato_selecionado,OK,0.870969405631921,14.102604166666666,181.0,223.0,1.2320441988950277,29445.5,10,9,1,75.0,38.0
3202,candidato_selecionado,OK,0.8726800676822163,14.083333333333334,180.0,223.0,1.238888888888889,29400.0,10,9,1,75.0,38.0
3203,candidato_selecionado,OK,0.8701676351441837,14.01322355289421,180.0,224.0,1.2444444444444445,29340.5,11,10,1,75.0,38.0
3204,candidato_selecionado,OK,0.8716933865666251,13.974236641221374,179.0,223.0,1.2458100558659218,29254.5,10,9,1,75.0,38.0
3205,candidato_selecionado,OK,0.8705634949613306,13.921632740781677,179.0,224.0,1.2513966480446927,29214.5,10,9,1,75.0,38.0
3206,candidato_selecionado,OK,0.8683424128515168,13.919211647727272,178.0,227.0,1.2752808988764044,29156.5,10,9,1,75.0,37.0
3207,candidato_selecionado,OK,0.8722022434046618,13.91367403314917,178.0,223.0,1.252808988764045,29152.5,11,10,1,75.0,37.0
3208,candidato_selecionado,OK,0.8747811127690552,13.961744639376219,178.0,222.0,1.247191011235955,29203.5,10,9,1,75.0,37.0
3209,candidato_selecionado,OK,0.8752048435410057,14.04714111922141,178.0,223.0,1.252808988764045,29299.0,11,10,1,75.0,37.0
3210,candidato_selecionado,OK,0.8748516843693982,14.109395109395109,179.0,223.0,1.2458100558659218,29371.0,11,10,1,75.0,37.0
3211,candidato_selecionado,OK,0.8755640296625314,14.103070175438596,179.0,223.0,1.2458100558659218,29317.0,10,9,1,75.0,37.0
3212,candidato_selecionado,OK,0.8803472486221477,14.027813852813855,178.0,218.0,1.2247191011235956,29185.5,10,9,1,75.0,37.0
3213,candidato_selecionado,OK,0.8803992517228368,13.941610738255035,177.0,218.0,1.231638418079096,28996.5,11,10,1,75.0,37.0
3214,candidato_selecionado,OK,0.8739965088830665,13.868697478991598,177.0,221.0,1.2485875706214689,28876.5,11,10,1,75.0,37.0
3215,candidato_selecionado,OK,0.8737048245284476,13.846500721500723,178.0,221.0,1.2415730337078652,28914.5,10,9,1,75.0,37.0
3216,candidato_selecionado,OK,0.8727541411633469,13.908454987834551,178.0,223.0,1.252808988764045,29045.0,10,9,1,75.0,37.0
3217,candidato_selecionado,OK,0.8704634868144164,13.946428571428571,179.0,224.0,1.2513966480446927,29095.5,10,9,1,75.0,37.0
3218,candidato_selecionado,OK,0.8745060617382291,13.978333792849924,179.0,221.0,1.23463687150838,29063.5,10,9,1,75.0,37.0
3219,candidato_selecionado,OK,0.8727078227616829,13.971141398158805,179.0,222.0,1.2402234636871508,29084.0,10,9,1,75.0,37.0
3220,candidato_selecionado,OK,0.8671908882754403,14.027534113060428,179.0,227.0,1.2681564245810055,29157.5,11,10,1,75.0,37.0
3221,candidato_selecionado,OK,0.8684471556925607,14.025110375275938,179.0,227.0,1.2681564245810055,29208.0,9,8,1,75.0,37.0
3222,candidato_selecionado,OK,0.8714522574237907,13.963923328398716,179.0,223.0,1.2458100558659218,29082.5,9,8,1,75.0,37.0
3223,candidato_selecionado,OK,0.8679688511402435,13.932329424739292,180.0,225.0,1.25,29046.5,9,8,1,75.0,37.0
3224,candidato_selecionado,OK,0.8717862395408924,13.932855626326964,179.0,223.0,1.2458100558659218,29042.0,9,8,1,75.0,37.0
3225,candidato_selecionado,OK,0.8720041132149808,13.904451690062155,179.0,222.0,1.2402234636871508,28997.0,9,8,1,75.0,37.0
3226,candidato_selecionado,OK,0.871984122914167,13.894607843137257,178.0,223.0,1.252808988764045,28977.5,9,8,1,75.0,37.0
3227,candidato_selecionado,OK,0.8730840330892308,13.897494887525562,178.0,223.0,1.252808988764045,28997.5,9,8,1,75.0,37.0
3228,candidato_selecionado,OK,0.8721291189129825,13.91309930900698,178.0,224.0,1.2584269662921348,29067.0,9,8,1,75.0,37.0
3229,candidato_selecionado,OK,0.8727820630843881,13.9183521745548,178.0,223.0,1.252808988764045,29034.5,9,8,1,75.0,37.0
3230,candidato_selecionado,OK,0.872225548099124,13.902675276752767,178.0,224.0,1.2584269662921348,29045.5,11,10,1,75.0,37.0
3231,candidato_selecionado,OK,0.872570798728476,13.881720430107528,178.0,224.0,1.2584269662921348,29045.0,10,9,1,75.0,37.0
3232,candidato_selecionado,OK,0.8729594265080247,13.905602631047293,178.0,223.0,1.252808988764045,29092.0,10,9,1,75.0,37.0
3233,candidato_selecionado,OK,0.8718971093174168,13.913443440617351,178.0,223.0,1.252808988764045,29114.5,10,9,1,75.0,37.0
3234,candidato_selecionado,OK,0.8743019005882654,13.916666666666666,178.0,223.0,1.252808988764045,29099.0,10,9,1,75.0,37.0
3235,candidato_selecionado,OK,0.8735703340893466,13.908420138888888,177.0,223.0,1.2598870056497176,29083.5,10,9,1,75.0,37.0
3236,candidato_selecionado,OK,0.8729585892457955,13.915802213001383,177.0,223.0,1.2598870056497176,29055.5,10,9,1,75.0,37.0
3237,candidato_selecionado,OK,0.8732704078181331,13.906749781913348,177.0,223.0,1.2598870056497176,29009.5,10,9,1,75.0,37.0
3238,candidato_selecionado,OK,0.873514836163072,13.898946360153255,177.0,223.0,1.2598870056497176,28937.0,10,9,1,75.0,37.0
3239,candidato_selecionado,OK,0.8730259022628659,13.900063600639305,177.0,223.0,1.2598870056497176,28921.0,10,9,1,75.0,37.0
3240,candidato_selecionado,OK,0.8740720559354511,13.906289910600256,177.0,222.0,1.2542372881355932,28909.5,10,9,1,75.0,37.0
3241,candidato_selecionado,OK,0.8736369617923045,13.915142112418453,177.0,223.0,1.2598870056497176,28937.0,10,9,1,75.0,37.0
3242,candidato_selecionado,OK,0.8726086900408082,13.906993704897895,177.0,224.0,1.265536723163842,28936.5,10,9,1,75.0,37.0
3243,candidato_selecionado,OK,0.872651500872908,13.899691358024691,178.0,223.0,1.252808988764045,28925.5,9,8,1,75.0,37.0
3244,candidato_selecionado,OK,0.8726416386096764,13.869444444444445,178.0,222.0,1.247191011235955,28893.5,10,9,1,75.0,37.0
3245,candidato_selecionado,OK,0.8727389641466263,13.862800243235027,178.0,222.0,1.247191011235955,28917.0,9,8,1,75.0,37.0
3246,candidato_selecionado,OK,0.8718952037408332,13.877203741374496,178.0,223.0,1.252808988764045,28974.0,9,8,1,75.0,37.0
3247,candidato_selecionado,OK,0.8711978417220012,13.890165809033732,178.0,224.0,1.2584269662921348,29002.5,9,8,1,75.0,37.0
3248,candidato_selecionado,OK,0.870949970868057,13.888069168566156,178.0,224.0,1.2584269662921348,29012.0,9,8,1,75.0,37.0
3249,candidato_selecionado,OK,0.8712042774385497,13.885416666666666,178.0,223.0,1.252808988764045,28997.5,11,10,1,75.0,37.0
3250,candidato_selecionado,OK,0.8721193388599008,13.893574297188755,178.0,223.0,1.252808988764045,28975.5,11,10,1,75.0,37.0
3251,candidato_selecionado,OK,0.8734193935095053,13.892966360856269,177.0,223.0,1.2598870056497176,28952.5,10,9,1,75.0,37.0
3252,candidato_selecionado,OK,0.8733254037774986,13.893987341772153,177.0,223.0,1.2598870056497176,28956.0,10,9,1,75.0,37.0
3253,candidato_selecionado,OK,0.8736347419456418,13.896488469601678,177.0,223.0,1.2598870056497176,28938.5,10,9,1,75.0,37.0
3254,candidato_selecionado,OK,0.8734888482163278,13.896880819366851,177.0,223.0,1.2598870056497176,28924.0,11,10,1,75.0,38.0
3255,candidato_selecionado,OK,0.8738876209017217,13.88514989329065,177.0,222.0,1.2542372881355932,28927.0,10,9,1,75.0,37.0
3256,candidato_selecionado,OK,0.8743632019440322,13.89900548696845,177.0,221.0,1.2485875706214689,28912.0,10,9,1,75.0,37.0
3257,candidato_selecionado,OK,0.8735719190566104,13.875700412081008,177.0,222.0,1.2542372881355932,28909.5,10,9,1,75.0,37.0
3258,candidato_selecionado,OK,0.8735896464033587,13.8655544118488,177.0,222.0,1.2542372881355932,28914.5,10,9,1,75.0,37.0
3259,candidato_selecionado,OK,0.8736624785578516,13.882205054979925,177.0,222.0,1.2542372881355932,28936.0,10,9,1,75.0,37.0
3260,candidato_selecionado,OK,0.872604075712606,13.902777777777779,178.0,222.0,1.247191011235955,28939.0,12,11,1,75.0,37.0
3261,candidato_selecionado,OK,0.8719791551052962,13.88419540229885,178.0,223.0,1.252808988764045,28949.5,10,9,1,75.0,37.0
3262,candidato_selecionado,OK,0.8741204123722308,13.883865248226952,178.0,221.0,1.2415730337078652,28948.5,9,8,1,75.0,37.0
3263,candidato_selecionado,OK,0.8736216793470702,13.882352941176471,178.0,221.0,1.2415730337078652,28922.0,10,9,1,75.0,37.0
3264,candidato_selecionado,OK,0.8718716512704792,13.881594724220625,178.0,223.0,1.252808988764045,28929.0,10,9,1,75.0,37.0
3265,candidato_selecionado,OK,0.8723571204772402,13.880787037037038,178.0,223.0,1.252808988764045,28950.5,10,9,1,75.0,37.0
3266,candidato_selecionado,OK,0.8727706877895025,13.876242211135823,178.0,222.0,1.247191011235955,28934.0,10,9,1,75.0,37.0
3267,candidato_selecionado,OK,0.8728459899789641,13.87948717948718,178.0,223.0,1.252808988764045,28939.0,10,9,1,75.0,37.0
3268,candidato_selecionado,OK,0.8732311685809208,13.882575757575758,178.0,223.0,1.252808988764045,28938.5,10,9,1,75.0,37.0
3269,candidato_selecionado,OK,0.8732195776203913,13.887304250559284,178.0,223.0,1.252808988764045,28933.5,11,10,1,75.0,37.0
3270,candidato_selecionado,OK,0.8739518559732559,13.88918439716312,178.0,222.0,1.247191011235955,28937.5,10,9,1,75.0,37.0
3271,candidato_selecionado,OK,0.8728230018798071,13.892261904761904,178.0,223.0,1.252808988764045,28938.5,10,9,1,75.0,37.0
3272,candidato_selecionado,OK,0.8736237560545983,13.892261904761904,178.0,222.0,1.247191011235955,28934.0,10,9,1,75.0,37.0
3273,candidato_selecionado,OK,0.8757886823394674,13.88976793248945,177.0,221.0,1.2485875706214689,28910.0,10,9,1,75.0,37.0
3274,candidato_selecionado,OK,0.8759673067202005,13.889861995753714,177.0,221.0,1.2485875706214689,28908.0,10,9,1,75.0,37.0
3275,candidato_selecionado,OK,0.8753442233405451,13.89755985267035,177.0,222.0,1.2542372881355932,28928.5,10,9,1,75.0,37.0
3276,candidato_selecionado,OK,0.8737957449132884,13.90534682080925,177.0,223.0,1.2598870056497176,28933.0,10,9,1,75.0,37.0
3277,candidato_selecionado,OK,0.8730190155477702,13.89136904761905,178.0,223.0,1.252808988764045,28956.0,10,9,1,75.0,37.0
3278,candidato_selecionado,OK,0.8737620676934987,13.891272189349111,177.0,223.0,1.2598870056497176,28960.0,10,9,1,75.0,37.0
3279,candidato_selecionado,OK,0.8737232072756274,13.889141414141413,178.0,222.0,1.247191011235955,28962.5,10,9,1,75.0,37.0
3280,candidato_selecionado,OK,0.8721884861563725,13.888002364066194,178.0,224.0,1.2584269662921348,28962.0,10,9,1,75.0,37.0
3281,candidato_selecionado,OK,0.8719080855150145,13.888002364066194,178.0,224.0,1.2584269662921348,28956.0,10,9,1,75.0,37.0
3282,candidato_selecionado,OK,0.8717631629278612,13.886737089201878,178.0,224.0,1.2584269662921348,28949.5,10,9,1,75.0,37.0
3283,candidato_selecionado,OK,0.8721313023334695,13.881690997566912,178.0,224.0,1.2584269662921348,28958.0,8,7,1,75.0,37.0
3284,candidato_selecionado,OK,0.8726592595183412,13.86566091954023,178.0,223.0,1.252808988764045,28944.0,8,7,1,75.0,37.0
3285,candidato_selecionado,OK,0.8718233158030781,13.871402877697841,178.0,224.0,1.2584269662921348,28956.0,8,7,1,75.0,37.0
3286,candidato_selecionado,OK,0.8725392968086725,13.883417508417509,178.0,224.0,1.2584269662921348,28964.5,8,7,1,75.0,37.0
3287,candidato_selecionado,OK,0.8736773243746179,13.877525252525253,178.0,223.0,1.252808988764045,28963.5,8,7,1,75.0,37.0
3288,candidato_selecionado,OK,0.8729644040951161,13.877525252525253,178.0,223.0,1.252808988764045,28962.5,9,8,1,75.0,37.0
3289,candidato_selecionado,OK,0.8730957734783729,13.881642512077294,178.0,223.0,1.252808988764045,28959.0,9,8,1,75.0,37.0
3290,candidato_selecionado,OK,0.8720875435871744,13.884703196347033,178.0,224.0,1.2584269662921348,28956.0,11,10,1,75.0,37.0
3291,candidato_selecionado,OK,0.8721394415529231,13.88624510626398,178.0,224.0,1.2584269662921348,28960.0,11,10,1,75.0,37.0
3292,candidato_selecionado,OK,0.8730043603057335,13.880396632176911,178.0,223.0,1.252808988764045,28954.5,11,10,1,75.0,37.0
3293,candidato_selecionado,OK,0.8732467949421598,13.880036006708101,178.0,223.0,1.252808988764045,28947.5,11,10,1,75.0,37.0
3294,candidato_selecionado,OK,0.8748777723678799,13.872761258911495,177.0,222.0,1.2542372881355932,28941.0,11,10,1,75.0,37.0
3295,candidato_selecionado,OK,0.8727503341490196,13.872057937596077,177.0,224.0,1.265536723163842,28955.5,11,10,1,75.0,37.0
3296,candidato_selecionado,OK,0.8716658998281542,13.872057937596077,178.0,224.0,1.2584269662921348,28960.5,11,10,1,75.0,37.0
3297,candidato_selecionado,OK,0.8729155601039966,13.872050147492624,178.0,223.0,1.252808988764045,28967.5,11,10,1,75.0,37.0
3298,candidato_selecionado,OK,0.8718242062770866,13.869402985074627,178.0,224.0,1.2584269662921348,28972.0,11,10,1,75.0,37.0
3299,candidato_selecionado,OK,0.8708533674319877,13.867261904761904,178.0,224.0,1.2584269662921348,28955.0,11,10,1,75.0,37.0
3300,candidato_selecionado,OK,0.8725759720069789,13.868438320209973,178.0,223.0,1.252808988764045,28963.0,10,9,1,75.0,37.0
3301,candidato_selecionado,OK,0.872542013412872,13.868438320209973,178.0,223.0,1.252808988764045,28961.0,10,9,1,75.0,37.0
3302,candidato_selecionado,OK,0.872527539113112,13.866721854304636,178.0,223.0,1.252808988764045,28962.0,10,9,1,75.0,37.0
3303,candidato_selecionado,OK,0.8723485511251637,13.85862445414847,178.0,223.0,1.252808988764045,28962.5,10,9,1,75.0,37.0
3304,candidato_selecionado,OK,0.8723810271621087,13.85862445414847,178.0,223.0,1.252808988764045,28964.5,10,9,1,75.0,37.0
3305,candidato_selecionado,OK,0.8724520703439012,13.844348659003833,178.0,223.0,1.252808988764045,28963.0,10,9,1,75.0,37.0
3306,candidato_selecionado,OK,0.8726186781549405,13.863505747126437,178.0,223.0,1.252808988764045,28963.0,10,9,1,75.0,37.0
3307,candidato_selecionado,OK,0.8725367898926358,13.863425925925926,178.0,223.0,1.252808988764045,28954.0,10,9,1,75.0,37.0
3308,candidato_selecionado,OK,0.8718813575199128,13.86334498834499,178.0,224.0,1.2584269662921348,28970.0,10,9,1,75.0,37.0
3309,candidato_selecionado,OK,0.8719244095177433,13.863325281803542,178.0,224.0,1.2584269662921348,28971.0,10,9,1,75.0,37.0
3310,candidato_selecionado,OK,0.8720179619821886,13.848226238286479,178.0,224.0,1.2584269662921348,28978.5,10,9,1,75.0,37.0
3311,candidato_selecionado,OK,0.8729491888266214,13.865049751243781,178.0,223.0,1.252808988764045,28971.5,11,10,1,75.0,37.0
3312,candidato_selecionado,OK,0.872417789729497,13.865942028985508,178.0,223.0,1.252808988764045,28965.0,11,10,1,75.0,37.0
3313,candidato_selecionado,OK,0.8726259157438322,13.865942028985508,178.0,223.0,1.252808988764045,28965.0,11,10,1,75.0,37.0
3314,candidato_selecionado,OK,0.8729816785774172,13.865956072351421,178.0,223.0,1.252808988764045,28977.5,11,10,1,75.0,37.0
3315,candidato_selecionado,OK,0.8726849001167607,13.84959349593496,178.0,223.0,1.252808988764045,28970.5,11,10,1,75.0,37.0
3316,candidato_selecionado,OK,0.8729060455219041,13.849696356275304,178.0,223.0,1.252808988764045,28961.0,11,10,1,75.0,37.0
3317,candidato_selecionado,OK,0.8732094192243224,13.849696356275304,178.0,223.0,1.252808988764045,28969.5,11,10,1,75.0,37.0
3318,candidato_selecionado,OK,0.872130276411529,13.849696356275304,178.0,224.0,1.2584269662921348,28980.5,11,10,1,75.0,37.0
3319,candidato_selecionado,OK,0.8728778363813456,13.841261808367072,178.0,223.0,1.252808988764045,28970.5,11,10,1,75.0,37.0
3320,candidato_selecionado,OK,0.8731649177649208,13.841261808367072,178.0,223.0,1.252808988764045,28963.0,11,10,1,75.0,37.0
3321,candidato_selecionado,OK,0.8722295894614969,13.840608465608467,178.0,224.0,1.2584269662921348,28964.0,11,10,1,75.0,37.0
3322,candidato_selecionado,OK,0.8726357859108224,13.848333333333334,178.0,223.0,1.252808988764045,28954.0,11,10,1,75.0,37.0
3323,candidato_selecionado,OK,0.8728116244189296,13.846895424836601,178.0,223.0,1.252808988764045,28963.5,9,8,1,75.0,37.0
3324,candidato_selecionado,OK,0.8708393440178326,13.845419847328245,178.0,225.0,1.2640449438202248,28973.0,9,8,1,75.0,37.0
3325,candidato_selecionado,OK,0.8708067991784718,13.845419847328245,178.0,225.0,1.2640449438202248,28975.0,9,8,1,75.0,37.0
3326,candidato_selecionado,OK,0.871022779212467,13.845532319391635,178.0,225.0,1.2640449438202248,28977.5,12,11,1,75.0,37.0
3327,candidato_selecionado,OK,0.8741852623293254,13.847899728997291,178.0,222.0,1.247191011235955,28963.5,11,10,1,75.0,37.0
3328,candidato_selecionado,OK,0.8731816612856775,13.848790322580646,178.0,223.0,1.252808988764045,28969.0,11,10,1,75.0,37.0
3329,candidato_selecionado,OK,0.8717192659099375,13.848790322580646,178.0,224.0,1.2584269662921348,28957.0,10,9,1,75.0,37.0
3330,candidato_selecionado,OK,0.8715527082991186,13.864333333333335,178.0,224.0,1.2584269662921348,28973.5,11,10,1,75.0,37.0
3331,candidato_selecionado,OK,0.8718920036966664,13.869,178.0,224.0,1.2584269662921348,28978.0,12,11,1,75.0,37.0
3332,candidato_selecionado,OK,0.8719800155658552,13.869990892531876,178.0,224.0,1.2584269662921348,28981.0,11,10,1,75.0,37.0
3333,candidato_selecionado,OK,0.8707975281888143,13.869990892531876,178.0,225.0,1.2640449438202248,28971.0,11,10,1,75.0,37.0
3334,candidato_selecionado,OK,0.8730761486682717,13.868112947658403,178.0,223.0,1.252808988764045,28979.5,11,10,1,75.0,37.0
3335,candidato_selecionado,OK,0.8730946259061353,13.867621527777779,178.0,223.0,1.252808988764045,28980.5,10,9,1,75.0,37.0
3336,candidato_selecionado,OK,0.8718384913513862,13.867621527777779,178.0,224.0,1.2584269662921348,28981.0,10,9,1,75.0,37.0
3337,candidato_selecionado,OK,0.8718334526535512,13.868055555555555,178.0,224.0,1.2584269662921348,28978.0,10,9,1,75.0,37.0
3338,candidato_selecionado,OK,0.8725152154487557,13.868055555555555,178.0,224.0,1.2584269662921348,28977.0,10,9,1,75.0,37.0
3339,candidato_selecionado,OK,0.8729011121859516,13.868169398907105,178.0,223.0,1.252808988764045,28957.5,10,9,1,75.0,37.0
3340,candidato_selecionado,OK,0.8742164129770509,13.868169398907105,178.0,222.0,1.247191011235955,28957.5,10,9,1,75.0,37.0
3341,candidato_selecionado,OK,0.8730844387377968,13.868224932249321,178.0,223.0,1.252808988764045,28966.5,10,9,1,75.0,37.0
3342,candidato_selecionado,OK,0.8731909002588986,13.868224932249321,178.0,223.0,1.252808988764045,28959.0,10,9,1,75.0,37.0
3343,candidato_selecionado,OK,0.8728959250215321,13.868224932249321,178.0,223.0,1.252808988764045,28950.0,9,8,1,75.0,37.0
3344,candidato_selecionado,OK,0.872529941429547,13.868224932249321,178.0,223.0,1.252808988764045,28952.5,9,8,1,75.0,37.0
3345,candidato_selecionado,OK,0.8725213702658411,13.86427392739274,178.0,223.0,1.252808988764045,28952.5,9,8,1,75.0,37.0
3346,candidato_selecionado,OK,0.8727721517353979,13.88425925925926,178.0,223.0,1.252808988764045,28954.0,9,8,1,75.0,37.0
3347,candidato_selecionado,OK,0.874233531853627,13.88425925925926,178.0,222.0,1.247191011235955,28951.5,9,8,1,75.0,37.0
3348,candidato_selecionado,OK,0.8728229565297323,13.88425925925926,178.0,223.0,1.252808988764045,28964.0,10,9,1,75.0,37.0
3349,candidato_selecionado,OK,0.8727028268669075,13.884507829977629,178.0,223.0,1.252808988764045,28961.0,9,8,1,75.0,37.0
3350,candidato_selecionado,OK,0.8735752207795597,13.884803921568627,178.0,222.0,1.247191011235955,28955.0,9,8,1,75.0,37.0
3351,candidato_selecionado,OK,0.8748854478327799,13.884803921568627,178.0,221.0,1.2415730337078652,28941.5,9,8,1,75.0,37.0
3352,candidato_selecionado,OK,0.8745947440251824,13.884803921568627,178.0,221.0,1.2415730337078652,28929.5,10,9,1,75.0,37.0
3353,candidato_selecionado,OK,0.8725603106217441,13.884803921568627,178.0,223.0,1.252808988764045,28930.5,10,9,1,75.0,37.0
3354,candidato_selecionado,OK,0.8726934493811239,13.88474025974026,178.0,223.0,1.252808988764045,28944.5,10,9,1,75.0,37.0
3355,candidato_selecionado,OK,0.8723312312286037,13.88474025974026,178.0,223.0,1.252808988764045,28924.0,10,9,1,75.0,37.0
3356,candidato_selecionado,OK,0.8723346304808626,13.884803921568627,178.0,223.0,1.252808988764045,28926.5,10,9,1,75.0,37.0
3357,candidato_selecionado,OK,0.8716279751525857,13.884803921568627,178.0,224.0,1.2584269662921348,28930.0,10,9,1,75.0,37.0
3358,candidato_selecionado,OK,0.8725521332212818,13.884803921568627,178.0,223.0,1.252808988764045,28929.5,10,9,1,75.0,37.0
3359,candidato_selecionado,OK,0.8731078907366774,13.884803921568627,178.0,223.0,1.252808988764045,28934.5,10,9,1,75.0,37.0
3360,candidato_selecionado,OK,0.8733502794795643,13.88474025974026,178.0,223.0,1.252808988764045,28953.0,10,9,1,75.0,37.0
3361,candidato_selecionado,OK,0.8733961487725185,13.88474025974026,178.0,223.0,1.252808988764045,28953.0,10,9,1,75.0,37.0
3362,candidato_selecionado,OK,0.8733561361444867,13.88474025974026,178.0,223.0,1.252808988764045,28946.0,11,10,1,75.0,37.0
3363,candidato_selecionado,OK,0.8736455436457784,13.885340632603407,178.0,223.0,1.252808988764045,28963.0,10,9,1,75.0,37.0
3364,candidato_selecionado,OK,0.8735153209095733,13.886194029850747,178.0,223.0,1.252808988764045,28957.0,10,9,1,75.0,37.0
3365,candidato_selecionado,OK,0.873273263710716,13.886194029850747,178.0,223.0,1.252808988764045,28948.0,10,9,1,75.0,37.0
3366,candidato_selecionado,OK,0.8734533207091474,13.886194029850747,178.0,223.0,1.252808988764045,28949.5,10,9,1,75.0,37.0
3367,candidato_selecionado,OK,0.8729276660466724,13.886194029850747,178.0,223.0,1.252808988764045,28941.5,10,9,1,75.0,37.0
3368,candidato_selecionado,OK,0.8729545487953673,13.886642156862743,178.0,223.0,1.252808988764045,28940.5,10,9,1,75.0,37.0
3369,candidato_selecionado,OK,0.8732916537239278,13.86996644295302,178.0,223.0,1.252808988764045,28957.0,10,9,1,75.0,37.0
3370,candidato_selecionado,OK,0.8734845566784407,13.86996644295302,178.0,222.0,1.247191011235955,28928.5,10,9,1,75.0,37.0
3371,candidato_selecionado,OK,0.8732767193568874,13.882575757575758,178.0,223.0,1.252808988764045,28947.0,10,9,1,75.0,37.0
3372,candidato_selecionado,OK,0.8734326110440285,13.881944444444445,178.0,223.0,1.252808988764045,28951.5,10,9,1,75.0,37.0
3373,candidato_selecionado,OK,0.8732969147469558,13.879796163069544,178.0,223.0,1.252808988764045,28952.0,10,9,1,75.0,37.0
3374,candidato_selecionado,OK,0.8725956324417115,13.879796163069544,178.0,224.0,1.2584269662921348,28962.0,10,9,1,75.0,37.0
3375,candidato_selecionado,OK,0.8730659288078848,13.870555555555555,178.0,223.0,1.252808988764045,28955.5,10,9,1,75.0,37.0
3376,candidato_selecionado,OK,0.8719578800024083,13.869692144373673,178.0,224.0,1.2584269662921348,28956.5,10,9,1,75.0,37.0
3377,candidato_selecionado,OK,0.871730207525839,13.86965811965812,178.0,224.0,1.2584269662921348,28957.0,10,9,1,75.0,37.0
3378,candidato_selecionado,OK,0.8709507745328579,13.87016129032258,178.0,225.0,1.2640449438202248,28966.0,10,9,1,75.0,37.0
3379,candidato_selecionado,OK,0.8727161856503141,13.870192307692307,178.0,223.0,1.252808988764045,28962.5,10,9,1,75.0,37.0
3380,candidato_selecionado,OK,0.8719292891946125,13.870065789473685,178.0,224.0,1.2584269662921348,28962.0,10,9,1,75.0,37.0
3381,candidato_selecionado,OK,0.8728712184897224,13.870065789473685,178.0,223.0,1.252808988764045,28958.0,11,10,1,75.0,37.0
3382,candidato_selecionado,OK,0.8730819452986472,13.870098039215685,178.0,223.0,1.252808988764045,28952.0,10,9,1,75.0,37.0
3383,candidato_selecionado,OK,0.8744187108991178,13.870098039215685,178.0,222.0,1.247191011235955,28948.0,10,9,1,75.0,37.0
3384,candidato_selecionado,OK,0.8744677832769256,13.868186582809225,178.0,222.0,1.247191011235955,28960.0,11,10,1,75.0,37.0
