frame,rank,x_center_px,y_center_px,radius_px,x_left_px,y_top_px,x_right_px,y_bottom_px,confidence,method,area,circularity,fill_ratio,brightness,motion,template_score
0,0,284.0,258.0,68.0,216.0,190.0,352.0,326.0,0.5334335082904111,hough,14526.724430199205,1.0,0.78,172.1501551189245,10.078179937952429,0.0
0,1,561.0,212.0,76.0,485.0,136.0,637.0,288.0,0.4871163589557284,hough,18145.839167134644,1.0,0.78,163.1366620689655,16.003806896551723,0.0
0,2,407.0,285.0,83.0,324.0,202.0,490.0,368.0,0.451225618855623,hough,21642.431790580085,1.0,0.78,202.04817605991957,10.19034629432706,0.0
0,3,384.0,195.0,84.0,300.0,111.0,468.0,279.0,0.44222451412835173,hough,22167.077763729583,1.0,0.78,207.4413319477703,8.370126056115302,0.0
0,4,269.0,187.0,83.0,186.0,104.0,352.0,270.0,0.4000070798377211,hough,21642.431790580085,1.0,0.78,149.28455650607833,10.326479563760069,0.0
1,0,320.0,224.0,68.0,252.0,156.0,388.0,292.0,0.5716067193535335,hough,14526.724430199205,1.0,0.78,215.21034126163389,9.000137883488451,0.0
1,1,565.0,213.0,72.0,493.0,141.0,637.0,285.0,0.5187734196704283,hough,16286.016316209487,1.0,0.78,170.98799335016315,14.432855119758635,0.0
1,2,342.0,294.0,78.0,264.0,216.0,420.0,372.0,0.4958084564479552,hough,19113.4497044403,1.0,0.78,214.74645455021195,8.80904285938563,0.0
1,3,398.0,197.0,84.0,314.0,113.0,482.0,281.0,0.4465710692235295,hough,22167.077763729583,1.0,0.78,204.5130800162653,10.294763475353545,0.0
1,4,422.0,285.0,83.0,339.0,202.0,505.0,368.0,0.4423884798111847,hough,21642.431790580085,1.0,0.78,187.99949142355172,11.506634610939017,0.0
2,0,301.0,264.0,46.0,255.0,218.0,347.0,310.0,0.6706447503326873,hough,6647.610054996002,1.0,0.78,225.27094339622641,10.889509433962266,0.0
2,1,564.0,216.0,72.0,492.0,144.0,636.0,288.0,0.5187592549626143,hough,16286.016316209487,1.0,0.78,171.07764300227817,14.405640046795147,0.0
2,2,372.0,300.0,82.0,290.0,218.0,454.0,382.0,0.4577979812645446,hough,21124.069002737768,1.0,0.78,202.7498222833041,9.7694895976494,0.0
2,3,399.0,195.0,84.0,315.0,111.0,483.0,279.0,0.4472477526516109,hough,22167.077763729583,1.0,0.78,203.0065964848868,10.869064293136944,0.0
2,4,266.0,188.0,84.0,182.0,104.0,350.0,272.0,0.3913538973644545,hough,22167.077763729583,1.0,0.78,147.7081064881874,10.421157784326457,0.0
3,0,333.0,302.0,68.0,265.0,234.0,401.0,370.0,0.5749897025709501,hough,14526.724430199205,1.0,0.78,215.49893140296447,9.826818338503964,0.0
3,1,321.0,181.0,71.0,250.0,110.0,392.0,252.0,0.5402484579059534,hough,15836.768566746148,1.0,0.78,206.80870170113195,8.804591159172832,0.0
3,2,563.0,213.0,75.0,488.0,138.0,638.0,288.0,0.4962880115622086,hough,17671.458676442588,1.0,0.78,165.69617888480045,15.790376450608548,0.0
3,3,397.0,197.0,83.0,314.0,114.0,480.0,280.0,0.45328596879429467,hough,21642.431790580085,1.0,0.78,205.65805168986083,9.796014610014332,0.0
3,4,401.0,297.0,83.0,318.0,214.0,484.0,380.0,0.45036338913318247,hough,21642.431790580085,1.0,0.78,199.26265661842896,10.688658745203199,0.0
4,0,321.0,181.0,71.0,250.0,110.0,392.0,252.0,0.5408484249844183,hough,15836.768566746148,1.0,0.78,206.8940744956681,8.942262695250742,0.0
4,1,339.0,293.0,75.0,264.0,218.0,414.0,368.0,0.519442988724316,hough,17671.458676442588,1.0,0.78,216.09878290404757,8.787885649589585,0.0
4,2,409.0,295.0,74.0,335.0,221.0,483.0,369.0,0.5154117119640931,hough,17203.36137105771,1.0,0.78,205.61548304542546,8.463560751468622,0.0
4,3,561.0,215.0,75.0,486.0,140.0,636.0,290.0,0.496764088661602,hough,17671.458676442588,1.0,0.78,164.86787432776677,16.13388055476932,0.0
4,4,392.0,194.0,84.0,308.0,110.0,476.0,278.0,0.4454323339661771,hough,22167.077763729583,1.0,0.78,204.84403379568968,9.904576876157773,0.0
5,0,290.0,234.0,62.0,228.0,172.0,352.0,296.0,0.5995786024495469,hough,12076.282160399165,1.0,0.78,188.6467954564298,11.463726059199072,0.0
5,1,396.0,188.0,76.0,320.0,112.0,472.0,264.0,0.5042125320456541,hough,18145.839167134644,1.0,0.78,205.54013793103448,9.476910344827585,0.0
5,2,561.0,215.0,75.0,486.0,140.0,636.0,290.0,0.4968318239640445,hough,17671.458676442588,1.0,0.78,164.85836399660346,16.154429663175772,0.0
5,3,342.0,290.0,78.0,264.0,212.0,420.0,368.0,0.49611967285455544,hough,19113.4497044403,1.0,0.78,215.78790098906273,8.619760322361191,0.0
5,4,421.0,284.0,84.0,337.0,200.0,505.0,368.0,0.43602751922321936,hough,22167.077763729583,1.0,0.78,188.14688474224008,11.761894004427777,0.0
6,0,303.0,237.0,50.0,253.0,187.0,353.0,287.0,0.69808082987007,hough,7853.981633974483,1.0,0.78,219.78903760356914,11.678776290630974,0.0
6,1,306.0,314.0,47.0,259.0,267.0,353.0,361.0,0.676265497076691,hough,6939.778171779853,1.0,0.78,217.77503250975292,12.358040745557,0.0
6,2,565.0,215.0,72.0,493.0,143.0,637.0,287.0,0.5166046257320662,hough,16286.016316209487,1.0,0.78,170.61708022904992,13.951480820146541,0.0
6,3,402.0,293.0,82.0,320.0,211.0,484.0,375.0,0.45732017424675614,hough,21124.069002737768,1.0,0.78,203.25183640585752,9.510828870669636,0.0
6,4,398.0,199.0,84.0,314.0,115.0,482.0,283.0,0.4434558181079475,hough,22167.077763729583,1.0,0.78,204.73970993539058,9.404780192472778,0.0
7,0,326.0,207.0,60.0,266.0,147.0,386.0,267.0,0.6271511918374706,hough,11309.733552923255,1.0,0.78,212.16981132075472,8.686508991053238,0.0
7,1,565.0,215.0,72.0,493.0,143.0,637.0,287.0,0.5163635782016691,hough,16286.016316209487,1.0,0.78,170.55538452065758,13.903331075672678,0.0
7,2,403.0,299.0,80.0,323.0,219.0,483.0,379.0,0.4692200858909476,hough,20106.192982974677,1.0,0.78,200.57138588715702,9.404810517404512,0.0
7,3,392.0,197.0,84.0,308.0,113.0,476.0,281.0,0.4411168842738979,hough,22167.077763729583,1.0,0.78,205.60005421768398,8.556137893642976,0.0
7,4,531.0,329.0,84.0,447.0,245.0,615.0,413.0,0.3525290301425015,hough,22167.077763729583,1.0,0.78,96.79496679166854,13.378484615732164,0.0
8,0,305.0,191.0,47.0,258.0,144.0,352.0,238.0,0.6576478910977297,hough,6939.778171779853,1.0,0.78,208.45672590666086,9.829504406877618,0.0
8,1,565.0,215.0,72.0,493.0,143.0,637.0,287.0,0.5162012198034733,hough,16286.016316209487,1.0,0.78,170.5141309032695,13.870820762268332,0.0
8,2,410.0,296.0,74.0,336.0,222.0,484.0,370.0,0.51401480852756,hough,17203.36137105771,1.0,0.78,205.1348223114058,8.216716105391729,0.0
8,3,395.0,180.0,84.0,311.0,96.0,479.0,264.0,0.44010161384548074,hough,22167.077763729583,1.0,0.78,197.4636967424208,10.412551393846291,0.0
8,4,266.0,242.0,84.0,182.0,158.0,350.0,326.0,0.3913780705120613,hough,22167.077763729583,1.0,0.78,147.23565256480697,10.551121322611259,0.0
9,0,564.0,217.0,72.0,492.0,145.0,636.0,289.0,0.5160383452823208,hough,16286.016316209487,1.0,0.78,170.59811587956406,13.805430700080043,0.0
9,1,368.0,305.0,78.0,290.0,227.0,446.0,383.0,0.4863808191781746,hough,19113.4497044403,1.0,0.78,202.19320738918833,9.576900936731382,0.0
9,2,387.0,198.0,84.0,303.0,114.0,471.0,282.0,0.4394732091831143,hough,22167.077763729583,1.0,0.78,207.30280576514704,7.6726607328423615,0.0
9,3,267.0,188.0,84.0,183.0,104.0,351.0,272.0,0.3925821298757687,hough,22167.077763729583,1.0,0.78,147.245183714002,10.869712015888778,0.0
10,0,410.0,296.0,74.0,336.0,222.0,484.0,370.0,0.5140391615189166,hough,17203.36137105771,1.0,0.78,205.1038213226313,8.231315070086664,0.0
10,1,561.0,217.0,74.0,487.0,143.0,635.0,291.0,0.5002643138551957,hough,17203.36137105771,1.0,0.78,166.26784156342697,14.711219682428895,0.0
10,2,401.0,182.0,79.0,322.0,103.0,480.0,261.0,0.4799815538012936,hough,19606.6797510539,1.0,0.78,199.12836491801602,10.661745926342135,0.0
10,3,338.0,281.0,82.0,256.0,199.0,420.0,363.0,0.46840536233839014,hough,21124.069002737768,1.0,0.78,216.0572958627553,9.119046490687644,0.0
10,4,269.0,189.0,83.0,186.0,106.0,352.0,272.0,0.4011176404009328,hough,21642.431790580085,1.0,0.78,148.6218420131072,10.79588773825604,0.0
11,0,305.0,204.0,46.0,259.0,158.0,351.0,250.0,0.6553065113389767,hough,6647.610054996002,1.0,0.78,212.91803773584908,10.028830188679246,0.0
11,1,291.0,279.0,60.0,231.0,219.0,351.0,339.0,0.6204969657037536,hough,11309.733552923255,1.0,0.78,189.188679245283,12.92018779342723,0.0
11,2,565.0,215.0,72.0,493.0,143.0,637.0,287.0,0.5163892379637577,hough,16286.016316209487,1.0,0.78,170.5130225971307,13.92124869158303,0.0
11,3,401.0,300.0,83.0,318.0,217.0,484.0,383.0,0.44593769976732567,hough,21642.431790580085,1.0,0.78,197.49239447038698,9.97128854778307,0.0
11,4,396.0,206.0,84.0,312.0,122.0,480.0,290.0,0.4403214501647733,hough,22167.077763729583,1.0,0.78,207.05367550716124,7.963990421542492,0.0
12,0,303.0,237.0,50.0,253.0,187.0,353.0,287.0,0.6989970778861663,hough,7853.981633974483,1.0,0.78,219.74212874442318,11.935372848948374,0.0
12,1,343.0,295.0,74.0,269.0,221.0,417.0,369.0,0.5252787619947143,hough,17203.36137105771,1.0,0.78,215.11679171755947,8.610771825743035,0.0
12,2,565.0,215.0,72.0,493.0,143.0,637.0,287.0,0.5163987741654066,hough,16286.016316209487,1.0,0.78,170.50791207437965,13.925127763068776,0.0
12,3,421.0,287.0,83.0,338.0,204.0,504.0,370.0,0.44087918514597935,hough,21642.431790580085,1.0,0.78,188.82426372000555,10.88852928938,0.0
12,4,395.0,180.0,84.0,311.0,96.0,479.0,264.0,0.44033052409660955,hough,22167.077763729583,1.0,0.78,197.40961460262955,10.487733248994713,0.0
13,0,303.0,237.0,50.0,253.0,187.0,353.0,287.0,0.6991516599229324,hough,7853.981633974483,1.0,0.78,220.0528999362651,11.895347355003185,0.0
13,1,564.0,217.0,72.0,492.0,145.0,636.0,289.0,0.5162777720055376,hough,16286.016316209487,1.0,0.78,170.51166800073887,13.891878578905239,0.0
13,2,361.0,305.0,78.0,283.0,227.0,439.0,383.0,0.48888872788354804,hough,19113.4497044403,1.0,0.78,203.7047987859124,9.850489298236432,0.0
13,3,397.0,200.0,83.0,314.0,117.0,480.0,283.0,0.4502870788689131,hough,21642.431790580085,1.0,0.78,206.42082389384623,8.796893060243193,0.0
14,0,563.0,229.0,74.0,489.0,155.0,637.0,303.0,0.5281290898185096,hough,17203.36137105771,1.0,0.78,165.1500029081603,22.43407200604897,0.0
14,1,399.0,301.0,78.0,321.0,223.0,477.0,379.0,0.4885650622563259,hough,19113.4497044403,1.0,0.78,200.12894447642472,10.699042336072008,0.0
14,2,277.0,179.0,75.0,202.0,104.0,352.0,254.0,0.47306233324890123,hough,17671.458676442588,1.0,0.78,152.76900166103442,12.976516409874563,0.0
14,3,398.0,198.0,83.0,315.0,115.0,481.0,281.0,0.4548150410547584,hough,21642.431790580085,1.0,0.78,206.07351241388878,10.095150030052245,0.0
15,0,303.0,235.0,50.0,253.0,185.0,353.0,285.0,0.7001741420834193,hough,7853.981633974483,1.0,0.78,219.17284894837474,12.398087954110897,0.0
15,1,343.0,293.0,78.0,265.0,215.0,421.0,371.0,0.4984857892210351,hough,19113.4497044403,1.0,0.78,214.54387984719241,9.575958972212046,0.0
15,2,421.0,285.0,82.0,339.0,203.0,503.0,367.0,0.45381237887231524,hough,21124.069002737768,1.0,0.78,190.4359509028008,11.925975072271456,0.0
15,3,392.0,197.0,84.0,308.0,113.0,476.0,281.0,0.4452633887393266,hough,22167.077763729583,1.0,0.78,206.5509420322595,9.413274296299642,0.0
15,4,551.0,225.0,84.0,467.0,141.0,635.0,309.0,0.44231863208547906,hough,22167.077763729583,1.0,0.78,140.78656305064834,25.821307549812495,0.0
16,0,303.0,235.0,50.0,253.0,185.0,353.0,285.0,0.7002975940135858,hough,7853.981633974483,1.0,0.78,219.05595920968767,12.461567877629061,0.0
16,1,563.0,228.0,74.0,489.0,154.0,637.0,302.0,0.5282294455834526,hough,17203.36137105771,1.0,0.78,165.43279241551795,22.38690164601873,0.0
16,2,342.0,282.0,84.0,258.0,198.0,426.0,366.0,0.45333092807151,hough,22167.077763729583,1.0,0.78,215.0050151357701,9.354402927754935,0.0
16,3,396.0,177.0,84.0,312.0,93.0,480.0,261.0,0.4481449423683235,hough,22167.077763729583,1.0,0.78,196.75285772376088,12.743279266254008,0.0
16,4,420.0,288.0,83.0,337.0,205.0,503.0,371.0,0.4479011017539467,hough,21642.431790580085,1.0,0.78,189.3670997272181,12.619122474455592,0.0
16,5,270.0,330.0,82.0,188.0,248.0,352.0,412.0,0.3829404820723813,hough,21124.069002737768,1.0,0.78,112.20145273530756,13.480266165489917,0.0
17,0,560.0,241.0,74.0,486.0,167.0,634.0,315.0,0.587288508893532,hough,17203.36137105771,1.0,0.78,163.59448612807537,38.61658814633863,0.0
17,1,339.0,300.0,70.0,269.0,230.0,409.0,370.0,0.5606463042623959,hough,15393.804002589986,1.0,0.78,214.46945944187863,10.251154621739413,0.0
17,2,410.0,295.0,72.0,338.0,223.0,482.0,367.0,0.5321067288576584,hough,16286.016316209487,1.0,0.78,206.1573794717074,8.793793485622805,0.0
17,3,396.0,177.0,84.0,312.0,93.0,480.0,261.0,0.4494134733880146,hough,22167.077763729583,1.0,0.78,197.0324854289974,13.00844892242353,0.0
17,4,536.0,332.0,83.0,453.0,249.0,619.0,415.0,0.44591434241939315,hough,21642.431790580085,1.0,0.78,115.61792038466874,31.370151185907808,0.0
17,5,269.0,242.0,84.0,185.0,158.0,353.0,326.0,0.39680951930182884,hough,22167.077763729583,1.0,0.78,148.66110347535835,11.626840761829964,0.0
18,0,307.0,200.0,46.0,261.0,154.0,353.0,246.0,0.6521207843689434,hough,6647.610054996002,1.0,0.78,211.36256603773586,9.585962264150943,0.0
18,1,559.0,319.0,84.0,475.0,235.0,643.0,403.0,0.5686038326067484,hough,22167.077763729583,1.0,0.78,136.8259160529526,60.53282428952243,0.0
18,2,411.0,291.0,75.0,336.0,216.0,486.0,366.0,0.5167225933485036,hough,17671.458676442588,1.0,0.78,205.12442683272008,10.931559581092555,0.0
18,3,397.0,194.0,84.0,313.0,110.0,481.0,278.0,0.45237726270801676,hough,22167.077763729583,1.0,0.78,204.44169339899696,11.861744905796773,0.0
18,4,270.0,269.0,84.0,186.0,185.0,354.0,353.0,0.4016737975187452,hough,22167.077763729583,1.0,0.78,145.7661215523554,13.68083963876007,0.0
19,0,318.0,231.0,63.0,255.0,168.0,381.0,294.0,0.6187796259678269,hough,12468.981242097889,1.0,0.78,216.54709708503975,11.279852244439091,0.0
19,1,559.0,317.0,83.0,476.0,234.0,642.0,400.0,0.5821019534155231,hough,21642.431790580085,1.0,0.78,136.97716029404967,62.10273244255398,0.0
19,2,413.0,290.0,76.0,337.0,214.0,489.0,366.0,0.5103182561835851,hough,18145.839167134644,1.0,0.78,203.3453793103448,11.678896551724138,0.0
19,3,397.0,179.0,84.0,313.0,95.0,481.0,263.0,0.45395652218481614,hough,22167.077763729583,1.0,0.78,197.7363213301405,14.035919215650837,0.0
20,0,302.0,289.0,43.0,259.0,246.0,345.0,332.0,0.6550214037951443,hough,5808.804816487527,1.0,0.78,224.43133529106927,12.912938331318017,0.0
20,1,558.0,318.0,83.0,475.0,235.0,641.0,401.0,0.5811891516125698,hough,21642.431790580085,1.0,0.78,137.75408017014195,61.65620232095797,0.0
20,2,411.0,291.0,75.0,336.0,216.0,486.0,366.0,0.5167898014091975,hough,17671.458676442588,1.0,0.78,205.04941975658082,10.969091423719219,0.0
20,3,401.0,216.0,82.0,319.0,134.0,483.0,298.0,0.46116200150891545,hough,21124.069002737768,1.0,0.78,207.05213023079475,9.541775271314155,0.0
21,0,545.0,315.0,80.0,465.0,235.0,625.0,395.0,0.6102734862860142,hough,20106.192982974677,1.0,0.78,139.69359095662566,62.93481400328669,0.0
21,1,410.0,293.0,74.0,336.0,219.0,484.0,367.0,0.5220000749891729,hough,17203.36137105771,1.0,0.78,205.3552608619787,10.288489501541324,0.0
21,2,397.0,179.0,84.0,313.0,95.0,481.0,263.0,0.4540195790345383,hough,22167.077763729583,1.0,0.78,197.78439434328828,14.040166267564269,0.0
21,3,271.0,283.0,80.0,191.0,203.0,351.0,363.0,0.42847738528107193,hough,20106.192982974677,1.0,0.78,144.5612298620617,13.183268400547542,0.0
22,0,311.0,283.0,53.0,258.0,230.0,364.0,336.0,0.7022483803179982,hough,8824.73376393373,1.0,0.78,220.8768305142468,12.505732773300034,0.0
22,1,305.0,235.0,50.0,255.0,185.0,355.0,285.0,0.6993117125354369,hough,7853.981633974483,1.0,0.78,219.39069471000636,12.111153601019756,0.0
22,2,547.0,291.0,78.0,469.0,213.0,625.0,369.0,0.6167344162923565,hough,19113.4497044403,1.0,0.78,139.0440106755979,60.847454079229685,0.0
22,3,404.0,299.0,80.0,324.0,219.0,484.0,379.0,0.48044644145483545,hough,20106.192982974677,1.0,0.78,197.7594243314576,13.133658682336536,0.0
22,4,396.0,176.0,84.0,312.0,92.0,480.0,260.0,0.44959011495685464,hough,22167.077763729583,1.0,0.78,196.2752902905164,13.253512854109248,0.0
23,0,309.0,290.0,45.0,264.0,245.0,354.0,335.0,0.6644489490873864,hough,6361.725123519332,1.0,0.78,224.4670649268983,11.437509825499136,0.0
23,1,551.0,289.0,74.0,477.0,215.0,625.0,363.0,0.6600070542887739,hough,17203.36137105771,1.0,0.78,141.45250974233699,63.79695224800791,0.0
23,2,410.0,293.0,74.0,336.0,219.0,484.0,367.0,0.5212052719286479,hough,17203.36137105771,1.0,0.78,205.31832722619671,10.086197871226663,0.0
23,3,396.0,176.0,84.0,312.0,92.0,480.0,260.0,0.4497090882227526,hough,22167.077763729583,1.0,0.78,196.214837572855,13.301043690417023,0.0
23,4,270.0,242.0,84.0,186.0,158.0,354.0,326.0,0.40061889125064853,hough,22167.077763729583,1.0,0.78,147.97754454478888,12.821381498657555,0.0
24,0,552.0,283.0,68.0,484.0,215.0,620.0,351.0,0.73440516613659,hough,14526.724430199205,1.0,0.78,150.98841778697,69.20310237849017,0.0
24,1,309.0,290.0,45.0,264.0,245.0,354.0,335.0,0.6647597122859215,hough,6361.725123519332,1.0,0.78,224.42084577896557,11.532463449143217,0.0
24,2,415.0,282.0,84.0,331.0,198.0,499.0,366.0,0.4502809053922174,hough,22167.077763729583,1.0,0.78,195.75046310938416,13.574933357430082,0.0
24,3,403.0,195.0,84.0,319.0,111.0,487.0,279.0,0.45020687211921445,hough,22167.077763729583,1.0,0.78,200.94212262232864,12.197894546604617,0.0
25,0,551.0,284.0,70.0,481.0,214.0,621.0,354.0,0.7108616726253139,hough,15393.804002589986,1.0,0.78,146.93963442399013,67.96344239901126,0.0
25,1,309.0,290.0,45.0,264.0,245.0,354.0,335.0,0.6650062167201114,hough,6361.725123519332,1.0,0.78,224.3986794529162,11.603993082848609,0.0
25,2,422.0,289.0,78.0,344.0,211.0,500.0,367.0,0.493247285189981,hough,19113.4497044403,1.0,0.78,193.47244753780942,13.687895755926526,0.0
25,3,385.0,194.0,84.0,301.0,110.0,469.0,278.0,0.4463425742426518,hough,22167.077763729583,1.0,0.78,206.63881986174488,9.678082501242487,0.0
26,0,305.0,235.0,50.0,255.0,185.0,355.0,285.0,0.7006888510900302,hough,7853.981633974483,1.0,0.78,219.30681963033777,12.50031867431485,0.0
26,1,549.0,290.0,75.0,474.0,215.0,624.0,365.0,0.648073533781286,hough,17671.458676442588,1.0,0.78,141.41018964053214,62.615793942824794,0.0
26,2,411.0,291.0,75.0,336.0,216.0,486.0,366.0,0.5150125430107915,hough,17671.458676442588,1.0,0.78,204.53557882819135,10.629493348429097,0.0
26,3,396.0,171.0,84.0,312.0,87.0,480.0,255.0,0.4489311508335466,hough,22167.077763729583,1.0,0.78,193.86355216193013,13.708308860073194,0.0
27,0,551.0,293.0,72.0,479.0,221.0,623.0,365.0,0.6798904259520371,hough,16286.016316209487,1.0,0.78,141.45582168585676,65.11821932147035,0.0
27,1,293.0,263.0,60.0,233.0,203.0,353.0,323.0,0.6325209557409059,hough,11309.733552923255,1.0,0.78,191.78713792187082,15.447249534945522,0.0
27,2,422.0,288.0,84.0,338.0,204.0,506.0,372.0,0.4557052850116836,hough,22167.077763729583,1.0,0.78,188.76329462793112,16.84814530339312,0.0
27,3,398.0,198.0,83.0,315.0,115.0,481.0,281.0,0.45546130709735366,hough,21642.431790580085,1.0,0.78,205.87641592306625,10.319016135743677,0.0
28,0,543.0,294.0,72.0,471.0,222.0,615.0,366.0,0.7052483360947286,hough,16286.016316209487,1.0,0.78,147.37017425035404,70.33409272828027,0.0
28,1,318.0,217.0,63.0,255.0,154.0,381.0,280.0,0.6160560323145139,hough,12468.981242097889,1.0,0.78,213.94410985304745,11.234080141331406,0.0
28,2,343.0,293.0,76.0,267.0,217.0,419.0,369.0,0.5164841885703328,hough,18145.839167134644,1.0,0.78,214.83895172413793,10.318289655172414,0.0
28,3,413.0,290.0,76.0,337.0,214.0,489.0,366.0,0.5097522575358502,hough,18145.839167134644,1.0,0.78,203.19266206896552,11.567889655172413,0.0
28,4,401.0,192.0,80.0,321.0,112.0,481.0,272.0,0.48089346068382083,hough,20106.192982974677,1.0,0.78,204.16498182361437,11.578208256560929,0.0
29,0,543.0,294.0,72.0,471.0,222.0,615.0,366.0,0.7054360509195907,hough,16286.016316209487,1.0,0.78,147.39160150237052,70.3785481189582,0.0
29,1,305.0,219.0,50.0,255.0,169.0,355.0,269.0,0.6967323157671694,hough,7853.981633974483,1.0,0.78,215.18534098151687,12.522753346080306,0.0
29,2,411.0,291.0,75.0,336.0,216.0,486.0,366.0,0.5161009226026508,hough,17671.458676442588,1.0,0.78,204.8683838097934,10.832720067930937,0.0
29,3,336.0,278.0,78.0,258.0,200.0,414.0,356.0,0.5034636612636718,hough,19113.4497044403,1.0,0.78,217.00952430791773,10.258778586006594,0.0
29,4,397.0,179.0,84.0,313.0,95.0,481.0,263.0,0.45177829461583247,hough,22167.077763729583,1.0,0.78,197.18551484209098,13.599060226810645,0.0
30,0,545.0,291.0,71.0,474.0,220.0,616.0,362.0,0.723556642844382,hough,15836.768566746148,1.0,0.78,147.04237020173275,73.31195851514576,0.0
30,1,305.0,219.0,50.0,255.0,169.0,355.0,269.0,0.69671833471267,hough,7853.981633974483,1.0,0.78,215.14913957934988,12.52848948374761,0.0
30,2,411.0,281.0,72.0,339.0,209.0,483.0,353.0,0.5363222355455255,hough,16286.016316209487,1.0,0.78,206.77821562711654,9.755618496398004,0.0
30,3,339.0,279.0,80.0,259.0,199.0,419.0,359.0,0.48766520179897116,hough,20106.192982974677,1.0,0.78,216.37508092226483,10.191823116378666,0.0
30,4,397.0,179.0,84.0,313.0,95.0,481.0,263.0,0.4517233682039358,hough,22167.077763729583,1.0,0.78,197.15022816608683,13.593638458410517,0.0
31,0,555.0,296.0,60.0,495.0,236.0,615.0,356.0,0.8484773352809405,hough,11309.733552923255,1.0,0.78,165.14837452387277,90.02630879617325,0.0
31,1,329.0,230.0,74.0,255.0,156.0,403.0,304.0,0.5318715015159285,hough,17203.36137105771,1.0,0.78,215.1658233001803,10.356016983656138,0.0
31,2,414.0,291.0,75.0,339.0,216.0,489.0,366.0,0.5162500820683051,hough,17671.458676442588,1.0,0.78,202.86215680724598,11.39699971695443,0.0
31,3,397.0,204.0,84.0,313.0,120.0,481.0,288.0,0.4446768156336012,hough,22167.077763729583,1.0,0.78,206.55180047892287,9.256630370939321,0.0
32,0,546.0,309.0,76.0,470.0,233.0,622.0,385.0,0.6773765685568103,hough,18145.839167134644,1.0,0.78,145.24220689655172,71.41815172413793,0.0
32,1,329.0,230.0,74.0,255.0,156.0,403.0,304.0,0.5322844274901337,hough,17203.36137105771,1.0,0.78,215.31803641016694,10.426336299656837,0.0
32,2,410.0,293.0,74.0,336.0,219.0,484.0,367.0,0.5222197936275152,hough,17203.36137105771,1.0,0.78,205.43721281917058,10.325655790147152,0.0
32,3,401.0,192.0,80.0,321.0,112.0,481.0,272.0,0.48096143172463496,hough,20106.192982974677,1.0,0.78,204.36517105721828,11.543996812907723,0.0
33,0,545.0,313.0,82.0,463.0,231.0,627.0,395.0,0.6132810071131476,hough,21124.069002737768,1.0,0.78,143.07279275863704,66.83346760817022,0.0
33,1,413.0,290.0,76.0,337.0,214.0,489.0,366.0,0.5103217166298326,hough,18145.839167134644,1.0,0.78,203.35249655172413,11.677958620689655,0.0
33,2,278.0,177.0,75.0,203.0,102.0,353.0,252.0,0.4814618692882095,hough,17671.458676442588,1.0,0.78,151.07109410689813,15.660290086797625,0.0
33,3,401.0,195.0,84.0,317.0,111.0,485.0,279.0,0.452942051290056,hough,22167.077763729583,1.0,0.78,202.8051777888221,12.440202412686936,0.0
33,4,270.0,273.0,84.0,186.0,189.0,354.0,357.0,0.4028556749804939,hough,22167.077763729583,1.0,0.78,145.01049548450086,14.193556260678546,0.0
34,0,540.0,279.0,67.0,473.0,212.0,607.0,346.0,0.7787876412471189,hough,14102.60942196458,1.0,0.78,147.348468698927,94.54075179421586,0.0
34,1,342.0,289.0,76.0,266.0,213.0,418.0,365.0,0.5143080574006236,hough,18145.839167134644,1.0,0.78,215.85086896551724,9.47343448275862,0.0
34,2,417.0,276.0,78.0,339.0,198.0,495.0,354.0,0.4965009645464899,hough,19113.4497044403,1.0,0.78,199.6507928201371,12.940289915746506,0.0
34,3,393.0,194.0,84.0,309.0,110.0,477.0,278.0,0.4493165249488549,hough,22167.077763729583,1.0,0.78,205.32896579767765,10.813581529842317,0.0
34,4,270.0,269.0,84.0,186.0,185.0,354.0,353.0,0.3990089159937652,hough,22167.077763729583,1.0,0.78,146.69499633878448,12.727361484012693,0.0
35,0,545.0,299.0,72.0,473.0,227.0,617.0,371.0,0.7371773833740058,hough,16286.016316209487,1.0,0.78,151.2384089649652,77.83720214272519,0.0
35,1,327.0,297.0,68.0,259.0,229.0,395.0,365.0,0.5829346792862138,hough,14526.724430199205,1.0,0.78,215.28748707342294,12.000758359186486,0.0
35,2,399.0,189.0,80.0,319.0,109.0,479.0,269.0,0.4809496583284581,hough,20106.192982974677,1.0,0.78,203.55734276181465,11.752054180568697,0.0
35,3,405.0,327.0,80.0,325.0,247.0,485.0,407.0,0.4592060459390274,hough,20106.192982974677,1.0,0.78,166.44952940590608,15.655146656043026,0.0
36,0,551.0,299.0,67.0,484.0,232.0,618.0,366.0,0.7873769577383001,hough,14102.60942196458,1.0,0.78,156.10957151993176,83.12037234420521,0.0
36,1,293.0,277.0,62.0,231.0,215.0,355.0,339.0,0.6121783568028263,hough,12076.282160399165,1.0,0.78,187.88508415554264,15.022800762789155,0.0
36,2,411.0,293.0,74.0,337.0,219.0,485.0,367.0,0.523032769838764,hough,17203.36137105771,1.0,0.78,204.9774326760891,10.662653405455709,0.0
36,3,401.0,198.0,84.0,317.0,114.0,485.0,282.0,0.45091762653348183,hough,22167.077763729583,1.0,0.78,204.06063344327472,11.572132110423349,0.0
37,0,303.0,222.0,50.0,253.0,172.0,353.0,272.0,0.6938107908793303,hough,7853.981633974483,1.0,0.78,216.10108349267048,11.504270235818993,0.0
37,1,543.0,309.0,76.0,467.0,233.0,619.0,385.0,0.6726851500307791,hough,18145.839167134644,1.0,0.78,145.8695724137931,70.00308965517242,0.0
37,2,409.0,303.0,75.0,334.0,228.0,484.0,378.0,0.5176148514971637,hough,17671.458676442588,1.0,0.78,197.4289838664025,13.181375601471837,0.0
37,3,396.0,174.0,84.0,312.0,90.0,480.0,258.0,0.45050126661310747,hough,22167.077763729583,1.0,0.78,195.66000993990872,13.657344237112003,0.0
38,0,534.0,335.0,79.0,455.0,256.0,613.0,414.0,0.6148032195314872,hough,19606.6797510539,1.0,0.78,144.54635541707106,60.88399652653624,0.0
38,1,276.0,176.0,75.0,201.0,101.0,351.0,251.0,0.47271943384833776,hough,17671.458676442588,1.0,0.78,152.08057471264368,13.065057471264367,0.0
38,2,402.0,287.0,82.0,320.0,205.0,484.0,369.0,0.4651669297206627,hough,21124.069002737768,1.0,0.78,204.7596796360362,11.209089616605848,0.0
38,3,393.0,194.0,84.0,309.0,110.0,477.0,278.0,0.4488023373237755,hough,22167.077763729583,1.0,0.78,205.5450232684227,10.619979216554466,0.0
39,0,306.0,248.0,47.0,259.0,201.0,353.0,295.0,0.6759044015475966,hough,6939.778171779853,1.0,0.78,224.52781389972546,10.496315561335066,0.0
39,1,535.0,308.0,84.0,451.0,224.0,619.0,392.0,0.5978973006603956,hough,22167.077763729583,1.0,0.78,142.514932453802,66.85709122125333,0.0
39,2,415.0,299.0,80.0,335.0,219.0,495.0,379.0,0.4801325179919191,hough,20106.192982974677,1.0,0.78,190.86066430954634,14.853543150241522,0.0
39,3,399.0,194.0,84.0,315.0,110.0,483.0,278.0,0.4513025388682707,hough,22167.077763729583,1.0,0.78,203.47128721818098,11.828852844169338,0.0
40,0,552.0,311.0,79.0,473.0,232.0,631.0,390.0,0.6332355010102533,hough,19606.6797510539,1.0,0.78,140.0127700873474,66.98452265413495,0.0
40,1,407.0,311.0,78.0,329.0,233.0,485.0,389.0,0.4901717697517161,hough,19113.4497044403,1.0,0.78,186.5900884400021,14.667067873776753,0.0
40,2,398.0,224.0,83.0,315.0,141.0,481.0,307.0,0.4522704692244543,hough,21642.431790580085,1.0,0.78,207.82615932313098,8.958389199685607,0.0
40,3,342.0,149.0,84.0,258.0,65.0,426.0,233.0,0.4418605154629893,hough,22167.077763729583,1.0,0.78,190.44488941476288,12.71657413306635,0.0
40,4,269.0,241.0,84.0,185.0,157.0,353.0,325.0,0.39347575645740185,hough,22167.077763729583,1.0,0.78,149.53647162772432,10.508982917730219,0.0
41,0,536.0,335.0,80.0,456.0,255.0,616.0,415.0,0.604255420726042,hough,20106.192982974677,1.0,0.78,143.61052736417508,60.30596085852298,0.0
41,1,419.0,275.0,78.0,341.0,197.0,497.0,353.0,0.4938032892389919,hough,19113.4497044403,1.0,0.78,197.32251818514837,12.829609084724476,0.0
41,2,396.0,188.0,84.0,312.0,104.0,480.0,272.0,0.4527219414460913,hough,22167.077763729583,1.0,0.78,202.2773686350698,12.519495775538788,0.0
41,3,267.0,185.0,84.0,183.0,101.0,351.0,269.0,0.39931583584574354,hough,22167.077763729583,1.0,0.78,147.37537239324726,12.631330685203576,0.0
41,4,269.0,270.0,84.0,185.0,186.0,353.0,354.0,0.39245842875270914,hough,22167.077763729583,1.0,0.78,147.9843412526998,10.643481248772826,0.0
42,0,535.0,308.0,84.0,451.0,224.0,619.0,392.0,0.5992275640945544,hough,22167.077763729583,1.0,0.78,141.21194596304161,67.55247819997288,0.0
42,1,410.0,293.0,74.0,336.0,219.0,484.0,367.0,0.5218108036486935,hough,17203.36137105771,1.0,0.78,205.56999941836793,10.181876345024138,0.0
42,2,335.0,276.0,79.0,256.0,197.0,414.0,355.0,0.49099237507315424,hough,19606.6797510539,1.0,0.78,218.02288399652653,8.658221382234254,0.0
42,3,392.0,192.0,84.0,308.0,108.0,476.0,276.0,0.4503967137451071,hough,22167.077763729583,1.0,0.78,205.38987032937243,11.085709122125332,0.0
42,4,269.0,239.0,84.0,185.0,155.0,353.0,323.0,0.39103388964097174,hough,22167.077763729583,1.0,0.78,150.60283722756725,9.579030041233066,0.0
43,0,546.0,311.0,76.0,470.0,235.0,622.0,387.0,0.6693085590909549,hough,18145.839167134644,1.0,0.78,144.92684137931033,69.34913103448275,0.0
43,1,339.0,282.0,83.0,256.0,199.0,422.0,365.0,0.46155117690722225,hough,21642.431790580085,1.0,0.78,215.2461972351935,9.493365389060983,0.0
43,2,413.0,295.0,83.0,330.0,212.0,496.0,378.0,0.459591045311933,hough,21642.431790580085,1.0,0.78,191.43964122243284,15.194599842803644,0.0
43,3,392.0,192.0,84.0,308.0,108.0,476.0,276.0,0.4504161439633156,hough,22167.077763729583,1.0,0.78,205.31947770297745,11.109293814665882,0.0
43,4,269.0,239.0,84.0,185.0,155.0,353.0,323.0,0.3911496555133918,hough,22167.077763729583,1.0,0.78,150.6056351855488,9.609169448262321,0.0
44,0,303.0,263.0,49.0,254.0,214.0,352.0,312.0,0.693901133233578,hough,7542.963961269093,1.0,0.78,223.17621262458474,11.668704318936877,0.0
44,1,546.0,311.0,76.0,470.0,235.0,622.0,387.0,0.6691841574682369,hough,18145.839167134644,1.0,0.78,144.89175172413792,69.32513103448275,0.0
44,2,371.0,302.0,76.0,295.0,226.0,447.0,378.0,0.5136284928299677,hough,18145.839167134644,1.0,0.78,202.85566896551722,12.689655172413792,0.0
44,3,392.0,192.0,84.0,308.0,108.0,476.0,276.0,0.4503932863813003,hough,22167.077763729583,1.0,0.78,205.3060136447838,11.106718474675823,0.0
44,4,269.0,183.0,83.0,186.0,100.0,352.0,266.0,0.4073459912389918,hough,21642.431790580085,1.0,0.78,148.9656310971034,12.366901795987793,0.0
45,0,305.0,246.0,47.0,258.0,199.0,352.0,293.0,0.6758200178446861,hough,6939.778171779853,1.0,0.78,224.815344603381,10.398641814766652,0.0
45,1,541.0,313.0,80.0,461.0,233.0,621.0,393.0,0.6274566542596427,hough,20106.192982974677,1.0,0.78,144.20616503162194,66.337234201484,0.0
45,2,413.0,293.0,83.0,330.0,210.0,496.0,376.0,0.45972464408409713,hough,21642.431790580085,1.0,0.78,193.07697998058163,14.802163761616349,0.0
45,3,399.0,195.0,83.0,316.0,112.0,482.0,278.0,0.4584959095600966,hough,21642.431790580085,1.0,0.78,205.42683434278052,11.245781127190346,0.0
45,4,267.0,182.0,84.0,183.0,98.0,351.0,266.0,0.399390383862567,hough,22167.077763729583,1.0,0.78,147.77636544190665,12.546375372393248,0.0
46,0,305.0,247.0,47.0,258.0,200.0,352.0,294.0,0.6750319573524644,hough,6939.778171779853,1.0,0.78,224.8571015749169,10.177575494870682,0.0
46,1,536.0,337.0,80.0,456.0,257.0,616.0,417.0,0.6010362634600281,hough,20106.192982974677,1.0,0.78,143.46740700164335,59.484936009162894,0.0
46,2,365.0,297.0,83.0,282.0,214.0,448.0,380.0,0.4571462782100301,hough,21642.431790580085,1.0,0.78,205.14665495399694,10.959128947246752,0.0
46,3,396.0,204.0,84.0,312.0,120.0,480.0,288.0,0.4418273297270984,hough,22167.077763729583,1.0,0.78,207.27745899787647,8.307052817060498,0.0
47,0,305.0,247.0,47.0,258.0,200.0,352.0,294.0,0.675273783168183,hough,6939.778171779853,1.0,0.78,224.8263256754804,10.250108365843085,0.0
47,1,535.0,336.0,80.0,455.0,256.0,615.0,416.0,0.6014040740721471,hough,20106.192982974677,1.0,0.78,143.9772421692147,59.44972859917335,0.0
47,2,408.0,305.0,76.0,332.0,229.0,484.0,381.0,0.5052275097332808,hough,18145.839167134644,1.0,0.78,196.0422620689655,12.230675862068965,0.0
47,3,396.0,182.0,83.0,313.0,99.0,479.0,265.0,0.45710399316063655,hough,21642.431790580085,1.0,0.78,199.85385362245134,12.331591844283139,0.0
48,0,536.0,311.0,84.0,452.0,227.0,620.0,395.0,0.5942150749801718,hough,22167.077763729583,1.0,0.78,141.85925992861337,66.04658202683775,0.0
48,1,342.0,293.0,78.0,264.0,215.0,420.0,371.0,0.49772813370710517,hough,19113.4497044403,1.0,0.78,215.15783138835104,9.213407294991889,0.0
48,2,423.0,288.0,84.0,339.0,204.0,507.0,372.0,0.45762841040425245,hough,22167.077763729583,1.0,0.78,189.59793069172727,17.142773234536662,0.0
48,3,391.0,194.0,84.0,307.0,110.0,475.0,278.0,0.44681885599919846,hough,22167.077763729583,1.0,0.78,205.96760493380924,9.980571996566212,0.0
48,4,267.0,242.0,84.0,183.0,158.0,351.0,326.0,0.38640964973674186,hough,22167.077763729583,1.0,0.78,150.13704071499504,8.46767626613704,0.0
49,0,535.0,311.0,84.0,451.0,227.0,619.0,395.0,0.5944311694376538,hough,22167.077763729583,1.0,0.78,142.41097004472957,65.95996927664572,0.0
49,1,341.0,289.0,78.0,263.0,211.0,419.0,367.0,0.49652715716284257,hough,19113.4497044403,1.0,0.78,216.53220995342508,8.533832225652834,0.0
49,2,399.0,197.0,83.0,316.0,114.0,482.0,280.0,0.4540571828233896,hough,21642.431790580085,1.0,0.78,205.40908040131305,10.066762217393315,0.0
49,3,414.0,283.0,84.0,330.0,199.0,498.0,367.0,0.44655820691961456,hough,22167.077763729583,1.0,0.78,196.70496543622644,12.332670672751094,0.0
49,4,269.0,225.0,83.0,186.0,142.0,352.0,308.0,0.39496392252276646,hough,21642.431790580085,1.0,0.78,151.48111461303716,8.407374055730651,0.0
50,0,291.0,276.0,60.0,231.0,216.0,351.0,336.0,0.6144414961246563,hough,11309.733552923255,1.0,0.78,192.08991053237665,10.546904065904863,0.0
50,1,535.0,337.0,80.0,455.0,257.0,615.0,417.0,0.6006339821600772,hough,20106.192982974677,1.0,0.78,143.80508938797868,59.289378019022955,0.0
50,2,409.0,294.0,74.0,335.0,220.0,483.0,368.0,0.5176180476479043,hough,17203.36137105771,1.0,0.78,206.0469958704124,8.93910312336416,0.0
50,3,395.0,179.0,84.0,311.0,95.0,479.0,263.0,0.44788703407239766,hough,22167.077763729583,1.0,0.78,198.2570370035693,12.281254235756561,0.0
50,4,266.0,187.0,84.0,182.0,103.0,350.0,271.0,0.3912413060265358,hough,22167.077763729583,1.0,0.78,148.91284151640778,10.076170021477449,0.0
51,0,305.0,248.0,47.0,258.0,201.0,352.0,295.0,0.6759479037049976,hough,6939.778171779853,1.0,0.78,225.1314838896113,10.350093917064008,0.0
51,1,535.0,337.0,80.0,455.0,257.0,615.0,417.0,0.6006545630232676,hough,20106.192982974677,1.0,0.78,143.73960460136448,59.31198645485782,0.0
51,2,410.0,295.0,72.0,338.0,223.0,482.0,367.0,0.531350023182962,hough,16286.016316209487,1.0,0.78,206.44677051905668,8.516347515547071,0.0
51,3,396.0,198.0,84.0,312.0,114.0,480.0,282.0,0.4459717489821722,hough,22167.077763729583,1.0,0.78,206.41697917137304,9.637193331224868,0.0
51,4,380.0,392.0,80.0,300.0,312.0,460.0,472.0,0.41247311979856005,hough,20106.192982974677,1.0,0.78,112.5708822726031,17.278953837749246,0.0
52,0,551.0,341.0,74.0,477.0,267.0,625.0,415.0,0.6616216249701843,hough,17203.36137105771,1.0,0.78,141.99145000872448,64.08660501366835,0.0
52,1,402.0,179.0,78.0,324.0,101.0,480.0,257.0,0.4948241073731428,hough,19113.4497044403,1.0,0.78,199.25930189962844,12.595478570307185,0.0
52,2,336.0,279.0,80.0,256.0,199.0,416.0,359.0,0.4824843313829794,hough,20106.192982974677,1.0,0.78,217.81524824460934,8.433743339475125,0.0
52,3,414.0,285.0,82.0,332.0,203.0,496.0,367.0,0.4599844959822747,hough,21124.069002737768,1.0,0.78,197.83943888915215,11.636320553528268,0.0
53,0,558.0,313.0,75.0,483.0,238.0,633.0,388.0,0.6720912310668233,hough,17671.458676442588,1.0,0.78,140.40730257571468,69.28270591565241,0.0
53,1,339.0,294.0,76.0,263.0,218.0,415.0,370.0,0.5136309864067088,hough,18145.839167134644,1.0,0.78,215.97864827586207,9.259475862068966,0.0
53,2,402.0,177.0,78.0,324.0,99.0,480.0,255.0,0.4948585203743054,hough,19113.4497044403,1.0,0.78,198.26354073996546,12.864985085561777,0.0
53,3,416.0,297.0,79.0,337.0,218.0,495.0,376.0,0.48257545651025485,hough,19606.6797510539,1.0,0.78,193.6177146651683,12.794146191959953,0.0
54,0,541.0,315.0,80.0,461.0,235.0,621.0,395.0,0.6244072518882664,hough,20106.192982974677,1.0,0.78,144.60629450724565,65.41945122254867,0.0
54,1,410.0,282.0,72.0,338.0,210.0,482.0,354.0,0.5330822570838496,hough,16286.016316209487,1.0,0.78,207.41407548796255,8.725386367834492,0.0
54,2,401.0,182.0,79.0,322.0,103.0,480.0,261.0,0.487022211255469,hough,19606.6797510539,1.0,0.78,200.3463758492108,12.220820350411197,0.0
54,3,267.0,242.0,84.0,183.0,158.0,351.0,326.0,0.38763960743481607,hough,22167.077763729583,1.0,0.78,149.8860973187686,8.861271102284013,0.0
55,0,290.0,235.0,62.0,228.0,173.0,352.0,297.0,0.5974479382279674,hough,12076.282160399165,1.0,0.78,189.68675897520936,10.623663046181909,0.0
55,1,546.0,318.0,82.0,464.0,236.0,628.0,400.0,0.596900981215295,hough,21124.069002737768,1.0,0.78,141.6762238756457,62.830576749917064,0.0
55,2,409.0,295.0,74.0,335.0,221.0,483.0,369.0,0.5178236845179027,hough,17203.36137105771,1.0,0.78,205.71546559646367,9.080614203454894,0.0
55,3,396.0,199.0,84.0,312.0,115.0,480.0,283.0,0.4451702286722455,hough,22167.077763729583,1.0,0.78,206.62562689197125,9.368906158225274,0.0
56,0,303.0,266.0,49.0,254.0,217.0,352.0,315.0,0.6916745812174228,hough,7542.963961269093,1.0,0.78,224.0627242524917,10.843189368770764,0.0
56,1,545.0,318.0,82.0,463.0,236.0,627.0,400.0,0.5977311667561717,hough,21124.069002737768,1.0,0.78,142.00312781384767,62.96649447893464,0.0
56,2,410.0,283.0,72.0,338.0,211.0,482.0,355.0,0.5319101177028831,hough,16286.016316209487,1.0,0.78,207.43045378979124,8.40853395726864,0.0
56,3,391.0,197.0,84.0,307.0,113.0,475.0,281.0,0.44332534240978405,hough,22167.077763729583,1.0,0.78,206.78258708715492,8.835901143089504,0.0
56,4,266.0,188.0,84.0,182.0,104.0,350.0,272.0,0.3893694956920928,hough,22167.077763729583,1.0,0.78,149.0243244593177,9.547874731531891,0.0
57,0,534.0,337.0,80.0,454.0,257.0,614.0,417.0,0.5994863970366897,hough,20106.192982974677,1.0,0.78,144.16866689905882,58.88830237537971,0.0
57,1,409.0,295.0,74.0,335.0,221.0,483.0,369.0,0.5164261467032654,hough,17203.36137105771,1.0,0.78,205.80480428081196,8.684580934101088,0.0
57,2,398.0,193.0,82.0,316.0,111.0,480.0,275.0,0.4608537408651954,hough,21124.069002737768,1.0,0.78,203.981659636984,10.262309843135396,0.0
57,3,266.0,185.0,84.0,182.0,101.0,350.0,269.0,0.39089672298578737,hough,22167.077763729583,1.0,0.78,148.34643624194595,10.132361020928025,0.0
58,0,534.0,337.0,80.0,454.0,257.0,614.0,417.0,0.5993742507389992,hough,20106.192982974677,1.0,0.78,144.1064688013545,58.87465763657188,0.0
58,1,414.0,300.0,80.0,334.0,220.0,494.0,380.0,0.47098271806398023,hough,20106.192982974677,1.0,0.78,192.0108560330661,12.112892784223893,0.0
58,2,341.0,287.0,84.0,257.0,203.0,425.0,371.0,0.4513833659625838,hough,22167.077763729583,1.0,0.78,214.971354990286,8.843853070076356,0.0
58,3,392.0,197.0,84.0,308.0,113.0,476.0,281.0,0.4437776868816622,hough,22167.077763729583,1.0,0.78,206.39664753987256,9.057425563638006,0.0
58,4,267.0,188.0,84.0,183.0,104.0,351.0,272.0,0.3905500870189039,hough,22167.077763729583,1.0,0.78,149.49091360476663,9.740714995034757,0.0
59,0,308.0,283.0,53.0,255.0,230.0,361.0,336.0,0.6983365082130433,hough,8824.73376393373,1.0,0.78,221.62617777273243,11.266659098649109,0.0
59,1,534.0,337.0,80.0,454.0,257.0,614.0,417.0,0.5993961058532375,hough,20106.192982974677,1.0,0.78,144.097903490862,58.88272496389622,0.0
59,2,414.0,287.0,68.0,346.0,219.0,482.0,355.0,0.5596223039051755,hough,14526.724430199205,1.0,0.78,207.78166149603584,7.746432264736297,0.0
59,3,395.0,192.0,84.0,311.0,108.0,479.0,276.0,0.4461028138103987,hough,22167.077763729583,1.0,0.78,203.23340712962542,10.504450368228436,0.0
60,0,546.0,315.0,79.0,467.0,236.0,625.0,394.0,0.6326645879640316,hough,19606.6797510539,1.0,0.78,143.0653317668693,66.03422383409102,0.0
60,1,289.0,234.0,62.0,227.0,172.0,351.0,296.0,0.5921251875374417,hough,12076.282160399165,1.0,0.78,189.35776469612802,9.290274438272117,0.0
60,2,423.0,284.0,84.0,339.0,200.0,507.0,368.0,0.45262430531939557,hough,22167.077763729583,1.0,0.78,190.643157276465,15.535083359689152,0.0
60,3,339.0,287.0,84.0,255.0,203.0,423.0,371.0,0.4508993347094555,hough,22167.077763729583,1.0,0.78,214.7093932137532,8.783264808204942,0.0
60,4,383.0,195.0,84.0,299.0,111.0,467.0,279.0,0.4423090742253766,hough,22167.077763729583,1.0,0.78,207.79718068043192,8.299643066913658,0.0
61,0,543.0,312.0,76.0,467.0,236.0,619.0,388.0,0.6706696219712796,hough,18145.839167134644,1.0,0.78,145.78289655172412,69.48827586206896,0.0
61,1,409.0,295.0,74.0,335.0,221.0,483.0,369.0,0.5162969360007794,hough,17203.36137105771,1.0,0.78,205.60315244576282,8.702844180771244,0.0
61,2,342.0,278.0,79.0,263.0,199.0,421.0,357.0,0.48731787508467234,hough,19606.6797510539,1.0,0.78,218.8374623282423,7.465393063288553,0.0
61,3,397.0,225.0,83.0,314.0,142.0,480.0,308.0,0.4492268669529941,hough,21642.431790580085,1.0,0.78,208.31855379351796,8.018031346802903,0.0
61,4,269.0,282.0,83.0,186.0,199.0,352.0,365.0,0.3909617433830632,hough,21642.431790580085,1.0,0.78,149.3151233178248,7.906398519185552,0.0
62,0,303.0,279.0,49.0,254.0,230.0,352.0,328.0,0.6916814439625207,hough,7542.963961269093,1.0,0.78,223.40943521594684,11.015813953488372,0.0
62,1,549.0,314.0,79.0,470.0,235.0,628.0,393.0,0.6317681416039072,hough,19606.6797510539,1.0,0.78,141.0593553659907,66.31960974613067,0.0
62,2,410.0,277.0,78.0,332.0,199.0,488.0,355.0,0.4889385683755039,hough,19113.4497044403,1.0,0.78,203.95860589251137,9.79742529698048,0.0
62,3,399.0,191.0,80.0,319.0,111.0,479.0,271.0,0.47575196267233594,hough,20106.192982974677,1.0,0.78,204.26129176833822,10.181963049648921,0.0
62,4,269.0,225.0,83.0,186.0,142.0,352.0,308.0,0.3934751576236406,hough,21642.431790580085,1.0,0.78,152.34073740557307,7.78563209765371,0.0
63,0,307.0,293.0,45.0,262.0,248.0,352.0,338.0,0.6628770541763012,hough,6361.725123519332,1.0,0.78,225.52397421789027,10.74202169470209,0.0
63,1,546.0,318.0,82.0,464.0,236.0,628.0,400.0,0.5961910820004078,hough,21124.069002737768,1.0,0.78,141.34349082981848,62.72825932420264,0.0
63,2,402.0,299.0,80.0,322.0,219.0,482.0,379.0,0.47347861458503077,hough,20106.192982974677,1.0,0.78,199.92435635675514,10.709576216323889,0.0
63,3,395.0,200.0,84.0,311.0,116.0,479.0,284.0,0.44281800286799433,hough,22167.077763729583,1.0,0.78,206.96277052365244,8.65350381782858,0.0
63,4,267.0,243.0,84.0,183.0,159.0,351.0,327.0,0.3837916156810143,hough,22167.077763729583,1.0,0.78,151.70377358490566,7.359930486593843,0.0
64,0,543.0,313.0,76.0,467.0,237.0,619.0,389.0,0.6698963914100895,hough,18145.839167134644,1.0,0.78,146.30852413793102,69.14466206896552,0.0
64,1,432.0,289.0,84.0,348.0,205.0,516.0,373.0,0.4617527770894346,hough,22167.077763729583,1.0,0.78,184.85898884019338,19.4815433967379,0.0
64,2,347.0,287.0,84.0,263.0,203.0,431.0,371.0,0.447225607119653,hough,22167.077763729583,1.0,0.78,215.33122486784438,7.64103375050829,0.0
64,3,396.0,197.0,84.0,312.0,113.0,480.0,281.0,0.4438807558506314,hough,22167.077763729583,1.0,0.78,205.38571364026566,9.34920706637148,0.0
64,4,269.0,284.0,82.0,187.0,202.0,351.0,366.0,0.3994863968402296,hough,21124.069002737768,1.0,0.78,151.12216547497445,7.717160367722165,0.0
65,0,543.0,313.0,76.0,467.0,237.0,619.0,389.0,0.6698529688272632,hough,18145.839167134644,1.0,0.78,146.29103448275862,69.13765517241379,0.0
65,1,341.0,293.0,79.0,262.0,214.0,420.0,372.0,0.4879913957827304,hough,19606.6797510539,1.0,0.78,215.8213720181846,8.433518925269448,0.0
65,2,429.0,287.0,82.0,347.0,205.0,511.0,369.0,0.47018003545582443,hough,21124.069002737768,1.0,0.78,188.1207051798493,16.895976494005023,0.0
65,3,383.0,195.0,84.0,299.0,111.0,467.0,279.0,0.44193982366968965,hough,22167.077763729583,1.0,0.78,207.73352008313375,8.217819545475082,0.0
65,4,269.0,314.0,83.0,186.0,231.0,352.0,397.0,0.3757110540333326,hough,21642.431790580085,1.0,0.78,129.47421081594877,9.026714693081194,0.0
66,0,533.0,353.0,60.0,473.0,293.0,593.0,413.0,0.7567733926090006,hough,11309.733552923255,1.0,0.78,141.26370803436973,61.78997253964035,0.0
66,1,329.0,305.0,74.0,255.0,231.0,403.0,379.0,0.5277318550797935,hough,17203.36137105771,1.0,0.78,209.24190077357065,10.800849182806957,0.0
66,2,407.0,294.0,75.0,332.0,219.0,482.0,369.0,0.5068028520299552,hough,17671.458676442588,1.0,0.78,206.36003396546843,7.9632606849702805,0.0
66,3,396.0,198.0,83.0,313.0,115.0,479.0,281.0,0.4504721154800715,hough,21642.431790580085,1.0,0.78,206.51477183411163,8.821674603541542,0.0
66,4,267.0,229.0,83.0,184.0,146.0,350.0,312.0,0.39409205592505003,hough,21642.431790580085,1.0,0.78,153.21790395222914,7.720813724001822,0.0
67,0,533.0,353.0,60.0,473.0,293.0,593.0,413.0,0.7567846368533544,hough,11309.733552923255,1.0,0.78,141.26060767118432,61.79378155726813,0.0
67,1,329.0,305.0,74.0,255.0,231.0,403.0,379.0,0.5279081252330593,hough,17203.36137105771,1.0,0.78,209.21857732798233,10.853952189844705,0.0
67,2,432.0,287.0,82.0,350.0,205.0,514.0,369.0,0.47409835755932106,hough,21124.069002737768,1.0,0.78,186.48983460499502,18.367233780389554,0.0
67,3,396.0,198.0,83.0,313.0,115.0,479.0,281.0,0.450577037702324,hough,21642.431790580085,1.0,0.78,206.51745341902077,8.848952794858755,0.0
68,0,534.0,338.0,80.0,454.0,258.0,614.0,418.0,0.5975151013723655,hough,20106.192982974677,1.0,0.78,144.34540112544195,58.31641850505453,0.0
68,1,368.0,294.0,76.0,292.0,218.0,444.0,370.0,0.5031384130463302,hough,18145.839167134644,1.0,0.78,211.89975172413793,7.52783448275862,0.0
68,2,391.0,199.0,84.0,307.0,115.0,475.0,283.0,0.44187235609620557,hough,22167.077763729583,1.0,0.78,207.63100347896804,8.226629919125287,0.0
68,3,266.0,242.0,84.0,182.0,158.0,350.0,326.0,0.3862476633219638,hough,22167.077763729583,1.0,0.78,152.68917636481694,7.757254882373508,0.0
69,0,535.0,313.0,84.0,451.0,229.0,619.0,397.0,0.5905575362858435,hough,22167.077763729583,1.0,0.78,142.7182939502101,64.84665431708308,0.0
69,1,332.0,296.0,66.0,266.0,230.0,398.0,362.0,0.5882191025054644,hough,13684.77759903714,1.0,0.78,218.9186718350033,8.480509032399619,0.0
69,2,413.0,290.0,79.0,334.0,211.0,492.0,369.0,0.4751447617774401,hough,19606.6797510539,1.0,0.78,199.5832865096797,9.253000970526639,0.0
69,3,386.0,195.0,84.0,302.0,111.0,470.0,279.0,0.4421403039657253,hough,22167.077763729583,1.0,0.78,207.10450458591242,8.435729453756833,0.0
69,4,266.0,187.0,83.0,183.0,104.0,349.0,270.0,0.3985215193407238,hough,21642.431790580085,1.0,0.78,152.03889228263083,9.210242313174506,0.0
69,5,266.0,272.0,84.0,182.0,188.0,350.0,356.0,0.38537685463187277,hough,22167.077763729583,1.0,0.78,151.41541381549374,7.858049048499076,0.0
70,0,531.0,339.0,80.0,451.0,259.0,611.0,419.0,0.5954308257767631,hough,20106.192982974677,1.0,0.78,145.09357103729894,57.56501170260445,0.0
70,1,407.0,296.0,74.0,333.0,222.0,481.0,370.0,0.5105602975717789,hough,17203.36137105771,1.0,0.78,206.55615657535043,6.923922526609667,0.0
70,2,335.0,281.0,83.0,252.0,198.0,418.0,364.0,0.4573589216381073,hough,21642.431790580085,1.0,0.78,217.35900873826807,7.823061630218688,0.0
70,3,389.0,198.0,84.0,305.0,114.0,473.0,282.0,0.4387055627444276,hough,22167.077763729583,1.0,0.78,207.44006686847692,7.432069760086748,0.0
70,4,265.0,188.0,83.0,182.0,105.0,348.0,271.0,0.40163926809051825,hough,21642.431790580085,1.0,0.78,153.1265556978233,9.757285531370037,0.0
70,5,378.0,393.0,80.0,298.0,313.0,458.0,473.0,0.38547977484692686,hough,20106.192982974677,1.0,0.78,114.49886167644016,9.576681614349777,0.0
70,6,266.0,335.0,84.0,182.0,251.0,350.0,419.0,0.3556781473431533,hough,22167.077763729583,1.0,0.78,115.14804455321912,9.42005893811498,0.0
71,0,533.0,339.0,80.0,453.0,259.0,613.0,419.0,0.5966515924560257,hough,20106.192982974677,1.0,0.78,144.85682983915143,57.95244260743987,0.0
71,1,407.0,296.0,74.0,333.0,222.0,481.0,370.0,0.5105448030647806,hough,17203.36137105771,1.0,0.78,206.48985052056068,6.937125574361659,0.0
71,2,338.0,291.0,78.0,260.0,213.0,416.0,369.0,0.4931122125571286,hough,19113.4497044403,1.0,0.78,217.20524360249098,7.447223821236067,0.0
71,3,387.0,195.0,83.0,304.0,112.0,470.0,278.0,0.44651272657864194,hough,21642.431790580085,1.0,0.78,206.99195524527255,7.641083730177077,0.0
71,4,265.0,243.0,84.0,181.0,159.0,349.0,327.0,0.39323580830329585,hough,22167.077763729583,1.0,0.78,154.28301507537688,9.204070351758794,0.0
72,0,533.0,339.0,80.0,453.0,259.0,613.0,419.0,0.5965317042288361,hough,20106.192982974677,1.0,0.78,144.83835466361236,57.925302524774665,0.0
72,1,421.0,289.0,72.0,349.0,217.0,493.0,361.0,0.5233873657352776,hough,16286.016316209487,1.0,0.78,198.74077950865092,8.407610368819654,0.0
72,2,391.0,191.0,78.0,313.0,113.0,469.0,269.0,0.48341064497630487,hough,19113.4497044403,1.0,0.78,206.8452561620179,7.568632581506097,0.0
72,3,337.0,288.0,84.0,253.0,204.0,421.0,372.0,0.44949375896992005,hough,22167.077763729583,1.0,0.78,215.73388153436045,8.140604527176613,0.0
72,4,265.0,243.0,84.0,181.0,159.0,349.0,327.0,0.39319882436399145,hough,22167.077763729583,1.0,0.78,154.25989949748745,9.200251256281406,0.0
73,0,285.0,235.0,63.0,222.0,172.0,348.0,298.0,0.5882663155284178,hough,12468.981242097889,1.0,0.78,187.29470810246528,10.7906528547338,0.0
73,1,546.0,321.0,84.0,462.0,237.0,630.0,405.0,0.5732221804202786,hough,22167.077763729583,1.0,0.78,140.49107667284144,60.806171779695475,0.0
73,2,318.0,182.0,71.0,247.0,111.0,389.0,253.0,0.5390634112888117,hough,15836.768566746148,1.0,0.78,208.6741288813002,8.000885347498892,0.0
73,3,404.0,299.0,76.0,328.0,223.0,480.0,375.0,0.49509647660278727,hough,18145.839167134644,1.0,0.78,204.82052413793102,7.234096551724138,0.0
73,4,395.0,200.0,83.0,312.0,117.0,478.0,283.0,0.4453369143748016,hough,21642.431790580085,1.0,0.78,207.02117527393779,7.319894585972537,0.0
74,0,299.0,237.0,50.0,249.0,187.0,349.0,287.0,0.7001931313234748,hough,7853.981633974483,1.0,0.78,222.17323135755257,11.618738049713192,0.0
74,1,547.0,323.0,84.0,463.0,239.0,631.0,407.0,0.5707944961355222,hough,22167.077763729583,1.0,0.78,140.7645597072245,60.087290471242035,0.0
74,2,407.0,285.0,74.0,333.0,211.0,481.0,359.0,0.5099204224744125,hough,17203.36137105771,1.0,0.78,207.5124178444716,6.503286221136509,0.0
74,3,387.0,198.0,84.0,303.0,114.0,471.0,282.0,0.43551689184842723,hough,22167.077763729583,1.0,0.78,207.41553336646635,6.588171508607057,0.0
75,0,300.0,192.0,47.0,253.0,145.0,347.0,239.0,0.6570439887941408,hough,6939.778171779853,1.0,0.78,210.50238404854787,9.133651206473052,0.0
75,1,533.0,337.0,79.0,454.0,258.0,612.0,416.0,0.6122963224323503,hough,19606.6797510539,1.0,0.78,147.54814322929968,59.43070950605302,0.0
75,2,405.0,299.0,74.0,331.0,225.0,479.0,373.0,0.5069899705577068,hough,17203.36137105771,1.0,0.78,206.7100564183098,5.931600069795847,0.0
75,3,387.0,198.0,84.0,303.0,114.0,471.0,282.0,0.4355055798867836,hough,22167.077763729583,1.0,0.78,207.40658744860613,6.587493787557041,0.0
76,0,287.0,237.0,62.0,225.0,175.0,349.0,299.0,0.6068565327743176,hough,12076.282160399165,1.0,0.78,192.53229417129592,12.38869082165658,0.0
76,1,546.0,323.0,84.0,462.0,239.0,630.0,407.0,0.5714086099643096,hough,22167.077763729583,1.0,0.78,141.29815208060361,60.1115528848326,0.0
76,2,335.0,305.0,70.0,265.0,235.0,405.0,375.0,0.5529899297045067,hough,15393.804002589986,1.0,0.78,215.70753919209002,7.885773759188187,0.0
76,3,407.0,285.0,74.0,333.0,211.0,481.0,359.0,0.5099526417542608,hough,17203.36137105771,1.0,0.78,207.4703076833595,6.522887221543652,0.0
76,4,392.0,185.0,84.0,308.0,101.0,476.0,269.0,0.433988651921001,hough,22167.077763729583,1.0,0.78,200.39859034021595,8.01513577011702,0.0
77,0,285.0,269.0,63.0,222.0,206.0,348.0,332.0,0.5940527352115244,hough,12468.981242097889,1.0,0.78,187.21777884847026,12.353810326828876,0.0
77,1,547.0,323.0,84.0,463.0,239.0,631.0,407.0,0.57191504698542,hough,22167.077763729583,1.0,0.78,141.04360005421768,60.31315230651064,0.0
77,2,361.0,276.0,83.0,278.0,193.0,444.0,359.0,0.44956635079775953,hough,21642.431790580085,1.0,0.78,216.2596513939618,6.032456424245226,0.0
77,3,395.0,200.0,83.0,312.0,117.0,478.0,283.0,0.4423762379409288,hough,21642.431790580085,1.0,0.78,206.8831661195617,6.566461694946599,0.0
78,0,549.0,323.0,84.0,465.0,239.0,633.0,407.0,0.5717539586717229,hough,22167.077763729583,1.0,0.78,140.05304296751456,60.52916459585234,0.0
78,1,408.0,300.0,74.0,334.0,226.0,482.0,374.0,0.5084976691993108,hough,17203.36137105771,1.0,0.78,205.95108474379109,6.532077008084686,0.0
78,2,273.0,180.0,74.0,199.0,106.0,347.0,254.0,0.474446633821439,hough,17203.36137105771,1.0,0.78,158.33535714285713,9.900357142857143,0.0
78,3,333.0,284.0,82.0,251.0,202.0,415.0,366.0,0.4659290660286715,hough,21124.069002737768,1.0,0.78,217.98620918439883,7.954409743614046,0.0
78,4,396.0,203.0,84.0,312.0,119.0,480.0,287.0,0.4337277248871956,hough,22167.077763729583,1.0,0.78,206.76315908372112,6.281615686983237,0.0
79,0,302.0,249.0,47.0,255.0,202.0,349.0,296.0,0.6754901607176134,hough,6939.778171779853,1.0,0.78,227.18032076289552,9.692385493425805,0.0
79,1,548.0,319.0,80.0,468.0,239.0,628.0,399.0,0.6228615280013807,hough,20106.192982974677,1.0,0.78,142.9083212987401,65.45117275036104,0.0
79,2,407.0,299.0,75.0,332.0,224.0,482.0,374.0,0.5018413240278685,hough,17671.458676442588,1.0,0.78,206.00317011038777,6.733484290970846,0.0
79,3,392.0,203.0,84.0,308.0,119.0,476.0,287.0,0.4337215954982873,hough,22167.077763729583,1.0,0.78,208.1973523697646,5.905028690191117,0.0
79,4,264.0,189.0,84.0,180.0,105.0,348.0,273.0,0.39510294530503265,hough,22167.077763729583,1.0,0.78,154.04530515244983,9.764119937300906,0.0
80,0,545.0,314.0,75.0,470.0,239.0,620.0,389.0,0.6917756810426812,hough,17671.458676442588,1.0,0.78,147.79224455137276,72.60118879139542,0.0
80,1,287.0,239.0,62.0,225.0,177.0,349.0,301.0,0.6014216742691048,hough,12076.282160399165,1.0,0.78,192.5453113340519,10.93599204046099,0.0
80,2,337.0,295.0,78.0,259.0,217.0,415.0,373.0,0.49230881840654356,hough,19113.4497044403,1.0,0.78,217.45627714689414,7.167355696268774,0.0
80,3,413.0,299.0,80.0,333.0,219.0,493.0,379.0,0.4611156795698813,hough,20106.192982974677,1.0,0.78,195.97027040486032,8.446541506897066,0.0
80,4,276.0,326.0,74.0,202.0,252.0,350.0,400.0,0.4521266350571001,hough,17203.36137105771,1.0,0.78,133.0610983577609,10.556006827947495,0.0
80,5,386.0,199.0,84.0,302.0,115.0,470.0,283.0,0.4335989224512978,hough,22167.077763729583,1.0,0.78,208.115257759906,5.893778520760854,0.0
81,0,543.0,314.0,75.0,468.0,239.0,618.0,389.0,0.6922857291604281,hough,17671.458676442588,1.0,0.78,148.29170676478913,72.60662326634588,0.0
81,1,285.0,223.0,63.0,222.0,160.0,348.0,286.0,0.5862485581725245,hough,12468.981242097889,1.0,0.78,186.70448887818196,10.406889906046736,0.0
81,2,338.0,291.0,74.0,264.0,217.0,412.0,365.0,0.5218907295875446,hough,17203.36137105771,1.0,0.78,219.40888733787006,6.585180015122433,0.0
81,3,407.0,285.0,74.0,333.0,211.0,481.0,359.0,0.510428235731746,hough,17203.36137105771,1.0,0.78,207.72203803873668,6.583900424591404,0.0
81,4,397.0,199.0,84.0,313.0,115.0,481.0,283.0,0.4332925571002959,hough,22167.077763729583,1.0,0.78,204.31735417702072,6.804997063208782,0.0
81,5,270.0,335.0,80.0,190.0,255.0,350.0,415.0,0.3911077048447038,hough,20106.192982974677,1.0,0.78,119.51188145011908,9.766869542206933,0.0
82,0,543.0,314.0,75.0,468.0,239.0,618.0,389.0,0.6919270563111584,hough,17671.458676442588,1.0,0.78,148.06855363713558,72.56931786017549,0.0
82,1,413.0,295.0,80.0,333.0,215.0,493.0,375.0,0.46283521544956857,hough,20106.192982974677,1.0,0.78,197.73029231611972,8.444947960758926,0.0
82,2,337.0,288.0,84.0,253.0,204.0,421.0,372.0,0.44698791196478266,hough,22167.077763729583,1.0,0.78,216.5551439027696,7.257669543216012,0.0
82,3,338.0,195.0,84.0,254.0,111.0,422.0,279.0,0.4377447104371197,hough,22167.077763729583,1.0,0.78,211.74739077395742,6.04974472507116,0.0
82,4,265.0,247.0,84.0,181.0,163.0,349.0,331.0,0.39314730820476396,hough,22167.077763729583,1.0,0.78,154.97984924623117,8.998291457286433,0.0
83,0,545.0,313.0,74.0,471.0,239.0,619.0,387.0,0.705685084734361,hough,17203.36137105771,1.0,0.78,148.16047228523237,74.22404466934218,0.0
83,1,419.0,296.0,76.0,343.0,220.0,495.0,372.0,0.4918499559807454,hough,18145.839167134644,1.0,0.78,196.78063448275861,8.470289655172413,0.0
83,2,337.0,288.0,84.0,253.0,204.0,421.0,372.0,0.4459921537012369,hough,22167.077763729583,1.0,0.78,216.27429629964305,7.065558216238196,0.0
83,3,393.0,204.0,84.0,309.0,120.0,477.0,288.0,0.43362800908708166,hough,22167.077763729583,1.0,0.78,207.85424479284325,5.9697736411692945,0.0
83,4,265.0,264.0,84.0,181.0,180.0,349.0,348.0,0.38939799053799873,hough,22167.077763729583,1.0,0.78,153.31638190954774,8.433366834170855,0.0
84,0,524.0,201.0,62.0,462.0,139.0,586.0,263.0,0.7148677291274961,hough,12076.282160399165,1.0,0.78,44.09045684437443,104.46049249647625,0.0
84,1,529.0,333.0,83.0,446.0,250.0,612.0,416.0,0.5698920538979001,hough,21642.431790580085,1.0,0.78,147.93374635905496,55.9822922927551,0.0
84,2,407.0,299.0,74.0,333.0,225.0,481.0,373.0,0.5082397310621529,hough,17203.36137105771,1.0,0.78,206.20613040190776,6.396614901413366,0.0
84,3,335.0,228.0,84.0,251.0,144.0,419.0,312.0,0.4452846040659217,hough,22167.077763729583,1.0,0.78,216.40839470473952,6.841819906926308,0.0
85,0,301.0,253.0,49.0,252.0,204.0,350.0,302.0,0.6898904303477726,hough,7542.963961269093,1.0,0.78,224.8098338870432,10.172093023255815,0.0
85,1,535.0,343.0,80.0,455.0,263.0,615.0,423.0,0.5944294825715966,hough,20106.192982974677,1.0,0.78,144.00378957865868,57.582897033158815,0.0
85,2,416.0,282.0,78.0,338.0,204.0,494.0,360.0,0.47717617122971795,hough,19113.4497044403,1.0,0.78,198.23821236066775,8.156313778847663,0.0
85,3,396.0,200.0,83.0,313.0,117.0,479.0,283.0,0.4426481121675254,hough,21642.431790580085,1.0,0.78,205.70627398400296,6.946645707152435,0.0
86,0,533.0,341.0,80.0,453.0,261.0,613.0,421.0,0.5954443555400453,hough,20106.192982974677,1.0,0.78,145.12165728798368,57.561276828843184,0.0
86,1,408.0,299.0,74.0,334.0,225.0,482.0,373.0,0.5082604160650555,hough,17203.36137105771,1.0,0.78,205.5175362065957,6.582155528412726,0.0
86,2,275.0,181.0,74.0,201.0,107.0,349.0,255.0,0.4643401197428306,hough,17203.36137105771,1.0,0.78,156.70945067926758,7.630360307147076,0.0
86,3,383.0,199.0,84.0,299.0,115.0,467.0,283.0,0.43465982388230795,hough,22167.077763729583,1.0,0.78,208.0267022093706,6.199837346947996,0.0
87,0,535.0,343.0,80.0,455.0,263.0,615.0,423.0,0.5937444473009438,hough,20106.192982974677,1.0,0.78,143.85090999750688,57.440189478932936,0.0
87,1,320.0,229.0,70.0,250.0,159.0,390.0,299.0,0.5552012694866304,hough,15393.804002589986,1.0,0.78,216.92779548559162,8.156443114551486,0.0
87,2,408.0,297.0,74.0,334.0,223.0,482.0,371.0,0.5083932919048579,hough,17203.36137105771,1.0,0.78,206.03728261501774,6.481707671726865,0.0
87,3,395.0,224.0,84.0,311.0,140.0,479.0,308.0,0.4354264924979764,hough,22167.077763729583,1.0,0.78,208.67148601635566,6.235711381195499,0.0
88,0,545.0,341.0,79.0,466.0,262.0,624.0,420.0,0.6083340360058014,hough,19606.6797510539,1.0,0.78,143.66506614905245,59.389283342698064,0.0
88,1,339.0,295.0,76.0,263.0,219.0,415.0,371.0,0.5084263413762828,hough,18145.839167134644,1.0,0.78,216.80573793103449,7.655337931034483,0.0
88,2,409.0,297.0,75.0,334.0,222.0,484.0,372.0,0.5012328925998204,hough,17671.458676442588,1.0,0.78,204.95210868949903,6.846023209736768,0.0
88,3,401.0,183.0,78.0,323.0,105.0,479.0,261.0,0.4785287176122356,hough,19113.4497044403,1.0,0.78,199.03872520801715,8.307708409649903,0.0
88,4,270.0,247.0,82.0,188.0,165.0,352.0,329.0,0.40030127654509495,hough,21124.069002737768,1.0,0.78,154.5051048915528,7.050033016711535,0.0
89,0,545.0,317.0,76.0,469.0,241.0,621.0,393.0,0.6700110878265872,hough,18145.839167134644,1.0,0.78,146.2680827586207,69.18582068965517,0.0
89,1,277.0,181.0,72.0,205.0,109.0,349.0,253.0,0.4794175934040145,hough,16286.016316209487,1.0,0.78,158.07816361838852,7.313086999505684,0.0
89,2,351.0,291.0,83.0,268.0,208.0,434.0,374.0,0.4520756112405746,hough,21642.431790580085,1.0,0.78,214.38910721716215,7.19062369966249,0.0
89,3,399.0,204.0,84.0,315.0,120.0,483.0,288.0,0.435681873736,hough,22167.077763729583,1.0,0.78,204.6612750192021,7.352234220394885,0.0
90,0,542.0,317.0,76.0,466.0,241.0,618.0,393.0,0.6706107186582302,hough,18145.839167134644,1.0,0.78,147.22179310344828,69.09638620689655,0.0
90,1,405.0,301.0,71.0,334.0,230.0,476.0,372.0,0.5301322699965267,hough,15836.768566746148,1.0,0.78,207.17808132549166,6.010371213558464,0.0
90,2,339.0,295.0,76.0,263.0,219.0,415.0,371.0,0.5087044509097514,hough,18145.839167134644,1.0,0.78,216.57153103448275,7.790731034482758,0.0
90,3,399.0,195.0,79.0,320.0,116.0,478.0,274.0,0.47346531625964056,hough,19606.6797510539,1.0,0.78,204.5466618991674,7.507534351534964,0.0
90,4,270.0,247.0,82.0,188.0,165.0,352.0,329.0,0.4006797063240772,hough,21124.069002737768,1.0,0.78,154.32727180372834,7.197439934982476,0.0
91,0,542.0,317.0,76.0,466.0,241.0,618.0,393.0,0.6708280438779732,hough,18145.839167134644,1.0,0.78,147.27801379310344,69.13964137931035,0.0
91,1,302.0,296.0,46.0,256.0,250.0,348.0,342.0,0.668254065907974,hough,6647.610054996002,1.0,0.78,223.91441509433963,10.606641509433963,0.0
91,2,410.0,288.0,71.0,339.0,217.0,481.0,359.0,0.5322428999944311,hough,15836.768566746148,1.0,0.78,207.44128248909124,6.504395117940934,0.0
91,3,384.0,199.0,84.0,300.0,115.0,468.0,283.0,0.43570645662748575,hough,22167.077763729583,1.0,0.78,207.59264446753716,6.592418560520489,0.0
91,4,266.0,247.0,84.0,182.0,163.0,350.0,331.0,0.3823633166408809,hough,22167.077763729583,1.0,0.78,151.30153338994057,7.084211577843265,0.0
92,0,302.0,296.0,46.0,256.0,250.0,348.0,342.0,0.6681003515165571,hough,6647.610054996002,1.0,0.78,223.9729811320755,10.550339622641511,0.0
92,1,549.0,323.0,84.0,465.0,239.0,633.0,407.0,0.567853421544569,hough,22167.077763729583,1.0,0.78,139.3608186870284,59.66999503004563,0.0
92,2,408.0,299.0,74.0,334.0,225.0,482.0,373.0,0.5079762246533659,hough,17203.36137105771,1.0,0.78,205.45925667422787,6.521607631012621,0.0
92,3,399.0,203.0,84.0,315.0,119.0,483.0,287.0,0.4359751176544502,hough,22167.077763729583,1.0,0.78,204.84995255952649,7.381105137125559,0.0
92,4,267.0,245.0,84.0,183.0,161.0,351.0,329.0,0.3833761160899167,hough,22167.077763729583,1.0,0.78,152.11504468718968,7.141608738828203,0.0
93,0,549.0,323.0,84.0,465.0,239.0,633.0,407.0,0.5677972515366934,hough,22167.077763729583,1.0,0.78,139.27086251298965,59.678534315275826,0.0
93,1,408.0,299.0,74.0,334.0,225.0,482.0,373.0,0.50795137128737,hough,17203.36137105771,1.0,0.78,205.38451695457454,6.534519862734834,0.0
93,2,397.0,199.0,84.0,313.0,115.0,481.0,283.0,0.43658692922496467,hough,22167.077763729583,1.0,0.78,204.20309040798807,7.713369177246645,0.0
93,3,267.0,246.0,84.0,183.0,162.0,351.0,330.0,0.38367498479330664,hough,22167.077763729583,1.0,0.78,151.93217477656404,7.269116186693148,0.0
94,0,534.0,341.0,80.0,454.0,261.0,614.0,421.0,0.5930619979607903,hough,20106.192982974677,1.0,0.78,144.403864349385,57.11363975897615,0.0
94,1,341.0,296.0,78.0,263.0,218.0,419.0,374.0,0.4936852499514783,hough,19113.4497044403,1.0,0.78,215.55607305458162,8.031189491862474,0.0
94,2,414.0,296.0,80.0,334.0,216.0,494.0,376.0,0.46066466182898685,hough,20106.192982974677,1.0,0.78,195.84871271351028,8.358049897913451,0.0
94,3,397.0,201.0,83.0,314.0,118.0,480.0,284.0,0.44430140490539827,hough,21642.431790580085,1.0,0.78,205.91950621850293,7.331776781173425,0.0
94,4,269.0,246.0,83.0,186.0,163.0,352.0,329.0,0.3931138682281986,hough,21642.431790580085,1.0,0.78,153.2447346040322,7.45294912201711,0.0
95,0,330.0,297.0,67.0,263.0,230.0,397.0,364.0,0.5820035267628403,hough,14102.60942196458,1.0,0.78,218.88126199104667,8.822852270304839,0.0
95,1,551.0,323.0,84.0,467.0,239.0,635.0,407.0,0.5662665941827112,hough,22167.077763729583,1.0,0.78,138.27090769439297,59.53178511724574,0.0
95,2,415.0,300.0,80.0,335.0,220.0,495.0,380.0,0.4582226683242496,hough,20106.192982974677,1.0,0.78,192.88720681240974,8.48110153876799,0.0
95,3,395.0,223.0,84.0,311.0,139.0,479.0,307.0,0.436631534786884,hough,22167.077763729583,1.0,0.78,208.61744905796772,6.571183300953327,0.0
96,0,535.0,342.0,80.0,455.0,262.0,615.0,422.0,0.5922307415421719,hough,20106.192982974677,1.0,0.78,144.08247011952193,56.97599601593626,0.0
96,1,281.0,228.0,70.0,211.0,158.0,351.0,298.0,0.5077883316646532,hough,15393.804002589986,1.0,0.78,169.98458336043714,7.7857282248097315,0.0
96,2,339.0,294.0,78.0,261.0,216.0,417.0,372.0,0.4931002263664516,hough,19113.4497044403,1.0,0.78,216.35731854100163,7.6657072583599355,0.0
96,3,421.0,293.0,84.0,337.0,209.0,505.0,377.0,0.43902916679409887,hough,22167.077763729583,1.0,0.78,189.78471061311163,12.134143586499796,0.0
96,4,393.0,199.0,84.0,309.0,115.0,477.0,283.0,0.43605950721382525,hough,22167.077763729583,1.0,0.78,205.98296661094292,7.107396195725839,0.0
96,5,269.0,317.0,83.0,186.0,234.0,352.0,400.0,0.3677337155167564,hough,21642.431790580085,1.0,0.78,128.22917604682576,7.224923708039421,0.0
97,0,535.0,342.0,80.0,455.0,262.0,615.0,422.0,0.592154382761608,hough,20106.192982974677,1.0,0.78,144.0285856573705,56.96972111553785,0.0
97,1,409.0,299.0,74.0,335.0,225.0,483.0,373.0,0.5071145994821551,hough,17203.36137105771,1.0,0.78,205.13569475949515,6.376432268946664,0.0
97,2,336.0,191.0,80.0,256.0,111.0,416.0,271.0,0.47000557256208636,hough,20106.192982974677,1.0,0.78,210.38583735869727,7.0484039639460185,0.0
97,3,266.0,273.0,84.0,182.0,189.0,350.0,357.0,0.3807861858634913,hough,22167.077763729583,1.0,0.78,150.26027670945507,6.9358673392937416,0.0
98,0,534.0,341.0,80.0,454.0,261.0,614.0,421.0,0.5929058240924081,hough,20106.192982974677,1.0,0.78,144.6060953139784,57.01912255365769,0.0
98,1,333.0,181.0,71.0,262.0,110.0,404.0,252.0,0.535257373380067,hough,15836.768566746148,1.0,0.78,207.57636122177954,7.272939986087396,0.0
98,2,404.0,251.0,76.0,328.0,175.0,480.0,327.0,0.4978085171707386,hough,18145.839167134644,1.0,0.78,207.10184827586207,7.360882758620689,0.0
98,3,341.0,290.0,84.0,257.0,206.0,425.0,374.0,0.4471858496994934,hough,22167.077763729583,1.0,0.78,215.44517236705371,7.600641575927348,0.0
98,4,411.0,330.0,83.0,328.0,247.0,494.0,413.0,0.40229623120523716,hough,21642.431790580085,1.0,0.78,163.3465717323963,7.260576078413242,0.0
99,0,541.0,315.0,78.0,463.0,237.0,619.0,393.0,0.6509389616302992,hough,19113.4497044403,1.0,0.78,145.12334502067088,68.37929771311947,0.0
99,1,321.0,181.0,72.0,249.0,109.0,393.0,253.0,0.5285807382939556,hough,16286.016316209487,1.0,0.78,207.05190567083307,7.619666276707099,0.0
99,2,366.0,308.0,76.0,290.0,232.0,442.0,384.0,0.4935737585500489,hough,18145.839167134644,1.0,0.78,204.13048275862067,7.008441379310344,0.0
99,3,393.0,187.0,84.0,309.0,103.0,477.0,271.0,0.43328722060072067,hough,22167.077763729583,1.0,0.78,200.786924501875,7.726562147020286,0.0
100,0,545.0,313.0,74.0,471.0,239.0,619.0,387.0,0.7036204078195656,hough,17203.36137105771,1.0,0.78,147.96911533763742,73.72349211888559,0.0
100,1,336.0,283.0,82.0,254.0,201.0,418.0,365.0,0.4640026344684165,hough,21124.069002737768,1.0,0.78,217.77323349604282,7.4963745794038195,0.0
100,2,399.0,204.0,84.0,315.0,120.0,483.0,288.0,0.43447350042598376,hough,22167.077763729583,1.0,0.78,204.8598472868567,6.978087019382822,0.0
100,3,410.0,330.0,84.0,326.0,246.0,494.0,414.0,0.398646531247674,hough,22167.077763729583,1.0,0.78,164.12081507251614,8.074955948131748,0.0
100,4,266.0,246.0,84.0,182.0,162.0,350.0,330.0,0.38645992941315627,hough,22167.077763729583,1.0,0.78,153.26352330053444,7.663703111732681,0.0
101,0,302.0,193.0,47.0,255.0,146.0,349.0,240.0,0.6570177543442852,hough,6939.778171779853,1.0,0.78,210.44025429851175,9.14289842508308,0.0
101,1,548.0,324.0,84.0,464.0,240.0,632.0,408.0,0.5696471276864936,hough,22167.077763729583,1.0,0.78,140.314552930014,59.8989743821443,0.0
101,2,411.0,296.0,76.0,335.0,220.0,487.0,372.0,0.49314130148446406,hough,18145.839167134644,1.0,0.78,203.09721379310344,7.163255172413793,0.0
101,3,336.0,283.0,82.0,254.0,201.0,418.0,365.0,0.4640401896070541,hough,21124.069002737768,1.0,0.78,217.70930287664092,7.523103170465855,0.0
101,4,397.0,201.0,83.0,314.0,118.0,480.0,284.0,0.44268230509477724,hough,21642.431790580085,1.0,0.78,205.79102131397661,6.933607656387258,0.0
101,5,266.0,248.0,84.0,182.0,164.0,350.0,332.0,0.38655864071726737,hough,22167.077763729583,1.0,0.78,153.17296838319766,7.713700614354927,0.0
102,0,300.0,224.0,50.0,250.0,174.0,350.0,274.0,0.6905676923652275,hough,7853.981633974483,1.0,0.78,218.23734862970042,10.080943275971956,0.0
102,1,548.0,324.0,84.0,464.0,240.0,632.0,408.0,0.5696720693714765,hough,22167.077763729583,1.0,0.78,140.26205213933943,59.919351195048115,0.0
102,2,393.0,199.0,80.0,313.0,119.0,473.0,279.0,0.4640497280461016,hough,20106.192982974677,1.0,0.78,207.785966834321,6.139883471938648,0.0
102,3,356.0,290.0,84.0,272.0,206.0,440.0,374.0,0.4429444975086826,hough,22167.077763729583,1.0,0.78,213.76329462793112,6.909320923507884,0.0
103,0,541.0,337.0,75.0,466.0,262.0,616.0,412.0,0.664527465339757,hough,17671.458676442588,1.0,0.78,148.4157939428248,65.17197848853665,0.0
103,1,341.0,299.0,74.0,267.0,225.0,415.0,373.0,0.5208412757514531,hough,17203.36137105771,1.0,0.78,215.96353166986563,7.206072238701797,0.0
103,2,414.0,290.0,83.0,331.0,207.0,497.0,373.0,0.4425258067841395,hough,21642.431790580085,1.0,0.78,196.3024180498405,9.37255536548153,0.0
103,3,393.0,204.0,84.0,309.0,120.0,477.0,288.0,0.4350368460823234,hough,22167.077763729583,1.0,0.78,207.69285682013282,6.387656440609045,0.0
103,4,266.0,247.0,84.0,182.0,163.0,350.0,331.0,0.3875923629070074,hough,22167.077763729583,1.0,0.78,153.59862144748016,7.878078018081015,0.0
104,0,545.0,319.0,79.0,466.0,240.0,624.0,398.0,0.6379484569900096,hough,19606.6797510539,1.0,0.78,144.25376717576748,67.13255350666599,0.0
104,1,288.0,281.0,62.0,226.0,219.0,350.0,343.0,0.5941660021221264,hough,12076.282160399165,1.0,0.78,188.82173949092115,9.974628969405522,0.0
104,2,407.0,300.0,74.0,333.0,226.0,481.0,374.0,0.5109537973203087,hough,17203.36137105771,1.0,0.78,206.08765195137556,7.151340661897284,0.0
104,3,395.0,203.0,83.0,312.0,120.0,478.0,286.0,0.4434407537190372,hough,21642.431790580085,1.0,0.78,206.997734523094,6.8203800453095385,0.0
104,4,264.0,193.0,84.0,180.0,109.0,348.0,277.0,0.38883073441835203,hough,22167.077763729583,1.0,0.78,152.43813520756436,8.511705516509076,0.0
105,0,300.0,240.0,50.0,250.0,190.0,350.0,290.0,0.6954791383967949,hough,7853.981633974483,1.0,0.78,222.1880178457616,10.35780752071383,0.0
105,1,545.0,319.0,79.0,466.0,240.0,624.0,398.0,0.6378633005389118,hough,19606.6797510539,1.0,0.78,144.21887929713438,67.11896613372835,0.0
105,2,407.0,300.0,74.0,333.0,226.0,481.0,374.0,0.5108772514050193,hough,17203.36137105771,1.0,0.78,206.01291223172223,7.150468213807945,0.0
105,3,337.0,296.0,76.0,261.0,220.0,413.0,372.0,0.5079716341416649,hough,18145.839167134644,1.0,0.78,217.09153103448276,7.459365517241379,0.0
105,4,393.0,200.0,84.0,309.0,116.0,477.0,284.0,0.4365552236181297,hough,22167.077763729583,1.0,0.78,205.67202819319567,7.32087832648082,0.0
106,0,545.0,319.0,79.0,466.0,240.0,624.0,398.0,0.6378294322641156,hough,19606.6797510539,1.0,0.78,144.19293047964447,67.1167185983552,0.0
106,1,289.0,282.0,60.0,229.0,222.0,349.0,342.0,0.6137413676810385,hough,11309.733552923255,1.0,0.78,192.81273806360173,10.171228629639472,0.0
106,2,429.0,289.0,83.0,346.0,206.0,512.0,372.0,0.4605148141444464,hough,21642.431790580085,1.0,0.78,187.1430024504138,16.564242452263166,0.0
106,3,396.0,197.0,82.0,314.0,115.0,478.0,279.0,0.4509389008473912,hough,21124.069002737768,1.0,0.78,204.3974693142505,7.5096440926970285,0.0
107,0,305.0,296.0,45.0,260.0,251.0,350.0,341.0,0.6600029107286376,hough,6361.725123519332,1.0,0.78,225.99041031284392,9.853639364879736,0.0
107,1,546.0,319.0,79.0,467.0,240.0,625.0,398.0,0.6383298431604556,hough,19606.6797510539,1.0,0.78,143.81181999284874,67.3497982326199,0.0
107,2,407.0,300.0,74.0,333.0,226.0,481.0,374.0,0.511311258690246,hough,17203.36137105771,1.0,0.78,206.13412435293432,7.234514046414239,0.0
107,3,392.0,183.0,84.0,308.0,99.0,476.0,267.0,0.4332252334871656,hough,22167.077763729583,1.0,0.78,198.57244838024667,8.288980255726742,0.0
107,4,265.0,233.0,84.0,181.0,149.0,349.0,317.0,0.39117162217658386,hough,22167.077763729583,1.0,0.78,154.1261809045226,8.69462311557789,0.0
108,0,549.0,308.0,70.0,479.0,238.0,619.0,378.0,0.7589467638790142,hough,15393.804002589986,1.0,0.78,149.94659467898262,83.77349899173876,0.0
108,1,409.0,299.0,75.0,334.0,224.0,484.0,374.0,0.504274626559184,hough,17671.458676442588,1.0,0.78,204.34010755731674,7.817152561562412,0.0
108,2,392.0,186.0,84.0,308.0,102.0,476.0,270.0,0.43399481010198,hough,22167.077763729583,1.0,0.78,199.77978584014818,8.1785569059775,0.0
108,3,265.0,249.0,84.0,181.0,165.0,349.0,333.0,0.3913086098108335,hough,22167.077763729583,1.0,0.78,153.97547738693467,8.770552763819095,0.0
109,0,299.0,224.0,50.0,249.0,174.0,349.0,274.0,0.6913086695081561,hough,7853.981633974483,1.0,0.78,218.86003824091776,10.1157425111536,0.0
109,1,301.0,288.0,48.0,253.0,240.0,349.0,336.0,0.6839244244724298,hough,7238.229473870883,1.0,0.78,224.7971717731873,10.574518230971856,0.0
109,2,545.0,319.0,79.0,466.0,240.0,624.0,398.0,0.6390665908145154,hough,19606.6797510539,1.0,0.78,144.13990907697809,67.46048934974715,0.0
109,3,407.0,300.0,74.0,333.0,226.0,481.0,374.0,0.5110372102003795,hough,17203.36137105771,1.0,0.78,206.01611120804978,7.192287558890246,0.0
109,4,398.0,199.0,79.0,319.0,120.0,477.0,278.0,0.47281546404210245,hough,19606.6797510539,1.0,0.78,206.80829544874086,6.742963681871584,0.0
110,0,301.0,288.0,48.0,253.0,240.0,349.0,336.0,0.684151475711614,hough,7238.229473870883,1.0,0.78,224.77263274643008,10.64148065991959,0.0
110,1,545.0,319.0,79.0,466.0,240.0,624.0,398.0,0.6389165410362141,hough,19606.6797510539,1.0,0.78,144.0937324411299,67.43254839863104,0.0
110,2,408.0,300.0,74.0,334.0,226.0,482.0,374.0,0.5110964340295028,hough,17203.36137105771,1.0,0.78,205.46071075437678,7.353283312976211,0.0
110,3,395.0,227.0,83.0,312.0,144.0,478.0,310.0,0.44315844279661,hough,21642.431790580085,1.0,0.78,208.92972398169124,6.240001849368903,0.0
111,0,549.0,308.0,70.0,479.0,238.0,619.0,378.0,0.7589046095034411,hough,15393.804002589986,1.0,0.78,149.903597215898,83.8953359786639,0.0
111,1,302.0,254.0,47.0,255.0,207.0,349.0,301.0,0.6749168664526455,hough,6939.778171779853,1.0,0.78,227.305736165294,9.506718682271348,0.0
111,2,407.0,300.0,74.0,333.0,226.0,481.0,374.0,0.5113735916848641,hough,17203.36137105771,1.0,0.78,206.04530913743966,7.274355842494038,0.0
111,3,390.0,204.0,84.0,306.0,120.0,474.0,288.0,0.4355813207510596,hough,22167.077763729583,1.0,0.78,208.20069579361135,6.400081326526001,0.0
112,0,300.0,271.0,49.0,251.0,222.0,349.0,320.0,0.6978187477212336,hough,7542.963961269093,1.0,0.78,225.7479069767442,12.041063122923589,0.0
112,1,543.0,318.0,78.0,465.0,240.0,621.0,396.0,0.656222811812792,hough,19113.4497044403,1.0,0.78,145.3559579255848,69.72751059710085,0.0
112,2,303.0,168.0,58.0,245.0,110.0,361.0,226.0,0.6378896286402544,hough,10568.317686676064,1.0,0.78,200.88481576205362,10.52031827223643,0.0
112,3,419.0,290.0,84.0,335.0,206.0,503.0,374.0,0.4484818394955835,hough,22167.077763729583,1.0,0.78,192.11602584376269,14.045362128947724,0.0
112,4,396.0,200.0,84.0,312.0,116.0,480.0,284.0,0.4383228164592692,hough,22167.077763729583,1.0,0.78,204.2206207924818,8.171689332670672,0.0
113,0,300.0,271.0,49.0,251.0,222.0,349.0,320.0,0.6980165035677582,hough,7542.963961269093,1.0,0.78,225.66750830564786,12.114817275747509,0.0
113,1,543.0,315.0,75.0,468.0,240.0,618.0,390.0,0.6969156304274733,hough,17671.458676442588,1.0,0.78,147.92878573450326,73.93614491933201,0.0
113,2,303.0,168.0,58.0,245.0,110.0,361.0,226.0,0.6380421898068067,hough,10568.317686676064,1.0,0.78,200.84332670266173,10.571848062896656,0.0
113,3,393.0,203.0,83.0,310.0,120.0,476.0,286.0,0.4452200041172407,hough,21642.431790580085,1.0,0.78,207.60807249526098,7.135281335244348,0.0
113,4,356.0,302.0,84.0,272.0,218.0,440.0,386.0,0.4443434012395148,hough,22167.077763729583,1.0,0.78,207.62088284462115,8.888221208150725,0.0
114,0,545.0,313.0,72.0,473.0,241.0,617.0,385.0,0.7388503642466702,hough,16286.016316209487,1.0,0.78,150.13656794532355,78.5713933871067,0.0
114,1,399.0,287.0,75.0,324.0,212.0,474.0,362.0,0.5063153143599199,hough,17671.458676442588,1.0,0.78,208.90455703368244,7.168015850551939,0.0
114,2,273.0,182.0,74.0,199.0,108.0,347.0,256.0,0.47802808223413745,hough,17203.36137105771,1.0,0.78,158.5195238095238,10.807261904761905,0.0
114,3,393.0,203.0,83.0,310.0,120.0,476.0,286.0,0.44522399748489616,hough,21642.431790580085,1.0,0.78,207.59304637292524,7.140274631282075,0.0
115,0,548.0,320.0,80.0,468.0,240.0,628.0,400.0,0.6275506083045841,hough,20106.192982974677,1.0,0.78,142.18216224291618,66.89143966933918,0.0
115,1,405.0,299.0,75.0,330.0,224.0,480.0,374.0,0.506443332818931,hough,17671.458676442588,1.0,0.78,206.5972261534107,7.8053778658364,0.0
115,2,331.0,284.0,79.0,252.0,205.0,410.0,363.0,0.49249755271758894,hough,19606.6797510539,1.0,0.78,219.1642744036369,8.761199366603668,0.0
115,3,273.0,182.0,74.0,199.0,108.0,347.0,256.0,0.4781209568839974,hough,17203.36137105771,1.0,0.78,158.61880952380952,10.806071428571428,0.0
115,4,392.0,204.0,84.0,308.0,120.0,476.0,288.0,0.43788117599338694,hough,22167.077763729583,1.0,0.78,207.85230199249986,7.104459404509104,0.0
116,0,527.0,339.0,79.0,448.0,260.0,606.0,418.0,0.6148039506815863,hough,19606.6797510539,1.0,0.78,148.2187260560862,59.92409460080707,0.0
116,1,287.0,239.0,62.0,225.0,177.0,349.0,301.0,0.6032605456272824,hough,12076.282160399165,1.0,0.78,192.5638006798773,11.421523920072962,0.0
116,2,335.0,306.0,70.0,265.0,236.0,405.0,376.0,0.5546597324398856,hough,15393.804002589986,1.0,0.78,215.68223508749105,8.337669940805307,0.0
116,3,420.0,293.0,84.0,336.0,209.0,504.0,377.0,0.4453913340574258,hough,22167.077763729583,1.0,0.78,190.63244928387473,13.609090498350877,0.0
116,4,392.0,183.0,84.0,308.0,99.0,476.0,267.0,0.43132833877843946,hough,22167.077763729583,1.0,0.78,199.1265531107396,7.638277684904892,0.0
117,0,547.0,347.0,74.0,473.0,273.0,621.0,421.0,0.6645897489672967,hough,17203.36137105771,1.0,0.78,143.80177979410226,64.40481591345315,0.0
117,1,319.0,182.0,72.0,247.0,110.0,391.0,254.0,0.5315693497843618,hough,16286.016316209487,1.0,0.78,207.97500153931406,8.175297087617757,0.0
117,2,413.0,301.0,80.0,333.0,221.0,493.0,381.0,0.4635875679318194,hough,20106.192982974677,1.0,0.78,194.1963049648922,9.569493551117972,0.0
117,3,336.0,288.0,84.0,252.0,204.0,420.0,372.0,0.4503120196542146,hough,22167.077763729583,1.0,0.78,216.38756607780235,8.187909456467718,0.0
117,4,392.0,186.0,84.0,308.0,102.0,476.0,270.0,0.4323095969121995,hough,22167.077763729583,1.0,0.78,200.33239958433109,7.584692540550309,0.0
117,5,265.0,246.0,84.0,181.0,162.0,349.0,330.0,0.39811733850331554,hough,22167.077763729583,1.0,0.78,155.663216080402,10.14497487437186,0.0
118,0,299.0,239.0,50.0,249.0,189.0,349.0,289.0,0.6996778943172637,hough,7853.981633974483,1.0,0.78,222.83492670490756,11.308349267049074,0.0
118,1,534.0,317.0,84.0,450.0,233.0,618.0,401.0,0.5944645914948605,hough,22167.077763729583,1.0,0.78,143.73826413048388,65.6218768354945,0.0
118,2,319.0,183.0,72.0,247.0,111.0,391.0,255.0,0.5321637634626464,hough,16286.016316209487,1.0,0.78,208.42916076596268,8.215072963487469,0.0
118,3,366.0,309.0,78.0,288.0,231.0,444.0,387.0,0.48081750797792916,hough,19113.4497044403,1.0,0.78,202.639750902716,7.976607881103145,0.0
118,4,392.0,186.0,84.0,308.0,102.0,476.0,270.0,0.43235061343176084,hough,22167.077763729583,1.0,0.78,200.29422129851352,7.60561153029413,0.0
119,0,534.0,337.0,80.0,454.0,257.0,614.0,417.0,0.6086056063956486,hough,20106.192982974677,1.0,0.78,147.63323539664358,60.41432199591654,0.0
119,1,325.0,309.0,72.0,253.0,237.0,397.0,381.0,0.542439038094388,hough,16286.016316209487,1.0,0.78,210.8746382611908,10.315805676990331,0.0
119,2,414.0,295.0,79.0,335.0,216.0,493.0,374.0,0.47172332861307253,hough,19606.6797510539,1.0,0.78,197.37845430862745,8.917045512591306,0.0
119,3,271.0,182.0,76.0,195.0,106.0,347.0,258.0,0.4570788112126302,hough,18145.839167134644,1.0,0.78,156.5933876707611,9.704454138445644,0.0
119,4,395.0,199.0,83.0,312.0,116.0,478.0,282.0,0.4426456044142276,hough,21642.431790580085,1.0,0.78,205.72157751167416,6.941976050672708,0.0
120,0,287.0,237.0,62.0,225.0,175.0,349.0,299.0,0.5995719573074507,hough,12076.282160399165,1.0,0.78,191.97313655584114,10.592322361329906,0.0
120,1,547.0,324.0,84.0,463.0,240.0,631.0,408.0,0.5725207867511677,hough,22167.077763729583,1.0,0.78,140.6205665747978,60.58527989879365,0.0
120,2,407.0,297.0,75.0,332.0,222.0,482.0,372.0,0.5015646233957334,hough,17671.458676442588,1.0,0.78,205.72504953297482,6.732408717803566,0.0
120,3,385.0,199.0,84.0,301.0,115.0,469.0,283.0,0.4339726136302046,hough,22167.077763729583,1.0,0.78,208.0711155288483,6.004969954366782,0.0
121,0,297.0,223.0,49.0,248.0,174.0,346.0,272.0,0.684281636132412,hough,7542.963961269093,1.0,0.78,219.294219269103,10.118405315614618,0.0
121,1,287.0,282.0,62.0,225.0,220.0,349.0,344.0,0.5981280207659159,hough,12076.282160399165,1.0,0.78,188.78301965011192,11.041290108614543,0.0
121,2,547.0,324.0,84.0,463.0,240.0,631.0,408.0,0.5724816096019725,hough,22167.077763729583,1.0,0.78,140.60583743731078,60.57868341390683,0.0
121,3,407.0,297.0,75.0,332.0,222.0,482.0,372.0,0.5015916403729177,hough,17671.458676442588,1.0,0.78,205.7214265496745,6.740560430229267,0.0
121,4,393.0,195.0,80.0,313.0,115.0,473.0,275.0,0.4634302552931042,hough,20106.192982974677,1.0,0.78,206.18818783925104,6.392410736517106,0.0
122,0,537.0,333.0,71.0,466.0,262.0,608.0,404.0,0.7159692488783849,hough,15836.768566746148,1.0,0.78,150.94150382596595,70.26927211787769,0.0
122,1,287.0,240.0,62.0,225.0,178.0,349.0,302.0,0.6002630337960844,hough,12076.282160399165,1.0,0.78,191.83857059945277,10.81179006715861,0.0
122,2,408.0,297.0,75.0,333.0,222.0,483.0,372.0,0.5014343794215517,hough,17671.458676442588,1.0,0.78,205.01341636003397,6.883724879705633,0.0
122,3,391.0,193.0,78.0,313.0,115.0,469.0,271.0,0.4778565725702217,hough,19113.4497044403,1.0,0.78,206.74655921293632,6.113349730493485,0.0
122,4,337.0,287.0,84.0,253.0,203.0,421.0,371.0,0.44809313768132875,hough,22167.077763729583,1.0,0.78,216.4285004292233,7.585505805810328,0.0
123,0,543.0,313.0,74.0,469.0,239.0,617.0,387.0,0.7063421849792169,hough,17203.36137105771,1.0,0.78,148.35840167510034,74.34752515558658,0.0
123,1,287.0,240.0,62.0,225.0,178.0,349.0,302.0,0.6004802750744878,hough,12076.282160399165,1.0,0.78,191.8273774977199,10.872647375839483,0.0
123,2,338.0,294.0,78.0,260.0,216.0,416.0,372.0,0.4918231346254693,hough,19113.4497044403,1.0,0.78,216.96368203464337,7.166623057198179,0.0
123,3,396.0,201.0,83.0,313.0,118.0,479.0,284.0,0.44183927617300467,hough,21642.431790580085,1.0,0.78,206.21397198206114,6.598224605853253,0.0
123,4,264.0,173.0,84.0,180.0,89.0,348.0,257.0,0.3887433768025039,hough,22167.077763729583,1.0,0.78,150.15831521464327,9.08444152298124,0.0
124,0,523.0,201.0,62.0,461.0,139.0,585.0,263.0,0.7150728953495276,hough,12076.282160399165,1.0,0.78,44.29972639084653,103.38122875383468,0.0
124,1,528.0,336.0,82.0,446.0,254.0,610.0,418.0,0.5813173282242184,hough,21124.069002737768,1.0,0.78,147.5818207667883,57.13098905265153,0.0
124,2,407.0,300.0,74.0,333.0,226.0,481.0,374.0,0.5083928884688951,hough,17203.36137105771,1.0,0.78,205.5498749491072,6.609026929564358,0.0
124,3,338.0,294.0,78.0,260.0,216.0,416.0,372.0,0.4920374443799326,hough,19113.4497044403,1.0,0.78,216.97770683970904,7.220105709351614,0.0
124,4,391.0,193.0,78.0,313.0,115.0,469.0,271.0,0.47796461246313743,hough,19113.4497044403,1.0,0.78,206.75247265686326,6.140614370192056,0.0
125,0,523.0,201.0,62.0,461.0,139.0,585.0,263.0,0.7150995572040546,hough,12076.282160399165,1.0,0.78,44.32692148246414,103.3735179504187,0.0
125,1,547.0,324.0,84.0,463.0,240.0,631.0,408.0,0.5721587995490216,hough,22167.077763729583,1.0,0.78,140.4428229340803,60.53521890389915,0.0
125,2,338.0,294.0,78.0,260.0,216.0,416.0,372.0,0.4920658046433953,hough,19113.4497044403,1.0,0.78,216.94117954890365,7.2372180647862265,0.0
125,3,415.0,282.0,78.0,337.0,204.0,493.0,360.0,0.47821004398652384,hough,19113.4497044403,1.0,0.78,198.43764718195615,8.379873358103511,0.0
125,4,398.0,204.0,84.0,314.0,120.0,482.0,288.0,0.433959870924122,hough,22167.077763729583,1.0,0.78,205.07509149234173,6.784846157321646,0.0
126,0,543.0,313.0,74.0,469.0,239.0,617.0,387.0,0.7060548844020325,hough,17203.36137105771,1.0,0.78,148.3763741057407,74.2662129936602,0.0
126,1,407.0,300.0,74.0,333.0,226.0,481.0,374.0,0.508512549286168,hough,17203.36137105771,1.0,0.78,205.7068574419822,6.599895306229279,0.0
126,2,338.0,294.0,78.0,260.0,216.0,416.0,372.0,0.49209667886445324,hough,19113.4497044403,1.0,0.78,216.99529017740332,7.231304620859281,0.0
126,3,395.0,201.0,83.0,312.0,118.0,478.0,284.0,0.44204885771702823,hough,21642.431790580085,1.0,0.78,206.831661195617,6.4926256414998385,0.0
126,4,267.0,247.0,82.0,185.0,165.0,349.0,329.0,0.41205817369233677,hough,21124.069002737768,1.0,0.78,156.3635847107438,9.699328512396693,0.0
127,0,287.0,240.0,62.0,225.0,178.0,349.0,302.0,0.6011979138421248,hough,12076.282160399165,1.0,0.78,191.83185473841306,11.062847193433381,0.0
127,1,546.0,324.0,84.0,462.0,240.0,630.0,408.0,0.573142786285179,hough,22167.077763729583,1.0,0.78,141.14543893733338,60.613924908507656,0.0
127,2,332.0,296.0,79.0,253.0,217.0,411.0,375.0,0.4890839305899822,hough,19606.6797510539,1.0,0.78,215.79843694130867,8.730857639066251,0.0
127,3,415.0,282.0,78.0,337.0,204.0,493.0,360.0,0.47797259684376486,hough,19113.4497044403,1.0,0.78,198.62881364801925,8.266575958972211,0.0
127,4,398.0,198.0,79.0,319.0,119.0,477.0,277.0,0.47136351262251935,hough,19606.6797510539,1.0,0.78,206.91341880778464,6.328293405526893,0.0
128,0,549.0,308.0,70.0,479.0,238.0,619.0,378.0,0.7589604114378232,hough,15393.804002589986,1.0,0.78,149.96051518896766,84.07792883627138,0.0
128,1,302.0,253.0,47.0,255.0,206.0,349.0,300.0,0.6772328959564857,hough,6939.778171779853,1.0,0.78,227.32423060251406,10.119491402976447,0.0
128,2,411.0,297.0,76.0,335.0,221.0,487.0,373.0,0.4960549133843965,hough,18145.839167134644,1.0,0.78,202.5760551724138,8.076468965517241,0.0
128,3,392.0,191.0,84.0,308.0,107.0,476.0,275.0,0.43387221900165335,hough,22167.077763729583,1.0,0.78,202.3353363755478,7.477748158857813,0.0
129,0,548.0,319.0,80.0,468.0,239.0,628.0,399.0,0.6267873758665465,hough,20106.192982974677,1.0,0.78,141.72366913998306,66.8077784970868,0.0
129,1,285.0,240.0,63.0,222.0,177.0,348.0,303.0,0.5908171734207597,hough,12468.981242097889,1.0,0.78,187.874889584839,11.319200192724646,0.0
129,2,405.0,299.0,75.0,330.0,224.0,480.0,374.0,0.5041752512019082,hough,17671.458676442588,1.0,0.78,206.48870648174358,7.228927257288424,0.0
129,3,395.0,201.0,83.0,312.0,118.0,478.0,284.0,0.4434086481309515,hough,21642.431790580085,1.0,0.78,206.42100883073653,6.962596513939618,0.0
130,0,299.0,239.0,50.0,249.0,189.0,349.0,289.0,0.6993126123217377,hough,7853.981633974483,1.0,0.78,222.62128744423197,11.266794136392607,0.0
130,1,549.0,324.0,84.0,465.0,240.0,633.0,408.0,0.575235849123652,hough,22167.077763729583,1.0,0.78,139.3907287760358,61.630822753354714,0.0
130,2,407.0,301.0,74.0,333.0,227.0,481.0,375.0,0.511710261134241,hough,17203.36137105771,1.0,0.78,205.64898505205608,7.467748502297447,0.0
130,3,337.0,299.0,78.0,259.0,221.0,415.0,377.0,0.4959371569678826,hough,19113.4497044403,1.0,0.78,215.95122717044325,8.528389763985556,0.0
130,4,395.0,201.0,83.0,312.0,118.0,478.0,284.0,0.4434450711795273,hough,21642.431790580085,1.0,0.78,206.3990938092376,6.978038744278515,0.0
131,0,299.0,239.0,50.0,249.0,189.0,349.0,289.0,0.6994461837235297,hough,7853.981633974483,1.0,0.78,222.79604843849583,11.256724028043338,0.0
131,1,543.0,315.0,75.0,468.0,240.0,618.0,390.0,0.6960321036796671,hough,17671.458676442588,1.0,0.78,148.01539767902634,73.6778941409567,0.0
131,2,331.0,306.0,70.0,261.0,236.0,401.0,376.0,0.5580034465273549,hough,15393.804002589986,1.0,0.78,216.50939959669552,9.013074871528003,0.0
131,3,399.0,305.0,80.0,319.0,225.0,479.0,385.0,0.46606941595712087,hough,20106.192982974677,1.0,0.78,200.28021512872866,8.640754942482944,0.0
131,4,392.0,186.0,84.0,308.0,102.0,476.0,270.0,0.4339734552445805,hough,22167.077763729583,1.0,0.78,200.14304432295665,8.077892739348483,0.0
132,0,547.0,318.0,78.0,469.0,240.0,625.0,396.0,0.6573306475107847,hough,19113.4497044403,1.0,0.78,143.28787482338166,70.56360877073631,0.0
132,1,333.0,284.0,79.0,254.0,205.0,412.0,363.0,0.4938682212792364,hough,19606.6797510539,1.0,0.78,219.89610256934156,8.935383358022168,0.0
132,2,413.0,303.0,79.0,334.0,224.0,492.0,382.0,0.4787426036827572,hough,19606.6797510539,1.0,0.78,194.24947642641874,11.606885631097716,0.0
132,3,393.0,204.0,83.0,310.0,121.0,476.0,287.0,0.44723627969677765,hough,21642.431790580085,1.0,0.78,207.63572056035878,7.665726570807712,0.0
133,0,540.0,342.0,78.0,462.0,264.0,618.0,420.0,0.6384057825205685,hough,19113.4497044403,1.0,0.78,146.19629493955728,64.7566068344759,0.0
133,1,288.0,241.0,60.0,228.0,181.0,348.0,301.0,0.6311821068875192,hough,11309.733552923255,1.0,0.78,197.37895296306138,13.628310744972982,0.0
133,2,415.0,297.0,76.0,339.0,221.0,491.0,373.0,0.5004647511125913,hough,18145.839167134644,1.0,0.78,198.53246896551724,10.309572413793104,0.0
133,3,387.0,201.0,84.0,303.0,117.0,471.0,285.0,0.44089866806227884,hough,22167.077763729583,1.0,0.78,207.35020105724482,8.040392174580942,0.0
134,0,531.0,356.0,63.0,468.0,293.0,594.0,419.0,0.744162435921488,hough,12468.981242097889,1.0,0.78,143.58805107203085,63.789528627639925,0.0
134,1,301.0,253.0,47.0,254.0,206.0,348.0,300.0,0.6830669021496291,hough,6939.778171779853,1.0,0.78,227.2199104175697,11.702499638780521,0.0
134,2,401.0,302.0,79.0,322.0,223.0,480.0,381.0,0.47998959520041445,hough,19606.6797510539,1.0,0.78,203.05378760790722,9.63763600143025,0.0
134,3,387.0,201.0,84.0,303.0,117.0,471.0,285.0,0.44089117990910853,hough,22167.077763729583,1.0,0.78,207.3069624542538,8.049699543667826,0.0
135,0,301.0,255.0,47.0,254.0,208.0,348.0,302.0,0.684069151626215,hough,6939.778171779853,1.0,0.78,227.55468862881085,11.88224245051293,0.0
135,1,525.0,341.0,79.0,446.0,262.0,604.0,420.0,0.6248326671025164,hough,19606.6797510539,1.0,0.78,148.2801246360525,62.58236706339071,0.0
135,2,405.0,301.0,74.0,331.0,227.0,479.0,375.0,0.5168543462213091,hough,17203.36137105771,1.0,0.78,206.42243936485778,8.63729424765893,0.0
135,3,337.0,193.0,84.0,253.0,109.0,421.0,277.0,0.4452608284598043,hough,22167.077763729583,1.0,0.78,210.11945963041612,8.479645777797858,0.0
136,0,533.0,342.0,78.0,455.0,264.0,611.0,420.0,0.6483998990902169,hough,19113.4497044403,1.0,0.78,147.7180386205453,67.02386310115652,0.0
136,1,283.0,241.0,63.0,220.0,178.0,346.0,304.0,0.6073874167513691,hough,12468.981242097889,1.0,0.78,188.38890227254478,15.603549345539228,0.0
136,2,411.0,296.0,79.0,332.0,217.0,490.0,375.0,0.4871180382413178,hough,19606.6797510539,1.0,0.78,198.42054451652447,12.749859529039178,0.0
136,3,336.0,294.0,84.0,252.0,210.0,420.0,378.0,0.46182087255153853,hough,22167.077763729583,1.0,0.78,216.12501694302622,11.325577192427597,0.0
136,4,390.0,185.0,84.0,306.0,101.0,474.0,269.0,0.44501805593399546,hough,22167.077763729583,1.0,0.78,199.01707857046037,11.317489721230741,0.0
137,0,523.0,342.0,78.0,445.0,264.0,601.0,420.0,0.643334400233811,hough,19113.4497044403,1.0,0.78,148.78324349782824,65.39457847087759,0.0
137,1,411.0,296.0,79.0,332.0,217.0,490.0,375.0,0.4871722071990883,hough,19606.6797510539,1.0,0.78,198.3783010675793,12.775348623384584,0.0
137,2,267.0,183.0,78.0,189.0,105.0,345.0,261.0,0.46229206628526437,hough,19113.4497044403,1.0,0.78,156.63013007400764,15.065149136577709,0.0
137,3,335.0,290.0,84.0,251.0,206.0,419.0,374.0,0.45935430789739323,hough,22167.077763729583,1.0,0.78,216.75114083043417,10.504134098405096,0.0
137,4,386.0,200.0,84.0,302.0,116.0,470.0,284.0,0.4447564777564361,hough,22167.077763729583,1.0,0.78,206.34116477657795,9.332941761171101,0.0
138,0,542.0,294.0,53.0,489.0,241.0,595.0,347.0,0.9131093230036207,hough,8824.73376393373,1.0,0.78,177.78941991145422,111.67521852650698,0.0
138,1,415.0,294.0,82.0,333.0,212.0,497.0,376.0,0.47133749964997557,hough,21124.069002737768,1.0,0.78,194.10046917207714,15.641296621013222,0.0
138,2,333.0,291.0,83.0,250.0,208.0,416.0,374.0,0.4686036692944402,hough,21642.431790580085,1.0,0.78,216.5817189883952,11.024874011743492,0.0
138,3,393.0,203.0,84.0,309.0,119.0,477.0,287.0,0.44574991604351166,hough,22167.077763729583,1.0,0.78,205.57841232548682,9.797271043238602,0.0
138,4,263.0,193.0,83.0,180.0,110.0,346.0,276.0,0.422440274017144,hough,21642.431790580085,1.0,0.78,156.60313261760282,14.395311446501738,0.0
139,0,531.0,320.0,84.0,447.0,236.0,615.0,404.0,0.609582223714694,hough,22167.077763729583,1.0,0.78,145.38856006867573,69.2217955089685,0.0
139,1,336.0,300.0,79.0,257.0,221.0,415.0,379.0,0.49890868743249545,hough,19606.6797510539,1.0,0.78,216.49721612095826,11.16810542984114,0.0
139,2,413.0,285.0,78.0,335.0,207.0,491.0,363.0,0.4952782473995548,hough,19113.4497044403,1.0,0.78,198.47087759694384,12.922706578052226,0.0
139,3,386.0,201.0,84.0,302.0,117.0,470.0,285.0,0.44561985007866284,hough,22167.077763729583,1.0,0.78,206.87340170785703,9.424027470293227,0.0
140,0,297.0,287.0,49.0,248.0,238.0,346.0,336.0,0.7150236399106675,hough,7542.963961269093,1.0,0.78,224.9257142857143,16.843986710963456,0.0
140,1,539.0,320.0,78.0,461.0,242.0,617.0,398.0,0.6719532934973282,hough,19113.4497044403,1.0,0.78,146.9885917630436,73.49547333717096,0.0
140,2,278.0,235.0,68.0,210.0,167.0,346.0,303.0,0.56215724283766,hough,14526.724430199205,1.0,0.78,176.72443984832813,16.541951051361597,0.0
140,3,425.0,278.0,84.0,341.0,194.0,509.0,362.0,0.46846522314859745,hough,22167.077763729583,1.0,0.78,187.51448063976866,20.57728279040347,0.0
140,4,392.0,204.0,84.0,308.0,120.0,476.0,288.0,0.44677565238964734,hough,22167.077763729583,1.0,0.78,206.42090995346314,9.850539917769845,0.0
141,0,546.0,323.0,80.0,466.0,243.0,626.0,403.0,0.6424464907649334,hough,20106.192982974677,1.0,0.78,143.41083611373935,70.5424530650864,0.0
141,1,327.0,301.0,78.0,249.0,223.0,405.0,379.0,0.5204157185531739,hough,19113.4497044403,1.0,0.78,216.34800355853264,14.952273797686953,0.0
141,2,417.0,291.0,84.0,333.0,207.0,501.0,375.0,0.46672043362749377,hough,22167.077763729583,1.0,0.78,192.1026521483757,18.91248362174129,0.0
141,3,391.0,203.0,83.0,308.0,120.0,474.0,286.0,0.4545545384071692,hough,21642.431790580085,1.0,0.78,206.8243099542281,9.82939571871099,0.0
141,4,261.0,253.0,84.0,177.0,169.0,345.0,337.0,0.42519866356262315,hough,22167.077763729583,1.0,0.78,158.53093421323985,16.616931326046608,0.0
142,0,295.0,255.0,50.0,245.0,205.0,345.0,305.0,0.7302373739408532,hough,7853.981633974483,1.0,0.78,225.79859783301464,18.682727852135116,0.0
142,1,542.0,324.0,80.0,462.0,244.0,622.0,404.0,0.6492531444059229,hough,20106.192982974677,1.0,0.78,145.46441910263434,71.82067626114237,0.0
142,2,411.0,285.0,79.0,332.0,206.0,490.0,364.0,0.4940607992043126,hough,19606.6797510539,1.0,0.78,198.76850385656638,14.510292690402002,0.0
142,3,339.0,200.0,84.0,255.0,116.0,423.0,284.0,0.44788893324168,hough,22167.077763729583,1.0,0.78,212.43789816111686,8.574345999186734,0.0
143,0,542.0,324.0,80.0,462.0,244.0,622.0,404.0,0.6491249991784079,hough,20106.192982974677,1.0,0.78,145.4537124645187,71.78930332154773,0.0
143,1,314.0,189.0,71.0,243.0,118.0,385.0,260.0,0.5594181826794395,hough,15836.768566746148,1.0,0.78,211.09302472649085,12.7964333143616,0.0
143,2,327.0,288.0,79.0,248.0,209.0,406.0,367.0,0.5110288537040406,hough,19606.6797510539,1.0,0.78,219.93139909076976,13.502324155897226,0.0
143,3,417.0,293.0,84.0,333.0,209.0,501.0,377.0,0.4741247487172851,hough,22167.077763729583,1.0,0.78,191.8498621967198,20.95305652193557,0.0
143,4,389.0,189.0,84.0,305.0,105.0,473.0,273.0,0.4537367633826371,hough,22167.077763729583,1.0,0.78,200.41137667735958,13.277955993313151,0.0
144,0,541.0,317.0,74.0,467.0,243.0,615.0,391.0,0.7292337958491215,hough,17203.36137105771,1.0,0.78,150.08712848252196,80.52567905542953,0.0
144,1,296.0,197.0,47.0,249.0,150.0,343.0,244.0,0.6725425283342165,hough,6939.778171779853,1.0,0.78,213.4470452246785,12.49674902470741,0.0
144,2,405.0,302.0,76.0,329.0,226.0,481.0,378.0,0.5192923819442341,hough,18145.839167134644,1.0,0.78,204.67762758620688,13.723696551724137,0.0
144,3,332.0,296.0,84.0,248.0,212.0,416.0,380.0,0.4787589166663064,hough,22167.077763729583,1.0,0.78,216.34166177201462,15.785749785388333,0.0
144,4,389.0,189.0,84.0,305.0,105.0,473.0,273.0,0.4538308658363417,hough,22167.077763729583,1.0,0.78,200.41593999909637,13.301856955677042,0.0
145,0,294.0,234.0,51.0,243.0,183.0,345.0,285.0,0.7333671913462247,hough,8171.282491987052,1.0,0.78,221.67294751009422,18.60589746727028,0.0
145,1,545.0,326.0,83.0,462.0,243.0,628.0,409.0,0.6130054902428945,hough,21642.431790580085,1.0,0.78,142.20213602108282,68.97766887049795,0.0
145,2,332.0,311.0,71.0,261.0,240.0,403.0,382.0,0.5709479676788753,hough,15836.768566746148,1.0,0.78,215.87440713337125,14.621008031366596,0.0
145,3,409.0,306.0,80.0,329.0,226.0,489.0,386.0,0.49516572663417285,hough,20106.192982974677,1.0,0.78,195.40202181166276,17.6751157810866,0.0
145,4,390.0,204.0,83.0,307.0,121.0,473.0,287.0,0.45726170625280854,hough,21642.431790580085,1.0,0.78,207.21022701003284,10.450413796292015,0.0
146,0,540.0,323.0,79.0,461.0,244.0,619.0,402.0,0.6669792887383497,hough,19606.6797510539,1.0,0.78,146.71859835521275,74.22970833120499,0.0
146,1,281.0,246.0,63.0,218.0,183.0,344.0,309.0,0.63358742486029,hough,12468.981242097889,1.0,0.78,191.28659760700234,21.832650766883482,0.0
146,2,327.0,311.0,71.0,256.0,240.0,398.0,382.0,0.5786181769755201,hough,15836.768566746148,1.0,0.78,216.76449756529436,16.433693796243595,0.0
146,3,404.0,294.0,84.0,320.0,210.0,488.0,378.0,0.46619045133683207,hough,22167.077763729583,1.0,0.78,200.2161478335517,16.6499796683685,0.0
147,0,540.0,323.0,79.0,461.0,244.0,619.0,402.0,0.6668727524067,hough,19606.6797510539,1.0,0.78,146.65193849925933,74.21872605608623,0.0
147,1,360.0,312.0,79.0,281.0,233.0,439.0,391.0,0.5036102993179914,hough,19606.6797510539,1.0,0.78,205.2674056290545,15.357766767124687,0.0
147,2,385.0,204.0,84.0,301.0,120.0,469.0,288.0,0.45103651896010416,hough,22167.077763729583,1.0,0.78,207.57416527357339,10.685266344372655,0.0
147,3,264.0,326.0,82.0,182.0,244.0,346.0,408.0,0.4422644137666527,hough,21124.069002737768,1.0,0.78,134.18411780173548,23.552879305811203,0.0
147,4,255.0,200.0,84.0,171.0,116.0,339.0,284.0,0.4383991859786758,hough,22167.077763729583,1.0,0.78,159.0303356282272,20.006508175559382,0.0
148,0,530.0,320.0,84.0,446.0,236.0,614.0,404.0,0.6239433409533481,hough,22167.077763729583,1.0,0.78,144.69818822572628,73.2319161433154,0.0
148,1,329.0,301.0,80.0,249.0,221.0,409.0,381.0,0.5151616695360086,hough,20106.192982974677,1.0,0.78,216.98570788307356,17.364573477416464,0.0
148,2,411.0,288.0,78.0,333.0,210.0,489.0,366.0,0.5044169680927093,hough,19113.4497044403,1.0,0.78,199.09189387199748,15.197341566800985,0.0
148,3,261.0,253.0,83.0,178.0,170.0,344.0,336.0,0.450248906667769,hough,21642.431790580085,1.0,0.78,161.79610068842294,20.45330810867623,0.0
148,4,338.0,201.0,84.0,254.0,117.0,422.0,285.0,0.44986780229799994,hough,22167.077763729583,1.0,0.78,212.95161071702884,8.967740478019246,0.0
149,0,540.0,319.0,75.0,465.0,244.0,615.0,394.0,0.7199329281192646,hough,17671.458676442588,1.0,0.78,149.83334276818567,79.57616756297764,0.0
149,1,297.0,289.0,47.0,250.0,242.0,344.0,336.0,0.7087318682516601,hough,6939.778171779853,1.0,0.78,228.30327987285074,18.263256754804218,0.0
149,2,409.0,285.0,80.0,329.0,205.0,489.0,365.0,0.48994124485400997,hough,20106.192982974677,1.0,0.78,199.202878342712,15.288232657736168,0.0
149,3,390.0,206.0,83.0,307.0,123.0,473.0,289.0,0.4571985500781375,hough,21642.431790580085,1.0,0.78,207.71542836007214,10.301493365389062,0.0
150,0,554.0,326.0,79.0,475.0,247.0,633.0,405.0,0.6526386972379195,hough,19606.6797510539,1.0,0.78,141.02778771006794,71.89334423047454,0.0
150,1,402.0,306.0,75.0,327.0,231.0,477.0,381.0,0.529648937676215,hough,17671.458676442588,1.0,0.78,205.7094254174922,14.225643928672516,0.0
150,2,329.0,301.0,80.0,249.0,221.0,409.0,381.0,0.515245272122006,hough,20106.192982974677,1.0,0.78,216.94298092724466,17.398037946317416,0.0
150,3,390.0,206.0,83.0,307.0,123.0,473.0,289.0,0.457190595072195,hough,21642.431790580085,1.0,0.78,207.717925008091,10.298719312034768,0.0
150,4,261.0,253.0,83.0,178.0,170.0,344.0,336.0,0.45037351394932795,hough,21642.431790580085,1.0,0.78,161.75616164801093,20.496978296284617,0.0
151,0,535.0,339.0,72.0,463.0,267.0,607.0,411.0,0.7358809247622378,hough,16286.016316209487,1.0,0.78,151.9913798411428,77.29462471522689,0.0
151,1,282.0,245.0,62.0,220.0,183.0,344.0,307.0,0.6425483652240706,hough,12076.282160399165,1.0,0.78,193.8222369621093,21.569272862946686,0.0
151,2,332.0,296.0,84.0,248.0,212.0,416.0,380.0,0.4807477976115367,hough,22167.077763729583,1.0,0.78,216.78660823205166,16.19979216554466,0.0
151,3,407.0,308.0,84.0,323.0,224.0,491.0,392.0,0.4666258738228192,hough,22167.077763729583,1.0,0.78,190.15185469660688,19.39728007951927,0.0
151,4,390.0,206.0,83.0,307.0,123.0,473.0,289.0,0.45631246780297857,hough,21642.431790580085,1.0,0.78,208.1158629617643,9.960515973923899,0.0
152,0,543.0,312.0,71.0,472.0,241.0,614.0,383.0,0.7532978925979357,hough,15836.768566746148,1.0,0.78,151.79668627078985,83.36963258078795,0.0
152,1,284.0,241.0,62.0,222.0,179.0,346.0,303.0,0.6264061709697002,hough,12076.282160399165,1.0,0.78,193.40469281154134,17.373849597877456,0.0
152,2,359.0,291.0,71.0,288.0,220.0,430.0,362.0,0.5437142895684104,hough,15836.768566746148,1.0,0.78,216.66103838613796,7.153038639094415,0.0
152,3,392.0,203.0,84.0,308.0,119.0,476.0,287.0,0.4433592428583202,hough,22167.077763729583,1.0,0.78,206.99326797090316,8.789861293091763,0.0
153,0,541.0,317.0,75.0,466.0,242.0,616.0,392.0,0.7055267272013088,hough,17671.458676442588,1.0,0.78,149.26759128219643,75.88242287008208,0.0
153,1,363.0,300.0,76.0,287.0,224.0,439.0,376.0,0.5089028173735783,hough,18145.839167134644,1.0,0.78,212.86466206896552,8.812744827586206,0.0
153,2,392.0,200.0,83.0,309.0,117.0,475.0,283.0,0.4512309493895195,hough,21642.431790580085,1.0,0.78,206.1408756761755,9.121780942253457,0.0
153,3,260.0,189.0,84.0,176.0,105.0,344.0,273.0,0.4198598993323637,hough,22167.077763729583,1.0,0.78,156.08725668310407,15.83213080716325,0.0
154,0,297.0,287.0,49.0,248.0,238.0,346.0,336.0,0.7156696271427696,hough,7542.963961269093,1.0,0.78,224.98126245847178,17.00172757475083,0.0
154,1,543.0,342.0,78.0,465.0,264.0,621.0,420.0,0.6455260312689768,hough,19113.4497044403,1.0,0.78,146.11000052331363,66.67790046574912,0.0
154,2,362.0,309.0,79.0,283.0,230.0,441.0,388.0,0.48659862245027846,hough,19606.6797510539,1.0,0.78,204.44445012003882,11.036471369464167,0.0
154,3,387.0,205.0,84.0,303.0,121.0,471.0,289.0,0.4413737195114945,hough,22167.077763729583,1.0,0.78,208.9324989834184,7.753399900600912,0.0
155,0,540.0,317.0,76.0,464.0,241.0,616.0,393.0,0.6941528674073849,hough,18145.839167134644,1.0,0.78,148.39177931034482,75.06841379310345,0.0
155,1,362.0,309.0,79.0,283.0,230.0,441.0,388.0,0.4866579157185895,hough,19606.6797510539,1.0,0.78,204.44240690606324,11.052817081268836,0.0
155,2,390.0,188.0,84.0,306.0,104.0,474.0,272.0,0.44301691399617393,hough,22167.077763729583,1.0,0.78,200.97632494465276,10.271630596846338,0.0
155,3,261.0,248.0,84.0,177.0,164.0,345.0,332.0,0.42317161204805975,hough,22167.077763729583,1.0,0.78,158.2257681996288,16.156166219839143,0.0
156,0,541.0,317.0,75.0,466.0,242.0,616.0,392.0,0.7053101196412173,hough,17671.458676442588,1.0,0.78,149.18782904047552,75.84551372771017,0.0
156,1,393.0,307.0,78.0,315.0,229.0,471.0,385.0,0.49026231583461105,hough,19113.4497044403,1.0,0.78,202.78031294154587,10.458475064105919,0.0
156,2,266.0,192.0,79.0,187.0,113.0,345.0,271.0,0.45893206489339794,hough,19606.6797510539,1.0,0.78,160.27982310668878,15.205030403537867,0.0
156,3,392.0,203.0,84.0,308.0,119.0,476.0,287.0,0.44374792473960295,hough,22167.077763729583,1.0,0.78,206.872995075227,8.924953689061581,0.0
157,0,539.0,321.0,79.0,460.0,242.0,618.0,400.0,0.6512811355433739,hough,19606.6797510539,1.0,0.78,147.39525974357664,69.86662920774378,0.0
157,1,283.0,241.0,63.0,220.0,178.0,346.0,304.0,0.6116981506008392,hough,12468.981242097889,1.0,0.78,189.51280815867662,16.459246767847105,0.0
157,2,336.0,299.0,79.0,257.0,220.0,415.0,378.0,0.49660923915034766,hough,19606.6797510539,1.0,0.78,216.66537263114878,10.510956734944067,0.0
157,3,393.0,201.0,82.0,311.0,119.0,475.0,283.0,0.45662924541799516,hough,21124.069002737768,1.0,0.78,207.24472773802188,8.282688024264253,0.0
158,0,527.0,338.0,82.0,445.0,256.0,609.0,420.0,0.5962533862216556,hough,21124.069002737768,1.0,0.78,148.26941851097104,60.9341737358419,0.0
158,1,403.0,193.0,72.0,331.0,121.0,475.0,265.0,0.5290308292040344,hough,16286.016316209487,1.0,0.78,206.511236992796,7.8810418077704565,0.0
158,2,363.0,309.0,78.0,285.0,231.0,441.0,387.0,0.4886062065072127,hough,19113.4497044403,1.0,0.78,204.20508660840443,9.64435606258831,0.0
158,3,269.0,181.0,76.0,193.0,105.0,345.0,257.0,0.4747350529322696,hough,18145.839167134644,1.0,0.78,158.46121739130433,13.924463768115942,0.0
159,0,542.0,318.0,78.0,464.0,240.0,620.0,396.0,0.6594313566520476,hough,19113.4497044403,1.0,0.78,145.94222617614736,70.42984980899053,0.0
159,1,336.0,297.0,79.0,257.0,218.0,415.0,376.0,0.4925432233074268,hough,19606.6797510539,1.0,0.78,217.06497420442355,9.322214843949531,0.0
159,2,407.0,342.0,74.0,333.0,268.0,481.0,416.0,0.4785241961830468,hough,17203.36137105771,1.0,0.78,160.10928866399115,10.523934159250858,0.0
159,3,267.0,191.0,79.0,188.0,112.0,346.0,270.0,0.44830586523921456,hough,19606.6797510539,1.0,0.78,159.01033250893104,12.703270129156362,0.0
159,4,395.0,199.0,84.0,311.0,115.0,479.0,283.0,0.43953083319056296,hough,22167.077763729583,1.0,0.78,204.2902453350201,8.475624632901097,0.0
160,0,542.0,314.0,75.0,467.0,239.0,617.0,389.0,0.699139210065952,hough,17671.458676442588,1.0,0.78,147.9698273422021,74.51836965751487,0.0
160,1,311.0,240.0,63.0,248.0,177.0,374.0,303.0,0.623898600764041,hough,12468.981242097889,1.0,0.78,220.67590138922347,11.5654862282181,0.0
160,2,419.0,290.0,84.0,335.0,206.0,503.0,374.0,0.4504803912544247,hough,22167.077763729583,1.0,0.78,191.7238512628202,14.680838566845885,0.0
160,3,387.0,198.0,84.0,303.0,114.0,471.0,282.0,0.4370203429103231,hough,22167.077763729583,1.0,0.78,206.74526724800072,7.164324763927167,0.0
160,4,263.0,173.0,84.0,179.0,89.0,347.0,257.0,0.4016047947894476,hough,22167.077763729583,1.0,0.78,152.23453083655608,11.9713515163851,0.0
161,0,546.0,317.0,78.0,468.0,239.0,624.0,395.0,0.6524934583308581,hough,19113.4497044403,1.0,0.78,143.6697891046104,69.17384478517975,0.0
161,1,309.0,237.0,62.0,247.0,175.0,371.0,299.0,0.6303254391993369,hough,12076.282160399165,1.0,0.78,219.52715363568527,11.589586269795207,0.0
161,2,405.0,300.0,74.0,331.0,226.0,479.0,374.0,0.5104616068711632,hough,17203.36137105771,1.0,0.78,206.34269760949223,6.953411272029315,0.0
161,3,391.0,185.0,84.0,307.0,101.0,475.0,269.0,0.43247330641172244,hough,22167.077763729583,1.0,0.78,200.3165409117607,7.632494465278091,0.0
161,4,263.0,188.0,84.0,179.0,104.0,347.0,272.0,0.40098021758730684,hough,22167.077763729583,1.0,0.78,154.22486260940363,11.284449419906371,0.0
162,0,300.0,284.0,48.0,252.0,236.0,348.0,332.0,0.6882387412153479,hough,7238.229473870883,1.0,0.78,225.26618605295994,11.6023845833911,0.0
162,1,547.0,323.0,84.0,463.0,239.0,631.0,407.0,0.5714782812385935,hough,22167.077763729583,1.0,0.78,140.31242940405727,60.387837166222376,0.0
162,2,317.0,228.0,70.0,247.0,158.0,387.0,298.0,0.5578627985489155,hough,15393.804002589986,1.0,0.78,216.69661094126064,8.926624601574188,0.0
162,3,399.0,306.0,80.0,319.0,226.0,479.0,386.0,0.45630815982875444,hough,20106.192982974677,1.0,0.78,197.3767740650366,6.796822867387083,0.0
162,4,392.0,203.0,84.0,308.0,119.0,476.0,287.0,0.43408568341421094,hough,22167.077763729583,1.0,0.78,207.91944155785478,6.074775222518411,0.0
163,0,299.0,237.0,50.0,249.0,187.0,349.0,287.0,0.6972313503714509,hough,7853.981633974483,1.0,0.78,221.9971956660293,10.874952198852771,0.0
163,1,534.0,338.0,78.0,456.0,260.0,612.0,416.0,0.6244717043888186,hough,19113.4497044403,1.0,0.78,147.20927311737924,60.77602176984667,0.0
163,2,345.0,283.0,80.0,265.0,203.0,425.0,363.0,0.47482354018536893,hough,20106.192982974677,1.0,0.78,218.04153179622529,6.3317065883173145,0.0
163,3,393.0,203.0,84.0,309.0,119.0,477.0,287.0,0.43415371907739864,hough,22167.077763729583,1.0,0.78,207.53155921022906,6.1943252157412,0.0
164,0,531.0,341.0,80.0,451.0,261.0,611.0,421.0,0.596232449299535,hough,20106.192982974677,1.0,0.78,145.11159802798664,57.77406503660176,0.0
164,1,413.0,279.0,79.0,334.0,200.0,492.0,358.0,0.4711009533668102,hough,19606.6797510539,1.0,0.78,199.05480921489502,8.312816059661849,0.0
164,2,333.0,225.0,84.0,249.0,141.0,417.0,309.0,0.44652933400958666,hough,22167.077763729583,1.0,0.78,215.9968373017666,7.281344598563231,0.0
165,0,531.0,339.0,80.0,451.0,259.0,611.0,419.0,0.5979942392951507,hough,20106.192982974677,1.0,0.78,146.2208057367661,57.95388675862756,0.0
165,1,321.0,233.0,72.0,249.0,161.0,393.0,305.0,0.5415329570793825,hough,16286.016316209487,1.0,0.78,217.78437288344313,8.267717505079736,0.0
165,2,405.0,296.0,75.0,330.0,221.0,480.0,371.0,0.500306435886368,hough,17671.458676442588,1.0,0.78,206.69187659213134,6.144126804415511,0.0
165,3,395.0,199.0,84.0,311.0,115.0,479.0,283.0,0.4349001391156168,hough,22167.077763729583,1.0,0.78,205.51588126327204,6.920345185921474,0.0
166,0,301.0,282.0,48.0,253.0,234.0,349.0,330.0,0.6855092570051935,hough,7238.229473870883,1.0,0.78,225.49258283654513,10.815333425759047,0.0
166,1,546.0,320.0,84.0,462.0,236.0,630.0,404.0,0.5750634134119164,hough,22167.077763729583,1.0,0.78,142.128224822663,60.86915465594361,0.0
166,2,407.0,297.0,74.0,333.0,223.0,481.0,371.0,0.507930878736252,hough,17203.36137105771,1.0,0.78,206.5327168033502,6.228872215436515,0.0
166,3,395.0,197.0,83.0,312.0,114.0,478.0,280.0,0.44361814468559535,hough,21642.431790580085,1.0,0.78,205.60881224282215,7.230801239077165,0.0
167,0,554.0,293.0,58.0,496.0,235.0,612.0,351.0,0.8688480880399279,hough,10568.317686676064,1.0,0.78,170.7026617410249,103.46964099649522,0.0
167,1,336.0,299.0,75.0,261.0,224.0,411.0,374.0,0.5146364170721625,hough,17671.458676442588,1.0,0.78,215.96190206623268,7.541919048966884,0.0
167,2,411.0,302.0,80.0,331.0,222.0,491.0,382.0,0.4573004681857908,hough,20106.192982974677,1.0,0.78,194.02106468801355,7.938748070315223,0.0
167,3,387.0,195.0,83.0,304.0,112.0,470.0,278.0,0.442995275652643,hough,21642.431790580085,1.0,0.78,206.4736696102455,6.838596329002728,0.0
167,4,255.0,319.0,84.0,171.0,235.0,339.0,403.0,0.3577404810433884,hough,22167.077763729583,1.0,0.78,119.8652108433735,8.736768502581755,0.0
168,0,531.0,339.0,80.0,451.0,259.0,611.0,419.0,0.5972145978235031,hough,20106.192982974677,1.0,0.78,146.59663363378317,57.64772670683731,0.0
168,1,318.0,228.0,70.0,248.0,158.0,388.0,298.0,0.5569587290892186,hough,15393.804002589986,1.0,0.78,216.2603915956547,8.799583685682691,0.0
168,2,416.0,302.0,76.0,340.0,226.0,492.0,378.0,0.48793562602807466,hough,18145.839167134644,1.0,0.78,195.1936,7.841379310344827,0.0
168,3,383.0,195.0,84.0,299.0,111.0,467.0,279.0,0.4355601109614011,hough,22167.077763729583,1.0,0.78,206.7344688926038,6.777752676998147,0.0
168,4,266.0,319.0,84.0,182.0,235.0,350.0,403.0,0.3662034242337907,hough,22167.077763729583,1.0,0.78,126.75730482992859,9.191698716347835,0.0
169,0,539.0,330.0,72.0,467.0,258.0,611.0,402.0,0.7060004872107011,hough,16286.016316209487,1.0,0.78,151.56646758204542,69.4375962071301,0.0
169,1,301.0,189.0,47.0,254.0,142.0,348.0,236.0,0.6553600508785615,hough,6939.778171779853,1.0,0.78,209.17439676347348,9.031787313971968,0.0
169,2,338.0,293.0,78.0,260.0,215.0,416.0,371.0,0.4916277064882298,hough,19113.4497044403,1.0,0.78,216.56517871160187,7.218692762572609,0.0
169,3,413.0,297.0,80.0,333.0,217.0,493.0,377.0,0.45998875342469087,hough,20106.192982974677,1.0,0.78,195.70310243513768,8.215875703401226,0.0
169,4,396.0,200.0,83.0,313.0,117.0,479.0,283.0,0.44336196856403015,hough,21642.431790580085,1.0,0.78,206.35235101021777,6.968098386425632,0.0
170,0,311.0,237.0,63.0,248.0,174.0,374.0,300.0,0.6200590798516852,hough,12468.981242097889,1.0,0.78,218.98369870713884,10.98401991487995,0.0
170,1,553.0,242.0,78.0,475.0,164.0,631.0,320.0,0.558062661939875,hough,19113.4497044403,1.0,0.78,154.43236171437542,41.17855460777644,0.0
170,2,422.0,281.0,78.0,344.0,203.0,500.0,359.0,0.4780128791663334,hough,19113.4497044403,1.0,0.78,191.3473755821864,10.180961850436967,0.0
170,3,381.0,198.0,84.0,297.0,114.0,465.0,282.0,0.4351427012378316,hough,22167.077763729583,1.0,0.78,208.3417521348213,6.246238648172412,0.0
171,0,299.0,239.0,50.0,249.0,189.0,349.0,289.0,0.7029891266495849,hough,7853.981633974483,1.0,0.78,222.22307202039514,12.351306564690885,0.0
171,1,551.0,245.0,79.0,472.0,166.0,630.0,324.0,0.5430640588317064,hough,19606.6797510539,1.0,0.78,152.33963324309138,39.71609541809266,0.0
171,2,362.0,307.0,78.0,284.0,229.0,440.0,385.0,0.4801308999839545,hough,19113.4497044403,1.0,0.78,204.3542309906327,7.34528232769899,0.0
171,3,383.0,197.0,83.0,300.0,114.0,466.0,280.0,0.44270612705131884,hough,21642.431790580085,1.0,0.78,207.9632900272782,6.372046789033242,0.0
172,0,287.0,281.0,62.0,225.0,219.0,349.0,343.0,0.6097122287381356,hough,12076.282160399165,1.0,0.78,190.05629715612304,13.797529226432303,0.0
172,1,554.0,242.0,76.0,478.0,166.0,630.0,318.0,0.5758227943850727,hough,18145.839167134644,1.0,0.78,159.37070344827586,40.64342068965517,0.0
172,2,318.0,228.0,70.0,248.0,158.0,388.0,298.0,0.5620953306302447,hough,15393.804002589986,1.0,0.78,216.92480322643596,9.995641709490666,0.0
172,3,404.0,299.0,74.0,330.0,225.0,478.0,373.0,0.5084431212357643,hough,17203.36137105771,1.0,0.78,206.67143604955504,6.329203745710464,0.0
173,0,287.0,281.0,62.0,225.0,219.0,349.0,343.0,0.6098018263879905,hough,12076.282160399165,1.0,0.78,190.06840228836745,13.81825719260426,0.0
173,1,554.0,242.0,76.0,478.0,166.0,630.0,318.0,0.5759006956697243,hough,18145.839167134644,1.0,0.78,159.37081379310345,40.66416551724138,0.0
173,2,318.0,228.0,70.0,248.0,158.0,388.0,298.0,0.5621944237053205,hough,15393.804002589986,1.0,0.78,216.93605672282573,10.019124438951408,0.0
173,3,272.0,181.0,75.0,197.0,106.0,347.0,256.0,0.4703659828263289,hough,17671.458676442588,1.0,0.78,157.61218173323988,10.991298761971501,0.0
173,4,354.0,290.0,84.0,270.0,206.0,438.0,374.0,0.44354334932519646,hough,22167.077763729583,1.0,0.78,213.87588668504043,7.039578909320923,0.0
174,0,554.0,243.0,76.0,478.0,167.0,630.0,319.0,0.575218899861746,hough,18145.839167134644,1.0,0.78,159.38361379310345,40.479006896551724,0.0
174,1,318.0,228.0,70.0,248.0,158.0,388.0,298.0,0.5622286398571424,hough,15393.804002589986,1.0,0.78,216.93189357965264,10.029337149547908,0.0
174,2,350.0,294.0,80.0,270.0,214.0,430.0,374.0,0.47425826704160123,hough,20106.192982974677,1.0,0.78,214.49863054628753,7.107215776106767,0.0
174,3,272.0,181.0,75.0,197.0,106.0,347.0,256.0,0.4704777282953645,hough,17671.458676442588,1.0,0.78,157.63145293155804,11.01605933193179,0.0
174,4,381.0,198.0,84.0,297.0,114.0,465.0,282.0,0.4355464125800471,hough,22167.077763729583,1.0,0.78,208.38128586273888,6.343559390954683,0.0
175,0,333.0,305.0,70.0,263.0,235.0,403.0,375.0,0.5556779503365544,hough,15393.804002589986,1.0,0.78,215.3759838678202,8.689260391595655,0.0
175,1,399.0,269.0,79.0,320.0,190.0,478.0,348.0,0.47772705497463924,hough,19606.6797510539,1.0,0.78,207.9096899422792,7.764774991060938,0.0
175,2,395.0,195.0,82.0,313.0,113.0,477.0,277.0,0.4529742018878586,hough,21124.069002737768,1.0,0.78,204.90711340694753,7.9191507511492345,0.0
175,3,265.0,289.0,80.0,185.0,209.0,345.0,369.0,0.4314077791663165,hough,20106.192982974677,1.0,0.78,151.47892845475334,12.156158118262006,0.0
175,4,557.0,206.0,84.0,473.0,122.0,641.0,290.0,0.40454238545525867,hough,22167.077763729583,1.0,0.78,149.36452356210182,13.505037726471784,0.0
176,0,299.0,284.0,49.0,250.0,235.0,348.0,333.0,0.7080799717457271,hough,7542.963961269093,1.0,0.78,225.1246511627907,14.940332225913622,0.0
176,1,314.0,228.0,70.0,244.0,158.0,384.0,298.0,0.5688864164784917,hough,15393.804002589986,1.0,0.78,216.35796526377416,11.954790867104665,0.0
176,2,555.0,218.0,75.0,480.0,143.0,630.0,293.0,0.4843051441440837,hough,17671.458676442588,1.0,0.78,165.49799037645062,12.646759128219644,0.0
176,3,383.0,290.0,84.0,299.0,206.0,467.0,374.0,0.440661379318561,hough,22167.077763729583,1.0,0.78,209.8743053359237,7.317218632810735,0.0
176,4,391.0,199.0,84.0,307.0,115.0,475.0,283.0,0.43802572104766224,hough,22167.077763729583,1.0,0.78,206.2411331495956,7.564225364839832,0.0
177,0,299.0,265.0,46.0,253.0,219.0,345.0,311.0,0.6800384018310225,hough,6647.610054996002,1.0,0.78,228.7278490566038,12.490716981132076,0.0
177,1,404.0,300.0,74.0,330.0,226.0,478.0,374.0,0.5120281872053849,hough,17203.36137105771,1.0,0.78,206.60309428255687,7.303088466236259,0.0
177,2,561.0,219.0,71.0,490.0,148.0,632.0,290.0,0.5093736952076027,hough,15836.768566746148,1.0,0.78,172.09713526845,9.646240435085057,0.0
177,3,395.0,207.0,82.0,313.0,125.0,477.0,289.0,0.45262641263709363,hough,21124.069002737768,1.0,0.78,207.66352305577934,7.105776977394436,0.0
178,0,299.0,285.0,49.0,250.0,236.0,348.0,334.0,0.7091301085446327,hough,7542.963961269093,1.0,0.78,224.9448504983389,15.267375415282393,0.0
178,1,564.0,225.0,64.0,500.0,161.0,628.0,289.0,0.5592538910417684,hough,12867.963509103793,1.0,0.78,179.06387613786666,7.19590757021707,0.0
178,2,398.0,278.0,80.0,318.0,198.0,478.0,358.0,0.47126807828645173,hough,20106.192982974677,1.0,0.78,208.1975499228126,7.957173447537473,0.0
178,3,393.0,194.0,82.0,311.0,112.0,475.0,276.0,0.45255615298022384,hough,21124.069002737768,1.0,0.78,204.38263589403346,7.94478934647647,0.0
179,0,405.0,301.0,75.0,330.0,226.0,480.0,376.0,0.5070885740459057,hough,17671.458676442588,1.0,0.78,205.2845174073026,8.320634022077554,0.0
179,1,555.0,217.0,75.0,480.0,142.0,630.0,292.0,0.4857992348740638,hough,17671.458676442588,1.0,0.78,166.0902349278234,12.890348146051515,0.0
179,2,395.0,225.0,82.0,313.0,143.0,477.0,307.0,0.453303621272313,hough,21124.069002737768,1.0,0.78,209.21150656366996,6.8816643760959195,0.0
179,3,263.0,276.0,84.0,179.0,192.0,347.0,360.0,0.41457902681891723,hough,22167.077763729583,1.0,0.78,155.44056584571544,14.592967636881742,0.0
180,0,296.0,301.0,47.0,249.0,254.0,343.0,348.0,0.7031665491461245,hough,6939.778171779853,1.0,0.78,224.36699898858544,17.808264701632712,0.0
180,1,554.0,219.0,75.0,479.0,144.0,629.0,294.0,0.48751874920116456,hough,17671.458676442588,1.0,0.78,166.00515142938013,13.371129351825644,0.0
180,2,386.0,195.0,79.0,307.0,116.0,465.0,274.0,0.4777754160466055,hough,19606.6797510539,1.0,0.78,207.95198447157378,7.766613883638964,0.0
180,3,363.0,303.0,84.0,279.0,219.0,447.0,387.0,0.4487091650754337,hough,22167.077763729583,1.0,0.78,206.0667781141282,10.458726788054037,0.0
180,4,261.0,248.0,84.0,177.0,164.0,345.0,332.0,0.42857691342412685,hough,22167.077763729583,1.0,0.78,158.89698906991134,17.42209733965766,0.0
181,0,308.0,239.0,63.0,245.0,176.0,371.0,302.0,0.6354528525940593,hough,12468.981242097889,1.0,0.78,220.2045290291496,14.76985465349715,0.0
181,1,559.0,217.0,72.0,487.0,145.0,631.0,289.0,0.5073717776146776,hough,16286.016316209487,1.0,0.78,171.66492211070747,11.215442398867063,0.0
181,2,397.0,305.0,82.0,315.0,223.0,479.0,387.0,0.4596823067448907,hough,21124.069002737768,1.0,0.78,199.6587839438889,11.080090990948296,0.0
181,3,391.0,203.0,84.0,307.0,119.0,475.0,287.0,0.44199180775343294,hough,22167.077763729583,1.0,0.78,207.7535354448109,8.22644919351195,0.0
182,0,295.0,225.0,50.0,245.0,175.0,345.0,275.0,0.7153603197412257,hough,7853.981633974483,1.0,0.78,219.80790312300826,16.281708094327595,0.0
182,1,404.0,288.0,74.0,330.0,214.0,478.0,362.0,0.5184034262732682,hough,17203.36137105771,1.0,0.78,207.86011748967604,8.674518699470715,0.0
182,2,555.0,221.0,72.0,483.0,149.0,627.0,293.0,0.5108215872226534,hough,16286.016316209487,1.0,0.78,172.39782033126036,11.943784249738316,0.0
182,3,333.0,293.0,84.0,249.0,209.0,417.0,377.0,0.4682889204402824,hough,22167.077763729583,1.0,0.78,216.33745990150453,12.99484932001988,0.0
182,4,391.0,201.0,84.0,307.0,117.0,475.0,285.0,0.44259081238939924,hough,22167.077763729583,1.0,0.78,206.8801789183572,8.614512266751005,0.0
183,0,315.0,183.0,72.0,243.0,111.0,387.0,255.0,0.5472892975442674,hough,16286.016316209487,1.0,0.78,208.51222215380824,12.226833323071238,0.0
183,1,332.0,291.0,83.0,249.0,208.0,415.0,374.0,0.47378088801585544,hough,21642.431790580085,1.0,0.78,217.01248324009433,12.292847565768183,0.0
183,2,553.0,216.0,78.0,475.0,138.0,631.0,294.0,0.4608459477645404,hough,19113.4497044403,1.0,0.78,158.83855774765817,14.102150818985818,0.0
183,3,393.0,242.0,83.0,310.0,159.0,476.0,325.0,0.45097243775979945,hough,21642.431790580085,1.0,0.78,209.51296869943133,8.171251560405011,0.0
184,0,318.0,243.0,67.0,251.0,176.0,385.0,310.0,0.5941634164417274,hough,14102.60942196458,1.0,0.78,221.3251616570738,11.426561500746109,0.0
184,1,402.0,299.0,76.0,326.0,223.0,478.0,375.0,0.5046751040537676,hough,18145.839167134644,1.0,0.78,206.91856551724138,9.239889655172414,0.0
184,2,555.0,217.0,75.0,480.0,142.0,630.0,292.0,0.48851084473736944,hough,17671.458676442588,1.0,0.78,166.61109538635722,13.477271440701953,0.0
184,3,393.0,203.0,84.0,309.0,119.0,477.0,287.0,0.4431790388244182,hough,22167.077763729583,1.0,0.78,206.91885419961142,8.761261464781095,0.0
185,0,296.0,254.0,50.0,246.0,204.0,346.0,304.0,0.7265010488180699,hough,7853.981633974483,1.0,0.78,225.5546207775653,17.750159337157424,0.0
185,1,565.0,217.0,67.0,498.0,150.0,632.0,284.0,0.5354970994921522,hough,14102.60942196458,1.0,0.78,175.30476799545227,7.813685781283308,0.0
185,2,398.0,303.0,80.0,318.0,223.0,478.0,383.0,0.47616526795261754,hough,20106.192982974677,1.0,0.78,202.90931726507645,10.645635177531,0.0
185,3,392.0,201.0,83.0,309.0,118.0,475.0,284.0,0.45020638428584153,hough,21642.431790580085,1.0,0.78,207.2669564011281,8.554163391742568,0.0
186,0,283.0,241.0,62.0,221.0,179.0,345.0,303.0,0.6360977774439789,hough,12076.282160399165,1.0,0.78,193.47566536771413,19.939723074371944,0.0
186,1,553.0,218.0,75.0,478.0,143.0,628.0,293.0,0.4908202926320098,hough,17671.458676442588,1.0,0.78,166.50240588734786,14.121539767902632,0.0
186,2,397.0,281.0,80.0,317.0,201.0,477.0,361.0,0.4768170473636499,hough,20106.192982974677,1.0,0.78,208.75857776007172,9.290224590408844,0.0
186,3,392.0,201.0,84.0,308.0,117.0,476.0,285.0,0.4444965041831275,hough,22167.077763729583,1.0,0.78,206.54104730492926,9.211358604798264,0.0
187,0,399.0,195.0,75.0,324.0,120.0,474.0,270.0,0.5114815481333612,hough,17671.458676442588,1.0,0.78,207.12606849702803,9.010642513444665,0.0
187,1,360.0,311.0,78.0,282.0,233.0,438.0,389.0,0.49661941299342854,hough,19113.4497044403,1.0,0.78,204.40828928777017,11.728086242084881,0.0
187,2,265.0,278.0,80.0,185.0,198.0,345.0,358.0,0.46728401866897806,hough,20106.192982974677,1.0,0.78,160.75432865076772,19.29821409125558,0.0
187,3,553.0,213.0,79.0,474.0,134.0,632.0,292.0,0.4568741270690438,hough,19606.6797510539,1.0,0.78,158.44153854012362,15.13684425601471,0.0
187,4,425.0,277.0,84.0,341.0,193.0,509.0,361.0,0.44188915183994026,hough,22167.077763729583,1.0,0.78,183.6057470745041,14.512221569601952,0.0
188,0,554.0,218.0,75.0,479.0,143.0,629.0,293.0,0.49018653278785146,hough,17671.458676442588,1.0,0.78,166.6759694310784,13.907161052929522,0.0
188,1,333.0,258.0,83.0,250.0,175.0,416.0,341.0,0.46974137112721914,hough,21642.431790580085,1.0,0.78,220.37010495168525,10.337833464330297,0.0
188,2,425.0,291.0,83.0,342.0,208.0,508.0,374.0,0.444059143245082,hough,21642.431790580085,1.0,0.78,182.33210042073142,13.43381571038883,0.0
188,3,391.0,204.0,84.0,307.0,120.0,475.0,288.0,0.4422735791390757,hough,22167.077763729583,1.0,0.78,208.4282293408033,8.125197668639588,0.0
188,4,261.0,233.0,84.0,177.0,149.0,345.0,317.0,0.43183421910469977,hough,22167.077763729583,1.0,0.78,160.09218395545474,17.978242936687977,0.0
189,0,314.0,230.0,71.0,243.0,159.0,385.0,301.0,0.5714881521014714,hough,15836.768566746148,1.0,0.78,218.01049769177257,14.206602162777461,0.0
189,1,401.0,302.0,78.0,323.0,224.0,479.0,380.0,0.49181894811649446,hough,19113.4497044403,1.0,0.78,204.454550211942,10.435867915641843,0.0
189,2,554.0,217.0,75.0,479.0,142.0,629.0,292.0,0.4905182497089816,hough,17671.458676442588,1.0,0.78,166.81013303141808,13.960543447495047,0.0
189,3,392.0,204.0,84.0,308.0,120.0,476.0,288.0,0.4425790142847148,hough,22167.077763729583,1.0,0.78,208.00149098631002,8.318212623684092,0.0
190,0,301.0,275.0,54.0,247.0,221.0,355.0,329.0,0.7173220837407532,hough,9160.884177867836,1.0,0.78,224.69207217058502,17.517987971569163,0.0
190,1,324.0,209.0,66.0,258.0,143.0,390.0,275.0,0.5857565367360864,hough,13684.77759903714,1.0,0.78,214.9776201272581,8.85416514298252,0.0
190,2,555.0,217.0,75.0,480.0,142.0,630.0,292.0,0.4902465509360674,hough,17671.458676442588,1.0,0.78,166.9604302292669,13.848797056326068,0.0
190,3,419.0,291.0,83.0,336.0,208.0,502.0,374.0,0.44648712437789295,hough,21642.431790580085,1.0,0.78,187.6756669286606,12.684266494058903,0.0
190,4,392.0,204.0,84.0,308.0,120.0,476.0,288.0,0.4426533620557213,hough,22167.077763729583,1.0,0.78,207.98987936565308,8.341074413771292,0.0
191,0,555.0,217.0,75.0,480.0,142.0,630.0,292.0,0.49030980607112457,hough,17671.458676442588,1.0,0.78,167.10506651570904,13.827851684121145,0.0
191,1,333.0,227.0,83.0,250.0,144.0,416.0,310.0,0.4634773830085078,hough,21642.431790580085,1.0,0.78,218.12663553562348,9.25396458458551,0.0
191,2,397.0,294.0,82.0,315.0,212.0,479.0,376.0,0.46242329871534843,hough,21124.069002737768,1.0,0.78,206.68745557082602,9.973460973413582,0.0
191,3,260.0,188.0,84.0,176.0,104.0,344.0,272.0,0.42401354075259645,hough,22167.077763729583,1.0,0.78,157.5991175707241,16.544510770827927,0.0
192,0,300.0,251.0,47.0,253.0,204.0,347.0,298.0,0.6839742217311244,hough,6939.778171779853,1.0,0.78,227.82372489524633,11.786591533015459,0.0
192,1,404.0,299.0,75.0,329.0,224.0,479.0,374.0,0.5044753100309876,hough,17671.458676442588,1.0,0.78,206.90433059722616,7.200283045570337,0.0
192,2,555.0,216.0,75.0,480.0,141.0,630.0,291.0,0.49033020755184137,hough,17671.458676442588,1.0,0.78,166.62179450891594,13.959637701669969,0.0
192,3,391.0,191.0,78.0,313.0,113.0,469.0,269.0,0.48364726482179393,hough,19113.4497044403,1.0,0.78,206.96650792820137,7.600031398817311,0.0
193,0,302.0,289.0,52.0,250.0,237.0,354.0,341.0,0.7224615604402236,hough,8494.8665353068,1.0,0.78,224.1409909379781,15.052489113804873,0.0
193,1,555.0,219.0,72.0,483.0,147.0,627.0,291.0,0.5135020235065197,hough,16286.016316209487,1.0,0.78,172.51647066067358,12.627547564805122,0.0
193,2,405.0,300.0,74.0,331.0,226.0,479.0,374.0,0.5115952220109317,hough,17203.36137105771,1.0,0.78,206.83289710928867,7.127551910661316,0.0
193,3,385.0,198.0,84.0,301.0,114.0,469.0,282.0,0.4391879639233965,hough,22167.077763729583,1.0,0.78,208.54786969683278,7.271088420006325,0.0
194,0,299.0,318.0,49.0,250.0,269.0,348.0,367.0,0.7059460684169536,hough,7542.963961269093,1.0,0.78,216.99428571428572,16.496877076411963,0.0
194,1,407.0,287.0,72.0,335.0,215.0,479.0,359.0,0.5272345326729841,hough,16286.016316209487,1.0,0.78,208.39190936518685,6.9103503478849815,0.0
194,2,555.0,216.0,75.0,480.0,141.0,630.0,291.0,0.48968093847540245,hough,17671.458676442588,1.0,0.78,166.4560430229267,13.829833003113501,0.0
194,3,269.0,177.0,76.0,193.0,101.0,345.0,253.0,0.47703302394676234,hough,18145.839167134644,1.0,0.78,158.03252173913043,14.649333333333333,0.0
194,4,392.0,198.0,84.0,308.0,114.0,476.0,282.0,0.4401147563183918,hough,22167.077763729583,1.0,0.78,206.72014638774678,7.996069217909907,0.0
195,0,553.0,217.0,74.0,479.0,143.0,627.0,291.0,0.4977481450541674,hough,17203.36137105771,1.0,0.78,167.69609724888036,13.666841156284534,0.0
195,1,335.0,288.0,84.0,251.0,204.0,419.0,372.0,0.45739320354872753,hough,22167.077763729583,1.0,0.78,217.14833054714677,9.877332489947136,0.0
195,2,343.0,194.0,84.0,259.0,110.0,427.0,278.0,0.4415754146114384,hough,22167.077763729583,1.0,0.78,211.42081959065646,7.156643925360322,0.0
195,3,420.0,288.0,84.0,336.0,204.0,504.0,372.0,0.42818322696332534,hough,22167.077763729583,1.0,0.78,187.14331541137668,9.93245380201509,0.0
196,0,300.0,282.0,47.0,253.0,235.0,347.0,329.0,0.6906195587418137,hough,6939.778171779853,1.0,0.78,227.9296344458893,13.530992631122668,0.0
196,1,407.0,287.0,72.0,335.0,215.0,479.0,359.0,0.5273440171416071,hough,16286.016316209487,1.0,0.78,208.37263715288466,6.944584693060771,0.0
196,2,555.0,219.0,72.0,483.0,147.0,627.0,291.0,0.5130155625284336,hough,16286.016316209487,1.0,0.78,172.3747306200357,12.53488085709008,0.0
196,3,391.0,195.0,79.0,312.0,116.0,470.0,274.0,0.4760860812229278,hough,19606.6797510539,1.0,0.78,208.388619298156,7.201971701486438,0.0
197,0,329.0,282.0,79.0,250.0,203.0,408.0,361.0,0.49978763251310726,hough,19606.6797510539,1.0,0.78,220.08024722889104,10.46575062573428,0.0
197,1,557.0,216.0,75.0,482.0,141.0,632.0,291.0,0.49045404831373346,hough,17671.458676442588,1.0,0.78,166.6112652136994,13.995414661760543,0.0
197,2,393.0,198.0,84.0,309.0,114.0,477.0,282.0,0.44148602187607655,hough,22167.077763729583,1.0,0.78,206.6476302353951,8.380698504495548,0.0
197,3,416.0,290.0,84.0,332.0,206.0,500.0,374.0,0.430209502164139,hough,22167.077763729583,1.0,0.78,190.70672751095648,9.541182849139293,0.0
197,4,264.0,246.0,84.0,180.0,162.0,348.0,330.0,0.41878523568591675,hough,22167.077763729583,1.0,0.78,158.89811397077415,14.81068918440613,0.0
198,0,300.0,282.0,49.0,251.0,233.0,349.0,331.0,0.7043283301588599,hough,7542.963961269093,1.0,0.78,225.45235880398673,13.854219269102991,0.0
198,1,555.0,219.0,72.0,483.0,147.0,627.0,291.0,0.5125764988418791,hough,16286.016316209487,1.0,0.78,171.69749399667506,12.594852533710977,0.0
198,2,365.0,308.0,78.0,287.0,230.0,443.0,386.0,0.4790236914927292,hough,19113.4497044403,1.0,0.78,202.82134072949918,7.450782353864671,0.0
198,3,392.0,198.0,84.0,308.0,114.0,476.0,282.0,0.4394186183095805,hough,22167.077763729583,1.0,0.78,206.57122848235664,7.849365201283152,0.0
199,0,300.0,282.0,49.0,251.0,233.0,349.0,331.0,0.7044861439820636,hough,7542.963961269093,1.0,0.78,225.16398671096346,13.971694352159469,0.0
199,1,297.0,225.0,50.0,247.0,175.0,347.0,275.0,0.7013765252674131,hough,7853.981633974483,1.0,0.78,219.0350541746335,12.754748247291268,0.0
199,2,555.0,219.0,72.0,483.0,147.0,627.0,291.0,0.5119821168553549,hough,16286.016316209487,1.0,0.78,171.5266917061757,12.481004864232498,0.0
199,3,386.0,198.0,84.0,302.0,114.0,470.0,282.0,0.4386864326281874,hough,22167.077763729583,1.0,0.78,208.09714001716893,7.255184566032621,0.0
199,4,396.0,302.0,84.0,312.0,218.0,480.0,386.0,0.4304239610105248,hough,22167.077763729583,1.0,0.78,198.69990511905297,7.508652238738534,0.0
200,0,301.0,282.0,47.0,254.0,235.0,348.0,329.0,0.6875349462665679,hough,6939.778171779853,1.0,0.78,227.03323219187976,12.942782834850455,0.0
200,1,554.0,212.0,78.0,476.0,134.0,632.0,290.0,0.45950349312608335,hough,19113.4497044403,1.0,0.78,158.86582238735673,13.737034905018577,0.0
200,2,399.0,305.0,82.0,317.0,223.0,481.0,387.0,0.4434238762365327,hough,21124.069002737768,1.0,0.78,196.73522581868156,7.508838443675654,0.0
200,3,387.0,183.0,84.0,303.0,99.0,471.0,267.0,0.4368292532589021,hough,22167.077763729583,1.0,0.78,201.03795237880087,8.605475986084127,0.0
201,0,301.0,282.0,47.0,254.0,235.0,348.0,329.0,0.6877877078248829,hough,6939.778171779853,1.0,0.78,226.9605548331166,13.029186533737898,0.0
201,1,555.0,217.0,75.0,480.0,142.0,630.0,292.0,0.4883234297204144,hough,17671.458676442588,1.0,0.78,165.04540050948202,13.836626096801586,0.0
201,2,399.0,249.0,79.0,320.0,170.0,478.0,328.0,0.4779591638318717,hough,19606.6797510539,1.0,0.78,208.23338611636103,7.742044235582571,0.0
202,0,301.0,282.0,47.0,254.0,235.0,348.0,329.0,0.6880165934840446,hough,6939.778171779853,1.0,0.78,226.9375812743823,13.096228868660598,0.0
202,1,303.0,215.0,57.0,246.0,158.0,360.0,272.0,0.6658961145758682,hough,10207.034531513238,1.0,0.78,214.65030915693396,12.399842967906567,0.0
202,2,407.0,300.0,75.0,332.0,225.0,482.0,375.0,0.5019323578656889,hough,17671.458676442588,1.0,0.78,204.23668270591565,7.219586753467309,0.0
202,3,554.0,217.0,74.0,480.0,143.0,628.0,291.0,0.49688587552587105,hough,17203.36137105771,1.0,0.78,167.24818239981389,13.554004536730064,0.0
202,4,392.0,186.0,84.0,308.0,102.0,476.0,270.0,0.43812873021771526,hough,22167.077763729583,1.0,0.78,201.2065693760448,8.907920300004518,0.0
203,0,300.0,189.0,47.0,253.0,142.0,347.0,236.0,0.6563380703192521,hough,6939.778171779853,1.0,0.78,209.70221066319894,9.154601936136396,0.0
203,1,560.0,217.0,70.0,490.0,147.0,630.0,287.0,0.5208895401113443,hough,15393.804002589986,1.0,0.78,174.4047355753594,10.123788460287518,0.0
203,2,398.0,180.0,78.0,320.0,102.0,476.0,258.0,0.48273485982630376,hough,19113.4497044403,1.0,0.78,200.03443403631798,9.169030299858706,0.0
203,3,363.0,300.0,84.0,279.0,216.0,447.0,384.0,0.4366887867121876,hough,22167.077763729583,1.0,0.78,205.67225410021234,7.356436090904983,0.0
203,4,264.0,245.0,84.0,180.0,161.0,348.0,329.0,0.4025517172494679,hough,22167.077763729583,1.0,0.78,155.5310208828437,11.362036709308793,0.0
204,0,366.0,296.0,76.0,290.0,220.0,442.0,372.0,0.49982435489893334,hough,18145.839167134644,1.0,0.78,212.27624827586206,6.545655172413793,0.0
204,1,554.0,212.0,78.0,476.0,134.0,632.0,290.0,0.4589690180455598,hough,19113.4497044403,1.0,0.78,158.26741326076717,13.750955047359882,0.0
204,2,395.0,224.0,83.0,312.0,141.0,478.0,307.0,0.44568975968325186,hough,21642.431790580085,1.0,0.78,208.9548291645476,6.908456239308336,0.0
204,3,264.0,228.0,84.0,180.0,144.0,348.0,312.0,0.399410315621314,hough,22167.077763729583,1.0,0.78,155.04105779440766,10.652424533549073,0.0
205,0,297.0,221.0,50.0,247.0,171.0,347.0,271.0,0.6959189308210942,hough,7853.981633974483,1.0,0.78,217.58585086042063,11.678266411727213,0.0
205,1,560.0,217.0,70.0,490.0,147.0,630.0,287.0,0.5204621562845942,hough,15393.804002589986,1.0,0.78,174.15566252520654,10.074936577115723,0.0
205,2,407.0,295.0,76.0,331.0,219.0,483.0,371.0,0.4962286280564722,hough,18145.839167134644,1.0,0.78,204.91972413793104,7.510068965517241,0.0
205,3,395.0,224.0,83.0,312.0,141.0,478.0,307.0,0.44576456053613733,hough,21642.431790580085,1.0,0.78,208.81307503814324,6.965463035739054,0.0
206,0,306.0,313.0,45.0,261.0,268.0,351.0,358.0,0.6594040407766324,hough,6361.725123519332,1.0,0.78,221.3194466278887,10.915107687470524,0.0
206,1,561.0,216.0,72.0,489.0,144.0,633.0,288.0,0.5038788038288944,hough,16286.016316209487,1.0,0.78,169.9068407117788,10.743611846561171,0.0
206,2,396.0,305.0,78.0,318.0,227.0,474.0,383.0,0.4755375172333976,hough,19113.4497044403,1.0,0.78,200.15458684389554,7.218326443037312,0.0
206,3,392.0,186.0,84.0,308.0,102.0,476.0,270.0,0.4384434419470733,hough,22167.077763729583,1.0,0.78,201.1886775403244,8.996521031943251,0.0
207,0,362.0,287.0,71.0,291.0,216.0,433.0,358.0,0.5403326046678012,hough,15836.768566746148,1.0,0.78,215.8848415860368,6.4541832669322705,0.0
207,1,560.0,221.0,68.0,492.0,153.0,628.0,289.0,0.5355102566733219,hough,14526.724430199205,1.0,0.78,176.34746639089968,9.534643226473628,0.0
207,2,392.0,193.0,79.0,313.0,114.0,471.0,272.0,0.47530570243709774,hough,19606.6797510539,1.0,0.78,206.74408744955815,7.423813658885426,0.0
207,3,264.0,228.0,84.0,180.0,144.0,348.0,312.0,0.40142579309713017,hough,22167.077763729583,1.0,0.78,155.24710522323912,11.13601658492188,0.0
208,0,297.0,237.0,50.0,247.0,187.0,347.0,287.0,0.7040908524896978,hough,7853.981633974483,1.0,0.78,221.4687061822817,12.842319949012108,0.0
208,1,324.0,306.0,71.0,253.0,235.0,395.0,377.0,0.5539811632501539,hough,15836.768566746148,1.0,0.78,213.26547777145385,10.778599886169607,0.0
208,2,554.0,217.0,74.0,480.0,143.0,628.0,291.0,0.4964371877334156,hough,17203.36137105771,1.0,0.78,166.86860931774558,13.533589251439539,0.0
208,3,401.0,308.0,79.0,322.0,229.0,480.0,387.0,0.4638763478122729,hough,19606.6797510539,1.0,0.78,195.85927363743167,7.22168871635082,0.0
208,4,395.0,194.0,82.0,313.0,112.0,477.0,276.0,0.45349724883944814,hough,21124.069002737768,1.0,0.78,204.50997583052936,8.162456755604,0.0
209,0,297.0,227.0,50.0,247.0,177.0,347.0,277.0,0.7036604547091707,hough,7853.981633974483,1.0,0.78,219.41096239643082,13.265519439133206,0.0
209,1,411.0,299.0,74.0,337.0,225.0,485.0,373.0,0.5109949378095411,hough,17203.36137105771,1.0,0.78,202.75623800383877,8.033269353806782,0.0
209,2,336.0,294.0,78.0,258.0,216.0,414.0,372.0,0.49721858528571666,hough,19113.4497044403,1.0,0.78,217.2394683133602,8.53330891203098,0.0
209,3,554.0,218.0,75.0,479.0,143.0,629.0,293.0,0.48503874970065675,hough,17671.458676442588,1.0,0.78,164.29295216529863,13.157429946221342,0.0
209,4,392.0,186.0,83.0,309.0,103.0,475.0,269.0,0.4430365158992618,hough,21642.431790580085,1.0,0.78,201.04040871052754,8.27005409404041,0.0
210,0,299.0,191.0,47.0,252.0,144.0,346.0,238.0,0.6595207574238584,hough,6939.778171779853,1.0,0.78,209.97023551509895,9.933246640658863,0.0
210,1,559.0,216.0,71.0,488.0,145.0,630.0,287.0,0.5126512711782301,hough,15836.768566746148,1.0,0.78,172.5000948586606,10.414911781445646,0.0
210,2,329.0,283.0,79.0,250.0,204.0,408.0,362.0,0.49776302530597044,hough,19606.6797510539,1.0,0.78,218.99713950043417,10.209020789702201,0.0
210,3,395.0,229.0,84.0,311.0,145.0,479.0,313.0,0.43967281132099195,hough,22167.077763729583,1.0,0.78,207.92427596801156,7.563412099579812,0.0
211,0,299.0,191.0,47.0,252.0,144.0,346.0,238.0,0.6594956597529449,hough,6939.778171779853,1.0,0.78,209.89986996098827,9.94495015171218,0.0
211,1,285.0,240.0,62.0,223.0,178.0,347.0,302.0,0.6175808044911297,hough,12076.282160399165,1.0,0.78,191.86443910123538,15.423099245502032,0.0
211,2,559.0,216.0,71.0,488.0,145.0,630.0,287.0,0.5123559259485047,hough,15836.768566746148,1.0,0.78,172.40106241699866,10.3620438879403,0.0
211,3,398.0,302.0,82.0,316.0,220.0,480.0,384.0,0.45034417947464706,hough,21124.069002737768,1.0,0.78,199.9508080185773,8.513577555566087,0.0
211,4,393.0,200.0,84.0,309.0,116.0,477.0,284.0,0.43913873834150874,hough,22167.077763729583,1.0,0.78,205.9406316360186,7.939592463741923,0.0
212,0,285.0,237.0,62.0,223.0,175.0,347.0,299.0,0.6174138305628469,hough,12076.282160399165,1.0,0.78,191.71378824309758,15.417958709891385,0.0
212,1,401.0,191.0,75.0,326.0,116.0,476.0,266.0,0.5057675656821866,hough,17671.458676442588,1.0,0.78,204.78177186527031,8.099801868100764,0.0
212,2,554.0,217.0,75.0,479.0,142.0,629.0,292.0,0.485346221826218,hough,17671.458676442588,1.0,0.78,164.83934333427683,13.096575148598925,0.0
212,3,398.0,302.0,82.0,316.0,220.0,480.0,384.0,0.45033093900002963,hough,21124.069002737768,1.0,0.78,199.84721103265247,8.537130941661532,0.0
213,0,299.0,284.0,49.0,250.0,235.0,348.0,333.0,0.708652813905847,hough,7542.963961269093,1.0,0.78,224.7035215946844,15.203189368770765,0.0
213,1,554.0,217.0,75.0,479.0,142.0,629.0,292.0,0.485404158757005,hough,17671.458676442588,1.0,0.78,164.85751485989243,13.107274271157657,0.0
213,2,395.0,227.0,82.0,313.0,145.0,477.0,309.0,0.4535028672424417,hough,21124.069002737768,1.0,0.78,208.83195109236527,7.034026823373299,0.0
213,3,395.0,312.0,84.0,311.0,228.0,479.0,396.0,0.42582296927872165,hough,22167.077763729583,1.0,0.78,190.24791036009577,8.491392942664799,0.0
214,0,279.0,174.0,67.0,212.0,107.0,346.0,241.0,0.5520936607699711,hough,14102.60942196458,1.0,0.78,169.7124280537199,13.701485113337595,0.0
214,1,554.0,215.0,76.0,478.0,139.0,630.0,291.0,0.4770677950612051,hough,18145.839167134644,1.0,0.78,163.15205517241378,13.32016551724138,0.0
214,2,363.0,307.0,79.0,284.0,228.0,442.0,386.0,0.4751425195003382,hough,19606.6797510539,1.0,0.78,203.73228788884916,8.167696787046022,0.0
214,3,393.0,227.0,83.0,310.0,144.0,476.0,310.0,0.4458999418188922,hough,21642.431790580085,1.0,0.78,209.28133524434787,6.879143742197975,0.0
214,4,263.0,246.0,84.0,179.0,162.0,347.0,330.0,0.41577037016370477,hough,22167.077763729583,1.0,0.78,157.62171789130878,14.340423366578465,0.0
215,0,299.0,283.0,49.0,250.0,234.0,348.0,332.0,0.7084305808265687,hough,7542.963961269093,1.0,0.78,225.16305647840534,15.023787375415283,0.0
215,1,554.0,217.0,75.0,479.0,142.0,629.0,292.0,0.48640533395111324,hough,17671.458676442588,1.0,0.78,165.06391168978206,13.320294367393151,0.0
215,2,393.0,293.0,84.0,309.0,209.0,477.0,377.0,0.43951959985342026,hough,22167.077763729583,1.0,0.78,205.8355396918628,8.068630551664935,0.0
215,3,392.0,203.0,84.0,308.0,119.0,476.0,287.0,0.43854223750831056,hough,22167.077763729583,1.0,0.78,207.67424208195905,7.327294085754303,0.0
216,0,301.0,295.0,43.0,258.0,252.0,344.0,338.0,0.6520435790497685,hough,5808.804816487527,1.0,0.78,227.78459146657454,11.242183451373293,0.0
216,1,554.0,215.0,76.0,478.0,139.0,630.0,291.0,0.4768332325189469,hough,18145.839167134644,1.0,0.78,163.0400551724138,13.286896551724137,0.0
216,2,398.0,302.0,82.0,316.0,220.0,480.0,384.0,0.4501511117731814,hough,21124.069002737768,1.0,0.78,199.84668973034454,8.489313302687076,0.0
216,3,391.0,201.0,84.0,307.0,117.0,475.0,285.0,0.4387715054455491,hough,22167.077763729583,1.0,0.78,207.3905028690191,7.462612388740793,0.0
216,4,258.0,194.0,84.0,174.0,110.0,342.0,278.0,0.4101136422444196,hough,22167.077763729583,1.0,0.78,154.81695700226305,13.56523340876796,0.0
217,0,402.0,297.0,76.0,326.0,221.0,478.0,373.0,0.49735108106526194,hough,18145.839167134644,1.0,0.78,206.86697931034482,7.300303448275862,0.0
217,1,554.0,215.0,76.0,478.0,139.0,630.0,291.0,0.47799457531813544,hough,18145.839167134644,1.0,0.78,163.2663172413793,13.53743448275862,0.0
217,2,387.0,200.0,84.0,303.0,116.0,471.0,284.0,0.4390099270465123,hough,22167.077763729583,1.0,0.78,208.15958071657704,7.325125378394253,0.0
217,3,263.0,189.0,83.0,180.0,106.0,346.0,272.0,0.4211462921331192,hough,21642.431790580085,1.0,0.78,156.8802448005809,13.97780198122504,0.0
217,4,525.0,332.0,84.0,441.0,248.0,609.0,416.0,0.34738421377832873,hough,22167.077763729583,1.0,0.78,98.40902724438621,11.584556996340305,0.0
218,0,555.0,219.0,72.0,483.0,147.0,627.0,291.0,0.5130100104338196,hough,16286.016316209487,1.0,0.78,171.9317160273382,12.649221107074686,0.0
218,1,401.0,301.0,78.0,323.0,223.0,479.0,379.0,0.4824433920957712,hough,19113.4497044403,1.0,0.78,203.57915118530536,8.16458213407295,0.0
218,2,336.0,229.0,84.0,252.0,145.0,420.0,313.0,0.45119628616070867,hough,22167.077763729583,1.0,0.78,217.63308182352142,8.098088826638955,0.0
218,3,414.0,217.0,84.0,330.0,133.0,498.0,301.0,0.43964941665611834,hough,22167.077763729583,1.0,0.78,194.18931007997108,11.148014277323453,0.0
218,4,261.0,248.0,84.0,177.0,164.0,345.0,332.0,0.42155876307778495,hough,22167.077763729583,1.0,0.78,157.6777170550629,15.869354506083729,0.0
219,0,297.0,283.0,49.0,248.0,234.0,346.0,332.0,0.7146818901875225,hough,7542.963961269093,1.0,0.78,224.83534883720932,16.776478405315615,0.0
219,1,405.0,300.0,75.0,330.0,225.0,480.0,375.0,0.5057382066416556,hough,17671.458676442588,1.0,0.78,205.1329181998302,8.000169827342202,0.0
219,2,553.0,215.0,76.0,477.0,139.0,629.0,291.0,0.48039763278939984,hough,18145.839167134644,1.0,0.78,163.1518896551724,14.20816551724138,0.0
219,3,393.0,222.0,83.0,310.0,139.0,476.0,305.0,0.4469363521757207,hough,21642.431790580085,1.0,0.78,209.2671413380184,7.15923066253641,0.0
219,4,261.0,191.0,84.0,177.0,107.0,345.0,275.0,0.4175819462993103,hough,22167.077763729583,1.0,0.78,157.05609404000825,14.971385852753146,0.0
220,0,300.0,294.0,43.0,257.0,251.0,343.0,337.0,0.6558509478255738,hough,5808.804816487527,1.0,0.78,228.32544480912074,12.116082224909311,0.0
220,1,309.0,174.0,66.0,243.0,108.0,375.0,240.0,0.5890301577840082,hough,13684.77759903714,1.0,0.78,204.85270240620198,12.37416806845608,0.0
220,2,552.0,221.0,76.0,476.0,145.0,628.0,297.0,0.47865753136952155,hough,18145.839167134644,1.0,0.78,159.76573793103447,14.629406896551723,0.0
220,3,531.0,350.0,67.0,464.0,283.0,598.0,417.0,0.4551047266686535,hough,14102.60942196458,1.0,0.78,82.8099197043985,10.557379378952604,0.0
220,4,393.0,289.0,84.0,309.0,205.0,477.0,373.0,0.4415374445144401,hough,22167.077763729583,1.0,0.78,207.48606153707132,8.175213482130754,0.0
220,5,387.0,203.0,84.0,303.0,119.0,471.0,287.0,0.4393526180243176,hough,22167.077763729583,1.0,0.78,208.90954683052453,7.220440066868476,0.0
221,0,552.0,221.0,76.0,476.0,145.0,628.0,297.0,0.4787616584824357,hough,18145.839167134644,1.0,0.78,159.78035862068964,14.65335172413793,0.0
221,1,338.0,294.0,82.0,256.0,212.0,420.0,376.0,0.4698681043234833,hough,21124.069002737768,1.0,0.78,216.31936875029618,9.440595232453438,0.0
221,2,533.0,350.0,67.0,466.0,283.0,600.0,417.0,0.4534745033791671,hough,14102.60942196458,1.0,0.78,82.24053151424714,10.271512825978824,0.0
221,3,380.0,198.0,84.0,296.0,114.0,464.0,282.0,0.4396719951765249,hough,22167.077763729583,1.0,0.78,208.89969728459764,7.308182352143857,0.0
221,4,415.0,289.0,84.0,331.0,205.0,499.0,373.0,0.43441364171088975,hough,22167.077763729583,1.0,0.78,190.5789093209235,10.695703248542898,0.0
221,5,264.0,247.0,83.0,181.0,164.0,347.0,330.0,0.4310435615713193,hough,21642.431790580085,1.0,0.78,159.52066584209442,15.926767676767676,0.0
222,0,553.0,217.0,74.0,479.0,143.0,627.0,291.0,0.4987974634612255,hough,17203.36137105771,1.0,0.78,167.24690280928286,14.064095852963415,0.0
222,1,407.0,341.0,74.0,333.0,267.0,481.0,415.0,0.4674575114971909,hough,17203.36137105771,1.0,0.78,159.50270458907696,7.731402314895597,0.0
222,2,335.0,290.0,84.0,251.0,206.0,419.0,374.0,0.45700409200115816,hough,22167.077763729583,1.0,0.78,216.25129896534585,10.008087471196855,0.0
222,3,393.0,180.0,82.0,311.0,98.0,475.0,262.0,0.45432433304974945,hough,21124.069002737768,1.0,0.78,199.10373915928153,9.796407753187053,0.0
222,4,263.0,245.0,84.0,179.0,161.0,347.0,329.0,0.416176444434447,hough,22167.077763729583,1.0,0.78,157.7542743741095,14.414054549155303,0.0
223,0,299.0,284.0,49.0,250.0,235.0,348.0,333.0,0.7086956124206016,hough,7542.963961269093,1.0,0.78,225.06232558139536,15.120797342192692,0.0
223,1,405.0,297.0,75.0,330.0,222.0,480.0,372.0,0.5041954265236646,hough,17671.458676442588,1.0,0.78,206.32804981602038,7.276309085762808,0.0
223,2,553.0,217.0,74.0,479.0,143.0,627.0,291.0,0.49852716991950824,hough,17203.36137105771,1.0,0.78,167.1732100273367,14.011283661955447,0.0
223,3,269.0,179.0,76.0,193.0,103.0,345.0,255.0,0.4752453910965208,hough,18145.839167134644,1.0,0.78,157.99901449275362,14.181391304347825,0.0
223,4,385.0,198.0,84.0,301.0,114.0,469.0,282.0,0.43989215596030706,hough,22167.077763729583,1.0,0.78,208.04120543984095,7.591334206840464,0.0
224,0,299.0,284.0,49.0,250.0,235.0,348.0,333.0,0.7089733207132212,hough,7542.963961269093,1.0,0.78,225.0741528239203,15.191760797342194,0.0
224,1,404.0,299.0,75.0,329.0,224.0,479.0,374.0,0.5034287323849278,hough,17671.458676442588,1.0,0.78,206.0563826776111,7.142881403906029,0.0
224,2,553.0,217.0,74.0,479.0,143.0,627.0,291.0,0.49848526104870694,hough,17203.36137105771,1.0,0.78,167.1495957657186,14.006281626243238,0.0
224,3,343.0,194.0,84.0,259.0,110.0,427.0,278.0,0.4411984311699798,hough,22167.077763729583,1.0,0.78,211.02281660868385,7.160168074820404,0.0
225,0,560.0,221.0,68.0,492.0,153.0,628.0,289.0,0.536037677914138,hough,14526.724430199205,1.0,0.78,176.6929334712168,9.584970699758703,0.0
225,1,399.0,272.0,79.0,320.0,193.0,478.0,351.0,0.47902045324011083,hough,19606.6797510539,1.0,0.78,208.11390917913877,8.056290545027327,0.0
225,2,270.0,186.0,76.0,194.0,110.0,346.0,262.0,0.472638948581975,hough,18145.839167134644,1.0,0.78,160.1480648324393,12.924496741074003,0.0
225,3,385.0,198.0,84.0,301.0,114.0,469.0,282.0,0.43936974487686586,hough,22167.077763729583,1.0,0.78,208.20083133782134,7.410292323679573,0.0
225,4,527.0,332.0,84.0,443.0,248.0,611.0,416.0,0.3437076734246913,hough,22167.077763729583,1.0,0.78,97.70419735236976,10.788415488185063,0.0
226,0,299.0,189.0,47.0,252.0,142.0,346.0,236.0,0.6583047085133247,hough,6939.778171779853,1.0,0.78,209.95015171218031,9.614217598612916,0.0
226,1,324.0,249.0,75.0,249.0,174.0,399.0,324.0,0.527540910004348,hough,17671.458676442588,1.0,0.78,219.58482875742996,10.035946787432778,0.0
226,2,554.0,217.0,74.0,480.0,143.0,628.0,291.0,0.497957273142092,hough,17203.36137105771,1.0,0.78,167.3251904844995,13.81957773512476,0.0
226,3,393.0,199.0,84.0,309.0,115.0,477.0,283.0,0.4400647555653684,hough,22167.077763729583,1.0,0.78,206.54195093299597,8.029322730764017,0.0
226,4,387.0,288.0,84.0,303.0,204.0,471.0,372.0,0.4393160221950041,hough,22167.077763729583,1.0,0.78,209.16929471829394,7.142773234536664,0.0
227,0,301.0,282.0,47.0,254.0,235.0,348.0,329.0,0.6855907107628012,hough,6939.778171779853,1.0,0.78,226.90651639936422,12.457448345614795,0.0
227,1,324.0,207.0,63.0,261.0,144.0,387.0,270.0,0.603525523483663,hough,12468.981242097889,1.0,0.78,213.62948687063357,7.974865494258411,0.0
227,2,555.0,218.0,72.0,483.0,146.0,627.0,290.0,0.5111150680162393,hough,16286.016316209487,1.0,0.78,171.34295917739053,12.297826488516716,0.0
227,3,363.0,308.0,76.0,287.0,232.0,439.0,384.0,0.4944853434046805,hough,18145.839167134644,1.0,0.78,204.53081379310345,7.146868965517241,0.0
227,4,392.0,186.0,84.0,308.0,102.0,476.0,270.0,0.4377652701904115,hough,22167.077763729583,1.0,0.78,201.07744092531513,8.844756698143044,0.0
228,0,560.0,217.0,70.0,490.0,147.0,630.0,287.0,0.5197987366527721,hough,15393.804002589986,1.0,0.78,174.08931243088531,9.915371105184414,0.0
228,1,363.0,305.0,79.0,284.0,226.0,442.0,384.0,0.4728465729764561,hough,19606.6797510539,1.0,0.78,204.77366297185472,7.283189457015886,0.0
228,2,345.0,228.0,84.0,261.0,144.0,429.0,312.0,0.444140064991538,hough,22167.077763729583,1.0,0.78,216.0450910405277,6.631590837211403,0.0
228,3,264.0,246.0,84.0,180.0,162.0,348.0,330.0,0.40476646933324123,hough,22167.077763729583,1.0,0.78,155.70920766547,11.906052485210093,0.0
229,0,302.0,252.0,47.0,255.0,205.0,349.0,299.0,0.6739581616298697,hough,6939.778171779853,1.0,0.78,226.35659586764916,9.4992053171507,0.0
229,1,336.0,300.0,75.0,261.0,225.0,411.0,375.0,0.514099729371325,hough,17671.458676442588,1.0,0.78,216.02422870082083,7.3825077837531845,0.0
229,2,555.0,219.0,72.0,483.0,147.0,627.0,291.0,0.5069234523883983,hough,16286.016316209487,1.0,0.78,170.69774028692814,11.348746998337539,0.0
229,3,404.0,299.0,76.0,328.0,223.0,480.0,375.0,0.4925470959401774,hough,18145.839167134644,1.0,0.78,205.39812413793103,6.403255172413793,0.0
229,4,387.0,199.0,84.0,303.0,115.0,471.0,283.0,0.43392786521531884,hough,22167.077763729583,1.0,0.78,207.33989969728458,6.184204581394297,0.0
229,5,264.0,186.0,84.0,180.0,102.0,348.0,270.0,0.3894176857888785,hough,22167.077763729583,1.0,0.78,152.0612833088942,8.766749254184154,0.0
229,6,528.0,332.0,84.0,444.0,248.0,612.0,416.0,0.33983544665479837,hough,22167.077763729583,1.0,0.78,97.7243482582569,9.750553472190845,0.0
230,0,335.0,301.0,74.0,261.0,227.0,409.0,375.0,0.5221783067250709,hough,17203.36137105771,1.0,0.78,215.80980631652417,7.6028034665270745,0.0
230,1,405.0,300.0,75.0,330.0,225.0,480.0,375.0,0.4996163541361473,hough,17671.458676442588,1.0,0.78,205.1972261534107,6.350863288989528,0.0
230,2,563.0,217.0,72.0,491.0,145.0,635.0,289.0,0.4969634926640985,hough,16286.016316209487,1.0,0.78,167.84237423803953,9.43925866633828,0.0
230,3,383.0,198.0,84.0,299.0,114.0,467.0,282.0,0.43350938686296947,hough,22167.077763729583,1.0,0.78,207.68883567523605,5.981385261826232,0.0
230,4,528.0,332.0,84.0,444.0,248.0,612.0,416.0,0.33976284523362177,hough,22167.077763729583,1.0,0.78,97.6463199746984,9.751592644467536,0.0
231,0,302.0,252.0,47.0,255.0,205.0,349.0,299.0,0.6744911090958088,hough,6939.778171779853,1.0,0.78,226.10215286808264,9.707845687039445,0.0
231,1,405.0,299.0,74.0,331.0,225.0,479.0,373.0,0.5072298438873679,hough,17203.36137105771,1.0,0.78,206.26394462862794,6.112196824288954,0.0
231,2,563.0,217.0,72.0,491.0,145.0,635.0,289.0,0.4966190183187295,hough,16286.016316209487,1.0,0.78,167.75949756788373,9.369065944215256,0.0
231,3,398.0,198.0,79.0,319.0,119.0,477.0,277.0,0.471589689648982,hough,19606.6797510539,1.0,0.78,206.70470450017876,6.443173111304081,0.0
232,0,302.0,252.0,47.0,255.0,205.0,349.0,299.0,0.6748667171485949,hough,6939.778171779853,1.0,0.78,226.09232769830948,9.810576506285217,0.0
232,1,403.0,271.0,76.0,327.0,195.0,479.0,347.0,0.4967965820794607,hough,18145.839167134644,1.0,0.78,207.04507586206896,7.105875862068966,0.0
232,2,397.0,199.0,84.0,313.0,115.0,481.0,283.0,0.4340091850969967,hough,22167.077763729583,1.0,0.78,203.66610942935887,7.166357927077215,0.0
232,3,555.0,209.0,82.0,473.0,127.0,637.0,291.0,0.4154732470961983,hough,21124.069002737768,1.0,0.78,150.74489360693806,12.078953604094592,0.0
233,0,560.0,218.0,69.0,491.0,149.0,629.0,287.0,0.5246544446122181,hough,14957.122623741005,1.0,0.78,175.2485116061275,8.917118201886414,0.0
233,1,338.0,297.0,78.0,260.0,219.0,416.0,375.0,0.49112464818185736,hough,19113.4497044403,1.0,0.78,215.90313464859491,7.257627296038516,0.0
233,2,396.0,195.0,82.0,314.0,113.0,478.0,277.0,0.4483596740474347,hough,21124.069002737768,1.0,0.78,203.95459930808966,6.937633287521918,0.0
233,3,421.0,293.0,84.0,337.0,209.0,505.0,377.0,0.4198884816491241,hough,22167.077763729583,1.0,0.78,184.66186237744543,8.36926760945195,0.0
233,4,265.0,248.0,84.0,181.0,164.0,349.0,332.0,0.39073233259140305,hough,22167.077763729583,1.0,0.78,153.79266331658292,8.66467336683417,0.0
234,0,301.0,192.0,47.0,254.0,145.0,348.0,239.0,0.6536064542658087,hough,6939.778171779853,1.0,0.78,210.06892067620285,8.330299089726918,0.0
234,1,339.0,307.0,68.0,271.0,239.0,407.0,375.0,0.5644420550389968,hough,14526.724430199205,1.0,0.78,214.4182006204757,7.296656325405032,0.0
234,2,555.0,218.0,74.0,481.0,144.0,629.0,292.0,0.4886113412021666,hough,17203.36137105771,1.0,0.78,166.11376723084976,11.644041179549816,0.0
234,3,386.0,200.0,84.0,302.0,116.0,470.0,284.0,0.4341135508165372,hough,22167.077763729583,1.0,0.78,207.57371345954004,6.17259296073736,0.0
234,4,419.0,289.0,83.0,336.0,206.0,502.0,372.0,0.4308197458401817,hough,21642.431790580085,1.0,0.78,188.92061583984466,8.180822044477322,0.0
234,5,265.0,248.0,84.0,181.0,164.0,349.0,332.0,0.3881525981348063,hough,22167.077763729583,1.0,0.78,153.20376884422112,8.13070351758794,0.0
235,0,301.0,287.0,48.0,253.0,239.0,349.0,335.0,0.6825879520628644,hough,7238.229473870883,1.0,0.78,223.6073755718841,10.529183418827119,0.0
235,1,555.0,218.0,74.0,481.0,144.0,629.0,292.0,0.4879429062599933,hough,17203.36137105771,1.0,0.78,165.93253068109115,11.513173966149013,0.0
235,2,402.0,297.0,79.0,323.0,218.0,481.0,376.0,0.47167480228115244,hough,19606.6797510539,1.0,0.78,204.7222250600194,6.984165091689227,0.0
235,3,395.0,200.0,84.0,311.0,116.0,479.0,284.0,0.43478847792830266,hough,22167.077763729583,1.0,0.78,204.8422265395563,7.066687751321555,0.0
235,4,267.0,335.0,80.0,187.0,255.0,347.0,415.0,0.38201963300124164,hough,20106.192982974677,1.0,0.78,115.50683310018293,8.390455181319272,0.0
236,0,305.0,296.0,45.0,260.0,251.0,350.0,341.0,0.6597086196904176,hough,6361.725123519332,1.0,0.78,224.7575852853325,10.097468951422734,0.0
236,1,404.0,299.0,76.0,328.0,223.0,480.0,375.0,0.4933736219712795,hough,18145.839167134644,1.0,0.78,205.28899310344826,6.652193103448275,0.0
236,2,555.0,217.0,75.0,480.0,142.0,630.0,292.0,0.4791488627523875,hough,17671.458676442588,1.0,0.78,163.6270591565242,11.76088310217945,0.0
236,3,384.0,198.0,83.0,301.0,115.0,467.0,281.0,0.4414071856337051,hough,21642.431790580085,1.0,0.78,207.41578436358594,6.16880114660872,0.0
236,4,265.0,248.0,84.0,181.0,164.0,349.0,332.0,0.3885724091999359,hough,22167.077763729583,1.0,0.78,152.94366834170856,8.31065326633166,0.0
237,0,301.0,192.0,47.0,254.0,145.0,348.0,239.0,0.6551080507142419,hough,6939.778171779853,1.0,0.78,209.77011992486632,8.808842652795837,0.0
237,1,407.0,299.0,74.0,333.0,225.0,481.0,373.0,0.5080027944041652,hough,17203.36137105771,1.0,0.78,205.65410341418018,6.4777525737218635,0.0
237,2,555.0,217.0,75.0,480.0,142.0,630.0,292.0,0.47890778285028796,hough,17671.458676442588,1.0,0.78,163.57560147183696,11.710048117746958,0.0
237,3,396.0,229.0,83.0,313.0,146.0,479.0,312.0,0.4427297994265522,hough,21642.431790580085,1.0,0.78,208.09884876785796,6.342919228813168,0.0
237,4,265.0,248.0,84.0,181.0,164.0,349.0,332.0,0.3887913396364321,hough,22167.077763729583,1.0,0.78,152.87904522613064,8.385929648241206,0.0
238,0,313.0,239.0,63.0,250.0,176.0,376.0,302.0,0.6138071903943845,hough,12468.981242097889,1.0,0.78,218.89576808801093,9.33983779009074,0.0
238,1,331.0,301.0,64.0,267.0,237.0,395.0,365.0,0.5999224253581634,hough,12867.963509103793,1.0,0.78,217.82307632459347,7.907725822765113,0.0
238,2,407.0,301.0,74.0,333.0,227.0,481.0,375.0,0.5085429737749305,hough,17203.36137105771,1.0,0.78,204.87157564124934,6.826382830221601,0.0
238,3,560.0,216.0,71.0,489.0,145.0,631.0,287.0,0.5070300786994679,hough,15836.768566746148,1.0,0.78,171.24119395434136,9.245051539872255,0.0
238,4,396.0,201.0,84.0,312.0,117.0,480.0,285.0,0.4351967572432817,hough,22167.077763729583,1.0,0.78,204.6850856187593,7.216644828988388,0.0
238,5,264.0,192.0,84.0,180.0,108.0,348.0,276.0,0.38869719025385907,hough,22167.077763729583,1.0,0.78,152.07544116903475,8.570915710168379,0.0
239,0,313.0,239.0,63.0,250.0,176.0,376.0,302.0,0.6139549636689556,hough,12468.981242097889,1.0,0.78,219.0904199791215,9.328354613346182,0.0
239,1,407.0,299.0,74.0,333.0,225.0,481.0,373.0,0.5090170780330474,hough,17203.36137105771,1.0,0.78,205.74582678997265,6.7242482405630195,0.0
239,2,555.0,218.0,74.0,481.0,144.0,629.0,292.0,0.48780403020122337,hough,17203.36137105771,1.0,0.78,166.09032745884954,11.434886290932356,0.0
239,3,395.0,229.0,83.0,312.0,146.0,478.0,312.0,0.44332566336739415,hough,21642.431790580085,1.0,0.78,208.56586065005317,6.379721669980119,0.0
240,0,318.0,230.0,70.0,248.0,160.0,388.0,300.0,0.556665038725543,hough,15393.804002589986,1.0,0.78,216.24347882651404,8.725687894360242,0.0
240,1,405.0,297.0,75.0,330.0,222.0,480.0,372.0,0.5005671610935185,hough,17671.458676442588,1.0,0.78,206.16943107840362,6.350240588734787,0.0
240,2,555.0,217.0,75.0,480.0,142.0,630.0,292.0,0.4789661970736053,hough,17671.458676442588,1.0,0.78,163.67047834701387,11.700820832153976,0.0
240,3,392.0,209.0,84.0,308.0,125.0,476.0,293.0,0.4345642884693898,hough,22167.077763729583,1.0,0.78,208.0825464238919,6.159761442190394,0.0
240,4,528.0,332.0,84.0,444.0,248.0,612.0,416.0,0.33983645105511273,hough,22167.077763729583,1.0,0.78,97.88799530113404,9.708037771653187,0.0
241,0,313.0,239.0,63.0,250.0,176.0,376.0,302.0,0.6134412950199335,hough,12468.981242097889,1.0,0.78,219.00939532642738,9.212559222677267,0.0
241,1,405.0,299.0,75.0,330.0,224.0,480.0,374.0,0.5005733853211093,hough,17671.458676442588,1.0,0.78,205.59071610529296,6.503198414944806,0.0
241,2,555.0,217.0,75.0,480.0,142.0,630.0,292.0,0.4789411988773271,hough,17671.458676442588,1.0,0.78,163.66425134446646,11.695782621001982,0.0
241,3,392.0,186.0,84.0,308.0,102.0,476.0,270.0,0.43181178754582883,hough,22167.077763729583,1.0,0.78,199.88944110604075,7.567749514299914,0.0
241,4,528.0,332.0,84.0,444.0,248.0,612.0,416.0,0.3397867758739663,hough,22167.077763729583,1.0,0.78,97.89020918989743,9.694212262232865,0.0
242,0,337.0,305.0,71.0,266.0,234.0,408.0,376.0,0.5438582515356674,hough,15836.768566746148,1.0,0.78,214.10839182950735,7.858787073926515,0.0
242,1,323.0,189.0,75.0,248.0,114.0,398.0,264.0,0.5074189145885762,hough,17671.458676442588,1.0,0.78,209.51921879422588,7.30161335975092,0.0
242,2,405.0,297.0,75.0,330.0,222.0,480.0,372.0,0.5004715707770069,hough,17671.458676442588,1.0,0.78,206.06651570902915,6.3516558165864705,0.0
242,3,555.0,217.0,75.0,480.0,142.0,630.0,292.0,0.4785596104366862,hough,17671.458676442588,1.0,0.78,163.5502405887348,11.623832437022362,0.0
243,0,301.0,284.0,48.0,253.0,236.0,349.0,332.0,0.6837992080195656,hough,7238.229473870883,1.0,0.78,223.88992097601553,10.778316927769305,0.0
243,1,555.0,217.0,75.0,480.0,142.0,630.0,292.0,0.4788959434980738,hough,17671.458676442588,1.0,0.78,163.60271723747525,11.699801868100764,0.0
243,2,396.0,242.0,83.0,313.0,159.0,479.0,325.0,0.44391720078221214,hough,21642.431790580085,1.0,0.78,208.13468029035093,6.650191872023672,0.0
243,3,265.0,192.0,84.0,181.0,108.0,349.0,276.0,0.3885137433215242,hough,22167.077763729583,1.0,0.78,152.7269849246231,8.351658291457287,0.0
244,0,307.0,329.0,43.0,264.0,286.0,350.0,372.0,0.6345041152594157,hough,5808.804816487527,1.0,0.78,210.039039557782,11.204353083434098,0.0
244,1,288.0,240.0,62.0,226.0,178.0,350.0,302.0,0.5929005293050251,hough,12076.282160399165,1.0,0.78,190.29798524168808,9.251222950004145,0.0
244,2,407.0,299.0,74.0,333.0,225.0,481.0,373.0,0.5068667187326936,hough,17203.36137105771,1.0,0.78,205.273076251963,6.274414005699994,0.0
244,3,554.0,212.0,78.0,476.0,134.0,632.0,290.0,0.4494096006577977,hough,19113.4497044403,1.0,0.78,157.20827882149771,11.478674969909466,0.0
244,4,386.0,204.0,84.0,302.0,120.0,470.0,288.0,0.4342772558865108,hough,22167.077763729583,1.0,0.78,208.86919983734694,5.877558396963809,0.0
245,0,303.0,252.0,46.0,257.0,206.0,349.0,298.0,0.668687036681189,hough,6647.610054996002,1.0,0.78,225.91260377358492,10.199698113207548,0.0
245,1,407.0,299.0,74.0,333.0,225.0,481.0,373.0,0.506818300714873,hough,17203.36137105771,1.0,0.78,205.16762635956493,6.289071133600884,0.0
245,2,555.0,217.0,75.0,480.0,142.0,630.0,292.0,0.47846826857868635,hough,17671.458676442588,1.0,0.78,163.25808095103312,11.675856212850269,0.0
245,3,381.0,199.0,84.0,297.0,115.0,465.0,283.0,0.4342674532938069,hough,22167.077763729583,1.0,0.78,207.9543216012289,6.114128224822663,0.0
246,0,301.0,297.0,46.0,255.0,251.0,347.0,343.0,0.6670191528484106,hough,6647.610054996002,1.0,0.78,223.11033962264153,10.487547169811322,0.0
246,1,560.0,221.0,68.0,492.0,153.0,628.0,289.0,0.528798593690307,hough,14526.724430199205,1.0,0.78,175.63343674594967,7.931540847983453,0.0
246,2,407.0,299.0,74.0,333.0,225.0,481.0,373.0,0.5067859602616789,hough,17203.36137105771,1.0,0.78,205.13953353108823,6.287791543069854,0.0
246,3,387.0,199.0,83.0,304.0,116.0,470.0,282.0,0.4423070169241204,hough,21642.431790580085,1.0,0.78,207.21665356697028,6.460816496370613,0.0
247,0,301.0,269.0,48.0,253.0,221.0,349.0,317.0,0.6839510648249525,hough,7238.229473870883,1.0,0.78,224.65465132399834,10.618882573131845,0.0
247,1,557.0,219.0,71.0,486.0,148.0,628.0,290.0,0.5089780555440349,hough,15836.768566746148,1.0,0.78,171.89072282299372,9.594700562828052,0.0
247,2,407.0,297.0,74.0,333.0,223.0,481.0,371.0,0.5072670939994176,hough,17203.36137105771,1.0,0.78,205.65009015296923,6.2826150177397775,0.0
247,3,393.0,223.0,84.0,309.0,139.0,477.0,307.0,0.43539649448241446,hough,22167.077763729583,1.0,0.78,208.6120272895676,6.243256675552343,0.0
247,4,528.0,349.0,71.0,457.0,278.0,599.0,420.0,0.42162983870085663,hough,15836.768566746148,1.0,0.78,85.07607664579776,8.998482261430468,0.0
248,0,301.0,269.0,48.0,253.0,221.0,349.0,317.0,0.684171802572429,hough,7238.229473870883,1.0,0.78,224.67988354360185,10.671149313739082,0.0
248,1,407.0,297.0,74.0,333.0,223.0,481.0,371.0,0.5073653641572451,hough,17203.36137105771,1.0,0.78,205.6528819868551,6.308090501948468,0.0
248,2,560.0,216.0,71.0,489.0,145.0,631.0,287.0,0.5056602188918884,hough,15836.768566746148,1.0,0.78,170.8697906785556,8.976854486814645,0.0
248,3,393.0,225.0,84.0,309.0,141.0,477.0,309.0,0.4356284445117824,hough,22167.077763729583,1.0,0.78,208.66041657253874,6.29245922378349,0.0
249,0,366.0,308.0,76.0,290.0,232.0,442.0,384.0,0.4914524427961611,hough,18145.839167134644,1.0,0.78,203.0558896551724,6.723696551724138,0.0
249,1,555.0,216.0,75.0,480.0,141.0,630.0,291.0,0.4774762646160483,hough,17671.458676442588,1.0,0.78,163.15414661760545,11.438494197565808,0.0
249,2,399.0,225.0,79.0,320.0,146.0,478.0,304.0,0.47187063157062475,hough,19606.6797510539,1.0,0.78,208.5386933646626,6.03861674413853,0.0
249,3,266.0,191.0,83.0,183.0,108.0,349.0,274.0,0.3907480748224155,hough,21642.431790580085,1.0,0.78,151.4529118305844,7.290521278761963,0.0
250,0,404.0,295.0,76.0,328.0,219.0,480.0,371.0,0.4933808403620841,hough,18145.839167134644,1.0,0.78,206.0759172413793,6.448386206896552,0.0
250,1,555.0,216.0,75.0,480.0,141.0,630.0,291.0,0.47716302335577404,hough,17671.458676442588,1.0,0.78,162.98426266628928,11.39937729974526,0.0
250,2,396.0,198.0,82.0,314.0,116.0,478.0,280.0,0.45049518175035,hough,21124.069002737768,1.0,0.78,204.86555139566843,7.268944599782,0.0
250,3,267.0,246.0,83.0,184.0,163.0,350.0,329.0,0.3891294029573805,hough,21642.431790580085,1.0,0.78,152.15520469611863,6.675269470168514,0.0
251,0,289.0,239.0,60.0,229.0,179.0,349.0,299.0,0.6074876485478897,hough,11309.733552923255,1.0,0.78,192.8228363894056,8.50093010895562,0.0
251,1,408.0,299.0,72.0,336.0,227.0,480.0,371.0,0.5215794458737797,hough,16286.016316209487,1.0,0.78,205.9637953327997,6.037128255649282,0.0
251,2,399.0,225.0,79.0,320.0,146.0,478.0,304.0,0.47208800600060313,hough,19606.6797510539,1.0,0.78,208.29892220462787,6.159268529396741,0.0
251,3,554.0,212.0,78.0,476.0,134.0,632.0,290.0,0.4477662458173006,hough,19113.4497044403,1.0,0.78,156.53869904233608,11.215500549479303,0.0
252,0,332.0,305.0,67.0,265.0,238.0,399.0,372.0,0.5804248675865284,hough,14102.60942196458,1.0,0.78,214.70091664890214,9.49477723299936,0.0
252,1,408.0,299.0,74.0,334.0,225.0,482.0,373.0,0.5094428155938193,hough,17203.36137105771,1.0,0.78,203.9402082242773,7.309835398127145,0.0
252,2,557.0,216.0,73.0,484.0,143.0,630.0,289.0,0.4904286888240789,hough,16741.547250980006,1.0,0.78,166.78002271504573,9.964433020503318,0.0
252,3,391.0,200.0,84.0,307.0,116.0,475.0,284.0,0.43722166039118526,hough,22167.077763729583,1.0,0.78,205.7486558532508,7.478561424117832,0.0
252,4,271.0,192.0,80.0,191.0,112.0,351.0,272.0,0.4193995572982414,hough,20106.192982974677,1.0,0.78,151.55517531852163,8.934031799515637,0.0
253,0,408.0,296.0,74.0,334.0,222.0,482.0,370.0,0.5093271235600116,hough,17203.36137105771,1.0,0.78,204.9423602628977,7.016983656139127,0.0
253,1,557.0,216.0,73.0,484.0,143.0,630.0,289.0,0.49008625775158415,hough,16741.547250980006,1.0,0.78,166.64749835614802,9.907764959053141,0.0
253,2,391.0,199.0,84.0,307.0,115.0,475.0,283.0,0.4373345009460129,hough,22167.077763729583,1.0,0.78,205.13342068404643,7.669498034608955,0.0
253,3,272.0,191.0,79.0,193.0,112.0,351.0,270.0,0.4276304608023579,hough,19606.6797510539,1.0,0.78,152.08622350674375,9.000053521729823,0.0
254,0,341.0,293.0,76.0,265.0,217.0,417.0,369.0,0.5094879519239501,hough,18145.839167134644,1.0,0.78,215.19641379310343,8.359172413793104,0.0
254,1,557.0,216.0,73.0,484.0,143.0,630.0,289.0,0.49008252904986976,hough,16741.547250980006,1.0,0.78,166.62197381792097,9.913443720485384,0.0
254,2,395.0,225.0,84.0,311.0,141.0,479.0,309.0,0.4374681570606071,hough,22167.077763729583,1.0,0.78,207.6105814846609,7.057515926444675,0.0
254,3,408.0,329.0,84.0,324.0,245.0,492.0,413.0,0.4013106128293421,hough,22167.077763729583,1.0,0.78,163.1412370668233,9.041476528260967,0.0
254,4,267.0,230.0,84.0,183.0,146.0,351.0,314.0,0.38889532354946454,hough,22167.077763729583,1.0,0.78,149.04190665342603,9.416832174776564,0.0
255,0,555.0,217.0,74.0,481.0,143.0,629.0,291.0,0.4830649834163372,hough,17203.36137105771,1.0,0.78,163.73041354039435,10.788111440702611,0.0
255,1,365.0,302.0,80.0,285.0,222.0,445.0,382.0,0.4708123455725704,hough,20106.192982974677,1.0,0.78,203.90941686171007,8.95672526268612,0.0
255,2,385.0,199.0,84.0,301.0,115.0,469.0,283.0,0.4367912720880305,hough,22167.077763729583,1.0,0.78,206.68598924682598,7.11873672796277,0.0
255,3,269.0,246.0,83.0,186.0,163.0,352.0,329.0,0.39998917415626295,hough,21642.431790580085,1.0,0.78,149.45975286407523,10.275901745960278,0.0
255,4,533.0,339.0,79.0,454.0,260.0,612.0,418.0,0.37124863066319735,hough,19606.6797510539,1.0,0.78,89.02829851356184,10.450630842314961,0.0
256,0,307.0,251.0,46.0,261.0,205.0,353.0,297.0,0.6693013467070861,hough,6647.610054996002,1.0,0.78,224.1050566037736,10.836075471698114,0.0
256,1,339.0,303.0,68.0,271.0,235.0,407.0,371.0,0.5716666665657861,hough,14526.724430199205,1.0,0.78,213.6605308514305,9.421302998965873,0.0
256,2,555.0,217.0,74.0,481.0,143.0,629.0,291.0,0.47985350199948146,hough,17203.36137105771,1.0,0.78,162.70703193160006,10.199267143604956,0.0
256,3,396.0,239.0,84.0,312.0,155.0,480.0,323.0,0.44018086623500113,hough,22167.077763729583,1.0,0.78,207.62350336601455,7.777526769981475,0.0
257,0,307.0,251.0,46.0,261.0,205.0,353.0,297.0,0.6698403293189987,hough,6647.610054996002,1.0,0.78,223.80090566037737,11.059320754716982,0.0
257,1,336.0,188.0,76.0,260.0,112.0,412.0,264.0,0.5014505536818947,hough,18145.839167134644,1.0,0.78,207.90824827586206,8.121268965517242,0.0
257,2,404.0,296.0,78.0,326.0,218.0,482.0,374.0,0.48391520267881444,hough,19113.4497044403,1.0,0.78,202.88235909780732,8.739232822230363,0.0
257,3,555.0,217.0,74.0,481.0,143.0,629.0,291.0,0.47961478908280203,hough,17203.36137105771,1.0,0.78,162.51404641423835,10.186064095852963,0.0
258,0,307.0,237.0,46.0,261.0,191.0,353.0,283.0,0.6665920274322064,hough,6647.610054996002,1.0,0.78,221.2451320754717,10.861283018867924,0.0
258,1,555.0,217.0,74.0,481.0,143.0,629.0,291.0,0.47902476184873616,hough,17203.36137105771,1.0,0.78,162.32891292968068,10.07712441109754,0.0
258,2,413.0,215.0,82.0,331.0,133.0,495.0,297.0,0.4472756567952089,hough,21124.069002737768,1.0,0.78,196.52997488270697,8.589640301407515,0.0
258,3,354.0,287.0,84.0,270.0,203.0,438.0,371.0,0.44701658333031524,hough,22167.077763729583,1.0,0.78,212.35602945827495,8.363122938598472,0.0
259,0,341.0,287.0,82.0,259.0,205.0,423.0,369.0,0.46925337994930166,hough,21124.069002737768,1.0,0.78,213.4469456423866,10.027629022321216,0.0
259,1,390.0,197.0,80.0,310.0,117.0,470.0,277.0,0.4685917177915541,hough,20106.192982974677,1.0,0.78,206.22100493003336,7.760221104526667,0.0
259,2,555.0,215.0,75.0,480.0,140.0,630.0,290.0,0.46804410814179714,hough,17671.458676442588,1.0,0.78,159.96190206623265,9.757826210019813,0.0
259,3,425.0,285.0,84.0,341.0,201.0,509.0,369.0,0.42667570846774205,hough,22167.077763729583,1.0,0.78,183.49604662720822,10.48398319251796,0.0
260,0,307.0,239.0,49.0,258.0,190.0,356.0,288.0,0.6946835187459226,hough,7542.963961269093,1.0,0.78,218.7813953488372,13.026312292358805,0.0
260,1,414.0,300.0,70.0,344.0,230.0,484.0,370.0,0.5439446465941897,hough,15393.804002589986,1.0,0.78,203.23085929877058,8.735575359396345,0.0
260,2,339.0,293.0,78.0,261.0,215.0,417.0,371.0,0.5020618746607057,hough,19113.4497044403,1.0,0.78,212.25752263331415,11.127322204196975,0.0
260,3,558.0,217.0,74.0,484.0,143.0,632.0,291.0,0.4723041188716011,hough,17203.36137105771,1.0,0.78,161.43238527307625,8.51933926598034,0.0
260,4,396.0,206.0,84.0,312.0,122.0,480.0,290.0,0.44258377494287504,hough,22167.077763729583,1.0,0.78,205.5241494600822,8.9671531197759,0.0
261,0,309.0,251.0,46.0,263.0,205.0,355.0,297.0,0.6686865705324654,hough,6647.610054996002,1.0,0.78,222.64543396226415,11.053735849056604,0.0
261,1,342.0,303.0,68.0,274.0,235.0,410.0,371.0,0.5724773488186943,hough,14526.724430199205,1.0,0.78,212.1866253016201,10.022819717338848,0.0
261,2,555.0,218.0,72.0,483.0,146.0,627.0,290.0,0.48824031294827397,hough,16286.016316209487,1.0,0.78,165.3095252755372,7.775260144079797,0.0
261,3,422.0,288.0,82.0,340.0,206.0,504.0,370.0,0.44819790190765135,hough,21124.069002737768,1.0,0.78,186.9968247950334,11.32789915169897,0.0
261,4,396.0,204.0,84.0,312.0,120.0,480.0,288.0,0.44397477192812373,hough,22167.077763729583,1.0,0.78,204.78290335697827,9.53187548005241,0.0
262,0,309.0,237.0,46.0,263.0,191.0,355.0,283.0,0.6654177987973562,hough,6647.610054996002,1.0,0.78,220.3118490566038,10.792150943396226,0.0
262,1,411.0,299.0,72.0,339.0,227.0,483.0,371.0,0.5297594861615529,hough,16286.016316209487,1.0,0.78,203.19795579089956,8.941567637460746,0.0
262,2,341.0,282.0,76.0,265.0,206.0,417.0,358.0,0.5131798613221923,hough,18145.839167134644,1.0,0.78,216.20204137931034,9.080772413793103,0.0
262,3,559.0,218.0,71.0,488.0,147.0,630.0,289.0,0.494507097173967,hough,15836.768566746148,1.0,0.78,167.80686776702711,6.803452855245683,0.0
262,4,396.0,204.0,84.0,312.0,120.0,480.0,288.0,0.44401294578439193,hough,22167.077763729583,1.0,0.78,204.7140017168933,9.560068675733067,0.0
263,0,411.0,296.0,72.0,339.0,224.0,483.0,368.0,0.5292245232077117,hough,16286.016316209487,1.0,0.78,204.07197832645772,8.570408226094452,0.0
263,1,555.0,215.0,75.0,480.0,140.0,630.0,290.0,0.46224964917508,hough,17671.458676442588,1.0,0.78,158.36569487687518,8.629946221341637,0.0
263,2,396.0,180.0,84.0,312.0,96.0,480.0,264.0,0.44385379539853387,hough,22167.077763729583,1.0,0.78,194.2082862693715,12.264220846699498,0.0
263,3,271.0,243.0,84.0,187.0,159.0,355.0,327.0,0.4139024483332029,hough,22167.077763729583,1.0,0.78,142.79719362983104,17.718003495824433,0.0
264,0,411.0,296.0,72.0,339.0,224.0,483.0,368.0,0.5292780898286216,hough,16286.016316209487,1.0,0.78,204.03829813435132,8.59349793731913,0.0
264,1,415.0,219.0,80.0,335.0,139.0,495.0,299.0,0.467930000687004,hough,20106.192982974677,1.0,0.78,196.3870823166177,10.154723370350082,0.0
264,2,555.0,215.0,75.0,480.0,140.0,630.0,290.0,0.4621762404739261,hough,17671.458676442588,1.0,0.78,158.31593546560995,8.623379564109822,0.0
264,3,272.0,247.0,83.0,189.0,164.0,355.0,330.0,0.4223451546237677,hough,21642.431790580085,1.0,0.78,143.34444225657182,17.836270552328443,0.0
265,0,307.0,240.0,49.0,258.0,191.0,356.0,289.0,0.6960721253513554,hough,7542.963961269093,1.0,0.78,218.2407973421927,13.53794019933555,0.0
265,1,559.0,218.0,71.0,488.0,147.0,630.0,289.0,0.4944944121530795,hough,15836.768566746148,1.0,0.78,167.6410548283058,6.84341997091001,0.0
265,2,404.0,306.0,79.0,325.0,227.0,483.0,385.0,0.475783327491308,hough,19606.6797510539,1.0,0.78,192.49885069213872,11.275425243908668,0.0
265,3,396.0,201.0,84.0,312.0,117.0,480.0,285.0,0.4449659267825111,hough,22167.077763729583,1.0,0.78,203.31514028825734,10.179912348077531,0.0
266,0,306.0,251.0,45.0,261.0,206.0,351.0,296.0,0.6718391038601899,hough,6361.725123519332,1.0,0.78,222.3081276528848,13.972645810407169,0.0
266,1,559.0,197.0,64.0,495.0,133.0,623.0,261.0,0.553042922136973,hough,12867.963509103793,1.0,0.78,171.08566093519022,7.625457091729557,0.0
266,2,345.0,291.0,75.0,270.0,216.0,420.0,366.0,0.5223901452263168,hough,17671.458676442588,1.0,0.78,213.65049532974808,10.213869232946504,0.0
266,3,431.0,285.0,82.0,349.0,203.0,513.0,367.0,0.4476616284200088,hough,21124.069002737768,1.0,0.78,179.84304061418888,13.055163262404625,0.0
266,4,397.0,205.0,84.0,313.0,121.0,481.0,289.0,0.4449605891755486,hough,22167.077763729583,1.0,0.78,204.958387927529,9.748881760267473,0.0
267,0,321.0,237.0,62.0,259.0,175.0,383.0,299.0,0.6338261163128984,hough,12076.282160399165,1.0,0.78,215.2112594312246,13.651438520852334,0.0
267,1,558.0,221.0,71.0,487.0,150.0,629.0,292.0,0.49620685587337415,hough,15836.768566746148,1.0,0.78,165.74343894264211,7.796180357933346,0.0
267,2,405.0,299.0,79.0,326.0,220.0,484.0,378.0,0.4847146727473958,hough,19606.6797510539,1.0,0.78,197.69551003728864,12.298513561832763,0.0
267,3,399.0,203.0,82.0,317.0,121.0,481.0,285.0,0.45984770639605493,hough,21124.069002737768,1.0,0.78,204.618122363869,9.827638500544998,0.0
267,4,271.0,175.0,84.0,187.0,91.0,355.0,259.0,0.41787921638068215,hough,22167.077763729583,1.0,0.78,138.32079044474656,19.948776461448826,0.0
268,0,311.0,235.0,46.0,265.0,189.0,357.0,281.0,0.6701794155195168,hough,6647.610054996002,1.0,0.78,219.10354716981132,12.377811320754718,0.0
268,1,558.0,221.0,71.0,487.0,150.0,629.0,292.0,0.49609047576666127,hough,15836.768566746148,1.0,0.78,165.67431859862137,7.783216340985264,0.0
268,2,354.0,290.0,79.0,275.0,211.0,433.0,369.0,0.4896366049467454,hough,19606.6797510539,1.0,0.78,211.5033968432344,10.00112376768657,0.0
268,3,431.0,287.0,80.0,351.0,207.0,511.0,367.0,0.46243438537997783,hough,20106.192982974677,1.0,0.78,180.79438274986305,12.765748717693342,0.0
268,4,399.0,181.0,84.0,315.0,97.0,483.0,265.0,0.44475773796322526,hough,22167.077763729583,1.0,0.78,193.69452853205618,12.639587945601589,0.0
269,0,557.0,217.0,72.0,485.0,145.0,629.0,289.0,0.4857635822461415,hough,16286.016316209487,1.0,0.78,165.13158056769902,7.161320115756419,0.0
269,1,405.0,299.0,79.0,326.0,220.0,484.0,378.0,0.48498072750152404,hough,19606.6797510539,1.0,0.78,197.8002247535373,12.342085099862082,0.0
269,2,398.0,201.0,84.0,314.0,117.0,482.0,285.0,0.44734537438227123,hough,22167.077763729583,1.0,0.78,203.0448199521077,10.885103691320651,0.0
269,3,272.0,245.0,84.0,188.0,161.0,356.0,329.0,0.42499696241225227,hough,22167.077763729583,1.0,0.78,140.91707317073173,21.168075344119778,0.0
270,0,563.0,219.0,67.0,496.0,152.0,630.0,286.0,0.5263303683855833,hough,14102.60942196458,1.0,0.78,173.4897321111348,5.843743338307397,0.0
270,1,405.0,293.0,79.0,326.0,214.0,484.0,372.0,0.4867720064332837,hough,19606.6797510539,1.0,0.78,202.0358073249221,11.712417632936608,0.0
270,2,277.0,246.0,80.0,197.0,166.0,357.0,326.0,0.45975008864828926,hough,20106.192982974677,1.0,0.78,145.06646866038508,21.390567390413764,0.0
270,3,397.0,199.0,84.0,313.0,115.0,481.0,283.0,0.44645903927623226,hough,22167.077763729583,1.0,0.78,202.6191207698911,10.760041566891067,0.0
271,0,308.0,237.0,49.0,259.0,188.0,357.0,286.0,0.7019143278137356,hough,7542.963961269093,1.0,0.78,217.1643853820598,15.377275747508307,0.0
271,1,345.0,291.0,75.0,270.0,216.0,420.0,366.0,0.5239504353202769,hough,17671.458676442588,1.0,0.78,213.33501273705068,10.712425700537787,0.0
271,2,559.0,217.0,72.0,487.0,145.0,631.0,289.0,0.488063826061419,hough,16286.016316209487,1.0,0.78,165.8553660488886,7.585493504094575,0.0
271,3,423.0,287.0,82.0,341.0,205.0,505.0,369.0,0.45680902966760323,hough,21124.069002737768,1.0,0.78,187.13662859580114,13.587649874413534,0.0
271,4,397.0,200.0,84.0,313.0,116.0,481.0,284.0,0.4462031586065198,hough,22167.077763729583,1.0,0.78,203.44670853476708,10.47544390728776,0.0
272,0,413.0,296.0,72.0,341.0,224.0,485.0,368.0,0.5360592482620707,hough,16286.016316209487,1.0,0.78,203.58204544055167,10.521088602918539,0.0
272,1,559.0,216.0,74.0,485.0,142.0,633.0,290.0,0.4745215369270569,hough,17203.36137105771,1.0,0.78,161.0836386901646,9.201826324667016,0.0
272,2,345.0,273.0,83.0,262.0,190.0,428.0,356.0,0.4660898772178981,hough,21642.431790580085,1.0,0.78,214.17203754218872,10.984511535438532,0.0
272,3,395.0,198.0,84.0,311.0,114.0,479.0,282.0,0.4446815441775286,hough,22167.077763729583,1.0,0.78,203.15036371029683,10.1471558306601,0.0
272,4,276.0,242.0,82.0,194.0,160.0,358.0,324.0,0.44407881552742107,hough,21124.069002737768,1.0,0.78,144.0995709424471,21.444444444444443,0.0
273,0,413.0,295.0,72.0,341.0,223.0,485.0,367.0,0.5368110613325978,hough,16286.016316209487,1.0,0.78,203.89858998830118,10.638815343882765,0.0
273,1,559.0,217.0,72.0,487.0,145.0,631.0,289.0,0.49164113916756164,hough,16286.016316209487,1.0,0.78,165.83843359399052,8.543870451326889,0.0
273,2,278.0,284.0,79.0,199.0,205.0,357.0,363.0,0.46632795788115294,hough,19606.6797510539,1.0,0.78,142.10936685094399,21.927714613539166,0.0
273,3,398.0,185.0,84.0,314.0,101.0,482.0,269.0,0.4460013461235182,hough,22167.077763729583,1.0,0.78,197.37780689468212,12.008268196810192,0.0
274,0,357.0,303.0,75.0,282.0,228.0,432.0,378.0,0.5282740771177827,hough,17671.458676442588,1.0,0.78,203.1209170676479,14.535748655533542,0.0
274,1,566.0,215.0,71.0,495.0,144.0,637.0,286.0,0.5082486079438349,hough,15836.768566746148,1.0,0.78,166.35388604312905,10.84772023019035,0.0
274,2,399.0,235.0,84.0,315.0,151.0,483.0,319.0,0.45181764783961426,hough,22167.077763729583,1.0,0.78,206.7014864681697,11.12171870058284,0.0
274,3,273.0,241.0,84.0,189.0,157.0,357.0,325.0,0.4249888274530784,hough,22167.077763729583,1.0,0.78,142.31015760138382,20.801700941764366,0.0
275,0,312.0,203.0,47.0,265.0,156.0,359.0,250.0,0.668035568130687,hough,6939.778171779853,1.0,0.78,209.79887299523187,12.248663487935268,0.0
275,1,565.0,219.0,67.0,498.0,152.0,632.0,286.0,0.5400610451229875,hough,14102.60942196458,1.0,0.78,173.53933063312726,9.492290201094294,0.0
275,2,345.0,289.0,75.0,270.0,214.0,420.0,364.0,0.5266584446774303,hough,17671.458676442588,1.0,0.78,213.45270308519673,11.403792810642514,0.0
275,3,425.0,284.0,82.0,343.0,202.0,507.0,366.0,0.4647658428843358,hough,21124.069002737768,1.0,0.78,186.81948722809344,15.792379508080185,0.0
275,4,393.0,197.0,84.0,309.0,113.0,477.0,281.0,0.4496461144270806,hough,22167.077763729583,1.0,0.78,204.96765011521256,10.995933673699904,0.0
276,0,408.0,264.0,78.0,330.0,186.0,486.0,342.0,0.5019663250326176,hough,19113.4497044403,1.0,0.78,204.42859385629808,13.148621068606415,0.0
276,1,560.0,215.0,74.0,486.0,141.0,634.0,289.0,0.4873965028559632,hough,17203.36137105771,1.0,0.78,161.54330250683418,12.514977025533648,0.0
276,2,398.0,181.0,84.0,314.0,97.0,482.0,265.0,0.45337821794033334,hough,22167.077763729583,1.0,0.78,196.70541725025979,14.151222156960195,0.0
276,3,275.0,241.0,83.0,192.0,158.0,358.0,324.0,0.43473300892208994,hough,21642.431790580085,1.0,0.78,143.75391705069123,21.032646131457675,0.0
277,0,309.0,277.0,47.0,262.0,230.0,356.0,324.0,0.6899267149954436,hough,6939.778171779853,1.0,0.78,220.5528102875307,15.274815778066753,0.0
277,1,420.0,293.0,72.0,348.0,221.0,492.0,365.0,0.5413963791737914,hough,16286.016316209487,1.0,0.78,200.34813127270488,12.789791269010529,0.0
277,2,559.0,215.0,74.0,485.0,141.0,633.0,289.0,0.49005746097503355,hough,17203.36137105771,1.0,0.78,161.6994707148258,13.183737567614727,0.0
277,3,402.0,198.0,82.0,320.0,116.0,484.0,280.0,0.4693612017140912,hough,21124.069002737768,1.0,0.78,204.46400644519215,12.404862328799583,0.0
277,4,275.0,186.0,82.0,193.0,104.0,357.0,268.0,0.44018146582843354,hough,21124.069002737768,1.0,0.78,143.35836718517783,20.5989299514515,0.0
278,0,311.0,277.0,46.0,265.0,231.0,357.0,323.0,0.6733414096001679,hough,6647.610054996002,1.0,0.78,222.28316981132076,12.389735849056605,0.0
278,1,369.0,299.0,80.0,289.0,219.0,449.0,379.0,0.487238898913891,hough,20106.192982974677,1.0,0.78,201.4684527662965,13.975300034858822,0.0
278,2,560.0,210.0,78.0,482.0,132.0,638.0,288.0,0.4567842888500981,hough,19113.4497044403,1.0,0.78,153.75828143806584,14.347218588099848,0.0
278,3,398.0,195.0,84.0,314.0,111.0,482.0,279.0,0.4543494663999575,hough,22167.077763729583,1.0,0.78,203.60805132607416,12.60561153029413,0.0
279,0,414.0,293.0,72.0,342.0,221.0,486.0,365.0,0.5398278965994304,hough,16286.016316209487,1.0,0.78,204.5362970260452,11.276583954190013,0.0
279,1,559.0,213.0,74.0,485.0,139.0,633.0,287.0,0.49070014871958983,hough,17203.36137105771,1.0,0.78,162.80596754493106,13.065840749142092,0.0
279,2,402.0,224.0,82.0,320.0,142.0,484.0,306.0,0.4659805945781037,hough,21124.069002737768,1.0,0.78,206.4095066584522,10.99473958580162,0.0
280,0,282.0,176.0,74.0,208.0,102.0,356.0,250.0,0.503999438045045,hough,17203.36137105771,1.0,0.78,150.81184202873263,19.748036991798987,0.0
280,1,372.0,300.0,78.0,294.0,222.0,450.0,378.0,0.5023026707541183,hough,19113.4497044403,1.0,0.78,201.23130462085928,14.074205871578837,0.0
280,2,559.0,213.0,74.0,485.0,139.0,633.0,287.0,0.49098870094615726,hough,17203.36137105771,1.0,0.78,162.8591287151748,13.1288896643983,0.0
280,3,398.0,176.0,84.0,314.0,92.0,482.0,260.0,0.4549925827030911,hough,22167.077763729583,1.0,0.78,195.29006460940676,14.951746261238872,0.0
280,4,272.0,258.0,84.0,188.0,174.0,356.0,342.0,0.4158653398525788,hough,22167.077763729583,1.0,0.78,142.953489495291,18.200579570152136,0.0
281,0,336.0,306.0,74.0,262.0,232.0,410.0,380.0,0.5424415565314786,hough,17203.36137105771,1.0,0.78,201.70848601174896,16.692956435758738,0.0
281,1,416.0,294.0,72.0,344.0,222.0,488.0,366.0,0.5407477710759128,hough,16286.016316209487,1.0,0.78,203.44843297826486,11.806292715965764,0.0
281,2,559.0,212.0,75.0,484.0,137.0,634.0,287.0,0.48246790228441877,hough,17671.458676442588,1.0,0.78,160.64953297480895,13.424398528163035,0.0
281,3,398.0,177.0,84.0,314.0,93.0,482.0,261.0,0.45474101973660414,hough,22167.077763729583,1.0,0.78,195.81737676772238,14.74680341571409,0.0
281,4,272.0,239.0,84.0,188.0,155.0,356.0,323.0,0.41481679256599935,hough,22167.077763729583,1.0,0.78,144.27355711180874,17.575851243660953,0.0
282,0,309.0,246.0,46.0,263.0,200.0,355.0,292.0,0.6685270255824098,hough,6647.610054996002,1.0,0.78,222.30083018867927,11.101283018867925,0.0
282,1,293.0,297.0,63.0,230.0,234.0,356.0,360.0,0.610649838358573,hough,12468.981242097889,1.0,0.78,176.93535694210232,19.467919376856983,0.0
282,2,413.0,281.0,72.0,341.0,209.0,485.0,353.0,0.539568578014537,hough,16286.016316209487,1.0,0.78,205.86410935287233,10.86029185394988,0.0
282,3,559.0,212.0,75.0,484.0,137.0,634.0,287.0,0.4816002691003781,hough,17671.458676442588,1.0,0.78,161.10421737899802,13.074157939428249,0.0
282,4,398.0,197.0,84.0,314.0,113.0,482.0,281.0,0.4526101418353601,hough,22167.077763729583,1.0,0.78,204.63222337685806,11.874034247503726,0.0
283,0,307.0,248.0,48.0,259.0,200.0,355.0,296.0,0.690014222168855,hough,7238.229473870883,1.0,0.78,220.70359073894357,13.268681547206434,0.0
283,1,407.0,299.0,79.0,328.0,220.0,486.0,378.0,0.4915012467783465,hough,19606.6797510539,1.0,0.78,197.2903917862798,14.21417990499055,0.0
283,2,559.0,212.0,75.0,484.0,137.0,634.0,287.0,0.481953065979107,hough,17671.458676442588,1.0,0.78,161.1384092838947,13.159298046985565,0.0
283,3,398.0,180.0,84.0,314.0,96.0,482.0,264.0,0.45418063744877735,hough,22167.077763729583,1.0,0.78,197.1467943794334,14.249807979035827,0.0
284,0,309.0,311.0,47.0,262.0,264.0,356.0,358.0,0.681611637411166,hough,6939.778171779853,1.0,0.78,215.13596301112554,14.473630978182342,0.0
284,1,565.0,219.0,67.0,498.0,152.0,632.0,286.0,0.5453612984937168,hough,14102.60942196458,1.0,0.78,174.79606338378454,10.577133518084274,0.0
284,2,432.0,289.0,76.0,356.0,213.0,508.0,365.0,0.5030303319104277,hough,18145.839167134644,1.0,0.78,184.7310896551724,14.601931034482758,0.0
284,3,401.0,192.0,82.0,319.0,110.0,483.0,274.0,0.4703637654807001,hough,21124.069002737768,1.0,0.78,202.48912373821145,13.188521871001374,0.0
284,4,272.0,258.0,84.0,188.0,174.0,356.0,342.0,0.4129244995705592,hough,22167.077763729583,1.0,0.78,144.08679063028254,17.12006761651775,0.0
285,0,309.0,307.0,47.0,262.0,260.0,356.0,354.0,0.6818711665226229,hough,6939.778171779853,1.0,0.78,216.9453836150845,14.06978760294755,0.0
285,1,309.0,247.0,46.0,263.0,201.0,355.0,293.0,0.6694175509246222,hough,6647.610054996002,1.0,0.78,222.55501886792453,11.272301886792453,0.0
285,2,413.0,281.0,72.0,341.0,209.0,485.0,353.0,0.5394762674618447,hough,16286.016316209487,1.0,0.78,205.92445046487285,10.819900252447509,0.0
285,3,559.0,215.0,74.0,485.0,141.0,633.0,289.0,0.492537317688265,hough,17203.36137105771,1.0,0.78,163.21177223288547,13.449659745245159,0.0
285,4,398.0,194.0,84.0,314.0,110.0,482.0,278.0,0.4534098216675333,hough,22167.077763729583,1.0,0.78,203.13834545700988,12.477838521664482,0.0
286,0,324.0,180.0,68.0,256.0,112.0,392.0,248.0,0.5660757834355605,hough,14526.724430199205,1.0,0.78,205.2625301620131,10.125956566701136,0.0
286,1,565.0,217.0,70.0,495.0,147.0,635.0,287.0,0.5166954699118731,hough,15393.804002589986,1.0,0.78,170.1879919339101,10.10778637871593,0.0
286,2,372.0,303.0,76.0,296.0,227.0,448.0,379.0,0.509084902566276,hough,18145.839167134644,1.0,0.78,202.36275862068965,11.606896551724137,0.0
286,3,402.0,223.0,82.0,320.0,141.0,484.0,305.0,0.46278014570986864,hough,21124.069002737768,1.0,0.78,206.5930050708497,10.0933131131226,0.0
286,4,397.0,147.0,84.0,313.0,63.0,481.0,231.0,0.43337958471655846,hough,22167.077763729583,1.0,0.78,182.4569872792166,12.543333028278575,0.0
286,5,272.0,318.0,84.0,188.0,234.0,356.0,402.0,0.3887475235157084,hough,22167.077763729583,1.0,0.78,117.14716252113017,17.715914030427435,0.0
287,0,309.0,309.0,47.0,262.0,262.0,356.0,356.0,0.680575504131095,hough,6939.778171779853,1.0,0.78,216.543996532293,13.829215431296054,0.0
287,1,564.0,215.0,71.0,493.0,144.0,635.0,286.0,0.5083226581482461,hough,15836.768566746148,1.0,0.78,168.9704673370012,10.183393410485044,0.0
287,2,401.0,195.0,82.0,319.0,113.0,483.0,277.0,0.4655477359458114,hough,21124.069002737768,1.0,0.78,203.09103833941518,11.74688403393204,0.0
287,3,397.0,296.0,83.0,314.0,213.0,480.0,379.0,0.4540803078670175,hough,21642.431790580085,1.0,0.78,199.77377594895742,11.546211105460262,0.0
287,4,271.0,243.0,84.0,187.0,159.0,355.0,327.0,0.4112322958383343,hough,22167.077763729583,1.0,0.78,144.26301223538553,16.62274228005438,0.0
288,0,368.0,285.0,70.0,298.0,215.0,438.0,355.0,0.5511724240318414,hough,15393.804002589986,1.0,0.78,213.5901905938984,7.954660768880505,0.0
288,1,559.0,213.0,75.0,484.0,138.0,634.0,288.0,0.47546138807386623,hough,17671.458676442588,1.0,0.78,161.30727427115767,11.384036229833002,0.0
288,2,398.0,177.0,84.0,314.0,93.0,482.0,261.0,0.4475871557964137,hough,22167.077763729583,1.0,0.78,195.0972303799756,13.027379930420638,0.0
288,3,272.0,259.0,84.0,188.0,175.0,356.0,343.0,0.4117799219133674,hough,22167.077763729583,1.0,0.78,144.37247041777348,16.740159381791837,0.0
289,0,307.0,293.0,46.0,261.0,247.0,353.0,339.0,0.6774644025709411,hough,6647.610054996002,1.0,0.78,220.6428679245283,13.918037735849058,0.0
289,1,368.0,285.0,70.0,298.0,215.0,438.0,355.0,0.5511425620252421,hough,15393.804002589986,1.0,0.78,213.7513172445196,7.904572952579198,0.0
289,2,564.0,221.0,67.0,497.0,154.0,631.0,288.0,0.5397448089148682,hough,14102.60942196458,1.0,0.78,174.7584026149364,9.089248916364669,0.0
289,3,537.0,347.0,64.0,473.0,283.0,601.0,411.0,0.48326551265143297,hough,12867.963509103793,1.0,0.78,79.82408776161208,12.877382712207266,0.0
289,4,391.0,203.0,84.0,307.0,119.0,475.0,287.0,0.4418729950586988,hough,22167.077763729583,1.0,0.78,207.45036822843716,8.27402521122306,0.0
289,5,272.0,242.0,84.0,188.0,158.0,356.0,326.0,0.4125358691364972,hough,22167.077763729583,1.0,0.78,145.1603477420913,16.735764308138133,0.0
290,0,309.0,299.0,47.0,262.0,252.0,356.0,346.0,0.6811739916838968,hough,6939.778171779853,1.0,0.78,218.93237971391414,13.364398208351393,0.0
290,1,559.0,218.0,72.0,487.0,146.0,631.0,290.0,0.4938060516198278,hough,16286.016316209487,1.0,0.78,167.6005787820947,8.66048888615233,0.0
290,2,419.0,219.0,79.0,340.0,140.0,498.0,298.0,0.4766336513006601,hough,19606.6797510539,1.0,0.78,195.9739490218113,10.593655820605813,0.0
290,3,407.0,313.0,79.0,328.0,234.0,486.0,392.0,0.4691640991951982,hough,19606.6797510539,1.0,0.78,186.60320784594165,11.051642233232874,0.0
290,4,275.0,245.0,82.0,193.0,163.0,357.0,327.0,0.43021770842911,hough,21124.069002737768,1.0,0.78,146.80491429703753,17.040869909838502,0.0
291,0,309.0,299.0,47.0,262.0,252.0,356.0,346.0,0.6815946636371166,hough,6939.778171779853,1.0,0.78,218.70047680970956,13.537205606126282,0.0
291,1,309.0,222.0,46.0,263.0,176.0,355.0,268.0,0.6589946282461168,hough,6647.610054996002,1.0,0.78,216.31849056603775,10.123320754716982,0.0
291,2,559.0,218.0,72.0,487.0,146.0,631.0,290.0,0.49339132116881484,hough,16286.016316209487,1.0,0.78,167.48796256388152,8.579336247767994,0.0
291,3,407.0,297.0,79.0,328.0,218.0,486.0,376.0,0.4815108819344471,hough,19606.6797510539,1.0,0.78,200.87076671604433,10.614036880012259,0.0
291,4,401.0,201.0,82.0,319.0,119.0,483.0,283.0,0.4599862580491222,hough,21124.069002737768,1.0,0.78,204.73152931140703,9.834936732856262,0.0
292,0,309.0,299.0,47.0,262.0,252.0,356.0,346.0,0.6820425049611915,hough,6939.778171779853,1.0,0.78,218.54934258055192,13.696142175986129,0.0
292,1,564.0,222.0,67.0,497.0,155.0,631.0,289.0,0.5349746155394295,hough,14102.60942196458,1.0,0.78,174.31059475591556,7.934271299651815,0.0
292,2,413.0,296.0,74.0,339.0,222.0,487.0,370.0,0.5175945286142802,hough,17203.36137105771,1.0,0.78,203.30570581050426,9.649508520909672,0.0
292,3,398.0,204.0,84.0,314.0,120.0,482.0,288.0,0.44403661508132497,hough,22167.077763729583,1.0,0.78,205.6025843762707,9.33407129625446,0.0
292,4,275.0,245.0,82.0,193.0,163.0,357.0,327.0,0.43108547520787144,hough,21124.069002737768,1.0,0.78,146.6874566531259,17.302982264936094,0.0
293,0,307.0,241.0,49.0,258.0,192.0,356.0,290.0,0.6961302062581367,hough,7542.963961269093,1.0,0.78,218.75548172757476,13.418870431893689,0.0
293,1,345.0,305.0,67.0,278.0,238.0,412.0,372.0,0.579850647100352,hough,14102.60942196458,1.0,0.78,211.70844880267177,10.12399630498117,0.0
293,2,416.0,291.0,78.0,338.0,213.0,494.0,369.0,0.4883117733328231,hough,19113.4497044403,1.0,0.78,198.20759851378932,11.133811293107959,0.0
293,3,558.0,213.0,76.0,482.0,137.0,634.0,289.0,0.45875983427689143,hough,18145.839167134644,1.0,0.78,158.53473103448275,9.645186206896552,0.0
293,4,398.0,205.0,84.0,314.0,121.0,482.0,289.0,0.44405641184474187,hough,22167.077763729583,1.0,0.78,205.71454389373332,9.310079971083901,0.0
294,0,420.0,289.0,67.0,353.0,222.0,487.0,356.0,0.5683104010722884,hough,14102.60942196458,1.0,0.78,205.17764513607617,8.753997015561714,0.0
294,1,559.0,218.0,72.0,487.0,146.0,631.0,290.0,0.49304595643588883,hough,16286.016316209487,1.0,0.78,167.34529893479464,8.524536666461424,0.0
294,2,404.0,200.0,84.0,320.0,116.0,488.0,284.0,0.446278186313351,hough,22167.077763729583,1.0,0.78,200.55351737224956,11.251841142185876,0.0
294,3,272.0,191.0,83.0,189.0,108.0,355.0,274.0,0.41794464459205,hough,21642.431790580085,1.0,0.78,143.66569853303142,16.57881264152801,0.0
294,4,272.0,276.0,84.0,188.0,192.0,356.0,360.0,0.4115863080756565,hough,22167.077763729583,1.0,0.78,141.8114465105047,17.358077758995414,0.0
295,0,308.0,222.0,47.0,261.0,175.0,355.0,269.0,0.6695453522205981,hough,6939.778171779853,1.0,0.78,216.28189567981505,10.956364687183932,0.0
295,1,559.0,218.0,72.0,487.0,146.0,631.0,290.0,0.4928756162414402,hough,16286.016316209487,1.0,0.78,167.3507788929253,8.477679945816144,0.0
295,2,423.0,299.0,80.0,343.0,219.0,503.0,379.0,0.4643033418416024,hough,20106.192982974677,1.0,0.78,185.54932523280712,12.021014889696728,0.0
295,3,398.0,222.0,84.0,314.0,138.0,482.0,306.0,0.4433203868514526,hough,22167.077763729583,1.0,0.78,207.01170198346358,8.77468034157141,0.0
295,4,355.0,329.0,84.0,271.0,245.0,439.0,413.0,0.4185879770348626,hough,22167.077763729583,1.0,0.78,172.743279266254,11.138435819816562,0.0
296,0,413.0,296.0,74.0,339.0,222.0,487.0,370.0,0.5169765288697421,hough,17203.36137105771,1.0,0.78,203.5223055894841,9.428081195835514,0.0
296,1,558.0,216.0,75.0,483.0,141.0,633.0,291.0,0.4671592910391848,hough,17671.458676442588,1.0,0.78,160.2485706198698,9.446928955561846,0.0
296,2,398.0,224.0,84.0,314.0,140.0,482.0,308.0,0.4439639472169082,hough,22167.077763729583,1.0,0.78,206.9934486965165,8.951068540188858,0.0
296,3,273.0,245.0,83.0,190.0,162.0,356.0,328.0,0.42218541066552834,hough,21642.431790580085,1.0,0.78,144.90003428515453,17.386981437037765,0.0
297,0,342.0,305.0,68.0,274.0,237.0,410.0,373.0,0.5723247070656814,hough,14526.724430199205,1.0,0.78,212.20972078593587,9.976077214753532,0.0
297,1,413.0,296.0,74.0,339.0,222.0,487.0,370.0,0.5169660537903951,hough,17203.36137105771,1.0,0.78,203.49293317047636,9.43296690513581,0.0
297,2,558.0,218.0,74.0,484.0,144.0,632.0,292.0,0.4757180196497336,hough,17203.36137105771,1.0,0.78,162.1407549584133,9.244518117838656,0.0
297,3,393.0,201.0,84.0,309.0,117.0,477.0,285.0,0.44326319915461454,hough,22167.077763729583,1.0,0.78,205.03058781005737,9.277368635069804,0.0
297,4,273.0,247.0,83.0,190.0,164.0,356.0,330.0,0.42235428065756686,hough,21642.431790580085,1.0,0.78,144.77122006171328,17.465690356075818,0.0
298,0,309.0,237.0,46.0,263.0,191.0,355.0,283.0,0.6654944247684993,hough,6647.610054996002,1.0,0.78,220.32996226415096,10.807849056603775,0.0
298,1,407.0,302.0,79.0,328.0,223.0,486.0,381.0,0.47691212809465705,hough,19606.6797510539,1.0,0.78,197.60867344332635,10.240537365275578,0.0
298,2,558.0,216.0,75.0,483.0,141.0,633.0,291.0,0.46663613263911374,hough,17671.458676442588,1.0,0.78,160.04602320973677,9.360373620152846,0.0
298,3,398.0,183.0,83.0,315.0,100.0,481.0,266.0,0.45251699395205763,hough,21642.431790580085,1.0,0.78,196.4812982569698,11.99010587636969,0.0
299,0,565.0,217.0,71.0,494.0,146.0,636.0,288.0,0.4991134554321884,hough,15836.768566746148,1.0,0.78,166.94624675899576,8.256814013786125,0.0
299,1,401.0,230.0,82.0,319.0,148.0,483.0,312.0,0.46010061816215464,hough,21124.069002737768,1.0,0.78,206.63641533576606,9.367423344865172,0.0
299,2,396.0,149.0,84.0,312.0,65.0,480.0,233.0,0.4297435505829261,hough,22167.077763729583,1.0,0.78,181.65017748247928,11.784654591790297,0.0
299,3,272.0,248.0,84.0,188.0,164.0,356.0,332.0,0.41442649421048233,hough,22167.077763729583,1.0,0.78,143.89577396764068,17.57053851726636,0.0
300,0,307.0,223.0,49.0,258.0,174.0,356.0,272.0,0.6910960130459681,hough,7542.963961269093,1.0,0.78,214.9249169435216,13.077873754152824,0.0
300,1,311.0,279.0,46.0,265.0,233.0,357.0,325.0,0.6729762338694982,hough,6647.610054996002,1.0,0.78,222.45283018867926,12.248000000000001,0.0
300,2,407.0,270.0,78.0,329.0,192.0,485.0,348.0,0.49366749576727803,hough,19113.4497044403,1.0,0.78,204.99994766863782,10.786226385472814,0.0
300,3,559.0,217.0,74.0,485.0,143.0,633.0,291.0,0.47812305110918524,hough,17203.36137105771,1.0,0.78,162.15645902402142,9.88175420229163,0.0
300,4,398.0,195.0,84.0,314.0,111.0,482.0,279.0,0.4448257149348841,hough,22167.077763729583,1.0,0.78,201.64008494103825,10.580445488636876,0.0
301,0,307.0,223.0,49.0,258.0,174.0,356.0,272.0,0.6914088070007594,hough,7542.963961269093,1.0,0.78,214.9298338870432,13.16,0.0
301,1,559.0,218.0,72.0,487.0,146.0,631.0,290.0,0.49294837297790123,hough,16286.016316209487,1.0,0.78,166.87223693122343,8.622190751800996,0.0
301,2,345.0,273.0,84.0,261.0,189.0,429.0,357.0,0.4548429026937359,hough,22167.077763729583,1.0,0.78,214.88108254642387,9.789996837301766,0.0
301,3,398.0,198.0,84.0,314.0,114.0,482.0,282.0,0.44525278772035304,hough,22167.077763729583,1.0,0.78,202.96986400397594,10.346676907784754,0.0
301,4,421.0,287.0,84.0,337.0,203.0,505.0,371.0,0.44154696915292246,hough,22167.077763729583,1.0,0.78,188.38598472868566,13.171237518637328,0.0
302,0,411.0,295.0,74.0,337.0,221.0,485.0,369.0,0.5180506835359708,hough,17203.36137105771,1.0,0.78,204.38568021869366,9.488803582853487,0.0
302,1,558.0,215.0,75.0,483.0,140.0,633.0,290.0,0.4684497526809601,hough,17671.458676442588,1.0,0.78,159.81766204358902,9.903707896971413,0.0
302,2,395.0,204.0,84.0,311.0,120.0,479.0,288.0,0.4421335754802679,hough,22167.077763729583,1.0,0.78,206.1319296977364,8.68820313558939,0.0
302,3,272.0,230.0,84.0,188.0,146.0,356.0,314.0,0.4166145230564085,hough,22167.077763729583,1.0,0.78,143.47177010383965,18.264863559526685,0.0
303,0,403.0,317.0,75.0,328.0,242.0,478.0,392.0,0.49710471735576295,hough,17671.458676442588,1.0,0.78,185.28893291819983,10.885876026040192,0.0
303,1,403.0,195.0,79.0,324.0,116.0,482.0,274.0,0.4832059370060747,hough,19606.6797510539,1.0,0.78,203.13761046125555,10.473412678142719,0.0
303,2,558.0,215.0,75.0,483.0,140.0,633.0,290.0,0.4685031830822743,hough,17671.458676442588,1.0,0.78,159.80871780356637,9.92029436739315,0.0
303,3,272.0,246.0,84.0,188.0,162.0,356.0,330.0,0.4167867652447593,hough,22167.077763729583,1.0,0.78,143.40212509055783,18.329002656363198,0.0
304,0,311.0,279.0,46.0,265.0,233.0,357.0,325.0,0.6738581983534051,hough,6647.610054996002,1.0,0.78,222.33916981132077,12.51290566037736,0.0
304,1,413.0,296.0,72.0,341.0,224.0,485.0,368.0,0.5317075575519217,hough,16286.016316209487,1.0,0.78,204.59337479219258,9.096237916384458,0.0
304,2,559.0,218.0,72.0,487.0,146.0,631.0,290.0,0.4930373272222429,hough,16286.016316209487,1.0,0.78,166.81977710732096,8.659626870266608,0.0
304,3,398.0,204.0,84.0,314.0,120.0,482.0,288.0,0.44503052954495526,hough,22167.077763729583,1.0,0.78,205.40889170017618,9.649753761351826,0.0
304,4,272.0,228.0,84.0,188.0,144.0,356.0,312.0,0.4168766945031084,hough,22167.077763729583,1.0,0.78,143.39169282781938,18.355711180874184,0.0
305,0,407.0,270.0,78.0,329.0,192.0,485.0,348.0,0.49405314199290423,hough,19113.4497044403,1.0,0.78,205.02579936155738,10.882306766445131,0.0
305,1,558.0,215.0,75.0,483.0,140.0,633.0,290.0,0.46911395518619087,hough,17671.458676442588,1.0,0.78,159.9009906594962,10.059043305972262,0.0
305,2,273.0,227.0,83.0,190.0,144.0,356.0,310.0,0.4249303886586847,hough,21642.431790580085,1.0,0.78,144.31498261252878,18.271930254199933,0.0
306,0,294.0,237.0,62.0,232.0,175.0,356.0,299.0,0.6249498890953719,hough,12076.282160399165,1.0,0.78,186.61039714783186,18.761794212751845,0.0
306,1,559.0,217.0,74.0,485.0,143.0,633.0,291.0,0.4784363383795404,hough,17203.36137105771,1.0,0.78,162.7939277612982,9.798638980980632,0.0
306,2,401.0,227.0,82.0,319.0,145.0,483.0,309.0,0.4590567834679528,hough,21124.069002737768,1.0,0.78,206.68887730439315,9.075351879057864,0.0
306,3,357.0,289.0,84.0,273.0,205.0,441.0,373.0,0.4477549581995328,hough,22167.077763729583,1.0,0.78,211.1521709664302,8.874757149957077,0.0
307,0,294.0,239.0,62.0,232.0,177.0,356.0,301.0,0.6252266176045352,hough,12076.282160399165,1.0,0.78,186.63419285299727,18.82936738247243,0.0
307,1,559.0,216.0,74.0,485.0,142.0,633.0,290.0,0.47762197794101263,hough,17203.36137105771,1.0,0.78,163.05362647589135,9.513581108590705,0.0
307,2,367.0,291.0,80.0,287.0,211.0,447.0,371.0,0.47543951118907846,hough,20106.192982974677,1.0,0.78,210.20571684677057,8.54454459439271,0.0
307,3,393.0,200.0,84.0,309.0,116.0,477.0,284.0,0.44111095532209754,hough,22167.077763729583,1.0,0.78,205.16852663443726,8.667374508652237,0.0
308,0,307.0,252.0,49.0,258.0,203.0,356.0,301.0,0.6990197281133905,hough,7542.963961269093,1.0,0.78,220.0777408637874,13.843720930232559,0.0
308,1,559.0,216.0,74.0,485.0,142.0,633.0,290.0,0.47749472597002124,hough,17203.36137105771,1.0,0.78,163.0056999941837,9.49217704879893,0.0
308,2,425.0,288.0,82.0,343.0,206.0,507.0,370.0,0.45130475680069143,hough,21124.069002737768,1.0,0.78,186.45846168428037,12.297142315530069,0.0
308,3,413.0,213.0,84.0,329.0,129.0,497.0,297.0,0.44136785257338507,hough,22167.077763729583,1.0,0.78,196.91664031084804,10.893236343920842,0.0
308,4,272.0,191.0,83.0,189.0,108.0,355.0,274.0,0.4166366337929681,hough,21642.431790580085,1.0,0.78,144.26681106625972,16.072856158314462,0.0
309,0,309.0,315.0,47.0,262.0,268.0,356.0,362.0,0.6782525583366812,hough,6939.778171779853,1.0,0.78,213.84409767374655,13.915619130183499,0.0
309,1,295.0,266.0,60.0,235.0,206.0,355.0,326.0,0.6427250564705769,hough,11309.733552923255,1.0,0.78,189.78651784923375,18.691380990344584,0.0
309,2,559.0,218.0,72.0,487.0,146.0,631.0,290.0,0.49309635538987967,hough,16286.016316209487,1.0,0.78,167.6293947417031,8.463702973954804,0.0
309,3,401.0,195.0,79.0,322.0,116.0,480.0,274.0,0.48046683464806555,hough,19606.6797510539,1.0,0.78,203.57046534198292,9.629820707973643,0.0
309,4,398.0,299.0,83.0,315.0,216.0,481.0,382.0,0.44490117722451594,hough,21642.431790580085,1.0,0.78,198.85103333487447,9.339682833233159,0.0
310,0,560.0,218.0,72.0,488.0,146.0,632.0,290.0,0.49361072473591866,hough,16286.016316209487,1.0,0.78,167.87944092112554,8.535496582722738,0.0
310,1,281.0,182.0,74.0,207.0,108.0,355.0,256.0,0.4911393582361235,hough,17203.36137105771,1.0,0.78,151.77850162866451,16.06596091205212,0.0
310,2,401.0,228.0,82.0,319.0,146.0,483.0,310.0,0.45935717463053133,hough,21124.069002737768,1.0,0.78,206.75944268044168,9.137007724752381,0.0
310,3,345.0,285.0,84.0,261.0,201.0,429.0,369.0,0.4525923848794173,hough,22167.077763729583,1.0,0.78,213.24036506573893,9.618804500067771,0.0
311,0,371.0,308.0,75.0,296.0,233.0,446.0,383.0,0.5054389539374604,hough,17671.458676442588,1.0,0.78,201.5141239739598,8.866459099915087,0.0
311,1,557.0,219.0,74.0,483.0,145.0,631.0,293.0,0.477003988175456,hough,17203.36137105771,1.0,0.78,162.1313906822544,9.589891234804863,0.0
311,2,402.0,198.0,80.0,322.0,118.0,482.0,278.0,0.47643011322143564,hough,20106.192982974677,1.0,0.78,203.94651660773866,10.445097355709377,0.0
311,3,271.0,231.0,84.0,187.0,147.0,355.0,315.0,0.40983770751164605,hough,22167.077763729583,1.0,0.78,144.60705962322783,16.160905030102935,0.0
312,0,308.0,318.0,49.0,259.0,269.0,357.0,367.0,0.6979068625020297,hough,7542.963961269093,1.0,0.78,209.64265780730898,16.275083056478405,0.0
312,1,281.0,183.0,74.0,207.0,109.0,355.0,257.0,0.49409882154098944,hough,17203.36137105771,1.0,0.78,151.5891112145184,16.90466496044672,0.0
312,2,405.0,307.0,79.0,326.0,228.0,484.0,386.0,0.47123328402293224,hough,19606.6797510539,1.0,0.78,195.49588803187413,9.278541145221434,0.0
312,3,395.0,201.0,83.0,312.0,118.0,478.0,284.0,0.45329725651711417,hough,21642.431790580085,1.0,0.78,204.60548337879698,10.074205927227334,0.0
312,4,548.0,217.0,82.0,466.0,135.0,630.0,299.0,0.41471973411335483,hough,21124.069002737768,1.0,0.78,147.66238566892562,12.683901236908202,0.0
313,0,415.0,289.0,70.0,345.0,219.0,485.0,359.0,0.5486537447328923,hough,15393.804002589986,1.0,0.78,205.61542964938528,9.367917777922331,0.0
313,1,282.0,183.0,72.0,210.0,111.0,354.0,255.0,0.5110686637332034,hough,16286.016316209487,1.0,0.78,154.68074625946676,16.641586109229724,0.0
313,2,559.0,218.0,73.0,486.0,145.0,632.0,291.0,0.48242137881058816,hough,16741.547250980006,1.0,0.78,165.53936278319088,8.153505887978959,0.0
313,3,348.0,233.0,84.0,264.0,149.0,432.0,317.0,0.4475706989132041,hough,22167.077763729583,1.0,0.78,214.54624316631273,7.938282203045226,0.0
313,4,396.0,150.0,84.0,312.0,66.0,480.0,234.0,0.43419506065187186,hough,22167.077763729583,1.0,0.78,181.71968217934165,12.95355278093076,0.0
313,5,272.0,261.0,84.0,188.0,177.0,356.0,345.0,0.4103643277355852,hough,22167.077763729583,1.0,0.78,144.46761651774935,16.337792803670613,0.0
314,0,413.0,300.0,72.0,341.0,228.0,485.0,372.0,0.5307113195148068,hough,16286.016316209487,1.0,0.78,204.47687950249366,8.86103072470907,0.0
314,1,559.0,218.0,73.0,486.0,145.0,632.0,291.0,0.4822718454184161,hough,16741.547250980006,1.0,0.78,165.49453045609422,8.125351186562257,0.0
314,2,397.0,183.0,84.0,313.0,99.0,481.0,267.0,0.4487699562106652,hough,22167.077763729583,1.0,0.78,195.89237789725746,13.13491167035648,0.0
315,0,282.0,185.0,72.0,210.0,113.0,354.0,257.0,0.5116558320713841,hough,16286.016316209487,1.0,0.78,155.29166923219012,16.63844590850317,0.0
315,1,405.0,297.0,79.0,326.0,218.0,484.0,376.0,0.48213897742865947,hough,19606.6797510539,1.0,0.78,203.4062420186954,10.118659651632017,0.0
315,2,559.0,219.0,74.0,485.0,145.0,633.0,293.0,0.47403308717037296,hough,17203.36137105771,1.0,0.78,163.19170592683068,8.520444366893503,0.0
315,3,397.0,207.0,84.0,313.0,123.0,481.0,291.0,0.44687277136645687,hough,22167.077763729583,1.0,0.78,205.85686531423664,10.023900962363891,0.0
316,0,309.0,257.0,46.0,263.0,211.0,355.0,303.0,0.670648779189513,hough,6647.610054996002,1.0,0.78,223.45464150943397,11.365433962264152,0.0
316,1,565.0,221.0,71.0,494.0,150.0,636.0,292.0,0.49776255030696875,hough,15836.768566746148,1.0,0.78,166.2136849427686,8.088092076139885,0.0
316,2,403.0,299.0,80.0,323.0,219.0,483.0,379.0,0.4787875704217352,hough,20106.192982974677,1.0,0.78,202.92784223893233,11.340072705542553,0.0
316,3,399.0,210.0,84.0,315.0,126.0,483.0,294.0,0.4484977670476462,hough,22167.077763729583,1.0,0.78,204.88785975692403,10.710567930239913,0.0
316,4,271.0,194.0,83.0,188.0,111.0,354.0,277.0,0.4209429987505603,hough,21642.431790580085,1.0,0.78,143.96996387748032,17.298827255183333,0.0
317,0,309.0,255.0,46.0,263.0,209.0,355.0,301.0,0.6708612098221435,hough,6647.610054996002,1.0,0.78,223.31335849056606,11.459018867924529,0.0
317,1,341.0,306.0,67.0,274.0,239.0,408.0,373.0,0.5814054060393856,hough,14102.60942196458,1.0,0.78,213.06246002984437,10.18460882541036,0.0
317,2,401.0,201.0,79.0,322.0,122.0,480.0,280.0,0.4877430313554864,hough,19606.6797510539,1.0,0.78,203.75190274301477,11.522705215303672,0.0
317,3,557.0,221.0,74.0,483.0,147.0,631.0,295.0,0.4719039517379181,hough,17203.36137105771,1.0,0.78,162.3276915023556,8.17856104228465,0.0
317,4,411.0,290.0,84.0,327.0,206.0,495.0,374.0,0.44797203269480784,hough,22167.077763729583,1.0,0.78,197.1872317354177,12.583608186870283,0.0
318,0,353.0,299.0,78.0,275.0,221.0,431.0,377.0,0.4969282000961078,hough,19113.4497044403,1.0,0.78,211.80417604270238,9.876864304777854,0.0
318,1,557.0,221.0,74.0,483.0,147.0,631.0,295.0,0.47155424118540185,hough,17203.36137105771,1.0,0.78,162.19368347583318,8.120339673122782,0.0
318,2,411.0,204.0,84.0,327.0,120.0,495.0,288.0,0.44862147107224615,hough,22167.077763729583,1.0,0.78,194.05801292188133,13.574888176026747,0.0
319,0,309.0,257.0,46.0,263.0,211.0,355.0,303.0,0.6720927488528501,hough,6647.610054996002,1.0,0.78,223.50430188679246,11.737509433962265,0.0
319,1,555.0,222.0,72.0,483.0,150.0,627.0,294.0,0.48859177909966284,hough,16286.016316209487,1.0,0.78,166.36962009728464,7.591835478110953,0.0
319,2,408.0,307.0,80.0,328.0,227.0,488.0,387.0,0.47562396146936486,hough,20106.192982974677,1.0,0.78,194.56565908072307,12.68263532692595,0.0
319,3,392.0,204.0,84.0,308.0,120.0,476.0,288.0,0.4502976800955926,hough,22167.077763729583,1.0,0.78,204.49216102652147,11.293995391496859,0.0
320,0,309.0,257.0,46.0,263.0,211.0,355.0,303.0,0.6723075768217734,hough,6647.610054996002,1.0,0.78,223.702641509434,11.742943396226416,0.0
320,1,404.0,199.0,76.0,328.0,123.0,480.0,275.0,0.5112435408353768,hough,18145.839167134644,1.0,0.78,203.47542068965515,11.891641379310345,0.0
320,2,345.0,300.0,78.0,267.0,222.0,423.0,378.0,0.5019208698575075,hough,19113.4497044403,1.0,0.78,212.73781987545135,10.96415301690303,0.0
320,3,555.0,222.0,72.0,483.0,150.0,627.0,294.0,0.48925876992776546,hough,16286.016316209487,1.0,0.78,166.26568561049194,7.796872113786097,0.0
320,4,427.0,294.0,84.0,343.0,210.0,511.0,378.0,0.43778526849832367,hough,22167.077763729583,1.0,0.78,181.071070347445,14.080513260741878,0.0
321,0,309.0,257.0,46.0,263.0,211.0,355.0,303.0,0.6721663559560687,hough,6647.610054996002,1.0,0.78,223.81494339622643,11.675924528301888,0.0
321,1,558.0,221.0,74.0,484.0,147.0,632.0,295.0,0.4751385102620781,hough,17203.36137105771,1.0,0.78,162.45890769499215,9.006805095096842,0.0
321,2,363.0,305.0,83.0,280.0,222.0,446.0,388.0,0.45893598570151534,hough,21642.431790580085,1.0,0.78,203.1298256969809,11.963659901058763,0.0
321,3,396.0,188.0,84.0,312.0,104.0,480.0,272.0,0.4580703864084977,hough,22167.077763729583,1.0,0.78,196.7658699679212,15.386662449735688,0.0
322,0,289.0,278.0,66.0,223.0,212.0,355.0,344.0,0.5777085428365591,hough,13684.77759903714,1.0,0.78,172.8567249323484,17.72003218020917,0.0
322,1,557.0,222.0,72.0,485.0,150.0,629.0,294.0,0.48951363355661087,hough,16286.016316209487,1.0,0.78,166.917308047534,7.694476941075056,0.0
322,2,401.0,278.0,82.0,319.0,196.0,483.0,360.0,0.4671393550587426,hough,21124.069002737768,1.0,0.78,205.92066726695415,11.431543528742713,0.0
323,0,561.0,219.0,70.0,491.0,149.0,631.0,289.0,0.5068917954660979,hough,15393.804002589986,1.0,0.78,169.97280947115073,7.5497300461848695,0.0
323,1,350.0,203.0,80.0,270.0,123.0,430.0,283.0,0.4752917163757196,hough,20106.192982974677,1.0,0.78,210.74697475225338,8.363627309396943,0.0
323,2,355.0,293.0,83.0,272.0,210.0,438.0,376.0,0.45885939327250524,hough,21642.431790580085,1.0,0.78,211.86393268297195,9.659808590318553,0.0
323,3,275.0,278.0,80.0,195.0,198.0,355.0,358.0,0.440803270925793,hough,20106.192982974677,1.0,0.78,145.85982853011055,16.130668319388494,0.0
324,0,309.0,257.0,46.0,263.0,211.0,355.0,303.0,0.6728949279131535,hough,6647.610054996002,1.0,0.78,223.7838490566038,11.87833962264151,0.0
324,1,563.0,221.0,71.0,492.0,150.0,634.0,292.0,0.49808742881968415,hough,15836.768566746148,1.0,0.78,167.0689938658066,7.9511161702396755,0.0
324,2,401.0,231.0,80.0,321.0,151.0,481.0,311.0,0.4778583118600863,hough,20106.192982974677,1.0,0.78,207.03949006523578,10.017329814252278,0.0
324,3,371.0,302.0,84.0,287.0,218.0,455.0,386.0,0.4477809751576196,hough,22167.077763729583,1.0,0.78,203.03582885284416,11.00361451226675,0.0
325,0,309.0,257.0,46.0,263.0,211.0,355.0,303.0,0.673215475452924,hough,6647.610054996002,1.0,0.78,223.77132075471698,11.967094339622642,0.0
325,1,563.0,221.0,71.0,492.0,150.0,634.0,292.0,0.4980909457200255,hough,15836.768566746148,1.0,0.78,167.0500853727945,7.95699740719661,0.0
325,2,401.0,231.0,80.0,321.0,151.0,481.0,311.0,0.47798973303569764,hough,20106.192982974677,1.0,0.78,207.0253473432598,10.05607290473582,0.0
326,0,293.0,243.0,62.0,231.0,181.0,355.0,305.0,0.6239728906349313,hough,12076.282160399165,1.0,0.78,186.55575822900258,18.51554597462897,0.0
326,1,563.0,221.0,71.0,492.0,150.0,634.0,292.0,0.49797896290122295,hough,15836.768566746148,1.0,0.78,167.0074622146335,7.938278631505723,0.0
326,2,401.0,231.0,80.0,321.0,151.0,481.0,311.0,0.4780425766172317,hough,20106.192982974677,1.0,0.78,206.96972262337533,10.084706936905533,0.0
326,3,345.0,282.0,82.0,263.0,200.0,427.0,364.0,0.4696242595935151,hough,21124.069002737768,1.0,0.78,215.65499265437657,9.549263068101038,0.0
327,0,411.0,302.0,72.0,339.0,230.0,483.0,374.0,0.5344372533955323,hough,16286.016316209487,1.0,0.78,204.45680684686903,9.859860846007019,0.0
327,1,563.0,225.0,67.0,496.0,158.0,630.0,292.0,0.5304317574312178,hough,14102.60942196458,1.0,0.78,173.9242521139771,6.823847083066865,0.0
327,2,344.0,300.0,76.0,268.0,224.0,420.0,376.0,0.5147996300848698,hough,18145.839167134644,1.0,0.78,213.2192551724138,10.292524137931034,0.0
327,3,397.0,231.0,84.0,313.0,147.0,481.0,315.0,0.4487254126624367,hough,22167.077763729583,1.0,0.78,207.0746396783084,10.19956625852799,0.0
327,4,272.0,194.0,80.0,192.0,114.0,352.0,274.0,0.443310200381559,hough,20106.192982974677,1.0,0.78,145.43711696610967,16.909695668115866,0.0
328,0,558.0,221.0,74.0,484.0,147.0,632.0,295.0,0.47044598406297516,hough,17203.36137105771,1.0,0.78,162.11289478276043,7.845925667422788,0.0
328,1,361.0,293.0,83.0,278.0,210.0,444.0,376.0,0.45712311917065035,hough,21642.431790580085,1.0,0.78,210.97114984511535,9.43020944102825,0.0
328,2,396.0,185.0,84.0,312.0,101.0,480.0,269.0,0.45493741709552965,hough,22167.077763729583,1.0,0.78,196.18637328875434,14.70270636605973,0.0
328,3,270.0,194.0,84.0,186.0,110.0,354.0,278.0,0.4139778674503547,hough,22167.077763729583,1.0,0.78,144.09963387844766,17.397608005857947,0.0
329,0,404.0,186.0,76.0,328.0,110.0,480.0,262.0,0.5157641466501166,hough,18145.839167134644,1.0,0.78,198.4894344827586,14.400662068965516,0.0
329,1,555.0,221.0,72.0,483.0,149.0,627.0,293.0,0.48553097226969605,hough,16286.016316209487,1.0,0.78,166.20731482051596,6.8180530755495345,0.0
329,2,405.0,305.0,79.0,326.0,226.0,484.0,384.0,0.47964123723333224,hough,19606.6797510539,1.0,0.78,198.12182663329418,10.834142105532,0.0
329,3,272.0,194.0,82.0,190.0,112.0,354.0,276.0,0.428925422522972,hough,21124.069002737768,1.0,0.78,145.35491329479768,17.075345564212114,0.0
330,0,297.0,279.0,59.0,238.0,220.0,356.0,338.0,0.6593311778197537,hough,10935.88402714607,1.0,0.78,190.66755246036837,20.89929441949968,0.0
330,1,411.0,300.0,72.0,339.0,228.0,483.0,372.0,0.528269058884183,hough,16286.016316209487,1.0,0.78,204.55618496398003,8.189027769226032,0.0
330,2,557.0,217.0,75.0,482.0,142.0,632.0,292.0,0.46318867089189014,hough,17671.458676442588,1.0,0.78,159.74118313048402,8.52074724030569,0.0
330,3,397.0,197.0,84.0,313.0,113.0,481.0,281.0,0.4503844804371994,hough,22167.077763729583,1.0,0.78,201.872452898387,12.002033163150047,0.0
331,0,307.0,240.0,49.0,258.0,191.0,356.0,289.0,0.6981276950210837,hough,7542.963961269093,1.0,0.78,218.79375415282394,13.94152823920266,0.0
331,1,343.0,296.0,74.0,269.0,222.0,417.0,370.0,0.5264520364577596,hough,17203.36137105771,1.0,0.78,213.9610888152155,9.225789565520852,0.0
331,2,558.0,221.0,72.0,486.0,149.0,630.0,293.0,0.48812057242229945,hough,16286.016316209487,1.0,0.78,166.4233729450157,7.452127332060833,0.0
331,3,398.0,183.0,83.0,315.0,100.0,481.0,266.0,0.45793763132254517,hough,21642.431790580085,1.0,0.78,196.1176660964446,13.530676406676221,0.0
331,4,420.0,287.0,84.0,336.0,203.0,504.0,371.0,0.4396978803555185,hough,22167.077763729583,1.0,0.78,189.54705643157274,12.374599015045407,0.0
332,0,409.0,317.0,76.0,333.0,241.0,485.0,393.0,0.48375133393882513,hough,18145.839167134644,1.0,0.78,186.1368275862069,9.09335172413793,0.0
332,1,557.0,217.0,75.0,482.0,142.0,632.0,292.0,0.46284281140459105,hough,17671.458676442588,1.0,0.78,159.57548825360882,8.471836965751486,0.0
332,2,398.0,183.0,83.0,315.0,100.0,481.0,266.0,0.4580593021185625,hough,21642.431790580085,1.0,0.78,196.04900827592584,13.58107170927921,0.0
332,3,271.0,175.0,84.0,187.0,91.0,355.0,259.0,0.4164026494478301,hough,22167.077763729583,1.0,0.78,140.196203146242,19.06472130510779,0.0
332,4,272.0,279.0,84.0,188.0,195.0,356.0,363.0,0.4132066623994677,hough,22167.077763729583,1.0,0.78,140.75059164453032,18.06751992272398,0.0
333,0,407.0,276.0,78.0,329.0,198.0,485.0,354.0,0.49433442049938764,hough,19113.4497044403,1.0,0.78,204.947197655555,10.977863833795594,0.0
333,1,558.0,219.0,72.0,486.0,147.0,630.0,291.0,0.4873197306891404,hough,16286.016316209487,1.0,0.78,166.88017979188473,7.119142909919339,0.0
333,2,354.0,199.0,83.0,271.0,116.0,437.0,282.0,0.453117354397683,hough,21642.431790580085,1.0,0.78,208.84118544546675,8.918858939386935,0.0
333,3,272.0,247.0,84.0,188.0,163.0,356.0,331.0,0.41624691387798707,hough,22167.077763729583,1.0,0.78,143.64197053851728,18.12233759961362,0.0
334,0,407.0,303.0,79.0,328.0,224.0,486.0,382.0,0.4749465775336245,hough,19606.6797510539,1.0,0.78,197.33079634264698,9.789038157020993,0.0
334,1,558.0,218.0,74.0,484.0,144.0,632.0,292.0,0.47168483041289183,hough,17203.36137105771,1.0,0.78,162.22788344093527,8.146222299773163,0.0
334,2,402.0,230.0,82.0,320.0,148.0,484.0,312.0,0.4633490110456812,hough,21124.069002737768,1.0,0.78,206.09359745983602,10.375574617316714,0.0
334,3,271.0,175.0,84.0,187.0,91.0,355.0,259.0,0.4165495059667049,hough,22167.077763729583,1.0,0.78,140.12648087007187,19.12211108953195,0.0
335,0,413.0,299.0,72.0,341.0,227.0,485.0,371.0,0.5301751251097003,hough,16286.016316209487,1.0,0.78,204.3397574041007,8.753894464626562,0.0
335,1,559.0,222.0,71.0,488.0,151.0,630.0,293.0,0.49764482326927456,hough,15836.768566746148,1.0,0.78,168.15885663694428,7.548156580029089,0.0
335,2,413.0,204.0,84.0,329.0,120.0,497.0,288.0,0.44662405549281237,hough,22167.077763729583,1.0,0.78,194.6929471829395,12.876248136267112,0.0
335,3,272.0,261.0,84.0,188.0,177.0,356.0,345.0,0.4161994615717809,hough,22167.077763729583,1.0,0.78,142.5557111808742,18.39367302583917,0.0
336,0,564.0,223.0,67.0,497.0,156.0,631.0,290.0,0.5311877907476923,hough,14102.60942196458,1.0,0.78,173.88382008100618,7.0360264335962475,0.0
336,1,413.0,299.0,72.0,341.0,227.0,485.0,371.0,0.5305598057352292,hough,16286.016316209487,1.0,0.78,204.26722492457358,8.875438704513268,0.0
336,2,341.0,284.0,79.0,262.0,205.0,420.0,363.0,0.49536801670744496,hough,19606.6797510539,1.0,0.78,214.67875568268886,10.699341063492874,0.0
336,3,398.0,203.0,84.0,314.0,119.0,482.0,287.0,0.45001503608872856,hough,22167.077763729583,1.0,0.78,204.29977861112366,11.268919712646275,0.0
336,4,272.0,248.0,84.0,188.0,164.0,356.0,332.0,0.41931717847259575,hough,22167.077763729583,1.0,0.78,142.7698140545762,19.169089591886017,0.0
337,0,564.0,223.0,67.0,497.0,156.0,631.0,290.0,0.5312649357604619,hough,14102.60942196458,1.0,0.78,173.8605840972074,7.062673204007674,0.0
337,1,413.0,299.0,72.0,341.0,227.0,485.0,371.0,0.5306979093727191,hough,16286.016316209487,1.0,0.78,204.17634382119326,8.936026106766825,0.0
337,2,282.0,182.0,74.0,208.0,108.0,356.0,256.0,0.5039249634811835,hough,17203.36137105771,1.0,0.78,150.52096783574711,19.8042226487524,0.0
337,3,398.0,201.0,84.0,314.0,117.0,482.0,285.0,0.4507213210877053,hough,22167.077763729583,1.0,0.78,203.20593683639814,11.743234084850675,0.0
338,0,343.0,305.0,68.0,275.0,237.0,411.0,373.0,0.5746689021032276,hough,14526.724430199205,1.0,0.78,211.7085143054119,10.732230265425715,0.0
338,1,564.0,223.0,67.0,497.0,156.0,631.0,290.0,0.5311062446637573,hough,14102.60942196458,1.0,0.78,173.78270446955162,7.040716265188658,0.0
338,2,413.0,299.0,72.0,341.0,227.0,485.0,371.0,0.5307933891014616,hough,16286.016316209487,1.0,0.78,204.09568376331504,8.982574964595775,0.0
338,3,278.0,182.0,76.0,202.0,106.0,354.0,258.0,0.4839582592693336,hough,18145.839167134644,1.0,0.78,145.6595970307529,19.730814310431434,0.0
338,4,398.0,182.0,83.0,315.0,99.0,481.0,265.0,0.45768182915425076,hough,21642.431790580085,1.0,0.78,195.57945351148922,13.60317166766841,0.0
339,0,311.0,237.0,46.0,265.0,191.0,357.0,283.0,0.6692094747130055,hough,6647.610054996002,1.0,0.78,220.03969811320755,11.874415094339623,0.0
339,1,344.0,295.0,75.0,269.0,220.0,419.0,370.0,0.5211485699944691,hough,17671.458676442588,1.0,0.78,213.58171525615626,9.900764223039909,0.0
339,2,282.0,183.0,74.0,208.0,109.0,356.0,257.0,0.5039316579521436,hough,17203.36137105771,1.0,0.78,150.87663584016752,19.71302274181353,0.0
339,3,559.0,218.0,73.0,486.0,145.0,632.0,291.0,0.48024596485876797,hough,16741.547250980006,1.0,0.78,164.58210293502302,7.82365951341981,0.0
339,4,413.0,231.0,84.0,329.0,147.0,497.0,315.0,0.44581864936072146,hough,22167.077763729583,1.0,0.78,197.42303347941984,11.947725116342113,0.0
340,0,331.0,307.0,68.0,263.0,239.0,399.0,375.0,0.5812370209398694,hough,14526.724430199205,1.0,0.78,210.2060668734919,12.876525336091001,0.0
340,1,415.0,287.0,71.0,344.0,216.0,486.0,358.0,0.5431010438274402,hough,15836.768566746148,1.0,0.78,204.68026307468537,10.12173528109783,0.0
340,2,409.0,189.0,72.0,337.0,117.0,481.0,261.0,0.5412692725771966,hough,16286.016316209487,1.0,0.78,201.56209593005354,12.438519795579088,0.0
340,3,557.0,219.0,72.0,485.0,147.0,629.0,291.0,0.48617324956113106,hough,16286.016316209487,1.0,0.78,166.49079490179176,6.9152145803829805,0.0
340,4,272.0,249.0,84.0,188.0,165.0,356.0,333.0,0.4175926270002319,hough,22167.077763729583,1.0,0.78,143.12103356677133,18.617387104564116,0.0
341,0,557.0,219.0,72.0,485.0,147.0,629.0,291.0,0.4859884684878126,hough,16286.016316209487,1.0,0.78,166.5646819777107,6.84662274490487,0.0
341,1,404.0,293.0,80.0,324.0,213.0,484.0,373.0,0.4753418051827179,hough,20106.192982974677,1.0,0.78,204.03874309048354,10.130770379961158,0.0
341,2,387.0,201.0,83.0,304.0,118.0,470.0,284.0,0.45369652869073,hough,21642.431790580085,1.0,0.78,206.10370336122799,9.788987008183458,0.0
341,3,272.0,249.0,84.0,188.0,165.0,356.0,333.0,0.4173813466899914,hough,22167.077763729583,1.0,0.78,143.259116155518,18.524945665298237,0.0
342,0,311.0,285.0,46.0,265.0,239.0,357.0,331.0,0.6722285091192208,hough,6647.610054996002,1.0,0.78,222.1462641509434,12.128754716981133,0.0
342,1,558.0,221.0,72.0,486.0,149.0,630.0,293.0,0.4864144495138047,hough,16286.016316209487,1.0,0.78,166.8265500892802,6.891755433778708,0.0
342,2,405.0,303.0,79.0,326.0,224.0,484.0,382.0,0.48003834438287846,hough,19606.6797510539,1.0,0.78,199.28456862644938,10.636052510599171,0.0
342,3,393.0,207.0,84.0,309.0,123.0,477.0,291.0,0.44510947297340875,hough,22167.077763729583,1.0,0.78,206.50282383770838,9.384810012198978,0.0
342,4,533.0,332.0,84.0,449.0,248.0,617.0,416.0,0.34570136375312466,hough,22167.077763729583,1.0,0.78,97.64406090453168,11.335788189581168,0.0
343,0,558.0,221.0,72.0,486.0,149.0,630.0,293.0,0.4862574545687914,hough,16286.016316209487,1.0,0.78,166.7676867187981,6.86527923157441,0.0
343,1,433.0,293.0,80.0,353.0,213.0,513.0,373.0,0.4621775591048236,hough,20106.192982974677,1.0,0.78,179.74060056770082,12.97276032070116,0.0
343,2,345.0,288.0,84.0,261.0,204.0,429.0,372.0,0.45529758375289425,hough,22167.077763729583,1.0,0.78,212.4945556408982,10.53517372249582,0.0
343,3,413.0,206.0,84.0,329.0,122.0,497.0,290.0,0.4473518592425145,hough,22167.077763729583,1.0,0.78,194.31509510685402,13.169113992680611,0.0
343,4,275.0,249.0,82.0,193.0,167.0,357.0,331.0,0.43256808764747723,hough,21124.069002737768,1.0,0.78,146.31412860398294,17.795947686515404,0.0
343,5,533.0,332.0,84.0,449.0,248.0,617.0,416.0,0.3458043086947121,hough,22167.077763729583,1.0,0.78,97.61875931866443,11.369854967695296,0.0
344,0,558.0,221.0,72.0,486.0,149.0,630.0,293.0,0.48622197187007804,hough,16286.016316209487,1.0,0.78,166.71830552305892,6.868727295117295,0.0
344,1,405.0,308.0,79.0,326.0,229.0,484.0,387.0,0.4757436150235963,hough,19606.6797510539,1.0,0.78,194.86545435970783,10.64611533942892,0.0
344,2,398.0,204.0,84.0,314.0,120.0,482.0,288.0,0.4513492551104537,hough,22167.077763729583,1.0,0.78,203.7328875434871,11.772918266841367,0.0
344,3,272.0,192.0,83.0,189.0,109.0,355.0,275.0,0.42526116975483735,hough,21642.431790580085,1.0,0.78,143.2831052476125,18.629910406616126,0.0
344,4,272.0,279.0,84.0,188.0,195.0,356.0,363.0,0.41244005302690917,hough,22167.077763729583,1.0,0.78,141.1118087418498,17.768654914271917,0.0
345,0,311.0,285.0,46.0,265.0,239.0,357.0,331.0,0.6729470551791542,hough,6647.610054996002,1.0,0.78,222.1222641509434,12.326641509433964,0.0
345,1,559.0,223.0,71.0,488.0,152.0,630.0,294.0,0.4955879620121555,hough,15836.768566746148,1.0,0.78,168.37380636185415,6.943464238284955,0.0
345,2,405.0,303.0,79.0,326.0,224.0,484.0,382.0,0.48082468379477333,hough,19606.6797510539,1.0,0.78,199.40787658987585,10.813505644378607,0.0
345,3,410.0,206.0,84.0,326.0,122.0,494.0,290.0,0.44887406723111817,hough,22167.077763729583,1.0,0.78,196.65269055256854,12.963900058735824,0.0
345,4,537.0,345.0,71.0,466.0,274.0,608.0,416.0,0.42706561039776025,hough,15836.768566746148,1.0,0.78,83.54214886485802,10.849048251438688,0.0
346,0,405.0,303.0,79.0,326.0,224.0,484.0,382.0,0.4821135324036351,hough,19606.6797510539,1.0,0.78,199.68912499361494,11.083669612300147,0.0
346,1,278.0,212.0,76.0,202.0,136.0,354.0,288.0,0.4798586132435962,hough,18145.839167134644,1.0,0.78,149.2165541106212,17.707651950661383,0.0
346,2,558.0,219.0,74.0,484.0,145.0,632.0,293.0,0.4704640289125092,hough,17203.36137105771,1.0,0.78,162.44587913685803,7.7636828942011284,0.0
346,3,389.0,205.0,84.0,305.0,121.0,473.0,289.0,0.4465974161830425,hough,22167.077763729583,1.0,0.78,206.38151176975555,9.81331044142231,0.0
347,0,311.0,255.0,46.0,265.0,209.0,357.0,301.0,0.671012249407789,hough,6647.610054996002,1.0,0.78,222.75033962264152,11.646490566037736,0.0
347,1,413.0,301.0,72.0,341.0,229.0,485.0,373.0,0.5349851435693962,hough,16286.016316209487,1.0,0.78,204.20312788621388,10.072286189274058,0.0
347,2,343.0,299.0,74.0,269.0,225.0,417.0,373.0,0.5283090750039988,hough,17203.36137105771,1.0,0.78,213.60716570697377,9.813528761705346,0.0
347,3,558.0,223.0,71.0,487.0,152.0,629.0,294.0,0.49515110533057183,hough,15836.768566746148,1.0,0.78,168.39239865933092,6.822108391829507,0.0
347,4,402.0,200.0,79.0,323.0,121.0,481.0,279.0,0.48885664807458545,hough,19606.6797510539,1.0,0.78,203.41773509730805,11.907033764110945,0.0
348,0,311.0,255.0,46.0,265.0,209.0,357.0,301.0,0.6711770995742707,hough,6647.610054996002,1.0,0.78,222.74354716981134,11.692226415094341,0.0
348,1,343.0,299.0,74.0,269.0,225.0,417.0,373.0,0.5283895227010209,hough,17203.36137105771,1.0,0.78,213.53260047693828,9.854475658698307,0.0
348,2,399.0,229.0,83.0,316.0,146.0,482.0,312.0,0.4563142831761295,hough,21642.431790580085,1.0,0.78,206.81011604789865,10.30237181561792,0.0
348,3,429.0,309.0,83.0,346.0,226.0,512.0,392.0,0.43011046073911463,hough,21642.431790580085,1.0,0.78,170.7682740764714,12.73738961579361,0.0
348,4,547.0,219.0,82.0,465.0,137.0,629.0,301.0,0.4103970519339952,hough,21124.069002737768,1.0,0.78,146.7552248708592,11.768352210795696,0.0
349,0,311.0,255.0,46.0,265.0,209.0,357.0,301.0,0.6704710507396425,hough,6647.610054996002,1.0,0.78,222.90384905660378,11.462037735849057,0.0
349,1,339.0,306.0,70.0,269.0,236.0,409.0,376.0,0.5598853253115232,hough,15393.804002589986,1.0,0.78,212.47407792883627,10.569895270929552,0.0
349,2,415.0,301.0,72.0,343.0,229.0,487.0,373.0,0.5346822457955462,hough,16286.016316209487,1.0,0.78,202.98743919709375,10.309340557847422,0.0
349,3,558.0,222.0,72.0,486.0,150.0,630.0,294.0,0.48716047355607967,hough,16286.016316209487,1.0,0.78,166.7537713195,7.109722307739671,0.0
349,4,537.0,351.0,66.0,471.0,285.0,603.0,417.0,0.4612653845010389,hough,13684.77759903714,1.0,0.78,81.44913332845753,10.565932860381773,0.0
349,5,393.0,205.0,84.0,309.0,121.0,477.0,289.0,0.44785523876718847,hough,22167.077763729583,1.0,0.78,205.27976324944652,10.436768626033524,0.0
349,6,270.0,199.0,82.0,188.0,117.0,352.0,281.0,0.42715043150651566,hough,21124.069002737768,1.0,0.78,143.6058820541474,17.059277695941482,0.0
