T_US,HALL_INF_MV,HALL_SUP_MV,PWM,SYNC_PULSE
1229367258,1524,1705,0,0
1229369258,1527,1697,0,0
1229371258,1527,1702,0,0
1229373258,1525,1700,0,0
1229375258,1525,1699,0,0
1229377258,1523,1706,0,0
1229379258,1523,1706,0,0
1229381258,1521,1705,0,0
1229383258,1520,1701,0,0
1229385258,1527,1707,0,0
1229387258,1527,1703,0,0
1229389258,1527,1705,0,0
1229391258,1525,1709,0,0
1229393258,1527,1701,0,0
1229395258,1520,1702,0,0
1229397258,1522,1702,0,0
1229399258,1529,1707,0,0
1229401258,1528,1701,0,0
1229403258,1526,1701,0,0
1229405258,1532,1701,0,0
1229407258,1525,1703,0,0
1229409258,1518,1709,0,0
1229411258,1524,1710,0,0
1229413258,1524,1697,0,0
1229415258,1525,1705,0,0
1229417258,1522,1704,0,0
1229419258,1525,1710,0,0
1229421258,1520,1709,0,0
1229423258,1517,1702,0,0
1229425258,1528,1710,0,0
1229427258,1523,1706,0,0
1229429258,1523,1706,0,0
1229431258,1526,1702,0,0
1229433258,1516,1703,0,0
1229435258,1521,1705,0,0
1229437258,1526,1697,0,0
1229439258,1525,1704,0,0
1229441258,1524,1697,0,0
1229443258,1513,1699,0,0
1229445258,1513,1702,0,0
1229447258,1525,1704,0,0
1229449258,1524,1705,0,0
1229451258,1525,1709,0,0
1229453258,1517,1713,0,0
1229455258,1528,1705,0,0
1229457258,1521,1697,0,0
1229459258,1524,1703,0,0
1229461258,1524,1697,0,0
1229463258,1524,1702,0,0
1229465258,1525,1701,0,0
1229467258,1529,1712,0,0
1229469258,1525,1704,0,0
1229471258,1524,1705,0,0
1229473258,1529,1701,0,0
1229475258,1523,1707,0,0
1229477258,1521,1706,0,0
1229479258,1516,1703,0,0
1229481258,1527,1713,0,0
1229483258,1528,1713,0,0
1229485258,1516,1709,0,0
1229487258,1525,1697,0,0
1229489258,1529,1700,0,0
1229491258,1525,1705,0,0
1229493258,1516,1704,0,0
1229495258,1528,1699,0,0
1229497258,1528,1697,0,0
1229499258,1529,1707,0,0
1229501258,1518,1707,0,0
1229503258,1522,1702,0,0
1229505258,1521,1694,0,0
1229507258,1523,1705,0,0
1229509258,1524,1703,0,0
1229511258,1527,1706,0,0
1229513258,1530,1702,0,0
1229515258,1527,1704,0,0
1229517258,1524,1709,0,0
1229519258,1526,1705,0,0
1229521258,1524,1709,0,0
1229523258,1516,1705,0,0
1229525258,1530,1707,0,0
1229527258,1532,1703,0,0
1229529258,1520,1701,0,0
1229531258,1525,1709,0,0
1229533258,1525,1702,0,0
1229535258,1518,1702,0,0
1229537258,1525,1705,0,0
1229539258,1525,1706,0,0
1229541258,1521,1703,0,0
1229543258,1530,1701,0,0
1229545258,1525,1703,0,0
1229547258,1524,1705,0,0
1229549258,1524,1707,0,0
1229551258,1524,1705,0,0
1229553258,1530,1702,0,0
1229555258,1520,1706,0,0
1229557258,1529,1709,0,0
1229559258,1518,1704,0,0
1229561258,1521,1704,0,0
1229563258,1520,1703,0,0
1229565258,1530,1697,0,0
1229567258,1523,1700,0,0
1229569258,1523,1709,0,0
1229571258,1518,1699,0,0
1229573258,1524,1705,0,0
1229575258,1526,1709,0,0
1229577258,1524,1707,0,0
1229579258,1536,1703,0,0
1229581258,1517,1704,0,0
1229583258,1527,1708,0,0
1229585258,1514,1703,0,0
1229587258,1536,1702,0,0
1229589258,1525,1710,0,0
1229591258,1517,1700,0,0
1229593258,1525,1705,0,0
1229595258,1521,1709,0,0
1229597258,1525,1704,0,0
1229599258,1523,1704,0,0
1229601258,1526,1695,0,0
1229603258,1524,1704,0,0
1229605258,1526,1704,0,0
1229607258,1525,1713,0,0
1229609258,1525,1706,0,0
1229611258,1526,1703,0,0
1229613258,1532,1702,0,0
1229615258,1520,1699,0,0
1229617258,1532,1704,0,0
1229619258,1530,1705,0,0
1229621258,1520,1709,0,0
1229623258,1527,1702,0,0
1229625258,1528,1706,0,0
1229627258,1524,1703,0,0
1229629258,1532,1709,0,0
1229631258,1525,1701,0,0
1229633258,1524,1707,0,0
1229635258,1521,1703,0,0
1229637258,1520,1705,0,0
1229639258,1523,1701,0,0
1229641258,1526,1705,0,0
1229643258,1531,1707,0,0
1229645258,1524,1706,0,0
1229647258,1523,1708,0,0
1229649258,1528,1699,0,0
1229651258,1524,1702,0,0
1229653258,1524,1697,0,0
1229655258,1521,1703,0,0
1229657258,1521,1707,0,0
1229659258,1520,1699,0,0
1229661258,1524,1705,0,0
1229663258,1520,1699,0,0
1229665258,1525,1696,0,0
1229667258,1523,1703,0,0
1229669258,1525,1707,0,0
1229671258,1528,1709,0,0
1229673258,1521,1705,0,0
1229675258,1524,1709,0,0
1229677258,1524,1707,0,0
1229679258,1531,1703,0,0
1229681258,1526,1706,0,0
1229683258,1518,1701,0,0
1229685258,1524,1710,0,0
1229687258,1524,1703,0,0
1229689258,1525,1709,0,0
1229691258,1522,1702,0,0
1229693258,1524,1703,0,0
1229695258,1524,1712,0,0
1229697258,1524,1707,0,0
1229699258,1523,1705,0,0
1229701258,1525,1705,0,0
1229703258,1523,1699,0,0
1229705258,1516,1697,0,0
1229707258,1524,1707,0,0
1229709258,1527,1707,0,0
1229711258,1531,1705,0,0
1229713258,1527,1702,0,0
1229715258,1522,1705,0,0
1229717258,1524,1706,0,0
1229719258,1521,1699,0,0
1229721258,1521,1693,0,0
1229723258,1522,1702,0,0
1229725258,1526,1709,0,0
1229727258,1526,1702,0,0
1229729258,1523,1705,0,0
1229731258,1525,1704,0,0
1229733258,1534,1705,0,0
1229735258,1520,1706,0,0
1229737258,1525,1705,0,0
1229739258,1520,1700,0,0
1229741258,1518,1709,0,0
1229743258,1526,1696,0,0
1229745258,1526,1700,0,0
1229747258,1524,1704,0,0
1229749258,1523,1704,0,0
1229751258,1518,1704,0,0
1229753258,1521,1704,0,0
1229755258,1526,1701,0,0
1229757258,1526,1709,0,0
1229759258,1526,1701,0,0
1229761258,1526,1704,0,0
1229763258,1515,1706,0,0
1229765258,1524,1701,0,0
1229767258,1524,1704,0,0
1229769258,1526,1716,0,0
1229771258,1528,1705,0,0
1229773258,1527,1702,0,0
1229775258,1528,1709,0,0
1229777258,1523,1708,0,0
1229779258,1528,1705,0,0
1229781258,1520,1702,0,0
1229783258,1525,1705,0,0
1229785258,1526,1709,0,0
1229787258,1521,1704,0,0
1229789258,1525,1705,0,0
1229791258,1521,1709,0,0
1229793258,1536,1704,0,0
1229795258,1520,1702,0,0
1229797258,1523,1703,0,0
1229799258,1518,1703,0,0
1229801258,1529,1710,0,0
1229803258,1521,1701,0,0
1229805258,1527,1701,0,0
1229807258,1521,1705,0,0
1229809258,1524,1706,0,0
1229811258,1524,1704,0,0
1229813258,1524,1701,0,0
1229815258,1518,1705,0,0
1229817258,1524,1705,0,0
1229819258,1528,1709,0,0
1229821258,1528,1713,0,0
1229823258,1525,1706,0,0
1229825258,1526,1705,0,0
1229827258,1523,1708,0,0
1229829258,1525,1709,0,0
1229831258,1525,1709,0,0
1229833258,1526,1697,0,0
1229835258,1520,1709,0,0
1229837258,1525,1702,0,0
1229839258,1530,1705,0,0
1229841258,1526,1704,0,0
1229843258,1526,1707,0,0
1229845258,1524,1697,0,0
1229847258,1536,1701,0,0
1229849258,1526,1702,0,0
1229851258,1526,1707,0,0
1229853258,1527,1706,0,0
1229855258,1525,1710,0,0
1229857258,1523,1705,0,0
1229859258,1526,1704,0,0
1229861258,1516,1703,0,0
1229863258,1526,1701,0,0
1229865258,1523,1707,0,0
1229867258,1523,1705,0,0
1229869258,1525,1705,0,0
1229871258,1525,1703,0,0
1229873258,1520,1702,0,0
1229875258,1524,1705,0,0
1229877258,1523,1700,0,0
1229879258,1523,1705,0,0
1229881258,1520,1702,0,0
1229883258,1524,1701,0,0
1229885258,1518,1705,0,0
1229887258,1524,1705,0,0
1229889258,1524,1704,0,0
1229891258,1526,1709,0,0
1229893258,1521,1705,0,0
1229895258,1524,1700,0,0
1229897258,1524,1712,0,0
1229899258,1526,1707,0,0
1229901258,1520,1704,0,0
1229903258,1528,1705,0,0
1229905258,1527,1704,0,0
1229907258,1529,1707,0,0
1229909258,1521,1705,0,0
1229911258,1517,1705,0,0
1229913258,1527,1700,0,0
1229915258,1526,1713,0,0
1229917258,1517,1703,0,0
1229919258,1525,1702,0,0
1229921258,1526,1705,0,0
1229923258,1521,1707,0,0
1229925258,1523,1706,0,0
1229927258,1518,1701,0,0
1229929258,1525,1706,0,0
1229931258,1525,1707,0,0
1229933258,1528,1706,0,0
1229935258,1520,1705,0,0
1229937258,1524,1708,0,0
1229939258,1529,1716,0,0
1229941258,1518,1707,0,0
1229943258,1528,1709,0,0
1229945258,1516,1703,0,0
1229947258,1524,1706,0,0
1229949258,1515,1696,0,0
1229951258,1526,1703,0,0
1229953258,1523,1704,0,0
1229955258,1526,1701,0,0
1229957258,1527,1709,0,0
1229959258,1517,1706,0,0
1229961258,1529,1709,0,0
1229963258,1521,1705,0,0
1229965258,1524,1697,0,0
1229967258,1526,1709,0,0
1229969258,1521,1715,0,0
1229971258,1524,1706,0,0
1229973258,1530,1705,0,0
1229975258,1524,1709,0,0
1229977258,1524,1705,0,0
1229979258,1524,1713,0,0
1229981258,1523,1704,0,0
1229983258,1520,1707,0,0
1229985258,1531,1705,0,0
1229987258,1520,1704,0,0
1229989258,1524,1704,0,0
1229991258,1532,1701,0,0
1229993258,1520,1701,0,0
1229995258,1527,1710,0,0
1229997258,1524,1706,0,0
1229999258,1524,1694,0,0
1230001258,1524,1708,0,0
1230003258,1524,1703,0,0
1230005258,1530,1697,0,0
1230007258,1524,1702,0,0
1230009258,1520,1701,0,0
1230011258,1525,1710,0,0
1230013258,1521,1703,0,0
1230015258,1533,1706,0,0
1230017258,1515,1706,0,0
1230019258,1524,1703,0,0
1230021258,1524,1694,0,0
1230023258,1518,1709,0,0
1230025258,1523,1705,0,0
1230027258,1525,1706,0,0
1230029258,1521,1701,0,0
1230031258,1516,1697,0,0
1230033258,1525,1705,0,0
1230035258,1520,1706,0,0
1230037258,1527,1705,0,0
1230039258,1527,1705,0,0
1230041258,1523,1697,0,0
1230043258,1518,1706,0,0
1230045258,1528,1697,0,0
1230047258,1516,1697,0,0
1230049258,1523,1709,0,0
1230051258,1532,1704,0,0
1230053258,1524,1713,0,0
1230055258,1525,1705,0,0
1230057258,1524,1704,0,0
1230059258,1521,1701,0,0
1230061258,1521,1704,0,0
1230063258,1523,1705,0,0
1230065258,1529,1713,0,0
1230067258,1518,1703,0,0
1230069258,1527,1705,0,0
1230071258,1524,1707,0,0
1230073258,1526,1703,0,0
1230075258,1527,1700,0,0
1230077258,1525,1705,0,0
1230079258,1534,1702,0,0
1230081258,1520,1709,0,0
1230083258,1524,1709,0,0
1230085258,1523,1696,0,0
1230087258,1516,1709,0,0
1230089258,1528,1699,0,0
1230091258,1524,1700,0,0
1230093258,1527,1701,0,0
1230095258,1526,1703,0,0
1230097258,1525,1702,0,0
1230099258,1523,1703,0,0
1230101258,1526,1702,0,0
1230103258,1520,1715,0,0
1230105258,1529,1700,0,0
1230107258,1529,1713,0,0
1230109258,1514,1709,0,0
1230111258,1518,1703,0,0
1230113258,1531,1697,0,0
1230115258,1523,1704,0,0
1230117258,1516,1704,0,0
1230119258,1522,1702,0,0
1230121258,1524,1709,0,0
1230123258,1524,1706,0,0
1230125258,1525,1707,0,0
1230127258,1528,1697,0,0
1230129258,1528,1707,0,0
1230131258,1520,1699,0,0
1230133258,1526,1709,0,0
1230135258,1520,1700,0,0
1230137258,1521,1697,0,0
1230139258,1521,1709,0,0
1230141258,1528,1717,0,0
1230143258,1517,1703,0,0
1230145258,1520,1701,0,0
1230147258,1518,1709,0,0
1230149258,1520,1700,0,0
1230151258,1524,1705,0,0
1230153258,1525,1710,0,0
1230155258,1526,1705,0,0
1230157258,1521,1707,0,0
1230159258,1527,1705,0,0
1230161258,1520,1704,0,0
1230163258,1528,1705,0,0
1230165258,1528,1704,0,0
1230167258,1521,1705,0,0
1230169258,1525,1704,0,0
1230171258,1526,1701,0,0
1230173258,1525,1703,0,0
1230175258,1527,1709,0,0
1230177258,1527,1705,0,0
1230179258,1521,1701,0,0
1230181258,1528,1703,0,0
1230183258,1521,1705,0,0
1230185258,1525,1702,0,0
1230187258,1523,1704,0,0
1230189258,1525,1702,0,0
1230191258,1530,1705,0,0
1230193258,1523,1713,0,0
1230195258,1526,1709,0,0
1230197258,1528,1697,0,0
1230199258,1522,1704,0,0
1230201258,1529,1709,0,0
1230203258,1525,1706,0,0
1230205258,1518,1714,0,0
1230207258,1525,1703,0,0
1230209258,1514,1701,0,0
1230211258,1525,1707,0,0
1230213258,1521,1704,0,0
1230215258,1526,1698,0,0
1230217258,1525,1707,0,0
1230219258,1521,1705,0,0
1230221258,1520,1711,0,0
1230223258,1523,1705,0,0
1230225258,1520,1705,0,0
1230227258,1529,1705,0,0
1230229258,1514,1701,0,0
1230231258,1525,1700,0,0
1230233258,1527,1713,0,0
1230235258,1524,1707,0,0
1230237258,1523,1700,0,0
1230239258,1524,1705,0,0
1230241258,1526,1706,0,0
1230243258,1521,1697,0,0
1230245258,1518,1705,0,0
1230247258,1532,1703,0,0
1230249258,1518,1707,0,0
1230251258,1525,1710,0,0
1230253258,1522,1705,0,0
1230255258,1521,1703,0,0
1230257258,1525,1705,0,0
1230259258,1527,1697,0,0
1230261258,1520,1702,0,0
1230263258,1525,1705,0,0
1230265258,1524,1709,0,0
1230267258,1531,1704,0,0
1230269258,1530,1697,0,0
1230271258,1526,1705,0,0
1230273258,1525,1704,0,0
1230275258,1523,1705,0,0
1230277258,1521,1703,0,0
1230279258,1524,1701,0,0
1230281258,1527,1697,0,0
1230283258,1524,1706,0,0
1230285258,1520,1703,0,0
1230287258,1525,1696,0,0
1230289258,1522,1705,0,0
1230291258,1526,1697,0,0
1230293258,1530,1707,0,0
1230295258,1521,1701,0,0
1230297258,1531,1702,0,0
1230299258,1526,1703,0,0
1230301258,1520,1709,0,0
1230303258,1523,1696,0,0
1230305258,1528,1694,0,0
1230307258,1526,1704,0,0
1230309258,1524,1696,0,0
1230311258,1526,1707,0,0
1230313258,1513,1705,0,0
1230315258,1523,1702,0,0
1230317258,1527,1701,0,0
1230319258,1531,1693,0,0
1230321258,1520,1705,0,0
1230323258,1517,1697,0,0
1230325258,1526,1705,0,0
1230327258,1517,1708,0,0
1230329258,1525,1705,0,0
1230331258,1523,1704,0,0
1230333258,1523,1697,0,0
1230335258,1525,1705,0,0
1230337258,1524,1706,0,0
1230339258,1520,1707,0,0
1230341258,1515,1704,0,0
1230343258,1525,1705,0,0
1230345258,1529,1704,0,0
1230347258,1525,1699,0,0
1230349258,1521,1707,0,0
1230351258,1527,1705,0,0
1230353258,1521,1704,0,0
1230355258,1519,1705,0,0
1230357258,1523,1709,0,0
1230359258,1524,1704,0,0
1230361258,1527,1709,0,0
1230363258,1520,1697,0,0
1230365258,1520,1703,0,0
1230367258,1525,1709,0,0
1230369258,1521,1706,0,0
1230371258,1520,1712,0,0
1230373258,1529,1704,0,0
1230375258,1527,1708,0,0
1230377258,1517,1707,0,0
1230379258,1525,1705,0,0
1230381258,1532,1703,0,0
1230383258,1524,1703,0,0
1230385258,1528,1705,0,0
1230387258,1528,1705,0,0
1230389258,1518,1709,0,0
1230391258,1521,1707,0,0
1230393258,1532,1701,0,0
1230395258,1517,1702,0,0
1230397258,1525,1700,0,0
1230399258,1520,1713,0,0
1230401258,1525,1704,0,0
1230403258,1526,1703,0,0
1230405258,1524,1705,0,0
1230407258,1528,1704,0,0
1230409258,1524,1701,0,0
1230411258,1512,1707,0,0
1230413258,1526,1709,0,0
1230415258,1525,1709,0,0
1230417258,1520,1706,0,0
1230419258,1519,1712,0,0
1230421258,1526,1706,0,0
1230423258,1518,1704,0,0
1230425258,1526,1701,0,0
1230427258,1523,1710,0,0
1230429258,1523,1704,0,0
1230431258,1520,1703,0,0
1230433258,1529,1705,0,0
1230435258,1524,1704,0,0
1230437258,1522,1704,0,0
1230439258,1525,1707,0,0
1230441258,1525,1709,0,0
1230443258,1526,1712,0,0
1230445258,1524,1708,0,0
1230447258,1522,1706,0,0
1230449258,1526,1702,0,0
1230451258,1527,1704,0,0
1230453258,1524,1707,0,0
1230455258,1520,1702,0,0
1230457258,1529,1701,0,0
1230459258,1524,1700,0,0
1230461258,1521,1702,0,0
1230463258,1520,1709,0,0
1230465258,1518,1709,0,0
1230467258,1524,1701,0,0
1230469258,1525,1713,0,0
1230471258,1528,1706,0,0
1230473258,1523,1707,0,0
1230475258,1527,1706,0,0
1230477258,1521,1699,0,0
1230479258,1526,1701,0,0
1230481258,1529,1701,0,0
1230483258,1528,1705,0,0
1230485258,1518,1704,0,0
1230487258,1518,1710,0,0
1230489258,1526,1701,0,0
1230491258,1516,1697,0,0
1230493258,1524,1704,0,0
1230495258,1525,1700,0,0
1230497258,1524,1696,0,0
1230499258,1521,1709,0,0
1230501258,1525,1710,0,0
1230503258,1521,1715,0,0
1230505258,1526,1701,0,0
1230507258,1528,1699,0,0
1230509258,1526,1704,0,0
1230511258,1520,1710,0,0
1230513258,1525,1705,0,0
1230515258,1521,1697,0,0
1230517258,1522,1705,0,0
1230519258,1523,1704,0,0
1230521258,1533,1707,0,0
1230523258,1525,1705,0,0
1230525258,1527,1704,0,0
1230527258,1525,1697,0,0
1230529258,1523,1706,0,0
1230531258,1520,1709,0,0
1230533258,1518,1705,0,0
1230535258,1523,1706,0,0
1230537258,1531,1705,0,0
1230539258,1525,1696,0,0
1230541258,1521,1707,0,0
1230543258,1531,1704,0,0
1230545258,1515,1705,0,0
1230547258,1525,1696,0,0
1230549258,1522,1704,0,0
1230551258,1528,1704,0,0
1230553258,1520,1702,0,0
1230555258,1525,1705,0,0
1230557258,1525,1704,0,0
1230559258,1526,1701,0,0
1230561258,1524,1709,0,0
1230563258,1524,1703,0,0
1230565258,1526,1696,0,0
1230567258,1523,1706,0,0
1230569258,1525,1703,0,0
1230571258,1525,1707,0,0
1230573258,1526,1702,0,0
1230575258,1520,1706,0,0
1230577258,1524,1705,0,0
1230579258,1527,1692,0,0
1230581258,1521,1707,0,0
1230583258,1521,1697,0,0
1230585258,1518,1701,0,0
1230587258,1523,1704,0,0
1230589258,1517,1705,0,0
1230591258,1525,1704,0,0
1230593258,1517,1702,0,0
1230595258,1525,1705,0,0
1230597258,1524,1713,0,0
1230599258,1523,1707,0,0
1230601258,1527,1703,0,0
1230603258,1524,1705,0,0
1230605258,1528,1703,0,0
1230607258,1523,1709,0,0
1230609258,1521,1705,0,0
1230611258,1526,1701,0,0
1230613258,1525,1707,0,0
1230615258,1527,1702,0,0
1230617258,1515,1709,0,0
1230619258,1518,1700,0,0
1230621258,1524,1701,0,0
1230623258,1518,1710,0,0
1230625258,1529,1710,0,0
1230627258,1516,1707,0,0
1230629258,1520,1713,0,0
1230631258,1524,1697,0,0
1230633258,1524,1705,0,0
1230635258,1524,1704,0,0
1230637258,1528,1706,0,0
1230639258,1517,1705,0,0
1230641258,1515,1713,0,0
1230643258,1528,1703,0,0
1230645258,1524,1709,0,0
1230647258,1525,1710,0,0
1230649258,1520,1705,0,0
1230651258,1517,1702,0,0
1230653258,1528,1694,0,0
1230655258,1520,1705,0,0
1230657258,1526,1702,0,0
1230659258,1525,1705,0,0
1230661258,1524,1706,0,0
1230663258,1523,1697,0,0
1230665258,1518,1706,0,0
1230667258,1525,1702,0,0
1230669258,1524,1693,0,0
1230671258,1530,1704,0,0
1230673258,1527,1697,0,0
1230675258,1524,1703,0,0
1230677258,1524,1699,0,0
1230679258,1524,1699,0,0
1230681258,1524,1703,0,0
1230683258,1521,1707,0,0
1230685258,1526,1705,0,0
1230687258,1524,1708,0,0
1230689258,1520,1701,0,0
1230691258,1526,1700,0,0
1230693258,1526,1707,0,0
1230695258,1524,1704,0,0
1230697258,1524,1693,0,0
1230699258,1524,1702,0,0
1230701258,1530,1709,0,0
1230703258,1536,1705,0,0
1230705258,1525,1705,0,0
1230707258,1524,1699,0,0
1230709258,1515,1706,0,0
1230711258,1520,1702,0,0
1230713258,1520,1708,0,0
1230715258,1526,1706,0,0
1230717258,1522,1706,0,0
1230719258,1516,1708,0,0
1230721258,1524,1705,0,0
1230723258,1528,1705,0,0
1230725258,1521,1702,0,0
1230727258,1523,1704,0,0
1230729258,1523,1707,0,0
1230731258,1525,1703,0,0
1230733258,1523,1701,0,0
1230735258,1524,1705,0,0
1230737258,1525,1709,0,0
1230739258,1525,1713,0,0
1230741258,1524,1704,0,0
1230743258,1530,1704,0,0
1230745258,1523,1701,0,0
1230747258,1523,1701,0,0
1230749258,1528,1704,0,0
1230751258,1531,1696,0,0
1230753258,1524,1701,0,0
1230755258,1526,1697,0,0
1230757258,1523,1707,0,0
1230759258,1516,1705,0,0
1230761258,1527,1707,0,0
1230763258,1527,1701,0,0
1230765258,1524,1705,0,0
1230767258,1525,1708,0,0
1230769258,1520,1704,0,0
1230771258,1518,1709,0,0
1230773258,1522,1705,0,0
1230775258,1517,1709,0,0
1230777258,1528,1701,0,0
1230779258,1527,1701,0,0
1230781258,1525,1694,0,0
1230783258,1521,1700,0,0
1230785258,1528,1705,0,0
1230787258,1524,1704,0,0
1230789258,1518,1706,0,0
1230791258,1521,1703,0,0
1230793258,1530,1706,0,0
1230795258,1524,1703,0,0
1230797258,1524,1703,0,0
1230799258,1520,1707,0,0
1230801258,1530,1705,0,0
1230803258,1528,1701,0,0
1230805258,1525,1704,0,0
1230807258,1520,1704,0,0
1230809258,1523,1704,0,0
1230811258,1523,1705,0,0
1230813258,1523,1705,0,0
1230815258,1526,1704,0,0
1230817258,1526,1702,0,0
1230819258,1528,1703,0,0
1230821258,1526,1701,0,0
1230823258,1517,1708,0,0
1230825258,1521,1703,0,0
1230827258,1528,1709,0,0
1230829258,1524,1702,0,0
1230831258,1528,1703,0,0
1230833258,1523,1702,0,0
1230835258,1524,1701,0,0
1230837258,1526,1705,0,0
1230839258,1520,1708,0,0
1230841258,1525,1704,0,0
1230843258,1525,1702,0,0
1230845258,1524,1705,0,0
1230847258,1523,1701,0,0
1230849258,1516,1704,0,0
1230851258,1524,1705,0,0
1230853258,1527,1703,0,0
1230855258,1514,1703,0,0
1230857258,1525,1697,0,0
1230859258,1516,1705,0,0
1230861258,1525,1704,0,0
1230863258,1524,1701,0,0
1230865258,1523,1702,0,0
1230867258,1518,1705,0,0
1230869258,1516,1704,0,0
1230871258,1518,1710,0,0
1230873258,1526,1705,0,0
1230875258,1521,1705,0,0
1230877258,1517,1703,0,0
1230879258,1525,1696,0,0
1230881258,1516,1694,0,0
1230883258,1525,1701,0,0
1230885258,1523,1711,0,0
1230887258,1522,1706,0,0
1230889258,1522,1703,0,0
1230891258,1525,1702,0,0
1230893258,1532,1709,0,0
1230895258,1525,1713,0,0
1230897258,1520,1706,0,0
1230899258,1527,1700,0,0
1230901258,1527,1709,0,0
1230903258,1516,1701,0,0
1230905258,1527,1705,0,0
1230907258,1521,1703,0,0
1230909258,1520,1708,0,0
1230911258,1515,1701,0,0
1230913258,1523,1712,0,0
1230915258,1524,1700,0,0
1230917258,1524,1709,0,0
1230919258,1523,1710,0,0
1230921258,1528,1697,0,0
1230923258,1520,1704,0,0
1230925258,1528,1713,0,0
1230927258,1523,1709,0,0
1230929258,1523,1713,0,0
1230931258,1528,1710,0,0
1230933258,1524,1701,0,0
1230935258,1525,1707,0,0
1230937258,1516,1702,0,0
1230939258,1521,1701,0,0
1230941258,1520,1702,0,0
1230943258,1516,1701,0,0
1230945258,1528,1705,0,0
1230947258,1524,1705,0,0
1230949258,1524,1705,0,0
1230951258,1524,1710,0,0
1230953258,1524,1706,0,0
1230955258,1525,1706,0,0
1230957258,1524,1697,0,0
1230959258,1514,1705,0,0
1230961258,1523,1712,0,0
1230963258,1525,1703,0,0
1230965258,1524,1717,0,0
1230967258,1532,1697,0,0
1230969258,1528,1712,0,0
1230971258,1524,1708,0,0
1230973258,1528,1705,0,0
1230975258,1525,1710,0,0
1230977258,1521,1703,0,0
1230979258,1515,1705,0,0
1230981258,1525,1697,0,0
1230983258,1521,1710,0,0
1230985258,1527,1705,0,0
1230987258,1521,1700,0,0
1230989258,1523,1713,0,0
1230991258,1516,1704,0,0
1230993258,1514,1697,0,0
1230995258,1522,1701,0,0
1230997258,1521,1701,0,0
1230999258,1524,1705,0,0
1231001258,1524,1697,0,0
1231003258,1524,1707,0,0
1231005258,1525,1712,0,0
1231007258,1514,1703,0,0
1231009258,1523,1702,0,0
1231011258,1527,1697,0,0
1231013258,1521,1696,0,0
1231015258,1529,1696,0,0
1231017258,1526,1714,0,0
1231019258,1521,1702,0,0
1231021258,1526,1708,0,0
1231023258,1524,1701,0,0
1231025258,1529,1702,0,0
1231027258,1526,1705,0,0
1231029258,1528,1702,0,0
1231031258,1530,1697,0,0
1231033258,1524,1705,0,0
1231035258,1523,1712,0,0
1231037258,1524,1712,0,0
1231039258,1528,1706,0,0
1231041258,1515,1705,0,0
1231043258,1518,1701,0,0
1231045258,1523,1701,0,0
1231047258,1526,1705,0,0
1231049258,1525,1698,0,0
1231051258,1520,1701,0,0
1231053258,1522,1710,0,0
1231055258,1525,1705,0,0
1231057258,1524,1694,0,0
1231059258,1518,1701,0,0
1231061258,1518,1707,0,0
1231063258,1525,1707,0,0
1231065258,1524,1704,0,0
1231067258,1521,1701,0,0
1231069258,1523,1705,0,0
1231071258,1520,1704,0,0
1231073258,1521,1707,0,0
1231075258,1525,1707,0,0
1231077258,1514,1705,0,0
1231079258,1525,1697,0,0
1231081258,1529,1698,0,0
1231083258,1520,1707,0,0
1231085258,1523,1697,0,0
1231087258,1524,1710,0,0
1231089258,1525,1709,0,0
1231091258,1530,1710,0,0
1231093258,1523,1705,0,0
1231095258,1528,1704,0,0
1231097258,1523,1701,0,0
1231099258,1515,1702,0,0
1231101258,1523,1697,0,0
1231103258,1520,1701,0,0
1231105258,1525,1705,0,0
1231107258,1518,1699,0,0
1231109258,1521,1705,0,0
1231111258,1524,1699,0,0
1231113258,1526,1704,0,0
1231115258,1522,1702,0,0
1231117258,1526,1705,0,0
1231119258,1523,1713,0,0
1231121258,1521,1704,0,0
1231123258,1516,1709,0,0
1231125258,1528,1700,0,0
1231127258,1520,1702,0,0
1231129258,1524,1705,0,0
1231131258,1528,1708,0,0
1231133258,1526,1705,0,0
1231135258,1522,1707,0,0
1231137258,1525,1709,0,0
1231139258,1523,1704,0,0
1231141258,1525,1697,0,0
1231143258,1520,1713,0,0
1231145258,1527,1709,0,0
1231147258,1525,1707,0,0
1231149258,1523,1702,0,0
1231151258,1523,1699,0,0
1231153258,1521,1709,0,0
1231155258,1518,1713,0,0
1231157258,1530,1705,0,0
1231159258,1524,1709,0,0
1231161258,1521,1705,0,0
1231163258,1516,1704,0,0
1231165258,1526,1701,0,0
1231167258,1523,1703,0,0
1231169258,1515,1709,0,0
1231171258,1524,1707,0,0
1231173258,1523,1705,0,0
1231175258,1525,1697,0,0
1231177258,1524,1697,0,0
1231179258,1522,1702,0,0
1231181258,1523,1707,0,0
1231183258,1521,1707,0,0
1231185258,1524,1705,0,0
1231187258,1524,1705,0,0
1231189258,1527,1705,0,0
1231191258,1524,1701,0,0
1231193258,1531,1706,0,0
1231195258,1524,1702,0,0
1231197258,1529,1703,0,0
1231199258,1513,1700,0,0
1231201258,1527,1701,0,0
1231203258,1524,1704,0,0
1231205258,1521,1705,0,0
1231207258,1525,1715,0,0
1231209258,1521,1705,0,0
1231211258,1522,1702,0,0
1231213258,1524,1700,0,0
1231215258,1527,1709,0,0
1231217258,1524,1697,0,0
1231219258,1527,1697,0,0
1231221258,1531,1710,0,0
1231223258,1516,1705,0,0
1231225258,1524,1697,0,0
1231227258,1517,1701,0,0
1231229258,1512,1712,0,0
1231231258,1524,1706,0,0
1231233258,1524,1707,0,0
1231235258,1525,1705,0,0
1231237258,1521,1704,0,0
1231239258,1525,1710,0,0
1231241258,1523,1709,0,0
1231243258,1523,1704,0,0
1231245258,1528,1699,0,0
1231247258,1529,1708,0,0
1231249258,1522,1704,0,0
1231251258,1524,1703,0,0
1231253258,1520,1703,0,0
1231255258,1523,1702,0,0
1231257258,1524,1709,0,0
1231259258,1524,1704,0,0
1231261258,1517,1704,0,0
1231263258,1524,1702,0,0
1231265258,1525,1705,0,0
1231267258,1530,1704,0,0
1231269258,1528,1712,0,0
1231271258,1528,1705,0,0
1231273258,1525,1704,0,0
1231275258,1516,1709,0,0
1231277258,1524,1701,0,0
1231279258,1524,1709,0,0
1231281258,1521,1700,0,0
1231283258,1524,1706,0,0
1231285258,1526,1707,0,0
1231287258,1533,1703,0,0
1231289258,1525,1706,0,0
1231291258,1521,1703,0,0
1231293258,1518,1701,0,0
1231295258,1530,1705,0,0
1231297258,1518,1697,0,0
1231299258,1526,1705,0,0
1231301258,1523,1709,0,0
1231303258,1528,1703,0,0
1231305258,1529,1710,0,0
1231307258,1521,1702,0,0
1231309258,1515,1706,0,0
1231311258,1524,1707,0,0
1231313258,1528,1699,0,0
1231315258,1515,1705,0,0
1231317258,1521,1705,0,0
1231319258,1517,1701,0,0
1231321258,1523,1697,0,0
1231323258,1522,1710,0,0
1231325258,1525,1705,0,0
1231327258,1526,1707,0,0
1231329258,1518,1701,0,0
1231331258,1527,1705,0,0
1231333258,1525,1705,0,0
1231335258,1525,1709,0,0
1231337258,1524,1702,0,0
1231339258,1524,1702,0,0
1231341258,1524,1693,0,0
1231343258,1524,1702,0,0
1231345258,1517,1705,0,0
1231347258,1524,1709,0,0
1231349258,1533,1702,0,0
1231351258,1521,1705,0,0
1231353258,1521,1708,0,0
1231355258,1524,1705,0,0
1231357258,1521,1705,0,0
1231359258,1526,1708,0,0
1231361258,1525,1709,0,0
1231363258,1525,1706,0,0
1231365258,1520,1697,0,0
1231367258,1521,1708,0,0
1231369258,1525,1702,0,0
1231371258,1524,1711,0,0
1231373258,1526,1709,0,0
1231375258,1529,1707,0,0
1231377258,1524,1702,0,0
1231379258,1524,1694,0,0
1231381258,1516,1703,0,0
1231383258,1522,1696,0,0
1231385258,1523,1712,0,0
1231387258,1525,1705,0,0
1231389258,1528,1703,0,0
1231391258,1528,1699,0,0
1231393258,1524,1707,0,0
1231395258,1522,1705,0,0
1231397258,1525,1704,0,0
1231399258,1527,1705,0,0
1231401258,1526,1704,0,0
1231403258,1527,1709,0,0
1231405258,1528,1693,0,0
1231407258,1521,1704,0,0
1231409258,1525,1705,0,0
1231411258,1528,1701,0,0
1231413258,1520,1700,0,0
1231415258,1524,1697,0,0
1231417258,1525,1709,0,0
1231419258,1520,1712,0,0
1231421258,1524,1702,0,0
1231423258,1518,1701,0,0
1231425258,1523,1701,0,0
1231427258,1524,1703,0,0
1231429258,1525,1701,0,0
1231431258,1532,1710,0,0
1231433258,1522,1701,0,0
1231435258,1516,1707,0,0
1231437258,1523,1701,0,0
1231439258,1526,1700,0,0
1231441258,1523,1703,0,0
1231443258,1524,1701,0,0
1231445258,1524,1702,0,0
1231447258,1524,1714,0,0
1231449258,1517,1707,0,0
1231451258,1525,1709,0,0
1231453258,1525,1697,0,0
1231455258,1528,1705,0,0
1231457258,1521,1699,0,0
1231459258,1520,1708,0,0
1231461258,1525,1707,0,0
1231463258,1522,1707,0,0
1231465258,1524,1703,0,0
1231467258,1529,1709,0,0
1231469258,1522,1694,0,0
1231471258,1523,1699,0,0
1231473258,1521,1703,0,0
1231475258,1523,1714,0,0
1231477258,1523,1713,0,0
1231479258,1525,1699,0,0
1231481258,1524,1701,0,0
1231483258,1524,1704,0,0
1231485258,1525,1703,0,0
1231487258,1522,1706,0,0
1231489258,1525,1704,0,0
1231491258,1520,1715,0,0
1231493258,1523,1703,0,0
1231495258,1516,1697,0,0
1231497258,1525,1699,0,0
1231499258,1524,1705,0,0
1231501258,1524,1693,0,0
1231503258,1517,1707,0,0
1231505258,1520,1705,0,0
1231507258,1526,1704,0,0
1231509258,1524,1702,0,0
1231511258,1524,1712,0,0
1231513258,1520,1705,0,0
1231515258,1518,1700,0,0
1231517258,1524,1701,0,0
1231519258,1523,1707,0,0
1231521258,1521,1705,0,0
1231523258,1517,1707,0,0
1231525258,1525,1705,0,0
1231527258,1525,1705,0,0
1231529258,1525,1705,0,0
1231531258,1517,1705,0,0
1231533258,1516,1707,0,0
1231535258,1522,1705,0,0
1231537258,1524,1704,0,0
1231539258,1524,1694,0,0
1231541258,1517,1709,0,0
1231543258,1517,1705,0,0
1231545258,1521,1701,0,0
1231547258,1520,1697,0,0
1231549258,1520,1702,0,0
1231551258,1526,1703,0,0
1231553258,1526,1702,0,0
1231555258,1526,1711,0,0
1231557258,1517,1704,0,0
1231559258,1522,1702,0,0
1231561258,1524,1705,0,0
1231563258,1514,1702,0,0
1231565258,1518,1707,0,0
1231567258,1525,1701,0,0
1231569258,1524,1710,0,0
1231571258,1527,1699,0,0
1231573258,1522,1713,0,0
1231575258,1525,1703,0,0
1231577258,1525,1709,0,0
1231579258,1521,1705,0,0
1231581258,1528,1707,0,0
1231583258,1526,1703,0,0
1231585258,1524,1703,0,0
1231587258,1525,1701,0,0
1231589258,1522,1702,0,0
1231591258,1527,1706,0,0
1231593258,1515,1701,0,0
1231595258,1520,1705,0,0
1231597258,1524,1700,0,0
1231599258,1519,1712,0,0
1231601258,1529,1704,0,0
1231603258,1521,1703,0,0
1231605258,1514,1713,0,0
1231607258,1527,1712,0,0
1231609258,1527,1697,0,0
1231611258,1520,1703,0,0
1231613258,1524,1699,0,0
1231615258,1524,1702,0,0
1231617258,1523,1697,0,0
1231619258,1520,1704,0,0
1231621258,1526,1706,0,0
1231623258,1514,1709,0,0
1231625258,1518,1695,0,0
1231627258,1524,1699,0,0
1231629258,1524,1697,0,0
1231631258,1512,1701,0,0
1231633258,1520,1701,0,0
1231635258,1514,1709,0,0
1231637258,1517,1706,0,0
1231639258,1524,1699,0,0
1231641258,1524,1699,0,0
1231643258,1521,1699,0,0
1231645258,1526,1697,0,0
1231647258,1528,1706,0,0
1231649258,1524,1701,0,0
1231651258,1522,1704,0,0
1231653258,1529,1707,0,0
1231655258,1523,1703,0,0
1231657258,1524,1713,0,0
1231659258,1523,1702,0,0
1231661258,1515,1701,0,0
1231663258,1521,1702,0,0
1231665258,1526,1705,0,0
1231667258,1523,1693,0,0
1231669258,1525,1703,0,0
1231671258,1518,1706,0,0
1231673258,1524,1702,0,0
1231675258,1520,1702,0,0
1231677258,1524,1700,0,0
1231679258,1520,1702,0,0
1231681258,1520,1707,0,0
1231683258,1525,1705,0,0
1231685258,1520,1710,0,0
1231687258,1528,1697,0,0
1231689258,1517,1705,0,0
1231691258,1521,1699,0,0
1231693258,1521,1704,0,0
1231695258,1532,1713,0,0
1231697258,1524,1710,0,0
1231699258,1524,1704,0,0
1231701258,1531,1708,0,0
1231703258,1525,1707,0,0
1231705258,1525,1701,0,0
1231707258,1524,1706,0,0
1231709258,1521,1701,0,0
1231711258,1527,1694,0,0
1231713258,1526,1707,0,0
1231715258,1527,1705,0,0
1231717258,1524,1717,0,0
1231719258,1521,1706,0,0
1231721258,1524,1709,0,0
1231723258,1529,1703,0,0
1231725258,1527,1699,0,0
1231727258,1518,1701,0,0
1231729258,1517,1709,0,0
1231731258,1515,1701,0,0
1231733258,1522,1705,0,0
1231735258,1523,1705,0,0
1231737258,1521,1701,0,0
1231739258,1525,1703,0,0
1231741258,1525,1703,0,0
1231743258,1525,1701,0,0
1231745258,1522,1702,0,0
1231747258,1525,1706,0,0
1231749258,1518,1707,0,0
1231751258,1523,1705,0,0
1231753258,1524,1707,0,0
1231755258,1527,1699,0,0
1231757258,1522,1701,0,0
1231759258,1524,1704,0,0
1231761258,1520,1713,0,0
1231763258,1520,1709,0,0
1231765258,1524,1701,0,0
1231767258,1517,1704,0,0
1231769258,1524,1703,0,0
1231771258,1524,1704,0,0
1231773258,1514,1702,0,0
1231775258,1517,1700,0,0
1231777258,1524,1709,0,0
1231779258,1525,1709,0,0
1231781258,1520,1709,0,0
1231783258,1524,1704,0,0
1231785258,1526,1707,0,0
1231787258,1520,1702,0,0
1231789258,1521,1705,0,0
1231791258,1517,1702,0,0
1231793258,1520,1700,0,0
1231795258,1518,1702,0,0
1231797258,1524,1701,0,0
1231799258,1527,1712,0,0
1231801258,1523,1697,0,0
1231803258,1521,1705,0,0
1231805258,1518,1701,0,0
1231807258,1523,1706,0,0
1231809258,1525,1706,0,0
1231811258,1517,1700,0,0
1231813258,1530,1707,0,0
1231815258,1527,1704,0,0
1231817258,1525,1699,0,0
1231819258,1517,1697,0,0
1231821258,1524,1699,0,0
1231823258,1524,1709,0,0
1231825258,1526,1709,0,0
1231827258,1529,1702,0,0
1231829258,1516,1705,0,0
1231831258,1515,1702,0,0
1231833258,1524,1705,0,0
1231835258,1518,1701,0,0
1231837258,1518,1704,0,0
1231839258,1524,1697,0,0
1231841258,1524,1709,0,0
1231843258,1520,1709,0,0
1231845258,1521,1707,0,0
1231847258,1524,1701,0,0
1231849258,1528,1706,0,0
1231851258,1524,1705,0,0
1231853258,1520,1706,0,0
1231855258,1520,1696,0,0
1231857258,1513,1693,0,0
1231859258,1518,1697,0,0
1231861258,1521,1704,0,0
1231863258,1521,1704,0,0
1231865258,1527,1703,0,0
1231867258,1525,1713,0,0
1231869258,1515,1707,0,0
1231871258,1531,1713,0,0
1231873258,1526,1705,0,0
1231875258,1516,1702,0,0
1231877258,1524,1703,0,0
1231879258,1524,1697,0,0
1231881258,1530,1709,0,0
1231883258,1524,1705,0,0
1231885258,1526,1701,0,0
1231887258,1530,1705,0,0
1231889258,1525,1704,0,0
1231891258,1525,1705,0,0
1231893258,1523,1709,0,0
1231895258,1518,1702,0,0
1231897258,1524,1709,0,0
1231899258,1521,1704,0,0
1231901258,1530,1697,0,0
1231903258,1524,1696,0,0
1231905258,1517,1707,0,0
1231907258,1526,1707,0,0
1231909258,1523,1706,0,0
1231911258,1522,1704,0,0
1231913258,1523,1701,0,0
1231915258,1516,1705,0,0
1231917258,1526,1697,0,0
1231919258,1521,1703,0,0
1231921258,1518,1704,255,1
1231923258,1516,1657,255,1
1231925258,1500,1609,255,1
1231927258,1496,1570,255,1
1231929258,1487,1531,255,1
1231931258,1473,1486,255,1
1231933258,1469,1452,255,1
1231935258,1461,1412,255,1
1231937258,1461,1371,255,1
1231939258,1441,1347,255,1
1231941258,1436,1322,255,1
1231943258,1428,1287,255,1
1231945258,1427,1269,255,1
1231947258,1423,1254,255,1
1231949258,1416,1223,255,1
1231951258,1411,1205,255,1
1231953258,1416,1185,255,1
1231955258,1402,1167,255,1
1231957258,1403,1154,255,1
1231959258,1402,1142,255,1
1231961258,1396,1127,255,1
1231963258,1395,1119,255,1
1231965258,1395,1111,255,1
1231967258,1384,1098,255,1
1231969258,1371,1082,255,1
1231971258,1384,1079,255,1
1231973258,1371,1067,255,1
1231975258,1371,1061,255,1
1231977258,1371,1052,255,1
1231979258,1371,1064,255,1
1231981258,1370,1044,255,1
1231983258,1370,1051,255,1
1231985258,1361,1029,255,1
1231987258,1371,1031,255,1
1231989258,1371,1028,255,1
1231991258,1369,1027,255,1
1231993258,1360,1023,255,1
1231995258,1368,1025,255,1
1231997258,1371,1019,255,1
1231999258,1368,1011,255,1
1232001258,1369,1017,255,1
1232003258,1366,1013,255,1
1232005258,1368,1013,255,1
1232007258,1360,1007,255,1
1232009258,1360,1013,255,1
1232011258,1357,1008,255,1
1232013258,1357,1013,255,1
1232015258,1357,1003,255,1
1232017258,1363,1007,255,1
1232019258,1358,1011,255,1
1232021258,1360,1003,255,1
1232023258,1352,1006,255,1
1232025258,1359,1000,255,1
1232027258,1358,1001,255,1
1232029258,1359,1000,255,1
1232031258,1352,995,255,1
1232033258,1353,1000,255,1
1232035258,1339,1002,255,1
1232037258,1342,999,255,1
1232039258,1342,998,255,1
1232041258,1332,999,255,1
1232043258,1339,996,255,1
1232045258,1329,995,255,1
1232047258,1324,1000,255,1
1232049258,1320,995,255,1
1232051258,1300,988,255,1
1232053258,1294,987,255,1
1232055258,1282,983,255,1
1232057258,1273,987,255,1
1232059258,1256,985,255,1
1232061258,1242,986,255,1
1232063258,1218,980,255,1
1232065258,1197,992,255,1
1232067258,1167,1107,255,1
1232069258,1131,1231,255,1
1232071258,1127,1235,0,1
1232073258,1164,1282,0,1
1232075258,1175,1311,0,1
1232077258,1205,1350,0,1
1232079258,1226,1371,0,1
1232081258,1252,1410,0,1
1232083258,1269,1432,0,1
1232085258,1281,1446,0,1
1232087258,1303,1475,0,1
1232089258,1317,1489,0,1
1232091258,1328,1505,0,1
1232093258,1336,1518,0,1
1232095258,1348,1538,0,1
1232097258,1364,1555,0,1
1232099258,1371,1565,0,1
1232101258,1371,1576,0,1
1232103258,1392,1588,0,1
1232105258,1399,1600,0,1
1232107258,1411,1602,0,1
1232109258,1417,1615,0,1
1232111258,1421,1621,0,1
1232113258,1430,1630,0,1
1232115258,1433,1641,0,1
1232117258,1441,1645,0,1
1232119258,1436,1645,0,1
1232121258,1452,1656,0,0
1232123258,1449,1656,0,0
1232125258,1460,1666,0,0
1232127258,1457,1665,0,0
1232129258,1463,1665,0,0
1232131258,1470,1677,0,0
1232133258,1461,1675,0,0
1232135258,1470,1678,0,0
1232137258,1469,1687,0,0
1232139258,1477,1686,0,0
1232141258,1476,1687,0,0
1232143258,1484,1683,0,0
1232145258,1480,1691,0,0
1232147258,1492,1692,0,0
1232149258,1488,1692,0,0
1232151258,1486,1693,0,0
1232153258,1494,1694,0,0
1232155258,1496,1695,0,0
1232157258,1500,1697,0,0
1232159258,1497,1700,0,0
1232161258,1495,1696,0,0
1232163258,1500,1704,0,0
1232165258,1497,1694,0,0
1232167258,1495,1707,0,0
1232169258,1500,1701,0,0
1232171258,1488,1705,0,0
1232173258,1496,1697,0,0
1232175258,1499,1692,0,0
1232177258,1497,1700,0,0
1232179258,1496,1709,0,0
1232181258,1499,1702,0,0
1232183258,1504,1703,0,0
1232185258,1503,1706,0,0
1232187258,1499,1706,0,0
1232189258,1502,1697,0,0
1232191258,1496,1704,0,0
1232193258,1500,1706,0,0
1232195258,1492,1713,0,0
1232197258,1452,1701,0,0
1232199258,1489,1701,0,0
1232201258,1458,1702,0,0
1232203258,1466,1707,0,0
1232205258,1475,1709,0,0
1232207258,1483,1705,0,0
1232209258,1476,1697,0,0
1232211258,1476,1702,0,0
1232213258,1480,1700,0,0
1232215258,1477,1709,0,0
1232217258,1476,1709,0,0
1232219258,1476,1695,0,0
1232221258,1481,1703,0,0
1232223258,1476,1709,0,0
1232225258,1484,1704,0,0
1232227258,1487,1703,0,0
1232229258,1479,1701,0,0
1232231258,1486,1705,0,0
1232233258,1476,1697,0,0
1232235258,1488,1707,0,0
1232237258,1484,1703,0,0
1232239258,1480,1704,0,0
1232241258,1485,1706,0,0
1232243258,1480,1707,0,0
1232245258,1484,1708,0,0
1232247258,1476,1710,0,0
1232249258,1487,1705,0,0
1232251258,1487,1703,0,0
1232253258,1480,1709,0,0
1232255258,1486,1704,0,0
1232257258,1484,1701,0,0
1232259258,1486,1706,0,0
1232261258,1484,1707,0,0
1232263258,1485,1710,0,0
1232265258,1488,1704,0,0
1232267258,1484,1706,0,0
1232269258,1485,1705,0,0
1232271258,1488,1704,0,0
1232273258,1488,1693,0,0
1232275258,1487,1696,0,0
1232277258,1480,1706,0,0
1232279258,1485,1713,0,0
1232281258,1483,1705,0,0
1232283258,1487,1697,0,0
1232285258,1494,1692,0,0
1232287258,1485,1704,0,0
1232289258,1491,1701,0,0
1232291258,1488,1704,0,0
1232293258,1486,1697,0,0
1232295258,1489,1701,0,0
1232297258,1489,1706,0,0
1232299258,1488,1708,0,0
1232301258,1496,1709,0,0
1232303258,1489,1704,0,0
1232305258,1495,1706,0,0
1232307258,1491,1703,0,0
1232309258,1486,1709,0,0
1232311258,1489,1704,0,0
1232313258,1488,1704,0,0
1232315258,1489,1697,0,0
1232317258,1498,1702,0,0
1232319258,1489,1697,0,0
1232321258,1486,1702,0,0
1232323258,1489,1699,0,0
1232325258,1495,1703,0,0
1232327258,1489,1704,0,0
1232329258,1488,1705,0,0
1232331258,1487,1700,0,0
1232333258,1491,1705,0,0
1232335258,1492,1697,0,0
1232337258,1489,1705,0,0
1232339258,1488,1707,0,0
1232341258,1489,1704,0,0
1232343258,1487,1699,0,0
1232345258,1491,1701,0,0
1232347258,1488,1704,0,0
1232349258,1488,1705,0,0
1232351258,1492,1704,0,0
1232353258,1496,1704,0,0
1232355258,1491,1705,0,0
1232357258,1491,1704,0,0
1232359258,1492,1697,0,0
1232361258,1497,1705,0,0
1232363258,1495,1706,0,0
1232365258,1494,1705,0,0
1232367258,1492,1705,0,0
1232369258,1491,1702,0,0
1232371258,1496,1710,0,0
1232373258,1489,1705,0,0
1232375258,1496,1697,0,0
1232377258,1487,1705,0,0
1232379258,1498,1703,0,0
1232381258,1494,1700,0,0
1232383258,1495,1707,0,0
1232385258,1490,1705,0,0
1232387258,1486,1709,0,0
1232389258,1496,1697,0,0
1232391258,1497,1702,0,0
1232393258,1496,1704,0,0
1232395258,1500,1704,0,0
1232397258,1499,1699,0,0
1232399258,1495,1705,0,0
1232401258,1498,1708,0,0
1232403258,1496,1705,0,0
1232405258,1498,1704,0,0
1232407258,1488,1706,0,0
1232409258,1499,1703,0,0
1232411258,1499,1705,0,0
1232413258,1498,1702,0,0
1232415258,1500,1701,0,0
1232417258,1496,1707,0,0
1232419258,1494,1702,0,0
1232421258,1498,1697,0,0
1232423258,1496,1702,0,0
1232425258,1496,1707,0,0
1232427258,1504,1709,0,0
1232429258,1497,1709,0,0
1232431258,1499,1703,0,0
1232433258,1496,1707,0,0
1232435258,1491,1705,0,0
1232437258,1504,1707,0,0
1232439258,1501,1696,0,0
1232441258,1494,1707,0,0
1232443258,1495,1704,0,0
1232445258,1496,1699,0,0
1232447258,1492,1710,0,0
1232449258,1491,1706,0,0
1232451258,1496,1705,0,0
1232453258,1499,1709,0,0
1232455258,1498,1709,0,0
1232457258,1497,1706,0,0
1232459258,1497,1714,0,0
1232461258,1494,1704,0,0
1232463258,1504,1699,0,0
1232465258,1500,1703,0,0
1232467258,1495,1705,0,0
1232469258,1495,1707,0,0
1232471258,1500,1714,0,0
1232473258,1496,1710,0,0
1232475258,1500,1709,0,0
1232477258,1497,1704,0,0
1232479258,1494,1701,0,0
1232481258,1496,1705,0,0
1232483258,1499,1705,0,0
1232485258,1497,1703,0,0
1232487258,1497,1705,0,0
1232489258,1491,1702,0,0
1232491258,1503,1701,0,0
1232493258,1499,1709,0,0
1232495258,1491,1705,0,0
1232497258,1502,1704,0,0
1232499258,1501,1699,0,0
1232501258,1495,1704,0,0
1232503258,1499,1706,0,0
1232505258,1493,1706,0,0
1232507258,1494,1700,0,0
1232509258,1496,1710,0,0
1232511258,1498,1697,0,0
1232513258,1497,1696,0,0
1232515258,1488,1705,0,0
1232517258,1497,1700,0,0
1232519258,1496,1705,0,0
1232521258,1496,1705,0,0
1232523258,1494,1705,0,0
1232525258,1496,1710,0,0
1232527258,1492,1706,0,0
1232529258,1499,1699,0,0
1232531258,1493,1709,0,0
1232533258,1498,1696,0,0
1232535258,1494,1710,0,0
1232537258,1491,1704,0,0
1232539258,1487,1704,0,0
1232541258,1489,1706,0,0
1232543258,1490,1706,0,0
1232545258,1496,1708,0,0
1232547258,1495,1704,0,0
1232549258,1496,1705,0,0
1232551258,1487,1706,0,0
1232553258,1492,1710,0,0
1232555258,1494,1706,0,0
1232557258,1500,1705,0,0
1232559258,1496,1702,0,0
1232561258,1500,1704,0,0
1232563258,1489,1705,0,0
1232565258,1496,1706,0,0
1232567258,1496,1701,0,0
1232569258,1492,1704,0,0
1232571258,1488,1701,0,0
1232573258,1488,1708,0,0
1232575258,1497,1700,0,0
1232577258,1504,1703,0,0
1232579258,1500,1693,0,0
1232581258,1499,1702,0,0
1232583258,1491,1704,0,0
1232585258,1489,1705,0,0
1232587258,1489,1702,0,0
1232589258,1501,1712,0,0
1232591258,1497,1705,0,0
1232593258,1504,1699,0,0
1232595258,1497,1704,0,0
1232597258,1497,1706,0,0
1232599258,1497,1713,0,0
1232601258,1496,1705,0,0
1232603258,1498,1701,0,0
1232605258,1499,1697,0,0
1232607258,1494,1703,0,0
1232609258,1489,1707,0,0
1232611258,1497,1706,0,0
1232613258,1502,1697,0,0
1232615258,1496,1705,0,0
1232617258,1499,1708,0,0
1232619258,1495,1707,0,0
1232621258,1496,1706,0,0
1232623258,1504,1707,0,0
1232625258,1498,1699,0,0
1232627258,1503,1701,0,0
1232629258,1501,1703,0,0
1232631258,1495,1701,0,0
1232633258,1489,1710,0,0
1232635258,1502,1709,0,0
1232637258,1504,1713,0,0
1232639258,1502,1702,0,0
1232641258,1499,1701,0,0
1232643258,1504,1705,0,0
1232645258,1496,1708,0,0
1232647258,1501,1709,0,0
1232649258,1502,1706,0,0
1232651258,1500,1704,0,0
1232653258,1496,1705,0,0
1232655258,1500,1695,0,0
1232657258,1496,1703,0,0
1232659258,1498,1705,0,0
1232661258,1494,1705,0,0
1232663258,1495,1709,0,0
1232665258,1503,1705,0,0
1232667258,1497,1705,0,0
1232669258,1488,1709,0,0
1232671258,1501,1707,0,0
1232673258,1496,1697,0,0
1232675258,1489,1703,0,0
1232677258,1499,1703,0,0
1232679258,1495,1697,0,0
1232681258,1499,1705,0,0
1232683258,1495,1703,0,0
1232685258,1500,1705,0,0
1232687258,1496,1702,0,0
1232689258,1496,1709,0,0
1232691258,1499,1705,0,0
1232693258,1501,1705,0,0
1232695258,1491,1705,0,0
1232697258,1497,1701,0,0
1232699258,1508,1704,0,0
1232701258,1499,1706,0,0
1232703258,1502,1705,0,0
1232705258,1492,1705,0,0
1232707258,1500,1704,0,0
1232709258,1500,1701,0,0
1232711258,1498,1712,0,0
1232713258,1504,1699,0,0
1232715258,1495,1709,0,0
1232717258,1500,1709,0,0
1232719258,1503,1709,0,0
1232721258,1496,1701,0,0
1232723258,1495,1709,0,0
1232725258,1499,1694,0,0
1232727258,1494,1705,0,0
1232729258,1492,1705,0,0
1232731258,1494,1709,0,0
1232733258,1499,1701,0,0
1232735258,1500,1703,0,0
1232737258,1504,1701,0,0
1232739258,1500,1703,0,0
1232741258,1496,1707,0,0
1232743258,1500,1706,0,0
1232745258,1500,1701,0,0
1232747258,1504,1710,0,0
1232749258,1498,1701,0,0
1232751258,1497,1696,0,0
1232753258,1500,1708,0,0
1232755258,1497,1702,0,0
1232757258,1496,1703,0,0
1232759258,1504,1709,0,0
1232761258,1500,1707,0,0
1232763258,1496,1704,0,0
1232765258,1496,1706,0,0
1232767258,1502,1703,0,0
1232769258,1487,1702,0,0
1232771258,1501,1706,0,0
1232773258,1504,1704,0,0
1232775258,1498,1701,0,0
1232777258,1496,1695,0,0
1232779258,1500,1701,0,0
1232781258,1498,1694,0,0
1232783258,1503,1699,0,0
1232785258,1502,1704,0,0
1232787258,1487,1705,0,0
1232789258,1500,1702,0,0
1232791258,1504,1710,0,0
1232793258,1510,1705,0,0
1232795258,1496,1701,0,0
1232797258,1498,1697,0,0
1232799258,1502,1705,0,0
1232801258,1496,1705,0,0
1232803258,1499,1706,0,0
1232805258,1498,1703,0,0
1232807258,1508,1704,0,0
1232809258,1501,1701,0,0
1232811258,1501,1705,0,0
1232813258,1497,1709,0,0
1232815258,1500,1712,0,0
1232817258,1487,1708,0,0
1232819258,1512,1707,0,0
1232821258,1497,1705,0,0
1232823258,1508,1695,0,0
1232825258,1496,1703,0,0
1232827258,1500,1705,0,0
1232829258,1505,1713,0,0
1232831258,1500,1705,0,0
1232833258,1494,1697,0,0
1232835258,1487,1707,0,0
1232837258,1497,1697,0,0
1232839258,1498,1713,0,0
1232841258,1496,1705,0,0
1232843258,1502,1700,0,0
1232845258,1500,1708,0,0
1232847258,1489,1709,0,0
1232849258,1492,1705,0,0
1232851258,1502,1701,0,0
1232853258,1495,1697,0,0
1232855258,1494,1706,0,0
1232857258,1501,1701,0,0
1232859258,1501,1708,0,0
1232861258,1500,1696,0,0
1232863258,1496,1707,0,0
1232865258,1499,1699,0,0
1232867258,1503,1707,0,0
1232869258,1504,1712,0,0
1232871258,1500,1704,255,1
1232873258,1488,1650,255,1
1232875258,1482,1608,255,1
1232877258,1468,1564,255,1
1232879258,1461,1534,255,1
1232881258,1457,1488,255,1
1232883258,1444,1454,255,1
1232885258,1440,1415,255,1
1232887258,1431,1387,255,0
1232889258,1423,1341,255,0
1232891258,1421,1328,255,0
1232893258,1414,1293,255,0
1232895258,1405,1273,255,0
1232897258,1406,1248,255,0
1232899258,1395,1226,255,0
1232901258,1387,1205,255,0
1232903258,1371,1180,255,0
1232905258,1384,1168,255,0
1232907258,1371,1150,255,0
1232909258,1371,1139,255,0
1232911258,1371,1129,255,0
1232913258,1361,1113,255,0
1232915258,1368,1103,255,0
1232917258,1359,1098,255,0
1232919258,1352,1087,255,0
1232921258,1359,1075,255,0
1232923258,1359,1063,255,0
1232925258,1355,1066,255,0
1232927258,1351,1052,255,0
1232929258,1355,1047,255,0
1232931258,1355,1047,255,0
1232933258,1348,1038,255,0
1232935258,1354,1039,255,0
1232937258,1355,1028,255,0
1232939258,1348,1027,255,0
1232941258,1347,1026,255,0
1232943258,1344,1021,255,0
1232945258,1350,1019,255,0
1232947258,1354,1024,255,0
1232949258,1343,1019,255,0
1232951258,1348,1017,255,0
1232953258,1341,1013,255,0
1232955258,1345,1018,255,0
1232957258,1334,1013,255,0
1232959258,1337,1005,255,0
1232961258,1341,1006,255,0
1232963258,1336,1009,255,0
1232965258,1338,1005,255,0
1232967258,1337,1010,255,0
1232969258,1334,999,255,0
1232971258,1330,1000,255,0
1232973258,1333,1008,255,0
1232975258,1325,993,255,0
1232977258,1327,1000,255,0
1232979258,1324,992,255,0
1232981258,1319,989,255,0
1232983258,1312,998,255,0
1232985258,1308,992,255,0
1232987258,1304,1000,255,0
1232989258,1292,995,255,0
1232991258,1282,985,255,0
1232993258,1269,983,255,0
1232995258,1256,989,255,0
1232997258,1236,984,255,0
1232999258,1228,971,255,0
1233001258,1201,980,255,0
1233003258,1184,983,255,0
1233005258,1154,1006,255,0
1233007258,1111,1215,255,0
1233009258,1095,1272,255,0
1233011258,1100,1281,255,0
1233013258,1092,1274,255,0
1233015258,1093,1276,255,0
1233017258,1091,1273,255,0
1233019258,1091,1270,255,0
1233021258,1095,1274,0,0
1233023258,1111,1316,0,0
1233025258,1150,1337,0,0
1233027258,1167,1371,0,0
1233029258,1200,1402,0,0
1233031258,1216,1426,0,0
1233033258,1236,1448,0,0
1233035258,1256,1466,0,0
1233037258,1269,1487,0,0
1233039258,1290,1512,0,0
1233041258,1304,1515,0,0
1233043258,1320,1531,0,0
1233045258,1333,1549,0,0
1233047258,1349,1556,0,0
1233049258,1358,1573,0,0
1233051258,1357,1584,0,0
1233053258,1371,1590,0,0
1233055258,1385,1611,0,0
1233057258,1393,1614,0,0
1233059258,1404,1621,0,0
1233061258,1412,1627,0,0
1233063258,1415,1628,0,0
1233065258,1423,1641,0,0
1233067258,1431,1644,0,0
1233069258,1429,1649,0,0
1233071258,1438,1656,0,0
1233073258,1440,1653,0,0
1233075258,1444,1666,0,0
1233077258,1450,1669,0,0
1233079258,1454,1667,0,0
1233081258,1465,1671,0,0
1233083258,1452,1679,0,0
1233085258,1467,1685,0,0
1233087258,1474,1681,0,0
1233089258,1475,1679,0,0
1233091258,1466,1687,0,0
1233093258,1478,1692,0,0
1233095258,1473,1687,0,0
1233097258,1481,1692,0,0
1233099258,1487,1690,0,0
1233101258,1483,1696,0,0
1233103258,1485,1691,0,0
1233105258,1485,1696,0,0
1233107258,1487,1700,0,0
1233109258,1484,1692,0,0
1233111258,1488,1697,0,0
1233113258,1490,1699,0,0
1233115258,1489,1692,0,0
1233117258,1494,1702,0,0
1233119258,1488,1703,0,0
1233121258,1490,1693,0,0
1233123258,1487,1694,0,0
1233125258,1504,1692,0,0
1233127258,1498,1704,0,0
1233129258,1503,1703,0,0
1233131258,1496,1693,0,0
1233133258,1493,1701,0,0
1233135258,1501,1693,0,0
1233137258,1492,1705,0,0
1233139258,1500,1707,0,0
1233141258,1504,1701,0,0
1233143258,1504,1701,0,0
1233145258,1499,1707,0,0
1233147258,1497,1709,0,0
1233149258,1494,1704,0,0
1233151258,1487,1702,0,0
1233153258,1488,1694,0,0
1233155258,1499,1705,0,0
1233157258,1487,1701,0,0
1233159258,1500,1704,0,0
1233161258,1487,1705,0,0
1233163258,1495,1702,0,0
1233165258,1498,1700,0,0
1233167258,1497,1701,0,0
1233169258,1492,1693,0,0
1233171258,1490,1697,0,0
1233173258,1504,1697,0,0
1233175258,1496,1706,0,0
1233177258,1492,1709,0,0
1233179258,1500,1705,0,0
1233181258,1497,1713,0,0
1233183258,1498,1704,0,0
1233185258,1505,1699,0,0
1233187258,1497,1705,0,0
1233189258,1498,1705,0,0
1233191258,1494,1697,0,0
1233193258,1491,1700,0,0
1233195258,1492,1696,0,0
1233197258,1500,1709,0,0
1233199258,1490,1709,0,0
1233201258,1500,1697,0,0
1233203258,1492,1707,0,0
1233205258,1500,1706,0,0
1233207258,1500,1712,0,0
1233209258,1498,1713,0,0
1233211258,1498,1700,0,0
1233213258,1500,1705,0,0
1233215258,1498,1702,0,0
1233217258,1502,1702,0,0
1233219258,1491,1709,0,0
1233221258,1491,1705,0,0
1233223258,1498,1705,0,0
1233225258,1499,1705,0,0
1233227258,1492,1694,0,0
1233229258,1494,1706,0,0
1233231258,1501,1705,0,0
1233233258,1489,1703,0,0
1233235258,1494,1704,0,0
1233237258,1504,1694,0,0
1233239258,1496,1700,0,0
1233241258,1500,1697,0,0
1233243258,1492,1705,0,0
1233245258,1500,1706,0,0
1233247258,1492,1703,0,0
1233249258,1494,1704,0,0
1233251258,1490,1703,0,0
1233253258,1494,1701,0,0
1233255258,1495,1704,0,0
1233257258,1488,1709,0,0
1233259258,1487,1705,0,0
1233261258,1491,1709,0,0
1233263258,1488,1702,0,0
1233265258,1492,1703,0,0
1233267258,1494,1704,0,0
1233269258,1475,1707,0,0
1233271258,1472,1700,0,0
1233273258,1472,1702,0,0
1233275258,1474,1697,0,0
1233277258,1475,1702,0,0
1233279258,1483,1697,0,0
1233281258,1487,1703,0,0
1233283258,1479,1704,0,0
1233285258,1487,1708,0,0
1233287258,1484,1706,0,0
1233289258,1483,1700,0,0
1233291258,1488,1702,0,0
1233293258,1495,1705,0,0
1233295258,1489,1701,0,0
1233297258,1489,1701,0,0
1233299258,1487,1702,0,0
1233301258,1488,1707,0,0
1233303258,1488,1706,0,0
1233305258,1487,1704,0,0
1233307258,1491,1694,0,0
1233309258,1489,1703,0,0
1233311258,1496,1707,0,0
1233313258,1497,1703,0,0
1233315258,1488,1717,0,0
1233317258,1494,1717,0,0
1233319258,1492,1706,0,0
1233321258,1498,1705,0,0
1233323258,1492,1709,0,0
1233325258,1498,1702,0,0
1233327258,1488,1704,0,0
1233329258,1491,1703,0,0
1233331258,1494,1700,0,0
1233333258,1486,1697,0,0
1233335258,1496,1697,0,0
1233337258,1495,1706,0,0
1233339258,1491,1701,0,0
1233341258,1492,1704,0,0
1233343258,1492,1702,0,0
1233345258,1492,1699,0,0
1233347258,1492,1706,0,0
1233349258,1492,1704,0,0
1233351258,1500,1705,0,0
1233353258,1495,1697,0,0
1233355258,1500,1709,0,0
1233357258,1491,1700,0,0
1233359258,1499,1707,0,0
1233361258,1501,1697,0,0
1233363258,1500,1701,0,0
1233365258,1496,1705,0,0
1233367258,1492,1707,0,0
1233369258,1492,1701,0,0
1233371258,1491,1713,0,0
1233373258,1496,1705,0,0
1233375258,1496,1702,0,0
1233377258,1492,1702,0,0
1233379258,1498,1702,0,0
1233381258,1502,1705,0,0
1233383258,1499,1701,0,0
1233385258,1491,1705,0,0
1233387258,1505,1703,0,0
1233389258,1496,1705,0,0
1233391258,1496,1709,0,0
1233393258,1494,1709,0,0
1233395258,1500,1702,0,0
1233397258,1494,1705,0,0
1233399258,1492,1700,0,0
1233401258,1494,1704,0,0
1233403258,1494,1710,0,0
1233405258,1491,1715,0,0
1233407258,1491,1709,0,0
1233409258,1512,1702,0,0
1233411258,1490,1707,0,0
1233413258,1491,1701,0,0
1233415258,1491,1697,0,0
1233417258,1499,1710,0,0
1233419258,1500,1700,0,0
1233421258,1491,1709,0,0
1233423258,1496,1709,0,0
1233425258,1493,1705,0,0
1233427258,1496,1707,0,0
1233429258,1492,1704,0,0
1233431258,1491,1705,0,0
1233433258,1497,1709,0,0
1233435258,1495,1706,0,0
1233437258,1490,1710,0,0
1233439258,1498,1703,0,0
1233441258,1500,1705,0,0
1233443258,1501,1701,0,0
1233445258,1502,1700,0,0
1233447258,1496,1710,0,0
1233449258,1499,1712,0,0
1233451258,1496,1703,0,0
1233453258,1487,1709,0,0
1233455258,1497,1705,0,0
1233457258,1492,1709,0,0
1233459258,1489,1696,0,0
1233461258,1489,1709,0,0
1233463258,1496,1699,0,0
1233465258,1494,1715,0,0
1233467258,1500,1704,0,0
1233469258,1498,1707,0,0
1233471258,1502,1707,0,0
1233473258,1492,1697,0,0
1233475258,1494,1708,0,0
1233477258,1488,1701,0,0
1233479258,1497,1709,0,0
1233481258,1499,1704,0,0
1233483258,1498,1704,0,0
1233485258,1498,1704,0,0
1233487258,1491,1704,0,0
1233489258,1500,1706,0,0
1233491258,1500,1704,0,0
1233493258,1499,1705,0,0
1233495258,1498,1708,0,0
1233497258,1503,1707,0,0
1233499258,1496,1709,0,0
1233501258,1499,1697,0,0
1233503258,1495,1702,0,0
1233505258,1492,1703,0,0
1233507258,1499,1697,0,0
1233509258,1502,1709,0,0
1233511258,1497,1709,0,0
1233513258,1500,1709,0,0
1233515258,1505,1705,0,0
1233517258,1501,1700,0,0
1233519258,1504,1705,0,0
1233521258,1489,1705,0,0
1233523258,1501,1702,0,0
1233525258,1496,1709,0,0
1233527258,1500,1702,0,0
1233529258,1499,1707,0,0
1233531258,1501,1702,0,0
1233533258,1496,1701,0,0
1233535258,1500,1712,0,0
1233537258,1491,1706,0,0
1233539258,1504,1705,0,0
1233541258,1497,1700,0,0
1233543258,1498,1701,0,0
1233545258,1498,1709,0,0
1233547258,1502,1695,0,0
1233549258,1496,1704,0,0
1233551258,1497,1703,0,0
1233553258,1501,1702,0,0
1233555258,1495,1714,0,0
1233557258,1500,1699,0,0
1233559258,1492,1703,0,0
1233561258,1498,1702,0,0
1233563258,1500,1701,0,0
1233565258,1498,1701,0,0
1233567258,1500,1713,0,0
1233569258,1492,1704,0,0
1233571258,1502,1708,0,0
1233573258,1502,1707,0,0
1233575258,1501,1705,0,0
1233577258,1497,1707,0,0
1233579258,1500,1702,0,0
1233581258,1494,1692,0,0
1233583258,1499,1712,0,0
1233585258,1500,1705,0,0
1233587258,1501,1702,0,0
1233589258,1486,1696,0,0
1233591258,1500,1704,0,0
1233593258,1492,1708,0,0
1233595258,1505,1708,0,0
1233597258,1494,1702,0,0
1233599258,1494,1700,0,0
1233601258,1499,1709,0,0
1233603258,1500,1705,0,0
1233605258,1498,1710,0,0
1233607258,1492,1703,0,0
1233609258,1498,1701,0,0
1233611258,1489,1696,0,0
1233613258,1495,1708,0,0
1233615258,1494,1703,0,0
1233617258,1492,1705,0,0
1233619258,1495,1706,0,0
1233621258,1500,1700,0,0
1233623258,1497,1702,0,0
1233625258,1499,1706,0,0
1233627258,1508,1705,0,0
1233629258,1500,1708,0,0
1233631258,1488,1702,0,0
1233633258,1497,1697,0,0
1233635258,1499,1697,0,0
1233637258,1488,1703,0,0
1233639258,1499,1702,0,0
1233641258,1500,1697,0,0
1233643258,1499,1709,0,0
1233645258,1493,1701,0,0
1233647258,1499,1697,0,0
1233649258,1497,1709,0,0
1233651258,1498,1707,0,0
1233653258,1500,1700,0,0
1233655258,1495,1699,0,0
1233657258,1496,1702,0,0
1233659258,1496,1704,0,0
1233661258,1501,1704,0,0
1233663258,1500,1710,0,0
1233665258,1497,1704,0,0
1233667258,1499,1702,0,0
1233669258,1495,1700,0,0
1233671258,1496,1705,0,0
1233673258,1495,1706,0,0
1233675258,1499,1707,0,0
1233677258,1500,1703,0,0
1233679258,1499,1707,0,0
1233681258,1504,1705,0,0
1233683258,1497,1709,0,0
1233685258,1496,1709,0,0
1233687258,1499,1709,0,0
1233689258,1500,1705,0,0
1233691258,1501,1702,0,0
1233693258,1504,1701,0,0
1233695258,1495,1704,0,0
1233697258,1500,1706,0,0
1233699258,1500,1701,0,0
1233701258,1507,1705,0,0
1233703258,1500,1704,0,0
1233705258,1497,1707,0,0
1233707258,1495,1705,0,0
1233709258,1494,1706,0,0
1233711258,1508,1709,0,0
1233713258,1500,1702,0,0
1233715258,1500,1697,0,0
1233717258,1496,1705,0,0
1233719258,1497,1700,0,0
1233721258,1499,1709,0,0
1233723258,1500,1704,0,0
1233725258,1498,1702,0,0
1233727258,1500,1705,0,0
1233729258,1496,1701,0,0
1233731258,1500,1705,0,0
1233733258,1500,1693,0,0
1233735258,1504,1705,0,0
1233737258,1501,1709,0,0
1233739258,1495,1704,0,0
1233741258,1500,1702,0,0
1233743258,1500,1710,0,0
1233745258,1500,1703,0,0
1233747258,1492,1712,0,0
1233749258,1491,1710,0,0
1233751258,1501,1706,0,0
1233753258,1496,1705,0,0
1233755258,1500,1711,0,0
1233757258,1500,1707,0,0
1233759258,1501,1707,0,0
1233761258,1501,1700,0,0
1233763258,1495,1705,0,0
1233765258,1502,1702,0,0
1233767258,1497,1702,0,0
1233769258,1505,1705,0,0
1233771258,1500,1700,0,0
1233773258,1496,1709,0,0
1233775258,1499,1701,0,0
1233777258,1498,1706,0,0
1233779258,1500,1700,0,0
1233781258,1500,1705,0,0
1233783258,1497,1705,0,0
1233785258,1508,1697,0,0
1233787258,1500,1705,0,0
1233789258,1491,1713,0,0
1233791258,1498,1709,0,0
1233793258,1497,1702,0,0
1233795258,1497,1706,0,0
1233797258,1504,1701,0,0
1233799258,1497,1709,0,0
1233801258,1499,1701,0,0
1233803258,1495,1705,0,0
1233805258,1500,1704,0,0
1233807258,1504,1709,0,0
1233809258,1504,1704,0,0
1233811258,1492,1699,0,0
1233813258,1500,1707,0,0
1233815258,1492,1708,0,0
1233817258,1502,1712,0,0
1233819258,1498,1705,0,0
1233821258,1501,1713,255,1
1233823258,1488,1653,255,1
1233825258,1476,1615,255,1
1233827258,1475,1563,255,1
1233829258,1463,1525,255,1
1233831258,1451,1485,255,1
1233833258,1448,1453,255,1
1233835258,1436,1415,255,1
1233837258,1425,1371,255,0
1233839258,1431,1342,255,0
1233841258,1420,1315,255,0
1233843258,1416,1300,255,0
1233845258,1404,1260,255,0
1233847258,1399,1243,255,0
1233849258,1395,1225,255,0
1233851258,1389,1205,255,0
1233853258,1385,1188,255,0
1233855258,1371,1167,255,0
1233857258,1371,1158,255,0
1233859258,1369,1142,255,0
1233861258,1364,1124,255,0
1233863258,1368,1119,255,0
1233865258,1368,1095,255,0
1233867258,1368,1095,255,0
1233869258,1360,1079,255,0
1233871258,1359,1071,255,0
1233873258,1354,1073,255,0
1233875258,1347,1063,255,0
1233877258,1350,1051,255,0
1233879258,1352,1046,255,0
1233881258,1352,1050,255,0
1233883258,1344,1046,255,0
1233885258,1351,1038,255,0
1233887258,1347,1030,255,0
1233889258,1348,1025,255,0
1233891258,1347,1026,255,0
1233893258,1345,1026,255,0
1233895258,1350,1026,255,0
1233897258,1344,1022,255,0
1233899258,1342,1021,255,0
1233901258,1342,1009,255,0
1233903258,1337,1019,255,0
1233905258,1341,1013,255,0
1233907258,1337,1013,255,0
1233909258,1339,1005,255,0
1233911258,1335,1013,255,0
1233913258,1334,1017,255,0
1233915258,1334,1000,255,0
1233917258,1335,1004,255,0
1233919258,1326,1000,255,0
1233921258,1329,1002,255,0
1233923258,1332,1000,255,0
1233925258,1328,999,255,0
1233927258,1325,996,255,0
1233929258,1320,1003,255,0
1233931258,1319,999,255,0
1233933258,1313,993,255,0
1233935258,1308,996,255,0
1233937258,1300,1000,255,0
1233939258,1300,996,255,0
1233941258,1282,987,255,0
1233943258,1280,983,255,0
1233945258,1256,987,255,0
1233947258,1256,987,255,0
1233949258,1229,975,255,0
1233951258,1207,983,255,0
1233953258,1191,983,255,0
1233955258,1158,1027,255,0
1233957258,1125,1218,255,0
1233959258,1116,1231,255,0
1233961258,1110,1236,255,0
1233963258,1107,1252,255,0
1233965258,1103,1241,255,0
1233967258,1103,1239,255,0
1233969258,1102,1242,255,0
1233971258,1098,1243,0,0
1233973258,1115,1282,0,0
1233975258,1155,1313,0,0
1233977258,1176,1349,0,0
1233979258,1203,1371,0,0
1233981258,1216,1396,0,0
1233983258,1241,1423,0,0
1233985258,1256,1446,0,0
1233987258,1280,1460,0,0
1233989258,1294,1476,0,0
1233991258,1306,1498,0,0
1233993258,1321,1527,0,0
1233995258,1330,1526,0,0
1233997258,1351,1552,0,0
1233999258,1361,1566,0,0
1234001258,1363,1576,0,0
1234003258,1371,1581,0,0
1234005258,1393,1589,0,0
1234007258,1398,1609,0,0
1234009258,1409,1602,0,0
1234011258,1413,1620,0,0
1234013258,1414,1627,0,0
1234015258,1431,1630,0,0
1234017258,1432,1641,0,0
1234019258,1435,1639,0,0
1234021258,1437,1649,0,0
1234023258,1436,1662,0,0
1234025258,1440,1666,0,0
1234027258,1456,1657,0,0
1234029258,1454,1669,0,0
1234031258,1453,1673,0,0
1234033258,1462,1678,0,0
1234035258,1463,1681,0,0
1234037258,1464,1681,0,0
1234039258,1476,1686,0,0
1234041258,1473,1686,0,0
1234043258,1479,1687,0,0
1234045258,1485,1694,0,0
1234047258,1486,1692,0,0
1234049258,1486,1691,0,0
1234051258,1485,1681,0,0
1234053258,1489,1693,0,0
1234055258,1492,1697,0,0
1234057258,1488,1692,0,0
1234059258,1491,1696,0,0
1234061258,1494,1692,0,0
1234063258,1489,1697,0,0
1234065258,1489,1692,0,0
1234067258,1494,1693,0,0
1234069258,1495,1702,0,0
1234071258,1488,1692,0,0
1234073258,1497,1692,0,0
1234075258,1491,1699,0,0
1234077258,1492,1697,0,0
1234079258,1498,1696,0,0
1234081258,1496,1697,0,0
1234083258,1492,1699,0,0
1234085258,1494,1697,0,0
1234087258,1487,1699,0,0
1234089258,1491,1709,0,0
1234091258,1492,1704,0,0
1234093258,1472,1699,0,0
1234095258,1465,1701,0,0
1234097258,1476,1695,0,0
1234099258,1471,1701,0,0
1234101258,1504,1692,0,0
1234103258,1466,1701,0,0
1234105258,1463,1706,0,0
1234107258,1464,1705,0,0
1234109258,1472,1706,0,0
1234111258,1465,1704,0,0
1234113258,1479,1705,0,0
1234115258,1469,1706,0,0
1234117258,1474,1705,0,0
1234119258,1465,1701,0,0
1234121258,1469,1702,0,0
1234123258,1476,1700,0,0
1234125258,1476,1713,0,0
1234127258,1471,1699,0,0
1234129258,1472,1707,0,0
1234131258,1473,1706,0,0
1234133258,1481,1696,0,0
1234135258,1473,1703,0,0
1234137258,1472,1703,0,0
1234139258,1473,1701,0,0
1234141258,1473,1705,0,0
1234143258,1476,1705,0,0
1234145258,1478,1703,0,0
1234147258,1474,1711,0,0
1234149258,1480,1697,0,0
1234151258,1479,1710,0,0
1234153258,1484,1705,0,0
1234155258,1474,1697,0,0
1234157258,1473,1697,0,0
1234159258,1481,1702,0,0
1234161258,1476,1701,0,0
1234163258,1483,1708,0,0
1234165258,1476,1706,0,0
1234167258,1473,1703,0,0
1234169258,1484,1706,0,0
1234171258,1478,1705,0,0
1234173258,1470,1704,0,0
1234175258,1474,1701,0,0
1234177258,1474,1706,0,0
1234179258,1476,1709,0,0
1234181258,1468,1706,0,0
1234183258,1473,1707,0,0
1234185258,1482,1705,0,0
1234187258,1471,1703,0,0
1234189258,1475,1705,0,0
1234191258,1476,1707,0,0
1234193258,1475,1702,0,0
1234195258,1469,1702,0,0
1234197258,1485,1701,0,0
1234199258,1486,1703,0,0
1234201258,1481,1697,0,0
1234203258,1492,1703,0,0
1234205258,1487,1700,0,0
1234207258,1487,1702,0,0
1234209258,1487,1701,0,0
1234211258,1488,1703,0,0
1234213258,1489,1699,0,0
1234215258,1487,1701,0,0
1234217258,1496,1705,0,0
1234219258,1483,1709,0,0
1234221258,1487,1713,0,0
1234223258,1487,1705,0,0
1234225258,1489,1710,0,0
1234227258,1492,1703,0,0
1234229258,1487,1705,0,0
1234231258,1496,1703,0,0
1234233258,1492,1709,0,0
1234235258,1487,1700,0,0
1234237258,1488,1706,0,0
1234239258,1488,1705,0,0
1234241258,1496,1713,0,0
1234243258,1499,1701,0,0
1234245258,1488,1695,0,0
1234247258,1487,1702,0,0
1234249258,1492,1712,0,0
1234251258,1488,1705,0,0
1234253258,1495,1703,0,0
1234255258,1487,1701,0,0
1234257258,1496,1705,0,0
1234259258,1491,1700,0,0
1234261258,1492,1706,0,0
1234263258,1487,1706,0,0
1234265258,1487,1697,0,0
1234267258,1496,1707,0,0
1234269258,1500,1703,0,0
1234271258,1487,1705,0,0
1234273258,1487,1705,0,0
1234275258,1496,1709,0,0
1234277258,1492,1701,0,0
1234279258,1487,1707,0,0
1234281258,1498,1699,0,0
1234283258,1487,1710,0,0
1234285258,1495,1709,0,0
1234287258,1487,1709,0,0
1234289258,1488,1697,0,0
1234291258,1487,1700,0,0
1234293258,1492,1705,0,0
1234295258,1485,1702,0,0
1234297258,1487,1700,0,0
1234299258,1492,1699,0,0
1234301258,1494,1705,0,0
1234303258,1487,1704,0,0
1234305258,1499,1707,0,0
1234307258,1495,1704,0,0
1234309258,1492,1709,0,0
1234311258,1487,1703,0,0
1234313258,1498,1703,0,0
1234315258,1491,1704,0,0
1234317258,1490,1703,0,0
1234319258,1488,1704,0,0
1234321258,1492,1702,0,0
1234323258,1488,1706,0,0
1234325258,1491,1705,0,0
1234327258,1495,1705,0,0
1234329258,1492,1707,0,0
1234331258,1497,1698,0,0
1234333258,1488,1704,0,0
1234335258,1496,1705,0,0
1234337258,1497,1710,0,0
1234339258,1488,1705,0,0
1234341258,1491,1704,0,0
1234343258,1497,1694,0,0
1234345258,1497,1698,0,0
1234347258,1494,1702,0,0
1234349258,1499,1706,0,0
1234351258,1492,1704,0,0
1234353258,1498,1705,0,0
1234355258,1496,1705,0,0
1234357258,1496,1705,0,0
1234359258,1489,1705,0,0
1234361258,1494,1710,0,0
1234363258,1490,1705,0,0
1234365258,1490,1708,0,0
1234367258,1492,1705,0,0
1234369258,1498,1702,0,0
1234371258,1491,1709,0,0
1234373258,1498,1706,0,0
1234375258,1491,1709,0,0
1234377258,1497,1704,0,0
1234379258,1494,1710,0,0
1234381258,1497,1697,0,0
1234383258,1492,1706,0,0
1234385258,1487,1709,0,0
1234387258,1501,1707,0,0
1234389258,1489,1705,0,0
1234391258,1487,1704,0,0
1234393258,1491,1705,0,0
1234395258,1495,1710,0,0
1234397258,1496,1707,0,0
1234399258,1496,1705,0,0
1234401258,1493,1702,0,0
1234403258,1488,1709,0,0
1234405258,1490,1702,0,0
1234407258,1488,1703,0,0
1234409258,1497,1709,0,0
1234411258,1502,1701,0,0
1234413258,1496,1708,0,0
1234415258,1497,1705,0,0
1234417258,1494,1709,0,0
1234419258,1497,1713,0,0
1234421258,1499,1708,0,0
1234423258,1496,1710,0,0
1234425258,1490,1702,0,0
1234427258,1502,1705,0,0
1234429258,1494,1699,0,0
1234431258,1490,1713,0,0
1234433258,1500,1701,0,0
1234435258,1491,1713,0,0
1234437258,1496,1702,0,0
1234439258,1497,1705,0,0
1234441258,1496,1709,0,0
1234443258,1492,1709,0,0
1234445258,1487,1707,0,0
1234447258,1487,1705,0,0
1234449258,1486,1706,0,0
1234451258,1496,1709,0,0
1234453258,1490,1707,0,0
1234455258,1491,1704,0,0
1234457258,1495,1709,0,0
1234459258,1492,1710,0,0
1234461258,1492,1700,0,0
1234463258,1497,1712,0,0
1234465258,1498,1713,0,0
1234467258,1488,1705,0,0
1234469258,1496,1702,0,0
1234471258,1489,1710,0,0
1234473258,1498,1709,0,0
1234475258,1489,1706,0,0
1234477258,1492,1707,0,0
1234479258,1500,1705,0,0
1234481258,1488,1707,0,0
1234483258,1489,1703,0,0
1234485258,1486,1704,0,0
1234487258,1498,1707,0,0
1234489258,1499,1707,0,0
1234491258,1489,1707,0,0
1234493258,1491,1710,0,0
1234495258,1497,1702,0,0
1234497258,1496,1701,0,0
1234499258,1491,1701,0,0
1234501258,1494,1703,0,0
1234503258,1487,1703,0,0
1234505258,1492,1703,0,0
1234507258,1494,1705,0,0
1234509258,1495,1697,0,0
1234511258,1496,1706,0,0
1234513258,1495,1709,0,0
1234515258,1492,1704,0,0
1234517258,1495,1709,0,0
1234519258,1487,1709,0,0
1234521258,1492,1701,0,0
1234523258,1492,1716,0,0
1234525258,1496,1707,0,0
1234527258,1487,1707,0,0
1234529258,1496,1699,0,0
1234531258,1489,1713,0,0
1234533258,1495,1697,0,0
1234535258,1487,1709,0,0
1234537258,1498,1704,0,0
1234539258,1493,1701,0,0
1234541258,1500,1701,0,0
1234543258,1495,1709,0,0
1234545258,1499,1697,0,0
1234547258,1486,1704,0,0
1234549258,1496,1703,0,0
1234551258,1492,1710,0,0
1234553258,1501,1702,0,0
1234555258,1498,1702,0,0
1234557258,1497,1705,0,0
1234559258,1492,1706,0,0
1234561258,1497,1703,0,0
1234563258,1499,1713,0,0
1234565258,1497,1713,0,0
1234567258,1489,1702,0,0
1234569258,1500,1708,0,0
1234571258,1494,1702,0,0
1234573258,1496,1704,0,0
1234575258,1496,1704,0,0
1234577258,1499,1703,0,0
1234579258,1496,1706,0,0
1234581258,1491,1697,0,0
1234583258,1496,1702,0,0
1234585258,1490,1705,0,0
1234587258,1487,1709,0,0
1234589258,1497,1704,0,0
1234591258,1492,1702,0,0
1234593258,1489,1713,0,0
1234595258,1500,1709,0,0
1234597258,1494,1701,0,0
1234599258,1492,1702,0,0
1234601258,1496,1703,0,0
1234603258,1494,1704,0,0
1234605258,1497,1701,0,0
1234607258,1496,1700,0,0
1234609258,1497,1706,0,0
1234611258,1496,1697,0,0
1234613258,1487,1707,0,0
1234615258,1502,1712,0,0
1234617258,1492,1715,0,0
1234619258,1489,1709,0,0
1234621258,1492,1704,0,0
1234623258,1491,1714,0,0
1234625258,1496,1704,0,0
1234627258,1498,1705,0,0
1234629258,1492,1700,0,0
1234631258,1487,1707,0,0
1234633258,1489,1704,0,0
1234635258,1492,1703,0,0
1234637258,1488,1703,0,0
1234639258,1497,1705,0,0
1234641258,1488,1712,0,0
1234643258,1492,1709,0,0
1234645258,1492,1712,0,0
1234647258,1492,1704,0,0
1234649258,1492,1701,0,0
1234651258,1495,1708,0,0
1234653258,1492,1706,0,0
1234655258,1498,1707,0,0
1234657258,1497,1701,0,0
1234659258,1504,1705,0,0
1234661258,1496,1710,0,0
1234663258,1492,1703,0,0
1234665258,1492,1705,0,0
1234667258,1490,1704,0,0
1234669258,1498,1709,0,0
1234671258,1497,1709,0,0
1234673258,1487,1694,0,0
1234675258,1494,1699,0,0
1234677258,1491,1697,0,0
1234679258,1500,1712,0,0
1234681258,1492,1710,0,0
1234683258,1492,1709,0,0
1234685258,1492,1712,0,0
1234687258,1499,1703,0,0
1234689258,1494,1704,0,0
1234691258,1495,1702,0,0
1234693258,1497,1707,0,0
1234695258,1488,1701,0,0
1234697258,1489,1707,0,0
1234699258,1499,1709,0,0
1234701258,1499,1709,0,0
1234703258,1492,1707,0,0
1234705258,1500,1701,0,0
1234707258,1499,1697,0,0
1234709258,1496,1701,0,0
1234711258,1493,1701,0,0
1234713258,1487,1705,0,0
1234715258,1500,1715,0,0
1234717258,1498,1710,0,0
1234719258,1500,1705,0,0
1234721258,1491,1701,0,0
1234723258,1487,1700,0,0
1234725258,1496,1703,0,0
1234727258,1498,1706,0,0
1234729258,1489,1706,0,0
1234731258,1500,1702,0,0
1234733258,1488,1701,0,0
1234735258,1495,1698,0,0
1234737258,1502,1713,0,0
1234739258,1500,1709,0,0
1234741258,1499,1702,0,0
1234743258,1488,1702,0,0
1234745258,1498,1703,0,0
1234747258,1492,1705,0,0
1234749258,1491,1702,0,0
1234751258,1491,1707,0,0
1234753258,1491,1696,0,0
1234755258,1497,1709,0,0
1234757258,1497,1698,0,0
1234759258,1492,1705,0,0
1234761258,1501,1701,0,0
1234763258,1497,1708,0,0
1234765258,1500,1705,0,0
1234767258,1491,1701,0,0
1234769258,1498,1710,0,0
1234771258,1492,1704,255,1
1234773258,1487,1659,255,1
1234775258,1476,1611,255,1
1234777258,1474,1575,255,1
1234779258,1459,1526,255,1
1234781258,1448,1494,255,1
1234783258,1444,1451,255,1
1234785258,1437,1410,255,1
1234787258,1420,1371,255,0
1234789258,1423,1342,255,0
1234791258,1412,1320,255,0
1234793258,1412,1295,255,0
1234795258,1398,1267,255,0
1234797258,1396,1241,255,0
1234799258,1394,1215,255,0
1234801258,1388,1203,255,0
1234803258,1371,1179,255,0
1234805258,1371,1171,255,0
1234807258,1371,1157,255,0
1234809258,1371,1134,255,0
1234811258,1368,1128,255,0
1234813258,1364,1119,255,0
1234815258,1359,1102,255,0
1234817258,1356,1087,255,0
1234819258,1359,1084,255,0
1234821258,1356,1075,255,0
1234823258,1352,1071,255,0
1234825258,1348,1059,255,0
1234827258,1353,1059,255,0
1234829258,1343,1051,255,0
1234831258,1344,1043,255,0
1234833258,1346,1039,255,0
1234835258,1347,1038,255,0
1234837258,1337,1037,255,0
1234839258,1345,1027,255,0
1234841258,1339,1028,255,0
1234843258,1344,1019,255,0
1234845258,1338,1015,255,0
1234847258,1333,1024,255,0
1234849258,1333,1011,255,0
1234851258,1335,1007,255,0
1234853258,1330,1013,255,0
1234855258,1324,1011,255,0
1234857258,1325,1000,255,0
1234859258,1324,1001,255,0
1234861258,1326,1003,255,0
1234863258,1323,1006,255,0
1234865258,1317,1001,255,0
1234867258,1306,1000,255,0
1234869258,1299,994,255,0
1234871258,1296,999,255,0
1234873258,1286,997,255,0
1234875258,1278,991,255,0
1234877258,1268,991,255,0
1234879258,1256,990,255,0
1234881258,1232,987,255,0
1234883258,1219,987,255,0
1234885258,1201,980,255,0
1234887258,1183,982,255,0
1234889258,1153,1027,255,0
1234891258,1111,1223,255,0
1234893258,1092,1316,255,0
1234895258,1077,1312,255,0
1234897258,1087,1322,255,0
1234899258,1086,1315,255,0
1234901258,1083,1316,255,0
1234903258,1082,1320,255,0
1234905258,1072,1313,255,0
1234907258,1079,1315,255,0
1234909258,1073,1310,255,0
1234911258,1073,1308,255,0
1234913258,1068,1312,255,0
1234915258,1067,1308,255,0
1234917258,1070,1308,255,0
1234919258,1065,1308,255,0
1234921258,1071,1304,0,0
1234923258,1100,1341,0,0
1234925258,1125,1371,0,0
1234927258,1152,1407,0,0
1234929258,1178,1438,0,0
1234931258,1206,1449,0,0
1234933258,1218,1474,0,0
1234935258,1243,1496,0,0
1234937258,1256,1512,0,0
1234939258,1270,1533,0,0
1234941258,1292,1540,0,0
1234943258,1304,1561,0,0
1234945258,1316,1574,0,0
1234947258,1336,1583,0,0
1234949258,1344,1590,0,0
1234951258,1360,1595,0,0
1234953258,1371,1608,0,0
1234955258,1371,1616,0,0
1234957258,1388,1626,0,0
1234959258,1397,1632,0,0
1234961258,1401,1639,0,0
1234963258,1412,1642,0,0
1234965258,1416,1653,0,0
1234967258,1424,1657,0,0
1234969258,1421,1665,0,0
1234971258,1430,1666,0,0
1234973258,1434,1671,0,0
1234975258,1436,1668,0,0
1234977258,1450,1672,0,0
1234979258,1451,1681,0,0
1234981258,1456,1681,0,0
1234983258,1452,1687,0,0
1234985258,1461,1685,0,0
1234987258,1461,1702,0,0
1234989258,1461,1692,0,0
1234991258,1474,1704,0,0
1234993258,1461,1703,0,0
1234995258,1472,1701,0,0
1234997258,1474,1697,0,0
1234999258,1474,1697,0,0
1235001258,1478,1699,0,0
1235003258,1481,1693,0,0
1235005258,1483,1696,0,0
1235007258,1484,1697,0,0
1235009258,1487,1693,0,0
1235011258,1486,1697,0,0
1235013258,1487,1694,0,0
1235015258,1490,1697,0,0
1235017258,1492,1695,0,0
1235019258,1486,1689,0,0
1235021258,1487,1692,0,0
1235023258,1487,1693,0,0
1235025258,1491,1701,0,0
1235027258,1489,1692,0,0
1235029258,1487,1701,0,0
1235031258,1488,1701,0,0
1235033258,1491,1705,0,0
1235035258,1490,1703,0,0
1235037258,1498,1699,0,0
1235039258,1494,1701,0,0
1235041258,1497,1706,0,0
1235043258,1490,1712,0,0
1235045258,1491,1704,0,0
1235047258,1490,1702,0,0
1235049258,1487,1706,0,0
1235051258,1492,1702,0,0
1235053258,1491,1696,0,0
1235055258,1466,1696,0,0
1235057258,1473,1693,0,0
1235059258,1476,1701,0,0
1235061258,1466,1710,0,0
1235063258,1476,1701,0,0
1235065258,1468,1704,0,0
1235067258,1475,1694,0,0
1235069258,1484,1701,0,0
1235071258,1476,1705,0,0
1235073258,1537,1701,0,0
1235075258,1531,1705,0,0
1235077258,1536,1701,0,0
1235079258,1495,1704,0,0
1235081258,1487,1700,0,0
1235083258,1531,1704,0,0
1235085258,1472,1700,0,0
1235087258,1479,1700,0,0
1235089258,1530,1705,0,0
1235091258,1536,1706,0,0
1235093258,1534,1702,0,0
1235095258,1527,1706,0,0
1235097258,1527,1699,0,0
1235099258,1525,1707,0,0
1235101258,1534,1703,0,0
1235103258,1537,1706,0,0
1235105258,1526,1707,0,0
1235107258,1537,1696,0,0
1235109258,1528,1705,0,0
1235111258,1528,1705,0,0
1235113258,1534,1702,0,0
1235115258,1521,1709,0,0
1235117258,1525,1705,0,0
1235119258,1526,1702,0,0
1235121258,1534,1704,0,0
1235123258,1528,1706,0,0
1235125258,1524,1708,0,0
1235127258,1526,1708,0,0
1235129258,1525,1705,0,0
1235131258,1537,1705,0,0
1235133258,1531,1694,0,0
1235135258,1527,1704,0,0
1235137258,1526,1706,0,0
1235139258,1524,1706,0,0
1235141258,1524,1697,0,0
1235143258,1524,1709,0,0
1235145258,1526,1706,0,0
1235147258,1533,1694,0,0
1235149258,1524,1710,0,0
1235151258,1528,1701,0,0
1235153258,1529,1709,0,0
1235155258,1524,1701,0,0
1235157258,1526,1707,0,0
1235159258,1526,1710,0,0
1235161258,1526,1709,0,0
1235163258,1525,1701,0,0
1235165258,1526,1699,0,0
1235167258,1534,1711,0,0
1235169258,1516,1701,0,0
1235171258,1528,1705,0,0
1235173258,1527,1703,0,0
1235175258,1524,1705,0,0
1235177258,1526,1700,0,0
1235179258,1523,1706,0,0
1235181258,1520,1705,0,0
1235183258,1523,1710,0,0
1235185258,1524,1705,0,0
1235187258,1508,1702,0,0
1235189258,1507,1697,0,0
1235191258,1488,1709,0,0
1235193258,1492,1703,0,0
1235195258,1491,1706,0,0
1235197258,1499,1705,0,0
1235199258,1499,1708,0,0
1235201258,1494,1694,0,0
1235203258,1504,1707,0,0
1235205258,1507,1709,0,0
1235207258,1496,1705,0,0
1235209258,1504,1705,0,0
1235211258,1504,1704,0,0
1235213258,1499,1706,0,0
1235215258,1505,1705,0,0
1235217258,1505,1702,0,0
1235219258,1501,1697,0,0
1235221258,1510,1706,0,0
1235223258,1509,1709,0,0
1235225258,1500,1707,0,0
1235227258,1495,1706,0,0
1235229258,1487,1702,0,0
1235231258,1494,1705,0,0
1235233258,1492,1694,0,0
1235235258,1489,1705,0,0
1235237258,1495,1701,0,0
1235239258,1496,1704,0,0
1235241258,1501,1702,0,0
1235243258,1512,1710,0,0
1235245258,1503,1709,0,0
1235247258,1508,1707,0,0
1235249258,1504,1701,0,0
1235251258,1513,1703,0,0
1235253258,1500,1705,0,0
1235255258,1508,1706,0,0
1235257258,1511,1703,0,0
1235259258,1508,1706,0,0
1235261258,1503,1717,0,0
1235263258,1502,1705,0,0
1235265258,1508,1706,0,0
1235267258,1504,1705,0,0
1235269258,1500,1710,0,0
1235271258,1503,1704,0,0
1235273258,1500,1702,0,0
1235275258,1498,1704,0,0
1235277258,1504,1709,0,0
1235279258,1512,1710,0,0
1235281258,1501,1700,0,0
1235283258,1506,1708,0,0
1235285258,1504,1697,0,0
1235287258,1496,1704,0,0
1235289258,1496,1706,0,0
1235291258,1510,1702,0,0
1235293258,1502,1713,0,0
1235295258,1499,1699,0,0
1235297258,1503,1707,0,0
1235299258,1512,1709,0,0
1235301258,1507,1707,0,0
1235303258,1504,1694,0,0
1235305258,1507,1707,0,0
1235307258,1496,1713,0,0
1235309258,1508,1701,0,0
1235311258,1504,1708,0,0
1235313258,1497,1703,0,0
1235315258,1505,1695,0,0
1235317258,1502,1704,0,0
1235319258,1511,1705,0,0
1235321258,1511,1700,0,0
1235323258,1500,1706,0,0
1235325258,1508,1704,0,0
1235327258,1500,1693,0,0
1235329258,1502,1702,0,0
1235331258,1502,1700,0,0
1235333258,1502,1702,0,0
1235335258,1510,1700,0,0
1235337258,1503,1707,0,0
1235339258,1505,1707,0,0
1235341258,1499,1705,0,0
1235343258,1504,1709,0,0
1235345258,1511,1715,0,0
1235347258,1511,1700,0,0
1235349258,1508,1705,0,0
1235351258,1503,1705,0,0
1235353258,1509,1704,0,0
1235355258,1502,1702,0,0
1235357258,1504,1705,0,0
1235359258,1504,1701,0,0
1235361258,1500,1700,0,0
1235363258,1512,1699,0,0
1235365258,1502,1692,0,0
1235367258,1508,1702,0,0
1235369258,1505,1702,0,0
1235371258,1497,1703,0,0
1235373258,1497,1697,0,0
1235375258,1504,1701,0,0
1235377258,1510,1705,0,0
1235379258,1492,1707,0,0
1235381258,1495,1704,0,0
1235383258,1504,1703,0,0
1235385258,1497,1694,0,0
1235387258,1498,1705,0,0
1235389258,1509,1697,0,0
1235391258,1504,1701,0,0
1235393258,1512,1713,0,0
1235395258,1508,1701,0,0
1235397258,1502,1697,0,0
1235399258,1505,1713,0,0
1235401258,1496,1705,0,0
1235403258,1502,1703,0,0
1235405258,1504,1707,0,0
1235407258,1500,1704,0,0
1235409258,1503,1703,0,0
1235411258,1507,1695,0,0
1235413258,1501,1708,0,0
1235415258,1505,1704,0,0
1235417258,1498,1705,0,0
1235419258,1507,1707,0,0
1235421258,1502,1701,0,0
1235423258,1501,1693,0,0
1235425258,1499,1701,0,0
1235427258,1502,1697,0,0
1235429258,1505,1697,0,0
1235431258,1495,1707,0,0
1235433258,1499,1706,0,0
1235435258,1508,1696,0,0
1235437258,1500,1700,0,0
1235439258,1504,1709,0,0
1235441258,1503,1700,0,0
1235443258,1510,1705,0,0
1235445258,1505,1705,0,0
1235447258,1512,1705,0,0
1235449258,1501,1702,0,0
1235451258,1508,1706,0,0
1235453258,1505,1705,0,0
1235455258,1502,1703,0,0
1235457258,1498,1703,0,0
1235459258,1504,1706,0,0
1235461258,1505,1707,0,0
1235463258,1499,1709,0,0
1235465258,1508,1701,0,0
1235467258,1497,1704,0,0
1235469258,1497,1706,0,0
1235471258,1505,1697,0,0
1235473258,1497,1704,0,0
1235475258,1502,1700,0,0
1235477258,1503,1706,0,0
1235479258,1504,1705,0,0
1235481258,1501,1702,0,0
1235483258,1503,1702,0,0
1235485258,1504,1699,0,0
1235487258,1504,1704,0,0
1235489258,1497,1694,0,0
1235491258,1501,1707,0,0
1235493258,1502,1706,0,0
1235495258,1502,1700,0,0
1235497258,1505,1716,0,0
1235499258,1496,1705,0,0
1235501258,1494,1709,0,0
1235503258,1498,1703,0,0
1235505258,1502,1700,0,0
1235507258,1503,1710,0,0
1235509258,1502,1701,0,0
1235511258,1505,1713,0,0
1235513258,1495,1713,0,0
1235515258,1501,1705,0,0
1235517258,1504,1713,0,0
1235519258,1512,1705,0,0
1235521258,1502,1705,0,0
1235523258,1505,1705,0,0
1235525258,1502,1708,0,0
1235527258,1505,1702,0,0
1235529258,1507,1704,0,0
1235531258,1500,1713,0,0
1235533258,1500,1709,0,0
1235535258,1503,1703,0,0
1235537258,1500,1706,0,0
1235539258,1504,1699,0,0
1235541258,1508,1699,0,0
1235543258,1502,1709,0,0
1235545258,1495,1696,0,0
1235547258,1504,1705,0,0
1235549258,1499,1705,0,0
1235551258,1500,1704,0,0
1235553258,1500,1709,0,0
1235555258,1496,1703,0,0
1235557258,1494,1710,0,0
1235559258,1501,1705,0,0
1235561258,1500,1709,0,0
1235563258,1498,1702,0,0
1235565258,1502,1701,0,0
1235567258,1500,1709,0,0
1235569258,1500,1705,0,0
1235571258,1505,1705,0,0
1235573258,1512,1703,0,0
1235575258,1501,1701,0,0
1235577258,1502,1701,0,0
1235579258,1500,1701,0,0
1235581258,1501,1701,0,0
1235583258,1500,1701,0,0
1235585258,1503,1705,0,0
1235587258,1504,1709,0,0
1235589258,1502,1705,0,0
1235591258,1512,1705,0,0
1235593258,1504,1705,0,0
1235595258,1500,1703,0,0
1235597258,1508,1697,0,0
1235599258,1500,1705,0,0
1235601258,1501,1702,0,0
1235603258,1501,1702,0,0
1235605258,1494,1713,0,0
1235607258,1495,1701,0,0
1235609258,1500,1700,0,0
1235611258,1497,1697,0,0
1235613258,1502,1706,0,0
1235615258,1499,1709,0,0
1235617258,1511,1702,0,0
1235619258,1497,1706,0,0
1235621258,1508,1704,0,0
1235623258,1501,1705,0,0
1235625258,1507,1700,0,0
1235627258,1499,1704,0,0
1235629258,1501,1708,0,0
1235631258,1508,1703,0,0
1235633258,1499,1708,0,0
1235635258,1507,1703,0,0
1235637258,1505,1702,0,0
1235639258,1506,1705,0,0
1235641258,1505,1703,0,0
1235643258,1500,1705,0,0
1235645258,1498,1705,0,0
1235647258,1505,1705,0,0
1235649258,1498,1714,0,0
1235651258,1498,1697,0,0
1235653258,1510,1697,0,0
1235655258,1501,1704,0,0
1235657258,1505,1697,0,0
1235659258,1503,1699,0,0
1235661258,1502,1709,0,0
1235663258,1500,1705,0,0
1235665258,1507,1705,0,0
1235667258,1503,1705,0,0
1235669258,1500,1697,0,0
1235671258,1502,1706,0,0
1235673258,1499,1707,0,0
1235675258,1504,1705,0,0
1235677258,1499,1707,0,0
1235679258,1512,1704,0,0
1235681258,1508,1701,0,0
1235683258,1501,1705,0,0
1235685258,1500,1705,0,0
1235687258,1500,1696,0,0
1235689258,1504,1703,0,0
1235691258,1500,1709,0,0
1235693258,1497,1705,0,0
1235695258,1508,1705,0,0
1235697258,1496,1702,0,0
1235699258,1505,1709,0,0
1235701258,1493,1696,0,0
1235703258,1504,1705,0,0
1235705258,1502,1697,0,0
1235707258,1492,1705,0,0
1235709258,1501,1701,0,0
1235711258,1504,1702,0,0
1235713258,1496,1709,0,0
1235715258,1509,1696,0,0
1235717258,1497,1699,0,0
1235719258,1512,1701,0,0
1235721258,1499,1710,255,1
1235723258,1487,1657,255,1
1235725258,1480,1611,255,1
1235727258,1475,1565,255,1
1235729258,1472,1533,255,1
1235731258,1460,1482,255,1
1235733258,1444,1450,255,1
1235735258,1440,1412,255,1
1235737258,1436,1371,255,0
1235739258,1434,1354,255,0
1235741258,1421,1320,255,0
1235743258,1418,1292,255,0
1235745258,1409,1266,255,0
1235747258,1410,1246,255,0
1235749258,1398,1226,255,0
1235751258,1399,1199,255,0
1235753258,1392,1179,255,0
1235755258,1393,1169,255,0
1235757258,1386,1152,255,0
1235759258,1371,1128,255,0
1235761258,1371,1121,255,0
1235763258,1371,1111,255,0
1235765258,1364,1103,255,0
1235767258,1367,1100,255,0
1235769258,1368,1085,255,0
1235771258,1365,1077,255,0
1235773258,1369,1060,255,0
1235775258,1359,1057,255,0
1235777258,1360,1056,255,0
1235779258,1352,1049,255,0
1235781258,1359,1039,255,0
1235783258,1354,1041,255,0
1235785258,1354,1033,255,0
1235787258,1354,1034,255,0
1235789258,1347,1031,255,0
1235791258,1348,1020,255,0
1235793258,1352,1016,255,0
1235795258,1352,1014,255,0
1235797258,1353,1020,255,0
1235799258,1355,1019,255,0
1235801258,1342,1013,255,0
1235803258,1340,1012,255,0
1235805258,1344,1006,255,0
1235807258,1343,1003,255,0
1235809258,1346,1011,255,0
1235811258,1336,1009,255,0
1235813258,1333,1005,255,0
1235815258,1328,1002,255,0
1235817258,1326,999,255,0
1235819258,1319,1001,255,0
1235821258,1321,993,255,0
1235823258,1302,995,255,0
1235825258,1300,993,255,0
1235827258,1292,991,255,0
1235829258,1282,985,255,0
1235831258,1276,983,255,0
1235833258,1266,988,255,0
1235835258,1246,977,255,0
1235837258,1230,977,255,0
1235839258,1215,979,255,0
1235841258,1193,988,255,0
1235843258,1159,1013,255,0
1235845258,1117,1264,255,0
1235847258,1104,1300,255,0
1235849258,1115,1304,255,0
1235851258,1111,1308,255,0
1235853258,1103,1300,255,0
1235855258,1103,1306,255,0
1235857258,1104,1305,255,0
1235859258,1103,1296,255,0
1235861258,1095,1308,255,0
1235863258,1095,1303,255,0
1235865258,1103,1304,255,0
1235867258,1089,1302,255,0
1235869258,1091,1303,255,0
1235871258,1095,1295,0,0
1235873258,1108,1340,0,0
1235875258,1144,1371,0,0
1235877258,1162,1400,0,0
1235879258,1192,1422,0,0
1235881258,1221,1452,0,0
1235883258,1241,1463,0,0
1235885258,1252,1494,0,0
1235887258,1278,1504,0,0
1235889258,1295,1521,0,0
1235891258,1303,1536,0,0
1235893258,1319,1550,0,0
1235895258,1331,1564,0,0
1235897258,1339,1575,0,0
1235899258,1353,1585,0,0
1235901258,1360,1589,0,0
1235903258,1371,1601,0,0
1235905258,1391,1615,0,0
1235907258,1394,1623,0,0
1235909258,1397,1630,0,0
1235911258,1408,1640,0,0
1235913258,1417,1640,0,0
1235915258,1423,1641,0,0
1235917258,1419,1656,0,0
1235919258,1436,1656,0,0
1235921258,1436,1659,0,0
1235923258,1449,1669,0,0
1235925258,1446,1666,0,0
1235927258,1448,1666,0,0
1235929258,1454,1669,0,0
1235931258,1453,1687,0,0
1235933258,1460,1687,0,0
1235935258,1459,1688,0,0
1235937258,1466,1689,0,0
1235939258,1472,1691,0,0
1235941258,1473,1693,0,0
1235943258,1478,1696,0,0
1235945258,1474,1692,0,0
1235947258,1485,1697,0,0
1235949258,1484,1702,0,0
1235951258,1480,1704,0,0
1235953258,1486,1697,0,0
1235955258,1478,1701,0,0
1235957258,1487,1701,0,0
1235959258,1486,1692,0,0
1235961258,1489,1695,0,0
1235963258,1492,1693,0,0
1235965258,1491,1695,0,0
1235967258,1489,1698,0,0
1235969258,1491,1703,0,0
1235971258,1496,1693,0,0
1235973258,1492,1696,0,0
1235975258,1486,1692,0,0
1235977258,1489,1694,0,0
1235979258,1490,1696,0,0
1235981258,1500,1693,0,0
1235983258,1494,1699,0,0
1235985258,1497,1696,0,0
1235987258,1495,1702,0,0
1235989258,1502,1693,0,0
1235991258,1499,1709,0,0
1235993258,1499,1709,0,0
1235995258,1492,1705,0,0
1235997258,1496,1699,0,0
1235999258,1497,1702,0,0
1236001258,1504,1704,0,0
1236003258,1497,1697,0,0
1236005258,1496,1702,0,0
1236007258,1487,1700,0,0
1236009258,1488,1705,0,0
1236011258,1484,1701,0,0
1236013258,1487,1703,0,0
1236015258,1485,1708,0,0
1236017258,1484,1703,0,0
1236019258,1494,1705,0,0
1236021258,1484,1704,0,0
1236023258,1488,1704,0,0
1236025258,1484,1708,0,0
1236027258,1487,1705,0,0
1236029258,1494,1702,0,0
1236031258,1487,1704,0,0
1236033258,1488,1705,0,0
1236035258,1485,1697,0,0
1236037258,1495,1704,0,0
1236039258,1490,1712,0,0
1236041258,1488,1702,0,0
1236043258,1487,1709,0,0
1236045258,1487,1700,0,0
1236047258,1488,1695,0,0
1236049258,1488,1705,0,0
1236051258,1489,1705,0,0
1236053258,1491,1709,0,0
1236055258,1487,1706,0,0
1236057258,1494,1701,0,0
1236059258,1487,1701,0,0
1236061258,1487,1705,0,0
1236063258,1492,1704,0,0
1236065258,1491,1706,0,0
1236067258,1488,1712,0,0
1236069258,1488,1705,0,0
1236071258,1489,1702,0,0
1236073258,1487,1700,0,0
1236075258,1485,1700,0,0
1236077258,1491,1697,0,0
1236079258,1492,1701,0,0
1236081258,1493,1708,0,0
1236083258,1483,1706,0,0
1236085258,1492,1697,0,0
1236087258,1497,1712,0,0
1236089258,1487,1700,0,0
1236091258,1496,1710,0,0
1236093258,1488,1702,0,0
1236095258,1488,1707,0,0
1236097258,1488,1710,0,0
1236099258,1492,1707,0,0
1236101258,1492,1697,0,0
1236103258,1496,1709,0,0
1236105258,1492,1706,0,0
1236107258,1485,1706,0,0
1236109258,1499,1710,0,0
1236111258,1490,1706,0,0
1236113258,1487,1705,0,0
1236115258,1480,1701,0,0
1236117258,1488,1705,0,0
1236119258,1491,1705,0,0
1236121258,1485,1705,0,0
1236123258,1489,1705,0,0
1236125258,1487,1705,0,0
1236127258,1484,1704,0,0
1236129258,1489,1700,0,0
1236131258,1487,1705,0,0
1236133258,1488,1699,0,0
1236135258,1486,1705,0,0
1236137258,1488,1709,0,0
1236139258,1497,1703,0,0
1236141258,1491,1707,0,0
1236143258,1490,1703,0,0
1236145258,1488,1713,0,0
1236147258,1492,1702,0,0
1236149258,1498,1697,0,0
1236151258,1500,1704,0,0
1236153258,1496,1704,0,0
1236155258,1492,1704,0,0
1236157258,1487,1704,0,0
1236159258,1492,1707,0,0
1236161258,1487,1717,0,0
1236163258,1492,1710,0,0
1236165258,1487,1699,0,0
1236167258,1492,1699,0,0
1236169258,1494,1704,0,0
1236171258,1488,1704,0,0
1236173258,1495,1702,0,0
1236175258,1486,1701,0,0
1236177258,1489,1705,0,0
1236179258,1489,1705,0,0
1236181258,1492,1709,0,0
1236183258,1488,1696,0,0
1236185258,1494,1703,0,0
1236187258,1492,1699,0,0
1236189258,1500,1709,0,0
1236191258,1497,1709,0,0
1236193258,1495,1708,0,0
1236195258,1489,1704,0,0
1236197258,1492,1705,0,0
1236199258,1499,1708,0,0
1236201258,1489,1699,0,0
1236203258,1491,1707,0,0
1236205258,1496,1701,0,0
1236207258,1498,1709,0,0
1236209258,1496,1709,0,0
1236211258,1492,1704,0,0
1236213258,1488,1704,0,0
1236215258,1493,1707,0,0
1236217258,1490,1706,0,0
1236219258,1495,1705,0,0
1236221258,1500,1705,0,0
1236223258,1496,1712,0,0
1236225258,1492,1705,0,0
1236227258,1488,1709,0,0
1236229258,1487,1696,0,0
1236231258,1488,1705,0,0
1236233258,1489,1705,0,0
1236235258,1489,1701,0,0
1236237258,1494,1707,0,0
1236239258,1491,1701,0,0
1236241258,1489,1697,0,0
1236243258,1496,1709,0,0
1236245258,1491,1704,0,0
1236247258,1491,1703,0,0
1236249258,1492,1702,0,0
1236251258,1491,1704,0,0
1236253258,1492,1701,0,0
1236255258,1492,1704,0,0
1236257258,1488,1704,0,0
1236259258,1490,1703,0,0
1236261258,1496,1704,0,0
1236263258,1497,1702,0,0
1236265258,1489,1699,0,0
1236267258,1487,1713,0,0
1236269258,1496,1705,0,0
1236271258,1502,1705,0,0
1236273258,1487,1701,0,0
1236275258,1488,1702,0,0
1236277258,1498,1702,0,0
1236279258,1489,1705,0,0
1236281258,1504,1705,0,0
1236283258,1498,1705,0,0
1236285258,1500,1699,0,0
1236287258,1495,1700,0,0
1236289258,1500,1707,0,0
1236291258,1500,1704,0,0
1236293258,1486,1702,0,0
1236295258,1492,1709,0,0
1236297258,1494,1704,0,0
1236299258,1489,1705,0,0
1236301258,1488,1701,0,0
1236303258,1492,1710,0,0
1236305258,1493,1710,0,0
1236307258,1492,1700,0,0
1236309258,1495,1701,0,0
1236311258,1497,1709,0,0
1236313258,1495,1701,0,0
1236315258,1494,1702,0,0
1236317258,1489,1717,0,0
1236319258,1498,1706,0,0
1236321258,1496,1713,0,0
1236323258,1487,1697,0,0
1236325258,1492,1713,0,0
1236327258,1488,1705,0,0
1236329258,1489,1709,0,0
1236331258,1496,1705,0,0
1236333258,1492,1705,0,0
1236335258,1496,1705,0,0
1236337258,1490,1698,0,0
1236339258,1498,1694,0,0
1236341258,1488,1702,0,0
1236343258,1494,1697,0,0
1236345258,1497,1703,0,0
1236347258,1492,1708,0,0
1236349258,1489,1702,0,0
1236351258,1491,1703,0,0
1236353258,1499,1712,0,0
1236355258,1487,1705,0,0
1236357258,1490,1704,0,0
1236359258,1496,1702,0,0
1236361258,1491,1693,0,0
1236363258,1487,1693,0,0
1236365258,1491,1701,0,0
1236367258,1487,1705,0,0
1236369258,1488,1705,0,0
1236371258,1490,1701,0,0
1236373258,1491,1706,0,0
1236375258,1491,1701,0,0
1236377258,1492,1709,0,0
1236379258,1486,1705,0,0
1236381258,1492,1702,0,0
1236383258,1492,1705,0,0
1236385258,1494,1705,0,0
1236387258,1486,1706,0,0
1236389258,1496,1701,0,0
1236391258,1488,1707,0,0
1236393258,1492,1707,0,0
1236395258,1489,1701,0,0
1236397258,1492,1706,0,0
1236399258,1500,1705,0,0
1236401258,1487,1701,0,0
1236403258,1488,1707,0,0
1236405258,1487,1697,0,0
1236407258,1487,1701,0,0
1236409258,1497,1705,0,0
1236411258,1497,1705,0,0
1236413258,1495,1697,0,0
1236415258,1496,1714,0,0
1236417258,1492,1709,0,0
1236419258,1494,1713,0,0
1236421258,1488,1712,0,0
1236423258,1496,1701,0,0
1236425258,1489,1707,0,0
1236427258,1502,1697,0,0
1236429258,1492,1692,0,0
1236431258,1494,1710,0,0
1236433258,1492,1700,0,0
1236435258,1496,1709,0,0
1236437258,1492,1701,0,0
1236439258,1488,1696,0,0
1236441258,1498,1704,0,0
1236443258,1496,1709,0,0
1236445258,1495,1696,0,0
1236447258,1488,1697,0,0
1236449258,1491,1701,0,0
1236451258,1488,1701,0,0
1236453258,1496,1705,0,0
1236455258,1494,1704,0,0
1236457258,1489,1707,0,0
1236459258,1496,1699,0,0
1236461258,1487,1706,0,0
1236463258,1487,1697,0,0
1236465258,1491,1704,0,0
1236467258,1487,1706,0,0
1236469258,1489,1706,0,0
1236471258,1492,1704,0,0
1236473258,1494,1703,0,0
1236475258,1490,1702,0,0
1236477258,1487,1697,0,0
1236479258,1491,1708,0,0
1236481258,1492,1707,0,0
1236483258,1488,1705,0,0
1236485258,1488,1703,0,0
1236487258,1484,1703,0,0
1236489258,1495,1706,0,0
1236491258,1496,1702,0,0
1236493258,1496,1705,0,0
1236495258,1497,1704,0,0
1236497258,1504,1701,0,0
1236499258,1488,1701,0,0
1236501258,1491,1701,0,0
1236503258,1497,1701,0,0
1236505258,1494,1705,0,0
1236507258,1487,1705,0,0
1236509258,1491,1709,0,0
1236511258,1492,1702,0,0
1236513258,1487,1704,0,0
1236515258,1497,1701,0,0
1236517258,1488,1705,0,0
1236519258,1492,1703,0,0
1236521258,1494,1705,0,0
1236523258,1487,1709,0,0
1236525258,1492,1705,0,0
1236527258,1493,1705,0,0
1236529258,1496,1705,0,0
1236531258,1492,1705,0,0
1236533258,1488,1702,0,0
1236535258,1494,1697,0,0
1236537258,1500,1694,0,0
1236539258,1491,1704,0,0
1236541258,1500,1709,0,0
1236543258,1491,1697,0,0
1236545258,1496,1696,0,0
1236547258,1495,1704,0,0
1236549258,1498,1704,0,0
1236551258,1496,1706,0,0
1236553258,1500,1703,0,0
1236555258,1490,1706,0,0
1236557258,1487,1709,0,0
1236559258,1492,1709,0,0
1236561258,1492,1706,0,0
1236563258,1492,1705,0,0
1236565258,1494,1706,0,0
1236567258,1487,1701,0,0
1236569258,1495,1708,0,0
1236571258,1493,1702,0,0
1236573258,1492,1702,0,0
1236575258,1496,1701,0,0
1236577258,1487,1695,0,0
1236579258,1500,1697,0,0
1236581258,1492,1709,0,0
1236583258,1492,1707,0,0
1236585258,1499,1706,0,0
1236587258,1500,1702,0,0
1236589258,1492,1706,0,0
1236591258,1500,1705,0,0
1236593258,1495,1707,0,0
1236595258,1491,1705,0,0
1236597258,1496,1706,0,0
1236599258,1492,1707,0,0
1236601258,1496,1697,0,0
1236603258,1492,1709,0,0
1236605258,1492,1701,0,0
1236607258,1490,1705,0,0
1236609258,1494,1706,0,0
1236611258,1497,1706,0,0
1236613258,1495,1705,0,0
1236615258,1489,1701,0,0
1236617258,1501,1705,0,0
1236619258,1491,1705,0,0
1236621258,1498,1696,0,0
1236623258,1492,1708,0,0
1236625258,1495,1697,0,0
1236627258,1487,1705,0,0
1236629258,1487,1705,0,0
1236631258,1500,1714,0,0
1236633258,1494,1705,0,0
1236635258,1489,1697,0,0
1236637258,1491,1701,0,0
1236639258,1488,1697,0,0
1236641258,1499,1701,0,0
1236643258,1495,1697,0,0
1236645258,1492,1702,0,0
1236647258,1492,1704,0,0
1236649258,1488,1707,0,0
1236651258,1490,1704,0,0
1236653258,1495,1702,0,0
1236655258,1489,1709,0,0
1236657258,1495,1705,0,0
1236659258,1501,1702,0,0
1236661258,1492,1705,0,0
1236663258,1492,1695,0,0
1236665258,1497,1702,0,0
1236667258,1501,1705,0,0
1236669258,1487,1707,0,0
1236671258,1497,1703,255,1
1236673258,1483,1656,255,1
1236675258,1476,1611,255,1
1236677258,1464,1568,255,1
1236679258,1451,1522,255,1
1236681258,1441,1489,255,1
1236683258,1436,1448,255,1
1236685258,1439,1417,255,1
1236687258,1423,1388,255,0
1236689258,1412,1348,255,0
1236691258,1411,1320,255,0
1236693258,1404,1287,255,0
1236695258,1400,1269,255,0
1236697258,1395,1245,255,0
1236699258,1384,1223,255,0
1236701258,1371,1208,255,0
1236703258,1385,1185,255,0
1236705258,1371,1167,255,0
1236707258,1364,1155,255,0
1236709258,1364,1150,255,0
1236711258,1368,1126,255,0
1236713258,1358,1118,255,0
1236715258,1363,1103,255,0
1236717258,1352,1103,255,0
1236719258,1358,1081,255,0
1236721258,1356,1077,255,0
1236723258,1351,1066,255,0
1236725258,1359,1059,255,0
1236727258,1347,1053,255,0
1236729258,1335,1043,255,0
1236731258,1339,1043,255,0
1236733258,1338,1047,255,0
1236735258,1336,1043,255,0
1236737258,1337,1036,255,0
1236739258,1338,1031,255,0
1236741258,1344,1032,255,0
1236743258,1333,1025,255,0
1236745258,1337,1023,255,0
1236747258,1333,1025,255,0
1236749258,1335,1020,255,0
1236751258,1345,1013,255,0
1236753258,1340,1010,255,0
1236755258,1336,1011,255,0
1236757258,1325,1005,255,0
1236759258,1331,1004,255,0
1236761258,1341,1009,255,0
1236763258,1340,1003,255,0
1236765258,1333,1003,255,0
1236767258,1337,1009,255,0
1236769258,1332,1009,255,0
1236771258,1333,1000,255,0
1236773258,1333,1000,255,0
1236775258,1333,1001,255,0
1236777258,1329,1000,255,0
1236779258,1320,999,255,0
1236781258,1320,999,255,0
1236783258,1316,993,255,0
1236785258,1306,1002,255,0
1236787258,1296,993,255,0
1236789258,1288,998,255,0
1236791258,1273,995,255,0
1236793258,1264,986,255,0
1236795258,1245,984,255,0
1236797258,1241,984,255,0
1236799258,1214,980,255,0
1236801258,1202,973,255,0
1236803258,1184,975,255,0
1236805258,1155,990,255,0
1236807258,1110,1243,255,0
1236809258,1100,1275,255,0
1236811258,1097,1276,255,0
1236813258,1100,1276,255,0
1236815258,1097,1278,255,0
1236817258,1091,1274,255,0
1236819258,1095,1270,255,0
1236821258,1095,1269,0,0
1236823258,1117,1319,0,0
1236825258,1143,1344,0,0
1236827258,1177,1370,0,0
1236829258,1195,1408,0,0
1236831258,1218,1423,0,0
1236833258,1233,1444,0,0
1236835258,1256,1469,0,0
1236837258,1277,1492,0,0
1236839258,1284,1505,0,0
1236841258,1299,1524,0,0
1236843258,1316,1536,0,0
1236845258,1321,1549,0,0
1236847258,1337,1564,0,0
1236849258,1351,1573,0,0
1236851258,1369,1581,0,0
1236853258,1371,1603,0,0
1236855258,1386,1597,0,0
1236857258,1371,1610,0,0
1236859258,1396,1619,0,0
1236861258,1412,1626,0,0
1236863258,1417,1638,0,0
1236865258,1420,1641,0,0
1236867258,1427,1645,0,0
1236869258,1424,1655,0,0
1236871258,1432,1662,0,0
1236873258,1434,1661,0,0
1236875258,1440,1654,0,0
1236877258,1448,1672,0,0
1236879258,1452,1673,0,0
1236881258,1460,1681,0,0
1236883258,1460,1680,0,0
1236885258,1460,1689,0,0
1236887258,1460,1683,0,0
1236889258,1466,1685,0,0
1236891258,1469,1692,0,0
1236893258,1472,1697,0,0
1236895258,1476,1697,0,0
1236897258,1476,1696,0,0
1236899258,1475,1701,0,0
1236901258,1478,1703,0,0
1236903258,1479,1707,0,0
1236905258,1487,1704,0,0
1236907258,1485,1702,0,0
1236909258,1486,1704,0,0
1236911258,1483,1702,0,0
1236913258,1476,1700,0,0
1236915258,1485,1704,0,0
1236917258,1487,1701,0,0
1236919258,1489,1703,0,0
1236921258,1488,1699,0,0
1236923258,1492,1705,0,0
1236925258,1489,1696,0,0
1236927258,1489,1701,0,0
1236929258,1492,1700,0,0
1236931258,1492,1696,0,0
1236933258,1487,1703,0,0
1236935258,1489,1701,0,0
1236937258,1487,1701,0,0
1236939258,1488,1692,0,0
1236941258,1495,1705,0,0
1236943258,1492,1700,0,0
1236945258,1496,1705,0,0
1236947258,1494,1697,0,0
1236949258,1487,1701,0,0
1236951258,1501,1708,0,0
1236953258,1492,1702,0,0
1236955258,1492,1702,0,0
1236957258,1496,1702,0,0
1236959258,1498,1704,0,0
1236961258,1500,1697,0,0
1236963258,1492,1706,0,0
1236965258,1491,1705,0,0
1236967258,1487,1705,0,0
1236969258,1485,1704,0,0
1236971258,1479,1705,0,0
1236973258,1491,1697,0,0
1236975258,1481,1705,0,0
1236977258,1484,1702,0,0
1236979258,1481,1704,0,0
1236981258,1475,1705,0,0
1236983258,1477,1704,0,0
1236985258,1486,1713,0,0
1236987258,1479,1699,0,0
1236989258,1486,1705,0,0
1236991258,1483,1704,0,0
1236993258,1484,1705,0,0
1236995258,1487,1699,0,0
1236997258,1491,1709,0,0
1236999258,1492,1709,0,0
1237001258,1489,1700,0,0
1237003258,1492,1701,0,0
1237005258,1492,1701,0,0
1237007258,1487,1702,0,0
1237009258,1490,1700,0,0
1237011258,1492,1701,0,0
1237013258,1489,1705,0,0
1237015258,1498,1706,0,0
1237017258,1498,1701,0,0
1237019258,1489,1701,0,0
1237021258,1500,1702,0,0
1237023258,1495,1709,0,0
1237025258,1495,1704,0,0
1237027258,1499,1709,0,0
1237029258,1492,1705,0,0
1237031258,1497,1704,0,0
1237033258,1488,1705,0,0
1237035258,1492,1701,0,0
1237037258,1500,1697,0,0
1237039258,1488,1705,0,0
1237041258,1494,1706,0,0
1237043258,1488,1701,0,0
1237045258,1494,1706,0,0
1237047258,1489,1702,0,0
1237049258,1494,1701,0,0
1237051258,1496,1701,0,0
1237053258,1500,1704,0,0
1237055258,1496,1713,0,0
1237057258,1489,1705,0,0
1237059258,1492,1703,0,0
1237061258,1491,1703,0,0
1237063258,1485,1702,0,0
1237065258,1488,1703,0,0
1237067258,1487,1702,0,0
1237069258,1492,1697,0,0
1237071258,1492,1696,0,0
1237073258,1491,1702,0,0
1237075258,1495,1707,0,0
1237077258,1491,1703,0,0
1237079258,1496,1705,0,0
1237081258,1492,1701,0,0
1237083258,1499,1712,0,0
1237085258,1487,1707,0,0
1237087258,1497,1703,0,0
1237089258,1488,1707,0,0
1237091258,1495,1709,0,0
1237093258,1492,1716,0,0
1237095258,1493,1706,0,0
1237097258,1487,1697,0,0
1237099258,1500,1705,0,0
1237101258,1496,1703,0,0
1237103258,1492,1699,0,0
1237105258,1497,1700,0,0
1237107258,1490,1696,0,0
1237109258,1490,1705,0,0
1237111258,1500,1709,0,0
1237113258,1492,1705,0,0
1237115258,1504,1700,0,0
1237117258,1488,1705,0,0
1237119258,1496,1702,0,0
1237121258,1492,1702,0,0
1237123258,1492,1704,0,0
1237125258,1500,1695,0,0
1237127258,1500,1700,0,0
1237129258,1496,1705,0,0
1237131258,1492,1713,0,0
1237133258,1497,1701,0,0
1237135258,1492,1701,0,0
1237137258,1492,1704,0,0
1237139258,1490,1709,0,0
1237141258,1497,1706,0,0
1237143258,1494,1710,0,0
1237145258,1492,1701,0,0
1237147258,1499,1704,0,0
1237149258,1494,1704,0,0
1237151258,1498,1709,0,0
1237153258,1499,1702,0,0
1237155258,1492,1704,0,0
1237157258,1488,1704,0,0
1237159258,1492,1709,0,0
1237161258,1497,1697,0,0
1237163258,1497,1697,0,0
1237165258,1497,1710,0,0
1237167258,1498,1700,0,0
1237169258,1504,1701,0,0
1237171258,1496,1707,0,0
1237173258,1496,1705,0,0
1237175258,1492,1701,0,0
1237177258,1508,1699,0,0
1237179258,1499,1705,0,0
1237181258,1502,1705,0,0
1237183258,1489,1705,0,0
1237185258,1488,1704,0,0
1237187258,1499,1704,0,0
1237189258,1501,1707,0,0
1237191258,1500,1698,0,0
1237193258,1489,1697,0,0
1237195258,1495,1704,0,0
1237197258,1503,1702,0,0
1237199258,1497,1701,0,0
1237201258,1498,1706,0,0
1237203258,1496,1704,0,0
1237205258,1496,1702,0,0
1237207258,1488,1703,0,0
1237209258,1495,1702,0,0
1237211258,1495,1709,0,0
1237213258,1500,1702,0,0
1237215258,1496,1706,0,0
1237217258,1492,1696,0,0
1237219258,1497,1707,0,0
1237221258,1497,1700,0,0
1237223258,1492,1704,0,0
1237225258,1504,1707,0,0
1237227258,1494,1699,0,0
1237229258,1500,1713,0,0
1237231258,1495,1704,0,0
1237233258,1495,1706,0,0
1237235258,1500,1709,0,0
1237237258,1501,1702,0,0
1237239258,1488,1708,0,0
1237241258,1498,1707,0,0
1237243258,1496,1701,0,0
1237245258,1494,1701,0,0
1237247258,1488,1703,0,0
1237249258,1495,1708,0,0
1237251258,1495,1709,0,0
1237253258,1496,1704,0,0
1237255258,1491,1707,0,0
1237257258,1504,1703,0,0
1237259258,1496,1705,0,0
1237261258,1504,1706,0,0
1237263258,1498,1707,0,0
1237265258,1492,1704,0,0
1237267258,1495,1702,0,0
1237269258,1488,1705,0,0
1237271258,1497,1706,0,0
1237273258,1492,1703,0,0
1237275258,1496,1696,0,0
1237277258,1495,1709,0,0
1237279258,1487,1701,0,0
1237281258,1497,1699,0,0
1237283258,1496,1707,0,0
1237285258,1486,1702,0,0
1237287258,1499,1707,0,0
1237289258,1492,1693,0,0
1237291258,1492,1704,0,0
1237293258,1488,1705,0,0
1237295258,1498,1709,0,0
1237297258,1491,1697,0,0
1237299258,1500,1700,0,0
1237301258,1492,1704,0,0
1237303258,1492,1710,0,0
1237305258,1495,1712,0,0
1237307258,1492,1709,0,0
1237309258,1499,1709,0,0
1237311258,1499,1701,0,0
1237313258,1500,1705,0,0
1237315258,1495,1708,0,0
1237317258,1495,1709,0,0
1237319258,1492,1707,0,0
1237321258,1496,1706,0,0
1237323258,1492,1701,0,0
1237325258,1495,1704,0,0
1237327258,1495,1705,0,0
1237329258,1502,1704,0,0
1237331258,1492,1709,0,0
1237333258,1500,1708,0,0
1237335258,1498,1704,0,0
1237337258,1499,1697,0,0
1237339258,1504,1709,0,0
1237341258,1496,1704,0,0
1237343258,1500,1703,0,0
1237345258,1495,1702,0,0
1237347258,1498,1697,0,0
1237349258,1499,1704,0,0
1237351258,1496,1697,0,0
1237353258,1500,1701,0,0
1237355258,1503,1697,0,0
1237357258,1494,1701,0,0
1237359258,1498,1701,0,0
1237361258,1499,1706,0,0
1237363258,1491,1702,0,0
1237365258,1498,1700,0,0
1237367258,1492,1705,0,0
1237369258,1500,1703,0,0
1237371258,1492,1703,0,0
1237373258,1492,1704,0,0
1237375258,1489,1697,0,0
1237377258,1500,1705,0,0
1237379258,1500,1709,0,0
1237381258,1503,1706,0,0
1237383258,1494,1706,0,0
1237385258,1496,1695,0,0
1237387258,1500,1705,0,0
1237389258,1487,1702,0,0
1237391258,1500,1704,0,0
1237393258,1497,1712,0,0
1237395258,1504,1696,0,0
1237397258,1503,1707,0,0
1237399258,1499,1693,0,0
1237401258,1497,1696,0,0
1237403258,1507,1700,0,0
1237405258,1492,1702,0,0
1237407258,1496,1696,0,0
1237409258,1489,1702,0,0
1237411258,1492,1701,0,0
1237413258,1499,1706,0,0
1237415258,1499,1699,0,0
1237417258,1497,1706,0,0
1237419258,1496,1707,0,0
1237421258,1500,1695,0,0
1237423258,1490,1705,0,0
1237425258,1488,1703,0,0
1237427258,1492,1705,0,0
1237429258,1499,1705,0,0
1237431258,1488,1702,0,0
1237433258,1499,1708,0,0
1237435258,1500,1692,0,0
1237437258,1497,1705,0,0
1237439258,1492,1693,0,0
1237441258,1492,1707,0,0
1237443258,1495,1705,0,0
1237445258,1492,1700,0,0
1237447258,1486,1706,0,0
1237449258,1492,1700,0,0
1237451258,1495,1709,0,0
1237453258,1501,1695,0,0
1237455258,1500,1702,0,0
1237457258,1488,1704,0,0
1237459258,1499,1709,0,0
1237461258,1504,1705,0,0
1237463258,1492,1695,0,0
1237465258,1494,1697,0,0
1237467258,1496,1701,0,0
1237469258,1492,1705,0,0
1237471258,1490,1692,0,0
1237473258,1497,1701,0,0
1237475258,1489,1709,0,0
1237477258,1498,1697,0,0
1237479258,1495,1702,0,0
1237481258,1498,1709,0,0
1237483258,1495,1706,0,0
1237485258,1504,1707,0,0
1237487258,1504,1704,0,0
1237489258,1496,1701,0,0
1237491258,1504,1705,0,0
1237493258,1495,1709,0,0
1237495258,1494,1700,0,0
1237497258,1492,1697,0,0
1237499258,1507,1702,0,0
1237501258,1494,1713,0,0
1237503258,1496,1705,0,0
1237505258,1507,1703,0,0
1237507258,1497,1706,0,0
1237509258,1494,1709,0,0
1237511258,1500,1706,0,0
1237513258,1497,1696,0,0
1237515258,1492,1702,0,0
1237517258,1496,1705,0,0
1237519258,1505,1705,0,0
1237521258,1498,1704,0,0
1237523258,1491,1705,0,0
1237525258,1499,1702,0,0
1237527258,1497,1701,0,0
1237529258,1500,1705,0,0
1237531258,1488,1703,0,0
1237533258,1495,1701,0,0
1237535258,1500,1697,0,0
1237537258,1505,1702,0,0
1237539258,1494,1699,0,0
1237541258,1497,1704,0,0
1237543258,1499,1702,0,0
1237545258,1504,1705,0,0
1237547258,1502,1703,0,0
1237549258,1498,1703,0,0
1237551258,1494,1707,0,0
1237553258,1495,1701,0,0
1237555258,1500,1697,0,0
1237557258,1489,1702,0,0
1237559258,1495,1708,0,0
1237561258,1495,1704,0,0
1237563258,1489,1700,0,0
1237565258,1492,1706,0,0
1237567258,1504,1712,0,0
1237569258,1491,1703,0,0
1237571258,1492,1705,0,0
1237573258,1492,1701,0,0
1237575258,1491,1703,0,0
1237577258,1492,1705,0,0
1237579258,1495,1705,0,0
1237581258,1494,1705,0,0
1237583258,1504,1701,0,0
1237585258,1504,1704,0,0
1237587258,1499,1706,0,0
1237589258,1490,1709,0,0
1237591258,1500,1703,0,0
1237593258,1495,1703,0,0
1237595258,1495,1704,0,0
1237597258,1498,1701,0,0
1237599258,1495,1704,0,0
1237601258,1495,1701,0,0
1237603258,1489,1703,0,0
1237605258,1496,1705,0,0
1237607258,1500,1707,0,0
1237609258,1491,1699,0,0
1237611258,1498,1712,0,0
1237613258,1496,1705,0,0
1237615258,1495,1705,0,0
1237617258,1493,1705,0,0
1237619258,1492,1705,0,0
1237621258,1490,1701,255,1
1237623258,1478,1653,255,1
1237625258,1485,1615,255,1
1237627258,1462,1572,255,1
1237629258,1461,1521,255,1
1237631258,1449,1487,255,1
1237633258,1442,1456,255,1
1237635258,1433,1419,255,1
1237637258,1422,1371,255,0
1237639258,1423,1348,255,0
1237641258,1411,1319,255,0
1237643258,1408,1293,255,0
1237645258,1406,1267,255,0
1237647258,1397,1249,255,0
1237649258,1396,1219,255,0
1237651258,1387,1206,255,0
1237653258,1371,1179,255,0
1237655258,1368,1171,255,0
1237657258,1371,1158,255,0
1237659258,1371,1143,255,0
1237661258,1360,1129,255,0
1237663258,1364,1116,255,0
1237665258,1360,1099,255,0
1237667258,1359,1102,255,0
1237669258,1359,1083,255,0
1237671258,1348,1077,255,0
1237673258,1355,1067,255,0
1237675258,1350,1065,255,0
1237677258,1348,1052,255,0
1237679258,1344,1049,255,0
1237681258,1345,1050,255,0
1237683258,1340,1037,255,0
1237685258,1346,1037,255,0
1237687258,1335,1030,255,0
1237689258,1339,1030,255,0
1237691258,1344,1021,255,0
1237693258,1334,1017,255,0
1237695258,1331,1019,255,0
1237697258,1342,1015,255,0
1237699258,1339,1019,255,0
1237701258,1337,1014,255,0
1237703258,1336,1006,255,0
1237705258,1333,1017,255,0
1237707258,1328,1011,255,0
1237709258,1333,1010,255,0
1237711258,1328,1011,255,0
1237713258,1332,1010,255,0
1237715258,1332,1005,255,0
1237717258,1322,1003,255,0
1237719258,1332,1000,255,0
1237721258,1333,1000,255,0
1237723258,1326,1006,255,0
1237725258,1319,1006,255,0
1237727258,1319,1001,255,0
1237729258,1316,1000,255,0
1237731258,1312,999,255,0
1237733258,1300,1000,255,0
1237735258,1292,996,255,0
1237737258,1283,994,255,0
1237739258,1281,990,255,0
1237741258,1265,989,255,0
1237743258,1246,975,255,0
1237745258,1236,983,255,0
1237747258,1212,976,255,0
1237749258,1204,991,255,0
1237751258,1171,1002,255,0
1237753258,1124,1255,255,0
1237755258,1108,1268,255,0
1237757258,1102,1274,255,0
1237759258,1101,1268,255,0
1237761258,1097,1270,255,0
1237763258,1103,1277,255,0
1237765258,1099,1269,255,0
1237767258,1092,1268,255,0
1237769258,1095,1270,255,0
1237771258,1091,1267,0,0
1237773258,1123,1305,0,0
1237775258,1152,1340,0,0
1237777258,1171,1364,0,0
1237779258,1202,1398,0,0
1237781258,1226,1424,0,0
1237783258,1239,1440,0,0
1237785258,1256,1468,0,0
1237787258,1275,1489,0,0
1237789258,1291,1504,0,0
1237791258,1311,1521,0,0
1237793258,1317,1529,0,0
1237795258,1328,1555,0,0
1237797258,1348,1558,0,0
1237799258,1351,1577,0,0
1237801258,1368,1582,0,0
1237803258,1371,1589,0,0
1237805258,1391,1606,0,0
1237807258,1392,1608,0,0
1237809258,1407,1618,0,0
1237811258,1418,1628,0,0
1237813258,1421,1632,0,0
1237815258,1432,1641,0,0
1237817258,1436,1643,0,0
1237819258,1432,1650,0,0
1237821258,1437,1654,0,0
1237823258,1444,1662,0,0
1237825258,1450,1667,0,0
1237827258,1454,1667,0,0
1237829258,1456,1675,0,0
1237831258,1452,1678,0,0
1237833258,1464,1679,0,0
1237835258,1466,1677,0,0
1237837258,1472,1681,0,0
1237839258,1474,1687,0,0
1237841258,1476,1688,0,0
1237843258,1480,1678,0,0
1237845258,1479,1692,0,0
1237847258,1480,1688,0,0
1237849258,1482,1687,0,0
1237851258,1487,1696,0,0
1237853258,1487,1699,0,0
1237855258,1488,1694,0,0
1237857258,1487,1697,0,0
1237859258,1490,1692,0,0
1237861258,1489,1697,0,0
1237863258,1491,1699,0,0
1237865258,1488,1692,0,0
1237867258,1499,1692,0,0
1237869258,1492,1693,0,0
1237871258,1488,1701,0,0
1237873258,1495,1699,0,0
1237875258,1491,1699,0,0
1237877258,1501,1701,0,0
1237879258,1500,1697,0,0
1237881258,1500,1702,0,0
1237883258,1489,1710,0,0
1237885258,1501,1694,0,0
1237887258,1502,1705,0,0
1237889258,1501,1696,0,0
1237891258,1492,1703,0,0
1237893258,1500,1707,0,0
1237895258,1496,1696,0,0
1237897258,1504,1695,0,0
1237899258,1497,1701,0,0
1237901258,1501,1701,0,0
1237903258,1475,1709,0,0
1237905258,1479,1701,0,0
1237907258,1488,1703,0,0
1237909258,1483,1704,0,0
1237911258,1487,1700,0,0
1237913258,1487,1705,0,0
1237915258,1479,1705,0,0
1237917258,1497,1699,0,0
1237919258,1487,1692,0,0
1237921258,1487,1696,0,0
1237923258,1494,1702,0,0
1237925258,1492,1709,0,0
1237927258,1494,1697,0,0
1237929258,1490,1706,0,0
1237931258,1491,1705,0,0
1237933258,1496,1705,0,0
1237935258,1497,1702,0,0
1237937258,1487,1704,0,0
1237939258,1501,1705,0,0
1237941258,1495,1701,0,0
1237943258,1500,1712,0,0
1237945258,1496,1705,0,0
1237947258,1494,1705,0,0
1237949258,1489,1701,0,0
1237951258,1487,1704,0,0
1237953258,1494,1704,0,0
1237955258,1497,1709,0,0
1237957258,1495,1705,0,0
1237959258,1488,1700,0,0
1237961258,1496,1706,0,0
1237963258,1489,1702,0,0
1237965258,1497,1701,0,0
1237967258,1504,1701,0,0
1237969258,1492,1705,0,0
1237971258,1492,1702,0,0
1237973258,1492,1705,0,0
1237975258,1496,1702,0,0
1237977258,1494,1705,0,0
1237979258,1489,1701,0,0
1237981258,1498,1709,0,0
1237983258,1496,1705,0,0
1237985258,1500,1709,0,0
1237987258,1497,1709,0,0
1237989258,1499,1712,0,0
1237991258,1501,1707,0,0
1237993258,1499,1705,0,0
1237995258,1490,1709,0,0
1237997258,1500,1703,0,0
1237999258,1498,1701,0,0
1238001258,1489,1705,0,0
1238003258,1499,1707,0,0
1238005258,1491,1701,0,0
1238007258,1496,1697,0,0
1238009258,1496,1712,0,0
1238011258,1495,1702,0,0
1238013258,1492,1707,0,0
1238015258,1499,1705,0,0
1238017258,1495,1703,0,0
1238019258,1495,1697,0,0
1238021258,1492,1693,0,0
1238023258,1495,1707,0,0
1238025258,1488,1705,0,0
1238027258,1499,1706,0,0
1238029258,1487,1704,0,0
1238031258,1504,1701,0,0
1238033258,1497,1703,0,0
1238035258,1496,1695,0,0
1238037258,1492,1707,0,0
1238039258,1498,1706,0,0
1238041258,1498,1703,0,0
1238043258,1497,1696,0,0
1238045258,1490,1701,0,0
1238047258,1502,1703,0,0
1238049258,1496,1700,0,0
1238051258,1487,1704,0,0
1238053258,1504,1701,0,0
1238055258,1504,1696,0,0
1238057258,1504,1703,0,0
1238059258,1502,1708,0,0
1238061258,1502,1704,0,0
1238063258,1501,1702,0,0
1238065258,1497,1697,0,0
1238067258,1496,1704,0,0
1238069258,1494,1697,0,0
1238071258,1502,1692,0,0
1238073258,1499,1706,0,0
1238075258,1500,1701,0,0
1238077258,1494,1709,0,0
1238079258,1504,1703,0,0
1238081258,1500,1699,0,0
1238083258,1495,1702,0,0
1238085258,1498,1708,0,0
1238087258,1488,1703,0,0
1238089258,1504,1707,0,0
1238091258,1492,1701,0,0
1238093258,1499,1708,0,0
1238095258,1494,1704,0,0
1238097258,1495,1694,0,0
1238099258,1498,1710,0,0
1238101258,1496,1704,0,0
1238103258,1500,1705,0,0
1238105258,1488,1704,0,0
1238107258,1492,1705,0,0
1238109258,1500,1705,0,0
1238111258,1502,1702,0,0
1238113258,1496,1705,0,0
1238115258,1498,1701,0,0
1238117258,1495,1706,0,0
1238119258,1490,1706,0,0
1238121258,1500,1701,0,0
1238123258,1501,1701,0,0
1238125258,1497,1699,0,0
1238127258,1499,1706,0,0
1238129258,1500,1704,0,0
1238131258,1496,1706,0,0
1238133258,1497,1699,0,0
1238135258,1492,1709,0,0
1238137258,1494,1704,0,0
1238139258,1499,1702,0,0
1238141258,1505,1700,0,0
1238143258,1507,1705,0,0
1238145258,1498,1699,0,0
1238147258,1497,1705,0,0
1238149258,1499,1704,0,0
1238151258,1500,1709,0,0
1238153258,1500,1707,0,0
1238155258,1503,1705,0,0
1238157258,1492,1709,0,0
1238159258,1500,1701,0,0
1238161258,1501,1705,0,0
1238163258,1500,1699,0,0
1238165258,1497,1700,0,0
1238167258,1499,1706,0,0
1238169258,1496,1702,0,0
1238171258,1510,1692,0,0
1238173258,1500,1702,0,0
1238175258,1494,1708,0,0
1238177258,1500,1703,0,0
1238179258,1502,1706,0,0
1238181258,1498,1700,0,0
1238183258,1505,1702,0,0
1238185258,1491,1693,0,0
1238187258,1499,1709,0,0
1238189258,1499,1702,0,0
1238191258,1498,1707,0,0
1238193258,1501,1703,0,0
1238195258,1495,1704,0,0
1238197258,1497,1704,0,0
1238199258,1502,1709,0,0
1238201258,1502,1705,0,0
1238203258,1499,1697,0,0
1238205258,1504,1702,0,0
1238207258,1504,1705,0,0
1238209258,1498,1702,0,0
1238211258,1505,1702,0,0
1238213258,1497,1694,0,0
1238215258,1495,1713,0,0
1238217258,1504,1703,0,0
1238219258,1496,1704,0,0
1238221258,1497,1709,0,0
1238223258,1496,1705,0,0
1238225258,1502,1704,0,0
1238227258,1498,1704,0,0
1238229258,1495,1704,0,0
1238231258,1500,1699,0,0
1238233258,1504,1704,0,0
1238235258,1501,1704,0,0
1238237258,1504,1707,0,0
1238239258,1500,1702,0,0
1238241258,1502,1701,0,0
1238243258,1499,1703,0,0
1238245258,1495,1706,0,0
1238247258,1504,1705,0,0
1238249258,1499,1704,0,0
1238251258,1495,1700,0,0
1238253258,1496,1705,0,0
1238255258,1499,1701,0,0
1238257258,1497,1696,0,0
1238259258,1497,1710,0,0
1238261258,1500,1704,0,0
1238263258,1497,1704,0,0
1238265258,1496,1697,0,0
1238267258,1498,1701,0,0
1238269258,1492,1701,0,0
1238271258,1499,1705,0,0
1238273258,1505,1697,0,0
1238275258,1495,1704,0,0
1238277258,1494,1702,0,0
1238279258,1500,1701,0,0
1238281258,1497,1705,0,0
1238283258,1499,1706,0,0
1238285258,1501,1702,0,0
1238287258,1497,1704,0,0
1238289258,1498,1705,0,0
1238291258,1501,1705,0,0
1238293258,1494,1700,0,0
1238295258,1496,1696,0,0
1238297258,1499,1702,0,0
1238299258,1500,1702,0,0
1238301258,1497,1697,0,0
1238303258,1502,1697,0,0
1238305258,1494,1701,0,0
1238307258,1497,1702,0,0
1238309258,1492,1706,0,0
1238311258,1497,1706,0,0
1238313258,1499,1701,0,0
1238315258,1492,1701,0,0
1238317258,1499,1705,0,0
1238319258,1496,1703,0,0
1238321258,1494,1697,0,0
1238323258,1496,1702,0,0
1238325258,1501,1704,0,0
1238327258,1500,1706,0,0
1238329258,1500,1707,0,0
1238331258,1500,1706,0,0
1238333258,1494,1694,0,0
1238335258,1501,1705,0,0
1238337258,1498,1705,0,0
1238339258,1496,1701,0,0
1238341258,1497,1699,0,0
1238343258,1493,1709,0,0
1238345258,1505,1699,0,0
1238347258,1497,1706,0,0
1238349258,1499,1701,0,0
1238351258,1495,1705,0,0
1238353258,1508,1711,0,0
1238355258,1489,1706,0,0
1238357258,1497,1704,0,0
1238359258,1503,1706,0,0
1238361258,1511,1701,0,0
1238363258,1501,1710,0,0
1238365258,1498,1693,0,0
1238367258,1499,1712,0,0
1238369258,1500,1705,0,0
1238371258,1499,1708,0,0
1238373258,1508,1704,0,0
1238375258,1504,1703,0,0
1238377258,1500,1705,0,0
1238379258,1503,1702,0,0
1238381258,1502,1705,0,0
1238383258,1492,1705,0,0
1238385258,1492,1697,0,0
1238387258,1491,1706,0,0
1238389258,1497,1705,0,0
1238391258,1500,1697,0,0
1238393258,1495,1709,0,0
1238395258,1499,1697,0,0
1238397258,1499,1708,0,0
1238399258,1498,1700,0,0
1238401258,1497,1697,0,0
1238403258,1504,1709,0,0
1238405258,1499,1701,0,0
1238407258,1496,1703,0,0
1238409258,1502,1705,0,0
1238411258,1492,1713,0,0
1238413258,1500,1709,0,0
1238415258,1493,1705,0,0
1238417258,1501,1707,0,0
1238419258,1499,1705,0,0
1238421258,1499,1709,0,0
1238423258,1499,1697,0,0
1238425258,1500,1705,0,0
1238427258,1495,1702,0,0
1238429258,1508,1707,0,0
1238431258,1492,1702,0,0
1238433258,1500,1706,0,0
1238435258,1499,1706,0,0
1238437258,1499,1704,0,0
1238439258,1508,1701,0,0
1238441258,1495,1703,0,0
1238443258,1501,1709,0,0
1238445258,1494,1707,0,0
1238447258,1500,1701,0,0
1238449258,1498,1706,0,0
1238451258,1497,1701,0,0
1238453258,1500,1708,0,0
1238455258,1497,1701,0,0
1238457258,1496,1706,0,0
1238459258,1504,1697,0,0
1238461258,1504,1701,0,0
1238463258,1504,1709,0,0
1238465258,1500,1701,0,0
1238467258,1499,1708,0,0
1238469258,1497,1700,0,0
1238471258,1491,1704,0,0
1238473258,1504,1713,0,0
1238475258,1499,1697,0,0
1238477258,1499,1700,0,0
1238479258,1500,1699,0,0
1238481258,1503,1712,0,0
1238483258,1499,1702,0,0
1238485258,1498,1707,0,0
1238487258,1501,1704,0,0
1238489258,1495,1702,0,0
1238491258,1497,1704,0,0
1238493258,1501,1701,0,0
1238495258,1499,1694,0,0
1238497258,1490,1702,0,0
1238499258,1501,1699,0,0
1238501258,1499,1707,0,0
1238503258,1496,1705,0,0
1238505258,1495,1705,0,0
1238507258,1495,1704,0,0
1238509258,1500,1703,0,0
1238511258,1496,1710,0,0
1238513258,1501,1701,0,0
1238515258,1505,1705,0,0
1238517258,1501,1703,0,0
1238519258,1504,1702,0,0
1238521258,1498,1706,0,0
1238523258,1498,1709,0,0
1238525258,1497,1707,0,0
1238527258,1499,1705,0,0
1238529258,1504,1707,0,0
1238531258,1498,1702,0,0
1238533258,1499,1709,0,0
1238535258,1496,1707,0,0
1238537258,1495,1703,0,0
1238539258,1502,1705,0,0
1238541258,1496,1701,0,0
1238543258,1495,1705,0,0
1238545258,1500,1707,0,0
1238547258,1502,1701,0,0
1238549258,1497,1705,0,0
1238551258,1500,1705,0,0
1238553258,1500,1705,0,0
1238555258,1499,1705,0,0
1238557258,1490,1694,0,0
1238559258,1492,1701,0,0
1238561258,1496,1703,0,0
1238563258,1500,1704,0,0
1238565258,1497,1700,0,0
1238567258,1496,1697,0,0
1238569258,1496,1702,0,0
1238571258,1491,1702,255,1
1238573258,1487,1658,255,1
1238575258,1483,1613,255,1
1238577258,1474,1569,255,1
1238579258,1466,1524,255,1
1238581258,1451,1492,255,1
1238583258,1440,1451,255,1
1238585258,1436,1417,255,1
1238587258,1428,1371,255,0
1238589258,1433,1346,255,0
1238591258,1420,1316,255,0
1238593258,1406,1292,255,0
1238595258,1403,1267,255,0
1238597258,1406,1243,255,0
1238599258,1386,1214,255,0
1238601258,1384,1198,255,0
1238603258,1388,1185,255,0
1238605258,1371,1170,255,0
1238607258,1371,1155,255,0
1238609258,1364,1147,255,0
1238611258,1364,1124,255,0
1238613258,1363,1119,255,0
1238615258,1360,1103,255,0
1238617258,1358,1098,255,0
1238619258,1357,1092,255,0
1238621258,1359,1074,255,0
1238623258,1359,1068,255,0
1238625258,1355,1056,255,0
1238627258,1345,1051,255,0
1238629258,1346,1051,255,0
1238631258,1352,1050,255,0
1238633258,1354,1047,255,0
1238635258,1348,1039,255,0
1238637258,1340,1037,255,0
1238639258,1348,1025,255,0
1238641258,1344,1024,255,0
1238643258,1344,1031,255,0
1238645258,1340,1026,255,0
1238647258,1346,1018,255,0
1238649258,1340,1020,255,0
1238651258,1333,1013,255,0
1238653258,1333,1015,255,0
1238655258,1333,1014,255,0
1238657258,1336,1015,255,0
1238659258,1339,1013,255,0
1238661258,1333,1006,255,0
1238663258,1332,1000,255,0
1238665258,1332,1004,255,0
1238667258,1331,1001,255,0
1238669258,1331,1000,255,0
1238671258,1332,995,255,0
1238673258,1326,1002,255,0
1238675258,1325,1001,255,0
1238677258,1315,1002,255,0
1238679258,1316,1000,255,0
1238681258,1310,993,255,0
1238683258,1308,991,255,0
1238685258,1308,1002,255,0
1238687258,1292,994,255,0
1238689258,1290,986,255,0
1238691258,1278,995,255,0
1238693258,1268,984,255,0
1238695258,1259,983,255,0
1238697258,1238,987,255,0
1238699258,1221,982,255,0
1238701258,1206,982,255,0
1238703258,1170,1011,255,0
1238705258,1127,1247,255,0
1238707258,1114,1292,255,0
1238709258,1100,1299,255,0
1238711258,1090,1292,255,0
1238713258,1085,1289,255,0
1238715258,1092,1291,255,0
1238717258,1084,1293,255,0
1238719258,1077,1290,255,0
1238721258,1086,1289,0,0
1238723258,1106,1328,0,0
1238725258,1125,1360,0,0
1238727258,1158,1392,0,0
1238729258,1185,1411,0,0
1238731258,1210,1444,0,0
1238733258,1231,1460,0,0
1238735258,1254,1487,0,0
1238737258,1269,1497,0,0
1238739258,1282,1508,0,0
1238741258,1299,1528,0,0
1238743258,1310,1549,0,0
1238745258,1325,1561,0,0
1238747258,1341,1569,0,0
1238749258,1355,1581,0,0
1238751258,1361,1589,0,0
1238753258,1371,1605,0,0
1238755258,1387,1613,0,0
1238757258,1394,1617,0,0
1238759258,1400,1618,0,0
1238761258,1414,1640,0,0
1238763258,1423,1640,0,0
1238765258,1410,1641,0,0
1238767258,1427,1647,0,0
1238769258,1431,1653,0,0
1238771258,1432,1666,0,0
1238773258,1440,1666,0,0
1238775258,1446,1666,0,0
1238777258,1451,1673,0,0
1238779258,1449,1680,0,0
1238781258,1461,1678,0,0
1238783258,1460,1681,0,0
1238785258,1460,1685,0,0
1238787258,1468,1692,0,0
1238789258,1465,1692,0,0
1238791258,1467,1689,0,0
1238793258,1475,1690,0,0
1238795258,1474,1692,0,0
1238797258,1486,1687,0,0
1238799258,1476,1697,0,0
1238801258,1478,1690,0,0
1238803258,1487,1696,0,0
1238805258,1493,1696,0,0
1238807258,1487,1694,0,0
1238809258,1494,1691,0,0
1238811258,1496,1697,0,0
1238813258,1494,1691,0,0
1238815258,1496,1702,0,0
1238817258,1487,1697,0,0
1238819258,1489,1695,0,0
1238821258,1487,1694,0,0
1238823258,1487,1697,0,0
1238825258,1488,1693,0,0
1238827258,1491,1697,0,0
1238829258,1496,1700,0,0
1238831258,1498,1693,0,0
1238833258,1494,1701,0,0
1238835258,1500,1699,0,0
1238837258,1500,1703,0,0
1238839258,1499,1713,0,0
1238841258,1500,1702,0,0
1238843258,1500,1705,0,0
1238845258,1498,1705,0,0
1238847258,1505,1697,0,0
1238849258,1489,1700,0,0
1238851258,1497,1705,0,0
1238853258,1498,1705,0,0
1238855258,1488,1702,0,0
1238857258,1486,1700,0,0
1238859258,1487,1708,0,0
1238861258,1474,1705,0,0
1238863258,1476,1700,0,0
1238865258,1489,1703,0,0
1238867258,1484,1697,0,0
1238869258,1486,1703,0,0
1238871258,1488,1700,0,0
1238873258,1486,1697,0,0
1238875258,1482,1694,0,0
1238877258,1488,1710,0,0
1238879258,1492,1700,0,0
1238881258,1487,1703,0,0
1238883258,1483,1702,0,0
1238885258,1486,1701,0,0
1238887258,1488,1705,0,0
1238889258,1488,1696,0,0
1238891258,1482,1699,0,0
1238893258,1490,1707,0,0
1238895258,1491,1697,0,0
1238897258,1487,1705,0,0
1238899258,1487,1692,0,0
1238901258,1486,1704,0,0
1238903258,1490,1707,0,0
1238905258,1486,1703,0,0
1238907258,1495,1705,0,0
1238909258,1496,1701,0,0
1238911258,1488,1707,0,0
1238913258,1484,1702,0,0
1238915258,1484,1700,0,0
1238917258,1487,1702,0,0
1238919258,1478,1709,0,0
1238921258,1485,1703,0,0
1238923258,1488,1705,0,0
1238925258,1491,1697,0,0
1238927258,1484,1706,0,0
1238929258,1489,1708,0,0
1238931258,1495,1709,0,0
1238933258,1488,1693,0,0
1238935258,1490,1705,0,0
1238937258,1488,1705,0,0
1238939258,1494,1705,0,0
1238941258,1487,1699,0,0
1238943258,1491,1703,0,0
1238945258,1490,1704,0,0
1238947258,1497,1707,0,0
1238949258,1489,1705,0,0
1238951258,1487,1709,0,0
1238953258,1487,1708,0,0
1238955258,1488,1705,0,0
1238957258,1496,1710,0,0
1238959258,1499,1716,0,0
1238961258,1492,1709,0,0
1238963258,1491,1700,0,0
1238965258,1498,1701,0,0
1238967258,1496,1705,0,0
1238969258,1489,1708,0,0
1238971258,1490,1704,0,0
1238973258,1492,1694,0,0
1238975258,1492,1693,0,0
1238977258,1488,1705,0,0
1238979258,1492,1702,0,0
1238981258,1494,1704,0,0
1238983258,1491,1709,0,0
1238985258,1489,1697,0,0
1238987258,1494,1706,0,0
1238989258,1501,1702,0,0
1238991258,1496,1696,0,0
1238993258,1498,1703,0,0
1238995258,1496,1701,0,0
1238997258,1496,1704,0,0
1238999258,1494,1704,0,0
1239001258,1492,1702,0,0
1239003258,1491,1698,0,0
1239005258,1489,1704,0,0
1239007258,1489,1693,0,0
1239009258,1494,1706,0,0
1239011258,1492,1703,0,0
1239013258,1490,1706,0,0
1239015258,1497,1701,0,0
1239017258,1487,1693,0,0
1239019258,1500,1705,0,0
1239021258,1497,1702,0,0
1239023258,1494,1705,0,0
1239025258,1493,1704,0,0
1239027258,1499,1709,0,0
1239029258,1487,1701,0,0
1239031258,1500,1702,0,0
1239033258,1497,1707,0,0
1239035258,1492,1705,0,0
1239037258,1495,1702,0,0
1239039258,1492,1697,0,0
1239041258,1496,1713,0,0
1239043258,1491,1706,0,0
1239045258,1488,1699,0,0
1239047258,1491,1704,0,0
1239049258,1487,1704,0,0
1239051258,1492,1704,0,0
1239053258,1497,1707,0,0
1239055258,1488,1704,0,0
1239057258,1498,1696,0,0
1239059258,1489,1702,0,0
1239061258,1495,1697,0,0
1239063258,1489,1707,0,0
1239065258,1492,1697,0,0
1239067258,1490,1703,0,0
1239069258,1496,1707,0,0
1239071258,1497,1704,0,0
1239073258,1490,1710,0,0
1239075258,1492,1702,0,0
1239077258,1488,1702,0,0
1239079258,1495,1707,0,0
1239081258,1489,1700,0,0
1239083258,1497,1704,0,0
1239085258,1497,1709,0,0
1239087258,1498,1693,0,0
1239089258,1492,1706,0,0
1239091258,1496,1705,0,0
1239093258,1492,1707,0,0
1239095258,1496,1702,0,0
1239097258,1495,1701,0,0
1239099258,1495,1704,0,0
1239101258,1498,1699,0,0
1239103258,1497,1704,0,0
1239105258,1496,1700,0,0
1239107258,1490,1705,0,0
1239109258,1496,1701,0,0
1239111258,1499,1706,0,0
1239113258,1495,1707,0,0
1239115258,1494,1696,0,0
1239117258,1491,1702,0,0
1239119258,1495,1699,0,0
1239121258,1499,1712,0,0
1239123258,1485,1703,0,0
1239125258,1488,1709,0,0
1239127258,1500,1699,0,0
1239129258,1488,1701,0,0
1239131258,1489,1707,0,0
1239133258,1496,1703,0,0
1239135258,1492,1697,0,0
1239137258,1492,1695,0,0
1239139258,1496,1706,0,0
1239141258,1500,1709,0,0
1239143258,1499,1709,0,0
1239145258,1490,1705,0,0
1239147258,1497,1693,0,0
1239149258,1491,1700,0,0
1239151258,1491,1703,0,0
1239153258,1492,1703,0,0
1239155258,1500,1696,0,0
1239157258,1500,1701,0,0
1239159258,1501,1705,0,0
1239161258,1487,1701,0,0
1239163258,1487,1704,0,0
1239165258,1492,1704,0,0
1239167258,1492,1702,0,0
1239169258,1495,1710,0,0
1239171258,1495,1699,0,0
1239173258,1492,1697,0,0
1239175258,1489,1705,0,0
1239177258,1489,1709,0,0
1239179258,1492,1703,0,0
1239181258,1488,1704,0,0
1239183258,1496,1697,0,0
1239185258,1488,1709,0,0
1239187258,1492,1704,0,0
1239189258,1497,1707,0,0
1239191258,1491,1705,0,0
1239193258,1485,1692,0,0
1239195258,1496,1706,0,0
1239197258,1495,1699,0,0
1239199258,1496,1703,0,0
1239201258,1492,1697,0,0
1239203258,1492,1706,0,0
1239205258,1498,1706,0,0
1239207258,1495,1704,0,0
1239209258,1489,1704,0,0
1239211258,1494,1709,0,0
1239213258,1491,1703,0,0
1239215258,1499,1707,0,0
1239217258,1487,1707,0,0
1239219258,1492,1710,0,0
1239221258,1499,1704,0,0
1239223258,1495,1702,0,0
1239225258,1489,1706,0,0
1239227258,1490,1701,0,0
1239229258,1489,1700,0,0
1239231258,1491,1704,0,0
1239233258,1488,1700,0,0
1239235258,1487,1695,0,0
1239237258,1496,1694,0,0
1239239258,1489,1705,0,0
1239241258,1491,1702,0,0
1239243258,1492,1694,0,0
1239245258,1491,1701,0,0
1239247258,1496,1703,0,0
1239249258,1492,1704,0,0
1239251258,1500,1707,0,0
1239253258,1497,1703,0,0
1239255258,1500,1697,0,0
1239257258,1500,1704,0,0
1239259258,1498,1705,0,0
1239261258,1494,1701,0,0
1239263258,1496,1713,0,0
1239265258,1499,1706,0,0
1239267258,1494,1703,0,0
1239269258,1498,1702,0,0
1239271258,1485,1705,0,0
1239273258,1492,1697,0,0
1239275258,1500,1703,0,0
1239277258,1500,1703,0,0
1239279258,1490,1705,0,0
1239281258,1503,1703,0,0
1239283258,1498,1706,0,0
1239285258,1492,1702,0,0
1239287258,1499,1705,0,0
1239289258,1497,1703,0,0
1239291258,1492,1701,0,0
1239293258,1496,1701,0,0
1239295258,1495,1704,0,0
1239297258,1491,1705,0,0
1239299258,1493,1703,0,0
1239301258,1499,1709,0,0
1239303258,1497,1702,0,0
1239305258,1492,1705,0,0
1239307258,1496,1706,0,0
1239309258,1497,1697,0,0
1239311258,1492,1703,0,0
1239313258,1500,1702,0,0
1239315258,1492,1705,0,0
1239317258,1488,1701,0,0
1239319258,1488,1701,0,0
1239321258,1496,1704,0,0
1239323258,1494,1706,0,0
1239325258,1492,1707,0,0
1239327258,1497,1704,0,0
1239329258,1501,1705,0,0
1239331258,1497,1704,0,0
1239333258,1493,1697,0,0
1239335258,1495,1704,0,0
1239337258,1494,1707,0,0
1239339258,1498,1704,0,0
1239341258,1490,1702,0,0
1239343258,1496,1707,0,0
1239345258,1488,1706,0,0
1239347258,1504,1702,0,0
1239349258,1491,1709,0,0
1239351258,1489,1700,0,0
1239353258,1499,1697,0,0
1239355258,1489,1701,0,0
1239357258,1499,1705,0,0
1239359258,1492,1713,0,0
1239361258,1495,1703,0,0
1239363258,1492,1709,0,0
1239365258,1486,1696,0,0
1239367258,1496,1705,0,0
1239369258,1500,1705,0,0
1239371258,1496,1701,0,0
1239373258,1498,1707,0,0
1239375258,1497,1697,0,0
1239377258,1495,1704,0,0
1239379258,1489,1703,0,0
1239381258,1496,1706,0,0
1239383258,1497,1705,0,0
1239385258,1492,1701,0,0
1239387258,1497,1701,0,0
1239389258,1488,1699,0,0
1239391258,1492,1698,0,0
1239393258,1492,1712,0,0
1239395258,1487,1710,0,0
1239397258,1494,1707,0,0
1239399258,1497,1702,0,0
1239401258,1500,1697,0,0
1239403258,1488,1701,0,0
1239405258,1496,1704,0,0
1239407258,1492,1709,0,0
1239409258,1491,1701,0,0
1239411258,1492,1705,0,0
1239413258,1488,1705,0,0
1239415258,1504,1710,0,0
1239417258,1492,1704,0,0
1239419258,1490,1705,0,0
1239421258,1495,1713,0,0
1239423258,1492,1705,0,0
1239425258,1494,1709,0,0
1239427258,1497,1702,0,0
1239429258,1491,1709,0,0
1239431258,1492,1701,0,0
1239433258,1499,1705,0,0
1239435258,1489,1704,0,0
1239437258,1495,1706,0,0
1239439258,1492,1705,0,0
1239441258,1496,1705,0,0
1239443258,1494,1701,0,0
1239445258,1488,1697,0,0
1239447258,1498,1701,0,0
1239449258,1494,1699,0,0
1239451258,1489,1694,0,0
1239453258,1496,1708,0,0
1239455258,1489,1696,0,0
1239457258,1489,1704,0,0
1239459258,1491,1706,0,0
1239461258,1484,1701,0,0
1239463258,1499,1701,0,0
1239465258,1488,1703,0,0
1239467258,1499,1706,0,0
1239469258,1488,1697,0,0
1239471258,1491,1703,0,0
1239473258,1500,1709,0,0
1239475258,1497,1704,0,0
1239477258,1496,1699,0,0
1239479258,1492,1704,0,0
1239481258,1494,1699,0,0
1239483258,1492,1705,0,0
1239485258,1499,1706,0,0
1239487258,1496,1705,0,0
1239489258,1496,1702,0,0
1239491258,1497,1703,0,0
1239493258,1496,1701,0,0
1239495258,1491,1702,0,0
1239497258,1491,1701,0,0
1239499258,1496,1709,0,0
1239501258,1495,1707,0,0
1239503258,1500,1705,0,0
1239505258,1500,1701,0,0
1239507258,1492,1702,0,0
1239509258,1487,1709,0,0
1239511258,1500,1700,0,0
1239513258,1495,1702,0,0
1239515258,1497,1705,0,0
1239517258,1492,1697,0,0
1239519258,1501,1699,0,0
1239521258,1485,1703,255,1
1239523258,1482,1656,255,1
1239525258,1474,1618,255,1
1239527258,1464,1566,255,1
1239529258,1458,1528,255,1
1239531258,1451,1483,255,1
1239533258,1441,1445,255,1
1239535258,1432,1423,255,1
1239537258,1430,1368,255,0
1239539258,1415,1334,255,0
1239541258,1409,1316,255,0
1239543258,1409,1280,255,0
1239545258,1408,1272,255,0
1239547258,1396,1245,255,0
1239549258,1392,1218,255,0
1239551258,1390,1196,255,0
1239553258,1371,1179,255,0
1239555258,1371,1168,255,0
1239557258,1371,1154,255,0
1239559258,1364,1135,255,0
1239561258,1370,1123,255,0
1239563258,1371,1115,255,0
1239565258,1363,1107,255,0
1239567258,1359,1092,255,0
1239569258,1359,1084,255,0
1239571258,1367,1078,255,0
1239573258,1354,1069,255,0
1239575258,1358,1059,255,0
1239577258,1359,1053,255,0
1239579258,1350,1053,255,0
1239581258,1342,1040,255,0
1239583258,1344,1038,255,0
1239585258,1353,1035,255,0
1239587258,1352,1033,255,0
1239589258,1346,1029,255,0
1239591258,1340,1026,255,0
1239593258,1337,1015,255,0
1239595258,1339,1025,255,0
1239597258,1337,1021,255,0
1239599258,1345,1013,255,0
1239601258,1336,1019,255,0
1239603258,1336,1007,255,0
1239605258,1336,1011,255,0
1239607258,1333,1012,255,0
1239609258,1333,1008,255,0
1239611258,1331,1004,255,0
1239613258,1326,1000,255,0
1239615258,1316,1002,255,0
1239617258,1320,999,255,0
1239619258,1318,1003,255,0
1239621258,1312,995,255,0
1239623258,1300,999,255,0
1239625258,1296,1001,255,0
1239627258,1289,993,255,0
1239629258,1274,980,255,0
1239631258,1267,993,255,0
1239633258,1258,983,255,0
1239635258,1243,987,255,0
1239637258,1213,988,255,0
1239639258,1205,983,255,0
1239641258,1183,979,255,0
1239643258,1163,1000,255,0
1239645258,1116,1214,255,0
1239647258,1100,1233,255,0
1239649258,1095,1231,255,0
1239651258,1092,1245,255,0
1239653258,1083,1247,255,0
1239655258,1086,1241,255,0
1239657258,1084,1240,255,0
1239659258,1091,1231,255,0
1239661258,1078,1231,255,0
1239663258,1085,1239,255,0
1239665258,1075,1233,255,0
1239667258,1077,1229,255,0
1239669258,1072,1236,255,0
1239671258,1075,1231,0,0
1239673258,1103,1269,0,0
1239675258,1132,1312,0,0
1239677258,1158,1342,0,0
1239679258,1187,1364,0,0
1239681258,1197,1398,0,0
1239683258,1232,1424,0,0
1239685258,1252,1444,0,0
1239687258,1269,1461,0,0
1239689258,1284,1484,0,0
1239691258,1297,1501,0,0
1239693258,1315,1518,0,0
1239695258,1320,1528,0,0
1239697258,1337,1544,0,0
1239699258,1348,1552,0,0
1239701258,1360,1571,0,0
1239703258,1371,1589,0,0
1239705258,1371,1589,0,0
1239707258,1371,1607,0,0
1239709258,1396,1613,0,0
1239711258,1400,1622,0,0
1239713258,1414,1628,0,0
1239715258,1417,1626,0,0
1239717258,1423,1641,0,0
1239719258,1432,1641,0,0
1239721258,1436,1649,0,0
1239723258,1436,1654,0,0
1239725258,1446,1666,0,0
1239727258,1448,1661,0,0
1239729258,1451,1668,0,0
1239731258,1451,1669,0,0
1239733258,1461,1668,0,0
1239735258,1466,1678,0,0
1239737258,1461,1684,0,0
1239739258,1469,1680,0,0
1239741258,1467,1693,0,0
1239743258,1480,1691,0,0
1239745258,1479,1692,0,0
1239747258,1473,1681,0,0
1239749258,1479,1690,0,0
1239751258,1483,1692,0,0
1239753258,1487,1692,0,0
1239755258,1485,1695,0,0
1239757258,1486,1692,0,0
1239759258,1490,1697,0,0
1239761258,1488,1693,0,0
1239763258,1485,1696,0,0
1239765258,1487,1692,0,0
1239767258,1492,1694,0,0
1239769258,1497,1702,0,0
1239771258,1492,1692,0,0
1239773258,1493,1702,0,0
1239775258,1491,1705,0,0
1239777258,1488,1697,0,0
1239779258,1492,1694,0,0
1239781258,1492,1700,0,0
1239783258,1496,1702,0,0
1239785258,1495,1705,0,0
1239787258,1489,1697,0,0
1239789258,1489,1701,0,0
1239791258,1487,1702,0,0
1239793258,1493,1707,0,0
1239795258,1488,1697,0,0
1239797258,1487,1695,0,0
1239799258,1492,1704,0,0
1239801258,1474,1702,0,0
1239803258,1483,1703,0,0
1239805258,1487,1705,0,0
1239807258,1494,1704,0,0
1239809258,1487,1705,0,0
1239811258,1499,1696,0,0
1239813258,1488,1706,0,0
1239815258,1487,1697,0,0
1239817258,1489,1709,0,0
1239819258,1493,1699,0,0
1239821258,1489,1702,0,0
1239823258,1489,1708,0,0
1239825258,1499,1705,0,0
1239827258,1492,1694,0,0
1239829258,1495,1703,0,0
1239831258,1494,1703,0,0
1239833258,1491,1705,0,0
1239835258,1491,1709,0,0
1239837258,1489,1709,0,0
1239839258,1491,1697,0,0
1239841258,1491,1701,0,0
1239843258,1496,1701,0,0
1239845258,1494,1701,0,0
1239847258,1499,1700,0,0
1239849258,1492,1713,0,0
1239851258,1499,1701,0,0
1239853258,1488,1705,0,0
1239855258,1495,1703,0,0
1239857258,1499,1707,0,0
1239859258,1495,1704,0,0
1239861258,1497,1700,0,0
1239863258,1498,1703,0,0
1239865258,1496,1705,0,0
1239867258,1499,1697,0,0
1239869258,1500,1704,0,0
1239871258,1497,1705,0,0
1239873258,1496,1701,0,0
1239875258,1492,1709,0,0
1239877258,1495,1699,0,0
1239879258,1486,1707,0,0
1239881258,1489,1705,0,0
1239883258,1487,1703,0,0
1239885258,1499,1709,0,0
1239887258,1494,1705,0,0
1239889258,1498,1703,0,0
1239891258,1498,1709,0,0
1239893258,1491,1710,0,0
1239895258,1494,1705,0,0
1239897258,1500,1705,0,0
1239899258,1495,1713,0,0
1239901258,1504,1705,0,0
1239903258,1498,1710,0,0
1239905258,1492,1701,0,0
1239907258,1498,1703,0,0
1239909258,1490,1706,0,0
1239911258,1487,1695,0,0
1239913258,1497,1707,0,0
1239915258,1490,1705,0,0
1239917258,1496,1709,0,0
1239919258,1486,1697,0,0
1239921258,1495,1705,0,0
1239923258,1489,1697,0,0
1239925258,1496,1709,0,0
1239927258,1492,1705,0,0
1239929258,1500,1707,0,0
1239931258,1487,1709,0,0
1239933258,1502,1707,0,0
1239935258,1494,1705,0,0
1239937258,1496,1704,0,0
1239939258,1500,1701,0,0
1239941258,1498,1703,0,0
1239943258,1508,1701,0,0
1239945258,1492,1706,0,0
1239947258,1496,1705,0,0
1239949258,1491,1701,0,0
1239951258,1496,1707,0,0
1239953258,1499,1702,0,0
1239955258,1496,1705,0,0
1239957258,1495,1701,0,0
1239959258,1502,1696,0,0
1239961258,1502,1705,0,0
1239963258,1500,1702,0,0
1239965258,1504,1706,0,0
1239967258,1492,1696,0,0
1239969258,1500,1705,0,0
1239971258,1495,1705,0,0
1239973258,1494,1702,0,0
1239975258,1500,1706,0,0
1239977258,1500,1709,0,0
1239979258,1494,1697,0,0
1239981258,1492,1704,0,0
1239983258,1497,1706,0,0
1239985258,1499,1697,0,0
1239987258,1500,1710,0,0
1239989258,1496,1699,0,0
1239991258,1496,1705,0,0
1239993258,1488,1706,0,0
1239995258,1490,1701,0,0
1239997258,1492,1703,0,0
1239999258,1492,1706,0,0
1240001258,1498,1705,0,0
1240003258,1504,1706,0,0
1240005258,1497,1704,0,0
1240007258,1488,1703,0,0
1240009258,1498,1703,0,0
1240011258,1496,1710,0,0
1240013258,1494,1701,0,0
1240015258,1499,1701,0,0
1240017258,1488,1707,0,0
1240019258,1498,1705,0,0
1240021258,1493,1709,0,0
1240023258,1493,1701,0,0
1240025258,1492,1696,0,0
1240027258,1502,1705,0,0
1240029258,1498,1706,0,0
1240031258,1501,1706,0,0
1240033258,1499,1705,0,0
1240035258,1495,1705,0,0
1240037258,1494,1709,0,0
1240039258,1498,1708,0,0
1240041258,1488,1697,0,0
1240043258,1497,1708,0,0
1240045258,1499,1709,0,0
1240047258,1489,1693,0,0
1240049258,1499,1705,0,0
1240051258,1498,1701,0,0
1240053258,1498,1709,0,0
1240055258,1495,1705,0,0
1240057258,1497,1704,0,0
1240059258,1496,1705,0,0
1240061258,1500,1702,0,0
1240063258,1500,1702,0,0
1240065258,1496,1706,0,0
1240067258,1499,1703,0,0
1240069258,1501,1704,0,0
1240071258,1500,1706,0,0
1240073258,1500,1708,0,0
1240075258,1496,1697,0,0
1240077258,1494,1702,0,0
1240079258,1498,1704,0,0
1240081258,1489,1707,0,0
1240083258,1489,1702,0,0
1240085258,1497,1710,0,0
1240087258,1494,1709,0,0
1240089258,1500,1701,0,0
1240091258,1492,1701,0,0
1240093258,1504,1705,0,0
1240095258,1498,1701,0,0
1240097258,1495,1707,0,0
1240099258,1485,1703,0,0
1240101258,1496,1705,0,0
1240103258,1499,1692,0,0
1240105258,1505,1705,0,0
1240107258,1495,1703,0,0
1240109258,1500,1699,0,0
1240111258,1496,1704,0,0
1240113258,1491,1701,0,0
1240115258,1497,1704,0,0
1240117258,1501,1712,0,0
1240119258,1492,1711,0,0
1240121258,1507,1710,0,0
1240123258,1496,1702,0,0
1240125258,1499,1693,0,0
1240127258,1492,1694,0,0
1240129258,1497,1709,0,0
1240131258,1491,1704,0,0
1240133258,1492,1705,0,0
1240135258,1494,1701,0,0
1240137258,1492,1697,0,0
1240139258,1497,1711,0,0
1240141258,1495,1701,0,0
1240143258,1495,1707,0,0
1240145258,1497,1705,0,0
1240147258,1489,1701,0,0
1240149258,1507,1706,0,0
1240151258,1496,1709,0,0
1240153258,1492,1699,0,0
1240155258,1504,1702,0,0
1240157258,1495,1702,0,0
1240159258,1497,1709,0,0
1240161258,1508,1696,0,0
1240163258,1492,1712,0,0
1240165258,1492,1697,0,0
1240167258,1500,1705,0,0
1240169258,1487,1700,0,0
1240171258,1498,1705,0,0
1240173258,1489,1702,0,0
1240175258,1500,1708,0,0
1240177258,1492,1709,0,0
1240179258,1492,1709,0,0
1240181258,1498,1701,0,0
1240183258,1496,1697,0,0
1240185258,1500,1702,0,0
1240187258,1491,1708,0,0
1240189258,1501,1706,0,0
1240191258,1497,1700,0,0
1240193258,1499,1701,0,0
1240195258,1492,1697,0,0
1240197258,1500,1705,0,0
1240199258,1498,1702,0,0
1240201258,1499,1705,0,0
1240203258,1498,1707,0,0
1240205258,1495,1705,0,0
1240207258,1502,1710,0,0
1240209258,1495,1707,0,0
1240211258,1500,1701,0,0
1240213258,1499,1704,0,0
1240215258,1497,1715,0,0
1240217258,1492,1703,0,0
1240219258,1507,1706,0,0
1240221258,1502,1692,0,0
1240223258,1494,1712,0,0
1240225258,1499,1702,0,0
1240227258,1505,1702,0,0
1240229258,1500,1705,0,0
1240231258,1505,1700,0,0
1240233258,1496,1704,0,0
1240235258,1498,1709,0,0
1240237258,1500,1707,0,0
1240239258,1492,1706,0,0
1240241258,1499,1700,0,0
1240243258,1491,1701,0,0
1240245258,1500,1705,0,0
1240247258,1499,1699,0,0
1240249258,1499,1709,0,0
1240251258,1491,1707,0,0
1240253258,1492,1701,0,0
1240255258,1496,1694,0,0
1240257258,1504,1710,0,0
1240259258,1492,1698,0,0
1240261258,1499,1698,0,0
1240263258,1488,1705,0,0
1240265258,1505,1715,0,0
1240267258,1498,1707,0,0
1240269258,1498,1702,0,0
1240271258,1501,1697,0,0
1240273258,1499,1702,0,0
1240275258,1501,1701,0,0
1240277258,1500,1701,0,0
1240279258,1504,1706,0,0
1240281258,1496,1694,0,0
1240283258,1490,1705,0,0
1240285258,1497,1701,0,0
1240287258,1494,1707,0,0
1240289258,1497,1705,0,0
1240291258,1499,1694,0,0
1240293258,1497,1710,0,0
1240295258,1500,1708,0,0
1240297258,1500,1705,0,0
1240299258,1500,1709,0,0
1240301258,1492,1705,0,0
1240303258,1491,1701,0,0
1240305258,1504,1709,0,0
1240307258,1499,1704,0,0
1240309258,1496,1703,0,0
1240311258,1490,1705,0,0
1240313258,1496,1705,0,0
1240315258,1497,1695,0,0
1240317258,1496,1701,0,0
1240319258,1502,1702,0,0
1240321258,1496,1706,0,0
1240323258,1499,1706,0,0
1240325258,1497,1709,0,0
1240327258,1502,1707,0,0
1240329258,1492,1709,0,0
1240331258,1502,1705,0,0
1240333258,1499,1705,0,0
1240335258,1497,1709,0,0
1240337258,1496,1699,0,0
1240339258,1489,1701,0,0
1240341258,1499,1703,0,0
1240343258,1496,1705,0,0
1240345258,1499,1705,0,0
1240347258,1497,1705,0,0
1240349258,1499,1710,0,0
1240351258,1500,1707,0,0
1240353258,1495,1703,0,0
1240355258,1502,1699,0,0
1240357258,1499,1697,0,0
1240359258,1500,1702,0,0
1240361258,1498,1712,0,0
1240363258,1500,1700,0,0
1240365258,1492,1705,0,0
1240367258,1490,1706,0,0
1240369258,1497,1702,0,0
1240371258,1500,1705,0,0
1240373258,1497,1705,0,0
1240375258,1498,1705,0,0
1240377258,1496,1701,0,0
1240379258,1497,1703,0,0
1240381258,1491,1705,0,0
1240383258,1507,1702,0,0
1240385258,1505,1707,0,0
1240387258,1501,1703,0,0
1240389258,1499,1703,0,0
1240391258,1499,1694,0,0
1240393258,1495,1701,0,0
1240395258,1502,1706,0,0
1240397258,1500,1703,0,0
1240399258,1500,1709,0,0
1240401258,1504,1697,0,0
1240403258,1486,1705,0,0
1240405258,1492,1697,0,0
1240407258,1496,1703,0,0
1240409258,1500,1704,0,0
1240411258,1500,1705,0,0
1240413258,1498,1708,0,0
1240415258,1504,1710,0,0
1240417258,1490,1705,0,0
1240419258,1500,1709,0,0
1240421258,1500,1704,0,0
1240423258,1492,1704,0,0
1240425258,1489,1707,0,0
1240427258,1500,1705,0,0
1240429258,1497,1693,0,0
1240431258,1503,1697,0,0
1240433258,1487,1703,0,0
1240435258,1497,1709,0,0
1240437258,1496,1709,0,0
1240439258,1496,1702,0,0
1240441258,1496,1701,0,0
1240443258,1491,1705,0,0
1240445258,1500,1704,0,0
1240447258,1499,1700,0,0
1240449258,1492,1699,0,0
1240451258,1496,1705,0,0
1240453258,1496,1704,0,0
1240455258,1500,1707,0,0
1240457258,1496,1713,0,0
1240459258,1502,1702,0,0
1240461258,1494,1708,0,0
1240463258,1504,1701,0,0
1240465258,1496,1709,0,0
1240467258,1492,1701,0,0
1240469258,1504,1702,0,0
1240471258,1500,1702,255,1
1240473258,1486,1653,255,1
1240475258,1474,1611,255,1
1240477258,1469,1569,255,1
1240479258,1453,1533,255,1
1240481258,1448,1478,255,1
1240483258,1444,1450,255,1
1240485258,1437,1423,255,1
1240487258,1423,1371,255,0
1240489258,1423,1345,255,0
1240491258,1416,1323,255,0
1240493258,1414,1287,255,0
1240495258,1404,1269,255,0
1240497258,1399,1247,255,0
1240499258,1396,1222,255,0
1240501258,1388,1207,255,0
1240503258,1371,1190,255,0
1240505258,1371,1165,255,0
1240507258,1371,1154,255,0
1240509258,1364,1140,255,0
1240511258,1368,1128,255,0
1240513258,1366,1115,255,0
1240515258,1364,1103,255,0
1240517258,1361,1091,255,0
1240519258,1359,1087,255,0
1240521258,1359,1069,255,0
1240523258,1348,1065,255,0
1240525258,1356,1063,255,0
1240527258,1358,1056,255,0
1240529258,1357,1051,255,0
1240531258,1344,1051,255,0
1240533258,1354,1041,255,0
1240535258,1344,1041,255,0
1240537258,1344,1029,255,0
1240539258,1348,1027,255,0
1240541258,1347,1026,255,0
1240543258,1348,1018,255,0
1240545258,1346,1026,255,0
1240547258,1339,1024,255,0
1240549258,1337,1017,255,0
1240551258,1342,1015,255,0
1240553258,1344,1013,255,0
1240555258,1341,1015,255,0
1240557258,1345,1013,255,0
1240559258,1342,1009,255,0
1240561258,1333,1007,255,0
1240563258,1338,1004,255,0
1240565258,1333,1000,255,0
1240567258,1334,1001,255,0
1240569258,1334,1001,255,0
1240571258,1329,1003,255,0
1240573258,1333,1000,255,0
1240575258,1321,999,255,0
1240577258,1319,1009,255,0
1240579258,1323,1004,255,0
1240581258,1312,993,255,0
1240583258,1308,993,255,0
1240585258,1300,998,255,0
1240587258,1297,988,255,0
1240589258,1288,995,255,0
1240591258,1268,985,255,0
1240593258,1256,985,255,0
1240595258,1244,986,255,0
1240597258,1219,977,255,0
1240599258,1210,976,255,0
1240601258,1193,982,255,0
1240603258,1169,999,255,0
1240605258,1113,1227,255,0
1240607258,1107,1255,255,0
1240609258,1105,1261,255,0
1240611258,1104,1269,255,0
1240613258,1093,1282,255,0
1240615258,1091,1278,255,0
1240617258,1095,1275,255,0
1240619258,1093,1281,255,0
1240621258,1091,1284,0,0
1240623258,1126,1320,0,0
1240625258,1145,1355,0,0
1240627258,1168,1387,0,0
1240629258,1194,1405,0,0
1240631258,1214,1434,0,0
1240633258,1236,1452,0,0
1240635258,1254,1474,0,0
1240637258,1270,1489,0,0
1240639258,1284,1506,0,0
1240641258,1304,1514,0,0
1240643258,1320,1541,0,0
1240645258,1332,1546,0,0
1240647258,1343,1568,0,0
1240649258,1351,1585,0,0
1240651258,1371,1593,0,0
1240653258,1371,1599,0,0
1240655258,1387,1603,0,0
1240657258,1395,1611,0,0
1240659258,1409,1625,0,0
1240661258,1410,1629,0,0
1240663258,1417,1641,0,0
1240665258,1423,1641,0,0
1240667258,1427,1642,0,0
1240669258,1433,1650,0,0
1240671258,1436,1657,0,0
1240673258,1439,1659,0,0
1240675258,1448,1666,0,0
1240677258,1444,1672,0,0
1240679258,1450,1678,0,0
1240681258,1461,1683,0,0
1240683258,1460,1681,0,0
1240685258,1465,1685,0,0
1240687258,1468,1689,0,0
1240689258,1467,1691,0,0
1240691258,1472,1692,0,0
1240693258,1472,1700,0,0
1240695258,1476,1685,0,0
1240697258,1474,1697,0,0
1240699258,1483,1692,0,0
1240701258,1484,1700,0,0
1240703258,1483,1696,0,0
1240705258,1488,1693,0,0
1240707258,1487,1694,0,0
1240709258,1484,1696,0,0
1240711258,1488,1702,0,0
1240713258,1488,1694,0,0
1240715258,1488,1696,0,0
1240717258,1496,1693,0,0
1240719258,1492,1701,0,0
1240721258,1489,1691,0,0
1240723258,1488,1696,0,0
1240725258,1497,1697,0,0
1240727258,1496,1700,0,0
1240729258,1492,1696,0,0
1240731258,1500,1697,0,0
1240733258,1491,1694,0,0
1240735258,1510,1705,0,0
1240737258,1496,1700,0,0
1240739258,1488,1701,0,0
1240741258,1499,1697,0,0
1240743258,1492,1700,0,0
1240745258,1489,1703,0,0
1240747258,1488,1703,0,0
1240749258,1491,1701,0,0
1240751258,1478,1697,0,0
1240753258,1483,1707,0,0
1240755258,1491,1705,0,0
1240757258,1479,1702,0,0
1240759258,1465,1697,0,0
1240761258,1475,1702,0,0
1240763258,1488,1705,0,0
1240765258,1488,1700,0,0
1240767258,1472,1702,0,0
1240769258,1491,1695,0,0
1240771258,1487,1704,0,0
1240773258,1490,1707,0,0
1240775258,1487,1703,0,0
1240777258,1497,1710,0,0
1240779258,1487,1702,0,0
1240781258,1489,1705,0,0
1240783258,1496,1705,0,0
1240785258,1491,1701,0,0
1240787258,1487,1705,0,0
1240789258,1489,1693,0,0
1240791258,1492,1704,0,0
1240793258,1488,1705,0,0
1240795258,1497,1698,0,0
1240797258,1487,1705,0,0
1240799258,1496,1705,0,0
1240801258,1489,1702,0,0
1240803258,1492,1712,0,0
1240805258,1487,1706,0,0
1240807258,1487,1709,0,0
1240809258,1488,1705,0,0
1240811258,1489,1703,0,0
1240813258,1487,1705,0,0
1240815258,1489,1706,0,0
1240817258,1491,1702,0,0
1240819258,1491,1705,0,0
1240821258,1491,1705,0,0
1240823258,1500,1703,0,0
1240825258,1492,1705,0,0
1240827258,1495,1703,0,0
1240829258,1498,1700,0,0
1240831258,1495,1704,0,0
1240833258,1496,1707,0,0
1240835258,1496,1707,0,0
1240837258,1496,1701,0,0
1240839258,1499,1705,0,0
1240841258,1498,1703,0,0
1240843258,1494,1705,0,0
1240845258,1499,1709,0,0
1240847258,1492,1701,0,0
1240849258,1495,1702,0,0
1240851258,1492,1708,0,0
1240853258,1492,1697,0,0
1240855258,1496,1696,0,0
1240857258,1500,1701,0,0
1240859258,1492,1708,0,0
1240861258,1496,1705,0,0
1240863258,1491,1706,0,0
1240865258,1494,1701,0,0
1240867258,1488,1705,0,0
1240869258,1492,1699,0,0
1240871258,1496,1709,0,0
1240873258,1496,1709,0,0
1240875258,1501,1705,0,0
1240877258,1495,1699,0,0
1240879258,1497,1706,0,0
1240881258,1496,1703,0,0
1240883258,1496,1703,0,0
1240885258,1494,1705,0,0
1240887258,1491,1707,0,0
1240889258,1500,1707,0,0
1240891258,1489,1708,0,0
1240893258,1497,1702,0,0
1240895258,1490,1704,0,0
1240897258,1488,1706,0,0
1240899258,1498,1701,0,0
1240901258,1495,1707,0,0
1240903258,1499,1697,0,0
1240905258,1488,1703,0,0
1240907258,1501,1708,0,0
1240909258,1500,1699,0,0
1240911258,1495,1706,0,0
1240913258,1500,1710,0,0
1240915258,1504,1705,0,0
1240917258,1496,1708,0,0
1240919258,1496,1694,0,0
1240921258,1492,1694,0,0
1240923258,1487,1704,0,0
1240925258,1489,1701,0,0
1240927258,1497,1707,0,0
1240929258,1491,1709,0,0
1240931258,1494,1710,0,0
1240933258,1502,1709,0,0
1240935258,1496,1697,0,0
1240937258,1495,1706,0,0
1240939258,1491,1701,0,0
1240941258,1500,1697,0,0
1240943258,1499,1706,0,0
1240945258,1495,1700,0,0
1240947258,1502,1700,0,0
1240949258,1498,1705,0,0
1240951258,1497,1705,0,0
1240953258,1492,1709,0,0
1240955258,1495,1703,0,0
1240957258,1494,1707,0,0
1240959258,1497,1700,0,0
1240961258,1496,1707,0,0
1240963258,1500,1702,0,0
1240965258,1488,1703,0,0
1240967258,1492,1708,0,0
1240969258,1489,1709,0,0
1240971258,1497,1706,0,0
1240973258,1502,1697,0,0
1240975258,1491,1705,0,0
1240977258,1498,1705,0,0
1240979258,1496,1707,0,0
1240981258,1488,1699,0,0
1240983258,1492,1705,0,0
1240985258,1489,1711,0,0
1240987258,1499,1694,0,0
1240989258,1492,1705,0,0
1240991258,1500,1708,0,0
1240993258,1496,1705,0,0
1240995258,1491,1702,0,0
1240997258,1502,1705,0,0
1240999258,1498,1701,0,0
1241001258,1492,1705,0,0
1241003258,1504,1704,0,0
1241005258,1492,1708,0,0
1241007258,1497,1700,0,0
1241009258,1496,1701,0,0
1241011258,1502,1697,0,0
1241013258,1504,1709,0,0
1241015258,1494,1697,0,0
1241017258,1501,1712,0,0
1241019258,1498,1710,0,0
1241021258,1498,1707,0,0
1241023258,1491,1709,0,0
1241025258,1501,1703,0,0
1241027258,1500,1706,0,0
1241029258,1489,1702,0,0
1241031258,1497,1701,0,0
1241033258,1502,1704,0,0
1241035258,1497,1707,0,0
1241037258,1492,1705,0,0
1241039258,1492,1700,0,0
1241041258,1500,1713,0,0
1241043258,1492,1707,0,0
1241045258,1495,1708,0,0
1241047258,1500,1709,0,0
1241049258,1496,1702,0,0
1241051258,1502,1709,0,0
1241053258,1496,1712,0,0
1241055258,1497,1701,0,0
1241057258,1496,1705,0,0
1241059258,1487,1702,0,0
1241061258,1500,1696,0,0
1241063258,1494,1705,0,0
1241065258,1491,1703,0,0
1241067258,1497,1698,0,0
1241069258,1504,1707,0,0
1241071258,1496,1704,0,0
1241073258,1492,1702,0,0
1241075258,1502,1704,0,0
1241077258,1497,1706,0,0
1241079258,1491,1703,0,0
1241081258,1492,1704,0,0
1241083258,1495,1705,0,0
1241085258,1495,1710,0,0
1241087258,1489,1705,0,0
1241089258,1500,1705,0,0
1241091258,1492,1700,0,0
1241093258,1496,1702,0,0
1241095258,1492,1692,0,0
1241097258,1504,1707,0,0
1241099258,1496,1704,0,0
1241101258,1498,1706,0,0
1241103258,1492,1709,0,0
1241105258,1494,1694,0,0
1241107258,1492,1703,0,0
1241109258,1494,1709,0,0
1241111258,1504,1708,0,0
1241113258,1504,1705,0,0
1241115258,1505,1707,0,0
1241117258,1488,1705,0,0
1241119258,1492,1709,0,0
1241121258,1496,1706,0,0
1241123258,1501,1705,0,0
1241125258,1495,1704,0,0
1241127258,1499,1699,0,0
1241129258,1497,1696,0,0
1241131258,1508,1702,0,0
1241133258,1492,1704,0,0
1241135258,1502,1702,0,0
1241137258,1500,1704,0,0
1241139258,1502,1697,0,0
1241141258,1500,1705,0,0
1241143258,1494,1707,0,0
1241145258,1500,1701,0,0
1241147258,1500,1693,0,0
1241149258,1495,1705,0,0
1241151258,1500,1697,0,0
1241153258,1505,1704,0,0
1241155258,1503,1702,0,0
1241157258,1489,1704,0,0
1241159258,1500,1703,0,0
1241161258,1496,1697,0,0
1241163258,1488,1697,0,0
1241165258,1500,1704,0,0
1241167258,1500,1705,0,0
1241169258,1503,1699,0,0
1241171258,1492,1710,0,0
1241173258,1495,1717,0,0
1241175258,1494,1710,0,0
1241177258,1500,1709,0,0
1241179258,1501,1705,0,0
1241181258,1500,1700,0,0
1241183258,1492,1702,0,0
1241185258,1500,1705,0,0
1241187258,1501,1703,0,0
1241189258,1497,1709,0,0
1241191258,1491,1705,0,0
1241193258,1501,1705,0,0
1241195258,1494,1701,0,0
1241197258,1497,1706,0,0
1241199258,1491,1712,0,0
1241201258,1504,1705,0,0
1241203258,1499,1709,0,0
1241205258,1497,1713,0,0
1241207258,1489,1709,0,0
1241209258,1492,1710,0,0
1241211258,1492,1693,0,0
1241213258,1500,1707,0,0
1241215258,1492,1703,0,0
1241217258,1492,1710,0,0
1241219258,1504,1697,0,0
1241221258,1500,1705,0,0
1241223258,1504,1707,0,0
1241225258,1502,1700,0,0
1241227258,1500,1705,0,0
1241229258,1496,1705,0,0
1241231258,1498,1702,0,0
1241233258,1500,1699,0,0
1241235258,1496,1705,0,0
1241237258,1499,1701,0,0
1241239258,1499,1705,0,0
1241241258,1496,1709,0,0
1241243258,1496,1709,0,0
1241245258,1499,1705,0,0
1241247258,1498,1705,0,0
1241249258,1502,1701,0,0
1241251258,1500,1703,0,0
1241253258,1496,1709,0,0
1241255258,1494,1712,0,0
1241257258,1499,1702,0,0
1241259258,1492,1713,0,0
1241261258,1496,1704,0,0
1241263258,1504,1704,0,0
1241265258,1492,1701,0,0
1241267258,1506,1705,0,0
1241269258,1495,1701,0,0
1241271258,1499,1705,0,0
1241273258,1497,1708,0,0
1241275258,1499,1708,0,0
1241277258,1504,1707,0,0
1241279258,1497,1702,0,0
1241281258,1500,1705,0,0
1241283258,1500,1705,0,0
1241285258,1508,1709,0,0
1241287258,1497,1710,0,0
1241289258,1500,1710,0,0
1241291258,1488,1701,0,0
1241293258,1496,1709,0,0
1241295258,1499,1703,0,0
1241297258,1500,1702,0,0
1241299258,1500,1709,0,0
1241301258,1501,1706,0,0
1241303258,1500,1706,0,0
1241305258,1497,1712,0,0
1241307258,1500,1705,0,0
1241309258,1492,1708,0,0
1241311258,1494,1697,0,0
1241313258,1499,1703,0,0
1241315258,1494,1705,0,0
1241317258,1492,1711,0,0
1241319258,1504,1693,0,0
1241321258,1496,1704,0,0
1241323258,1502,1715,0,0
1241325258,1495,1707,0,0
1241327258,1496,1693,0,0
1241329258,1501,1705,0,0
1241331258,1500,1704,0,0
1241333258,1497,1706,0,0
1241335258,1500,1710,0,0
1241337258,1492,1702,0,0
1241339258,1494,1705,0,0
1241341258,1501,1709,0,0
1241343258,1500,1715,0,0
1241345258,1494,1697,0,0
1241347258,1495,1702,0,0
1241349258,1494,1702,0,0
1241351258,1492,1706,0,0
1241353258,1496,1702,0,0
1241355258,1491,1708,0,0
1241357258,1498,1704,0,0
1241359258,1496,1704,0,0
1241361258,1492,1709,0,0
1241363258,1500,1700,0,0
1241365258,1492,1705,0,0
1241367258,1494,1697,0,0
1241369258,1492,1712,0,0
1241371258,1499,1697,0,0
1241373258,1502,1701,0,0
1241375258,1500,1708,0,0
1241377258,1495,1706,0,0
1241379258,1492,1702,0,0
1241381258,1499,1702,0,0
1241383258,1500,1704,0,0
1241385258,1504,1697,0,0
1241387258,1499,1706,0,0
1241389258,1497,1707,0,0
1241391258,1493,1709,0,0
1241393258,1496,1696,0,0
1241395258,1499,1700,0,0
1241397258,1496,1703,0,0
1241399258,1501,1703,0,0
1241401258,1488,1701,0,0
1241403258,1507,1701,0,0
1241405258,1497,1702,0,0
1241407258,1498,1704,0,0
1241409258,1489,1697,0,0
1241411258,1498,1697,0,0
1241413258,1505,1705,0,0
1241415258,1498,1712,0,0
1241417258,1501,1702,0,0
1241419258,1497,1706,0,0
1241421258,1500,1707,0,1
1241423258,1498,1699,0,1
1241425258,1491,1704,0,1
1241427258,1496,1706,0,1
1241429258,1497,1709,0,1
1241431258,1497,1703,0,1
1241433258,1500,1715,0,1
1241435258,1497,1709,0,1
1241437258,1492,1697,0,1
1241439258,1492,1704,0,1
1241441258,1499,1710,0,1
1241443258,1500,1704,0,1
1241445258,1496,1705,0,1
1241447258,1488,1705,0,1
1241449258,1498,1703,0,1
1241451258,1493,1707,0,1
1241453258,1502,1701,0,1
1241455258,1502,1707,0,1
1241457258,1502,1710,0,1
1241459258,1497,1701,0,1
1241461258,1504,1705,0,1
1241463258,1500,1705,0,1
1241465258,1500,1717,0,1
1241467258,1498,1707,0,1
1241469258,1496,1705,0,1
1241471258,1496,1704,0,1
1241473258,1504,1713,0,1
1241475258,1490,1704,0,1
1241477258,1500,1701,0,1
1241479258,1500,1699,0,1
1241481258,1500,1693,0,1
1241483258,1489,1704,0,1
1241485258,1495,1702,0,1
1241487258,1511,1704,0,1
1241489258,1500,1702,0,1
1241491258,1497,1699,0,1
1241493258,1495,1706,0,1
1241495258,1497,1708,0,1
1241497258,1491,1702,0,1
1241499258,1496,1699,0,1
1241501258,1492,1701,0,1
1241503258,1492,1704,0,1
1241505258,1491,1704,0,1
1241507258,1497,1713,0,1
1241509258,1492,1710,0,1
1241511258,1496,1709,0,1
1241513258,1494,1699,0,1
1241515258,1498,1705,0,1
1241517258,1500,1710,0,1
1241519258,1496,1697,0,1
1241521258,1499,1699,0,1
1241523258,1502,1703,0,1
1241525258,1498,1704,0,1
1241527258,1504,1709,0,1
1241529258,1495,1708,0,1
1241531258,1492,1707,0,1
1241533258,1496,1710,0,1
1241535258,1502,1702,0,1
1241537258,1501,1706,0,1
1241539258,1492,1701,0,1
1241541258,1491,1701,0,1
1241543258,1492,1705,0,1
1241545258,1497,1700,0,1
1241547258,1500,1703,0,1
1241549258,1492,1704,0,1
1241551258,1488,1705,0,1
1241553258,1492,1707,0,1
1241555258,1498,1703,0,1
1241557258,1504,1705,0,1
1241559258,1498,1704,0,1
1241561258,1496,1699,0,1
1241563258,1495,1706,0,1
1241565258,1498,1709,0,1
1241567258,1499,1704,0,1
1241569258,1500,1710,0,1
1241571258,1501,1700,0,1
1241573258,1496,1706,0,1
1241575258,1492,1705,0,1
1241577258,1498,1697,0,1
1241579258,1496,1702,0,1
1241581258,1498,1709,0,1
1241583258,1494,1707,0,1
1241585258,1494,1703,0,1
1241587258,1496,1705,0,1
1241589258,1504,1703,0,1
1241591258,1496,1703,0,1
1241593258,1500,1702,0,1
1241595258,1499,1701,0,1
1241597258,1497,1702,0,1
1241599258,1491,1709,0,1
1241601258,1492,1706,0,1
1241603258,1499,1700,0,1
1241605258,1502,1707,0,1
1241607258,1502,1701,0,1
1241609258,1496,1707,0,1
1241611258,1503,1706,0,1
1241613258,1496,1708,0,1
1241615258,1494,1697,0,1
1241617258,1491,1707,0,1
1241619258,1500,1699,0,1
1241621258,1503,1709,0,0
1241623258,1497,1704,0,0
1241625258,1496,1710,0,0
1241627258,1491,1704,0,0
1241629258,1499,1704,0,0
1241631258,1500,1704,0,0
1241633258,1492,1705,0,0
1241635258,1492,1700,0,0
1241637258,1497,1706,0,0
1241639258,1501,1697,0,0
1241641258,1501,1706,0,0
1241643258,1492,1707,0,0
1241645258,1497,1703,0,0
1241647258,1492,1701,0,0
1241649258,1500,1705,0,0
1241651258,1497,1704,0,0
1241653258,1499,1706,0,0
1241655258,1489,1701,0,0
1241657258,1500,1705,0,0
1241659258,1489,1705,0,0
1241661258,1492,1701,0,0
1241663258,1492,1708,0,0
1241665258,1492,1709,0,0
1241667258,1488,1704,0,0
1241669258,1496,1713,0,0
1241671258,1491,1697,0,0
1241673258,1496,1697,0,0
1241675258,1498,1701,0,0
1241677258,1500,1701,0,0
1241679258,1494,1707,0,0
1241681258,1499,1693,0,0
1241683258,1497,1695,0,0
1241685258,1503,1696,0,0
1241687258,1498,1700,0,0
1241689258,1499,1702,0,0
1241691258,1500,1705,0,0
1241693258,1496,1707,0,0
1241695258,1500,1705,0,0
1241697258,1495,1705,0,0
1241699258,1499,1706,0,0
1241701258,1498,1702,0,0
1241703258,1491,1702,0,0
1241705258,1495,1704,0,0
1241707258,1503,1703,0,0
1241709258,1499,1705,0,0
1241711258,1502,1704,0,0
1241713258,1496,1704,0,0
1241715258,1500,1709,0,0
1241717258,1499,1702,0,0
1241719258,1499,1703,0,0
1241721258,1495,1704,0,0
1241723258,1491,1702,0,0
1241725258,1499,1701,0,0
1241727258,1500,1702,0,0
1241729258,1500,1701,0,0
1241731258,1497,1701,0,0
1241733258,1495,1700,0,0
1241735258,1495,1704,0,0
1241737258,1492,1705,0,0
1241739258,1492,1710,0,0
1241741258,1489,1710,0,0
1241743258,1491,1715,0,0
1241745258,1497,1704,0,0
1241747258,1492,1701,0,0
1241749258,1494,1702,0,0
1241751258,1500,1706,0,0
1241753258,1504,1704,0,0
1241755258,1494,1704,0,0
1241757258,1489,1699,0,0
1241759258,1498,1703,0,0
1241761258,1497,1709,0,0
1241763258,1499,1705,0,0
1241765258,1498,1700,0,0
1241767258,1504,1697,0,0
1241769258,1494,1710,0,0
1241771258,1497,1705,0,0
1241773258,1497,1697,0,0
1241775258,1495,1706,0,0
1241777258,1497,1711,0,0
1241779258,1492,1704,0,0
1241781258,1489,1707,0,0
1241783258,1495,1708,0,0
1241785258,1499,1704,0,0
1241787258,1510,1699,0,0
1241789258,1495,1705,0,0
1241791258,1499,1702,0,0
1241793258,1503,1713,0,0
1241795258,1498,1701,0,0
1241797258,1497,1701,0,0
1241799258,1495,1703,0,0
1241801258,1494,1706,0,0
1241803258,1488,1703,0,0
1241805258,1500,1710,0,0
1241807258,1492,1709,0,0
1241809258,1498,1705,0,0
1241811258,1499,1700,0,0
1241813258,1496,1708,0,0
1241815258,1496,1705,0,0
1241817258,1492,1709,0,0
1241819258,1491,1709,0,0
1241821258,1500,1701,0,0
1241823258,1500,1697,0,0
1241825258,1499,1705,0,0
1241827258,1499,1705,0,0
1241829258,1504,1704,0,0
1241831258,1501,1702,0,0
1241833258,1500,1699,0,0
1241835258,1501,1704,0,0
1241837258,1497,1706,0,0
1241839258,1494,1701,0,0
1241841258,1500,1705,0,0
1241843258,1498,1709,0,0
1241845258,1504,1705,0,0
1241847258,1495,1709,0,0
1241849258,1499,1705,0,0
1241851258,1507,1705,0,0
1241853258,1496,1706,0,0
1241855258,1498,1701,0,0
1241857258,1501,1704,0,0
1241859258,1500,1700,0,0
1241861258,1504,1700,0,0
1241863258,1500,1702,0,0
1241865258,1500,1702,0,0
1241867258,1488,1709,0,0
1241869258,1496,1699,0,0
1241871258,1499,1700,0,0
1241873258,1492,1703,0,0
1241875258,1499,1696,0,0
1241877258,1497,1701,0,0
1241879258,1500,1693,0,0
1241881258,1499,1709,0,0
1241883258,1496,1707,0,0
1241885258,1501,1700,0,0
1241887258,1497,1709,0,0
1241889258,1501,1710,0,0
1241891258,1502,1704,0,0
1241893258,1499,1702,0,0
1241895258,1490,1704,0,0
1241897258,1497,1704,0,0
1241899258,1496,1704,0,0
1241901258,1497,1697,0,0
1241903258,1496,1702,0,0
1241905258,1495,1705,0,0
1241907258,1498,1694,0,0
1241909258,1499,1701,0,0
1241911258,1497,1707,0,0
1241913258,1499,1701,0,0
1241915258,1496,1706,0,0
1241917258,1502,1705,0,0
1241919258,1496,1708,0,0
1241921258,1499,1701,0,0
1241923258,1491,1702,0,0
1241925258,1492,1705,0,0
1241927258,1496,1702,0,0
1241929258,1488,1702,0,0
1241931258,1495,1701,0,0
1241933258,1499,1702,0,0
1241935258,1495,1707,0,0
1241937258,1492,1705,0,0
1241939258,1504,1699,0,0
1241941258,1495,1705,0,0
1241943258,1500,1705,0,0
1241945258,1496,1703,0,0
1241947258,1492,1705,0,0
1241949258,1498,1696,0,0
1241951258,1495,1704,0,0
1241953258,1500,1702,0,0
1241955258,1498,1705,0,0
1241957258,1499,1705,0,0
1241959258,1508,1705,0,0
1241961258,1496,1701,0,0
1241963258,1492,1694,0,0
1241965258,1499,1707,0,0
1241967258,1498,1705,0,0
1241969258,1497,1699,0,0
1241971258,1500,1707,0,0
1241973258,1502,1700,0,0
1241975258,1497,1709,0,0
1241977258,1498,1701,0,0
1241979258,1489,1702,0,0
1241981258,1507,1700,0,0
1241983258,1495,1700,0,0
1241985258,1499,1697,0,0
1241987258,1492,1704,0,0
1241989258,1498,1706,0,0
1241991258,1488,1704,0,0
1241993258,1499,1707,0,0
1241995258,1500,1702,0,0
1241997258,1500,1709,0,0
1241999258,1496,1701,0,0
1242001258,1500,1704,0,0
1242003258,1500,1704,0,0
1242005258,1499,1703,0,0
1242007258,1497,1700,0,0
1242009258,1496,1706,0,0
1242011258,1496,1702,0,0
1242013258,1498,1708,0,0
1242015258,1502,1701,0,0
1242017258,1490,1702,0,0
1242019258,1496,1705,0,0
1242021258,1491,1699,0,0
1242023258,1496,1707,0,0
1242025258,1500,1707,0,0
1242027258,1497,1709,0,0
1242029258,1492,1704,0,0
1242031258,1496,1707,0,0
1242033258,1500,1705,0,0
1242035258,1496,1709,0,0
1242037258,1495,1705,0,0
1242039258,1506,1699,0,0
1242041258,1497,1701,0,0
1242043258,1505,1702,0,0
1242045258,1498,1697,0,0
1242047258,1500,1697,0,0
1242049258,1492,1701,0,0
1242051258,1500,1703,0,0
1242053258,1495,1702,0,0
1242055258,1500,1709,0,0
1242057258,1502,1704,0,0
1242059258,1497,1704,0,0
1242061258,1499,1709,0,0
1242063258,1499,1702,0,0
1242065258,1499,1702,0,0
1242067258,1496,1702,0,0
1242069258,1497,1705,0,0
1242071258,1499,1705,0,0
1242073258,1501,1702,0,0
1242075258,1498,1705,0,0
1242077258,1496,1699,0,0
1242079258,1502,1708,0,0
1242081258,1496,1702,0,0
1242083258,1496,1705,0,0
1242085258,1500,1697,0,0
1242087258,1500,1704,0,0
1242089258,1489,1700,0,0
1242091258,1495,1696,0,0
1242093258,1496,1705,0,0
1242095258,1491,1695,0,0
1242097258,1499,1701,0,0
1242099258,1495,1705,0,0
1242101258,1491,1709,0,0
1242103258,1496,1705,0,0
1242105258,1500,1694,0,0
1242107258,1500,1701,0,0
1242109258,1494,1705,0,0
1242111258,1502,1703,0,0
1242113258,1505,1705,0,0
1242115258,1496,1702,0,0
1242117258,1496,1704,0,0
1242119258,1501,1709,0,0
1242121258,1508,1703,0,0
1242123258,1499,1709,0,0
1242125258,1498,1707,0,0
1242127258,1496,1704,0,0
1242129258,1490,1706,0,0
1242131258,1500,1704,0,0
1242133258,1497,1706,0,0
1242135258,1487,1709,0,0
1242137258,1501,1705,0,0
1242139258,1499,1713,0,0
1242141258,1495,1707,0,0
1242143258,1496,1704,0,0
1242145258,1500,1707,0,0
1242147258,1488,1707,0,0
1242149258,1501,1705,0,0
1242151258,1500,1705,0,0
1242153258,1500,1697,0,0
1242155258,1496,1709,0,0
1242157258,1501,1706,0,0
1242159258,1496,1705,0,0
1242161258,1492,1697,0,0
1242163258,1496,1705,0,0
1242165258,1499,1715,0,0
1242167258,1494,1706,0,0
1242169258,1497,1701,0,0
1242171258,1500,1702,0,0
1242173258,1497,1701,0,0
1242175258,1499,1705,0,0
1242177258,1488,1703,0,0
1242179258,1500,1705,0,0
1242181258,1492,1703,0,0
1242183258,1490,1709,0,0
1242185258,1502,1708,0,0
1242187258,1494,1700,0,0
1242189258,1494,1703,0,0
1242191258,1497,1705,0,0
1242193258,1489,1702,0,0
1242195258,1501,1702,0,0
1242197258,1505,1697,0,0
1242199258,1502,1703,0,0
1242201258,1492,1705,0,0
1242203258,1500,1710,0,0
1242205258,1500,1704,0,0
1242207258,1498,1696,0,0
1242209258,1498,1704,0,0
1242211258,1492,1705,0,0
1242213258,1499,1704,0,0
1242215258,1494,1705,0,0
1242217258,1498,1702,0,0
1242219258,1500,1705,0,0
1242221258,1500,1705,0,0
1242223258,1494,1702,0,0
1242225258,1502,1705,0,0
1242227258,1500,1708,0,0
1242229258,1498,1709,0,0
1242231258,1507,1702,0,0
1242233258,1497,1701,0,0
1242235258,1495,1706,0,0
1242237258,1500,1703,0,0
1242239258,1500,1702,0,0
1242241258,1501,1709,0,0
1242243258,1499,1709,0,0
1242245258,1498,1700,0,0
1242247258,1497,1705,0,0
1242249258,1499,1704,0,0
1242251258,1497,1702,0,0
1242253258,1499,1709,0,0
1242255258,1504,1704,0,0
1242257258,1505,1701,0,0
1242259258,1500,1707,0,0
1242261258,1500,1705,0,0
1242263258,1499,1702,0,0
1242265258,1502,1712,0,0
1242267258,1500,1710,0,0
1242269258,1492,1701,0,0
1242271258,1500,1707,0,0
1242273258,1496,1701,0,0
1242275258,1492,1704,0,0
1242277258,1496,1702,0,0
1242279258,1492,1704,0,0
1242281258,1504,1705,0,0
1242283258,1500,1699,0,0
1242285258,1495,1709,0,0
1242287258,1501,1706,0,0
1242289258,1508,1701,0,0
1242291258,1496,1705,0,0
1242293258,1500,1697,0,0
1242295258,1497,1700,0,0
1242297258,1492,1705,0,0
1242299258,1496,1710,0,0
1242301258,1496,1701,0,0
1242303258,1504,1704,0,0
1242305258,1503,1704,0,0
1242307258,1498,1703,0,0
1242309258,1492,1705,0,0
1242311258,1504,1709,0,0
1242313258,1491,1709,0,0
1242315258,1495,1704,0,0
1242317258,1492,1705,0,0
1242319258,1497,1702,0,0
1242321258,1500,1704,0,0
1242323258,1489,1692,0,0
1242325258,1496,1703,0,0
1242327258,1498,1715,0,0
1242329258,1500,1704,0,0
1242331258,1500,1704,0,0
1242333258,1495,1713,0,0
1242335258,1496,1707,0,0
1242337258,1499,1705,0,0
1242339258,1499,1705,0,0
1242341258,1500,1709,0,0
1242343258,1492,1704,0,0
1242345258,1500,1700,0,0
1242347258,1496,1705,0,0
1242349258,1496,1699,0,0
1242351258,1504,1705,0,0
1242353258,1499,1705,0,0
1242355258,1500,1703,0,0
1242357258,1492,1705,0,0
1242359258,1500,1701,0,0
1242361258,1504,1704,0,0
1242363258,1500,1701,0,0
1242365258,1500,1703,0,0
1242367258,1500,1708,0,0
1242369258,1498,1707,0,0
1242371258,1492,1703,0,0
1242373258,1500,1699,0,0
1242375258,1501,1703,0,0
1242377258,1500,1705,0,0
1242379258,1492,1701,0,0
1242381258,1492,1706,0,0
1242383258,1490,1705,0,0
1242385258,1500,1703,0,0
1242387258,1496,1696,0,0
1242389258,1497,1709,0,0
1242391258,1499,1708,0,0
1242393258,1504,1702,0,0
1242395258,1488,1706,0,0
1242397258,1499,1705,0,0
1242399258,1495,1708,0,0
1242401258,1504,1709,0,0
1242403258,1500,1705,0,0
1242405258,1499,1706,0,0
1242407258,1495,1710,0,0
1242409258,1499,1704,0,0
1242411258,1500,1696,0,0
1242413258,1496,1701,0,0
1242415258,1497,1712,0,0
1242417258,1502,1701,0,0
1242419258,1497,1710,0,0
1242421258,1490,1705,0,0
1242423258,1504,1704,0,0
1242425258,1500,1707,0,0
1242427258,1505,1708,0,0
1242429258,1496,1708,0,0
1242431258,1496,1706,0,0
1242433258,1498,1710,0,0
1242435258,1494,1694,0,0
1242437258,1501,1705,0,0
1242439258,1504,1708,0,0
1242441258,1494,1713,0,0
1242443258,1499,1700,0,0
1242445258,1495,1709,0,0
1242447258,1495,1703,0,0
1242449258,1500,1702,0,0
1242451258,1497,1703,0,0
1242453258,1500,1705,0,0
1242455258,1496,1707,0,0
1242457258,1499,1709,0,0
1242459258,1497,1697,0,0
1242461258,1496,1697,0,0
1242463258,1495,1703,0,0
1242465258,1504,1696,0,0
1242467258,1488,1709,0,0
1242469258,1494,1701,0,0
1242471258,1498,1701,0,0
1242473258,1499,1711,0,0
1242475258,1496,1696,0,0
1242477258,1495,1697,0,0
1242479258,1500,1712,0,0
1242481258,1501,1703,0,0
1242483258,1492,1694,0,0
1242485258,1500,1703,0,0
1242487258,1495,1700,0,0
1242489258,1502,1709,0,0
1242491258,1498,1699,0,0
1242493258,1500,1706,0,0
1242495258,1491,1701,0,0
1242497258,1499,1706,0,0
1242499258,1500,1701,0,0
1242501258,1504,1702,0,0
1242503258,1502,1705,0,0
1242505258,1501,1705,0,0
1242507258,1496,1704,0,0
1242509258,1497,1700,0,0
1242511258,1499,1705,0,0
1242513258,1502,1705,0,0
1242515258,1507,1705,0,0
1242517258,1492,1705,0,0
1242519258,1505,1705,0,0
1242521258,1492,1705,0,0
1242523258,1489,1700,0,0
1242525258,1497,1706,0,0
1242527258,1501,1699,0,0
1242529258,1495,1703,0,0
1242531258,1495,1703,0,0
1242533258,1501,1701,0,0
1242535258,1504,1700,0,0
1242537258,1494,1707,0,0
1242539258,1498,1703,0,0
1242541258,1498,1708,0,0
1242543258,1502,1705,0,0
1242545258,1491,1709,0,0
1242547258,1492,1704,0,0
1242549258,1499,1700,0,0
1242551258,1496,1705,0,0
1242553258,1502,1699,0,0
1242555258,1489,1704,0,0
1242557258,1501,1702,0,0
1242559258,1488,1706,0,0
1242561258,1499,1701,0,0
1242563258,1491,1706,0,0
1242565258,1492,1694,0,0
1242567258,1495,1708,0,0
1242569258,1496,1702,0,0
1242571258,1499,1703,0,0
1242573258,1500,1709,0,0
1242575258,1501,1699,0,0
1242577258,1492,1707,0,0
1242579258,1499,1702,0,0
1242581258,1500,1696,0,0
1242583258,1498,1705,0,0
1242585258,1501,1704,0,0
1242587258,1499,1697,0,0
1242589258,1488,1706,0,0
1242591258,1495,1705,0,0
1242593258,1504,1703,0,0
1242595258,1500,1704,0,0
1242597258,1496,1706,0,0
1242599258,1496,1704,0,0
1242601258,1495,1705,0,0
1242603258,1500,1706,0,0
1242605258,1496,1707,0,0
1242607258,1500,1705,0,0
1242609258,1505,1703,0,0
1242611258,1495,1706,0,0
1242613258,1499,1705,0,0
1242615258,1502,1697,0,0
1242617258,1498,1705,0,0
1242619258,1501,1705,0,0
1242621258,1498,1701,0,0
1242623258,1497,1697,0,0
1242625258,1496,1704,0,0
1242627258,1500,1701,0,0
1242629258,1502,1696,0,0
1242631258,1492,1706,0,0
1242633258,1504,1713,0,0
1242635258,1501,1707,0,0
1242637258,1501,1709,0,0
1242639258,1500,1700,0,0
1242641258,1492,1703,0,0
1242643258,1504,1705,0,0
1242645258,1497,1701,0,0
1242647258,1497,1700,0,0
1242649258,1498,1707,0,0
1242651258,1500,1705,0,0
1242653258,1502,1706,0,0
1242655258,1505,1703,0,0
1242657258,1494,1703,0,0
1242659258,1496,1699,0,0
1242661258,1496,1701,0,0
1242663258,1501,1704,0,0
1242665258,1504,1710,0,0
1242667258,1500,1717,0,0
1242669258,1500,1704,0,0
1242671258,1496,1710,0,0
1242673258,1496,1705,0,0
1242675258,1497,1700,0,0
1242677258,1499,1705,0,0
1242679258,1490,1705,0,0
1242681258,1498,1701,0,0
1242683258,1495,1702,0,0
1242685258,1499,1696,0,0
1242687258,1496,1700,0,0
1242689258,1496,1705,0,0
1242691258,1495,1704,0,0
1242693258,1497,1705,0,0
1242695258,1488,1700,0,0
1242697258,1501,1706,0,0
1242699258,1500,1701,0,0
1242701258,1504,1698,0,0
1242703258,1501,1704,0,0
1242705258,1501,1704,0,0
1242707258,1495,1706,0,0
1242709258,1503,1705,0,0
1242711258,1497,1705,0,0
1242713258,1500,1708,0,0
1242715258,1500,1696,0,0
1242717258,1502,1704,0,0
1242719258,1497,1705,0,0
1242721258,1500,1705,0,0
1242723258,1491,1703,0,0
1242725258,1499,1705,0,0
1242727258,1496,1704,0,0
1242729258,1499,1706,0,0
1242731258,1499,1704,0,0
1242733258,1495,1700,0,0
1242735258,1497,1707,0,0
1242737258,1492,1700,0,0
1242739258,1496,1713,0,0
1242741258,1495,1705,0,0
1242743258,1499,1702,0,0
1242745258,1492,1709,0,0
1242747258,1500,1706,0,0
1242749258,1494,1701,0,0
1242751258,1497,1712,0,0
1242753258,1495,1706,0,0
1242755258,1495,1706,0,0
1242757258,1492,1705,0,0
1242759258,1505,1707,0,0
1242761258,1499,1702,0,0
1242763258,1500,1705,0,0
1242765258,1504,1706,0,0
1242767258,1487,1694,0,0
1242769258,1499,1707,0,0
1242771258,1494,1705,0,0
1242773258,1503,1701,0,0
1242775258,1488,1707,0,0
1242777258,1495,1702,0,0
1242779258,1503,1694,0,0
1242781258,1499,1701,0,0
1242783258,1503,1708,0,0
1242785258,1488,1705,0,0
1242787258,1504,1705,0,0
1242789258,1505,1705,0,0
1242791258,1499,1705,0,0
1242793258,1497,1700,0,0
1242795258,1487,1707,0,0
1242797258,1498,1702,0,0
1242799258,1508,1707,0,0
1242801258,1497,1707,0,0
1242803258,1499,1705,0,0
1242805258,1500,1704,0,0
1242807258,1495,1696,0,0
1242809258,1495,1702,0,0
1242811258,1500,1705,0,0
1242813258,1498,1707,0,0
1242815258,1491,1704,0,0
1242817258,1503,1701,0,0
1242819258,1497,1705,0,0
1242821258,1491,1701,0,0
1242823258,1496,1697,0,0
1242825258,1492,1705,0,0
1242827258,1498,1702,0,0
1242829258,1509,1709,0,0
1242831258,1500,1703,0,0
1242833258,1497,1705,0,0
1242835258,1504,1709,0,0
1242837258,1501,1710,0,0
1242839258,1497,1704,0,0
1242841258,1496,1705,0,0
1242843258,1504,1704,0,0
1242845258,1491,1701,0,0
1242847258,1497,1702,0,0
1242849258,1498,1702,0,0
1242851258,1492,1709,0,0
1242853258,1509,1705,0,0
1242855258,1498,1705,0,0
1242857258,1496,1697,0,0
1242859258,1498,1704,0,0
1242861258,1496,1709,0,0
1242863258,1496,1705,0,0
1242865258,1508,1702,0,0
1242867258,1497,1697,0,0
1242869258,1493,1702,0,0
1242871258,1496,1705,0,0
1242873258,1499,1704,0,0
1242875258,1498,1699,0,0
1242877258,1502,1697,0,0
1242879258,1496,1703,0,0
1242881258,1497,1709,0,0
1242883258,1500,1707,0,0
1242885258,1488,1703,0,0
1242887258,1500,1701,0,0
1242889258,1499,1699,0,0
1242891258,1501,1706,0,0
1242893258,1501,1701,0,0
1242895258,1491,1705,0,0
1242897258,1496,1709,0,0
1242899258,1498,1707,0,0
1242901258,1504,1705,0,0
1242903258,1492,1705,0,0
1242905258,1500,1705,0,0
1242907258,1495,1699,0,0
1242909258,1501,1703,0,0
1242911258,1499,1707,0,0
1242913258,1499,1706,0,0
1242915258,1500,1701,0,0
1242917258,1500,1692,0,0
1242919258,1497,1701,0,0
1242921258,1496,1708,0,0
1242923258,1497,1702,0,0
1242925258,1504,1704,0,0
1242927258,1494,1701,0,0
1242929258,1500,1703,0,0
1242931258,1499,1694,0,0
1242933258,1492,1712,0,0
1242935258,1495,1710,0,0
1242937258,1499,1702,0,0
1242939258,1492,1709,0,0
1242941258,1487,1701,0,0
1242943258,1502,1705,0,0
1242945258,1501,1700,0,0
1242947258,1501,1704,0,0
1242949258,1499,1699,0,0
1242951258,1503,1701,0,0
1242953258,1496,1709,0,0
1242955258,1495,1697,0,0
1242957258,1504,1705,0,0
1242959258,1496,1707,0,0
1242961258,1502,1700,0,0
1242963258,1492,1705,0,0
1242965258,1502,1700,0,0
1242967258,1497,1702,0,0
1242969258,1504,1704,0,0
1242971258,1495,1706,0,0
1242973258,1498,1701,0,0
1242975258,1492,1706,0,0
1242977258,1503,1702,0,0
1242979258,1497,1703,0,0
1242981258,1499,1708,0,0
1242983258,1498,1705,0,0
1242985258,1496,1693,0,0
1242987258,1500,1705,0,0
1242989258,1492,1702,0,0
1242991258,1499,1707,0,0
1242993258,1499,1708,0,0
1242995258,1506,1713,0,0
1242997258,1500,1708,0,0
1242999258,1492,1704,0,0
1243001258,1499,1700,0,0
1243003258,1494,1697,0,0
1243005258,1500,1702,0,0
1243007258,1498,1709,0,0
1243009258,1488,1707,0,0
1243011258,1504,1705,0,0
1243013258,1495,1702,0,0
1243015258,1502,1702,0,0
1243017258,1495,1705,0,0
1243019258,1500,1702,0,0
1243021258,1500,1707,0,0
1243023258,1497,1705,0,0
1243025258,1498,1706,0,0
1243027258,1504,1705,0,0
1243029258,1497,1702,0,0
1243031258,1502,1705,0,0
1243033258,1499,1706,0,0
1243035258,1499,1697,0,0
1243037258,1496,1707,0,0
1243039258,1495,1705,0,0
1243041258,1496,1701,0,0
1243043258,1496,1705,0,0
1243045258,1497,1709,0,0
1243047258,1496,1710,0,0
1243049258,1497,1709,0,0
1243051258,1496,1705,0,0
1243053258,1498,1697,0,0
1243055258,1500,1694,0,0
1243057258,1488,1706,0,0
1243059258,1504,1702,0,0
1243061258,1497,1707,0,0
1243063258,1491,1705,0,0
1243065258,1496,1704,0,0
1243067258,1505,1706,0,0
1243069258,1491,1705,0,0
1243071258,1499,1713,0,0
1243073258,1500,1694,0,0
1243075258,1500,1704,0,0
1243077258,1499,1699,0,0
1243079258,1500,1709,0,0
1243081258,1497,1709,0,0
1243083258,1504,1710,0,0
1243085258,1499,1705,0,0
1243087258,1501,1709,0,0
1243089258,1495,1705,0,0
1243091258,1497,1705,0,0
1243093258,1499,1704,0,0
1243095258,1508,1702,0,0
1243097258,1504,1702,0,0
1243099258,1495,1701,0,0
1243101258,1497,1703,0,0
1243103258,1488,1701,0,0
1243105258,1496,1701,0,0
1243107258,1499,1709,0,0
1243109258,1500,1699,0,0
1243111258,1500,1709,0,0
1243113258,1502,1705,0,0
1243115258,1498,1706,0,0
1243117258,1499,1696,0,0
1243119258,1500,1703,0,0
1243121258,1494,1699,0,0
1243123258,1500,1701,0,0
1243125258,1501,1700,0,0
1243127258,1497,1705,0,0
1243129258,1499,1714,0,0
1243131258,1502,1704,0,0
1243133258,1500,1705,0,0
1243135258,1501,1704,0,0
1243137258,1498,1709,0,0
1243139258,1496,1697,0,0
1243141258,1500,1706,0,0
1243143258,1501,1709,0,0
1243145258,1491,1700,0,0
1243147258,1492,1705,0,0
1243149258,1495,1706,0,0
1243151258,1496,1703,0,0
1243153258,1498,1710,0,0
1243155258,1497,1705,0,0
1243157258,1496,1707,0,0
1243159258,1499,1705,0,0
1243161258,1489,1702,0,0
1243163258,1500,1704,0,0
1243165258,1505,1705,0,0
1243167258,1502,1704,0,0
1243169258,1500,1709,0,0
1243171258,1497,1699,0,0
1243173258,1494,1707,0,0
1243175258,1495,1704,0,0
1243177258,1496,1700,0,0
1243179258,1496,1705,0,0
1243181258,1501,1705,0,0
1243183258,1503,1705,0,0
1243185258,1491,1700,0,0
1243187258,1504,1705,0,0
1243189258,1501,1704,0,0
1243191258,1500,1701,0,0
1243193258,1500,1705,0,0
1243195258,1498,1705,0,0
1243197258,1498,1707,0,0
1243199258,1496,1705,0,0
1243201258,1500,1710,0,0
1243203258,1496,1705,0,0
1243205258,1504,1712,0,0
1243207258,1495,1705,0,0
1243209258,1501,1705,0,0
1243211258,1497,1704,0,0
1243213258,1501,1709,0,0
1243215258,1497,1701,0,0
1243217258,1500,1699,0,0
1243219258,1504,1705,0,0
1243221258,1498,1709,0,0
1243223258,1499,1710,0,0
1243225258,1501,1706,0,0
1243227258,1497,1696,0,0
1243229258,1497,1707,0,0
1243231258,1500,1705,0,0
1243233258,1495,1707,0,0
1243235258,1492,1705,0,0
1243237258,1496,1701,0,0
1243239258,1498,1700,0,0
1243241258,1492,1708,0,0
1243243258,1508,1709,0,0
1243245258,1499,1700,0,0
1243247258,1504,1709,0,0
1243249258,1501,1694,0,0
1243251258,1491,1714,0,0
1243253258,1501,1694,0,0
1243255258,1498,1713,0,0
1243257258,1501,1707,0,0
1243259258,1496,1703,0,0
1243261258,1489,1705,0,0
1243263258,1500,1697,0,0
1243265258,1500,1704,0,0
1243267258,1500,1703,0,0
1243269258,1500,1697,0,0
1243271258,1501,1705,0,0
1243273258,1494,1692,0,0
1243275258,1497,1702,0,0
1243277258,1501,1697,0,0
1243279258,1500,1707,0,0
1243281258,1499,1705,0,0
1243283258,1498,1707,0,0
1243285258,1498,1709,0,0
1243287258,1500,1705,0,0
1243289258,1497,1701,0,0
1243291258,1492,1693,0,0
1243293258,1492,1702,0,0
1243295258,1496,1705,0,0
1243297258,1497,1703,0,0
1243299258,1496,1702,0,0
1243301258,1500,1703,0,0
1243303258,1497,1696,0,0
1243305258,1504,1705,0,0
1243307258,1496,1710,0,0
1243309258,1500,1700,0,0
1243311258,1495,1705,0,0
1243313258,1498,1704,0,0
1243315258,1499,1705,0,0
1243317258,1504,1709,0,0
1243319258,1491,1710,0,0
1243321258,1500,1703,0,0
1243323258,1500,1703,0,0
1243325258,1500,1705,0,0
1243327258,1498,1701,0,0
1243329258,1499,1700,0,0
1243331258,1499,1702,0,0
1243333258,1498,1704,0,0
1243335258,1495,1703,0,0
1243337258,1499,1709,0,0
1243339258,1504,1717,0,0
1243341258,1496,1702,0,0
1243343258,1499,1705,0,0
1243345258,1489,1704,0,0
1243347258,1504,1705,0,0
1243349258,1501,1703,0,0
1243351258,1500,1699,0,0
1243353258,1487,1713,0,0
1243355258,1500,1702,0,0
1243357258,1502,1703,0,0
1243359258,1499,1705,0,0
1243361258,1497,1702,0,0
1243363258,1496,1701,0,0
1243365258,1500,1697,0,0
1243367258,1500,1696,0,0
1243369258,1496,1699,0,0
1243371258,1501,1705,0,0
1243373258,1503,1705,0,0
1243375258,1498,1702,0,0
1243377258,1497,1705,0,0
1243379258,1497,1704,0,0
1243381258,1508,1706,0,0
1243383258,1496,1703,0,0
1243385258,1492,1699,0,0
1243387258,1500,1700,0,0
1243389258,1500,1703,0,0
1243391258,1499,1705,0,0
1243393258,1499,1706,0,0
1243395258,1492,1700,0,0
1243397258,1488,1702,0,0
1243399258,1501,1697,0,0
1243401258,1496,1709,0,0
1243403258,1500,1709,0,0
1243405258,1500,1705,0,0
1243407258,1512,1705,0,0
1243409258,1500,1702,0,0
1243411258,1500,1704,0,0
1243413258,1492,1709,0,0
1243415258,1499,1709,0,0
1243417258,1500,1703,0,0
1243419258,1490,1713,0,0
1243421258,1497,1701,0,0
1243423258,1505,1703,0,0
1243425258,1495,1707,0,0
1243427258,1494,1703,0,0
1243429258,1497,1703,0,0
1243431258,1504,1702,0,0
1243433258,1500,1697,0,0
1243435258,1499,1705,0,0
1243437258,1497,1705,0,0
1243439258,1496,1705,0,0
1243441258,1495,1702,0,0
1243443258,1489,1705,0,0
1243445258,1498,1699,0,0
1243447258,1500,1697,0,0
1243449258,1501,1709,0,0
1243451258,1497,1705,0,0
1243453258,1497,1706,0,0
1243455258,1504,1709,0,0
1243457258,1502,1697,0,0
1243459258,1499,1696,0,0
1243461258,1489,1703,0,0
1243463258,1501,1704,0,0
1243465258,1502,1700,0,0
1243467258,1501,1706,0,0
1243469258,1508,1703,0,0
1243471258,1496,1700,0,0
1243473258,1497,1704,0,0
1243475258,1496,1702,0,0
1243477258,1497,1707,0,0
1243479258,1494,1701,0,0
1243481258,1500,1700,0,0
1243483258,1504,1704,0,0
1243485258,1492,1705,0,0
1243487258,1494,1704,0,0
1243489258,1497,1696,0,0
1243491258,1504,1713,0,0
1243493258,1504,1701,0,0
1243495258,1498,1705,0,0
1243497258,1494,1705,0,0
1243499258,1496,1705,0,0
1243501258,1502,1709,0,0
1243503258,1492,1707,0,0
1243505258,1504,1704,0,0
1243507258,1498,1704,0,0
1243509258,1489,1709,0,0
1243511258,1496,1709,0,0
1243513258,1492,1702,0,0
1243515258,1496,1706,0,0
1243517258,1496,1704,0,0
1243519258,1500,1706,0,0
1243521258,1504,1701,0,0
1243523258,1499,1701,0,0
1243525258,1498,1710,0,0
1243527258,1496,1713,0,0
1243529258,1498,1710,0,0
1243531258,1500,1704,0,0
1243533258,1497,1708,0,0
1243535258,1494,1705,0,0
1243537258,1499,1705,0,0
1243539258,1497,1704,0,0
1243541258,1503,1699,0,0
1243543258,1500,1707,0,0
1243545258,1501,1709,0,0
1243547258,1501,1705,0,0
1243549258,1502,1705,0,0
1243551258,1500,1706,0,0
1243553258,1492,1705,0,0
1243555258,1494,1704,0,0
1243557258,1500,1700,0,0
1243559258,1498,1704,0,0
1243561258,1502,1705,0,0