frame,rank,x_center_px,y_center_px,bbox_x_px,bbox_y_px,bbox_w_px,bbox_h_px,bbox_aspect,area_px,fill_ratio,circularity,mean_gray,confidence,method,mask_threshold,q_dark,fracao_bbox_a_direita_da_regua,limite_regua_x_px,topo_ruler_mm_estimado,topo_score,valid_ball_candidate,top_valid,top_reason,y_top_blob_px,y_top_subpx,x_top_blob_px,top_columns_used
0,0,196.08199997879356,327.36481428465396,92.0,228.0,232.0,185.0,1.2540540540540541,31437.0,0.7324557315936626,0.6871284773548565,48.29269367582711,0.8627838464553587,dark_blob,75.0,37.0,0.0,455.0,13.70139079199781,0.2765523995292829,True,True,OK,229.0,229.15168539325842,189.0,226
1,0,196.07764946660728,327.3719274246569,92.0,228.0,232.0,185.0,1.2540540540540541,31434.0,0.732385834109972,0.6870629054035868,48.30465306636443,0.8627382106138705,dark_blob,75.0,37.0,0.0,455.0,13.70139079199781,0.2765523995292829,True,True,OK,229.0,229.15168539325842,189.0,226
2,0,196.0801283070887,327.3701818567414,92.0,228.0,232.0,185.0,1.2540540540540541,31435.0,0.7324091332712023,0.687084763584856,48.30253423579411,0.8627499208529682,dark_blob,75.0,37.0,0.0,455.0,13.70139079199781,0.2765523995292829,True,True,OK,229.0,229.15168539325842,189.0,226
3,0,196.0799851545517,327.37003870420443,92.0,228.0,232.0,185.0,1.2540540540540541,31435.0,0.7324091332712023,0.687084763584856,48.30382496458366,0.8627475007364879,dark_blob,75.0,37.0,0.0,455.0,13.70139079199781,0.2765523995292829,True,True,OK,229.0,229.15168539325842,189.0,226
4,0,196.1290290099314,327.3845644270618,92.0,228.0,232.0,185.0,1.2540540540540541,31449.0,0.732735321528425,0.6873907655922171,48.30756159728122,0.8628488170914291,dark_blob,75.0,37.0,0.0,455.0,13.70139079199781,0.2765523995292829,True,True,OK,229.0,229.15168539325842,189.0,227
5,0,196.12592474827767,327.3835665076841,92.0,228.0,232.0,185.0,1.2540540540540541,31450.0,0.7327586206896551,0.6874126229093208,48.304594084329764,0.8628621185062918,dark_blob,75.0,37.0,0.0,455.0,13.70139079199781,0.2765523995292829,True,True,OK,229.0,229.15168539325842,189.0,227
6,0,196.15000847744997,327.3947948457104,92.0,228.0,232.0,185.0,1.2540540540540541,31456.0,0.7328984156570364,0.6860438511697011,48.30503995469704,0.8627582481709992,dark_blob,75.0,38.0,0.0,455.0,13.706581160639194,0.2768577153317173,True,True,OK,229.0,229.08620689655172,189.0,227
7,0,196.12442034861226,327.3854078890885,92.0,228.0,232.0,185.0,1.2540540540540541,31448.5,0.7327236719478099,0.686940117381686,48.32113411794323,0.8627972651851545,dark_blob,75.0,38.0,0.0,455.0,13.706581160639194,0.2768577153317173,True,True,OK,229.0,229.08620689655172,189.0,226
8,0,196.16968839127622,327.3679135256634,92.0,228.0,232.0,185.0,1.2540540540540541,31439.0,0.7325023299161231,0.6893006500872021,48.32671241500881,0.8629937351796823,dark_blob,75.0,38.0,0.0,455.0,13.701864111498258,0.2765802418528387,True,True,OK,229.0,229.1457142857143,189.0,226
9,0,196.1639630183318,327.3675000265063,92.0,228.0,232.0,185.0,1.2540540540540541,31439.0,0.7325023299161231,0.6893006500872021,48.32419415764291,0.8629872208485588,dark_blob,75.0,38.0,0.0,455.0,13.699953980671882,0.2764678812159931,True,True,OK,229.0,229.16981132075472,189.0,226
10,0,196.18733833693761,327.3663762031972,92.0,228.0,232.0,185.0,1.2540540540540541,31444.0,0.732618825722274,0.6945906002927401,48.332021906080826,0.8636271889740391,dark_blob,75.0,38.0,0.0,455.0,13.698981390102919,0.276410670006054,True,True,OK,229.0,229.18208092485548,189.0,226
11,0,196.15072979934493,327.38278161138845,92.0,228.0,232.0,185.0,1.2540540540540541,31447.0,0.7326887232059646,0.6961853538367033,48.346561762391815,0.8638130913162152,dark_blob,75.0,38.0,0.0,455.0,13.700078025661774,0.2764751779801044,True,True,OK,229.0,229.16824644549763,189.0,226
12,0,196.1414576968771,327.36036681093003,93.0,228.0,231.0,185.0,1.2486486486486486,31424.0,0.7353223353223354,0.693517623427646,48.29675936132019,0.8640763737574015,dark_blob,75.0,38.0,0.0,455.0,13.685104529616725,0.27559438409510145,True,True,OK,229.0,229.35714285714286,189.0,226
13,0,196.09979693870517,327.3692004262697,93.0,228.0,231.0,185.0,1.2486486486486486,31435.5,0.7355914355914356,0.696379237006572,48.306384586324135,0.8644607908807684,dark_blob,75.0,38.0,0.0,455.0,13.685104529616725,0.27559438409510145,True,True,OK,229.0,229.35714285714286,189.0,225
14,0,196.1484266929547,327.382114596749,93.0,228.0,231.0,185.0,1.2486486486486486,31446.5,0.7358488358488359,0.6935680758427821,48.324028324154206,0.8642371612938402,dark_blob,75.0,38.0,0.0,455.0,13.700453704774015,0.2764972767514126,True,True,OK,229.0,229.16350710900474,189.0,226
15,0,196.13947374000804,327.37744100248074,93.0,228.0,231.0,185.0,1.2486486486486486,31442.0,0.7357435357435358,0.6960746617612701,48.34258734655336,0.8644800387797995,dark_blob,75.0,38.0,0.0,455.0,13.700453704774015,0.2764972767514126,True,True,OK,229.0,229.16350710900474,189.0,225
16,0,196.15811993001432,327.37002279836696,93.0,228.0,231.0,185.0,1.2486486486486486,31435.0,0.7355797355797355,0.6937603888113282,48.33062586575998,0.8641855581898009,dark_blob,75.0,38.0,0.0,455.0,13.699902993348116,0.2764648819616539,True,True,OK,229.0,229.17045454545453,189.0,225
17,0,196.13233789707462,327.38259099654937,93.0,228.0,231.0,185.0,1.2486486486486486,31443.5,0.7357786357786358,0.6965564592092836,48.33803348860632,0.8645500341244636,dark_blob,75.0,38.0,0.0,455.0,13.699762872628726,0.27645663956639566,True,True,OK,229.0,229.17222222222222,189.0,225
18,0,196.10908792129172,327.37924472292013,93.0,228.0,231.0,185.0,1.2486486486486486,31441.0,0.7357201357201357,0.69758576914146,48.34687903301961,0.8646702391529766,dark_blob,75.0,38.0,0.0,455.0,13.704202373104811,0.2767177866532242,True,True,OK,229.0,229.11621621621623,189.0,225
19,0,196.09818796785206,327.3759887185359,93.0,228.0,231.0,185.0,1.2486486486486486,31438.0,0.7356499356499356,0.69751920706804,48.338538059560534,0.8646624812578947,dark_blob,75.0,38.0,0.0,455.0,13.704202373104811,0.2767177866532242,True,True,OK,229.0,229.11621621621623,189.0,225
20,0,196.1467319845612,327.3697724477245,93.0,228.0,230.0,185.0,1.2432432432432432,31436.0,0.738801410105758,0.6953083249259151,48.37283173303951,0.8648835163891246,dark_blob,75.0,38.0,0.0,455.0,13.680207646671063,0.27530633215712136,True,True,OK,229.0,229.4189189189189,189.0,225
21,0,196.148347861127,327.3712752645755,93.0,228.0,230.0,185.0,1.2432432432432432,31434.0,0.7387544065804935,0.6952640884883959,48.37921480968423,0.8648665601827046,dark_blob,75.0,38.0,0.0,455.0,13.682016154577129,0.2754127149751252,True,True,OK,229.0,229.3961038961039,189.0,225
22,0,196.1318204227032,327.3818111459211,93.0,228.0,230.0,185.0,1.2432432432432432,31440.5,0.7389071680376028,0.6949603568108539,48.3754918316598,0.8648712634034842,dark_blob,75.0,38.0,0.0,455.0,13.682124518613607,0.2754190893302122,True,True,OK,229.0,229.39473684210526,189.0,225
23,0,196.14859220625024,327.38825107068647,93.0,228.0,231.0,185.0,1.2486486486486486,31444.0,0.7357903357903358,0.6930672878226012,48.373504972932146,0.8640708664010609,dark_blob,75.0,38.0,0.0,455.0,13.700353381374724,0.27649137537498375,True,True,OK,229.0,229.16477272727272,189.0,226
24,0,196.18160769727987,327.4000911296902,93.0,228.0,232.0,185.0,1.2540540540540541,31457.0,0.7329217148182665,0.6875656213184977,48.37515336458301,0.862686906430715,dark_blob,75.0,38.0,0.0,455.0,13.684888146652169,0.2755816556854217,True,True,OK,229.0,229.35987261146497,189.0,226
25,0,196.18677347914084,327.4027455468311,93.0,228.0,232.0,185.0,1.2540540540540541,31457.0,0.7329217148182665,0.6875656219670859,48.36618743511499,0.8626912239850635,dark_blob,75.0,38.0,0.0,455.0,13.682764227642277,0.27545671927307513,True,True,OK,229.0,229.38666666666666,189.0,226
26,0,196.19303487331075,327.4029793027456,93.0,228.0,232.0,185.0,1.2540540540540541,31461.5,0.7330265610438024,0.6866026859366873,48.36987292400604,0.8625930799847485,dark_blob,75.0,38.0,0.0,455.0,13.682985837922896,0.27546975517193506,True,True,OK,229.0,229.38387096774193,189.0,228
27,0,196.18504272825044,327.4039554757325,93.0,228.0,232.0,185.0,1.2540540540540541,31458.5,0.7329566635601118,0.6865372147534735,48.37365126301551,0.8625631473246934,dark_blob,75.0,38.0,0.0,455.0,13.683045612923662,0.2754732713484507,True,True,OK,229.0,229.38311688311688,189.0,228
28,0,196.24614130118235,327.4188627494585,93.0,228.0,232.0,185.0,1.2540540540540541,31476.5,0.7333760484622553,0.6869300377532308,48.37601785770428,0.8626979088200933,dark_blob,75.0,38.0,0.0,455.0,13.683045612923662,0.2754732713484507,True,True,OK,229.0,229.38311688311688,189.0,227
29,0,196.2494586423969,327.42265071978056,93.0,228.0,232.0,185.0,1.2540540540540541,31479.5,0.7334459459459459,0.6854979442041937,48.37736560829928,0.8625388739119216,dark_blob,75.0,38.0,0.0,455.0,13.683045612923662,0.2754732713484507,True,True,OK,229.0,229.38311688311688,189.0,227
30,0,196.27365523083438,327.4235969927996,93.0,228.0,232.0,185.0,1.2540540540540541,31480.0,0.7334575955265611,0.6917125721939608,48.38199880536955,0.8634050556292827,dark_blob,75.0,38.0,0.0,455.0,13.704560197197717,0.27673883512927744,True,True,OK,229.0,229.11170212765958,189.0,227
31,0,196.27365523083438,327.4235969927996,93.0,228.0,232.0,185.0,1.2540540540540541,31480.0,0.7334575955265611,0.6917125721939608,48.37722028356754,0.8634140153576615,dark_blob,75.0,38.0,0.0,455.0,13.704560197197717,0.27673883512927744,True,True,OK,229.0,229.11170212765958,189.0,227
32,0,196.27365523083438,327.4235969927996,93.0,228.0,232.0,185.0,1.2540540540540541,31480.0,0.7334575955265611,0.6917125721939608,48.37819485051401,0.8634121880446368,dark_blob,75.0,38.0,0.0,455.0,13.704560197197717,0.27673883512927744,True,True,OK,229.0,229.11170212765958,189.0,227
33,0,196.27365523083438,327.4235969927996,93.0,228.0,232.0,185.0,1.2540540540540541,31480.0,0.7334575955265611,0.6917125721939608,48.38089848784935,0.863407118724633,dark_blob,75.0,38.0,0.0,455.0,13.704560197197717,0.27673883512927744,True,True,OK,229.0,229.11170212765958,189.0,227
34,0,196.27365523083438,327.4235969927996,93.0,228.0,232.0,185.0,1.2540540540540541,31480.0,0.7334575955265611,0.6917125721939608,48.37926373039077,0.863410183894868,dark_blob,75.0,38.0,0.0,455.0,13.704560197197717,0.27673883512927744,True,True,OK,229.0,229.11170212765958,189.0,227
35,0,196.2404721432316,327.40761275358636,93.0,228.0,232.0,185.0,1.2540540540540541,31473.5,0.7333061509785648,0.6904996058865465,48.42178410841745,0.8631177175557173,dark_blob,75.0,38.0,0.0,455.0,13.698790269988262,0.2763994276463683,True,True,OK,229.0,229.18449197860963,189.0,227
36,0,196.2580903064574,327.415226507402,93.0,228.0,232.0,185.0,1.2540540540540541,31478.0,0.7334109972041006,0.6901557281914055,48.41805262992423,0.863106463779593,dark_blob,75.0,38.0,0.0,455.0,13.698790269988262,0.2763994276463683,True,True,OK,229.0,229.18449197860963,189.0,227
37,0,196.25146672597108,327.41099567924766,93.0,228.0,232.0,185.0,1.2540540540540541,31476.0,0.7333643988816403,0.6901118781546692,48.41732432007546,0.8630923384560986,dark_blob,75.0,38.0,0.0,455.0,13.698790269988262,0.2763994276463683,True,True,OK,229.0,229.18449197860963,189.0,227
38,0,196.1795210158407,327.38917595433804,93.0,228.0,232.0,185.0,1.2540540540540541,31448.5,0.7327236719478099,0.6884431537257057,48.39240984328781,0.8628818761273962,dark_blob,75.0,38.0,0.0,455.0,13.713022216855832,0.2772366009915195,True,True,OK,229.0,229.0049504950495,189.0,227
39,0,196.18886910628558,327.3971375279517,93.0,228.0,232.0,185.0,1.2540540540540541,31453.0,0.7328285181733457,0.6911193005473472,48.39594739160531,0.8632193958680154,dark_blob,75.0,38.0,0.0,455.0,13.713022216855832,0.2772366009915195,True,True,OK,229.0,229.0049504950495,189.0,227
40,0,196.24666995037364,327.4142078586523,93.0,228.0,232.0,185.0,1.2540540540540541,31468.5,0.7331896551724137,0.688880976078352,48.39357821246619,0.863034513118027,dark_blob,75.0,38.0,0.0,455.0,13.713022216855832,0.2772366009915195,True,True,OK,229.0,229.0049504950495,189.0,227
41,0,196.19194327864682,327.3961645258383,93.0,228.0,232.0,185.0,1.2540540540540541,31452.0,0.7328052190121156,0.6910973274668604,48.386394386583184,0.8632295565327475,dark_blob,75.0,38.0,0.0,455.0,13.713022216855832,0.2772366009915195,True,True,OK,229.0,229.0049504950495,189.0,227
42,0,196.15771760503287,327.3849978004971,93.0,228.0,232.0,185.0,1.2540540540540541,31446.5,0.7326770736253495,0.6868964309278166,48.37613293051359,0.8627165597030488,dark_blob,75.0,38.0,0.0,455.0,13.713022216855832,0.2772366009915195,True,True,OK,229.0,229.0049504950495,189.0,227
43,0,196.23146175775494,327.39153127947515,93.0,228.0,232.0,185.0,1.2540540540540541,31453.0,0.7328285181733457,0.6911192998936826,48.416619470140326,0.8631829439793254,dark_blob,75.0,38.0,0.0,455.0,13.713414634146343,0.2772596843615496,True,True,OK,229.0,229.0,189.0,227
44,0,196.2211626083455,327.38278551295906,93.0,228.0,231.0,185.0,1.2486486486486486,31458.0,0.7361179361179361,0.6927460786339168,48.4122125397175,0.8641084877763868,dark_blob,75.0,38.0,0.0,455.0,13.713414634146343,0.2772596843615496,True,True,OK,229.0,229.0,189.0,227
45,0,196.20456663066724,327.41575079939855,93.0,228.0,231.0,185.0,1.2486486486486486,31482.0,0.7366795366795367,0.6947976631097684,48.43349784665682,0.8644380461350366,dark_blob,75.0,38.0,0.0,455.0,13.713414634146343,0.2772596843615496,True,True,OK,229.0,229.0,189.0,227
46,0,196.26067399081305,327.42607586630254,93.0,228.0,232.0,185.0,1.2540540540540541,31494.0,0.7337837837837838,0.6898810001398983,48.36862116641528,0.8633328773687942,dark_blob,75.0,38.0,0.0,455.0,13.713217449338673,0.27724808525521605,True,True,OK,229.0,229.00248756218906,189.0,229
47,0,196.2786773343493,327.43506259855434,93.0,228.0,232.0,185.0,1.2540540540540541,31497.0,0.7338536812674744,0.6914584700232165,48.33455870801521,0.8636025441250043,dark_blob,75.0,38.0,0.0,455.0,13.713414634146343,0.2772596843615496,True,True,OK,229.0,229.0,189.0,228
48,0,196.2473442685425,327.41976171194773,93.0,228.0,232.0,185.0,1.2540540540540541,31488.5,0.7336556383970178,0.6893187982138079,48.36293921679552,0.86324909722869,dark_blob,75.0,38.0,0.0,455.0,13.713414634146343,0.2772596843615496,True,True,OK,229.0,229.0,189.0,228
49,0,196.1402884177289,327.3692848893268,93.0,228.0,231.0,185.0,1.2486486486486486,31459.0,0.7361413361413361,0.6927681005905979,48.356864225493894,0.8642200450908605,dark_blob,75.0,38.0,0.0,455.0,13.713414634146343,0.2772596843615496,True,True,OK,229.0,229.0,189.0,227
50,0,196.2487480810968,327.3887936054206,93.0,228.0,232.0,185.0,1.2540540540540541,31485.0,0.733574091332712,0.6875551719305523,48.32471083731456,0.8630935946812084,dark_blob,75.0,38.0,0.0,455.0,13.713814979058881,0.2772832340622871,True,True,OK,229.0,228.9949494949495,189.0,227
51,0,196.2663870841342,327.3755460596337,93.0,228.0,232.0,185.0,1.2540540540540541,31475.5,0.7333527493010251,0.686908216111762,48.325724706030314,0.8629654717038631,dark_blob,75.0,38.0,0.0,455.0,13.713814979058881,0.2772832340622871,True,True,OK,229.0,228.9949494949495,189.0,227
52,0,196.24788727919685,327.37537065277246,93.0,228.0,232.0,185.0,1.2540540540540541,31476.0,0.7333643988816403,0.6858597998706671,48.3208413242368,0.8628636621211927,dark_blob,75.0,38.0,0.0,455.0,13.715903735124309,0.2774061020661358,True,True,OK,229.0,228.96859903381642,189.0,227
53,0,196.1982575998305,327.3634731490308,93.0,228.0,232.0,185.0,1.2540540540540541,31470.0,0.733224603914259,0.6878497670885397,48.36427672955975,0.8629903301021999,dark_blob,75.0,38.0,0.0,455.0,13.715903735124309,0.2774061020661358,True,True,OK,229.0,228.96859903381642,189.0,227
54,0,196.21065285544822,327.3647210218607,93.0,228.0,232.0,185.0,1.2540540540540541,31472.0,0.7332712022367195,0.6878934817226094,48.31095528583108,0.8631057824653319,dark_blob,75.0,38.0,0.0,455.0,13.715903735124309,0.2774061020661358,True,True,OK,229.0,228.96859903381642,189.0,227
55,0,196.20582990724424,327.4022149202872,93.0,228.0,231.0,185.0,1.2486486486486486,31498.5,0.7370656370656371,0.6904218650974031,48.36834333469477,0.8641345105972307,dark_blob,75.0,38.0,0.0,455.0,13.715903735124309,0.2774061020661358,True,True,OK,229.0,228.96859903381642,189.0,228
56,0,196.1868508082652,327.3997248458872,93.0,228.0,232.0,185.0,1.2540540540540541,31497.5,0.7338653308480895,0.6888916722840803,48.349252230740234,0.8632841770366702,dark_blob,75.0,38.0,0.0,455.0,13.715903735124309,0.2774061020661358,True,True,OK,229.0,228.96859903381642,189.0,228
57,0,196.1426159131452,327.38436211377723,93.0,228.0,231.0,185.0,1.2486486486486486,31485.5,0.7367614367614368,0.688629216314884,48.305946693487556,0.86396961076906,dark_blob,75.0,38.0,0.0,455.0,13.715903735124309,0.2774061020661358,True,True,OK,229.0,228.96859903381642,189.0,227
58,0,196.21545316316204,327.32741548389146,93.0,228.0,230.0,185.0,1.2432432432432432,31458.5,0.7393301997649824,0.6916839377777455,48.29139927016484,0.8649198973770045,dark_blob,75.0,38.0,0.0,455.0,13.7146404324868,0.27733179014628234,True,True,OK,229.0,228.98453608247422,189.0,227
59,0,196.23805211312362,327.33695053490095,93.0,228.0,231.0,185.0,1.2486486486486486,31470.0,0.7363987363987364,0.6893552783358483,48.28751572327044,0.8640042479359595,dark_blob,75.0,38.0,0.0,455.0,13.7146404324868,0.27733179014628234,True,True,OK,229.0,228.98453608247422,189.0,228
60,0,196.26095843261845,327.3341805665872,93.0,228.0,230.0,185.0,1.2432432432432432,31475.0,0.7397179788484136,0.6916027074458915,48.29320211294177,0.8649918916448016,dark_blob,75.0,38.0,0.0,455.0,13.7146404324868,0.27733179014628234,True,True,OK,229.0,228.98453608247422,189.0,227
61,0,196.27800454235026,327.3436780331306,93.0,228.0,230.0,185.0,1.2432432432432432,31481.5,0.7398707403055229,0.6906751193896222,48.30175096664676,0.864905516172118,dark_blob,75.0,38.0,0.0,455.0,13.715903735124309,0.2774061020661358,True,True,OK,229.0,228.96859903381642,189.0,228
62,0,196.28541190415714,327.3688510710354,93.0,228.0,232.0,185.0,1.2540540540540541,31496.0,0.7338303821062442,0.6877953862461946,48.335626983378894,0.8631704983758872,dark_blob,75.0,38.0,0.0,455.0,13.715903735124309,0.2774061020661358,True,True,OK,229.0,228.96859903381642,189.0,228
63,0,196.26744998412195,327.3542076849794,93.0,228.0,231.0,185.0,1.2486486486486486,31490.0,0.7368667368667369,0.6928211885030904,48.32171590194846,0.8644661948230417,dark_blob,75.0,38.0,0.0,455.0,13.715903735124309,0.2774061020661358,True,True,OK,229.0,228.96859903381642,189.0,228
64,0,196.3277342054848,327.34118163824763,93.0,228.0,232.0,185.0,1.2540540540540541,31493.0,0.7337604846225536,0.6868508065538054,48.303208371303775,0.8631085199461368,dark_blob,75.0,38.0,0.0,455.0,13.716911764705882,0.2774653979238754,True,True,OK,229.0,228.9558823529412,189.0,228
65,0,196.33955851993014,327.32433963262923,93.0,228.0,233.0,185.0,1.2594594594594595,31485.0,0.7304257046746317,0.6815874265259686,48.29397158662308,0.8617634582671285,dark_blob,75.0,38.0,0.0,455.0,13.717124234050221,0.27747789612060125,True,True,OK,229.0,228.95320197044336,189.0,228
66,0,196.3175041969189,327.29508708937715,93.0,228.0,232.0,185.0,1.2540540540540541,31471.5,0.7332595526561044,0.6853237389108561,48.33365826048676,0.8627506643382716,dark_blob,75.0,38.0,0.0,455.0,13.715627708307542,0.27738986519456127,True,True,OK,229.0,228.9720812182741,189.0,228
67,0,196.34135269845808,327.30314153596794,93.0,228.0,232.0,185.0,1.2540540540540541,31465.5,0.7331197576887232,0.6815993577480521,48.30059439569771,0.8623451119317864,dark_blob,75.0,38.0,0.0,455.0,13.717338807051437,0.2774905180618492,True,True,OK,229.0,228.95049504950495,189.0,228
68,0,196.30296432847047,327.29949464450306,93.0,228.0,230.0,185.0,1.2432432432432432,31463.0,0.7394359576968272,0.6876967650043462,48.324348126946184,0.8644261780884981,dark_blob,75.0,38.0,0.0,455.0,13.718602349636061,0.2775648440962389,True,True,OK,229.0,228.934554973822,189.0,227
69,0,196.3284551295293,327.3047950465839,93.0,228.0,231.0,185.0,1.2486486486486486,31466.5,0.7363168363168363,0.6867118023460306,48.299619460955434,0.8637408372758053,dark_blob,75.0,38.0,0.0,455.0,13.730701868188895,0.2782765804816997,True,True,OK,229.0,228.78191489361703,189.0,227
70,0,196.3603662282095,327.2887356760077,93.0,228.0,231.0,185.0,1.2486486486486486,31474.0,0.7364923364923365,0.6849405528932584,48.31074707583952,0.8635459474923333,dark_blob,75.0,38.0,0.0,455.0,13.730701868188895,0.2782765804816997,True,True,OK,229.0,228.78191489361703,189.0,228
71,0,196.36579928406513,327.29076380504546,93.0,228.0,231.0,185.0,1.2486486486486486,31474.0,0.7364923364923365,0.6864364215655516,48.30043390768457,0.863744788923299,dark_blob,75.0,38.0,0.0,455.0,13.730701868188895,0.2782765804816997,True,True,OK,229.0,228.78191489361703,189.0,227
72,0,196.3857408378211,327.2754928592988,93.0,228.0,231.0,185.0,1.2486486486486486,31474.5,0.7365040365040365,0.6860086843184707,48.294994340334554,0.8636045383256666,dark_blob,75.0,38.0,0.0,455.0,13.713414634146343,0.2772596843615496,True,True,OK,229.0,229.0,189.0,228
73,0,196.266391184573,327.26237550328455,93.0,228.0,230.0,185.0,1.2432432432432432,31460.0,0.7393654524089307,0.6949440385248931,48.28277966528249,0.8653277990326002,dark_blob,75.0,38.0,0.0,455.0,13.713414634146343,0.2772596843615496,True,True,OK,229.0,229.0,189.0,226
74,0,196.3294064652888,327.2520031796502,93.0,228.0,230.0,185.0,1.2432432432432432,31450.0,0.7391304347826086,0.6910533789093458,48.2803738317757,0.8648138415815135,dark_blob,75.0,38.0,0.0,455.0,13.713414634146343,0.2772596843615496,True,True,OK,229.0,229.0,189.0,228
75,0,196.29896164441618,327.2750158931977,93.0,228.0,230.0,185.0,1.2432432432432432,31460.0,0.7393654524089307,0.6912731099313871,48.31891534807638,0.8647761047774277,dark_blob,75.0,38.0,0.0,455.0,13.70603180296509,0.27682540017441704,True,True,OK,229.0,229.09313725490196,189.0,228
76,0,196.31740659526912,327.28337623542126,93.0,228.0,230.0,185.0,1.2432432432432432,31467.0,0.7395299647473561,0.6914269228022198,48.290634042017864,0.8648837022353199,dark_blob,75.0,38.0,0.0,455.0,13.70603180296509,0.27682540017441704,True,True,OK,229.0,229.09313725490196,189.0,228
77,0,196.32669166560737,327.2893680352527,93.0,228.0,230.0,185.0,1.2432432432432432,31468.0,0.7395534665099882,0.6929662916413025,48.2836116614775,0.8650858269507418,dark_blob,75.0,38.0,0.0,455.0,13.705874479476503,0.276816145851559,True,True,OK,229.0,229.0951219512195,189.0,228
78,0,196.34400847233252,327.29450886947313,93.0,228.0,231.0,185.0,1.2486486486486486,31475.0,0.7365157365157365,0.6900899537882778,48.222896491007425,0.8641876885737843,dark_blob,75.0,38.0,0.0,455.0,13.705874479476503,0.276816145851559,True,True,OK,229.0,229.0951219512195,189.0,228
79,0,196.34756517409772,327.27989639940256,93.0,228.0,231.0,185.0,1.2486486486486486,31467.0,0.7363285363285363,0.6899145545102486,48.15357277644986,0.8642998837521957,dark_blob,75.0,38.0,0.0,455.0,13.713414634146343,0.2772596843615496,True,True,OK,229.0,229.0,189.0,228
80,0,196.33783368806715,327.29383080784015,93.0,228.0,231.0,185.0,1.2486486486486486,31479.0,0.7366093366093366,0.6916906010761371,48.14128521126761,0.8645976876108482,dark_blob,75.0,37.0,0.0,455.0,13.713414634146343,0.2772596843615496,True,True,OK,229.0,229.0,189.0,228
81,0,196.34587978697496,327.30090313290765,93.0,228.0,230.0,185.0,1.2432432432432432,31483.0,0.7399059929494712,0.6932966129028956,48.14183327046397,0.8655130376888517,dark_blob,75.0,38.0,0.0,455.0,13.713414634146343,0.2772596843615496,True,True,OK,229.0,229.0,189.0,229
82,0,196.45650767386851,327.2938237820982,93.0,228.0,232.0,185.0,1.2540540540540541,31427.0,0.7322227399813607,0.683917736014278,48.06096293730516,0.8628526366121833,dark_blob,75.0,37.0,0.0,455.0,13.713414634146343,0.2772596843615496,True,True,OK,229.0,229.0,189.0,228
83,0,196.49598115519902,327.27688381692104,93.0,228.0,231.0,185.0,1.2486486486486486,31414.5,0.7351000351000351,0.6861974422697504,48.05941280241935,0.8637607092332648,dark_blob,75.0,38.0,0.0,455.0,13.713414634146343,0.2772596843615496,True,True,OK,229.0,229.0,189.0,228
84,0,196.3838398280089,327.28239792000926,93.0,228.0,231.0,185.0,1.2486486486486486,31474.5,0.7365040365040365,0.6920357312499186,48.085743931580936,0.8647201284738536,dark_blob,75.0,37.0,0.0,455.0,13.713414634146343,0.2772596843615496,True,True,OK,229.0,229.0,189.0,228
85,0,196.5081964606554,327.29482878327735,93.0,228.0,231.0,185.0,1.2486486486486486,31446.5,0.7358488358488359,0.6797083831338595,48.03593681163069,0.863190410515765,dark_blob,75.0,37.0,0.0,455.0,13.713414634146343,0.2772596843615496,True,True,OK,229.0,229.0,189.0,229
86,0,196.5176596579402,327.2912438633881,93.0,228.0,230.0,185.0,1.2432432432432432,31437.0,0.7388249118683902,0.6841353572987116,48.05404980010702,0.864340970542056,dark_blob,75.0,37.0,0.0,455.0,13.713414634146343,0.2772596843615496,True,True,OK,229.0,229.0,189.0,228
87,0,196.51998770476598,327.30806450758115,93.0,228.0,231.0,185.0,1.2486486486486486,31448.5,0.7358956358956359,0.6818453483889219,48.05176374335253,0.8634274440303987,dark_blob,75.0,37.0,0.0,455.0,13.713414634146343,0.2772596843615496,True,True,OK,229.0,229.0,189.0,228
88,0,196.54806015404267,327.3014434213804,93.0,228.0,231.0,185.0,1.2486486486486486,31441.5,0.7357318357318358,0.6802124167135072,48.0525620042805,0.8631940393565919,dark_blob,75.0,37.0,0.0,455.0,13.713414634146343,0.2772596843615496,True,True,OK,229.0,229.0,189.0,228
89,0,196.54958925323106,327.29271474710833,93.0,228.0,231.0,185.0,1.2486486486486486,31426.5,0.7353808353808354,0.6763335853721663,48.01413816990995,0.8627235754275392,dark_blob,75.0,37.0,0.0,455.0,13.713414634146343,0.2772596843615496,True,True,OK,229.0,229.0,189.0,228
90,0,196.54436206658815,327.29156457822893,93.0,228.0,230.0,185.0,1.2432432432432432,31427.0,0.7385898942420681,0.6824289779308738,48.06124633938974,0.864071122271714,dark_blob,75.0,38.0,0.0,455.0,13.713414634146343,0.2772596843615496,True,True,OK,229.0,229.0,189.0,228
91,0,196.5127507307731,327.2560384935729,93.0,228.0,232.0,185.0,1.2540540540540541,31416.5,0.7319780987884437,0.6746547523058766,48.06913821343077,0.861672048199165,dark_blob,75.0,38.0,0.0,455.0,13.713414634146343,0.2772596843615496,True,True,OK,229.0,229.0,189.0,228
92,0,196.5396451712107,327.3123840125558,93.0,228.0,232.0,185.0,1.2540540540540541,31433.0,0.7323625349487418,0.6739764705256407,48.05842908861955,0.8618154058914639,dark_blob,75.0,38.0,0.0,455.0,13.733862824297034,0.27846251907629616,True,True,OK,229.0,228.7420382165605,189.0,229
93,0,196.57896131846925,327.3244170205096,93.0,228.0,232.0,185.0,1.2540540540540541,31440.5,0.7325372786579684,0.6716534886673743,48.085575803355056,0.8614469154861153,dark_blob,75.0,38.0,0.0,455.0,13.720740376835048,0.2776906104020616,True,True,OK,229.0,228.90758293838863,189.0,229
94,0,196.54544972787923,327.32206695177075,93.0,228.0,232.0,185.0,1.2540540540540541,31450.5,0.7327702702702703,0.6768500927567765,48.1128940909949,0.8621388407972216,dark_blob,75.0,38.0,0.0,455.0,13.732370095440084,0.2783747114964755,True,True,OK,229.0,228.7608695652174,189.0,229
95,0,196.54334996768486,327.3232096881854,93.0,228.0,233.0,185.0,1.2594594594594595,31461.0,0.7298689247187101,0.67457683811327,48.102381027270155,0.8611785215026273,dark_blob,75.0,38.0,0.0,455.0,13.720408895265424,0.2776711114862014,True,True,OK,229.0,228.91176470588235,189.0,229
96,0,196.40954784504194,327.3061384294678,93.0,228.0,232.0,185.0,1.2540540540540541,31501.0,0.7339468779123951,0.6834191810670645,48.174886906257846,0.8629988145911309,dark_blob,75.0,38.0,0.0,455.0,13.720408895265424,0.2776711114862014,True,True,OK,229.0,228.91176470588235,189.0,229
97,0,196.5215949308072,327.31382054379384,93.0,228.0,232.0,185.0,1.2540540540540541,31458.0,0.7329450139794967,0.6789133861789733,48.089587920729784,0.8623981334513011,dark_blob,75.0,38.0,0.0,455.0,13.720408895265424,0.2776711114862014,True,True,OK,229.0,228.91176470588235,189.0,229
98,0,196.6110537272164,327.33123573127386,93.0,228.0,232.0,185.0,1.2540540540540541,31464.5,0.7330964585274931,0.6800974504194136,48.14442068184677,0.8624666785169284,dark_blob,75.0,38.0,0.0,455.0,13.719733121244255,0.2776313600731915,True,True,OK,229.0,228.92028985507247,189.0,229
99,0,196.55360189925068,327.28053691986474,93.0,228.0,232.0,185.0,1.2540540540540541,31451.0,0.7327819198508854,0.6787623157457401,48.10455274832457,0.8623121696560889,dark_blob,75.0,38.0,0.0,455.0,13.719733121244255,0.2776313600731915,True,True,OK,229.0,228.92028985507247,189.0,229
100,0,196.57226618362094,327.33058971832924,93.0,228.0,232.0,185.0,1.2540540540540541,31467.0,0.7331547064305685,0.6811977622290339,48.094722938549594,0.8627059975103958,dark_blob,75.0,38.0,0.0,455.0,13.71995619228037,0.2776444818988453,True,True,OK,229.0,228.91747572815535,189.0,229
101,0,196.58216917510316,327.34042158685753,93.0,228.0,231.0,185.0,1.2486486486486486,31460.5,0.7361764361764361,0.6800109922509892,48.11414821338701,0.863190469252291,dark_blob,75.0,38.0,0.0,455.0,13.71995619228037,0.2776444818988453,True,True,OK,229.0,228.91747572815535,189.0,229
102,0,196.56825588604676,327.3636922457328,93.0,228.0,231.0,185.0,1.2486486486486486,31451.5,0.735965835965836,0.6712876676666976,48.108919301557336,0.8620304883927047,dark_blob,75.0,38.0,0.0,455.0,13.706907535493265,0.276876913852545,True,True,OK,229.0,229.0820895522388,189.0,229
103,0,196.57496314678713,327.33442567316763,93.0,228.0,231.0,185.0,1.2486486486486486,31431.0,0.7354861354861355,0.6704260497134165,48.08210552827099,0.8619453183144185,dark_blob,75.0,38.0,0.0,455.0,13.71935975609756,0.27760939741750357,True,True,OK,229.0,228.925,189.0,229
104,0,196.6128032302165,327.3599709619644,93.0,228.0,231.0,185.0,1.2486486486486486,31453.0,0.736000936000936,0.6773339807775205,48.094856064181215,0.8628578221667663,dark_blob,75.0,38.0,0.0,455.0,13.718417002131186,0.2775539413018345,True,True,OK,229.0,228.9368932038835,189.0,229
105,0,196.60456279809222,327.34708002119766,93.0,228.0,231.0,185.0,1.2486486486486486,31450.0,0.7359307359307359,0.6802168902093589,48.07507394122459,0.8632321511640347,dark_blob,75.0,38.0,0.0,455.0,13.719555688721144,0.27762092286594964,True,True,OK,229.0,228.9225282345948,189.5,229
106,0,196.6385768981938,327.3206857785272,93.0,228.0,231.0,185.0,1.2486486486486486,31429.0,0.7354393354393355,0.6753515475795014,48.03919901766317,0.8625342805531695,dark_blob,75.0,38.0,0.0,455.0,13.707073170731707,0.2768866571018651,True,True,OK,229.0,229.08,189.0,229
107,0,196.58704195770815,327.3161864150583,93.0,228.0,231.0,185.0,1.2486486486486486,31424.5,0.7353340353340353,0.6792328606547122,48.03271822647689,0.8629881006234762,dark_blob,75.0,38.0,0.0,455.0,13.706907535493265,0.276876913852545,True,True,OK,229.0,229.0820895522388,189.0,229
108,0,196.64965120963467,327.33386340987636,93.0,228.0,234.0,185.0,1.2648648648648648,31442.0,0.7263109263109263,0.6756308935179112,48.01683766601624,0.8606049581494365,dark_blob,75.0,37.0,0.0,455.0,13.706907535493265,0.276876913852545,True,True,OK,229.0,229.0820895522388,189.0,229
109,0,196.68352994795805,327.3448705311244,93.0,228.0,234.0,185.0,1.2648648648648648,31449.0,0.7264726264726264,0.6757813110964228,47.977754003964634,0.8607266339148382,dark_blob,75.0,37.0,0.0,455.0,13.70603180296509,0.27682540017441704,True,True,OK,229.0,229.09313725490196,189.0,229
110,0,196.7417530032416,327.373350070976,93.0,228.0,234.0,185.0,1.2648648648648648,31466.0,0.7268653268653269,0.6796972110025101,48.005094820266066,0.8612314803982305,dark_blob,75.0,37.0,0.0,455.0,13.70603180296509,0.27682540017441704,True,True,OK,229.0,229.09313725490196,189.0,230
111,0,196.7079029062437,327.36261297055614,93.0,228.0,231.0,185.0,1.2486486486486486,31461.0,0.7361881361881362,0.6810678739880265,48.037965525918466,0.8633807977225475,dark_blob,75.0,37.0,0.0,455.0,13.70603180296509,0.27682540017441704,True,True,OK,229.0,229.09313725490196,189.0,229
112,0,196.66772136803777,327.34573004944906,93.0,228.0,232.0,185.0,1.2540540540540541,31446.5,0.7326770736253495,0.6797083848341492,48.04144376612751,0.8624404162733225,dark_blob,75.0,38.0,0.0,455.0,13.70603180296509,0.27682540017441704,True,True,OK,229.0,229.09313725490196,189.0,229
113,0,196.6862854205419,327.3499366709592,93.0,228.0,233.0,185.0,1.2594594594594595,31449.5,0.7296021343231643,0.67682857205569,48.05698373241874,0.8613875146382747,dark_blob,75.0,38.0,0.0,455.0,13.70548780487805,0.2767934002869441,True,True,OK,229.0,229.1,189.0,229
114,0,196.6230814890189,327.3351988467735,93.0,228.0,232.0,185.0,1.2540540540540541,31448.0,0.7327120223671948,0.6822693376780751,48.04103338682778,0.8627529717620724,dark_blob,75.0,38.0,0.0,455.0,13.70548780487805,0.2767934002869441,True,True,OK,229.0,229.1,189.0,229
115,0,196.63987726159814,327.3489883091142,93.0,228.0,233.0,185.0,1.2594594594594595,31449.0,0.7295905347407493,0.6778566979448406,48.06419131529264,0.8614929357378963,dark_blob,75.0,37.0,0.0,455.0,13.705165903181875,0.27677446489305146,True,True,OK,229.0,229.10406091370558,189.0,229
116,0,196.67133059857326,327.3514749684654,93.0,228.0,232.0,185.0,1.2540540540540541,31447.0,0.7326887232059646,0.6778135885716894,48.05607653093335,0.8621835556424501,dark_blob,75.0,37.0,0.0,455.0,13.705248805000615,0.2767793414706244,True,True,OK,229.0,229.10301507537687,189.0,229
117,0,196.68175338749077,327.3562151248748,93.0,228.0,232.0,185.0,1.2540540540540541,31451.5,0.7327935694315004,0.6768716134578362,48.08919862819746,0.8620321326623511,dark_blob,75.0,37.0,0.0,455.0,13.705368304939332,0.27678637087878427,True,True,OK,229.0,229.10150753768843,189.5,229
118,0,196.61930673115677,327.3315991005324,93.0,228.0,232.0,185.0,1.2540540540540541,31426.0,0.7321994408201304,0.6758935179478366,48.06685140284032,0.8618255408322132,dark_blob,75.0,37.0,0.0,455.0,13.705248805000615,0.2767793414706244,True,True,OK,229.0,229.10301507537687,189.0,228
119,0,196.61014575774934,327.335311777311,93.0,228.0,231.0,185.0,1.2486486486486486,31422.0,0.7352755352755352,0.6772747352704769,48.010455704972756,0.8627751023726005,dark_blob,75.0,37.0,0.0,455.0,13.705730462916874,0.27680767428922787,True,True,OK,229.0,229.0969387755102,189.0,228
120,0,196.59095297200386,327.3715402650032,93.0,228.0,231.0,185.0,1.2486486486486486,31421.0,0.7352521352521353,0.6772531823818595,48.031872008062486,0.8627109496108354,dark_blob,75.0,37.0,0.0,455.0,13.702963839339887,0.2766449317258757,True,True,OK,229.0,229.1318407960199,189.0,228
121,0,196.58825058349245,327.3854975599406,93.0,228.0,231.0,185.0,1.2486486486486486,31420.0,0.7352287352287352,0.6787035658513041,48.061698844130895,0.8628247920529066,dark_blob,75.0,37.0,0.0,455.0,13.703109756097561,0.2766535150645624,True,True,OK,229.0,229.13,189.0,228
122,0,196.60039793076004,327.4053269664411,93.0,228.0,230.0,185.0,1.2432432432432432,31412.5,0.7382491186839013,0.6789734816869493,48.06237399193548,0.8635180687195354,dark_blob,75.0,37.0,0.0,455.0,13.702963839339887,0.2766449317258757,True,True,OK,229.0,229.1318407960199,189.0,228
123,0,203.52074779366652,328.76059512010943,93.0,228.0,231.0,185.0,1.2486486486486486,28252.0,0.6610974610974611,0.2886360317956569,40.644562795878585,0.8136502410110904,dark_blob,75.0,37.0,0.0,455.0,13.702963839339887,0.2766449317258757,True,True,OK,229.0,229.1318407960199,189.0,229
124,0,196.32086801804664,327.3797155323971,93.0,228.0,231.0,185.0,1.2486486486486486,31474.0,0.7364923364923365,0.6873149602080495,48.19320861499764,0.8638996123641781,dark_blob,75.0,37.0,0.0,455.0,13.704921602787456,0.2767600942816151,True,True,OK,229.0,229.10714285714286,189.0,229
125,0,196.2855327126561,327.3752343427282,93.0,228.0,231.0,185.0,1.2486486486486486,31471.0,0.7364221364221364,0.6863709958972246,48.2070689600956,0.8637948977363067,dark_blob,75.0,37.0,0.0,455.0,13.713414634146343,0.2772596843615496,True,True,OK,229.0,229.0,189.0,227
126,0,196.20171453382468,327.32800652348874,93.0,228.0,232.0,185.0,1.2540540540540541,31476.0,0.7333643988816403,0.6879809129376887,48.24457649500095,0.8632465504735937,dark_blob,75.0,37.0,0.0,455.0,13.713414634146343,0.2772596843615496,True,True,OK,229.0,229.0,188.5,228
127,0,196.15534324694627,327.25857918987685,92.0,228.0,232.0,185.0,1.2540540540540541,31505.5,0.7340517241379311,0.6881851859563342,48.30365949426732,0.8633111588879779,dark_blob,75.0,38.0,0.0,455.0,13.713414634146343,0.2772596843615496,True,True,OK,228.62,229.0,189.0,228
128,0,196.20552624888776,327.2317751366468,92.0,228.0,232.0,185.0,1.2540540540540541,31468.0,0.7331780055917987,0.6782662269365718,48.24516494229378,0.8622582183713793,dark_blob,75.0,38.0,0.0,455.0,13.75072099080279,0.2794541759295759,True,True,OK,228.0,228.52936596218018,188.5,228
129,0,196.57386170031518,327.4701582332396,92.0,228.0,232.0,185.0,1.2540540540540541,31304.0,0.7293569431500466,0.6070269621345925,47.955200303298376,0.8535445170613014,dark_blob,75.0,38.0,0.0,455.0,13.772837408098962,0.2807551416528801,True,True,OK,228.0,228.25035885167463,188.5,229
130,0,195.89881576023114,327.0842143696225,92.0,228.0,233.0,185.0,1.2594594594594595,31497.0,0.7307040946525926,0.6738894776154077,48.2245122372679,0.8613742255922023,dark_blob,75.0,37.0,0.0,455.0,13.775463970303699,0.2809096453119823,True,True,OK,228.0,228.21722375924566,188.5,229
131,0,202.2492334339817,328.23274933876365,92.0,228.0,231.0,185.0,1.2486486486486486,28482.0,0.6664794664794664,0.2877893523820288,41.089678510998304,0.8144175362781868,dark_blob,75.0,38.0,0.0,455.0,13.791716240333136,0.2818656611960668,True,True,OK,228.0,228.0121951219512,188.0,229
132,0,195.38100598220134,326.830151985964,92.0,227.0,232.0,186.0,1.2473118279569892,31538.0,0.7308583611420096,0.6768344701477013,48.206532994446015,0.8619526904450805,dark_blob,75.0,37.0,0.0,455.0,13.802237490111311,0.2824845582418418,True,True,OK,228.0,227.879465509365,187.5,229
133,0,196.27938008424167,327.34072323505137,91.0,227.0,233.0,186.0,1.2526881720430108,31101.0,0.7176381005122525,0.5532798813365614,47.48361567555541,0.8457842950580606,dark_blob,75.0,37.0,0.0,455.0,13.837035423925666,0.2845314955250392,True,True,OK,227.0,227.4404761904762,187.0,228
134,0,194.89082737725707,326.77705438202725,91.0,227.0,232.0,186.0,1.2473118279569892,31410.5,0.7279036892843901,0.6130240293049791,48.00103914097679,0.8543235511560697,dark_blob,75.0,37.0,0.0,455.0,13.851775344284055,0.285398549663768,True,True,OK,227.0,227.254526425955,186.5,227
135,0,195.05580945355803,326.8404772213403,90.0,226.0,233.0,187.0,1.2459893048128343,31180.5,0.715625071722017,0.5716877728393057,47.54680365296803,0.8476327944272382,dark_blob,75.0,37.0,0.0,455.0,13.871020840490095,0.28653063767588793,True,True,OK,227.0,227.0117370892019,186.0,228
136,0,194.26498226100298,326.48311332715394,90.0,226.0,231.0,187.0,1.2352941176470589,31287.0,0.7242864087783873,0.5807330519210716,47.49391612148794,0.8508795619911558,dark_blob,75.0,37.0,0.0,455.0,13.89837398373984,0.2881396461023435,True,True,OK,226.0,226.66666666666666,185.0,227
137,0,192.73542826037553,325.73594617876637,89.0,225.0,229.0,188.0,1.2180851063829787,31536.5,0.732521137229397,0.668762677320914,47.80665202384688,0.8630402869286197,dark_blob,75.0,37.0,0.0,455.0,13.962281469681422,0.2918989099812601,True,True,OK,225.0,225.8604491517113,184.5,225
138,0,191.2462175783002,324.95290640914004,88.0,224.0,230.0,189.0,1.216931216931217,31582.5,0.7265355417529331,0.675291109851725,47.7255123143448,0.8631555153555817,dark_blob,75.0,37.0,0.0,455.0,14.046191900598252,0.2968348176822501,True,True,OK,224.0,224.80188679245282,183.0,225
139,0,190.42083807356846,324.33462373067033,87.0,223.0,230.0,190.0,1.2105263157894737,31644.0,0.7241189931350115,0.6883825704913279,47.49477667959465,0.8652250288727611,dark_blob,75.0,37.0,0.0,455.0,14.147574939489852,0.30279852585234424,True,True,OK,223.0,223.5229007633588,182.5,224
140,0,189.40426335247383,323.5860667558142,86.0,222.0,231.0,191.0,1.2094240837696335,31782.5,0.7203485868407334,0.6918371607589614,47.47855874933823,0.865165464001732,dark_blob,75.0,37.0,0.0,455.0,14.202506332252867,0.30602978425016863,True,True,OK,222.0,222.82992011619461,181.5,225
141,0,188.70746122809228,322.77927331568105,86.0,220.0,228.0,193.0,1.1813471502590673,31724.0,0.7209344605035906,0.6347066044560209,46.99519755511897,0.8606131821309194,dark_blob,75.0,37.0,0.0,455.0,14.41814729179171,0.31871454657598297,True,True,OK,220.0,220.1095264727815,180.5,224
142,0,186.9841277258567,321.1868172377985,84.0,218.0,227.0,195.0,1.1641025641025642,32100.0,0.7251779057946459,0.6782180181526314,47.14025405438737,0.8674791631881705,dark_blob,75.0,37.0,0.0,455.0,14.58561503283302,0.32856559016664827,True,True,OK,218.0,217.99685650887574,179.5,221
143,0,186.022986006492,319.8463872106688,83.0,215.0,226.0,198.0,1.1414141414141414,32193.5,0.7194399749709485,0.6568966542452852,46.927363826386326,0.8647581832582815,dark_blob,75.0,37.0,0.0,455.0,14.704268292682928,0.335545193687231,True,True,OK,216.0,216.5,178.0,218
144,0,184.64397576501264,317.68937290692025,82.0,211.0,226.0,202.0,1.118811881188119,32597.5,0.7140431963550338,0.6523482896426728,47.3043201068642,0.8641714620040118,dark_blob,75.0,37.0,0.0,455.0,15.018859114249038,0.3540505361322963,True,True,OK,212.0,212.5313157894737,176.5,218
145,0,183.27355259169445,314.89469031019496,81.0,207.0,224.0,205.0,1.0926829268292684,32990.0,0.7184233449477352,0.6518336489257167,47.95913959139591,0.8656667889603431,dark_blob,75.0,39.0,0.0,455.0,15.328832752613241,0.37228427956548477,True,True,OK,208.0,208.62087912087912,175.0,217
146,0,181.29149255892204,311.194736080117,79.0,202.0,219.0,210.0,1.042857142857143,33384.5,0.7259078060447923,0.6605984918407009,49.08814896077327,0.8685196905563981,dark_blob,75.0,39.0,0.0,455.0,15.715596782563573,0.39503510485668075,True,True,OK,202.78,203.74170212765955,173.5,214
147,0,179.51094541630818,305.35453488898617,78.0,195.0,209.0,216.0,0.9675925925925926,33126.5,0.7337962962962963,0.6295035130065474,50.30615720132644,0.8668055400309229,dark_blob,75.0,41.0,0.0,455.0,16.15239352020386,0.420729030600227,True,True,OK,196.0,198.23134328358208,172.0,204
148,0,182.1989893521025,291.2471455212657,76.0,187.0,193.0,217.0,0.8894009216589862,27705.0,0.6615171557508178,0.3252714708306445,43.4802984544324,0.8310956000782965,dark_blob,75.0,43.0,0.0,455.0,16.80954088952654,0.4593847582074436,True,True,OK,187.0,189.94117647058823,171.0,192
149,0,170.72385639544459,266.4267409012022,74.0,176.0,192.0,187.0,1.0267379679144386,26313.0,0.7328709893048129,0.8220030221284098,49.60667394003235,0.9004978583417674,dark_blob,75.0,46.0,0.0,455.0,17.76466710613052,0.5155686533017954,True,True,OK,176.0,177.8918918918919,170.0,191
150,0,176.46938004226632,247.75434618291757,72.0,160.0,191.0,180.0,1.0611111111111111,21609.0,0.6285340314136125,0.368690767177858,40.44547606044056,0.8260919500294094,dark_blob,75.0,51.0,0.0,455.0,18.92657263693849,0.5839160374669701,True,True,OK,161.0,163.23400673400673,168.5,190
151,0,175.34058008169683,220.8612179322839,73.0,139.0,187.0,166.0,1.1265060240963856,19503.0,0.6282778171509568,0.3663436383554798,39.16141057934509,0.8066773057780668,dark_blob,75.0,55.0,0.0,455.0,20.557511086474506,0.6798535933220298,True,True,OK,140.0,142.6590909090909,165.5,186
152,0,164.56179768742396,203.47063307786757,68.0,106.0,192.0,197.0,0.9746192893401016,28640.5,0.7572044204737732,0.8509602705561186,46.905629711598316,0.9474417168686601,dark_blob,75.0,42.0,0.0,455.0,23.385384908536587,0.8461991122668581,True,True,OK,106.0,106.984375,157.0,192
153,0,166.30959092035712,202.59199824770732,69.0,105.0,193.0,198.0,0.9747474747474747,28914.5,0.7566467786675041,0.8362430416154731,47.12799698588848,0.9456057391611424,dark_blob,75.0,41.0,0.0,455.0,23.465189297415364,0.8508934880832567,True,True,OK,105.0,105.9776119402985,158.0,193
154,0,167.76082650912824,202.28488573358075,70.0,104.0,194.0,199.0,0.9748743718592965,29368.5,0.76072372170129,0.8349805134559686,47.27913800080939,0.9464845376709546,dark_blob,75.0,40.0,0.0,455.0,23.53637723553867,0.8550810138552158,True,True,OK,104.0,105.07954872089681,158.5,193
155,0,169.05553322166386,202.27843662758235,70.0,103.0,196.0,201.0,0.9751243781094527,29850.0,0.757691136155955,0.8219300352533091,47.10213358993928,0.9447738155035373,dark_blob,75.0,39.0,0.0,455.0,23.56853128313892,0.8569724284199365,True,True,OK,103.0,104.67391304347827,160.0,196
156,0,171.48245351760184,203.4165199384295,72.0,103.0,196.0,202.0,0.9702970297029703,30101.0,0.7602798545160638,0.8420357290421528,46.81551321288709,0.9480845669327821,dark_blob,75.0,39.0,0.0,455.0,23.53323923517013,0.8548964255982429,True,True,OK,104.0,105.11913580246915,168.5,196
157,0,173.30672016273593,204.09812482790787,74.0,105.0,195.0,200.0,0.975,29659.5,0.7605,0.8382032469767678,46.996393267432545,0.946538630802899,dark_blob,75.0,39.0,0.0,455.0,23.398053059477963,0.8469442976163508,True,True,OK,105.0,106.82456140350877,169.5,195
158,0,174.6706732671029,204.20949038754958,75.0,105.0,195.0,200.0,0.975,29493.0,0.7562307692307693,0.8349641472939013,46.75951237532324,0.9454143386378576,dark_blob,75.0,39.0,0.0,455.0,23.356810437589672,0.8445182610346866,True,True,OK,106.0,107.34485294117647,171.5,195
159,0,175.22141185404305,203.56735406289135,76.0,105.0,195.0,199.0,0.9798994974874372,29410.5,0.7579049091611906,0.8361746206637543,46.635953391257495,0.9463454667737943,dark_blob,75.0,40.0,0.0,455.0,23.388550135501355,0.846385302088315,True,True,OK,105.0,106.94444444444444,169.0,195
160,0,175.30705879680116,203.13630270810611,76.0,104.0,195.0,200.0,0.975,29344.0,0.7524102564102564,0.831602286125182,46.61663347622101,0.9448291450806808,dark_blob,75.0,40.0,0.0,455.0,23.422937208095487,0.8484080710644404,True,True,OK,105.0,106.51063829787233,171.5,195
161,0,174.94139462504825,203.1356346123265,76.0,104.0,194.0,200.0,0.97,29346.0,0.756340206185567,0.8408690791117751,46.577764277035236,0.9470334857779606,dark_blob,75.0,40.0,0.0,455.0,23.449588769143507,0.8499758099496181,True,True,OK,105.0,106.17441860465117,171.0,194
162,0,174.32725682613238,203.10933737676615,76.0,104.0,194.0,200.0,0.97,29348.0,0.7563917525773196,0.853324294256609,46.67358579721884,0.9483208784817746,dark_blob,75.0,40.0,0.0,455.0,23.442978688923105,0.8495869817013592,True,True,OK,105.0,106.2578073089701,170.5,194
163,0,173.60731075832936,202.8059719288683,75.0,104.0,194.0,200.0,0.97,29354.0,0.7565463917525773,0.8483292648926691,46.67389910578708,0.9478799012576159,dark_blob,75.0,40.0,0.0,455.0,23.464240345528452,0.8508376673840266,True,True,OK,104.0,105.98958333333334,168.5,194
164,0,172.99304643480534,202.64398655909395,74.0,104.0,195.0,199.0,0.9798994974874372,29313.5,0.7554052312846282,0.8384538609613568,46.64089741857008,0.946573223988256,dark_blob,75.0,40.0,0.0,455.0,23.475628930817614,0.851507584165742,True,True,OK,104.0,105.84591194968553,167.5,194
165,0,172.26759410801964,202.86249772685943,74.0,104.0,194.0,200.0,0.97,29328.0,0.7558762886597938,0.8382547809900522,46.57534616683553,0.9467033113106263,dark_blob,75.0,40.0,0.0,455.0,23.46333206300813,0.8507842390004783,True,True,OK,104.0,106.00104166666667,167.5,194
166,0,171.33938682189012,203.38300938375824,73.0,104.0,194.0,200.0,0.97,29377.0,0.757139175257732,0.8177348559301232,46.5694973536055,0.9444854835971193,dark_blob,75.0,40.0,0.0,455.0,23.455916282135796,0.8503480165962233,True,True,OK,105.0,106.0945945945946,162.0,194
167,0,170.6683199818192,204.40150559627293,72.0,105.0,195.0,200.0,0.975,29335.0,0.7521794871794871,0.8393233457053619,46.50266747703944,0.945709322027133,dark_blob,75.0,40.0,0.0,455.0,23.387342643587726,0.8463142731522192,True,True,OK,105.0,106.95967741935485,165.5,193
168,0,169.761432234931,205.73368282498183,72.0,105.0,194.0,202.0,0.9603960396039604,29376.0,0.7496172297642135,0.8396267182637212,46.498516420527345,0.9450838282516374,dark_blob,75.0,39.0,0.0,455.0,23.36911269974769,0.84524192351457,True,True,OK,106.0,107.1896551724138,165.0,194
169,0,168.91679405736542,207.88024708133753,71.0,106.0,194.0,203.0,0.9556650246305419,29437.0,0.7474734650347875,0.8292491516102672,46.86205040207261,0.9428232329527875,dark_blob,75.0,40.0,0.0,455.0,23.39238934056007,0.8466111376800041,True,True,OK,106.0,106.8960113960114,163.5,194
170,0,167.96109776118976,211.76525157500666,70.0,106.0,194.0,207.0,0.9371980676328503,29338.5,0.7305767219483043,0.8226360565556489,47.47297525404274,0.9368935060161806,dark_blob,75.0,41.0,0.0,455.0,23.34451219512195,0.8437948350071736,True,True,OK,107.0,107.5,158.5,193
171,0,167.1739185074746,217.8081903815285,70.0,108.0,193.0,211.0,0.9146919431279621,29176.5,0.7164624413721975,0.7498523964865986,48.28190424485087,0.9228868881330883,dark_blob,75.0,41.0,0.0,455.0,23.232723577235774,0.8372190339550455,True,True,OK,109.0,108.91025641025641,157.0,193
172,0,166.91325639573301,228.56791041253658,69.0,134.0,194.0,194.0,1.0,28248.0,0.7505579764055691,0.850886563132049,48.21159847130185,0.9300132216406933,dark_blob,75.0,43.0,0.0,455.0,21.088347733007108,0.7110792784121829,True,True,OK,134.0,135.96238244514106,165.5,193
173,0,166.3764399056598,238.77797382475774,69.0,144.0,193.0,194.0,0.9948453608247423,28054.5,0.749278884674964,0.8518650245367365,48.874567535126744,0.9233513288762125,dark_blob,75.0,44.0,0.0,455.0,20.194918699186992,0.6585246293639407,True,True,OK,145.0,147.23333333333332,166.0,193
174,0,165.94568330911414,251.21306877642428,69.0,157.0,193.0,194.0,0.9948453608247423,27870.5,0.7443646172747183,0.8506540246039179,49.3597114632933,0.9153902670621408,dark_blob,75.0,45.0,0.0,455.0,19.20426829268293,0.6002510760401724,True,True,OK,157.0,159.73076923076923,165.0,192
175,0,165.42679408901867,266.9415037017373,68.0,171.0,193.0,200.0,0.965,28252.5,0.7319300518134715,0.8213674412886461,49.67713554628623,0.901841032875289,dark_blob,75.0,44.0,0.0,455.0,18.06354529616725,0.5331497233039558,True,True,OK,172.0,174.12142857142857,165.5,193
176,0,169.56882526357865,298.31202718233146,68.0,188.0,208.0,221.0,0.9411764705882353,33355.0,0.7256134702401671,0.6094727423194072,51.70012755480407,0.8634615524784025,dark_blob,75.0,43.0,0.0,455.0,16.74223052714398,0.45542532512611655,True,True,OK,188.0,190.79032258064515,165.0,199
177,0,170.3715649867374,313.4146065428824,68.0,206.0,222.0,206.0,1.0776699029126213,32987.5,0.7213220502055454,0.6902273707402372,49.78240907454087,0.8676736084804467,dark_blob,75.0,40.0,0.0,455.0,15.359756097560977,0.37410329985652807,True,True,OK,206.0,208.23076923076923,165.0,214
178,0,170.89535998314634,323.5160846895244,68.0,221.0,226.0,193.0,1.1709844559585492,31645.0,0.7255032326103902,0.7199321934574086,48.30620991709682,0.8683352219658765,dark_blob,75.0,39.0,0.0,455.0,14.239684035476717,0.30821670796921863,True,True,OK,221.0,222.3609090909091,164.5,220
179,0,174.95357037750486,323.4109104529523,74.0,222.0,224.0,191.0,1.1727748691099475,31147.5,0.728017483171279,0.7318619167178338,48.10796808950195,0.8699998475342989,dark_blob,75.0,39.0,0.0,455.0,14.122289972899729,0.30131117487645465,True,True,OK,222.0,223.84188034188034,165.0,219
180,0,181.6750344309503,320.1146394140478,82.0,216.0,225.0,196.0,1.1479591836734695,31948.0,0.7244444444444444,0.7161581178708222,47.511960832920174,0.8708595990452831,dark_blob,75.0,38.0,0.0,455.0,14.532163260821797,0.3254213682836351,True,True,OK,217.0,218.67117117117118,172.0,219
181,0,188.88467459404168,316.91986702467716,88.0,211.0,226.0,201.0,1.1243781094527363,32587.5,0.7173755118214239,0.6801531066184612,47.20752080675536,0.8685581230241748,dark_blob,75.0,38.0,0.0,455.0,15.04216618437371,0.355421540257277,True,True,OK,211.0,212.23728813559322,181.0,219
182,0,196.05442258477285,315.36632277671146,95.0,207.0,227.0,205.0,1.1073170731707318,33344.0,0.7165359406898034,0.6828310058504873,46.80639510717891,0.8713262218783074,dark_blob,75.0,37.0,0.0,455.0,15.36158536585366,0.3742109038737447,True,True,OK,208.0,208.2076923076923,190.0,220
183,0,203.8519306704764,315.1073873444848,103.0,206.0,225.0,206.0,1.0922330097087378,33598.0,0.7248759439050702,0.6654656097196698,46.769967298117436,0.872106933828021,dark_blob,75.0,37.0,0.0,455.0,15.525724604007063,0.3838661531768861,True,True,OK,206.0,206.1370126879109,199.5,218
184,0,211.70561538881688,316.06301112749696,108.0,206.0,226.0,206.0,1.0970873786407767,33565.5,0.7209704441962368,0.6173740286539564,46.34726726018513,0.8660443601050262,dark_blob,75.0,36.0,0.0,455.0,15.487161506150372,0.3815977356559042,True,True,OK,207.0,206.62350099933377,209.5,221
185,0,226.87518918767975,319.57094188936355,110.0,208.0,230.0,204.0,1.1274509803921569,29842.5,0.6360294117647058,0.36399797966565106,39.526407927332784,0.8285245962073506,dark_blob,75.0,35.0,0.0,455.0,15.273274853005228,0.36901616782383695,True,True,OK,209.0,209.32176339285712,219.5,222
186,0,235.51034726860652,322.5659856023109,113.0,212.0,229.0,201.0,1.1393034825870647,29194.5,0.6342631819070585,0.3560941281677132,38.84284605258717,0.8261867166811372,dark_blob,75.0,35.0,0.0,455.0,14.885099085365853,0.34618229913916787,True,True,OK,213.0,214.21875,229.0,228
187,0,233.3718720429628,322.56137508731774,113.0,215.0,244.0,200.0,1.22,33641.5,0.689375,0.5841501288967593,45.95568689720066,0.8515768119557607,dark_blob,75.0,34.0,0.0,455.0,14.759679138053517,0.33880465517961866,True,True,OK,215.0,215.8009708737864,234.0,243
188,0,238.15145064411996,317.7437212044893,115.0,211.0,242.0,202.0,1.198019801980198,33353.0,0.6822886834137959,0.5211978715288847,45.829396247665905,0.8431938541116475,dark_blob,75.0,34.0,0.0,455.0,14.84298780487805,0.34370516499282644,True,True,OK,212.0,214.75,237.0,234
189,0,249.2491042363068,313.9995848899958,128.0,204.0,230.0,208.0,1.1057692307692308,30514.0,0.6378344481605351,0.29531957561680283,38.423142682022,0.8234136877337176,dark_blob,75.0,33.0,0.0,455.0,15.386435382882292,0.3756726695813113,True,True,OK,205.0,207.89419978517725,239.5,218
190,0,245.2687614219183,307.2865992650671,141.0,200.0,217.0,211.0,1.028436018957346,33926.0,0.7409526721558521,0.7524365620518584,45.3822258554245,0.8906628892250641,dark_blob,75.0,33.0,0.0,455.0,15.86375056458898,0.40375003321111647,True,True,OK,200.0,201.8726851851852,242.5,216
191,0,255.12563269001276,306.4360634450343,144.0,198.0,255.0,210.0,1.2142857142857142,36451.5,0.6807002801120449,0.41153509179512415,47.30766312594841,0.8334233216543228,dark_blob,75.0,33.0,0.0,455.0,15.949590123390175,0.40879941902295147,True,True,OK,199.0,200.7897861356932,245.5,246
192,0,259.2759459157447,306.74379707229855,146.0,198.0,253.0,212.0,1.1933962264150944,37287.5,0.6951953911551942,0.4449583030391675,48.38554312675608,0.8385244527296228,dark_blob,75.0,33.0,0.0,455.0,15.93760802765508,0.4080945898620635,True,True,OK,199.76,200.94094488188978,247.0,247
193,0,262.6200778692151,308.73562074152727,148.0,202.0,251.0,210.0,1.1952380952380952,37670.0,0.7146651489280972,0.47803236938425103,48.564314590224186,0.8453517853801813,dark_blob,75.0,33.0,0.0,455.0,15.753972653362899,0.397292509021347,True,True,OK,203.0,203.25757575757575,249.0,244
194,0,267.02759558228234,312.55140510609186,151.0,206.0,248.0,208.0,1.1923076923076923,38496.5,0.746287608560794,0.6034758024815957,49.169950105447256,0.8644953911941424,dark_blob,75.0,32.0,0.0,455.0,15.462328287075975,0.3801369580632926,True,True,OK,207.0,206.9367816091954,251.0,247
195,0,268.8292784873399,312.63253012048193,152.0,207.0,253.0,207.0,1.2222222222222223,38678.0,0.7385385041339673,0.6551964501980894,48.919180537772085,0.8690329258969108,dark_blob,75.0,32.0,0.0,455.0,15.387849070337225,0.3757558276668956,True,True,OK,208.0,207.8763655742073,252.5,246
196,0,269.4737259134576,310.7409125367803,152.0,205.0,257.0,207.0,1.2415458937198067,38913.5,0.7314705163630896,0.6262126007000024,48.82887972718481,0.865130570610742,dark_blob,75.0,32.0,0.0,455.0,15.550692434890452,0.3853348491112031,True,True,OK,205.0,205.82203389830508,253.0,247
197,0,270.56065791252615,309.34581389846545,152.0,203.0,287.0,208.0,1.3798076923076923,39448.0,0.6608147949611364,0.552884528840677,48.77572321047746,0.8419625413036563,dark_blob,75.0,32.0,0.0,455.0,15.727741204403195,0.39574948261195264,True,True,OK,204.0,203.58849557522123,254.0,250
198,0,270.78915380427213,309.4447328547129,152.0,204.0,287.0,207.0,1.3864734299516908,39488.5,0.6646888518574626,0.5551090695199614,48.7616863423315,0.8429647739286282,dark_blob,75.0,32.0,0.0,455.0,15.703697404401712,0.39433514143539483,True,True,OK,204.0,203.89181735985534,254.5,251
199,0,270.65537087362276,309.9285933977964,152.0,204.0,287.0,207.0,1.3864734299516908,39557.5,0.6658502920432932,0.5310765997037377,48.95940165595217,0.8394667524720588,dark_blob,75.0,32.0,0.0,455.0,15.618976348854398,0.3893515499326116,True,True,OK,205.0,204.96060606060607,254.0,251
200,0,269.8917695525043,309.94640287618876,151.0,204.0,288.0,207.0,1.391304347826087,39728.5,0.66640666935051,0.5250290434253083,49.36913152847998,0.8384141638296669,dark_blob,75.0,32.0,0.0,455.0,15.673245451912024,0.392543850112472,True,True,OK,204.0,204.27598045280217,252.5,252
201,0,268.72250835479326,310.19742730704803,149.0,204.0,290.0,208.0,1.3942307692307692,39997.0,0.6630802387267904,0.5113989319264363,49.77913275781037,0.8353093826036202,dark_blob,75.0,32.0,0.0,455.0,15.67830746489283,0.3928416155819312,True,True,OK,204.0,204.21212121212122,251.0,254
202,0,267.3006293549112,311.3347485494035,147.0,205.0,292.0,207.0,1.4106280193236715,40041.0,0.662447885646218,0.49848284531000125,50.294297855519325,0.8319925336715301,dark_blob,75.0,32.0,0.0,455.0,15.565737754484983,0.38621986791088136,True,True,OK,205.0,205.63223140495867,249.0,256
203,0,266.00447926007104,312.44132542924507,145.0,206.0,294.0,207.0,1.4202898550724639,40148.0,0.659699628643728,0.4896806372945163,50.77225356623716,0.8290088849446592,dark_blob,75.0,32.0,0.0,455.0,15.492987804878048,0.3819404591104734,True,True,OK,206.0,206.55,247.0,257
204,0,264.05559586053914,313.14511878851556,143.0,206.0,296.0,207.0,1.429951690821256,39973.0,0.6523860817339078,0.47177327614352954,51.10182573845926,0.8243327524607694,dark_blob,75.0,32.0,0.0,455.0,15.441326745164005,0.3789015732449415,True,True,OK,207.0,207.20172413793102,245.5,259
205,0,261.7312282904373,313.8169198577108,141.0,206.0,268.0,207.0,1.2946859903381642,39825.0,0.7178780012978585,0.5565536894883649,51.58738008847359,0.847888844368054,dark_blob,75.0,32.0,0.0,455.0,15.42714563177523,0.37806739010442536,True,True,OK,207.0,207.3806243376048,243.5,257
206,0,258.5492608536906,314.04723149162356,139.0,206.0,267.0,207.0,1.289855072463768,39257.0,0.7102896741392101,0.4597514804370613,51.05265941372016,0.8355018028517093,dark_blob,75.0,32.0,0.0,455.0,15.408845583388267,0.37699091666989804,True,True,OK,207.0,207.61148648648648,241.5,259
207,0,252.86683956792325,313.6340095007476,136.0,206.0,264.0,206.0,1.2815533980582525,37786.5,0.6948091350397175,0.3596616243192786,49.79047171289766,0.822406416579955,dark_blob,75.0,32.0,0.0,455.0,15.39982906265377,0.3764605330972806,True,True,OK,207.0,207.72523336344474,240.5,262
208,0,239.51427470251,313.1798188562894,133.0,207.0,227.0,205.0,1.1073170731707318,34595.0,0.7434189319866767,0.7611352514827945,48.53256979241232,0.8834225470120624,dark_blob,75.0,33.0,0.0,455.0,15.367577655337511,0.3745633914904418,True,True,OK,207.0,208.13209727112678,237.5,225
209,0,236.24634569727914,314.1972477286024,130.0,207.0,228.0,205.0,1.1121951219512196,34468.5,0.7374518613607188,0.6500586584711083,48.95210199862164,0.8674564129499599,dark_blob,75.0,33.0,0.0,455.0,15.275696864111499,0.36915863906538227,True,True,OK,208.0,209.2912087912088,235.0,227
210,0,232.20657618120342,316.2600052314936,127.0,209.0,231.0,203.0,1.1379310344827587,34407.0,0.733734246049517,0.6492847438163135,49.469924920173746,0.8649940834651207,dark_blob,75.0,34.0,0.0,455.0,15.176675289480167,0.3633338405576569,True,True,OK,210.0,210.54040404040404,231.0,229
211,0,226.88982993591227,319.47881920315035,117.0,212.0,236.0,200.0,1.18,34536.0,0.7316949152542372,0.6472246702470289,50.03542257759436,0.8620827020205791,dark_blob,75.0,34.0,0.0,455.0,14.980120179531093,0.3517717752665349,True,True,OK,212.0,213.02002235053084,227.5,227
212,0,232.35625417076673,324.094058566048,110.0,215.0,235.0,198.0,1.1868686868686869,29471.0,0.6333763163550398,0.2959894908493819,38.216038460254396,0.8186749532254244,dark_blob,75.0,34.0,0.0,455.0,14.667534205829863,0.33338436504881547,True,True,OK,215.0,216.96341463414635,223.0,231
213,0,227.52606717076463,325.62432589875357,110.0,218.0,232.0,196.0,1.183673469387755,28896.5,0.6354789760731879,0.30958867643799853,38.215339032115246,0.8198227891519029,dark_blob,75.0,35.0,0.0,455.0,14.506554878048782,0.3239149928263989,True,True,OK,219.0,218.99423076923077,217.5,227
214,0,222.16612585433728,326.8874057963388,105.0,221.0,235.0,193.0,1.217616580310881,28506.5,0.6285194576121707,0.3113285037680054,38.47001760624158,0.8168102584997093,dark_blob,75.0,35.0,0.0,455.0,14.299819844789358,0.31175410851702107,True,True,OK,221.0,221.60227272727272,212.0,229
215,0,217.54529482294004,327.6829599819556,102.0,224.0,238.0,189.0,1.2592592592592593,28079.0,0.6242274687652839,0.31219754157156365,38.63924028454287,0.8145028904131114,dark_blob,75.0,36.0,0.0,455.0,14.103943089430896,0.3002319464371115,True,True,OK,224.0,224.07333333333332,206.0,227
216,0,212.94957354662031,328.5037397608965,100.0,226.0,232.0,187.0,1.2406417112299466,27631.0,0.6368937857274571,0.3191970646776397,38.72105694241658,0.8166872660562886,dark_blob,75.0,37.0,0.0,455.0,13.885905860223199,0.28740622707195285,True,True,OK,227.0,226.8239568402612,199.5,228
217,0,197.67079662994996,327.9688574123515,94.0,228.0,235.0,185.0,1.2702702702702702,31275.5,0.7193904542840713,0.6789597797878896,48.782801278197866,0.8580456716199552,dark_blob,75.0,37.0,0.0,455.0,13.706322207958921,0.276842482821113,True,True,OK,229.0,229.08947368421053,193.0,229
218,0,202.01541004326478,329.1053060133197,89.0,228.0,231.0,185.0,1.2486486486486486,27428.0,0.6418158418158418,0.3389875167556181,39.765539764570775,0.8171568413166445,dark_blob,75.0,38.0,0.0,455.0,13.711260604453871,0.27713297673258064,True,True,OK,228.0,229.02717391304347,187.0,226
219,0,196.3592721990107,327.13564928204386,85.0,225.0,230.0,188.0,1.2234042553191489,27764.0,0.6420906567992599,0.3942249002966862,40.217023995456486,0.8240529651001482,dark_blob,75.0,38.0,0.0,455.0,13.890414331161946,0.2876714312448203,True,True,OK,225.38,226.76708074534162,181.0,224
220,0,192.34429927738168,325.6516473043562,81.0,222.0,229.0,191.0,1.198952879581152,27631.0,0.6317245478863257,0.31726459539237317,39.05633301285476,0.816485404378981,dark_blob,75.0,38.0,0.0,455.0,14.19078182270691,0.30534010721805355,True,True,OK,222.26,222.9778293135436,175.5,222
221,0,186.09296628611992,324.3535884276553,77.0,220.0,228.0,193.0,1.1813471502590673,28643.0,0.650918098354695,0.2807756102346457,40.214685386701454,0.8154422070438956,dark_blob,75.0,39.0,0.0,455.0,14.410791264889394,0.31828183911114083,True,True,OK,220.0,220.20232558139534,173.0,222
222,0,182.29198605871645,322.81136777312685,74.0,217.0,224.0,196.0,1.1428571428571428,29026.5,0.6611356596209913,0.26972476766057846,40.483826169427225,0.8166458118816743,dark_blob,75.0,39.0,0.0,455.0,14.545340418915796,0.32619649523034094,True,True,OK,218.0,218.50493625367767,170.5,220
223,0,178.77665548136346,321.0999672349704,70.0,215.0,225.0,198.0,1.1363636363636365,29503.0,0.6622446689113356,0.2953600662578847,40.784844745355706,0.8206638403922919,dark_blob,75.0,38.0,0.0,455.0,14.760009864578118,0.33882410968106574,True,True,OK,215.08,215.79679863147607,167.5,219
224,0,172.1755988695262,319.2139400765468,67.0,213.0,226.0,200.0,1.13,31963.0,0.707146017699115,0.5507597723439843,45.78687409148548,0.8525852467553879,dark_blob,75.0,38.0,0.0,455.0,14.895304878048782,0.34678263988522245,True,True,OK,214.0,214.09,166.0,221
225,0,168.32604289514123,317.4150240206664,65.0,212.0,226.0,200.0,1.13,32645.5,0.7222455752212389,0.7293132345474304,46.787941283513284,0.8766321414241341,dark_blob,75.0,38.0,0.0,455.0,15.096405217345415,0.35861207160855385,True,True,OK,212.0,211.5530418734886,164.5,218
226,0,166.925993001412,316.6199889495979,64.0,211.0,220.0,201.0,1.0945273631840795,32578.0,0.7367254635911352,0.7305577801402021,46.5148918064673,0.88101453335375,dark_blob,75.0,38.0,0.0,455.0,15.18864154067575,0.3640377376868088,True,True,OK,211.0,210.38944517916747,163.5,216
227,0,166.33955802632184,315.804444307938,64.0,210.0,218.0,202.0,1.0792079207920793,32558.5,0.7393609773821419,0.7365453458670589,46.40388066056385,0.8829344486793604,dark_blob,75.0,38.0,0.0,455.0,15.259146341463415,0.36818507890961266,True,True,OK,210.0,209.5,164.0,214
228,0,166.4500563582334,315.03987601188646,65.0,208.0,215.0,204.0,1.053921568627451,32530.0,0.7416780665754674,0.7443508465008593,46.24002313475997,0.8849196485623525,dark_blob,75.0,38.0,0.0,455.0,15.298701535322126,0.37051185501894857,True,True,OK,209.0,209.00099601593627,164.5,212
229,0,167.24817765723003,314.7079217330107,67.0,208.0,215.0,204.0,1.053921568627451,32444.5,0.7397286821705427,0.7362793466754171,46.09055118110236,0.8841988821784391,dark_blob,75.0,37.0,0.0,455.0,15.365930981743977,0.374466528337881,True,True,OK,208.0,208.1528706918452,166.5,212
230,0,168.1759131446297,314.4866537417604,69.0,207.0,210.0,205.0,1.024390243902439,32237.5,0.7488385598141696,0.7577677959153859,45.93229918599293,0.888928447793412,dark_blob,75.0,37.0,0.0,455.0,15.341195977749251,0.3730115281028971,True,True,OK,208.0,208.46491228070175,168.0,209
231,0,169.57684854718968,314.4867966481201,71.0,208.0,208.0,204.0,1.0196078431372548,32081.5,0.7560685331825038,0.762718147532835,45.806105126701446,0.8913596644330612,dark_blob,75.0,37.0,0.0,455.0,15.34348983188592,0.3731464606991718,True,True,OK,208.24,208.4359744285161,170.5,205
232,0,171.3970526995232,314.74271243259,74.0,208.0,205.0,204.0,1.0049019607843137,32018.0,0.7656145384983262,0.7473131654123909,45.817948480069276,0.8913457710412744,dark_blob,75.0,38.0,0.0,455.0,15.302935680566485,0.3707609223862638,True,True,OK,209.0,208.94758064516128,173.0,204
233,0,173.52755954802967,315.16085532150197,76.0,209.0,209.0,203.0,1.0295566502463054,31949.0,0.7530346241779998,0.749784489605954,45.938110143490256,0.8883420170549359,dark_blob,75.0,38.0,0.0,455.0,15.249629602728788,0.36762527074875223,True,True,OK,210.0,209.62005731942145,175.5,204
234,0,175.98295187701555,315.7587797572456,79.0,210.0,215.0,202.0,1.0643564356435644,31939.0,0.7354133087727377,0.7232774951857064,46.09602033225887,0.8808198412738029,dark_blob,75.0,38.0,0.0,455.0,15.219512195121952,0.3658536585365854,True,True,OK,210.18,210.0,178.5,204
235,0,178.44909265763505,316.30787966215087,82.0,211.0,214.0,201.0,1.064676616915423,31888.0,0.7413400288278235,0.7276376446531164,46.29029554203402,0.8815602378984666,dark_blob,75.0,38.0,0.0,455.0,15.09718994933739,0.3586582323139641,True,True,OK,212.0,211.54314217758986,180.5,206
236,0,180.95840207832475,316.7931469754822,84.0,212.0,215.0,200.0,1.075,31820.5,0.7400116279069767,0.7249524397215407,46.540519520920824,0.880363006616036,dark_blob,75.0,38.0,0.0,455.0,15.077769739561802,0.35751586703304716,True,True,OK,212.0,211.78813559322035,182.0,208
237,0,183.65806775565284,317.3912242987232,87.0,213.0,217.0,199.0,1.0904522613065326,31864.5,0.7378945418335919,0.7036917992993853,46.80918804746226,0.8761788964129408,dark_blob,75.0,37.0,0.0,455.0,14.964829618391878,0.35087233049363986,True,True,OK,213.0,213.21291866028707,184.0,209
238,0,185.9830450947219,317.8716189402009,90.0,213.0,216.0,199.0,1.085427135678392,31918.0,0.7425553694397915,0.7276491176213005,47.116955618273735,0.8790126497014263,dark_blob,75.0,37.0,0.0,455.0,14.882010852046847,0.34600063835569683,True,True,OK,214.0,214.25770925110132,186.0,208
239,0,188.37421768707483,318.64834641548924,92.0,215.0,218.0,197.0,1.1065989847715736,31850.0,0.7416290224933637,0.7167459311493066,47.24135251887994,0.8768313089751922,dark_blob,75.0,37.0,0.0,455.0,14.807828001465246,0.34163694126266153,True,True,OK,215.0,215.1935544430538,187.5,208
240,0,190.66442150321038,319.68282869612653,94.0,216.0,218.0,197.0,1.1065989847715736,31772.0,0.7398127881525637,0.7172378514771354,47.60028662221945,0.8750623631933815,dark_blob,75.0,37.0,0.0,455.0,14.679258839100019,0.3340740493588246,True,True,OK,216.54,216.815503875969,187.5,210
241,0,193.33682799936938,321.00221241263336,96.0,218.0,218.0,195.0,1.117948717948718,31715.0,0.7460597506469067,0.7198049718318266,48.263483146067415,0.8749152823136808,dark_blob,75.0,37.0,0.0,455.0,14.580161369795517,0.3282447864585598,True,True,OK,218.0,218.06565656565655,189.0,214
242,0,195.93210695998482,322.3299565922835,96.0,220.0,223.0,193.0,1.1554404145077721,31638.0,0.7351007226004321,0.7119751273430663,48.98179258564054,0.8690961055653326,dark_blob,75.0,36.0,0.0,455.0,14.388550135501356,0.3169735373824327,True,True,OK,221.0,220.48290598290598,191.0,216
243,0,198.72462876169735,323.83162639986955,98.0,222.0,225.0,191.0,1.1780104712041886,31684.5,0.7372774869109948,0.717320614149525,49.73021773765268,0.8675360129222962,dark_blob,75.0,36.0,0.0,455.0,14.171616499484596,0.30421273526379977,True,True,OK,223.0,223.21960723727125,192.5,220
244,0,201.40039366763503,325.2795040208833,98.0,225.0,230.0,188.0,1.2234042553191489,31668.0,0.732377428307123,0.6903018441155666,50.2553045217337,0.8612543289201872,dark_blob,75.0,36.0,0.0,455.0,14.005140385706182,0.29442002268859896,True,True,OK,225.0,225.31976744186048,195.0,225
245,0,203.61855344421804,326.7974379630068,100.0,227.0,232.0,186.0,1.2473118279569892,31654.5,0.7335581201334817,0.6817475456746515,50.437699281025324,0.8593433665926805,dark_blob,75.0,36.0,0.0,455.0,13.8688628444726,0.2864036967336824,True,True,OK,227.0,227.03896103896105,197.0,227
246,0,204.81953864188225,327.1893839487566,101.0,227.0,232.0,187.0,1.2406417112299466,31848.0,0.7340955190853771,0.6935984233216376,49.82974954943757,0.8615752261180248,dark_blob,75.0,35.0,0.0,455.0,13.792682926829269,0.281922525107604,True,True,OK,228.0,228.0,198.0,226
247,0,205.50565872278963,325.88923449912306,101.0,225.0,233.0,188.0,1.2393617021276595,32310.0,0.7376038717925304,0.6954232684623344,49.34081788941645,0.864584342027979,dark_blob,75.0,35.0,0.0,455.0,13.980237369337978,0.29295513937282225,True,True,OK,225.0,225.63392857142858,199.0,227
248,0,206.23133567635827,324.569674562965,103.0,222.0,234.0,191.0,1.225130890052356,32863.5,0.7353000402738623,0.6959188104326612,48.945423330622575,0.8660832199438468,dark_blob,75.0,34.0,0.0,455.0,14.184877792580448,0.3049928113282616,True,True,OK,223.0,223.05231092436975,199.5,229
249,0,206.76358616681196,323.8089468779124,103.0,221.0,234.0,192.0,1.21875,33263.0,0.7403623575498576,0.6945808259299626,48.44204386513109,0.8687834232114338,dark_blob,75.0,34.0,0.0,455.0,14.32184416309812,0.31304965665283063,True,True,OK,221.0,221.32442748091603,201.0,228
250,0,207.61383390148117,323.4756244642465,103.0,220.0,234.0,193.0,1.2124352331606219,33442.0,0.7404897923032638,0.6917812196704665,48.1852706982802,0.8692988415471936,dark_blob,75.0,34.0,0.0,455.0,14.379975308919898,0.3164691358188175,True,True,OK,220.0,220.5910807182413,202.5,228
251,0,208.52913403733584,323.2164165084638,103.0,220.0,235.0,193.0,1.217616580310881,33712.0,0.7432918090618454,0.6923324712247623,47.97277852821989,0.8705630318194176,dark_blob,75.0,34.0,0.0,455.0,14.41134717987805,0.31831453999282644,True,True,OK,220.0,220.1953125,204.0,229
252,0,209.75172821761362,322.6972759183753,104.0,218.0,235.0,195.0,1.205128205128205,34091.0,0.7439388979814512,0.6907002293670635,47.885752453969914,0.8711443254501458,dark_blob,75.0,33.0,0.0,455.0,14.491577805270808,0.32303398854534165,True,True,OK,219.0,219.18317230273752,205.5,229
253,0,210.78491092885008,322.0311432824494,105.0,217.0,235.0,196.0,1.1989795918367347,34261.0,0.7438341293964394,0.6834425940353555,47.78520445022396,0.8708490905733457,dark_blob,75.0,33.0,0.0,455.0,14.561303617740478,0.3271355069259105,True,True,OK,218.0,218.30355436081243,207.5,229
254,0,211.93799475493117,321.6658425800697,106.0,217.0,234.0,196.0,1.1938775510204083,34381.5,0.7496402407116692,0.6850802511703868,47.69511633264224,0.8727244418328218,dark_blob,75.0,33.0,0.0,455.0,14.601322458029776,0.3294895563546927,True,True,OK,217.0,217.7987012987013,209.0,229
255,0,212.9102670410187,321.538014673436,106.0,217.0,234.0,196.0,1.1938775510204083,34370.5,0.7494004011861155,0.6616669949766153,47.627804498718355,0.870049232983136,dark_blob,75.0,33.0,0.0,455.0,14.611661841997208,0.33009775541160047,True,True,OK,217.0,217.668265993266,210.5,228
256,0,213.67552111351816,321.53764472683037,107.0,217.0,233.0,196.0,1.1887755102040816,34389.5,0.7530327581676447,0.6678305592228602,47.58597460920632,0.8716491937112687,dark_blob,75.0,33.0,0.0,455.0,14.609036246612467,0.32994330862426274,True,True,OK,217.0,217.70138888888889,212.0,227
257,0,214.44629667375204,321.5480641372817,107.0,217.0,234.0,196.0,1.1938775510204083,34343.0,0.7488008023722309,0.6667609273320425,47.45436988354664,0.8708385212672962,dark_blob,75.0,33.0,0.0,455.0,14.609017619478564,0.3299422129105038,True,True,OK,217.0,217.70162387734734,212.5,227
258,0,215.14618359316245,321.90976578989506,109.0,217.0,232.0,196.0,1.183673469387755,34349.5,0.7553989268121042,0.6664850433687364,47.515101734970315,0.8718587127865478,dark_blob,75.0,33.0,0.0,455.0,14.561213795731708,0.3271302232783358,True,True,OK,217.0,218.3046875,213.0,230
259,0,214.90399351822023,322.17024921662227,109.0,218.0,232.0,195.0,1.1897435897435897,34147.0,0.7547966401414677,0.6676417773513903,47.512943904913755,0.8717593180249275,dark_blob,75.0,33.0,0.0,455.0,14.542507080437495,0.32602982826102916,True,True,OK,218.0,218.54067990832698,212.5,229
260,0,213.88909917102836,322.4640614680979,109.0,218.0,232.0,195.0,1.1897435897435897,33817.0,0.7475022104332449,0.682029409973703,47.53782422858481,0.871332365864785,dark_blob,75.0,34.0,0.0,455.0,14.456554878048781,0.3209738163558106,True,True,OK,219.0,219.625,211.0,227
261,0,212.26459646456365,323.30934819428506,106.0,220.0,235.0,193.0,1.217616580310881,33555.5,0.7398412523426303,0.6808632202457897,47.804236238126144,0.8686510522947095,dark_blob,75.0,34.0,0.0,455.0,14.395325203252034,0.3173720707795314,True,True,OK,220.0,220.39743589743588,209.0,227
262,0,210.74539683494794,324.1270132579176,105.0,221.0,236.0,192.0,1.2291666666666667,33238.0,0.7335363700564972,0.6809073691254465,48.19965453570791,0.8659211984041291,dark_blob,75.0,35.0,0.0,455.0,14.291668740667,0.31127463180394116,True,True,OK,221.0,221.7051020408163,206.5,228
263,0,209.08947123506618,324.8585677723488,105.0,222.0,236.0,191.0,1.2356020942408377,32951.0,0.7310098500310587,0.6886749224823122,48.5030039050766,0.865074954965593,dark_blob,75.0,35.0,0.0,455.0,14.180324211778702,0.3047249536340413,True,True,OK,222.0,223.109756097561,204.0,229
264,0,207.35944594428764,325.4811070888043,103.0,224.0,236.0,189.0,1.2486772486772486,32596.0,0.7307864765491884,0.691305190564361,48.902013178271034,0.8641375458932095,dark_blob,75.0,35.0,0.0,455.0,14.102827050997783,0.3001662971175167,True,True,OK,224.0,224.0874125874126,202.0,227
265,0,205.77409319463175,326.0090486747386,101.0,225.0,238.0,188.0,1.2659574468085106,32251.5,0.7208005542642589,0.6750749793860017,49.274501380791655,0.8586340973131448,dark_blob,75.0,35.0,0.0,455.0,13.989713107562732,0.2935125357389842,True,True,OK,225.0,225.5143884892086,199.5,228
266,0,203.95552868888922,326.6129211219101,100.0,227.0,233.0,186.0,1.2526881720430108,31844.5,0.7347939452674327,0.688567745083535,49.57337311206414,0.8619088569815571,dark_blob,75.0,35.0,0.0,455.0,13.844242799334166,0.28495545878436274,True,True,OK,227.0,227.34955237763052,197.5,228
267,0,201.68208257843042,326.9942415477363,100.0,228.0,230.0,185.0,1.2432432432432432,31461.0,0.7393889541715629,0.695490284970643,49.980907746988336,0.8627249757317541,dark_blob,75.0,36.0,0.0,455.0,13.800192554557126,0.2823642679151251,True,True,OK,228.0,227.90526315789472,195.0,225
268,0,198.94360742254,326.4908920667347,99.0,227.0,224.0,186.0,1.2043010752688172,31328.0,0.7519201228878648,0.710637605103174,50.24605130149102,0.8672183641291774,dark_blob,75.0,36.0,0.0,455.0,13.871951219512196,0.28658536585365857,True,True,OK,227.0,227.0,192.5,222
269,0,195.76967885215748,325.25281050740193,95.0,225.0,225.0,188.0,1.196808510638298,31444.5,0.7433687943262411,0.7103066192653231,50.205627773755936,0.8663310819192424,dark_blob,75.0,36.0,0.0,455.0,14.034090909090908,0.2961229946524064,True,True,OK,225.0,224.95454545454547,189.0,221
270,0,192.2307786042766,323.9813825841863,93.0,223.0,222.0,190.0,1.168421052631579,31458.0,0.7458036984352774,0.7249528088017934,50.024983480696015,0.8697365278073961,dark_blob,75.0,36.0,0.0,455.0,14.165790580319596,0.30387003413644686,True,True,OK,224.0,223.29310344827587,186.0,218
271,0,189.1214603174603,323.3660793650794,90.0,222.0,223.0,191.0,1.1675392670157068,31500.0,0.7395581433568896,0.7206678903316946,49.89159806447559,0.8682381292115287,dark_blob,75.0,37.0,0.0,455.0,14.189024390243903,0.3052367288378766,True,True,OK,223.0,223.0,182.5,220
272,0,186.27083300254571,322.9778081220262,87.0,221.0,223.0,192.0,1.1614583333333333,31490.5,0.7354843983557549,0.733427362772554,49.681733882375134,0.8697191948387218,dark_blob,75.0,37.0,0.0,455.0,14.26563834131492,0.30974343184205416,True,True,OK,222.0,222.03348554033485,180.5,220
273,0,183.75890369106128,322.515932089108,84.0,220.0,226.0,192.0,1.1770833333333333,31639.5,0.7291551438053098,0.7273044963616766,49.53128519584532,0.8682471553312844,dark_blob,75.0,37.0,0.0,455.0,14.328531836176207,0.31344304918683574,True,True,OK,221.0,221.240059912854,179.5,221
274,0,181.77361834263849,321.845267967296,81.0,219.0,228.0,193.0,1.1813471502590673,31882.0,0.7245250431778929,0.7206582134678549,49.41947902760098,0.8671792485793491,dark_blob,75.0,37.0,0.0,455.0,14.419715447154472,0.3188067910090866,True,True,OK,220.0,220.0897435897436,178.0,220
275,0,180.12569294933797,321.44654019366175,79.0,218.0,229.0,194.0,1.1804123711340206,32049.0,0.7214018817809391,0.7205622706514039,49.436698891188186,0.8669356584526186,dark_blob,75.0,37.0,0.0,455.0,14.502298432958424,0.32366461370343674,True,True,OK,219.0,219.0479274611399,175.5,221
276,0,178.6274958014555,321.2796437975576,77.0,218.0,231.0,194.0,1.190721649484536,32154.0,0.7174989958495113,0.7114574960172999,49.43078343851008,0.865229266518982,dark_blob,75.0,37.0,0.0,455.0,14.541707936114895,0.32598281977146437,True,True,OK,218.2,218.5507614213198,174.0,221
277,0,177.56607890699505,321.0973794418874,75.0,218.0,227.0,194.0,1.1701030927835052,32156.0,0.730187565284527,0.7284695487784619,49.38127635994212,0.8702834702373943,dark_blob,75.0,37.0,0.0,455.0,14.564596036585368,0.3273291786226687,True,True,OK,218.0,218.26201923076923,172.5,222
278,0,177.0709574028122,320.9258064516129,74.0,217.0,229.0,195.0,1.1743589743589744,32240.0,0.7219796215429404,0.720993809236352,49.337007583898796,0.8677898170938173,dark_blob,75.0,37.0,0.0,455.0,14.585365853658537,0.32855093256814927,True,True,OK,218.0,218.0,172.0,223
279,0,176.93757240979807,320.927186775902,74.0,217.0,229.0,195.0,1.1743589743589744,32224.0,0.7216213190012317,0.7190458256104683,49.38260682579179,0.8674325481404086,dark_blob,75.0,37.0,0.0,455.0,14.592274558066682,0.32895732694509894,True,True,OK,218.0,217.91284403669724,172.0,222
280,0,177.09162123400796,321.0642891536323,75.0,218.0,231.0,194.0,1.190721649484536,32190.5,0.7183134734681127,0.7149459054878884,49.46403862119861,0.866021121237517,dark_blob,75.0,37.0,0.0,455.0,14.585365853658537,0.32855093256814927,True,True,OK,218.0,218.0,172.0,221
281,0,177.8179358972362,321.2988104695296,76.0,218.0,230.0,194.0,1.1855670103092784,32099.5,0.7193971313312416,0.7189750128222189,49.52525595164672,0.866181407267935,dark_blob,75.0,37.0,0.0,455.0,14.509494773519164,0.3240879278540684,True,True,OK,219.0,218.95714285714286,173.0,220
282,0,179.08425148858362,321.72584535400415,77.0,219.0,228.0,193.0,1.1813471502590673,31993.5,0.727058903736024,0.7321569150014011,49.60665882789776,0.8691008986002999,dark_blob,75.0,37.0,0.0,455.0,14.476929740924144,0.32217233770142023,True,True,OK,219.0,219.36796326834158,174.5,221
283,0,180.82111524396942,322.3237545186789,79.0,220.0,230.0,192.0,1.1979166666666667,31858.5,0.7214334239130434,0.7174030217286763,49.727987323681106,0.8654675325344758,dark_blob,75.0,37.0,0.0,455.0,14.408836832703257,0.31816687251195624,True,True,OK,220.0,220.22698149512814,176.5,220
284,0,182.92504457875054,322.9964231798983,82.0,221.0,230.0,191.0,1.2041884816753927,31685.5,0.7212724789437742,0.7157506202209301,49.862551543171314,0.864152384510377,dark_blob,75.0,38.0,0.0,455.0,14.26786899952163,0.3098746470306841,True,True,OK,222.0,222.00534492911174,177.5,221
285,0,185.41999280263337,323.79217074693844,85.0,222.0,227.0,190.0,1.194736842105263,31493.0,0.7301878043125435,0.7306693641202717,50.08219135026402,0.866946325950209,dark_blob,75.0,38.0,0.0,455.0,14.175813008130083,0.3044595887135343,True,True,OK,223.0,223.16666666666666,179.0,222
286,0,188.27596016313333,324.75851691152616,88.0,224.0,228.0,188.0,1.2127659574468086,31344.5,0.7312546659201195,0.727703776140243,50.45474927371479,0.8656051656024228,dark_blob,75.0,38.0,0.0,455.0,14.087254429225975,0.2992502605427044,True,True,OK,225.0,224.28386720053385,180.5,223
287,0,191.08933897815837,325.76379935212805,91.0,226.0,228.0,187.0,1.2192513368983957,31179.0,0.7312834224598931,0.7210866150951414,50.76335587086944,0.8635114280255278,dark_blob,75.0,37.0,0.0,455.0,13.96360436941808,0.2919767276128282,True,True,OK,226.0,225.84376026272577,183.5,223
288,0,194.37229631289924,326.87697923504265,94.0,227.0,228.0,186.0,1.2258064516129032,31230.5,0.7364294472740992,0.7101975761059426,51.04350857179073,0.8618882342267415,dark_blob,75.0,37.0,0.0,455.0,13.807061907892608,0.2827683475230946,True,True,OK,228.0,227.81860362350864,186.5,224
289,0,197.6518998452037,327.69477469426397,96.0,228.0,232.0,185.0,1.2540540540540541,31331.5,0.729997670083877,0.6986787111845586,51.07599494630448,0.8585901354942038,dark_blob,75.0,37.0,0.0,455.0,13.73174009965906,0.27833765292112117,True,True,OK,228.0,228.7688172043011,190.0,226
290,0,200.72963867910556,327.5309492077595,99.0,228.0,232.0,185.0,1.2540540540540541,31514.0,0.7342497670083877,0.6902117968960377,51.00505510377092,0.8585563175783786,dark_blob,75.0,36.0,0.0,455.0,13.717428218585983,0.27749577756388133,True,True,OK,228.0,228.9493670886076,193.0,227
291,0,203.2508950413136,326.643117368526,101.0,226.0,230.0,187.0,1.2299465240641712,31749.0,0.7381771681004418,0.6987823426503168,50.91035192169821,0.8614725827719508,dark_blob,75.0,36.0,0.0,455.0,13.861608414897304,0.2859769655821944,True,True,OK,227.0,227.13047845821862,197.5,227
292,0,205.71578848648733,325.8737827656814,102.0,225.0,231.0,188.0,1.2287234042553192,31988.5,0.736586994565718,0.6953250169505805,50.75201881129916,0.8617725534397529,dark_blob,75.0,36.0,0.0,455.0,13.992004815908032,0.2936473421122372,True,True,OK,225.0,225.48547770700637,200.5,226
293,0,207.92688686573658,325.546308092264,102.0,224.0,232.0,189.0,1.2275132275132274,32183.0,0.7339673417259625,0.699106537279022,50.5889896970629,0.8622243938741059,dark_blob,75.0,35.0,0.0,455.0,14.037466921588106,0.29632158362282973,True,True,OK,224.0,224.91195575842698,203.5,227
294,0,209.7811107337306,325.20939471598683,103.0,223.0,236.0,190.0,1.2421052631578948,32387.0,0.7222792149866191,0.6925679990673714,50.55516166493491,0.8593444039242603,dark_blob,75.0,35.0,0.0,455.0,14.106638805152096,0.30039051795012334,True,True,OK,224.0,224.03932584269663,207.0,227
295,0,210.82135520466042,324.7148806786243,102.0,222.0,237.0,191.0,1.2408376963350785,32615.0,0.7205027945302317,0.6908368182990589,50.46396164001093,0.8593254635527809,dark_blob,75.0,35.0,0.0,455.0,14.175955833882664,0.304467990228392,True,True,OK,223.0,223.16486486486485,209.0,227
296,0,211.525302538633,324.31159320932164,103.0,221.0,236.0,192.0,1.2291666666666667,32819.5,0.7243004060734464,0.6887931744259272,50.32215352133917,0.860629639677219,dark_blob,75.0,35.0,0.0,455.0,14.252439024390245,0.30896700143472033,True,True,OK,222.0,222.2,210.0,226
297,0,211.93513223006406,324.18461507260486,104.0,221.0,235.0,192.0,1.2239583333333333,32872.0,0.7285460992907802,0.6897158318433158,50.189797946339844,0.8621979055915534,dark_blob,75.0,35.0,0.0,455.0,14.299596834529597,0.31174099026644686,True,True,OK,221.0,221.60508608747278,210.5,228
298,0,212.0995982956767,324.1599605913331,106.0,221.0,233.0,192.0,1.2135416666666667,32818.5,0.7336038090128756,0.6970846016982902,50.19653144322123,0.8639578479476508,dark_blob,75.0,35.0,0.0,455.0,14.261871508379889,0.3095218534341111,True,True,OK,221.56,222.08100558659217,211.0,227
299,0,211.74140920995754,324.3078037989168,106.0,221.0,234.0,192.0,1.21875,32772.5,0.7294448896011396,0.6916308182700598,50.23268597662267,0.8622955470654529,dark_blob,75.0,35.0,0.0,455.0,14.257260497862712,0.309250617521336,True,True,OK,222.0,222.13917525773195,210.0,227
300,0,210.78731974953598,324.52309857431317,106.0,222.0,234.0,191.0,1.225130890052356,32686.0,0.7313285899673334,0.6923407095791212,50.28308400460299,0.8624168271416162,dark_blob,75.0,35.0,0.0,455.0,14.209166515127407,0.30642155971337687,True,True,OK,222.0,222.7458993476235,208.5,227
301,0,209.52548242176493,324.95196016658724,105.0,223.0,235.0,190.0,1.236842105263158,32535.5,0.7286786114221725,0.68871889669123,50.36107815399592,0.8610436053592962,dark_blob,75.0,35.0,0.0,455.0,14.173353873435616,0.3043149337315068,True,True,OK,223.0,223.1976895966584,206.5,228
302,0,207.81509445591544,325.41446064080037,103.0,223.0,236.0,190.0,1.2421052631578948,32449.0,0.7236619090098126,0.6867086769244765,50.45342524248155,0.8590389671002778,dark_blob,75.0,35.0,0.0,455.0,14.090218138096875,0.29942459635863966,True,True,OK,224.0,224.24647887323943,204.0,227
303,0,206.01654776826933,325.67168051665345,103.0,224.0,233.0,189.0,1.2328042328042328,32310.5,0.7337125598928174,0.6977553562302233,50.47097386882333,0.8624089665681981,dark_blob,75.0,35.0,0.0,455.0,14.06829854003798,0.2981352082375282,True,True,OK,224.0,224.52300303336705,200.5,227
304,0,204.01874627484514,326.00967633263366,102.0,225.0,233.0,188.0,1.2393617021276595,32157.5,0.7341224545703589,0.6895859656503701,50.485889268457825,0.8610926317238284,dark_blob,75.0,35.0,0.0,455.0,14.000635398283483,0.2941550234284402,True,True,OK,225.0,225.3765995908853,198.5,228
305,0,202.4247534501352,326.52307644217996,100.0,226.0,235.0,187.0,1.2566844919786095,31991.5,0.727989532370008,0.6860262616629098,50.57073034924367,0.8588197713133259,dark_blob,75.0,36.0,0.0,455.0,13.942772890843663,0.2907513465202155,True,True,OK,226.0,226.10655737704917,196.0,230
306,0,200.5538187865774,326.85450612605786,99.0,227.0,232.0,186.0,1.2473118279569892,31668.0,0.7338709677419355,0.6875557993291094,50.64265850076555,0.8597233197902192,dark_blob,75.0,36.0,0.0,455.0,13.868622707699473,0.28638957104114543,True,True,OK,227.0,227.04199045671436,193.5,227
307,0,198.9367858165961,327.24930769965306,97.0,228.0,233.0,185.0,1.2594594594594595,31417.0,0.7288481614661872,0.6905878322423138,50.64098525891394,0.8583350489220047,dark_blob,75.0,36.0,0.0,455.0,13.75766627214798,0.2798627218910576,True,True,OK,228.0,228.44174856674857,191.5,225
308,0,197.3452772719043,327.16680511624435,96.0,228.0,234.0,185.0,1.2648648648648648,31299.0,0.723007623007623,0.679290456900734,50.60868740515934,0.8557141563271607,dark_blob,75.0,37.0,0.0,455.0,13.750237848123161,0.27942575577195067,True,True,OK,228.0,228.53546099290782,190.0,228
309,0,195.41868078141272,326.4520013604574,94.0,227.0,228.0,186.0,1.2258064516129032,31362.0,0.7395302773061686,0.7089041749335968,50.49411467701726,0.8635596998567089,dark_blob,75.0,37.0,0.0,455.0,13.826763243747088,0.28392724963218163,True,True,OK,227.0,227.5700636942675,188.0,225
310,0,193.36443611649253,325.6428737785964,93.0,225.0,229.0,188.0,1.2180851063829787,31487.0,0.7313713648610982,0.7079267418915275,50.25651422285085,0.8627066512069497,dark_blob,75.0,36.0,0.0,455.0,13.930416195287007,0.2900244820757063,True,True,OK,226.0,226.26244184407162,185.5,223
311,0,191.22731509431964,325.1490843421986,91.0,225.0,228.0,188.0,1.2127659574468086,31471.0,0.73420586039567,0.7271626171922447,50.09095483708642,0.8662379541261909,dark_blob,75.0,37.0,0.0,455.0,13.979778703945225,0.2929281590556015,True,True,OK,225.0,225.63971481176793,183.5,222
312,0,189.27223203534845,324.97855964524217,89.0,224.0,230.0,189.0,1.216931216931217,31420.5,0.7228088336783989,0.720654475937753,50.0333280831627,0.8633470011107951,dark_blob,75.0,37.0,0.0,455.0,14.028017925043592,0.2957657602966819,True,True,OK,225.0,225.03115848406546,181.5,223
313,0,187.69866819357847,324.8062412520677,87.0,224.0,230.0,189.0,1.216931216931217,31436.0,0.723165401426271,0.7175985260457464,49.95482022542661,0.8633170649709758,dark_blob,75.0,37.0,0.0,455.0,14.046939714680168,0.29687880674589223,True,True,OK,225.0,224.79245283018867,180.0,222
314,0,186.52126856412772,324.57641319669926,86.0,224.0,230.0,189.0,1.216931216931217,31568.5,0.7262134805613066,0.7210947010717734,49.952719862047346,0.864712955127667,dark_blob,75.0,37.0,0.0,455.0,14.09850418784731,0.2999120110498417,True,True,OK,224.0,224.14194716869548,178.5,225
315,0,185.65513698088748,324.3858966860057,84.0,223.0,231.0,190.0,1.2157894736842105,31628.5,0.7206311232627022,0.720854074911424,49.898670004694104,0.863681010600041,dark_blob,75.0,37.0,0.0,455.0,14.119071235567855,0.3011218373863444,True,True,OK,224.0,223.88248595129784,177.5,225
316,0,185.21129443962,324.44609352385464,84.0,223.0,231.0,189.0,1.2222222222222223,31667.5,0.7253372729563206,0.721076330394937,49.867010470386,0.8647453052052567,dark_blob,75.0,37.0,0.0,455.0,14.109756097560975,0.30057388809182206,True,True,OK,224.0,224.0,177.0,227
317,0,185.10858933573905,324.56502012672183,84.0,224.0,231.0,188.0,1.2287234042553192,31591.5,0.727445426913512,0.7264803973414273,50.00617206591892,0.8655532412886815,dark_blob,75.0,37.0,0.0,455.0,14.102549889135256,0.3001499934785445,True,True,OK,224.44,224.0909090909091,177.0,225
318,0,185.55106600382246,324.8382120148451,84.0,224.0,231.0,188.0,1.2287234042553192,31480.5,0.7248894722298977,0.7252738842840584,50.172708693601635,0.8641515702267759,dark_blob,75.0,37.0,0.0,455.0,14.037342973004971,0.2963142925297042,True,True,OK,225.0,224.91351941747575,177.5,225
319,0,186.60080454456082,325.3739166015697,85.0,225.0,231.0,188.0,1.2287234042553192,31363.5,0.7221953578336557,0.7248763071405137,50.310758355161425,0.8627079461131448,dark_blob,75.0,37.0,0.0,455.0,13.944577241093093,0.2908574847701819,True,True,OK,226.0,226.08379480467175,178.5,224
320,0,188.81160849691915,326.2276892240145,87.0,226.0,231.0,187.0,1.2352941176470589,31431.0,0.7276199736092784,0.7111182357386799,50.55726296564537,0.8612700658437001,dark_blob,75.0,37.0,0.0,455.0,13.85694481265465,0.2857026360385088,True,True,OK,227.0,227.18931159420288,180.5,226
321,0,190.97875856059758,326.80859327265864,90.0,227.0,229.0,186.0,1.2311827956989247,31369.5,0.736476968587125,0.7204290777153322,50.66452121785771,0.86380833048864,dark_blob,75.0,37.0,0.0,455.0,13.80218006420227,0.2824811802471924,True,True,OK,228.0,227.88018995929446,182.5,227
322,0,193.41967983582413,327.13783221951076,92.0,228.0,230.0,185.0,1.2432432432432432,31348.5,0.7367450058754407,0.7157950483633819,50.689072711773434,0.8631655486446975,dark_blob,75.0,37.0,0.0,455.0,13.785264771096909,0.2814861630057005,True,True,OK,228.0,228.09358288770053,185.0,226
323,0,195.9268104366347,327.22925452609155,95.0,228.0,229.0,185.0,1.2378378378378379,31300.0,0.7388174200401275,0.7037223953886692,50.67642595168837,0.862196820379912,dark_blob,75.0,37.0,0.0,455.0,13.785495500966716,0.2814997353509833,True,True,OK,228.0,228.09067214165066,188.5,225
324,0,198.73800095800735,327.31174623449886,97.0,228.0,229.0,185.0,1.2378378378378379,31315.0,0.7391714858963767,0.6892301810660924,50.52080765949379,0.8607390445134278,dark_blob,75.0,37.0,0.0,455.0,13.770498743743028,0.2806175731613546,True,True,OK,228.0,228.27986200201104,191.5,226
325,0,201.0444465690414,327.0515958379145,99.0,227.0,228.0,186.0,1.2258064516129032,31378.5,0.7399193548387096,0.70309263313097,50.38597874420511,0.8628685721389642,dark_blob,75.0,37.0,0.0,455.0,13.778839421169332,0.2811082012452548,True,True,OK,228.0,228.17464114832535,195.0,225
326,0,202.99945025029467,326.52006322121605,101.0,226.0,230.0,187.0,1.2299465240641712,31529.5,0.7330737037898163,0.7002652026428493,50.198995605775266,0.8617670449334892,dark_blob,75.0,37.0,0.0,455.0,13.845118163914558,0.2850069508185034,True,True,OK,227.0,227.3385093167702,198.0,225
327,0,204.39233285400502,326.1551548862517,101.0,226.0,230.0,187.0,1.2299465240641712,31641.5,0.7356777493606138,0.7027526984492125,50.02980733141499,0.8635112927776216,dark_blob,75.0,36.0,0.0,455.0,13.939791261409546,0.2905759565535027,True,True,OK,226.0,226.14417177914112,200.0,223
328,0,205.60939042577772,326.0055716596298,101.0,225.0,231.0,188.0,1.2287234042553192,31738.0,0.7308188265635074,0.7013493031065667,49.91190594985656,0.8626227173596683,dark_blob,75.0,36.0,0.0,455.0,13.961102417526268,0.2918295539721334,True,True,OK,226.0,225.87532334813017,202.5,225
329,0,206.41412221733574,325.85918619505344,101.0,225.0,232.0,188.0,1.2340425531914894,31834.0,0.7298697725605282,0.698223186361576,49.75678532566454,0.8625602282608165,dark_blob,75.0,36.0,0.0,455.0,14.000223271030217,0.2941307806488363,True,True,OK,225.0,225.38179873469574,203.5,227
330,0,206.8548624831436,325.7795757936881,101.0,225.0,233.0,188.0,1.2393617021276595,31887.0,0.7279472194320153,0.6957043201332571,49.62736273627363,0.8621369128940177,dark_blob,75.0,36.0,0.0,455.0,14.010135135135137,0.29471383147853747,True,True,OK,225.0,225.25675675675674,204.0,227
331,0,206.91518344859307,325.7723449743083,102.0,225.0,233.0,188.0,1.2393617021276595,31884.5,0.7278901470185372,0.6976174724608112,49.57770742154763,0.8622687511408329,dark_blob,75.0,36.0,0.0,455.0,13.979821473472468,0.2929306749101452,True,True,OK,225.0,225.63917525773195,204.0,227
332,0,206.7907760235203,325.849153038911,102.0,225.0,233.0,188.0,1.2393617021276595,31859.0,0.7273080084010592,0.6981383846453523,49.59951539250101,0.8621908214193067,dark_blob,75.0,36.0,0.0,455.0,13.984621812373694,0.2932130477866879,True,True,OK,225.0,225.57861713620878,203.5,227
333,0,206.1319818758021,325.9968989811686,102.0,225.0,233.0,188.0,1.2393617021276595,31817.5,0.7263606063373208,0.6946320829587287,49.6646034214619,0.8612844897825198,dark_blob,75.0,36.0,0.0,455.0,13.95817506989299,0.2916573570525288,True,True,OK,226.0,225.9122529644269,202.5,227
334,0,205.25442372070776,326.21508190518233,102.0,225.0,232.0,188.0,1.2340425531914894,31713.5,0.7271070249449744,0.6960263926269332,49.75153690123265,0.8613366160645456,dark_blob,75.0,36.0,0.0,455.0,13.938448509485097,0.29049697114618217,True,True,OK,226.0,226.1611111111111,201.0,227
335,0,203.80386395589466,326.5516378897261,101.0,226.0,233.0,187.0,1.2459893048128343,31651.5,0.726435014114893,0.6916335049081341,49.85132726761092,0.8602046852658163,dark_blob,75.0,36.0,0.0,455.0,13.89252083976536,0.2877953435156094,True,True,OK,227.0,226.7405063291139,199.0,228
336,0,202.0583384803805,326.9575144249296,100.0,227.0,233.0,186.0,1.2526881720430108,31571.5,0.728494623655914,0.6922818527771116,50.047078736208626,0.8600183070786149,dark_blob,75.0,36.0,0.0,455.0,13.833147432084079,0.2843027901225929,True,True,OK,227.0,227.48952470293932,196.5,228
337,0,199.9782761891137,327.2954332310725,98.0,227.0,235.0,186.0,1.2634408602150538,31455.5,0.7196408144589339,0.6861081989944384,50.234924030324954,0.856743713104707,dark_blob,75.0,36.0,0.0,455.0,13.792682926829269,0.281922525107604,True,True,OK,228.0,228.0,193.5,228
338,0,197.77160621541756,327.53228399089653,97.0,228.0,232.0,185.0,1.2540540540540541,31416.5,0.7319780987884437,0.6986566734670802,50.26559153332493,0.8605738139860897,dark_blob,75.0,37.0,0.0,455.0,13.73719512195122,0.27865853658536593,True,True,OK,228.0,228.7,191.0,228
339,0,195.7537884216281,327.41957399829084,94.0,228.0,233.0,185.0,1.2594594594594595,31400.5,0.7284653752464911,0.7042308091987306,50.290261582098964,0.8606338649833828,dark_blob,75.0,37.0,0.0,455.0,13.772639562055694,0.28074350365033496,True,True,OK,228.0,228.25285475560509,188.5,228
340,0,194.20338516436098,327.1893076666508,93.0,228.0,234.0,185.0,1.2648648648648648,31480.5,0.7272002772002772,0.6887781446152837,50.3628705246283,0.8584836011626845,dark_blob,75.0,37.0,0.0,455.0,13.792682926829269,0.281922525107604,True,True,OK,228.0,228.0,186.0,228
341,0,192.6619808543533,326.9188163161573,91.0,227.0,232.0,186.0,1.2473118279569892,31478.0,0.7294679273266592,0.7146990237821531,50.35906304040245,0.8624328826031196,dark_blob,75.0,37.0,0.0,455.0,13.849439135410263,0.2852611256123684,True,True,OK,228.0,227.28399859943977,184.5,229
342,0,191.32001060726597,326.69261203924685,90.0,227.0,231.0,186.0,1.2419354838709677,31425.0,0.7313922636503282,0.7196182356551175,50.286078740157485,0.8637050218335265,dark_blob,75.0,37.0,0.0,455.0,13.870276537272414,0.2864868551336714,True,True,OK,228.0,227.0211267605634,183.0,228
343,0,190.25961456874973,326.4117612744474,89.0,227.0,231.0,186.0,1.2419354838709677,31428.0,0.731462086300796,0.7180799614001901,50.21251535288004,0.863785616674874,dark_blob,75.0,37.0,0.0,455.0,13.889304548450891,0.28760614990887595,True,True,OK,227.0,226.78108108108108,182.0,227
344,0,189.78115873015872,326.1875608465608,88.0,226.0,232.0,187.0,1.2406417112299466,31500.0,0.7260741287110456,0.7136083710404239,50.19191252709963,0.8623346818243052,dark_blob,75.0,37.0,0.0,455.0,13.928361724093431,0.28990363082902537,True,True,OK,227.0,226.2883597883598,181.0,228
345,0,189.22879339491155,326.0416156605883,88.0,226.0,229.0,187.0,1.2245989304812834,31450.5,0.7344300959764613,0.7206742017913764,50.02951913393756,0.8653737794073485,dark_blob,75.0,37.0,0.0,455.0,13.937282229965158,0.2904283664685387,True,True,OK,227.0,226.17582417582418,181.0,225
346,0,189.21775065166253,326.0827982283256,88.0,226.0,231.0,187.0,1.2352941176470589,31458.0,0.7282450170150705,0.7149042664787346,50.09743896300026,0.8630845408489974,dark_blob,75.0,37.0,0.0,455.0,13.918276845106114,0.2893104026533008,True,True,OK,227.0,226.41558441558442,181.0,225
347,0,189.27340418761534,326.1209720189227,88.0,226.0,231.0,187.0,1.2352941176470589,31426.0,0.7275042248304281,0.7110051120334624,50.07470395565634,0.8624263669309253,dark_blob,75.0,37.0,0.0,455.0,13.90632744228512,0.28860749660500706,True,True,OK,227.0,226.5663307280954,180.5,226
348,0,189.62286357100027,326.203473471402,89.0,227.0,230.0,186.0,1.2365591397849462,31409.5,0.7342099111734456,0.7165248783858816,50.16839451709469,0.8643133074665954,dark_blob,75.0,37.0,0.0,455.0,13.894131378295828,0.2878900810762252,True,True,OK,227.0,226.72018876611418,181.5,224
349,0,190.06291195199412,326.25367997148584,89.0,227.0,230.0,186.0,1.2365591397849462,31329.5,0.7323398784478728,0.7115196042176355,50.14695940609699,0.8632896129011639,dark_blob,75.0,37.0,0.0,455.0,13.885162601626016,0.28736250597800095,True,True,OK,227.0,226.83333333333334,182.0,224
350,0,191.11413233935454,326.5459343506748,90.0,227.0,229.0,186.0,1.2311827956989247,31389.0,0.736934779546415,0.7226908844792872,50.27313719925583,0.8653071443433884,dark_blob,75.0,37.0,0.0,455.0,13.86899974052932,0.2864117494429012,True,True,OK,227.0,227.0372340425532,183.0,223
351,0,191.81957532753992,326.6268888357384,91.0,227.0,229.0,186.0,1.2311827956989247,31357.5,0.7361952387660233,0.7105719067295537,50.24177003440331,0.8633536755892263,dark_blob,75.0,37.0,0.0,455.0,13.801736412034172,0.28245508306083367,True,True,OK,228.0,227.88578680203045,184.0,223
352,0,192.69508566084255,326.74148705522254,92.0,227.0,228.0,186.0,1.2258064516129032,31364.0,0.739577438219204,0.7105273990829416,50.31785049383105,0.8639564695225505,dark_blob,75.0,37.0,0.0,455.0,13.803156198660432,0.28253859992120184,True,True,OK,228.0,227.8678756476684,185.0,224
353,0,193.60457131333715,326.91214523764035,93.0,227.0,227.0,186.0,1.2204301075268817,31406.0,0.7438302306854246,0.7191831428907435,50.315842551448114,0.8659963940198394,dark_blob,75.0,37.0,0.0,455.0,13.814024390243903,0.2831779053084649,True,True,OK,228.0,227.73076923076923,186.0,224
354,0,194.48055905006078,326.9656353010494,93.0,227.0,229.0,186.0,1.2311827956989247,31398.5,0.7371578156547871,0.7108457211860901,50.36457052797478,0.8633634718861607,dark_blob,75.0,37.0,0.0,455.0,13.801038072735134,0.28241400427853725,True,True,OK,228.0,227.89459662087987,186.5,224
355,0,195.32688997960224,326.9807230579636,94.0,228.0,229.0,185.0,1.2378378378378379,31376.0,0.7406113537117904,0.7038703358191991,50.28106863487257,0.8633717739994131,dark_blob,75.0,37.0,0.0,455.0,13.789255132675198,0.28172089015736457,True,True,OK,228.0,228.04324294163598,187.5,226
356,0,196.12735467959348,326.8627748012076,94.0,227.0,229.0,186.0,1.2311827956989247,31356.0,0.7361600225383856,0.7034216667132047,50.27019946976392,0.8623893735216016,dark_blob,75.0,37.0,0.0,455.0,13.79404600593625,0.28200270623154416,True,True,OK,228.0,227.98280423280423,189.5,226
357,0,196.94753027405991,326.8634108774166,95.0,227.0,229.0,186.0,1.2311827956989247,31380.0,0.7367234821805888,0.6986694154957698,50.2335299126431,0.8620081436196457,dark_blob,75.0,37.0,0.0,455.0,13.79346776141029,0.28196869184766404,True,True,OK,228.0,227.99009900990097,190.5,227
358,0,197.55693818988058,326.7029528613635,96.0,227.0,229.0,186.0,1.2311827956989247,31421.5,0.7376977978118984,0.7025010320409987,50.16761148904006,0.8630630769302586,dark_blob,75.0,37.0,0.0,455.0,13.837271341463415,0.28454537302725974,True,True,OK,227.0,227.4375,191.0,226
359,0,198.05596648903733,326.58152655160524,96.0,227.0,229.0,186.0,1.2311827956989247,31432.5,0.7379560501479081,0.6981108455677312,50.18260239901773,0.8626063240700785,dark_blob,75.0,37.0,0.0,455.0,13.844324290523417,0.2849602523837304,True,True,OK,227.0,227.34852433493535,191.5,226
360,0,198.49880971274402,326.5024228958366,95.0,226.0,233.0,187.0,1.2459893048128343,31505.0,0.7230726859608455,0.6852526011903469,50.11969972988253,0.8580552976494863,dark_blob,75.0,37.0,0.0,455.0,13.868311348929817,0.286371255819401,True,True,OK,227.0,227.04591836734693,192.0,226
361,0,198.78957887223413,326.31238533322755,98.0,226.0,229.0,187.0,1.2245989304812834,31522.5,0.73611143544357,0.6979339301450325,50.06495259622026,0.8625751785255924,dark_blob,75.0,37.0,0.0,455.0,13.873973369835738,0.2867043158726905,True,True,OK,227.0,226.97448979591837,193.0,226
362,0,198.97167031086605,326.20912423022884,98.0,226.0,229.0,187.0,1.2245989304812834,31557.0,0.7369170772715596,0.6976125012554444,49.95797924049045,0.863190166260252,dark_blob,75.0,37.0,0.0,455.0,13.920916481892093,0.28946567540541723,True,True,OK,226.0,226.38228438228438,192.5,226
363,0,198.99878108625794,326.035501522323,98.0,226.0,230.0,187.0,1.2299465240641712,31585.5,0.7343757265752151,0.6993288047669484,49.93376570479682,0.8628953886839137,dark_blob,75.0,37.0,0.0,455.0,13.922909407665506,0.28958290633326506,True,True,OK,226.0,226.35714285714286,193.0,226
364,0,198.89800228581058,325.79397156957236,98.0,225.0,230.0,188.0,1.2234042553191489,31644.5,0.7318339500462535,0.6954037057466675,49.80789317321825,0.8622212477490105,dark_blob,75.0,37.0,0.0,455.0,13.94310726001997,0.2907710152952923,True,True,OK,226.0,226.10233918128654,193.0,226
365,0,198.68758934577866,325.56240539858726,98.0,225.0,230.0,188.0,1.2234042553191489,31712.0,0.7333950046253469,0.6995009645752686,49.66786293845961,0.8636586986410627,dark_blob,75.0,36.0,0.0,455.0,14.001001206284528,0.2941765415461487,True,True,OK,225.0,225.37198478225673,192.5,226
366,0,198.39128770599677,325.2219128665733,98.0,224.0,230.0,189.0,1.216931216931217,31786.5,0.7312284334023464,0.6954732758175719,49.58803200597777,0.8629850356273893,dark_blob,75.0,36.0,0.0,455.0,14.024047331746795,0.2955321959851056,True,True,OK,225.0,225.08124904565582,192.5,226
367,0,197.80647285727727,324.70932250342355,97.0,223.0,231.0,190.0,1.2157894736842105,31887.0,0.7265208475734791,0.6972256400725974,49.478196095471624,0.8628174601231078,dark_blob,75.0,36.0,0.0,455.0,14.100474393575903,0.30002790550446484,True,True,OK,224.0,224.11709226565785,191.5,227
368,0,196.99158170179936,323.99472488063213,97.0,222.0,230.0,191.0,1.2041884816753927,31974.0,0.7278397450489414,0.7112448319673759,49.353268945022286,0.865475406959856,dark_blob,75.0,36.0,0.0,455.0,14.177295918367347,0.304546818727491,True,True,OK,223.0,223.14795918367346,191.0,225
369,0,196.05207198796742,323.16967480939786,96.0,221.0,230.0,192.0,1.1979166666666667,32135.0,0.7276947463768116,0.6916566608207415,49.18109023714198,0.8643134608952623,dark_blob,75.0,36.0,0.0,455.0,14.329892741698503,0.3135231024528531,True,True,OK,221.0,221.22289156626505,190.0,226
370,0,194.7206262137928,321.96775443163506,95.0,219.0,226.0,194.0,1.1649484536082475,32268.0,0.7359729951646747,0.7114971751877979,49.07469783422295,0.8693136626156113,dark_blob,75.0,36.0,0.0,455.0,14.43234794689719,0.3195498792292465,True,True,OK,219.2,219.93037974683546,189.0,221
371,0,193.07491041640924,320.30951645454917,94.0,216.0,224.0,197.0,1.1370558375634519,32372.0,0.7335931834662799,0.7191691634832249,48.828751414329844,0.8714053059523539,dark_blob,75.0,36.0,0.0,455.0,14.641830938857336,0.33187240816807856,True,True,OK,217.0,217.2876712328767,188.0,219
372,0,191.82622377265724,318.65235574323975,93.0,214.0,223.0,199.0,1.120603015075377,32679.0,0.736394979381211,0.71519042941348,48.832475007573464,0.872651459391373,dark_blob,75.0,36.0,0.0,455.0,14.831475270692893,0.34302795709958195,True,True,OK,214.0,214.8952350466435,186.5,217
373,0,190.41950154538074,316.43648812855145,91.0,210.0,222.0,203.0,1.0935960591133005,33055.5,0.7334908800426042,0.7107530064737747,49.05636755720618,0.8726234013199964,dark_blob,75.0,37.0,0.0,455.0,15.096967064238134,0.3586451214257726,True,True,OK,211.0,211.545953958842,185.5,217
374,0,188.82501047841447,313.5181625850747,90.0,206.0,223.0,206.0,1.0825242718446602,33402.0,0.7271104532195568,0.7140080973564478,49.84434563509708,0.8720174674245659,dark_blob,75.0,38.0,0.0,455.0,15.416821314952282,0.3774600773501342,True,True,OK,206.0,207.51086956521738,183.5,216
375,0,187.02970072514134,309.74152235318473,88.0,200.0,221.0,212.0,1.0424528301886793,33809.5,0.7216234098864509,0.6921860605908791,50.97745175554189,0.8684728767989279,dark_blob,75.0,40.0,0.0,455.0,15.82534843205575,0.4014910842385735,True,True,OK,201.0,202.35714285714286,182.0,212
376,0,184.70313305632223,301.5096903339298,87.0,193.0,206.0,216.0,0.9537037037037037,32971.0,0.7409879539733909,0.5672949029732176,52.01184834123223,0.8589155925565484,dark_blob,75.0,41.0,0.0,455.0,16.355475529330096,0.4326750311370645,True,True,OK,194.0,195.66938562998956,180.5,201
377,0,192.7181001283697,285.86072874493925,85.0,184.0,192.0,219.0,0.8767123287671232,25317.5,0.60210949391172,0.29678935791966404,40.245759093202906,0.8220893040839542,dark_blob,75.0,43.0,0.0,455.0,17.045416316232128,0.47325978330777224,True,True,OK,185.0,186.9655172413793,178.0,188
378,0,186.9416224987299,262.7932637261815,82.0,172.0,188.0,184.0,1.0217391304347827,21980.5,0.6354214847363552,0.3538805330228649,37.568923875123,0.8313057168695666,dark_blob,75.0,45.0,0.0,455.0,18.009146341463413,0.5299497847919655,True,True,OK,173.0,174.80769230769232,175.0,188
379,0,184.6288921566264,243.0367057991627,80.0,156.0,187.0,178.0,1.050561797752809,20741.5,0.6231298443790182,0.37187660254562305,37.88075829383886,0.8191080057075651,dark_blob,75.0,47.0,0.0,455.0,19.234756097560975,0.6020444763271162,True,True,OK,157.0,159.34615384615384,172.0,187
380,0,179.47993265380416,211.03653986166728,77.0,107.0,186.0,196.0,0.9489795918367347,21976.0,0.6028088654816766,0.38423190610074576,39.1044315129812,0.8556845884664894,dark_blob,75.0,47.0,0.0,455.0,23.25212612323492,0.8383603601902894,True,True,OK,108.0,108.66548582995952,161.5,186
381,0,166.91607494724076,203.27555470052584,74.0,105.0,187.0,197.0,0.949238578680203,28589.0,0.7760525530008958,0.8699033965731543,47.08113070287872,0.9538550525789882,dark_blob,75.0,40.0,0.0,455.0,23.441796008869183,0.8495174122864225,True,True,OK,105.0,106.27272727272727,159.0,187
382,0,165.01383264689252,202.79811719101514,71.0,104.0,189.0,197.0,0.9593908629441624,28893.0,0.7760051567158166,0.873706799483173,47.00617030028795,0.9546396855641855,dark_blob,75.0,40.0,0.0,455.0,23.47546925930089,0.8514981917235818,True,True,OK,105.0,105.84792626728111,158.5,189
383,0,163.8361183652801,202.48890823333957,69.0,103.0,190.0,198.0,0.9595959595959596,29293.5,0.7786682615629984,0.8742719460015634,47.02306079664571,0.9555243846413233,dark_blob,75.0,40.0,0.0,455.0,23.520343680709537,0.8541378635711493,True,True,OK,104.0,105.28181818181818,158.0,190
384,0,163.23001304379466,202.58481545549714,67.0,103.0,192.0,199.0,0.964824120603015,29771.5,0.7791954564489112,0.8723311305534667,47.09030111462319,0.9554451542870727,dark_blob,75.0,40.0,0.0,455.0,23.54822663685059,0.8557780374617994,True,True,OK,103.0,104.93006396588487,157.5,192
385,0,162.83288641760024,203.47879206628608,66.0,102.0,194.0,202.0,0.9603960396039604,30393.5,0.7755818107583954,0.875368201271918,47.1605984549692,0.954851945903271,dark_blob,75.0,39.0,0.0,455.0,23.54268292682927,0.8554519368723099,True,True,OK,103.0,105.0,159.5,194
386,0,162.09477124183005,204.46414001842348,65.0,103.0,194.0,202.0,0.9603960396039604,30396.0,0.7756456057976931,0.8673562214904387,47.644482106772706,0.9524461672742148,dark_blob,75.0,39.0,0.0,455.0,23.4490022172949,0.8499413068997,True,True,OK,104.0,106.18181818181819,159.5,194
387,0,161.36689458875875,204.88754934676874,64.0,103.0,195.0,203.0,0.9605911330049262,30566.0,0.7721611721611722,0.8626734399099992,47.81528538553788,0.9507249201032444,dark_blob,75.0,39.0,0.0,455.0,23.436391352549887,0.8491994913264639,True,True,OK,104.0,106.3409090909091,159.0,195
388,0,160.57108206221818,204.80685018476615,63.0,103.0,195.0,203.0,0.9605911330049262,30714.5,0.7759125931539724,0.8666035191110908,47.97900203206141,0.9518588116046026,dark_blob,75.0,38.0,0.0,455.0,23.461171921475316,0.8506571718514891,True,True,OK,104.0,106.02829268292683,158.5,195
389,0,159.56934022025143,204.62718600093123,62.0,103.0,196.0,203.0,0.9655172413793104,30783.0,0.7736754800442345,0.865755087869299,48.24621029255576,0.9507371645536324,dark_blob,75.0,38.0,0.0,455.0,23.456455066782812,0.8503797098107536,True,True,OK,104.0,106.08779761904762,157.5,195
390,0,158.55071429729685,204.57152972590225,60.0,102.0,197.0,204.0,0.9656862745098039,30834.5,0.7672563949437643,0.8614136629607748,48.37827330270218,0.9488474605007611,dark_blob,75.0,38.0,0.0,455.0,23.505406998796154,0.8532592352233032,True,True,OK,103.0,105.47025016903314,155.5,195
391,0,157.5925638077967,204.32903180540038,59.0,102.0,197.0,203.0,0.9704433497536946,30880.5,0.7721862419044285,0.8669770100572028,48.5660752670923,0.9505241451715172,dark_blob,75.0,38.0,0.0,455.0,23.552845528455286,0.856049736967958,True,True,OK,103.0,104.87179487179488,155.0,196
392,0,156.80220638537406,204.09060939545256,59.0,102.0,196.0,203.0,0.9655172413793104,30940.5,0.777633959987936,0.8622435497331665,48.579045118319506,0.9512065767633033,dark_blob,75.0,38.0,0.0,455.0,23.566262735412167,0.8568389844360098,True,True,OK,103.0,104.70253164556962,155.0,196
393,0,156.16793876740414,204.11579873970777,58.0,102.0,197.0,203.0,0.9704433497536946,31051.0,0.7764497011827661,0.8629338191923126,48.687884879231675,0.9510959643392255,dark_blob,75.0,38.0,0.0,455.0,23.612262872628722,0.8595448748605131,True,True,OK,102.0,104.12222222222223,153.5,197
394,0,155.48756322873797,204.8808245456104,57.0,102.0,197.0,204.0,0.9656862745098039,31104.0,0.7739623768289041,0.8580524380598397,48.73119067337708,0.9498171717392707,dark_blob,75.0,38.0,0.0,455.0,23.60107169253511,0.8588865701491242,True,True,OK,103.0,104.26340326340326,153.5,197
395,0,154.87395688363486,206.38572243639987,56.0,102.0,198.0,206.0,0.9611650485436893,31256.5,0.7663160733549083,0.8515202883573849,48.89945479903639,0.9468050286668712,dark_blob,75.0,38.0,0.0,455.0,23.561235080435914,0.856543240025642,True,True,OK,103.0,104.76595744680851,151.0,198
396,0,154.1873317447371,208.89964123313447,56.0,104.0,197.0,207.0,0.9516908212560387,31264.5,0.7666813801221217,0.8546843669368277,49.15655205197275,0.946224108014195,dark_blob,75.0,38.0,0.0,455.0,23.466248936471928,0.8509558197924664,True,True,OK,105.0,105.9642441860465,151.5,197
397,0,153.4812082219697,212.59393221622946,55.0,106.0,198.0,209.0,0.9473684210526315,31241.5,0.7549538446667633,0.8681204824792209,49.52299543263131,0.943210570855125,dark_blob,75.0,38.0,0.0,455.0,23.234291988650085,0.837311293450005,True,True,OK,107.0,108.89047029702971,148.5,198
398,0,152.93996389775327,218.03131547561486,55.0,108.0,197.0,212.0,0.9292452830188679,31023.0,0.7428167800019155,0.8363770374721593,50.11272913074024,0.9359066999594381,dark_blob,75.0,39.0,0.0,455.0,23.28109756097561,0.84006456241033,True,True,OK,109.0,108.3,148.0,197
399,0,152.56035375228527,227.22081984184672,54.0,130.0,198.0,198.0,1.0,30266.0,0.7720130598918478,0.8944164256123269,50.085022098543135,0.9380482421042098,dark_blob,75.0,40.0,0.0,455.0,21.36280487804878,0.7272238163558107,True,True,OK,131.0,132.5,154.0,197
400,0,152.18002754361996,236.4767378580393,54.0,140.0,197.0,197.0,1.0,30013.0,0.7733515421680538,0.8946842296971385,50.413720246938034,0.9330609236557517,dark_blob,75.0,41.0,0.0,455.0,20.564321832242715,0.6802542254260421,True,True,OK,140.0,142.5731707317073,154.0,197
401,0,151.8637331994869,248.26390050750095,54.0,152.0,197.0,196.0,1.0051020408163265,29885.0,0.7739821817051694,0.8899276464054418,50.70842726428855,0.9266739194763001,dark_blob,75.0,41.0,0.0,455.0,19.645969660916123,0.6262335094656543,True,True,OK,152.0,154.15853658536585,154.0,197
402,0,151.72835521364664,262.816857596789,54.0,166.0,197.0,199.0,0.9899497487437185,29897.5,0.7626329617631303,0.8774806646263988,50.642542333565295,0.9164087553035017,dark_blob,75.0,42.0,0.0,455.0,18.557329029172646,0.5621958252454498,True,True,OK,166.0,167.8921568627451,153.0,196
403,0,166.51101581730077,291.90998598187576,54.0,182.0,222.0,226.0,0.9823008849557522,30199.0,0.6019094315554493,0.26352344599738303,43.29917312325021,0.8136333866701442,dark_blob,75.0,40.0,0.0,455.0,17.26727642276423,0.4863103778096606,True,True,OK,183.0,184.16666666666666,154.0,209
404,0,169.50644677823408,311.37554174038667,54.0,200.0,228.0,212.0,1.0754716981132075,30803.5,0.6372786329030122,0.34070147469815726,41.64367044073434,0.8256583273747545,dark_blob,75.0,39.0,0.0,455.0,15.889518002322882,0.40526576484252247,True,True,OK,200.0,201.54761904761904,154.0,227
405,0,172.66739634228205,321.8943546456987,58.0,217.0,231.0,197.0,1.1725888324873097,28551.5,0.627408970048564,0.42932975086839925,38.938229807227245,0.8313802153935648,dark_blob,75.0,38.0,0.0,455.0,14.56016986062718,0.3270688153310106,True,True,OK,218.0,218.31785714285712,154.5,226
406,0,178.46547987709542,325.54104565457544,65.0,221.0,234.0,193.0,1.2124352331606219,27609.5,0.6113436074575971,0.4620878546692926,37.92498481112183,0.8319611959350758,dark_blob,75.0,38.0,0.0,455.0,14.267211703958692,0.3098359825858054,True,True,OK,222.0,222.0136369654442,157.5,228
407,0,185.09333286269802,322.65678920833255,73.0,217.0,233.0,196.0,1.1887755102040816,28330.5,0.6203577997722695,0.3546599662891451,38.319703765515804,0.8218064427900391,dark_blob,75.0,38.0,0.0,455.0,14.52186598478888,0.32481564616405173,True,True,OK,219.0,218.80107526881721,167.0,228
408,0,194.64151810115246,320.66913791298884,85.0,213.0,228.0,199.0,1.1457286432160805,28663.0,0.6317332275412149,0.3504078125429948,37.74067965501838,0.8264930770066097,dark_blob,75.0,37.0,0.0,455.0,14.79627613240418,0.3409574195531871,True,True,OK,214.0,215.33928571428572,180.0,224
409,0,205.85768889969944,320.17850131174316,97.0,211.0,225.0,201.0,1.1194029850746268,28778.5,0.6363405196241018,0.32945941600539785,37.762188237709125,0.826149472925199,dark_blob,75.0,37.0,0.0,455.0,15.000135932887991,0.352949172522823,True,True,OK,212.0,212.7675159235669,193.0,218
410,0,208.12097821894727,319.01743194689726,105.0,213.0,227.0,198.0,1.1464646464646464,32842.0,0.7306990610955368,0.6998968672777879,49.36276223776224,0.868872695012357,dark_blob,75.0,37.0,0.0,455.0,14.882658047891955,0.34603870869952674,True,True,OK,213.0,214.2495446265938,204.5,220
411,0,218.53400286210774,320.74254318716135,108.0,215.0,231.0,197.0,1.1725888324873097,32610.0,0.7165930516184323,0.6833612880334411,48.94138893947672,0.8637508084469022,dark_blob,75.0,38.0,0.0,455.0,14.741345397324942,0.3377261998426436,True,True,OK,216.0,216.03225806451613,215.5,222
412,0,226.90144506460737,321.69835614343606,111.0,217.0,231.0,196.0,1.1785714285714286,32697.5,0.722181729834791,0.6632142472790016,47.881863308917005,0.8638057275323309,dark_blob,75.0,38.0,0.0,455.0,14.615404364569962,0.33031790379823306,True,True,OK,217.0,217.62105263157895,224.0,224
413,0,233.17994009990153,318.4930278122178,115.0,214.0,228.0,199.0,1.1457286432160805,32665.5,0.7199484263422375,0.5443710062034633,47.025665859564164,0.8513835426075086,dark_blob,75.0,38.0,0.0,455.0,14.738462458153995,0.3375566151855291,True,True,OK,215.0,216.0686274509804,230.0,222
414,0,240.5244088482075,313.1718942283244,122.0,209.0,224.0,204.0,1.0980392156862746,32775.0,0.7172400210084033,0.6120442967489064,46.287089860847,0.862832095336257,dark_blob,75.0,38.0,0.0,455.0,15.169829955341807,0.3629311738436357,True,True,OK,209.0,210.6267605633803,236.0,203
415,0,247.20320093073056,307.2712914916399,146.0,204.0,203.0,207.0,0.9806763285024155,32376.0,0.770471906903691,0.8266308459947899,45.39799853103195,0.9044739164839052,dark_blob,75.0,38.0,0.0,455.0,15.601517903476909,0.3883245825574652,True,True,OK,205.0,205.18085106382978,241.0,201
416,0,252.12426532325776,304.9596875556573,150.0,201.0,207.0,209.0,0.9904306220095693,32752.5,0.7570556826849733,0.7999072752642844,44.8715707328877,0.9012440081812956,dark_blob,75.0,37.0,0.0,455.0,15.930449695121952,0.4076735114777619,True,True,OK,202.0,201.03125,247.0,204
417,0,256.67693201920645,303.9277786201668,154.0,200.0,204.0,210.0,0.9714285714285714,32975.0,0.7697245564892624,0.7853527067045715,43.79790909364016,0.9048881202966733,dark_blob,75.0,35.0,0.0,455.0,16.031867015098722,0.41363923618227777,True,True,OK,200.0,199.7518315018315,251.5,203
418,0,268.8604760163859,306.0842449637691,159.0,200.0,233.0,207.0,1.1256038647342994,35559.0,0.737264415002799,0.5859998569245636,45.2857063341868,0.8705355846430838,dark_blob,75.0,33.0,0.0,455.0,15.944286934907566,0.4084874667592686,True,True,OK,201.0,200.85668789808918,256.0,227
419,0,274.0482985326795,307.0846601656474,163.0,201.0,237.0,204.0,1.161764705882353,36302.0,0.7508480185323074,0.6751777710006198,44.504119380183326,0.88522973583257,dark_blob,75.0,32.0,0.0,455.0,15.86703202154721,0.4039430600910124,True,True,OK,201.0,201.83128834355827,259.0,233
420,0,274.9714624037892,305.4863004964248,163.0,199.0,238.0,205.0,1.1609756097560975,36595.0,0.7500512400081984,0.6139910906301819,44.59574755863338,0.8780722447603052,dark_blob,75.0,32.0,0.0,455.0,15.95740674318508,0.40925922018735766,True,True,OK,200.0,200.69117647058823,260.0,232
421,0,274.02385618246643,304.3267466862633,162.0,198.0,239.0,205.0,1.1658536585365853,36741.0,0.7498928462087968,0.6008288285974712,44.691828982461814,0.8765899732554525,dark_blob,75.0,32.0,0.0,455.0,16.010467479674798,0.4123804399808705,True,True,OK,198.98,200.02179487179487,258.5,234
422,0,273.0495253107222,304.90887596477876,161.0,198.0,239.0,206.0,1.1601941747572815,36796.0,0.747369703863184,0.5880425130953849,45.17863194986147,0.8735565139844103,dark_blob,75.0,32.0,0.0,455.0,16.00494497323022,0.41205558666060116,True,True,OK,199.0,200.09146341463415,257.0,233
423,0,271.969448300264,306.18821842991025,160.0,200.0,240.0,206.0,1.1650485436893203,36741.0,0.7431432038834952,0.5353266457641787,45.55622273681943,0.8649216622593086,dark_blob,75.0,32.0,0.0,455.0,15.89050154586053,0.40532362034473707,True,True,OK,201.0,201.53521126760563,256.0,233
424,0,270.35522867296953,307.0764987581816,159.0,201.0,241.0,206.0,1.1699029126213591,36438.5,0.7339664826974983,0.5053407857090423,45.333134295950494,0.8591754789043544,dark_blob,75.0,32.0,0.0,455.0,15.79670085608141,0.39980593271067116,True,True,OK,202.0,202.7185430463576,255.0,234
425,0,268.40809684917946,307.0528849915993,157.0,201.0,240.0,207.0,1.1594202898550725,36207.5,0.7288144122383253,0.4938022888751902,45.524537782996966,0.8563361720028426,dark_blob,75.0,32.0,0.0,455.0,15.80267407003679,0.40015729823745827,True,True,OK,202.0,202.6431886549205,253.5,234
426,0,266.04202233653086,306.6980768339589,155.0,201.0,245.0,207.0,1.183574879227053,35965.0,0.7091590259292123,0.45063269375361925,45.83329211661583,0.8463753735170244,dark_blob,75.0,32.0,0.0,455.0,15.821895000864902,0.4012879412273472,True,True,OK,201.0,202.40070921985816,251.0,235
427,0,263.35630126771065,307.25697706935125,153.0,201.0,245.0,209.0,1.1722488038277512,35760.0,0.6983692998730593,0.44584846119054555,46.20736155631701,0.842462076525583,dark_blob,75.0,33.0,0.0,455.0,15.776108487240942,0.398594616896526,True,True,OK,202.0,202.97832369942196,249.5,237
428,0,260.1782800191987,308.2633897060899,150.0,202.0,249.0,209.0,1.1913875598086126,35419.0,0.6805979900463096,0.4367852002869389,46.387241639005886,0.836730494125764,dark_blob,75.0,33.0,0.0,455.0,15.707140047206925,0.3945376498357015,True,True,OK,203.0,203.8483870967742,247.0,238
429,0,250.47936657443927,310.40526579148764,144.0,204.0,216.0,208.0,1.0384615384615385,33974.0,0.7561876780626781,0.568025839187951,44.73282287178293,0.8715656667748278,dark_blob,75.0,33.0,0.0,455.0,15.603678463255221,0.38845167430913063,True,True,OK,205.0,205.15359477124184,244.0,212
430,0,246.67212650414123,312.7338060634474,126.0,207.0,233.0,206.0,1.1310679611650485,34128.0,0.7110296262344264,0.5166492094538421,45.46318289786223,0.8529798036757397,dark_blob,75.0,34.0,0.0,455.0,15.41013356562137,0.3770666803306688,True,True,OK,207.0,207.5952380952381,241.5,214
431,0,242.5070567666823,314.82036255664946,118.0,209.0,240.0,204.0,1.1764705882352942,34128.0,0.6970588235294117,0.5285825185209899,45.93385676208135,0.8498162311773908,dark_blob,75.0,35.0,0.0,455.0,15.300263496948984,0.3706037351146461,True,True,OK,209.0,208.98129126925897,238.5,224
432,0,237.9616716013375,316.4882967283869,117.0,211.0,232.0,202.0,1.1485148514851484,33943.5,0.7242979685899624,0.5802372437201225,46.18939239399679,0.8605737016845205,dark_blob,75.0,35.0,0.0,455.0,15.140243902439025,0.36119081779053086,True,True,OK,211.0,211.0,235.0,219
433,0,233.12650320470186,318.2013912495135,116.0,213.0,230.0,200.0,1.15,33830.5,0.735445652173913,0.5938751014594491,46.516696882858646,0.8628855937504785,dark_blob,75.0,36.0,0.0,455.0,14.94338263760789,0.3496107433886994,True,True,OK,213.0,213.48348057171586,231.5,227
434,0,227.75818542771637,320.13408298517487,111.0,215.0,233.0,197.0,1.1827411167512691,33749.0,0.7352563124986383,0.6746367371323081,46.857360748540756,0.8707715922414424,dark_blob,75.0,36.0,0.0,455.0,14.752117223047973,0.3383598366498808,True,True,OK,216.0,215.8963673400102,227.5,229
435,0,223.17710898860653,321.8373280470956,109.0,218.0,234.0,194.0,1.2061855670103092,33294.0,0.7334126354744911,0.69645989242937,46.861322549952426,0.8715602011806609,dark_blob,75.0,37.0,0.0,455.0,14.511051829268293,0.32417951936872313,True,True,OK,218.0,218.9375,222.0,227
436,0,218.29558720998284,323.618365674794,107.0,221.0,236.0,191.0,1.2356020942408377,32749.5,0.726539621971781,0.7065998506448372,46.99180848169755,0.8692629540317048,dark_blob,75.0,38.0,0.0,455.0,14.211737804878048,0.3065728120516499,True,True,OK,221.0,222.71346153846156,215.5,230
437,0,213.1146141265935,325.15974576052577,104.0,223.0,237.0,189.0,1.253968253968254,32305.5,0.7212176009644364,0.7034849316536834,46.95125015320505,0.8668539907759581,dark_blob,75.0,38.0,0.0,455.0,14.051432678960936,0.29714309876240796,True,True,OK,224.0,224.7357723577236,209.0,229
438,0,207.01666562376153,326.3801024132824,100.0,225.0,233.0,188.0,1.2393617021276595,31962.0,0.729659391836362,0.6994986521793081,46.70916297649645,0.8679161940469889,dark_blob,75.0,38.0,0.0,455.0,13.92113912107791,0.2894787718281124,True,True,OK,226.0,226.37947570332483,201.5,230
439,0,200.71305435548126,327.5715104117393,97.0,227.0,233.0,186.0,1.2526881720430108,31711.0,0.7317135077760857,0.6946344202028428,46.94828500983115,0.8665500120816897,dark_blob,75.0,38.0,0.0,455.0,13.787685072598528,0.28162853368226637,True,True,OK,228.0,228.06304985337243,193.5,229
440,0,194.09394058989133,328.34469966058884,91.0,228.0,231.0,186.0,1.2419354838709677,31672.5,0.7371526323139226,0.699188180593236,47.18603125,0.8674313345240666,dark_blob,75.0,36.0,0.0,455.0,13.717422581529187,0.2774954459723051,True,True,OK,229.0,228.9494382022472,188.0,227
441,0,188.42770403031201,327.0783807870913,84.0,227.0,231.0,186.0,1.2419354838709677,31978.5,0.7442745426616394,0.7121854417421778,47.62301120534885,0.8700903181761905,dark_blob,75.0,36.0,0.0,455.0,13.777824186158188,0.281048481538717,True,True,OK,228.0,228.18744872846594,182.5,228
442,0,183.08168663290928,324.31698468568607,78.0,223.0,234.0,190.0,1.231578947368421,32388.0,0.7284750337381917,0.7199093809450668,48.00116158219723,0.8684068498281775,dark_blob,75.0,35.0,0.0,455.0,14.044193070435378,0.2967172394373752,True,True,OK,224.0,224.8271028037383,178.0,228
443,0,178.59185128983307,322.0416489630753,73.0,220.0,237.0,192.0,1.234375,32950.0,0.7241121659634318,0.7142112811349378,48.47587284418004,0.8676372858210233,dark_blob,75.0,35.0,0.0,455.0,14.343732096087738,0.3143371821228081,True,True,OK,220.0,221.04830278781623,172.5,229
444,0,174.61133069828722,320.52668483251483,68.0,218.0,240.0,194.0,1.2371134020618557,33396.0,0.7172680412371134,0.7037203250085393,48.924613879583795,0.8655678573259593,dark_blob,75.0,35.0,0.0,455.0,14.604383665141981,0.329669627361293,True,True,OK,218.0,217.76008299359347,167.5,231
445,0,171.13746014380263,319.4081126766116,64.0,216.0,242.0,196.0,1.2346938775510203,33819.5,0.7130102040816326,0.7027556564650441,49.37869961064434,0.8644928731611975,dark_blob,75.0,35.0,0.0,455.0,14.74494544287548,0.3379379672279694,True,True,OK,216.0,215.98684210526318,163.5,234
446,0,168.51777349266172,318.50563395370125,61.0,214.0,243.0,198.0,1.2272727272727273,34227.0,0.711372989150767,0.7020375372830234,49.78031705623698,0.8637993169661771,dark_blob,75.0,35.0,0.0,455.0,14.830802151189214,0.34298836183465964,True,True,OK,215.0,214.90372670807454,160.0,236
447,0,166.83734402207205,317.6651810477472,59.0,213.0,242.0,199.0,1.2160804020100502,34553.5,0.7175028032725611,0.7025917333538447,49.988078862906924,0.8657855100828058,dark_blob,75.0,35.0,0.0,455.0,14.994626734941383,0.35262510205537545,True,True,OK,213.0,212.83701657458565,158.0,237
448,0,165.67250645399668,317.0271499726485,58.0,212.0,243.0,200.0,1.215,34733.0,0.7146707818930041,0.7096668835000377,50.110303341316,0.8663369882603223,dark_blob,75.0,35.0,0.0,455.0,15.088686763671781,0.3581580449218695,True,True,OK,212.0,211.65041313521755,157.5,238
449,0,165.01421149656443,316.72960808254925,58.0,211.0,243.0,201.0,1.208955223880597,34807.5,0.7126405011977152,0.7065223158711574,50.27776513427401,0.865494255610143,dark_blob,75.0,35.0,0.0,455.0,15.138713972539064,0.36110082191406256,True,True,OK,211.0,211.0193006541226,156.5,237
450,0,164.73055507555247,316.75534243419156,57.0,211.0,243.0,201.0,1.208955223880597,34722.0,0.710889994472084,0.6957892534328224,50.26882057716436,0.8637173468936918,dark_blob,75.0,35.0,0.0,455.0,15.118066674471883,0.3598862749689343,True,True,OK,212.0,211.27977426050856,156.5,236
451,0,165.02221259179004,317.0245816781028,58.0,212.0,241.0,200.0,1.205,34612.5,0.7181016597510373,0.704661108534755,50.26367433344776,0.8661346846783164,dark_blob,75.0,35.0,0.0,455.0,15.077269647696477,0.3574864498644987,True,True,OK,212.0,211.79444444444445,157.0,235
452,0,166.1349846250696,317.3952591946926,59.0,213.0,240.0,199.0,1.2060301507537687,34417.5,0.7206344221105527,0.7100076840828425,50.21390758961966,0.8670887978934758,dark_blob,75.0,35.0,0.0,455.0,15.020020325203253,0.3541188426590149,True,True,OK,213.0,212.51666666666665,157.5,233
453,0,167.9907139023081,317.8850339140194,61.0,214.0,239.0,198.0,1.207070707070707,34155.0,0.7217573221757322,0.7107976590550211,49.9653562938482,0.8673413083565404,dark_blob,75.0,35.0,0.0,455.0,14.92570254506893,0.3485707379452312,True,True,OK,214.0,213.70652173913044,160.0,231
454,0,170.7580705428872,318.886815736944,64.0,215.0,237.0,197.0,1.2030456852791878,33899.0,0.7260596714429522,0.7186741550428727,49.69276158205293,0.86905442102499,dark_blob,75.0,35.0,0.0,455.0,14.808810533757512,0.34169473727985367,True,True,OK,215.0,215.18115942028984,163.0,231
455,0,173.8917212988267,320.3846402739821,67.0,218.0,241.0,194.0,1.2422680412371134,33481.5,0.7161205458356504,0.7050788347242891,49.434857176651484,0.8644104135960656,dark_blob,75.0,36.0,0.0,455.0,14.585365853658537,0.32855093256814927,True,True,OK,218.0,218.0,165.0,232
456,0,177.6796987250261,322.0790796392363,72.0,220.0,239.0,192.0,1.2447916666666667,33059.5,0.7204388947001394,0.7056081480983123,49.15703890036834,0.8646242039156726,dark_blob,75.0,36.0,0.0,455.0,14.36120949904352,0.31536526464961884,True,True,OK,220.0,220.827818627451,169.5,232
457,0,181.93994653720887,323.81554312869986,76.0,222.0,237.0,191.0,1.2408376963350785,32546.0,0.7189785053129211,0.7227615013452783,48.72710126851824,0.865660264151797,dark_blob,75.0,36.0,0.0,455.0,14.10486617041495,0.30028624531852643,True,True,OK,223.0,224.06168831168833,174.5,231
458,0,187.05479267006456,325.4568896093437,82.0,225.0,237.0,188.0,1.2606382978723405,32078.5,0.7199591525271568,0.7132205806113338,48.24062586797519,0.8643865311806215,dark_blob,75.0,36.0,0.0,455.0,13.891307430516166,0.28772396650095095,True,True,OK,226.0,226.75581395348837,180.0,230
459,0,193.3019681261111,327.211810854323,90.0,227.0,232.0,186.0,1.2473118279569892,31781.5,0.7365012050426399,0.7075303190928894,48.035475130033944,0.8669085433027732,dark_blob,75.0,36.0,0.0,455.0,13.753438044425087,0.2796140026132404,True,True,OK,228.0,228.4950892857143,186.5,227
460,0,199.22428176196445,328.1658282153418,96.0,229.0,230.0,184.0,1.25,31506.5,0.7444825141776937,0.7038675280741833,47.566895988439676,0.8685068745314114,dark_blob,75.0,37.0,0.0,455.0,13.652676591700983,0.27368685833535195,True,True,OK,229.0,229.76623376623377,192.0,225
461,0,204.28149493354388,327.9542413475457,99.0,229.0,232.0,184.0,1.2608695652173914,31662.5,0.7417189842578711,0.7014078861694599,47.14072707949111,0.8687898100730748,dark_blob,75.0,37.0,0.0,455.0,13.718237837140276,0.27754340218472207,True,True,OK,229.0,228.93915343915344,197.0,229
462,0,208.5238911039123,326.36042237727384,102.0,226.0,235.0,187.0,1.2566844919786095,32104.0,0.7305495505745818,0.7047840369738315,46.952333970524755,0.8681706853855866,dark_blob,75.0,38.0,0.0,455.0,13.90087343441002,0.2882866726123541,True,True,OK,226.0,226.63513513513513,202.0,229
463,0,212.57253015258178,325.0974822466107,103.0,223.0,237.0,190.0,1.2473684210526317,32529.0,0.7223850766155896,0.7020272609039622,46.88983901889778,0.8672474214988933,dark_blob,75.0,37.0,0.0,455.0,14.084910811794686,0.299112400693805,True,True,OK,224.0,224.3134328358209,208.0,229
464,0,216.4914196805833,324.64008928616823,104.0,222.0,238.0,191.0,1.2460732984293195,32778.5,0.721072198512913,0.7137849847540854,46.77652602011538,0.8691060667603637,dark_blob,75.0,37.0,0.0,455.0,14.173897189562037,0.30434689350364924,True,True,OK,222.68,223.19083545475584,213.5,229
465,0,219.73060348086432,324.3398000997989,105.0,221.0,237.0,192.0,1.234375,33066.5,0.7266723804500703,0.7048656908554516,46.74738764633671,0.8696715825574685,dark_blob,75.0,37.0,0.0,455.0,14.233718214841725,0.30786577734363085,True,True,OK,222.0,222.43617021276594,218.0,229
466,0,222.17683930227687,323.3965782046295,108.0,220.0,235.0,193.0,1.217616580310881,33423.0,0.736919854481314,0.7070602914613013,46.71236447656852,0.8731371805142052,dark_blob,75.0,37.0,0.0,455.0,14.384530641524902,0.31673709656028837,True,True,OK,220.0,220.53361344537817,221.0,228
467,0,224.01377773825755,322.1824500563163,108.0,218.0,235.0,195.0,1.205128205128205,33738.0,0.7362356792144026,0.6806812317018345,46.639681934215545,0.8710628708656889,dark_blob,75.0,36.0,0.0,455.0,14.572394678492238,0.32778792226424924,True,True,OK,218.0,218.16363636363639,223.5,229
468,0,225.66797051153853,321.52495931611867,109.0,217.0,234.0,196.0,1.1938775510204083,34002.0,0.7413657770800628,0.6805269542611396,46.560805892799955,0.8729558965096408,dark_blob,75.0,36.0,0.0,455.0,14.680774322127128,0.33416319541924283,True,True,OK,217.0,216.79638547470392,225.5,229
469,0,226.91614664205704,321.0707721755095,110.0,216.0,233.0,197.0,1.1827411167512691,34133.0,0.7436221433084247,0.6662269163442893,46.48275962068266,0.8721864603316469,dark_blob,75.0,36.0,0.0,455.0,14.732612712490761,0.33721251249945655,True,True,OK,216.74,216.14242424242425,227.0,230
470,0,227.85234513812824,320.81635146647193,110.0,216.0,234.0,197.0,1.1878172588832487,34237.5,0.7427111805284394,0.672594677943351,46.57743017405887,0.8727733958062021,dark_blob,75.0,36.0,0.0,455.0,14.76666011014949,0.3392153005970288,True,True,OK,216.0,215.71290322580646,228.0,230
471,0,227.95919635660945,320.53967722201185,110.0,215.0,234.0,198.0,1.1818181818181819,34327.0,0.7408918242251575,0.6719744086452664,46.58014188487715,0.8725380421372626,dark_blob,75.0,36.0,0.0,455.0,14.808060890227244,0.3416506406016026,True,True,OK,216.0,215.19061646174862,228.5,229
472,0,227.84503536809012,320.4052630046866,111.0,215.0,232.0,198.0,1.1717171717171717,34353.0,0.7478448275862069,0.677256627922477,46.63286360623613,0.8744587064809551,dark_blob,75.0,36.0,0.0,455.0,14.78415586890244,0.34024446287661414,True,True,OK,215.68,215.4921875,228.0,229
473,0,227.3445438665635,320.5735910198958,111.0,216.0,232.0,197.0,1.1776649746192893,34253.5,0.7494639418869246,0.6757056760685198,46.62447257383966,0.8744842498335835,dark_blob,75.0,36.0,0.0,455.0,14.757042408261919,0.3386495534271717,True,True,OK,216.0,215.83423423423426,227.5,228
474,0,226.31154964140168,320.9359586723341,111.0,216.0,233.0,197.0,1.1827411167512691,34230.5,0.7457462800374719,0.6855199962230202,46.80824849606664,0.8743359464672033,dark_blob,75.0,36.0,0.0,455.0,14.728929539295393,0.3369958552526702,True,True,OK,216.0,216.1888888888889,226.0,228
475,0,224.96585224992413,321.45716970604644,111.0,217.0,232.0,196.0,1.183673469387755,34053.0,0.7488784306826178,0.6913840977100763,46.827683451564134,0.8753125351738141,dark_blob,75.0,36.0,0.0,455.0,14.664634146341465,0.3332137733142038,True,True,OK,217.0,217.0,224.0,227
476,0,222.92809307688896,322.1420546102331,111.0,218.0,232.0,195.0,1.1897435897435897,33821.5,0.7476016799292662,0.7116064644012027,46.90836968295325,0.876562459020921,dark_blob,75.0,36.0,0.0,455.0,14.53794825738955,0.3257616621993853,True,True,OK,218.0,218.5981912144703,221.5,226
477,0,220.46239248792736,323.2706648998208,106.0,220.0,237.0,193.0,1.2279792746113989,33581.5,0.7341662840777421,0.7123919732157471,47.09420054839756,0.8723834818844632,dark_blob,75.0,36.0,0.0,455.0,14.372101002804454,0.3160059413414385,True,True,OK,220.0,220.69041811846688,218.5,227
478,0,217.69029053486767,324.4039133473095,106.0,222.0,237.0,191.0,1.2408376963350785,33151.5,0.7323546954735237,0.7137230147081459,47.2058832312976,0.8708411544929232,dark_blob,75.0,37.0,0.0,455.0,14.185954139470972,0.30505612585123365,True,True,OK,222.0,223.0387323943662,214.5,229
479,0,214.60711636744188,325.68922790867805,104.0,224.0,238.0,189.0,1.2592592592592593,32807.0,0.7293361789160109,0.7117530566695768,47.33441969943871,0.8687077221205125,dark_blob,75.0,37.0,0.0,455.0,14.017070982611742,0.29512182250657304,True,True,OK,224.0,225.16925837320574,210.5,229
480,0,210.92634539140056,326.33308233703167,102.0,225.0,238.0,188.0,1.2659574468085106,32537.0,0.7271812980511353,0.704361127201388,47.18495192892783,0.8668817709878491,dark_blob,75.0,37.0,0.0,455.0,13.890225646268439,0.28766033213343756,True,True,OK,225.62,226.7694610778443,206.0,228
481,0,207.03618794216527,326.6131582204072,102.0,226.0,237.0,187.0,1.267379679144385,32322.0,0.7293034590130644,0.6911780276749966,47.011758581621095,0.8661906461873021,dark_blob,75.0,37.0,0.0,455.0,13.907271445163433,0.2886630261860843,True,True,OK,226.0,226.55442176870747,201.0,229
482,0,202.8538664670534,327.25888382924745,100.0,227.0,233.0,186.0,1.2526881720430108,32062.0,0.739812635562324,0.7047658056064127,47.00243879850586,0.8695363555008263,dark_blob,75.0,37.0,0.0,455.0,13.803708967540803,0.28257111573769433,True,True,OK,228.0,227.8609022556391,196.0,229
483,0,198.7013726076398,328.1607529673396,95.0,229.0,233.0,184.0,1.266304347826087,31776.5,0.7411947191640231,0.7070406258548585,46.885812178788356,0.8698873620878305,dark_blob,75.0,37.0,0.0,455.0,13.728223704335614,0.27813080613738905,True,True,OK,229.0,228.81317788376612,191.5,228
484,0,194.61803422438553,328.1876932932176,91.0,229.0,232.0,184.0,1.2608695652173914,31741.5,0.7435696214392804,0.7100360723475916,46.6228133088029,0.8709879682085658,dark_blob,75.0,36.0,0.0,455.0,13.681764344621865,0.27539790262481556,True,True,OK,230.0,229.39928057553956,188.0,229
485,0,191.30457399478243,326.5764833200019,88.0,227.0,231.0,186.0,1.2419354838709677,31879.5,0.7419703951962017,0.7160141608512932,46.408352740257726,0.8724767882509064,dark_blob,75.0,36.0,0.0,455.0,13.80422988285001,0.2826017578147064,True,True,OK,228.0,227.85433070866142,185.0,226
486,0,188.22340370243327,324.8425322481732,85.0,225.0,233.0,187.0,1.2459893048128343,32069.0,0.7360170755777926,0.7153161617624723,45.9051117421904,0.8732899303719047,dark_blob,75.0,35.0,0.0,455.0,14.01845562050662,0.29520327179450706,True,True,OK,225.0,225.1517906336088,181.5,227
487,0,185.34325628756824,324.10061148257245,83.0,224.0,231.0,188.0,1.2287234042553192,32080.5,0.7387054434926775,0.7315517501735792,45.671336871991116,0.8767819601114029,dark_blob,75.0,35.0,0.0,455.0,14.106056910569107,0.30035628885700627,True,True,OK,224.0,224.04666666666665,178.0,225
488,0,183.06941695369605,323.6963151141104,81.0,223.0,230.0,190.0,1.2105263157894737,32081.5,0.7341304347826086,0.7322513650005036,45.366158498950746,0.8764704944655531,dark_blob,75.0,35.0,0.0,455.0,14.112285936689155,0.3007227021581856,True,True,OK,224.0,223.96808510638297,175.5,224
489,0,181.81930001813424,323.1138934224502,80.0,222.0,231.0,191.0,1.2094240837696335,32167.5,0.7290745903311349,0.7247511962103411,45.09583897574788,0.8752994922567416,dark_blob,75.0,35.0,0.0,455.0,14.168723973825106,0.3040425866955945,True,True,OK,223.0,223.2560975609756,173.5,223
490,0,181.0185753554894,322.3867394179894,79.0,221.0,229.0,192.0,1.1927083333333333,32256.0,0.7336244541484717,0.7278865594366856,44.73179864947821,0.8779684059626451,dark_blob,75.0,34.0,0.0,455.0,14.272652439024391,0.31015602582496415,True,True,OK,222.0,221.945,172.5,222
491,0,180.64396107613052,321.9144324633735,79.0,221.0,229.0,192.0,1.1927083333333333,32319.5,0.7350686863173217,0.7297940089858914,44.532992280357796,0.879478725660291,dark_blob,75.0,34.0,0.0,455.0,14.37323076914276,0.3160723981848682,True,True,OK,221.0,220.67616568158365,171.5,222
492,0,180.63268515797017,321.5509387456234,79.0,220.0,229.0,193.0,1.1865284974093264,32321.5,0.7313052922144037,0.7266080039516408,44.48912577344851,0.8785623243069755,dark_blob,75.0,34.0,0.0,455.0,14.40889344580936,0.3181702026946682,True,True,OK,220.0,220.22626729902038,171.5,222
493,0,180.66648085062454,321.03706513884583,79.0,219.0,227.0,193.0,1.1761658031088082,32290.0,0.7370295131359704,0.7325752970899161,44.320148407076935,0.8811269419959957,dark_blob,75.0,34.0,0.0,455.0,14.455672966415529,0.32092193920091344,True,True,OK,220.0,219.63612565445027,172.0,219
494,0,181.02961907269994,320.62602306115383,80.0,219.0,225.0,193.0,1.16580310880829,32276.5,0.7432700057570524,0.7343812577386788,44.14748466257669,0.8832248483343798,dark_blob,75.0,34.0,0.0,455.0,14.487561958384255,0.32279776225789736,True,True,OK,219.0,219.23383375576788,172.5,218
495,0,181.4402850670093,320.5597820197235,80.0,219.0,226.0,193.0,1.1709844559585492,32296.5,0.7404397267183273,0.7315706813140389,44.07066217044758,0.8824658506478276,dark_blob,75.0,34.0,0.0,455.0,14.496998671348582,0.3233528630205048,True,True,OK,219.0,219.1147859922179,173.0,217
496,0,181.8192005378012,320.5169562519392,81.0,219.0,224.0,193.0,1.160621761658031,32230.0,0.7455125832716506,0.7351599448760016,43.95020275251904,0.8842797861900425,dark_blob,75.0,34.0,0.0,455.0,14.504446138211383,0.32379094930655195,True,True,OK,219.0,219.02083333333331,173.5,216
497,0,182.22165518810365,320.6145581270294,81.0,219.0,225.0,193.0,1.16580310880829,32234.0,0.7422913068508924,0.7336126752158691,43.94351271654995,0.8833315484291736,dark_blob,75.0,34.0,0.0,455.0,14.49288617886179,0.32311095169775234,True,True,OK,219.0,219.16666666666666,174.0,216
498,0,182.78117885674075,320.86214247278446,82.0,219.0,226.0,193.0,1.1709844559585492,32212.0,0.7385024531156862,0.7291814493676312,44.00461041954818,0.8819088107023376,dark_blob,75.0,34.0,0.0,455.0,14.502281597504314,0.32366362338260674,True,True,OK,219.0,219.04813984686865,174.5,217
499,0,183.25264305177112,321.3450317892824,82.0,220.0,227.0,192.0,1.1822916666666667,32112.5,0.7367956130690162,0.7225726667277289,44.0720495745468,0.8802264107960127,dark_blob,75.0,34.0,0.0,455.0,14.436283284851198,0.3197813696971293,True,True,OK,220.0,219.88073394495413,175.0,216
500,0,183.93960523715927,321.97442777067147,82.0,221.0,227.0,192.0,1.1822916666666667,32053.0,0.7354304331864905,0.7334361379573869,44.1828319021437,0.8803144877739177,dark_blob,75.0,34.0,0.0,455.0,14.315897942498978,0.31269987897052814,True,True,OK,221.0,221.39944134078212,176.0,218
501,0,184.75393103879458,322.5487094522075,83.0,222.0,228.0,190.0,1.2,31989.0,0.7384349030470914,0.7289885908983399,44.43587521663778,0.8795715274353709,dark_blob,75.0,34.0,0.0,455.0,14.248864179818268,0.3087567164598981,True,True,OK,222.0,222.2450980392157,177.0,219
502,0,185.73886032562123,323.284688695216,84.0,223.0,228.0,190.0,1.2,31898.0,0.7363342566943675,0.7308462919442811,44.709155803848546,0.8784689342056002,dark_blob,75.0,35.0,0.0,455.0,14.189024390243903,0.3052367288378766,True,True,OK,223.0,223.0,178.0,221
503,0,187.1065550599912,324.0663515296187,85.0,224.0,229.0,189.0,1.2116402116402116,31838.0,0.7356114692359234,0.7364451528024797,45.03793886245608,0.8777586273396923,dark_blob,75.0,35.0,0.0,455.0,14.08582737393713,0.29916631611394884,True,True,OK,224.0,224.30187005187005,179.5,224
504,0,188.8962114426688,324.90059554675594,86.0,225.0,229.0,188.0,1.2180851063829787,31819.5,0.7390945832946204,0.72789574797188,45.40831311057184,0.8765657678758749,dark_blob,75.0,35.0,0.0,455.0,14.045526293028887,0.2967956642958169,True,True,OK,225.0,224.81028368794327,182.5,225
505,0,191.4221342884402,325.9740525830114,87.0,226.0,231.0,187.0,1.2352941176470589,31968.5,0.7400629673356947,0.7289977437356947,45.96550229158925,0.8748496483008746,dark_blob,75.0,35.0,0.0,455.0,13.872772045028144,0.2866336497075379,True,True,OK,227.0,226.9896449704142,184.5,226
506,0,193.68051118210863,326.77220760508675,89.0,227.0,234.0,186.0,1.2580645161290323,31926.0,0.7335263303005238,0.7121264754129866,46.26568071187177,0.8704309524767966,dark_blob,75.0,36.0,0.0,455.0,13.805377662715175,0.28266927427736327,True,True,OK,228.0,227.83985102420857,187.5,227
507,0,196.09199402242635,327.437773667325,91.0,228.0,234.0,185.0,1.2648648648648648,31897.0,0.7368214368214369,0.7114796128957971,46.584067775571,0.8699123878162,dark_blob,75.0,37.0,0.0,455.0,13.708939811172305,0.2769964594807238,True,True,OK,229.0,229.05645161290323,189.5,230
508,0,198.9180606022637,328.0835891492294,94.0,229.0,237.0,184.0,1.2880434782608696,31924.0,0.7320675105485233,0.6965115780106376,46.782583085317455,0.8667469608739017,dark_blob,75.0,37.0,0.0,455.0,13.716844512195122,0.2774614418938307,True,True,OK,229.0,228.95673076923077,192.5,232
509,0,201.3943562279784,327.88198770694436,97.0,229.0,237.0,184.0,1.2880434782608696,32023.5,0.7343492019812878,0.6960858047142767,46.83128322413154,0.8672584027007849,dark_blob,75.0,37.0,0.0,455.0,13.742852521108512,0.27899132477108896,True,True,OK,229.0,228.628629733708,195.5,230
510,0,203.61099426780484,326.81585323106106,99.0,227.0,234.0,186.0,1.2580645161290323,32332.0,0.7428545170480655,0.702605819064345,46.95619298353027,0.8707023997955528,dark_blob,75.0,37.0,0.0,455.0,13.917745255598932,0.2892791326822901,True,True,OK,227.0,226.42229062167502,197.5,230
511,0,205.63487163735954,326.0246742941974,101.0,225.0,233.0,188.0,1.2393617021276595,32557.5,0.7432540407268743,0.7003054905243689,47.02544691718351,0.871003881184279,dark_blob,75.0,38.0,0.0,455.0,14.02308943089431,0.2954758488761358,True,True,OK,226.0,225.09333333333333,200.0,228
512,0,207.8327238042774,325.9412964861542,102.0,225.0,234.0,188.0,1.2446808510638299,32675.5,0.7427600472813238,0.7004338407157681,47.018631282377534,0.8710757513229788,dark_blob,75.0,37.0,0.0,455.0,14.048950916527799,0.29699711273692936,True,True,OK,225.0,224.76708074534162,202.0,228
513,0,209.4845830217379,325.9079763340099,102.0,225.0,234.0,188.0,1.2446808510638299,32761.5,0.744714948172395,0.7096730516849443,47.0730365938416,0.8724375042880954,dark_blob,75.0,37.0,0.0,455.0,14.03635953026197,0.2962564429565865,True,True,OK,225.0,224.92592592592592,203.5,228
514,0,211.1435694182915,325.58422928182387,102.0,224.0,238.0,189.0,1.2592592592592593,32926.0,0.7319816815615134,0.7075193292863566,47.104846954116304,0.8694571503356219,dark_blob,75.0,37.0,0.0,455.0,14.058943089430896,0.2975848876135821,True,True,OK,224.0,224.64102564102564,205.0,228
515,0,212.37436689065115,325.21246746171073,103.0,223.0,238.0,190.0,1.2526315789473683,33038.0,0.7306059265811587,0.7010453401697183,47.07281553398058,0.8687528684934518,dark_blob,75.0,37.0,0.0,455.0,14.112413688340029,0.30073021696117813,True,True,OK,224.0,223.96647347017196,206.5,228
516,0,213.47521827677292,325.1846934043111,103.0,223.0,238.0,190.0,1.2526315789473683,33062.0,0.7311366651923927,0.7052154227465934,47.02428507261566,0.8694451437283881,dark_blob,75.0,37.0,0.0,455.0,14.109756097560975,0.30057388809182206,True,True,OK,224.0,224.0,208.0,229
517,0,214.30896408026453,325.2202895924869,103.0,223.0,239.0,190.0,1.2578947368421052,33115.5,0.729255670557146,0.708966715445485,47.02947859363789,0.8694726597389428,dark_blob,75.0,37.0,0.0,455.0,14.109756097560975,0.30057388809182206,True,True,OK,224.0,224.0,209.0,229
518,0,214.7011421319797,325.06172951414067,104.0,223.0,237.0,190.0,1.2473684210526317,33096.0,0.7349766822118587,0.712715652586916,46.995123848270914,0.8714167105312842,dark_blob,75.0,37.0,0.0,455.0,14.139324428958576,0.3023132017034456,True,True,OK,223.0,223.62698412698413,209.5,229
519,0,214.82672788786854,325.1011609875946,104.0,223.0,238.0,190.0,1.2526315789473683,33104.0,0.7320654577620522,0.7113442233676165,46.928221079076444,0.8706765826950442,dark_blob,75.0,37.0,0.0,455.0,14.128792971000577,0.3016937041765045,True,True,OK,223.0,223.75984251968504,210.0,229
520,0,214.78689152738912,325.2144949456754,104.0,223.0,238.0,190.0,1.2526315789473683,33057.5,0.7310371517027864,0.7107960109760003,46.88238993710692,0.8703743952729077,dark_blob,75.0,37.0,0.0,455.0,14.112369337979095,0.30072760811641736,True,True,OK,223.62,223.96703296703296,209.5,228
521,0,214.4278444643408,325.45365241715604,104.0,223.0,238.0,190.0,1.2526315789473683,32948.5,0.7286267138434321,0.7143673449392257,46.7997235493855,0.8703718748187551,dark_blob,75.0,37.0,0.0,455.0,14.102686222808174,0.3001580131063632,True,True,OK,224.0,224.0891891891892,209.0,229
522,0,213.51105052320534,325.6592336476119,104.0,224.0,238.0,189.0,1.2592592592592593,32826.5,0.7297696856520386,0.7043018380271965,46.66211285020658,0.8693340998400204,dark_blob,75.0,37.0,0.0,455.0,14.045085044451547,0.2967697084971498,True,True,OK,224.0,224.81585020845742,208.5,229
523,0,212.33402754382203,325.7699406858391,104.0,224.0,238.0,189.0,1.2592592592592593,32651.0,0.7258681250277889,0.6979545619437418,46.626424933300996,0.8675904308531603,dark_blob,75.0,37.0,0.0,455.0,14.012365048569317,0.29484500285701865,True,True,OK,225.0,225.22862554112555,206.5,230
524,0,211.01749206886123,326.05265046100544,104.0,225.0,237.0,188.0,1.2606382978723405,32519.5,0.7298568094083849,0.6998561734960147,46.5502724422392,0.8687191367655294,dark_blob,75.0,37.0,0.0,455.0,13.992332544594104,0.29366662027024143,True,True,OK,225.0,225.48134328358208,205.5,230
525,0,209.36180464301356,326.2318981731983,103.0,225.0,236.0,188.0,1.2553191489361701,32342.5,0.7289600613054453,0.6978184604186521,46.422879177377894,0.86816955690267,dark_blob,75.0,37.0,0.0,455.0,13.933330726084728,0.29019592506380754,True,True,OK,226.0,226.22567391708498,203.5,227
526,0,207.25484133273252,326.4756910455414,103.0,226.0,231.0,187.0,1.2352941176470589,32179.5,0.7449475658031808,0.7031711105691,46.3699978468826,0.8720999701424773,dark_blob,75.0,37.0,0.0,455.0,13.878844114528102,0.2869908302663589,True,True,OK,227.0,226.91304347826087,201.0,226
527,0,204.89076745347822,326.80342200574495,100.0,227.0,234.0,186.0,1.2580645161290323,32028.0,0.7358698649021229,0.6957394965691729,46.4464153275649,0.8689665209830593,dark_blob,75.0,37.0,0.0,455.0,13.860873983739836,0.2859337637494021,True,True,OK,227.0,227.1397435897436,198.5,228
528,0,202.2985416862536,327.28483082098046,99.0,228.0,232.0,185.0,1.2540540540540541,31909.0,0.743452935694315,0.7051280778263938,46.56654983095009,0.8710801111830596,dark_blob,75.0,36.0,0.0,455.0,13.783972125435541,0.2814101250256201,True,True,OK,228.0,228.1098901098901,196.0,228
529,0,199.32967736182576,327.60447843396435,96.0,228.0,233.0,185.0,1.2594594594594595,31774.5,0.7371418628929358,0.6964715589810779,46.819654259461146,0.8679666617381916,dark_blob,75.0,36.0,0.0,455.0,13.747466506355206,0.2792627356679533,True,True,OK,229.0,228.57042253521126,193.0,229
530,0,196.24854228550774,327.6216910011997,93.0,228.0,230.0,185.0,1.2432432432432432,31813.5,0.7476733254994125,0.7132224278795805,47.03655766777636,0.8717011844730405,dark_blob,75.0,36.0,0.0,455.0,13.716752246469834,0.27745601449822554,True,True,OK,229.0,228.9578947368421,190.0,228
531,0,193.8164781132154,327.07977581932204,89.0,227.0,234.0,186.0,1.2580645161290323,31998.0,0.7351805900192997,0.712810455157983,47.027007796064844,0.8693739970285285,dark_blob,75.0,35.0,0.0,455.0,13.792682926829269,0.281922525107604,True,True,OK,228.0,228.0,187.0,228
532,0,191.66041430325257,326.3565193968308,87.0,226.0,233.0,187.0,1.2459893048128343,32174.5,0.7384384108696151,0.7149726212044648,47.01682973355486,0.8705449699037102,dark_blob,75.0,35.0,0.0,455.0,13.822823531788542,0.2836955018699142,True,True,OK,227.0,227.6197646758984,184.5,229
533,0,189.92889515196563,325.9161556408985,85.0,225.0,235.0,188.0,1.25,32288.0,0.7308284291534631,0.7057290495382991,47.053252805199584,0.8682633601642005,dark_blob,75.0,35.0,0.0,455.0,13.919110836677987,0.2893594609810581,True,True,OK,226.0,226.40506329113924,183.0,230
534,0,188.43400835644525,325.4794006910336,84.0,225.0,234.0,188.0,1.2446808510638299,32270.5,0.7335538279687216,0.7033580600550124,46.94150306748467,0.8688582205640417,dark_blob,75.0,35.0,0.0,455.0,13.931281154204985,0.29007536201205797,True,True,OK,226.0,226.2515300546448,181.5,229
535,0,187.5140126926939,325.0751415763373,83.0,225.0,234.0,188.0,1.2446808510638299,32197.0,0.731883069649027,0.7181712732759329,46.840425531914896,0.8706451570452244,dark_blob,75.0,35.0,0.0,455.0,13.96300015230304,0.29194118542959063,True,True,OK,225.0,225.8513826940232,180.5,228
536,0,187.42100360203702,324.97663851281413,83.0,225.0,234.0,188.0,1.2446808510638299,32204.0,0.732042189488998,0.7176710625690127,46.806467478175335,0.8707361087536888,dark_blob,75.0,35.0,0.0,455.0,13.971904224822593,0.29246495440132897,True,True,OK,225.0,225.73905439454575,180.5,228
537,0,187.77192409733448,325.06797972888944,84.0,225.0,233.0,188.0,1.2393617021276595,32164.0,0.7342708428454022,0.719021502224282,46.70733433873996,0.8713504616624689,dark_blob,75.0,35.0,0.0,455.0,13.934029741779545,0.29023704363409086,True,True,OK,225.0,226.21685556524267,180.5,228
538,0,188.54346071954728,325.3026450729594,85.0,225.0,231.0,188.0,1.2287234042553192,32015.5,0.7372087132725431,0.7229295020782099,46.494650587507735,0.8726869114134063,dark_blob,75.0,35.0,0.0,455.0,13.904077331017731,0.2884751371186901,True,True,OK,226.0,226.59471674716093,181.5,226
539,0,190.1347343365853,325.67162550828124,87.0,226.0,230.0,187.0,1.2299465240641712,31929.5,0.7423738665426645,0.7101762777619378,46.43988715277778,0.8723627922445383,dark_blob,75.0,35.0,0.0,455.0,13.89893860102281,0.2881728588836947,True,True,OK,226.0,226.6595438024815,183.5,225
540,0,192.0486562261348,325.9600738578706,89.0,226.0,229.0,187.0,1.2245989304812834,31863.0,0.744062770006772,0.7215564292001114,46.37302721511122,0.8740285548874047,dark_blob,75.0,35.0,0.0,455.0,13.86562662169175,0.28621333068774996,True,True,OK,227.0,227.07978723404256,185.0,223
541,0,194.012838637387,326.1319520802572,92.0,226.0,227.0,187.0,1.213903743315508,31831.0,0.7498645433343541,0.727009174298593,46.258070535547674,0.8761906882524386,dark_blob,75.0,35.0,0.0,455.0,13.868805652342239,0.28640033249071994,True,True,OK,227.0,227.03968253968253,187.0,222
542,0,195.86270133190814,326.18666624749807,94.0,226.0,226.0,187.0,1.2085561497326203,31809.0,0.7526619658321897,0.7313996633812471,46.10643595169924,0.8775978868869191,dark_blob,75.0,35.0,0.0,455.0,13.865738299274886,0.28621989995734626,True,True,OK,227.0,227.07837837837837,189.0,222
543,0,197.6044965449419,326.26847449115706,95.0,226.0,229.0,187.0,1.2245989304812834,31861.5,0.7440277421012073,0.712720393474687,45.90676939327099,0.873879115481596,dark_blob,75.0,35.0,0.0,455.0,13.873164509706323,0.2866567358650778,True,True,OK,227.0,226.98469387755102,191.0,223
544,0,199.31701927597555,326.33259677166586,95.0,226.0,229.0,187.0,1.2245989304812834,31905.0,0.7450435513625855,0.7072355114428164,45.95619532171,0.87345402861618,dark_blob,75.0,36.0,0.0,455.0,13.890638822191331,0.28768463659949006,True,True,OK,227.0,226.7642487046632,193.0,224
545,0,200.60375426442852,326.50132438913533,97.0,227.0,227.0,186.0,1.2204301075268817,31901.5,0.7555658187674672,0.719031735662231,45.910729800173755,0.877232376328947,dark_blob,75.0,36.0,0.0,455.0,13.885162601626016,0.28736250597800095,True,True,OK,227.0,226.83333333333334,194.0,224
546,0,201.8003615068357,326.7244085027243,98.0,227.0,231.0,186.0,1.2419354838709677,31903.5,0.7425289763999442,0.7039125070026555,45.97992802630763,0.8721157202805062,dark_blob,75.0,36.0,0.0,455.0,13.832317073170731,0.28425394548063126,True,True,OK,228.0,227.5,196.0,225
547,0,202.46745871276832,327.0558350705057,99.0,228.0,231.0,185.0,1.2486486486486486,31900.5,0.7464724464724465,0.7091519219456927,46.099255352156376,0.8731772443339918,dark_blob,75.0,36.0,0.0,455.0,13.796768921297462,0.2821628777233801,True,True,OK,228.0,227.9484536082474,196.5,225
548,0,202.81940989010414,327.4165506162408,98.0,228.0,232.0,185.0,1.2540540540540541,31954.5,0.7445130475302889,0.7025895829963095,46.2774439350762,0.871497068097097,dark_blob,75.0,37.0,0.0,455.0,13.774927320093633,0.28087807765256667,True,True,OK,228.0,228.22399380804956,197.5,227
549,0,202.77364026531407,327.32381844193,99.0,228.0,232.0,185.0,1.2540540540540541,32037.5,0.7464468779123952,0.7028732414032353,46.45191089690116,0.8716703746145743,dark_blob,75.0,37.0,0.0,455.0,13.782049250776321,0.28129701475154834,True,True,OK,228.0,228.13414791328333,197.5,227
550,0,202.52351703261385,327.16263917397526,98.0,228.0,232.0,185.0,1.2540540540540541,32154.0,0.7491612301957129,0.7089835215117102,46.60657554488363,0.8730051385135779,dark_blob,75.0,37.0,0.0,455.0,13.832317073170731,0.28425394548063126,True,True,OK,228.0,227.5,197.0,228
551,0,202.2575309062918,327.06934994756386,98.0,227.0,235.0,186.0,1.2634408602150538,32261.5,0.7380805307709907,0.7012591388783718,46.61925507762165,0.8695332738052755,dark_blob,75.0,37.0,0.0,455.0,13.817218350754935,0.2833657853385256,True,True,OK,228.0,227.6904761904762,197.0,230
552,0,201.81009006219193,327.0518438233852,97.0,227.0,236.0,186.0,1.2688172043010753,32292.5,0.7356592855841079,0.7034650647181833,46.764812260536395,0.8690823883563971,dark_blob,75.0,37.0,0.0,455.0,13.832317073170731,0.28425394548063126,True,True,OK,228.0,227.5,196.5,231
553,0,201.2373792009231,327.035152788939,96.0,227.0,237.0,186.0,1.2741935483870968,32354.0,0.7339503652284379,0.7021874029585944,46.91060666319944,0.8683653332387311,dark_blob,75.0,37.0,0.0,455.0,13.846725874867444,0.28510152205102607,True,True,OK,228.0,227.31822742474918,195.5,230
554,0,200.62223284453557,327.0328640669411,95.0,227.0,238.0,186.0,1.2795698924731183,32426.5,0.7325042920393964,0.7042099265289435,47.029822954822954,0.868145648308083,dark_blob,75.0,37.0,0.0,455.0,13.860083367782831,0.28588725692840183,True,True,OK,228.0,227.1497175141243,195.0,231
555,0,199.99609156034168,327.07951103362797,94.0,227.0,239.0,186.0,1.2849462365591398,32408.5,0.7290345075808701,0.6925892447314606,47.04889594722536,0.8659264588357781,dark_blob,75.0,37.0,0.0,455.0,13.855444783013427,0.28561439900078983,True,True,OK,228.0,227.2082350450614,194.5,233
556,0,199.2605781466541,327.22183582943074,93.0,227.0,240.0,186.0,1.2903225806451613,32350.5,0.7246975806451613,0.6898583916080361,47.043628575799296,0.8644459240220088,dark_blob,75.0,37.0,0.0,455.0,13.81962571354437,0.2835073949143747,True,True,OK,228.0,227.6601063829787,193.5,232
557,0,198.50920590665012,327.39641160677405,93.0,228.0,240.0,185.0,1.2972972972972974,32280.0,0.727027027027027,0.6814145922674748,46.98724513260769,0.8639070660853295,dark_blob,75.0,37.0,0.0,455.0,13.795373027259684,0.28208076630939316,True,True,OK,228.0,227.9660633484163,193.0,233
558,0,197.84426854112562,327.3931646527637,92.0,228.0,240.0,185.0,1.2972972972972974,32151.5,0.7241328828828829,0.6820562075530067,46.83325637947487,0.8632164956058351,dark_blob,75.0,36.0,0.0,455.0,13.723804167653329,0.2778708333913723,True,True,OK,229.0,228.86893203883494,192.0,234
559,0,197.6093622378641,327.50677612514886,92.0,228.0,237.0,185.0,1.281081081081081,32036.5,0.7306762458661192,0.6882246939983354,46.66073524868706,0.8654663900841497,dark_blob,75.0,36.0,0.0,455.0,13.681278839815425,0.2753693435185544,True,True,OK,229.0,229.40540540540542,191.5,233
560,0,197.4234018211168,327.58128418512075,92.0,228.0,236.0,185.0,1.2756756756756757,31903.5,0.7307260650480989,0.694730977963037,46.554724824719244,0.8666364502143098,dark_blob,75.0,36.0,0.0,455.0,13.71181094036374,0.2771653494331612,True,True,OK,229.0,229.02023121387282,191.0,231
561,0,197.62246398425927,327.51583227366206,93.0,228.0,235.0,185.0,1.2702702702702702,31849.5,0.7325934445083381,0.7018181983820426,46.408123310233385,0.8681875455625578,dark_blob,75.0,36.0,0.0,455.0,13.714503484320558,0.2773237343717975,True,True,OK,229.0,228.98626373626374,191.5,230
562,0,197.93417349362292,327.2280726534626,94.0,228.0,234.0,185.0,1.2648648648648648,31859.0,0.735943635943636,0.7055725616120978,46.22218770387399,0.8698280588954432,dark_blob,75.0,36.0,0.0,455.0,13.732515427563914,0.2783832604449361,True,True,OK,228.62,228.75903614457832,192.0,228
563,0,198.2442771635432,327.00694738492905,94.0,227.0,234.0,186.0,1.2580645161290323,31882.5,0.7325268817204301,0.6994726870327618,46.08832112256302,0.8689653968318862,dark_blob,75.0,36.0,0.0,455.0,13.795133612738619,0.2820666831022717,True,True,OK,228.0,227.96908365468204,192.5,228
564,0,198.43401885175663,326.89421489330573,95.0,227.0,233.0,186.0,1.2526881720430108,31898.0,0.7360284277077853,0.7017977214974982,45.9692503413181,0.8701927428493659,dark_blob,75.0,36.0,0.0,455.0,13.787730473286876,0.2816312043109927,True,True,OK,228.0,228.0624771062271,192.5,228
565,0,198.5842663107482,326.7506895920023,95.0,227.0,232.0,186.0,1.2473118279569892,31842.5,0.7379148127549129,0.7010267159680593,45.918347682839645,0.870759010230304,dark_blob,75.0,36.0,0.0,455.0,13.813104849625079,0.2831238146838282,True,True,OK,228.0,227.74236958934517,192.5,228
566,0,198.5441962371495,326.79286543469397,95.0,227.0,232.0,186.0,1.2473118279569892,31873.0,0.7386216166110493,0.704973983402003,45.894695981616046,0.8713910378191221,dark_blob,75.0,36.0,0.0,455.0,13.806110453089858,0.282712379593521,True,True,OK,228.0,227.8306065917895,192.5,227
567,0,198.65780233695963,326.9099595506088,95.0,227.0,232.0,186.0,1.2473118279569892,31850.5,0.738100203930293,0.699667611129961,45.95254964109257,0.8705250092093625,dark_blob,75.0,36.0,0.0,455.0,13.805034032898469,0.2826490607587335,True,True,OK,228.0,227.84418604651162,193.0,228
568,0,198.5589455162446,327.0974046377176,94.0,228.0,233.0,185.0,1.2594594594594595,31826.0,0.7383366198816843,0.7054843256091964,46.0677033120821,0.8709168381840153,dark_blob,75.0,36.0,0.0,455.0,13.780866864484155,0.281227462616715,True,True,OK,228.0,228.14906417112297,192.5,228
569,0,198.3068573731284,327.38356386625424,94.0,228.0,234.0,185.0,1.2648648648648648,31846.5,0.7356548856548857,0.7085981569445245,46.24749028749029,0.8700964198832422,dark_blob,75.0,36.0,0.0,455.0,13.735255164889313,0.27854442146407726,True,True,OK,229.0,228.7244733044733,192.5,229
570,0,198.1795950620385,327.57921618495897,93.0,228.0,235.0,185.0,1.2702702702702702,31848.5,0.7325704427832087,0.6935332940740333,46.27751017744492,0.8675135358224777,dark_blob,75.0,36.0,0.0,455.0,13.728159297373706,0.27812701749257096,True,True,OK,229.0,228.8139904023625,192.5,229
571,0,198.20163840033499,327.7507485343383,93.0,229.0,235.0,184.0,1.2771739130434783,31840.0,0.7363552266419982,0.6974601847425922,46.356760957413734,0.868578628809163,dark_blob,75.0,37.0,0.0,455.0,13.713140665392828,0.2772435685525193,True,True,OK,229.0,229.00345622119818,192.5,229
572,0,198.25045095917054,327.8463078861648,93.0,229.0,235.0,184.0,1.2771739130434783,31876.5,0.7371993524514339,0.7024131543147292,46.413711730733404,0.8691946437131428,dark_blob,75.0,37.0,0.0,455.0,13.703475374197396,0.27667502201161154,True,True,OK,229.0,229.12538758704824,192.5,229
573,0,198.6339499024548,327.81382429344933,93.0,229.0,235.0,184.0,1.2771739130434783,31951.0,0.7389222941720629,0.7029637932591043,46.49183730367709,0.8695686810511489,dark_blob,75.0,36.0,0.0,455.0,13.716436071311387,0.27743741595949334,True,True,OK,229.0,228.96188340807174,193.0,229
574,0,198.87162179757607,327.6806508231642,94.0,228.0,234.0,185.0,1.2648648648648648,32000.5,0.7392122892122892,0.7036009898491434,46.62019795855243,0.8696562443714289,dark_blob,75.0,36.080000000001746,0.0,455.0,13.748416217928414,0.2793186010546126,True,True,OK,229.0,228.55844155844156,193.0,230
575,0,199.19201624873057,327.6003176835143,94.0,228.0,235.0,185.0,1.2702702702702702,32002.5,0.736112708453134,0.6990413264505324,46.61796362736608,0.8684601287261663,dark_blob,75.0,37.0,0.0,455.0,13.753048780487806,0.2795911047345768,True,True,OK,229.0,228.5,194.0,230
576,0,199.20648797165026,327.6432448184169,94.0,228.0,235.0,185.0,1.2702702702702702,32028.5,0.7367107533064979,0.6959342728620002,46.65712784696684,0.8680161553314862,dark_blob,75.0,37.0,0.0,455.0,13.731123508043591,0.2783013828260936,True,True,OK,229.0,228.77659574468086,194.0,230
577,0,199.3730101716796,327.6349074970588,94.0,228.0,236.0,185.0,1.2756756756756757,32017.0,0.7333256985799359,0.6961285372429146,46.58402374180784,0.8673120793701433,dark_blob,75.0,37.0,0.0,455.0,13.710486002643277,0.27708741192019276,True,True,OK,229.0,229.0369458128079,194.0,229
578,0,199.43092853416795,327.5834689619196,94.0,228.0,235.0,185.0,1.2702702702702702,31950.0,0.7349051178838413,0.700504336861154,46.567365779609034,0.8682384412407026,dark_blob,75.0,37.0,0.0,455.0,13.714452177244286,0.2773207163084874,True,True,OK,229.0,228.9869109947644,194.0,229
579,0,199.39013466958974,327.5915648815116,94.0,228.0,236.0,185.0,1.2756756756756757,31930.0,0.7313330279431974,0.6994316490527986,46.483973961562306,0.8673253147197132,dark_blob,75.0,37.0,0.0,455.0,13.687822299651568,0.27575425292068045,True,True,OK,229.0,229.32285714285715,194.0,230
580,0,199.14110140928972,327.52606167014153,94.0,228.0,237.0,185.0,1.281081081081081,31895.5,0.7274603717641692,0.6939297079064809,46.394358767493095,0.8661430419207166,dark_blob,75.0,36.0,0.0,455.0,13.715026874095386,0.27735452200561095,True,True,OK,229.0,228.9796609729505,193.5,230
581,0,198.95371879243703,327.2664943069048,94.0,228.0,236.0,185.0,1.2756756756756757,31910.0,0.7308749427393495,0.6983606178679429,46.271951862535275,0.8677803197904033,dark_blob,75.0,36.0,0.0,455.0,13.736534552845528,0.27861967957914874,True,True,OK,228.74,228.70833333333334,193.0,230
582,0,198.6375773125984,327.02273746571126,94.0,228.0,236.0,185.0,1.2756756756756757,31959.0,0.7319972514887769,0.6972752000587981,46.15013471245858,0.8685211499521285,dark_blob,75.0,36.0,0.0,455.0,13.803907709335896,0.2825828064315233,True,True,OK,228.0,227.85839505145486,192.5,231
583,0,198.2903084595782,326.8203909551876,94.0,227.0,236.0,186.0,1.2688172043010753,31981.5,0.7285743575724439,0.6936604826829683,46.074642569784,0.8675229393903188,dark_blob,75.0,36.0,0.0,455.0,13.811621410549082,0.2830365535617107,True,True,OK,228.0,227.76108374384236,192.0,230
584,0,197.89582260237978,326.7151419607598,93.0,227.0,237.0,186.0,1.2741935483870968,32033.5,0.7266798239644299,0.6941623159217686,46.008465412302655,0.8673595698736439,dark_blob,75.0,36.0,0.0,455.0,13.823215674970323,0.2837185691159013,True,True,OK,227.74,227.61481763883594,191.5,230
585,0,197.12450005981077,326.58292115897706,93.0,227.0,232.0,186.0,1.2473118279569892,32045.5,0.7426191138301816,0.7168363489718642,45.949927408643006,0.873939466532743,dark_blob,75.0,36.0,0.0,455.0,13.865781197918931,0.28622242340699594,True,True,OK,227.0,227.07783719548425,190.5,229
586,0,196.3894010055163,326.3698833829852,92.0,226.0,232.0,187.0,1.2406417112299466,32056.5,0.738901438318274,0.7048322761213974,45.86074229605385,0.8718864190090879,dark_blob,75.0,35.0,0.0,455.0,13.871951219512196,0.28658536585365857,True,True,OK,227.0,227.0,190.0,228
587,0,195.68535849800935,326.1345490031196,91.0,226.0,233.0,187.0,1.2459893048128343,32108.5,0.7369236418718873,0.7066169253166661,45.8146252736073,0.871837487248824,dark_blob,75.0,35.0,0.0,455.0,13.886331750485647,0.2874312794403322,True,True,OK,226.62,226.81858407079645,189.0,228
588,0,194.9864243553899,325.8489748369059,91.0,225.0,233.0,188.0,1.2393617021276595,32190.0,0.7348643959455757,0.7132837555114833,45.71756312082911,0.8726648335600793,dark_blob,75.0,35.0,0.0,455.0,13.936883757135444,0.2904049268903202,True,True,OK,226.0,226.18085106382978,188.0,229
589,0,193.79131619998236,325.3994724213166,90.0,225.0,231.0,188.0,1.2287234042553192,32159.5,0.7405245463756102,0.7223029653500974,45.67341850084655,0.8752407250683144,dark_blob,75.0,35.0,0.0,455.0,13.965502087453308,0.29208835808548866,True,True,OK,225.0,225.81981981981983,187.0,225
590,0,192.81332795790624,325.03876509900607,89.0,224.0,231.0,189.0,1.2222222222222223,32245.5,0.7385762385762386,0.7203770790615179,45.551792951000856,0.8750504435501355,dark_blob,75.0,35.0,0.0,455.0,14.00637931034483,0.2944929006085194,True,True,OK,225.0,225.30413793103446,186.5,225
591,0,191.57273844945863,324.50834779733856,88.0,223.0,230.0,190.0,1.2105263157894737,32264.0,0.7383066361556064,0.7149234878300897,45.38989291522199,0.8751676068856749,dark_blob,75.0,35.0,0.0,455.0,14.096005475360878,0.29976502796240456,True,True,OK,224.0,224.1734693877551,185.0,225
592,0,190.2957030020688,323.7347407304226,87.0,222.0,230.0,191.0,1.2041884816753927,32305.5,0.7353858411108581,0.707844880413148,45.2669914812772,0.874432496059481,dark_blob,75.0,35.0,0.0,455.0,14.185260916545241,0.305015348032073,True,True,OK,223.0,223.0474776681985,183.5,225
593,0,188.78634949095255,322.7424415728948,86.0,221.0,230.0,192.0,1.1979166666666667,32348.0,0.732518115942029,0.7221995973460132,45.066842137479334,0.8764059492750264,dark_blob,75.0,34.0,0.0,455.0,14.271129244380681,0.3100664261400401,True,True,OK,222.0,221.96421568627449,182.5,226
594,0,187.41269963302375,321.72796092420606,85.0,220.0,230.0,193.0,1.1917098445595855,32518.0,0.7325523766614103,0.7230723239981007,44.916580405528826,0.877764056643582,dark_blob,75.0,34.0,0.0,455.0,14.435029436501262,0.31970761391183894,True,True,OK,220.0,219.89655172413794,181.0,223
595,0,185.93884820595923,320.4037445281884,84.0,218.0,228.0,195.0,1.1692307692307693,32705.5,0.7356162843004949,0.7274360779950534,44.76752845725357,0.8801426259618089,dark_blob,75.0,34.0,0.0,455.0,14.588519264993215,0.32873642735254205,True,True,OK,218.0,217.96021850316254,179.5,221
596,0,184.45941809365056,318.7781734606253,83.0,215.0,227.0,198.0,1.1464646464646464,32995.0,0.7341031459974191,0.7234159844731413,44.747359260592965,0.8804904215769425,dark_blob,75.0,34.0,0.0,455.0,14.779691388750622,0.33998184639709544,True,True,OK,215.0,215.5485086342229,177.5,220
597,0,183.044479424331,316.7875321690028,82.0,212.0,225.0,200.0,1.125,33352.5,0.7411666666666666,0.724702931542432,45.08116854199447,0.8831259397464253,dark_blob,75.0,34.0,0.0,455.0,15.044287548138639,0.3555463263610964,True,True,OK,212.0,212.21052631578948,176.0,218
598,0,181.40459343865112,314.1481470493708,80.0,208.0,226.0,204.0,1.107843137254902,33707.5,0.7311187749436058,0.709576968823633,45.738705128958344,0.8795584066110427,dark_blob,75.0,35.0,0.0,455.0,15.330924252322882,0.37240730896016955,True,True,OK,208.0,208.59449404761904,174.5,217
599,0,179.44197581692617,310.5311944007411,79.0,203.0,221.0,209.0,1.0574162679425838,34004.5,0.7362034250579143,0.7091008428315233,46.77813046010483,0.8808569111047077,dark_blob,75.0,36.0,0.0,455.0,15.702955550424697,0.39429150296615867,True,True,OK,203.0,203.90117613310383,172.5,214
600,0,177.08818569146104,304.46404619602737,77.0,196.0,212.0,214.0,0.9906542056074766,33798.0,0.744974431317228,0.654926373460013,47.939019389608106,0.8768685922648458,dark_blob,75.0,37.0,0.0,455.0,16.172825586746434,0.4219309168674373,True,True,OK,196.24,197.97358490566037,171.5,205
601,0,174.248266156869,290.52533057192926,76.0,188.0,194.0,215.0,0.9023255813953488,31385.0,0.7524574442579717,0.6250831461519156,48.33080123557965,0.8779022802806737,dark_blob,75.0,39.0,0.0,455.0,16.802990708478514,0.4589994534399126,True,True,OK,188.0,190.02380952380952,170.0,194
602,0,168.6017126109882,267.524905354078,74.0,177.0,194.0,189.0,1.0264550264550265,26898.5,0.7336087928871434,0.7815254761967689,46.79737287511958,0.9004620265539988,dark_blob,75.0,42.0,0.0,455.0,17.661320254506894,0.5094894267356996,True,True,OK,177.0,179.19565217391303,167.0,194
603,0,166.59095721942717,248.86120811548452,72.0,162.0,193.0,179.0,1.0782122905027933,25342.5,0.7335658667901699,0.8096376464869165,47.80947360199937,0.9086182369610661,dark_blob,75.0,46.0,0.0,455.0,18.798596732783967,0.5763880431049392,True,True,OK,163.0,164.84847198641765,164.5,193
604,0,163.64441523555055,221.71689399326277,70.0,142.0,192.0,166.0,1.1566265060240963,23204.5,0.7280528363453815,0.8637543332914909,48.40069939016589,0.9223075867107261,dark_blob,75.0,51.0,0.0,455.0,20.4159891598916,0.6715287741112705,True,True,OK,142.0,144.44444444444446,161.0,192
605,0,163.59493758309304,203.1570465781492,69.0,105.0,193.0,197.0,0.9796954314720813,28958.5,0.761644880460798,0.8683229855882237,44.290932722235524,0.955069834118823,dark_blob,75.0,38.0,0.0,455.0,23.32882581880243,0.8428721069883781,True,True,OK,106.0,107.69788967049242,155.5,193
606,0,165.8585149506957,201.87123385939742,71.0,104.0,193.0,197.0,0.9796954314720813,29274.0,0.7699429262775834,0.8708128201495314,44.129085741354814,0.9581905961519005,dark_blob,75.0,37.0,0.0,455.0,23.447315231300166,0.8498420724294216,True,True,OK,105.0,106.20310015898251,157.5,193
607,0,168.51506665991914,200.81623117018944,73.0,103.0,194.0,198.0,0.9797979797979798,29640.5,0.7716468811829637,0.865018753818897,44.08749122748387,0.9585176489131821,dark_blob,75.0,36.0,0.0,455.0,23.544268292682926,0.8555451936872309,True,True,OK,103.0,104.98,160.0,193
608,0,170.79699472584338,200.73231167280326,74.0,102.0,195.0,200.0,0.975,30147.0,0.773,0.864562708050639,43.612985903460064,0.9598734633411351,dark_blob,75.0,35.0,0.0,455.0,23.58231707317073,0.8577833572453372,True,True,OK,103.0,104.5,163.0,195
609,0,170.37343541135007,202.0523205072968,74.0,103.0,195.0,200.0,0.975,30173.0,0.7736666666666666,0.8683794505451145,43.57223061264692,0.9602218198941466,dark_blob,75.0,35.0,0.0,455.0,23.525807342568203,0.8544592554451884,True,True,OK,104.0,105.21289198606271,162.5,195
610,0,169.802633131606,203.12316043222467,74.0,105.0,194.0,198.0,0.9797979797979798,29660.5,0.772167551806727,0.8646978387266163,43.631512156024584,0.9582617004427817,dark_blob,75.0,36.0,0.0,455.0,23.34253048780488,0.8436782639885223,True,True,OK,106.0,107.525,161.5,193
611,0,169.91211402766015,203.00119108100478,74.0,105.0,194.0,198.0,0.9797979797979798,29525.0,0.76864000833073,0.8644677631560514,43.62302066559313,0.9573541071876179,dark_blob,75.0,36.0,0.0,455.0,23.32186411149826,0.8424625947940153,True,True,OK,106.0,107.78571428571429,161.5,193
612,0,170.29018285727193,202.17549328544482,75.0,104.0,193.0,198.0,0.9747474747474747,29513.0,0.7723085780080599,0.861935150404324,43.46932474157605,0.9586207673973626,dark_blob,75.0,36.0,0.0,455.0,23.402970788428814,0.8472335757899302,True,True,OK,105.0,106.76252236135957,161.5,193
613,0,170.57819718531772,201.68905695201758,75.0,104.0,194.0,198.0,0.9797979797979798,29618.5,0.7710741434968239,0.8656566094882799,43.409103070028756,0.9592648367259252,dark_blob,75.0,36.0,0.0,455.0,23.463414634146343,0.8507890961262554,True,True,OK,104.0,106.0,162.0,193
614,0,170.6430766983035,202.0004945014807,75.0,104.0,194.0,198.0,0.9797979797979798,29659.5,0.7721415182755389,0.8646686855485268,43.35848111411682,0.9593883124701597,dark_blob,75.0,36.0,0.0,455.0,23.448592107872297,0.8499171828160175,True,True,OK,105.0,106.1869918699187,162.5,193
615,0,170.51175134381396,202.15689449654766,75.0,104.0,194.0,198.0,0.9797979797979798,29642.0,0.771685931479746,0.8626185099997451,43.367406268796366,0.958851242087467,dark_blob,75.0,36.0,0.0,455.0,23.418959782858018,0.848174104874001,True,True,OK,105.0,106.56081504702195,161.5,193
616,0,170.3618085358024,201.89416979240585,74.0,104.0,194.0,198.0,0.9797979797979798,29593.0,0.7704102884515256,0.8642715714218495,43.35141919935734,0.9589062798598291,dark_blob,75.0,36.0,0.0,455.0,23.437101136988815,0.8492412433522832,True,True,OK,105.0,106.33195488721805,162.5,193
617,0,170.30620548192226,201.36637250924173,74.0,104.0,194.0,197.0,0.9847715736040609,29576.0,0.7738761839970695,0.863775080880616,43.31755919488261,0.9599804749937421,dark_blob,75.0,36.0,0.0,455.0,23.489712762693664,0.8523360448643331,True,True,OK,104.0,105.6682389937107,161.5,193
618,0,170.39876470090533,201.3896607157966,75.0,104.0,193.0,197.0,0.9796954314720813,29547.5,0.7771363194024355,0.8666757359390883,43.29128394233992,0.9611121263324329,dark_blob,75.0,36.0,0.0,455.0,23.492886178861788,0.8525227164036346,True,True,OK,104.0,105.62820512820512,162.0,193
619,0,170.52478545618789,201.9133807588076,75.0,104.0,193.0,198.0,0.9747474747474747,29520.0,0.7724917569477155,0.865227517020426,43.30682504529897,0.9596863139424382,dark_blob,75.0,36.0,0.0,455.0,23.458316942040387,0.8504892318847287,True,True,OK,105.0,106.06430934656741,162.5,193
620,0,170.65655640373197,202.45565168221657,75.0,105.0,194.0,197.0,0.9847715736040609,29475.0,0.7712334502067089,0.8630038045147349,43.330096108609446,0.9587896091429458,dark_blob,75.0,36.0,0.0,455.0,23.405614837398375,0.8473891080822573,True,True,OK,105.0,106.72916666666667,162.0,193
621,0,170.67784140145787,202.86842925027892,75.0,105.0,193.0,198.0,0.9747474747474747,29426.5,0.7700450096823154,0.8653156242546443,43.26106567033559,0.9587121546094686,dark_blob,75.0,36.0,0.0,455.0,23.36763211382114,0.845154830224773,True,True,OK,106.0,107.20833333333333,162.0,193
622,0,170.54502949827432,202.7295169763844,75.0,105.0,193.0,198.0,0.9747474747474747,29408.5,0.7695739781232009,0.8625986503679596,43.19130376208279,0.9583076074712906,dark_blob,75.0,36.0,0.0,455.0,23.34962627852085,0.844095663442403,True,True,OK,106.0,107.43548387096774,162.0,193
623,0,170.39643386638596,202.69900066773047,75.0,105.0,193.0,198.0,0.9747474747474747,29453.0,0.7707384728110117,0.8654522914506823,43.239280309399696,0.9590307983867914,dark_blob,75.0,36.0,0.0,455.0,23.38619144705379,0.8462465557090465,True,True,OK,105.0,106.97420020639835,161.5,193
624,0,170.20572025523745,203.43359873510641,75.0,104.0,193.0,200.0,0.965,29515.0,0.7646373056994819,0.8576554436314345,43.30958453587489,0.9570245276714955,dark_blob,75.0,36.0,0.0,455.0,23.454268292682926,0.8502510760401721,True,True,OK,105.0,106.11538461538461,161.0,193
625,0,169.93007767896816,205.10171388715455,75.0,104.0,193.0,202.0,0.9554455445544554,29630.5,0.7600292412660955,0.8521403702281912,43.71198395453786,0.9544557311869777,dark_blob,75.0,36.0,0.0,455.0,23.430304680076024,0.8488414517691778,True,True,OK,105.0,106.4176948051948,159.5,193
626,0,169.70154136733112,208.58605686532428,75.0,105.0,193.0,205.0,0.9414634146341463,29649.0,0.7493744471123468,0.8435710942924243,44.44111849797882,0.9498820593327177,dark_blob,75.0,37.0,0.0,455.0,23.45761106271777,0.8504477095716335,True,True,OK,106.0,106.07321428571429,161.5,192
627,0,169.4492227275813,214.59062521213767,75.0,109.0,192.0,206.0,0.9320388349514563,29462.0,0.7448927993527508,0.824160550135808,45.146362780691135,0.9434362583796388,dark_blob,75.0,38.0,0.0,455.0,23.149838593974177,0.8323434467043633,True,True,OK,109.0,109.95588235294117,158.0,192
628,0,169.80072559328093,225.47617205586715,75.0,133.0,192.0,191.0,1.0052356020942408,28436.5,0.7754281195462478,0.8851831060471065,45.07025671392246,0.9460034853561219,dark_blob,75.0,38.0,0.0,455.0,21.177659452650865,0.7163329089794627,True,True,OK,133.0,134.8356807511737,165.5,192
629,0,169.75993210629608,234.65822710208218,75.0,142.0,192.0,191.0,1.0052356020942408,28279.5,0.7711469240837696,0.8825959928273587,45.690914822079016,0.9392075474655083,dark_blob,75.0,39.0,0.0,455.0,20.432723577235773,0.6725131516021043,True,True,OK,142.0,144.23333333333332,166.0,192
630,0,169.93029719905923,245.48560330696316,75.0,153.0,192.0,191.0,1.0052356020942408,28062.0,0.7652159685863874,0.8783777809014237,46.37652207673032,0.9307900816291418,dark_blob,75.0,40.0,0.0,455.0,19.527669121030833,0.6192746541782843,True,True,OK,154.0,155.6509433962264,167.0,192
631,0,169.9369716425896,258.55277331906547,76.0,166.0,191.0,193.0,0.9896373056994818,28035.0,0.7605186772644658,0.8830988565359296,46.8217276099629,0.9233945386131754,dark_blob,75.0,40.0,0.0,455.0,18.491315293054893,0.5583126642973466,True,True,OK,167.0,168.72494553376907,167.5,191
632,0,173.82544459933257,284.90327060364126,76.0,181.0,191.0,220.0,0.8681818181818182,31564.0,0.7511661113755355,0.5797382005081969,49.29106231007801,0.8735424477395687,dark_blob,75.0,40.0,0.0,455.0,17.341128048780487,0.4906545911047345,True,True,OK,181.0,183.235,168.5,191
633,0,175.76201975632537,305.9988819986882,77.0,198.0,208.0,212.0,0.9811320754716981,33542.0,0.7606585631349783,0.6596632355340207,47.972733711048164,0.8795847105522832,dark_blob,75.0,38.0,0.0,455.0,15.963394254597626,0.4096114267410368,True,True,OK,198.0,200.61564171122996,168.5,205
634,0,176.92256040624048,318.50018360559415,77.0,216.0,223.0,196.0,1.1377551020408163,31771.0,0.7268921021323328,0.6835677835109236,46.126837777224026,0.8696966856800444,dark_blob,75.0,36.0,0.0,455.0,14.466463414634147,0.32155667144906747,True,True,OK,217.0,219.5,169.0,216
635,0,178.28286438810423,324.9021673230318,79.0,225.0,220.0,190.0,1.1578947368421053,31613.5,0.7563038277511962,0.7491752550136894,45.223193035199806,0.8827326713135936,dark_blob,75.0,35.0,0.0,455.0,13.958592275164238,0.2916818985390728,True,True,OK,225.0,225.90698975946654,169.5,218
636,0,182.67416453450954,322.87467101992974,84.0,222.0,222.0,192.0,1.15625,31853.5,0.74731371996997,0.7326220588679775,45.37336441336441,0.8796038026343534,dark_blob,75.0,35.0,0.0,455.0,14.147721437740692,0.3028071433965113,True,True,OK,222.0,223.52105263157895,172.5,217
637,0,187.75938557853092,318.8877707084302,89.0,216.0,222.0,197.0,1.1269035532994924,32692.0,0.7475190926967576,0.7176924902724121,45.82039246562898,0.8800793527589911,dark_blob,75.0,35.0,0.0,455.0,14.667954440865163,0.3334090847567743,True,True,OK,216.0,216.95811320754717,179.5,216
638,0,193.69233012540099,316.024877540025,95.0,210.0,222.0,204.0,1.088235294117647,33718.5,0.7445349761526232,0.707660774037774,46.123979561872325,0.88054068639345,dark_blob,75.0,35.0,0.0,455.0,15.15915505226481,0.3623032383685182,True,True,OK,210.0,210.76142857142855,186.5,217
639,0,199.14853749509226,313.0053886925795,100.0,205.0,223.0,207.0,1.077294685990338,33960.0,0.7356859686748554,0.6939770897500956,47.0330631523704,0.8772613503555352,dark_blob,75.0,37.0,0.0,455.0,15.500804539295395,0.38240026701737617,True,True,OK,206.0,206.45138888888889,193.5,216
640,0,204.62441082339248,311.43867714091743,106.0,202.0,221.0,209.0,1.0574162679425838,34370.0,0.7441165645500011,0.6943893778554304,47.60600996859604,0.8795112624145482,dark_blob,75.0,37.0,0.0,455.0,15.742900546505055,0.39664120861794444,True,True,OK,203.0,203.39725464409008,200.5,214
641,0,210.85269990726871,311.30117697410657,104.0,201.0,229.0,210.0,1.0904761904761904,35047.5,0.7287897691827823,0.6717053032623131,47.87314950841903,0.8738690843302988,dark_blob,75.0,37.0,0.0,455.0,15.903587266392146,0.4060933686113027,True,True,OK,202.0,201.37012987012986,208.0,221
642,0,217.67304950382115,312.41448519067717,111.0,203.0,229.0,208.0,1.1009615384615385,35068.0,0.7362277460530736,0.6529975198298815,47.62233577054456,0.8727048854297863,dark_blob,75.0,37.0,0.0,455.0,15.729801829268293,0.3958706958393114,True,True,OK,203.0,203.5625,216.0,221
643,0,224.24642347236994,315.34479834420904,111.0,207.0,232.0,204.0,1.1372549019607843,34787.0,0.7350194388100068,0.6490734887751655,47.641255477775886,0.8697021490917288,dark_blob,75.0,38.0,0.0,455.0,15.350508031796952,0.37355929598805604,True,True,OK,208.0,208.34743713733076,223.5,224
644,0,230.6416631569775,319.8745225612501,111.0,213.0,237.0,199.0,1.1909547738693467,34428.5,0.7299896104997562,0.660073525879133,47.9150349348745,0.866223407927295,dark_blob,75.0,38.0,0.0,455.0,14.809686949962284,0.341746291174252,True,True,OK,214.0,215.1701030927835,230.0,232
645,0,234.87516247364317,322.4132655517364,112.0,216.0,244.0,200.0,1.22,34621.0,0.7094467213114755,0.6237622426161108,46.9605797267166,0.858467281614403,dark_blob,75.0,37.0,0.0,455.0,14.694263556713238,0.3349566798066611,True,True,OK,217.0,216.626213592233,233.0,239
646,0,236.4810407558605,319.23962284181164,112.0,213.0,247.0,200.0,1.235,34539.0,0.69917004048583,0.5595191659582373,47.03731706618552,0.8490724340440323,dark_blob,75.0,37.0,0.0,455.0,14.815653910849454,0.3420972888734973,True,True,OK,214.0,215.0948275862069,234.5,240
647,0,237.543441089402,315.32103256364707,113.0,207.0,246.0,206.0,1.1941747572815533,35187.5,0.6943622227484411,0.5316725904261913,47.02470627916128,0.8476060626318952,dark_blob,75.0,37.0,0.0,455.0,15.309834909573587,0.3711667593866816,True,True,OK,208.0,208.86054421768708,234.5,237
648,0,238.55691987414983,311.83187324553967,116.0,203.0,243.0,209.0,1.1626794258373205,35386.0,0.6967531061098312,0.5223111165331259,46.874762437115706,0.8493902991797646,dark_blob,75.0,37.0,0.0,455.0,15.667113821138212,0.3921831659493066,True,True,OK,204.0,204.35333333333332,235.0,230
649,0,239.59639494747134,309.632041044741,117.0,201.0,242.0,210.0,1.1523809523809523,35441.0,0.6973829201101929,0.5040298603756732,46.75991853133196,0.848886841386826,dark_blob,75.0,36.0,0.0,455.0,15.89435431184669,0.40555025363804065,True,True,OK,202.0,201.48660714285714,234.5,225
650,0,240.35040474473027,308.8225016383086,118.0,201.0,237.0,210.0,1.1285714285714286,35351.5,0.7102973678923046,0.5275851189617554,46.80128133393017,0.8546968891669673,dark_blob,75.0,36.0,0.0,455.0,15.93279015979815,0.40781118587047943,True,True,OK,201.0,201.00172413793103,235.5,222
651,0,240.6374783231546,310.5086613134283,118.0,203.0,237.0,208.0,1.1394230769230769,35368.0,0.7174618630314833,0.5285059204248101,47.11336689038031,0.8547336314139233,dark_blob,75.0,36.0,0.0,455.0,15.752371273712738,0.39719831021839636,True,True,OK,203.0,203.27777777777777,236.0,225
652,0,240.8824182154729,314.2356829857963,118.0,207.0,242.0,205.0,1.1804878048780487,35296.0,0.7114694618020561,0.5531801749241143,47.62884286635092,0.8532666764209544,dark_blob,75.0,36.0,0.0,455.0,15.387560975609757,0.375738880918221,True,True,OK,207.0,207.88,237.0,230
653,0,240.99181176426498,317.9175133620952,118.0,210.0,243.0,206.0,1.1796116504854368,35579.5,0.710765512006073,0.5558661474525369,47.14132399143659,0.8527631832996825,dark_blob,75.0,36.0,0.0,455.0,15.118046010080022,0.35988505941647186,True,True,OK,211.0,211.28003494975974,237.5,232
654,0,239.47306759329146,317.2641877554508,118.0,210.0,242.0,204.0,1.1862745098039216,35109.5,0.7111793064333172,0.5664981334150392,47.43114767956268,0.8535558965443838,dark_blob,75.0,36.0,0.0,455.0,15.112854451715249,0.35957967363030874,True,True,OK,211.0,211.34552845528455,236.0,235
655,0,237.74194130325387,316.15188803752335,118.0,209.0,242.0,204.0,1.1862745098039216,35107.0,0.7111286663425701,0.5708663504508283,47.62564463857968,0.854556854533029,dark_blob,75.0,37.0,0.0,455.0,15.25779132791328,0.3681053722301929,True,True,OK,210.0,209.51709401709402,234.0,234
656,0,235.8471817853133,315.8858775284961,117.0,209.0,243.0,204.0,1.1911764705882353,35034.0,0.7067296054224159,0.5718327870266335,47.7657291313679,0.8536091339533441,dark_blob,75.0,37.0,0.0,455.0,15.285775533536587,0.36975150197274037,True,True,OK,209.0,209.1640625,232.0,232
657,0,233.25511997827672,317.668429301663,116.0,210.0,243.0,203.0,1.1970443349753694,34985.5,0.709227837580328,0.6105582851139334,48.27315927926909,0.8570453799109189,dark_blob,75.0,37.0,0.0,455.0,15.148453832752613,0.3616737548678008,True,True,OK,211.0,210.89642857142857,230.5,229
658,0,230.61117991551458,319.70607238863283,113.0,213.0,238.0,200.0,1.19,34720.0,0.7294117647058823,0.6570766296405942,48.43481111903065,0.8653020000890992,dark_blob,75.0,38.0,0.0,455.0,14.901426473206339,0.34714273371801996,True,True,OK,214.0,214.01277372262774,228.5,227
659,0,227.67342355480372,320.1081636819693,113.0,214.0,231.0,199.0,1.1608040201005025,34286.0,0.7458504644434293,0.6631548227590918,48.56526258047753,0.868915512417016,dark_blob,75.0,38.0,0.0,455.0,14.819865671733318,0.3423450395137246,True,True,OK,215.0,215.04169460274892,226.5,228
660,0,223.72191606820067,320.6130001465631,112.0,215.0,232.0,197.0,1.1776649746192893,34115.0,0.7464335725538246,0.7039486196162348,48.666192604632265,0.8731643777108371,dark_blob,75.0,38.0,0.0,455.0,14.720390872974441,0.3364935807632024,True,True,OK,216.0,216.29660744863014,222.5,224
661,0,220.25915138971024,322.08429430317364,109.0,217.0,235.0,195.0,1.205128205128205,33820.0,0.738025095471904,0.714558669875749,48.61117292264449,0.8714360753350432,dark_blob,75.0,39.0,0.0,455.0,14.506376674682242,0.323904510275426,True,True,OK,218.0,218.99647887323943,218.5,228
662,0,216.84831775794544,324.53720564520165,108.0,221.0,235.0,192.0,1.2239583333333333,33279.0,0.7375664893617021,0.7138228554152445,48.4480706869366,0.8696245655041803,dark_blob,75.0,39.0,0.0,455.0,14.1785556185689,0.3046209187393471,True,True,OK,222.0,223.1320675811308,214.5,229
663,0,212.82038983726133,325.89731527169084,106.0,224.0,236.0,190.0,1.2421052631578948,32629.0,0.7276761819803746,0.698993962171978,48.23973059887143,0.8648997440578388,dark_blob,75.0,39.0,0.0,455.0,13.980514316012727,0.2929714303536898,True,True,OK,225.0,225.6304347826087,210.0,227
664,0,208.17281047773736,326.6245494624488,101.0,226.0,235.0,188.0,1.25,32322.5,0.7316093254866456,0.6907513744392538,47.898551612211776,0.8645967013601331,dark_blob,75.0,38.0,0.0,455.0,13.841621641138042,0.28480127300812014,True,True,OK,226.62,227.3826192964124,204.5,228
665,0,203.1428862713114,327.4027688462966,100.0,228.0,233.0,186.0,1.2526881720430108,31878.5,0.7355784761641054,0.6880635148014607,47.7270751847023,0.8645403597088246,dark_blob,75.0,38.0,0.0,455.0,13.684100699501528,0.27553533526479573,True,True,OK,229.0,229.36980656013458,198.5,228
666,0,197.89765464067654,327.5750287278716,96.0,229.0,227.0,184.0,1.233695652173913,31473.5,0.7535314116069718,0.7087334325855861,47.530455017137825,0.8711245850139232,dark_blob,75.0,37.0,0.0,455.0,13.649128994610068,0.2734781761535334,True,True,OK,230.0,229.81098806799608,193.5,224
667,0,192.60075948964837,326.62765410913556,91.0,229.0,227.0,184.0,1.233695652173913,31468.5,0.7534117027389389,0.7117746729413196,47.22436784501195,0.8722853928410499,dark_blob,75.0,36.0,0.0,455.0,13.691326920437092,0.27596040708453484,True,True,OK,229.0,229.2786450037167,188.5,222
668,0,187.36317174588135,324.73024896047156,85.0,226.0,228.0,186.0,1.2258064516129032,31665.0,0.746675155631013,0.7253924639735011,46.853713428357096,0.8746548162528998,dark_blob,75.0,35.0,0.0,455.0,13.949568089430894,0.29115106408417024,True,True,OK,226.0,226.02083333333334,183.0,222
669,0,183.31058116170033,323.3688790583446,81.0,224.0,231.0,188.0,1.2287234042553192,32099.5,0.7391429492493322,0.731588771498642,46.870782705236536,0.8746576922067585,dark_blob,75.0,35.0,0.0,455.0,14.110173056761546,0.30059841510362034,True,True,OK,224.0,223.99473989931587,178.5,226
670,0,179.89953562998502,322.25228199550537,78.0,222.0,231.0,191.0,1.2094240837696335,32409.5,0.7345595068108157,0.7278033925735727,47.02968845448992,0.8735215689475431,dark_blob,75.0,35.0,0.0,455.0,14.215945697192822,0.30682033512898954,True,True,OK,222.0,222.66037735849056,175.0,223
671,0,176.9858968866038,321.36838964377523,74.0,220.0,233.0,193.0,1.2072538860103628,32676.0,0.726633903355645,0.721692518556232,46.96716047138659,0.8723760069004287,dark_blob,75.0,35.0,0.0,455.0,14.421691508581754,0.31892302991657373,True,True,OK,220.0,220.0648148148148,172.0,224
672,0,174.69356792733058,320.56592000081105,72.0,218.0,230.0,195.0,1.1794871794871795,32879.5,0.7330992196209587,0.7225434467235817,46.96055642538841,0.8746781224291651,dark_blob,75.0,35.0,0.0,455.0,14.552320494046477,0.32660708788508686,True,True,OK,219.0,218.41687992125983,169.5,224
673,0,173.21739020709356,319.9107524113808,70.0,217.0,227.0,196.0,1.1581632653061225,33020.5,0.7421671311696485,0.7349981537416118,46.772240712422416,0.8790834587805826,dark_blob,75.0,35.0,0.0,455.0,14.648738098343552,0.33227871166726775,True,True,OK,218.0,217.20053475935828,168.0,224
674,0,171.87509223040922,319.2303283907941,69.0,216.0,227.0,197.0,1.1522842639593909,32979.0,0.7374717681522396,0.7388726097000239,46.44802738245361,0.8793511002231812,dark_blob,75.0,34.0,0.0,455.0,14.687072448389925,0.3345336734347015,True,True,OK,217.0,216.7169321895425,166.5,222
675,0,171.56284318628414,318.75796242694264,69.0,216.0,227.0,197.0,1.1522842639593909,32993.5,0.7377960151166171,0.7429614264626208,46.23102547942739,0.8805740380458268,dark_blob,75.0,34.0,0.0,455.0,14.730290711998029,0.3370759242351782,True,True,OK,216.0,216.17171717171718,166.0,222
676,0,171.7793753700864,318.48680847618033,70.0,215.0,226.0,197.0,1.1472081218274113,32931.5,0.7396680292888909,0.7415652850158762,45.91310622688596,0.8814935985934959,dark_blob,75.0,34.0,0.0,455.0,14.74390243902439,0.33787661406025826,True,True,OK,216.0,216.0,165.5,222
677,0,172.62775880990122,318.51864101938787,71.0,215.0,226.0,197.0,1.1472081218274113,32804.0,0.7368042765374422,0.7382145531529116,45.5699194108237,0.8809002524807007,dark_blob,75.0,34.0,0.0,455.0,14.708864603202548,0.3358155648942675,True,True,OK,216.0,216.44201577498325,166.5,221
678,0,173.91102471905506,318.8595377854267,73.0,216.0,223.0,196.0,1.1377551020408163,32539.0,0.7444632561544797,0.7441530348699924,45.23296716672245,0.8835311263986901,dark_blob,75.0,34.0,0.0,455.0,14.641753911642892,0.33186787715546423,True,True,OK,217.0,217.28864296081275,167.5,217
679,0,175.90485852953324,319.3059789343247,76.0,217.0,220.0,195.0,1.1282051282051282,32280.0,0.7524475524475525,0.7496274365242345,44.80019630697503,0.8865015487888307,dark_blob,75.0,34.0,0.0,455.0,14.59915164369035,0.32936186139355,True,True,OK,218.0,217.82608695652175,169.0,214
680,0,178.66630922964552,319.7208727679612,80.0,218.0,219.0,194.0,1.1288659793814433,32173.5,0.757272984041802,0.7493347286159645,44.423221319547025,0.8880968911853687,dark_blob,75.0,34.0,0.0,455.0,14.576099331304892,0.32800584301793484,True,True,OK,218.0,218.11690074353828,172.5,214
681,0,181.53240985732813,320.06297795071333,83.0,219.0,219.0,193.0,1.1347150259067358,32125.0,0.7600492109683677,0.7503919053984754,44.14626479289941,0.8891391051891087,dark_blob,75.0,34.0,0.0,455.0,14.539828749351324,0.3258722793736073,True,True,OK,219.0,218.5744680851064,175.0,213
682,0,184.3918084868527,320.3097841629359,85.0,219.0,221.0,194.0,1.1391752577319587,32053.5,0.7476209357652657,0.7231221671805566,43.87192316007289,0.8835153613369163,dark_blob,75.0,35.0,0.0,455.0,14.516435413800869,0.3244962008118158,True,True,OK,219.0,218.8695840105121,178.5,213
683,0,187.1260780180602,320.6318473989642,86.0,220.0,225.0,193.0,1.16580310880829,32022.5,0.7374208405296488,0.7140877061409403,43.82652777348459,0.8800690615259217,dark_blob,75.0,35.0,0.0,455.0,14.481035371920882,0.3224138454071107,True,True,OK,220.0,219.31616915422887,181.5,213
684,0,189.8548369420569,320.88667094599174,91.0,220.0,220.0,193.0,1.1398963730569949,31936.5,0.7521549693829487,0.7338495308111875,43.80901453857838,0.8854841556244786,dark_blob,75.0,34.0,0.0,455.0,14.443043237250556,0.3201790139559151,True,True,OK,220.0,219.79545454545453,185.0,214
685,0,192.34895018869497,321.41532703655054,93.0,220.0,220.0,193.0,1.1398963730569949,31974.0,0.7530381535562882,0.7289257754798577,44.113068516053126,0.884023422759564,dark_blob,75.0,35.0,0.0,455.0,14.359122615874536,0.3152425068161492,True,True,OK,221.0,220.8541454612751,188.5,216
686,0,194.71864180536434,321.9771096650398,95.0,221.0,222.0,191.0,1.162303664921466,31964.0,0.7538323663978114,0.7199724371409222,44.538123257974604,0.8817736806928158,dark_blob,75.0,35.0,0.0,455.0,14.265163066908851,0.30971547452405007,True,True,OK,222.0,222.03948130976528,191.5,218
687,0,196.72500796798175,322.5944323400787,96.0,222.0,224.0,190.0,1.1789473684210525,31898.5,0.7494948308270677,0.721225602253473,45.16478401191658,0.8793068214517898,dark_blob,75.0,35.0,0.0,455.0,14.181844675231511,0.30481439266067717,True,True,OK,223.0,223.09057486631016,193.5,220
688,0,198.67456474655336,323.7963055520846,96.0,224.0,229.0,188.0,1.2180851063829787,32012.0,0.7435659202824492,0.7021273056746595,46.10329901369693,0.8735490963634588,dark_blob,75.0,35.0,0.0,455.0,14.113037905856766,0.30076693563863327,True,True,OK,224.0,223.95859872611464,195.0,223
689,0,200.2070310671431,325.0852747046983,96.0,226.0,233.0,187.0,1.2459893048128343,32043.5,0.7354318239195795,0.6913672673235111,47.13784476634648,0.867826927645836,dark_blob,75.0,36.0,0.0,455.0,13.99307613403237,0.2937103608254335,True,True,OK,226.0,225.47196261682242,196.0,227
690,0,201.39662368112545,326.44552820112017,97.0,228.0,234.0,185.0,1.2648648648648648,31987.5,0.738911988911989,0.6895387985523251,47.746952540065585,0.8660195037976842,dark_blob,75.0,36.0,0.0,455.0,13.787398373983741,0.28161166905786716,True,True,OK,229.0,228.06666666666666,197.0,230
691,0,202.1139171483322,327.5242650380918,96.0,230.0,239.0,184.0,1.298913043478261,32093.5,0.7297957977078406,0.6875969721040609,48.1617946345976,0.8624008226877844,dark_blob,75.0,36.92000000000189,0.0,455.0,13.684256336681013,0.2755444903930008,True,True,OK,230.0,229.3678431372549,197.5,233
692,0,202.2307086127507,327.4621228509327,95.0,229.0,240.0,184.0,1.3043478260869565,32359.0,0.7327672101449275,0.6943470342888393,48.24597033185502,0.8638874480102903,dark_blob,75.0,36.0,0.0,455.0,13.71522796110314,0.2773663506531259,True,True,OK,230.0,228.97712418300654,198.0,233
693,0,201.9952379497209,326.5298506702522,94.0,228.0,241.0,185.0,1.3027027027027027,32724.0,0.7339688235953796,0.6853943568678467,48.44693463992983,0.8635233673796984,dark_blob,75.0,36.0,0.0,455.0,13.85518554943614,0.2855991499668318,True,True,OK,228.0,227.2115053763441,197.5,236
694,0,201.7737301671277,325.7176967919746,93.0,227.0,242.0,186.0,1.3010752688172043,33078.5,0.734881809295299,0.6882166414498125,48.57347616625273,0.8644562941514781,dark_blob,75.0,35.0,0.0,455.0,13.962473652514303,0.29191021485378255,True,True,OK,227.0,225.85802469135803,197.0,235
695,0,201.81941866730529,324.90678321259657,92.0,225.0,243.0,188.0,1.2925531914893618,33406.0,0.7312406969617371,0.6860482491703124,48.51810477657936,0.8640727658665166,dark_blob,75.0,35.0,0.0,455.0,14.059735071488646,0.29763147479344976,True,True,OK,225.0,224.63103448275862,197.0,237
696,0,202.1221943657375,324.1455591983266,92.0,224.0,243.0,189.0,1.2857142857142858,33704.5,0.7338711433361639,0.6940778539608219,48.61485593444356,0.8661055543853252,dark_blob,75.0,35.0,0.0,455.0,14.174184053702783,0.30436376786486957,True,True,OK,224.0,223.18721655328798,197.5,238
697,0,202.68481794698016,323.5233373604031,93.0,222.0,242.0,191.0,1.2670157068062826,33937.0,0.7342174721993856,0.6898797563741906,48.737259706542986,0.8659862396741189,dark_blob,75.0,35.0,0.0,455.0,14.265633966391686,0.3097431744936286,True,True,OK,223.0,222.03354073167412,198.5,238
698,0,203.48662029019536,323.20204095609887,93.0,222.0,242.0,191.0,1.2670157068062826,34069.0,0.7370732551598805,0.6946316772286434,48.77289898872486,0.8674076967166731,dark_blob,75.0,35.0,0.0,455.0,14.315133037694014,0.31265488457023616,True,True,OK,222.0,221.4090909090909,199.0,237
699,0,204.405908497499,323.26990646345814,95.0,221.0,241.0,192.0,1.2552083333333333,34086.5,0.7366549965421854,0.6881354621070904,48.80069706651176,0.8665594013539556,dark_blob,75.0,35.0,0.0,455.0,14.327914439247133,0.31340673172041955,True,True,OK,222.0,221.24784861257464,200.5,236
700,0,205.61796385441662,323.53667309494716,96.0,221.0,242.0,192.0,1.2604166666666667,33964.5,0.7309852789256198,0.687961677286686,48.78300154478417,0.8650841462476219,dark_blob,75.0,35.0,0.0,455.0,14.286603101110721,0.310976653006513,True,True,OK,222.0,221.76900703214167,201.5,235
701,0,206.91033230720655,323.76866268055886,98.0,222.0,240.0,191.0,1.256544502617801,33784.0,0.7369982547993019,0.6859225427997124,48.698068977642336,0.8661201466429357,dark_blob,75.0,36.0,0.0,455.0,14.252862595419849,0.30899191737763815,True,True,OK,223.0,222.1946564885496,203.0,234
702,0,208.28109952343405,324.251826174926,100.0,222.0,240.0,191.0,1.256544502617801,33608.5,0.7331697207678883,0.6730634603407081,48.67838840784591,0.8633029456206924,dark_blob,75.0,36.0,0.0,455.0,14.172860206766458,0.304285894515674,True,True,OK,223.0,223.20391739156162,204.5,233
703,0,209.61011566457273,324.50272210589293,102.0,223.0,239.0,190.0,1.2578947368421052,33430.0,0.7361814578286721,0.6795733341663136,48.648871913306095,0.8644253665876865,dark_blob,75.0,36.0,0.0,455.0,14.109072750210261,0.3005336911888389,True,True,OK,224.0,224.00862068965517,206.5,232
704,0,210.5592733316313,324.5455619465261,104.0,223.0,237.0,190.0,1.2473684210526317,33293.5,0.7393626471241395,0.6833138946751198,48.69924186115654,0.8654064242655117,dark_blob,75.0,36.0,0.0,455.0,14.096887868229333,0.29981693342525484,True,True,OK,224.0,224.16233766233765,208.0,231
705,0,211.04946541544712,324.63694517365195,104.0,223.0,237.0,190.0,1.2473684210526317,33141.0,0.7359760159893405,0.679762355968912,48.63225016426737,0.8642327506517608,dark_blob,75.0,37.0,0.0,455.0,14.074840301974447,0.2985200177632028,True,True,OK,224.0,224.4404761904762,208.5,230
706,0,211.2872956661511,324.94134594971644,105.0,224.0,236.0,189.0,1.2486772486772486,32973.0,0.7392386333064299,0.6855934887878591,48.512352535046375,0.865666226835494,dark_blob,75.0,37.0,0.0,455.0,14.039607445238467,0.29644749677873333,True,True,OK,224.0,224.88495222929936,208.5,230
707,0,210.9548388736403,325.1473111721053,105.0,224.0,236.0,189.0,1.2486772486772486,32790.0,0.7351358622545063,0.6859169761071193,48.59300289785076,0.8645873020270176,dark_blob,75.0,37.0,0.0,455.0,14.028401797175867,0.2957883410103451,True,True,OK,225.0,225.02631578947367,208.0,230
708,0,210.0982492760741,325.3390633473514,104.0,225.0,237.0,188.0,1.2606382978723405,32577.0,0.7311473202262322,0.6808583333679743,48.26941305140357,0.863652801846974,dark_blob,75.0,37.0,0.0,455.0,14.018429529605603,0.2952017370356237,True,True,OK,226.0,225.1521197803601,206.5,228
709,0,208.60150004629773,325.6076422111794,103.0,226.0,237.0,187.0,1.267379679144385,32399.0,0.7310408628353527,0.6756935835966685,47.94504856741401,0.8632917296629165,dark_blob,75.0,37.0,0.0,455.0,13.9629896526238,0.29194056780140004,True,True,OK,226.0,225.85151515151514,205.0,229
710,0,206.90346177142058,325.78572944654104,101.0,226.0,236.0,187.0,1.2620320855614973,32194.5,0.7295046678147376,0.6867860679100728,47.62435830438658,0.8645135073646709,dark_blob,75.0,37.0,0.0,455.0,13.89951146257744,0.28820655662220235,True,True,OK,227.0,226.65231693363845,203.5,228
711,0,204.96944102476198,325.4665658942513,101.0,226.0,233.0,187.0,1.2459893048128343,32085.5,0.7363957678272245,0.6823760139250299,47.19100638435679,0.8662791730843407,dark_blob,75.0,37.0,0.0,455.0,13.894353128313893,0.2879031251949349,True,True,OK,226.56,226.7173913043478,201.0,227
712,0,202.6178750285726,325.01292001745526,100.0,226.0,232.0,187.0,1.2406417112299466,32082.0,0.7394892126129449,0.6935202886465266,46.74778665515007,0.8695379928761111,dark_blob,75.0,36.0,0.0,455.0,13.964294694493336,0.2920173349701963,True,True,OK,226.0,225.83505154639175,199.0,225
713,0,199.94081902796452,324.88072084466813,98.0,226.0,229.0,187.0,1.2245989304812834,31981.0,0.7468182985778671,0.7060764061531846,46.2934513493439,0.8735070989120681,dark_blob,75.0,36.0,0.0,455.0,13.964578507516917,0.2920340298539363,True,True,OK,226.0,225.83147113594043,195.5,224
714,0,197.00970695970693,325.04690214547355,95.0,226.0,226.0,187.0,1.2085561497326203,31850.0,0.7536321044910321,0.7154312209445504,46.14301252369558,0.8763525029737944,dark_blob,75.0,35.0,0.0,455.0,13.955235306758354,0.29148442980931494,True,True,OK,226.0,225.94933920704847,192.0,222
715,0,194.17670087598987,325.50317132512515,93.0,227.0,224.0,186.0,1.2043010752688172,31716.5,0.7612447196620584,0.7323530952866719,46.03704628444805,0.8797790858737132,dark_blob,75.0,35.0,0.0,455.0,13.87469090704732,0.28674652394396,True,True,OK,227.0,226.96543778801842,189.0,221
716,0,191.07105052294196,325.37686614372467,90.0,227.0,225.0,186.0,1.2096774193548387,31616.0,0.7554599761051374,0.7256140626208801,45.98832221909145,0.8777040459151786,dark_blob,75.0,35.0,0.0,455.0,13.859749283233725,0.28586760489610147,True,True,OK,227.0,227.1539321192053,186.5,222
717,0,188.58623968396554,324.8759711912754,87.0,226.0,228.0,187.0,1.2192513368983957,31726.5,0.7441246833661694,0.7137746970381925,45.98490095148963,0.8738732780262847,dark_blob,75.0,35.0,0.0,455.0,13.871951219512196,0.28658536585365857,True,True,OK,227.0,227.0,184.0,224
718,0,186.63740804507748,324.16686492408826,85.0,225.0,230.0,187.0,1.2299465240641712,31945.0,0.7427342478493374,0.7262492789051308,46.151333932389306,0.8755743454840542,dark_blob,75.0,35.0,0.0,455.0,14.011588713830067,0.29479933610765097,True,True,OK,225.0,225.23841930245146,182.5,226
719,0,185.2377928243443,323.7427971048331,83.0,224.0,231.0,188.0,1.2287234042553192,32122.5,0.7396725614810721,0.7265672644330426,46.25815100154083,0.8749098997804569,dark_blob,75.0,35.0,0.0,455.0,14.040447154471545,0.29649689143950264,True,True,OK,225.0,224.87435897435898,181.0,227
720,0,184.23734355679036,323.5334202534134,82.0,224.0,233.0,188.0,1.2393617021276595,32213.5,0.735400876632271,0.7279551502960657,46.443334767377536,0.8738092366917488,dark_blob,75.0,35.0,0.0,455.0,14.043455659210972,0.29667386230652776,True,True,OK,224.0,224.8364055299539,180.0,227
721,0,183.93819655521781,323.4817163947646,81.0,224.0,234.0,188.0,1.2446808510638299,32242.0,0.7329059829059829,0.7313705851983627,46.451489100399144,0.8739147136517201,dark_blob,75.0,35.0,0.0,455.0,14.087413195787,0.29925959975217653,True,True,OK,224.0,224.28186429930247,179.5,227
722,0,183.81042323033228,323.47588451052513,82.0,224.0,232.0,189.0,1.2275132275132274,32216.5,0.7347313446451378,0.7257407603582197,46.62735820070054,0.8732083560667532,dark_blob,75.0,35.0,0.0,455.0,14.070121951219512,0.29824246771879487,True,True,OK,224.0,224.5,179.5,226
723,0,184.40092801410165,323.6801306477953,82.0,224.0,231.0,189.0,1.2222222222222223,32147.5,0.736331569664903,0.7241863978448397,46.71998645195062,0.8729992510445616,dark_blob,75.0,35.0,0.0,455.0,14.03609263365361,0.29624074315609467,True,True,OK,225.0,224.92929292929293,180.5,224
724,0,185.4967960740185,324.006569350671,84.0,225.0,228.0,188.0,1.2127659574468086,31992.0,0.7463605823068309,0.7342435846926687,46.68480985239967,0.8760701400542277,dark_blob,75.0,35.0,0.0,455.0,13.967511213905244,0.2922065419944261,True,True,OK,225.0,225.7944739168877,181.5,224
725,0,187.2129437528815,324.48995138103015,86.0,226.0,228.0,187.0,1.2192513368983957,31812.0,0.7461300309597523,0.7373827004983358,46.53214463529997,0.8765866388612128,dark_blob,75.0,35.0,0.0,455.0,13.951219512195122,0.29124820659971307,True,True,OK,226.0,226.0,183.0,223
726,0,189.64861251473806,325.11904160350343,88.0,227.0,228.0,186.0,1.2258064516129032,31664.0,0.7466515751744954,0.7276698439178583,46.66577055329791,0.8747889467356947,dark_blob,75.0,35.0,0.0,455.0,13.866884882837304,0.2862873460492532,True,True,OK,227.0,227.06391378574477,184.5,225
727,0,192.7474459379251,325.9309549697189,91.0,228.0,226.0,185.0,1.2216216216216216,31730.5,0.7589213106912222,0.7383270738976718,46.83824171710239,0.878203942855491,dark_blob,75.0,35.0,0.0,455.0,13.827131297013905,0.28394889982434734,True,True,OK,228.0,227.56542056074767,187.0,222
728,0,195.4489652052229,326.28440284923664,94.0,228.0,227.0,185.0,1.227027027027027,31681.0,0.7543993332539588,0.7225227351830558,46.84622594351413,0.8750478407937763,dark_blob,75.0,35.0,0.0,455.0,13.784294391372121,0.2814290818454189,True,True,OK,229.0,228.1058246011517,189.5,223
729,0,198.00682418009947,326.42022333680325,95.0,229.0,228.0,184.0,1.2391304347826086,31701.0,0.7556493135011442,0.7114313791397013,46.84874028285099,0.8739836338525375,dark_blob,75.0,36.0,0.0,455.0,13.78379871596335,0.28139992446843237,True,True,OK,229.0,228.11207773707775,192.5,225
730,0,200.65814611154752,326.5166064414768,97.0,229.0,233.0,184.0,1.266304347826087,31825.0,0.7423259936555328,0.6961309892180174,46.989738486893245,0.8689157966435105,dark_blob,75.0,36.0,0.0,455.0,13.776524823925339,0.2809720484661964,True,True,OK,229.0,228.20384068278804,195.5,226
731,0,202.8064677785608,326.44419909691226,100.0,228.0,231.0,185.0,1.2486486486486486,31927.5,0.747104247104247,0.6891211287590366,47.25431608963829,0.8686543996980827,dark_blob,75.0,37.0,0.0,455.0,13.781112173866836,0.2812418925804021,True,True,OK,229.0,228.1459694989107,197.5,225
732,0,204.66896910163456,326.5425326784647,100.0,228.0,234.0,185.0,1.2648648648648648,32067.5,0.7407599907599908,0.6855559882123036,47.45497469448216,0.8664345400717111,dark_blob,75.0,37.0,0.0,455.0,13.77717391304348,0.28101023017902826,True,True,OK,228.0,228.19565217391303,200.0,229
733,0,206.15685513501205,326.53343476055926,100.0,227.0,234.0,186.0,1.2580645161290323,32207.0,0.7399825383696351,0.6932063525007137,47.676110872103735,0.8669169762655236,dark_blob,75.0,37.0,0.0,455.0,13.80262003886261,0.2825070611095653,True,True,OK,228.0,227.87463950973324,201.5,228
734,0,207.23653639278783,326.23581064735464,101.0,227.0,235.0,186.0,1.2634408602150538,32380.5,0.7408030199039122,0.6943679813649011,47.69984105636385,0.8676282457665624,dark_blob,75.0,37.0,0.0,455.0,13.876784651992862,0.28686968541134483,True,True,OK,227.0,226.9390243902439,202.5,228
735,0,207.78570367752872,325.87459734619773,101.0,226.0,235.0,187.0,1.2566844919786095,32544.5,0.7405734440778245,0.6948736118752354,47.7448600973236,0.8677073346211047,dark_blob,75.0,37.0,0.0,455.0,13.902831812060452,0.28840187129767364,True,True,OK,227.0,226.61042944785277,203.5,228
736,0,208.14049043153693,325.69032649543885,101.0,225.0,235.0,188.0,1.25,32685.5,0.7398257129923043,0.6978841758497412,47.827110020895795,0.8680295555500757,dark_blob,75.0,37.0,0.0,455.0,13.950314163674632,0.2911949508043901,True,True,OK,226.0,226.01142131979697,204.5,228
737,0,208.24208005299496,325.6988101607684,101.0,225.0,236.0,188.0,1.2553191489361701,32707.5,0.7371867111431663,0.6962258163493343,47.973550417624985,0.8669813274549933,dark_blob,75.0,37.0,0.0,455.0,13.951103622878335,0.29124138958107854,True,True,OK,226.0,226.00146198830407,204.5,227
738,0,208.0422365183906,325.75070164983214,100.0,225.0,237.0,188.0,1.2606382978723405,32720.5,0.7343679863542508,0.6935083397301687,48.16138790573857,0.8657568051585182,dark_blob,75.0,37.0,0.0,455.0,13.963431114040871,0.29196653612005125,True,True,OK,226.0,225.84594594594594,204.0,228
739,0,207.45491106427602,325.78262928006353,100.0,225.0,237.0,188.0,1.2606382978723405,32739.0,0.7347831941826016,0.6913585513047056,48.23890434151651,0.8654199354677203,dark_blob,75.0,37.0,0.0,455.0,13.959232973477276,0.29171958667513387,True,True,OK,226.0,225.89890710382514,203.0,229
740,0,206.65279962532514,325.8901785305212,100.0,226.0,237.0,187.0,1.267379679144385,32739.5,0.7387237979196282,0.693292978822731,48.3756991262811,0.866049619577602,dark_blob,75.0,37.0,0.0,455.0,13.92336849044166,0.2896099112024506,True,True,OK,226.0,226.35135135135135,202.0,230
741,0,205.55278855060513,326.1683207622072,100.0,226.0,237.0,187.0,1.267379679144385,32747.0,0.7388930255646562,0.6960049457011506,48.51021641881272,0.8660269452235784,dark_blob,75.0,37.0,0.0,455.0,13.900752032520327,0.2882795313247251,True,True,OK,227.0,226.63666666666666,200.5,231
742,0,204.12612226137583,326.3000102139829,99.0,227.0,237.0,186.0,1.2741935483870968,32635.0,0.7403248491447757,0.691515641488438,48.54544627422437,0.865333916891846,dark_blob,75.0,37.0,0.0,455.0,13.832317073170731,0.28425394548063126,True,True,OK,228.0,227.5,199.0,232
743,0,202.47337038856816,326.4800495434631,97.0,228.0,239.0,185.0,1.2918918918918918,32564.0,0.7364921406762411,0.6870516488836872,48.538660263813746,0.864067481844529,dark_blob,75.0,37.95999999999913,0.0,455.0,13.848950985807768,0.28523241092986873,True,True,OK,228.0,227.2901567944251,196.5,234
744,0,200.81007889212256,326.7661877704378,95.0,229.0,239.0,184.0,1.298913043478261,32470.5,0.7383686556303438,0.6855099213607615,48.51952208235545,0.8639548459189907,dark_blob,75.0,38.0,0.0,455.0,13.785127778745897,0.2814781046321116,True,True,OK,229.0,228.09531109889792,195.5,233
745,0,199.04296706013224,326.9237634674412,93.0,229.0,242.0,184.0,1.315217391304348,32362.0,0.7267786561264822,0.6815770119490273,48.38178093082992,0.8610575705863782,dark_blob,75.0,37.0,0.0,455.0,13.761422191686705,0.2800836583345121,True,True,OK,229.0,228.3943661971831,193.0,233
746,0,197.2287483318333,327.1230460465742,91.0,230.0,238.0,183.0,1.3005464480874316,32221.0,0.7397942783670846,0.6943894187842984,48.199987713855705,0.8654634351065875,dark_blob,75.0,37.0,0.0,455.0,13.705394545257063,0.27678791442688605,True,True,OK,230.0,229.10117650598784,191.5,233
747,0,197.2388726798684,327.101190845697,91.0,230.0,239.0,183.0,1.3060109289617485,32218.0,0.7366303130072936,0.6913215102666281,48.1969957608896,0.8644105861882129,dark_blob,75.0,37.0,0.0,455.0,13.70611180472689,0.27683010616040526,True,True,OK,230.0,229.09212800190693,191.5,233
748,0,195.69069766234034,327.24616319471494,90.0,230.0,238.0,183.0,1.3005464480874316,32090.5,0.7367979978876796,0.6962846441180106,47.91932151117964,0.8653122311281325,dark_blob,75.0,37.0,0.0,455.0,13.663377337898996,0.2743163139940586,True,True,OK,230.0,229.6312397372742,189.5,232
749,0,194.46046581783378,327.10967211750506,89.0,230.0,239.0,183.0,1.3060109289617485,32044.0,0.7326519880192972,0.6984979231503691,47.560243382648174,0.865421353734483,dark_blob,75.0,36.0,0.0,455.0,13.67703808887404,0.2751198875808259,True,True,OK,230.0,229.45890410958904,188.0,234
750,0,193.36334587542217,326.68641134928936,88.0,229.0,235.0,184.0,1.2771739130434783,32025.5,0.7406452358926919,0.713502156819705,47.22611651985783,0.8699578836791528,dark_blob,75.0,36.0,0.0,455.0,13.737374259335814,0.27866907407857733,True,True,OK,229.0,228.69774011299435,187.0,230
751,0,192.50402536186542,326.2873180244441,88.0,228.0,235.0,185.0,1.2702702702702702,31964.0,0.7352271420356526,0.7026116284953396,46.932404396965474,0.8682555246928864,dark_blob,75.0,36.0,0.0,455.0,13.778706675224647,0.28110039266027337,True,True,OK,229.0,228.17631578947368,186.5,230
752,0,192.06388653992713,326.147499138714,88.0,228.0,234.0,185.0,1.2648648648648648,31929.0,0.7375606375606376,0.708680750143128,46.74893828078986,0.8699875419986248,dark_blob,75.0,36.0,0.0,455.0,13.803780487804877,0.2825753228120516,True,True,OK,228.0,227.86,186.0,230
753,0,191.72975968299275,326.0024726983778,88.0,228.0,233.0,185.0,1.2594594594594595,31881.5,0.739624173529753,0.7147469040404709,46.556831941382846,0.8715520667328212,dark_blob,75.0,36.0,0.0,455.0,13.807761134676564,0.2828094785103861,True,True,OK,228.0,227.80978260869566,186.0,229
754,0,191.4783520575744,325.8717232578087,88.0,227.0,232.0,186.0,1.2473118279569892,31866.0,0.7384593993325917,0.7186986113207139,46.45904389152921,0.8721100458579752,dark_blob,75.0,36.0,0.0,455.0,13.834298780487806,0.28437051649928274,True,True,OK,228.0,227.475,186.0,228
755,0,191.00964754983693,325.4963716823439,87.0,227.0,233.0,186.0,1.2526881720430108,31787.0,0.7334671650745305,0.7204989963600755,46.24393510012145,0.8718066192099589,dark_blob,75.0,36.0,0.0,455.0,13.863718039354307,0.28610106113848865,True,True,OK,227.0,227.10386473429952,186.0,227
756,0,191.0230517642619,325.522354655429,87.0,227.0,231.0,186.0,1.2419354838709677,31798.0,0.7400735465251594,0.7061503814438352,46.251486381322955,0.8715262570404042,dark_blob,75.0,36.0,0.0,455.0,13.864644365717401,0.286155550924553,True,True,OK,227.0,227.09217877094972,186.0,226
757,0,191.0861923546391,325.53610251090953,87.0,227.0,232.0,186.0,1.2473118279569892,31814.5,0.7372659436410827,0.7032272456172393,46.236194505802196,0.8705797884973665,dark_blob,75.0,36.0,0.0,455.0,13.86327392120075,0.2860749365412206,True,True,OK,227.0,227.1094674556213,186.0,226
758,0,190.73630273630272,325.3832818832819,87.0,227.0,232.0,186.0,1.2473118279569892,31746.0,0.735678531701891,0.7243974124881429,46.129622700343,0.8729715743777762,dark_blob,75.0,36.0,0.0,455.0,13.86327392120075,0.2860749365412206,True,True,OK,227.0,227.1094674556213,186.0,227
759,0,190.6793793320731,325.3835328712455,87.0,227.0,232.0,186.0,1.2473118279569892,31740.0,0.735539488320356,0.7252086654640966,46.156556993606735,0.8730160462697032,dark_blob,75.0,36.0,0.0,455.0,13.868058580139374,0.28635638706702204,True,True,OK,227.0,227.04910714285714,186.0,226
760,0,190.66646181321568,325.44870259481036,87.0,227.0,232.0,186.0,1.2473118279569892,31730.0,0.7353077493511309,0.7256515477699337,46.22708554314594,0.8726065012404548,dark_blob,75.0,36.0,0.0,455.0,13.82052992136479,0.2835605836096935,True,True,OK,227.5,227.6486994535519,185.5,226
761,0,190.83214854278643,325.62005264568194,87.0,228.0,232.0,185.0,1.2540540540540541,31721.5,0.7390843429636533,0.7156322984233249,46.35160857490561,0.8720411339733024,dark_blob,75.0,36.0,0.0,455.0,13.827570468818461,0.2839747334599095,True,True,OK,228.0,227.55988023952096,186.0,226
762,0,191.1322239381428,325.73596709634717,88.0,228.0,229.0,185.0,1.2378378378378379,31729.0,0.7489437035288564,0.7328413992359958,46.38808810682641,0.8762371716318579,dark_blob,75.0,36.0,0.0,455.0,13.833536585365854,0.2843256814921091,True,True,OK,228.0,227.48461538461538,186.0,225
763,0,191.94372770558007,326.05453326419115,88.0,228.0,233.0,185.0,1.2594594594594595,31818.5,0.7381626261454588,0.7086221217764449,46.57733466061096,0.8704139946100365,dark_blob,75.0,36.0,0.0,455.0,13.800310344425462,0.28237119673090955,True,True,OK,228.0,227.90377719340188,186.5,225
764,0,192.80619035660473,326.32718587811814,89.0,228.0,233.0,185.0,1.2594594594594595,31856.0,0.7390325948265862,0.7184730760896662,46.80085759562502,0.8711084372802198,dark_blob,75.0,36.0,0.0,455.0,13.756189380972756,0.2797758459395739,True,True,OK,229.0,228.46038011695907,187.5,226
765,0,193.7676305170503,326.6343118191892,89.0,229.0,233.0,184.0,1.266304347826087,31886.0,0.7437488337376377,0.7105843808023179,47.01757000062085,0.870599983480599,dark_blob,75.0,36.0,0.0,455.0,13.723762465457169,0.2778683803210099,True,True,OK,229.0,228.8694581280788,188.0,226
766,0,194.8253274196666,326.85408601982016,90.0,229.0,232.0,184.0,1.2608695652173914,31903.5,0.7473645989505248,0.7158962134583761,47.31213155445237,0.871391034444568,dark_blob,75.0,36.0,0.0,455.0,13.708841463414634,0.2769906743185079,True,True,OK,230.0,229.05769230769232,189.0,227
767,0,196.04679223994734,327.112368236855,91.0,230.0,233.0,183.0,1.273224043715847,31907.0,0.7483055418748095,0.7044426337441294,47.60893976053105,0.8696111252983935,dark_blob,75.0,36.0,0.0,455.0,13.699404314468143,0.2764355479098908,True,True,OK,230.0,229.17674557132497,190.5,228
768,0,197.3672689349498,327.31687133359407,92.0,230.0,236.0,183.0,1.289617486338798,31962.5,0.7400782624803186,0.6962762874062688,47.85174175568973,0.866244907857395,dark_blob,75.0,37.0,0.0,455.0,13.67815193790788,0.2751854081122283,True,True,OK,230.0,229.44485247562366,191.5,230
769,0,198.35277166591243,327.3635337505006,93.0,230.0,237.0,183.0,1.2950819672131149,32041.5,0.7387770630144567,0.692827442534643,48.09822393822394,0.8650883671516952,dark_blob,75.0,37.0,0.0,455.0,13.679019604680173,0.27523644733412783,True,True,OK,230.0,229.4339065255732,192.5,229
770,0,199.19286755135164,327.1325419914228,94.0,230.0,237.0,183.0,1.2950819672131149,32139.5,0.7410366373844274,0.6877107037711444,48.249422632794456,0.8648435658002189,dark_blob,75.0,37.0,0.0,455.0,13.705658727499992,0.2768034545588231,True,True,OK,230.0,229.09784374538472,193.5,231
771,0,200.04773639590212,326.92440187432516,95.0,229.0,236.0,184.0,1.2826086956521738,32260.5,0.7429186624907885,0.693294435390409,48.32829181494662,0.8658857003863005,dark_blob,75.0,37.0,0.0,455.0,13.723821365308625,0.27787184501815443,True,True,OK,229.0,228.8687150837989,195.0,232
772,0,200.75586483372854,326.865092034365,95.0,229.0,238.0,184.0,1.2934782608695652,32261.5,0.7366984837413226,0.6882153415171425,48.338149579728814,0.8640023926829413,dark_blob,75.0,37.0,0.0,455.0,13.742533598805377,0.2789725646356104,True,True,OK,229.0,228.6326530612245,195.5,232
773,0,201.23885559117636,326.73137264012144,96.0,229.0,237.0,184.0,1.2880434782608696,32284.5,0.7403343423225096,0.687221655741253,48.42681095000154,0.8645658650443397,dark_blob,75.0,37.0,0.0,455.0,13.751176301133091,0.2794809588901818,True,True,OK,229.0,228.5236220472441,196.0,232
774,0,201.58934596217537,326.7017416246221,96.0,229.0,238.0,184.0,1.2934782608695652,32307.0,0.7377374862988674,0.6866531835491319,48.438978066413426,0.8639839515798748,dark_blob,75.0,37.0,0.0,455.0,13.764633179497757,0.2802725399704563,True,True,OK,229.0,228.35385835095138,196.5,231
775,0,201.7320900719647,326.75079058010266,96.0,229.0,238.0,184.0,1.2934782608695652,32307.5,0.7377489039093899,0.6856187725148342,48.45985602695665,0.8638533365847373,dark_blob,75.0,37.0,0.0,455.0,13.769759393539882,0.28057408197293426,True,True,OK,229.0,228.2891891891892,197.0,231
776,0,201.8037465718403,326.77015964507245,96.0,229.0,238.0,184.0,1.2934782608695652,32269.5,0.7368811655096821,0.6848123475345826,48.41708835526114,0.8636442758848054,dark_blob,75.0,37.0,0.0,455.0,13.769419406150584,0.28055408271474025,True,True,OK,229.0,228.29347826086956,197.0,231
777,0,201.74479013111957,326.8513874880389,96.0,229.0,238.0,184.0,1.2934782608695652,32222.5,0.73580791012057,0.6794192240330788,48.35715601965602,0.8627481186970355,dark_blob,75.0,37.0,0.0,455.0,13.748039721572631,0.2792964542101548,True,True,OK,229.0,228.56319120477605,196.5,231
778,0,201.57945218256435,326.96590390913235,96.0,229.0,238.0,184.0,1.2934782608695652,32164.0,0.734472049689441,0.688670976730833,48.18058461538461,0.8638119787019763,dark_blob,75.0,37.0,0.0,455.0,13.733728433721236,0.278454613748308,True,True,OK,229.0,228.74373360536288,196.5,231
779,0,201.01992257234193,327.1544245858762,96.0,230.0,238.0,183.0,1.3005464480874316,32116.0,0.7373834779813565,0.6936307782535653,48.04927277209417,0.8651381166391935,dark_blob,75.0,37.0,0.0,455.0,13.707490299334813,0.2769111940785184,True,True,OK,230.0,229.07473776223776,195.5,232
780,0,200.3792916835784,327.25629377543265,95.0,230.0,239.0,183.0,1.3060109289617485,32029.0,0.7323090289686078,0.6822137881704035,47.83535191250077,0.8628931290424243,dark_blob,75.0,37.0,0.0,455.0,13.679925316695028,0.27528972451147227,True,True,OK,230.0,229.42248062015503,195.0,232
781,0,199.58510472022508,327.2348650619985,95.0,230.0,239.0,183.0,1.3060109289617485,31990.0,0.7314173354368155,0.6793092209684294,47.63304256372185,0.8626365173414314,dark_blob,75.0,37.0,0.0,455.0,13.664343786295007,0.2743731638997063,True,True,OK,230.0,229.61904761904762,194.0,233
782,0,198.44850455068794,327.1277005871351,94.0,230.0,236.0,183.0,1.289617486338798,31991.5,0.7407497452996202,0.692004316439963,47.53268165929409,0.8666089828957931,dark_blob,75.0,37.0,0.0,455.0,13.700434722921338,0.2764961601718434,True,True,OK,230.0,229.16374657237697,192.5,231
783,0,197.50352527051373,327.1443434248758,93.0,230.0,235.0,183.0,1.284153005464481,32007.0,0.7442622950819672,0.6949159586797892,47.42950343206975,0.867878295957796,dark_blob,75.0,37.0,0.0,455.0,13.692854304597898,0.27605025321164106,True,True,OK,230.0,229.25937646507268,191.5,231
784,0,196.52048988018893,327.1119070708334,92.0,230.0,235.0,183.0,1.284153005464481,31967.0,0.7433321706778282,0.6998706118676464,47.3371826625387,0.8684732294593256,dark_blob,75.0,36.0,0.0,455.0,13.698200349984784,0.2763647264696932,True,True,OK,230.0,229.1919340463458,190.5,231
785,0,195.7139773846948,327.106236673496,91.0,230.0,236.0,183.0,1.289617486338798,31969.5,0.7402403445401501,0.6957999123605212,47.300560319474975,0.8673836365411284,dark_blob,75.0,36.0,0.0,455.0,13.699716354195967,0.27645390318799806,True,True,OK,230.0,229.1728090701432,189.5,232
786,0,195.1306161344748,327.0364775354621,90.0,229.0,236.0,184.0,1.2826086956521738,32006.0,0.7370578481945468,0.7013596484657223,47.283660090296245,0.8673755968107899,dark_blob,75.0,36.0,0.0,455.0,13.69830548443606,0.27637091084918003,True,True,OK,230.0,229.19060773480663,189.0,231
787,0,194.6670830925871,326.93908729848886,90.0,229.0,235.0,184.0,1.2771739130434783,32018.5,0.7404833487511563,0.7042615552386838,47.28061823802164,0.8684556649165618,dark_blob,75.0,36.0,0.0,455.0,13.69391891891892,0.27611287758346587,True,True,OK,230.0,229.24594594594595,188.0,232
788,0,194.52719606465214,326.9332448400614,89.0,229.0,236.0,184.0,1.2826086956521738,32017.5,0.7373226787030214,0.704239559559069,47.33549723329933,0.867693288363914,dark_blob,75.0,36.0,0.0,455.0,13.700203252032521,0.27648254423720714,True,True,OK,230.0,229.16666666666666,188.0,232
789,0,194.40737788198516,326.9112622118015,89.0,229.0,235.0,184.0,1.2771739130434783,31987.5,0.7397664199814986,0.7057658699378152,47.31892443839346,0.8684513873597622,dark_blob,75.0,36.0,0.0,455.0,13.701467499124753,0.2765569117132208,True,True,OK,230.0,229.15071770334927,188.0,230
790,0,194.70550192194352,327.0201634564733,90.0,230.0,233.0,183.0,1.273224043715847,31955.5,0.7494429981941415,0.7221249091424954,47.39558295130715,0.8723812719643944,dark_blob,75.0,36.0,0.0,455.0,13.699156805924495,0.2764209885837938,True,True,OK,230.0,229.17986798679868,188.5,230
791,0,195.27185104052575,327.129640640484,90.0,230.0,235.0,183.0,1.284153005464481,31955.0,0.7430531333565864,0.7123917183416851,47.52950286510763,0.8695216535978588,dark_blob,75.0,36.0,0.0,455.0,13.692716802168022,0.27604216483341304,True,True,OK,230.0,229.26111111111112,189.0,229
792,0,195.9330546116948,327.1607973317884,91.0,230.0,234.0,183.0,1.278688524590164,31931.5,0.7456797907617579,0.708279370077031,47.593502991227794,0.8694007932929552,dark_blob,75.0,37.0,0.0,455.0,13.678443328550934,0.2752025487382902,True,True,OK,230.0,229.44117647058823,190.0,228
793,0,196.76153449004178,327.3134951056317,92.0,230.0,232.0,183.0,1.2677595628415301,31958.5,0.7527440173355945,0.702941826459673,47.76608857231341,0.8699341997549711,dark_blob,75.0,37.0,0.0,455.0,13.669403710908275,0.2746708065240162,True,True,OK,230.0,229.55521472392638,191.0,230
794,0,197.45023872070718,327.340249979151,93.0,230.0,233.0,183.0,1.273224043715847,31976.0,0.749923778700251,0.7059660159475714,47.81440554678552,0.869641225887265,dark_blob,75.0,37.0,0.0,455.0,13.678548774972144,0.2752087514689497,True,True,OK,230.0,229.43984622342833,191.5,230
795,0,198.17037546718376,327.2750611183219,93.0,230.0,233.0,183.0,1.273224043715847,31973.5,0.7498651469312132,0.7048158871582278,47.73552081721096,0.8695671378542078,dark_blob,75.0,37.0,0.0,455.0,13.666459895118432,0.27449764088931955,True,True,OK,230.0,229.5923520923521,192.5,229
796,0,198.6412782166162,327.22610758999656,94.0,230.0,234.0,183.0,1.278688524590164,32029.0,0.7479566577927234,0.6988024454651063,47.87688884768703,0.8683381990288924,dark_blob,75.0,37.0,0.0,455.0,13.696494793895308,0.2762643996409005,True,True,OK,230.0,229.21345029239765,193.0,230
797,0,199.01563126461198,327.21584370818164,94.0,230.0,234.0,183.0,1.278688524590164,32008.5,0.7474779319041615,0.6914912369545635,47.81470488204557,0.8673422289392072,dark_blob,75.0,37.0,0.0,455.0,13.674372042227887,0.27496306130752274,True,True,OK,230.0,229.49253731343282,193.5,229
798,0,199.16621866599988,327.21463399387386,95.0,230.0,233.0,183.0,1.273224043715847,31994.0,0.7503459274373226,0.6907384108112606,47.85136723583271,0.8678242285145689,dark_blob,75.0,37.0,0.0,455.0,13.676330549468055,0.2750782676157679,True,True,OK,230.0,229.46782999132608,193.5,230
799,0,199.2704976056631,327.2373308348948,95.0,230.0,234.0,183.0,1.278688524590164,32020.0,0.7477464854514034,0.6949385125699863,47.88625475226409,0.8676585656901767,dark_blob,75.0,37.0,0.0,455.0,13.670609756097562,0.27474175035868015,True,True,OK,230.0,229.54,194.0,230
800,0,199.30061675384496,327.2440315403232,95.0,230.0,234.0,183.0,1.278688524590164,32022.5,0.7478048666573257,0.6909141719678542,47.77472493509705,0.8674196856373676,dark_blob,75.0,37.0,0.0,455.0,13.67436795044828,0.2749628206146047,True,True,OK,230.0,229.4925889328063,193.5,230
801,0,199.29412407847056,327.3024490815944,95.0,230.0,237.0,183.0,1.2950819672131149,32012.0,0.7380968850153328,0.6854164689437703,47.78313960677631,0.8646031710493984,dark_blob,75.0,37.0,0.0,455.0,13.672669250056988,0.27486289706217576,True,True,OK,230.0,229.51401869158877,193.5,231
802,0,199.06149504290593,327.3011070149129,94.0,230.0,238.0,183.0,1.3005464480874316,32008.0,0.7349037975846077,0.6817664936979154,47.74540114391715,0.863524745669541,dark_blob,75.0,37.0,0.0,455.0,13.670923972753242,0.27476023369136715,True,True,OK,230.0,229.53603603603602,193.0,231
803,0,198.5953065732983,327.30478095952645,94.0,230.0,238.0,183.0,1.3005464480874316,31988.0,0.7344445975111356,0.6819496790010163,47.69694344759312,0.8635076488554698,dark_blob,75.0,37.0,0.0,455.0,13.665970646216321,0.2744688615421365,True,True,OK,230.0,229.59852415542488,192.5,231
804,0,198.2387060821016,327.32040144578815,93.0,230.0,239.0,183.0,1.3060109289617485,32001.0,0.7316688387406544,0.684567554873354,47.73028635042365,0.8632783560328732,dark_blob,75.0,37.0,0.0,455.0,13.68779744199881,0.2757527907058124,True,True,OK,230.0,229.3231707317073,192.0,231
805,0,197.59911387396392,327.3739639301928,93.0,230.0,236.0,183.0,1.289617486338798,32012.0,0.7412244141891267,0.6941386901500498,47.671736845359554,0.866515309810919,dark_blob,75.0,37.0,0.0,455.0,13.667579661683716,0.2745635095108068,True,True,OK,230.0,229.5782258064516,191.5,232
806,0,197.04455442968143,327.36833778305146,92.0,230.0,236.0,183.0,1.289617486338798,32024.5,0.7415138464388256,0.6985192449148772,47.73391433339514,0.8669996991568415,dark_blob,75.0,37.0,0.0,455.0,13.669580843159425,0.27468122606820145,True,True,OK,230.0,229.55298013245033,191.0,233
807,0,196.48187806324728,327.3856699861601,91.0,230.0,235.0,183.0,1.284153005464481,32033.0,0.7448668759446576,0.6982581459394469,47.667861335969846,0.86783719846877,dark_blob,75.0,37.0,0.0,455.0,13.671102504943969,0.27477073558493936,True,True,OK,230.0,229.53378378378378,190.0,232
808,0,196.03660570911867,327.3016904936366,91.0,230.0,237.0,183.0,1.2950819672131149,32071.5,0.7394687694542437,0.6973898777309414,47.72002098376844,0.8665874699375048,dark_blob,75.0,37.0,0.0,455.0,13.6944287487044,0.27614286757084705,True,True,OK,230.0,229.23951424711373,189.5,233
809,0,195.58420352649023,327.17534781750356,90.0,230.0,238.0,183.0,1.3005464480874316,32081.0,0.7365798778527805,0.7001992180107023,47.643930279191736,0.8664627400069465,dark_blob,75.0,37.0,0.0,455.0,13.699465185992642,0.27643912858780245,True,True,OK,230.0,229.1759776536313,189.0,233
810,0,195.25984460395807,327.0612241720256,90.0,229.0,234.0,184.0,1.2717391304347827,32111.5,0.7458077852099592,0.7065728408687959,47.68947449529974,0.8691897695828017,dark_blob,75.0,37.0,0.0,455.0,13.703197032406777,0.27665864896510456,True,True,OK,230.0,229.12889897579143,188.5,233
811,0,194.91589730815338,326.9091508254062,90.0,229.0,234.0,184.0,1.2717391304347827,32115.5,0.7459006874767744,0.7104161214797449,47.6561575443787,0.8697027985980795,dark_blob,75.0,36.0,0.0,455.0,13.69792242174612,0.27634837774977183,True,True,OK,229.92,229.19544021797202,188.5,233
812,0,194.6854416983129,326.76452613667016,89.0,229.0,236.0,184.0,1.2826086956521738,32126.0,0.7398212969786293,0.7086329447954869,47.69021504713784,0.8684579635595805,dark_blob,75.0,36.0,0.0,455.0,13.760398158617347,0.28002342109513806,True,True,OK,229.0,228.40728476821192,188.0,233
813,0,194.40999077041138,326.62876831658525,89.0,229.0,236.0,184.0,1.2826086956521738,32143.0,0.7402127855563744,0.7090079302168356,47.613733641262506,0.8687801823072637,dark_blob,75.0,36.0,0.0,455.0,13.76853798710401,0.28050223453552997,True,True,OK,229.0,228.30459770114942,188.0,233
814,0,194.1837429464161,326.5384300496924,89.0,229.0,236.0,184.0,1.2826086956521738,32164.5,0.7407079034635224,0.7099385522109755,47.54974305320491,0.8692244046622055,dark_blob,75.0,36.0,0.0,455.0,13.786197747651089,0.2815410439794758,True,True,OK,229.0,228.08181302963243,187.5,234
815,0,193.88375574306298,326.3093821059883,89.0,228.0,235.0,185.0,1.2702702702702702,32176.5,0.7401150086256469,0.7108498237573294,47.35132890365448,0.8696109130362935,dark_blob,75.0,36.0,0.0,455.0,13.792194821578757,0.28189381303404454,True,True,OK,229.0,228.00615763546799,187.5,231
816,0,193.50754784447244,326.1277977291689,89.0,228.0,235.0,185.0,1.2702702702702702,32161.5,0.7397699827487062,0.7067650358387664,47.274696867113924,0.8693424139866865,dark_blob,75.0,36.0,0.0,455.0,13.818328550932568,0.28343109123132754,True,True,OK,228.0,227.6764705882353,187.0,229
817,0,193.11254819052357,325.9246414210504,88.0,228.0,235.0,185.0,1.2702702702702702,32164.0,0.7398274870615296,0.7101166779423015,47.019603015848595,0.870369288154519,dark_blob,75.0,36.0,0.0,455.0,13.841066602811889,0.284768623694817,True,True,OK,228.0,227.3896213183731,186.5,229
818,0,192.6268879358568,325.67980193506946,88.0,227.0,235.0,186.0,1.2634408602150538,32178.0,0.7361702127659574,0.7189489135109043,46.980773963332105,0.8708868902105412,dark_blob,75.0,36.0,0.0,455.0,13.872983358739836,0.2866460799258727,True,True,OK,228.0,226.98697916666669,186.5,230
819,0,192.12127185154142,325.41203768372367,88.0,227.0,233.0,186.0,1.2526881720430108,32215.5,0.7433545618164198,0.725442095586516,46.73579571643672,0.8740088966352745,dark_blob,75.0,35.0,0.0,455.0,13.925077841203944,0.28971046124729083,True,True,OK,227.0,226.32978723404256,186.0,229
820,0,191.4161740596507,324.978464927932,87.0,226.0,233.0,187.0,1.2459893048128343,32226.5,0.7396318652314613,0.7141715016289134,46.60057744878214,0.8723331609496273,dark_blob,75.0,35.0,0.0,455.0,13.965942209417435,0.29211424761279026,True,True,OK,226.0,225.8142675119647,185.5,229
821,0,190.44685892858988,324.3840168048096,87.0,225.0,232.0,188.0,1.2340425531914894,32213.0,0.7385592443140132,0.7203900008883178,46.337871058939214,0.8735795124727433,dark_blob,75.0,35.0,0.0,455.0,14.007253994953743,0.2945443526443378,True,True,OK,225.62,225.29310344827587,185.0,228
822,0,189.6361861675756,323.73610250371837,86.0,224.0,233.0,189.0,1.2328042328042328,32272.0,0.7328382950700547,0.7125011024599788,46.056651228414566,0.8723506249552894,dark_blob,75.0,35.0,0.0,455.0,14.083126905487806,0.29900746502869446,True,True,OK,224.0,224.3359375,184.0,226
823,0,188.6992018126577,322.89018487048764,86.0,223.0,231.0,190.0,1.2157894736842105,32365.0,0.7374117110959216,0.7237892279824056,45.93194469933321,0.8754613724946971,dark_blob,75.0,35.0,0.0,455.0,14.171259519907453,0.3041917364651443,True,True,OK,223.0,223.22411067193676,183.5,225
824,0,187.6670456815353,321.8166950927818,85.0,221.0,230.0,192.0,1.1979166666666667,32540.5,0.7368772644927536,0.7150937518296433,45.824080552429045,0.8753067684339555,dark_blob,75.0,35.0,0.0,455.0,14.307926829268293,0.3122309899569584,True,True,OK,221.0,221.5,183.0,224
825,0,186.73267150583547,320.5452604611443,84.0,219.0,230.0,194.0,1.1855670103092784,32788.0,0.7348274316450022,0.7184959122781458,45.72409420289855,0.8766643351882921,dark_blob,75.0,34.0,0.0,455.0,14.51393221781055,0.32434895398885594,True,True,OK,219.0,218.90116279069767,182.0,224
826,0,185.70757756834033,318.87539647721485,83.0,216.0,229.0,197.0,1.1624365482233503,33051.5,0.7326380422494625,0.7190800490632133,45.66264266243297,0.877552679313465,dark_blob,75.0,34.0,0.0,455.0,14.71514825442372,0.33618519143668946,True,True,OK,216.0,216.36274509803923,181.0,221
827,0,184.58397948318012,316.65030920207363,82.0,212.0,229.0,200.0,1.145,33338.5,0.7279148471615721,0.708761967716877,45.961424244224034,0.8760469257053407,dark_blob,75.0,35.0,0.0,455.0,14.941151446398186,0.3494794968469521,True,True,OK,213.0,213.51162790697674,180.0,218
828,0,183.50485205691493,313.66068345537894,81.0,208.0,226.0,204.0,1.107843137254902,33594.0,0.7286569495054659,0.6931980044016657,46.60899419444199,0.8751943544829702,dark_blob,75.0,36.0,0.0,455.0,15.292439024390246,0.37014347202295567,True,True,OK,208.0,209.07999999999998,179.5,216
829,0,182.19327171903882,309.7208379544054,81.0,203.0,221.0,209.0,1.0574162679425838,33812.5,0.7320465911797182,0.7062381874029444,47.63049398260666,0.8778716268514747,dark_blob,75.0,36.0,0.0,455.0,15.680667144906744,0.392980420288632,True,True,OK,203.0,204.18235294117648,178.0,213
830,0,180.0187900134465,302.19058943946055,80.0,196.0,206.0,214.0,0.9626168224299065,33218.0,0.7535160148806823,0.6300225586577836,48.70448045757865,0.8743653705231175,dark_blob,75.0,38.0,0.0,455.0,16.18055952920233,0.4223858546589606,True,True,OK,196.0,197.876018246986,176.5,200
831,0,177.48129965728893,285.7743947458318,78.0,187.0,193.0,208.0,0.9278846153846154,30249.0,0.7535123555201275,0.6469480843589399,48.89921187743223,0.8800526838565882,dark_blob,75.0,40.0,0.0,455.0,16.864329268292682,0.46260760401721657,True,True,OK,187.0,189.25,175.0,192
832,0,172.6183773216031,263.13035032951785,77.0,175.0,192.0,184.0,1.0434782608695652,26427.5,0.7480610280797102,0.8722848909226418,47.66582989883852,0.9137604299562071,dark_blob,75.0,44.0,0.0,455.0,17.808062330623308,0.5181213135660769,True,True,OK,175.0,177.34444444444443,174.0,191
833,0,170.6717042486273,243.80681939335784,76.0,160.0,190.0,176.0,1.0795454545454546,25012.0,0.7479665071770335,0.8722152842598387,48.65220832673737,0.9189540550970168,dark_blob,75.0,48.0,0.0,455.0,19.010333947816225,0.5888431734009544,True,True,OK,160.0,162.17732558139534,172.5,190
834,0,176.78538412434722,213.73077840074447,74.0,108.0,189.0,196.0,0.9642857142857143,21670.5,0.584993521218011,0.30316609926251836,38.63571299148396,0.8381810189133896,dark_blob,75.0,50.0,0.0,455.0,23.2120761451517,0.8360044791265705,True,True,OK,109.0,109.17073170731706,158.5,189
835,0,166.85902364738672,202.52146079360972,71.0,105.0,192.0,197.0,0.9746192893401016,29002.5,0.7667750634517766,0.86338102411339,45.19263736639005,0.9541599410905282,dark_blob,75.0,38.0,0.0,455.0,23.370934959349594,0.8453491152558584,True,True,OK,106.0,107.16666666666667,160.0,192
836,0,166.086505543917,201.6352766848909,70.0,104.0,193.0,197.0,0.9796954314720813,29356.5,0.7721127797795955,0.870776094571056,45.62203927390512,0.9558566065894816,dark_blob,75.0,37.0,0.0,455.0,23.446192564085898,0.8497760331815234,True,True,OK,105.0,106.21726303768557,159.5,193
837,0,166.13944276602888,201.1781861922345,69.0,103.0,195.0,199.0,0.9798994974874372,29790.0,0.7676845767298028,0.8753547608635909,45.80516759776537,0.955374084876558,dark_blob,75.0,37.0,0.0,455.0,23.49437881097561,0.852610518292683,True,True,OK,104.0,105.609375,160.0,194
838,0,168.35605456639203,201.17482172911684,71.0,102.0,195.0,200.0,0.975,30104.0,0.7718974358974359,0.8738585715518835,45.67681321574305,0.9567915415651489,dark_blob,75.0,36.0,0.0,455.0,23.56774417690872,0.8569261280534543,True,True,OK,103.0,104.68384269130539,161.5,194
839,0,169.3648213675496,202.38889623775034,72.0,103.0,195.0,201.0,0.9701492537313433,30239.0,0.7715014670238551,0.8724651905739153,45.34864369021098,0.9566484645363154,dark_blob,75.0,36.0,0.0,455.0,23.482018417122948,0.8518834363013499,True,True,OK,104.0,105.76530612244898,163.0,195
840,0,168.58575005333063,203.43599761976938,72.0,105.0,194.0,199.0,0.9748743718592965,29689.0,0.7690255400714915,0.8692695469479663,45.34305351661551,0.954774270495389,dark_blob,75.0,36.0,0.0,455.0,23.319209039548024,0.8423064140910602,True,True,OK,106.0,107.81920903954801,161.5,194
841,0,168.45720636854992,203.27271701477042,72.0,106.0,194.0,197.0,0.9847715736040609,29541.0,0.7729603851588257,0.8724533814794572,45.18264426784696,0.9562864236422091,dark_blob,75.0,37.0,0.0,455.0,23.3133574999805,0.841962205881206,True,True,OK,106.0,107.89302846178445,161.5,193
842,0,168.53950370470767,202.30730437336223,72.0,105.0,194.0,197.0,0.9847715736040609,29512.0,0.772201580407138,0.8738150061299076,44.925421225750156,0.9572258354173452,dark_blob,75.0,36.0,0.0,455.0,23.391606886657105,0.8465651109798297,True,True,OK,105.0,106.90588235294118,161.5,193
843,0,168.6424554879423,201.89811246337612,72.0,104.0,194.0,198.0,0.9797979797979798,29580.0,0.7700718525460793,0.8736051939201449,44.867825329850646,0.9571793573536973,dark_blob,75.0,36.0,0.0,455.0,23.449102303523038,0.8499471943248845,True,True,OK,105.0,106.18055555555556,162.0,194
844,0,168.6373960143766,202.2852763669293,72.0,104.0,194.0,198.0,0.9797979797979798,29631.5,0.7714125794022701,0.8767000791807336,44.901982415672116,0.9576729551989559,dark_blob,75.0,36.0,0.0,455.0,23.43073384681215,0.8488666968713029,True,True,OK,105.0,106.41228070175438,162.0,193
845,0,168.5563400105845,202.49822653109482,72.0,105.0,194.0,198.0,0.9797979797979798,29603.0,0.7706706237634072,0.8742844651791214,44.95097875188221,0.956957549544808,dark_blob,75.0,36.0,0.0,455.0,23.401698606271776,0.8471587415453986,True,True,OK,105.0,106.77857142857144,161.5,193
846,0,168.58344322344323,202.24626655395886,72.0,105.0,194.0,197.0,0.9847715736040609,29575.0,0.7738500183159768,0.8734575225068677,45.05757443815521,0.9574733952217647,dark_blob,75.0,36.0,0.0,455.0,23.42159367771103,0.8483290398653547,True,True,OK,105.0,106.52758745041471,161.5,193
847,0,168.63131347287504,201.82719597831354,72.0,104.0,194.0,198.0,0.9797979797979798,29573.0,0.7698896178277621,0.8733984548995543,44.99263105007536,0.9568304920886923,dark_blob,75.0,36.0,0.0,455.0,23.440594974131564,0.8494467631842096,True,True,OK,105.0,106.28787878787878,162.0,193
848,0,168.74799404137184,201.93090586947443,72.0,104.0,194.0,198.0,0.9797979797979798,29537.0,0.768952410704988,0.8723352449898465,44.98316509607969,0.9565571307131029,dark_blob,75.0,36.0,0.0,455.0,23.447769576379976,0.8498687986105868,True,True,OK,105.0,106.19736842105263,162.0,192
849,0,168.90348068201712,202.26351637552736,72.0,104.0,194.0,198.0,0.9797979797979798,29510.5,0.7682625221285015,0.873120079942083,44.994562298603654,0.956280679685799,dark_blob,75.0,36.0,0.0,455.0,23.414139749505605,0.8478905735003297,True,True,OK,105.0,106.62162162162163,162.0,193
850,0,169.04863010208416,202.8374976644642,73.0,105.0,193.0,198.0,0.9747474747474747,29436.5,0.7703066938818234,0.8731490624395156,44.98583350158153,0.956288356724577,dark_blob,75.0,36.0,0.0,455.0,23.335788792207218,0.8432816936592481,True,True,OK,106.0,107.61004908292432,162.5,193
851,0,169.07646445411677,203.13105277475518,73.0,105.0,193.0,198.0,0.9747474747474747,29408.0,0.7695608939132256,0.8716536881992036,44.938226279093264,0.9561686722510656,dark_blob,75.0,37.0,0.0,455.0,23.358604336043364,0.844623784473139,True,True,OK,106.0,107.32222222222222,162.5,193
852,0,169.0685443457285,203.34413168668354,73.0,105.0,193.0,198.0,0.9747474747474747,29433.5,0.770228188621971,0.8730600754330785,44.914824162880706,0.956316060414549,dark_blob,75.0,36.0,0.0,455.0,23.322609114249037,0.8425064184852374,True,True,OK,106.0,107.77631578947368,162.0,193
853,0,168.98077488355264,204.24192217247773,73.0,105.0,193.0,199.0,0.9698492462311558,29484.0,0.7676725596896399,0.8685623923170216,45.00144460122287,0.9550698668761658,dark_blob,75.0,36.0,0.0,455.0,23.325487804878048,0.8426757532281205,True,True,OK,106.0,107.74,161.0,193
854,0,168.85271762996993,206.24956367034872,73.0,106.0,193.0,201.0,0.9601990049751243,29603.0,0.7631015904931302,0.8571557124497792,45.60695285575669,0.9519329586555855,dark_blob,75.0,37.0,0.0,455.0,23.388490624771112,0.8463818014571243,True,True,OK,106.0,106.9451951951952,159.5,192
855,0,168.87276517141453,210.51917504109542,73.0,107.0,193.0,204.0,0.946078431372549,29504.5,0.7493777303667581,0.8267940299538535,45.92228935884525,0.9443701855943644,dark_blob,75.0,38.0,0.0,455.0,23.33484533016062,0.843226195891801,True,True,OK,107.0,107.6219512195122,164.0,192
856,0,168.84718265408827,216.6456552767305,73.0,109.0,193.0,208.0,0.9278846153846154,29309.5,0.7301091072140294,0.7770208881001531,46.65160113498176,0.9320274450157475,dark_blob,75.0,39.0,0.0,455.0,23.203468274344395,0.8354981337849644,True,True,OK,109.0,109.27932330827068,159.5,191
857,0,169.39021152314365,228.042334129864,74.0,136.0,192.0,190.0,1.0105263157894737,28247.5,0.774328399122807,0.8862192632728686,46.321107994389905,0.9419951195534967,dark_blob,75.0,40.0,0.0,455.0,20.914846851956895,0.7008733442327585,True,True,OK,136.0,138.15116279069767,167.0,191
858,0,169.5931299249976,238.2125462831102,74.0,146.0,191.0,190.0,1.0052631578947369,28088.0,0.7739873243317719,0.8884603754320922,46.72513135159914,0.9365342556988716,dark_blob,75.0,41.0,0.0,455.0,20.082291666666666,0.6518995098039215,True,True,OK,146.0,148.65416666666667,167.5,191
859,0,169.9426796529808,249.83846627564228,75.0,158.0,191.0,190.0,1.0052631578947369,27875.5,0.7681317167263709,0.8866761750829859,46.75803872801563,0.9296170563555435,dark_blob,75.0,41.0,0.0,455.0,19.17176882912524,0.5983393428897201,True,True,OK,158.0,160.1407624633431,168.5,190
860,0,170.22574013157896,264.0894295861937,75.0,172.0,191.0,194.0,0.9845360824742269,27968.0,0.7547903060398338,0.8786818829754296,46.8561866987747,0.9190925656460414,dark_blob,75.0,41.0,0.0,455.0,18.074836031973767,0.533813884233751,True,True,OK,172.0,173.97899159663865,169.5,190
861,0,174.38159406180299,292.5776349203896,76.0,187.0,195.0,219.0,0.8904109589041096,32355.5,0.7576513288842056,0.5633707075268549,49.04905106812139,0.8706840337381804,dark_blob,75.0,39.0,0.0,455.0,16.869944105691058,0.46293788857006224,True,True,OK,187.0,189.17916666666667,171.5,193
862,0,175.80732590767803,310.0073853532224,76.0,204.0,214.0,206.0,1.0388349514563107,33083.5,0.7504650213229289,0.7150917361024647,47.379709711207546,0.8825580832049001,dark_blob,75.0,37.0,0.0,455.0,15.52949293966624,0.384087819980367,True,True,OK,204.0,206.08947368421053,172.5,209
863,0,176.84006900737995,321.47540014696017,77.0,222.0,220.0,190.0,1.1578947368421053,31301.0,0.7488277511961723,0.742264220392767,45.814484503478816,0.8800257254623802,dark_blob,75.0,35.0,0.0,455.0,14.106856038072577,0.3004032963572104,True,True,OK,222.0,224.03658536585365,173.0,215
864,0,179.00699457400324,323.8083294652432,79.0,224.0,223.0,189.0,1.17989417989418,31238.5,0.741179680641564,0.7393028335376689,45.14700849283813,0.8785606648653833,dark_blob,75.0,35.0,0.0,455.0,13.990853658536587,0.29357962697274037,True,True,OK,225.0,225.5,173.0,217
865,0,183.3126556933718,320.67652703018956,82.0,220.0,226.0,192.0,1.1770833333333333,32047.5,0.7385577986725663,0.7324330609121252,45.718482592443856,0.8781462475337288,dark_blob,75.0,35.0,0.0,455.0,14.340544404247872,0.31414967083811013,True,True,OK,220.0,221.08851674641147,176.5,220
866,0,187.97219453254795,316.9888335095403,86.0,213.0,226.0,199.0,1.135678391959799,33105.0,0.7360919642460088,0.7182182163026757,46.294203852135425,0.8780339045631752,dark_blob,75.0,36.0,0.0,455.0,14.88695780453597,0.34629163556093934,True,True,OK,213.2,214.195301542777,181.5,221
867,0,192.7169010023409,314.58824363090787,90.0,208.0,228.0,205.0,1.1121951219512196,34103.5,0.72964270432178,0.7062688142396949,46.863248359561,0.8766148081634927,dark_blob,75.0,36.0,0.0,455.0,15.311529659906165,0.3712664505827156,True,True,OK,209.0,208.83916429041454,186.5,221
868,0,197.7858981006702,313.4121776036565,95.0,206.0,229.0,207.0,1.106280193236715,34714.0,0.7323165200514735,0.7090216424169365,47.75341606047639,0.8771004048386533,dark_blob,75.0,36.0,0.0,455.0,15.521885377304478,0.38364031631202816,True,True,OK,206.0,206.18544600938966,193.0,221
869,0,202.64087075614503,312.74237247411037,100.0,205.0,227.0,207.0,1.0966183574879227,34682.5,0.7380982783204579,0.6859366955877708,48.71585588671919,0.8743650687660378,dark_blob,75.0,36.0,0.0,455.0,15.618830558510524,0.3893429740300308,True,True,OK,205.0,204.96244526186723,198.5,224
870,0,207.87951864740108,312.8401760440683,105.0,204.0,229.0,208.0,1.1009615384615385,34915.5,0.7330261168962042,0.65770660381406,48.93371136943578,0.8695779514809123,dark_blob,75.0,36.0,0.0,455.0,15.639634146341464,0.39056671449067437,True,True,OK,204.0,204.7,205.0,225
871,0,213.7011835018984,314.26803504640856,110.0,205.0,230.0,206.0,1.116504854368932,35248.5,0.7439531447868298,0.6707655223999984,48.782125101817265,0.8727554084698471,dark_blob,75.0,37.0,0.0,455.0,15.457317073170731,0.3798421807747489,True,True,OK,205.44,207.0,212.5,225
872,0,220.0060027090611,317.9281338371236,111.0,210.0,232.0,202.0,1.1485148514851484,35067.5,0.7482822635711847,0.6703829885394107,48.60939044015924,0.8713459712542146,dark_blob,75.0,36.0,0.0,455.0,15.008907221425156,0.35346513067206803,True,True,OK,210.5,212.65686274509804,220.0,226
873,0,225.82687535332047,322.8996569796966,113.0,215.0,235.0,201.0,1.1691542288557213,34789.0,0.7365089446385096,0.6673851216501719,48.39917472965282,0.8659109087285448,dark_blob,75.0,36.0,0.0,455.0,14.51844262295082,0.3246142719382835,True,True,OK,216.0,218.84426229508196,226.0,233
874,0,228.21185382860585,322.8283189141882,113.0,216.0,240.0,200.0,1.2,34849.5,0.72603125,0.6485456816988755,47.7041813430292,0.8627484682930796,dark_blob,75.0,36.0,0.0,455.0,14.534620079427757,0.3255658870251622,True,True,OK,217.0,218.64017745952677,227.5,236
875,0,228.38602231255516,318.9615266584517,114.0,211.0,240.0,202.0,1.188118811881188,35301.5,0.7281662541254126,0.6212084147814438,47.69640554029048,0.8620772726336035,dark_blob,75.0,35.0,0.0,455.0,14.896046420141621,0.34682626000833067,True,True,OK,211.98,214.08064516129033,228.0,234
876,0,228.33751998595207,315.67505383499224,114.0,205.0,239.0,208.0,1.1490384615384615,36067.0,0.725518989378822,0.5934383607487307,47.50930245321333,0.8613520849975729,dark_blob,75.0,35.0,0.0,455.0,15.378422687528763,0.37520133456051546,True,True,OK,206.0,207.99528301886792,227.5,234
877,0,228.5753253322297,313.19569135972773,114.0,202.0,239.0,210.0,1.138095238095238,36245.0,0.7221558079298666,0.5493535816791162,47.278422273781906,0.8575068525343009,dark_blob,75.0,35.0,0.0,455.0,15.675973692815985,0.3927043348715285,True,True,OK,203.0,204.24156264447527,227.5,233
878,0,228.24008073024171,312.2673134259896,118.0,201.0,233.0,211.0,1.1042654028436019,36335.0,0.7390720663913919,0.5630163099108066,47.14760348583878,0.8641456237284899,dark_blob,75.0,35.0,0.0,455.0,15.852881396461024,0.4031106703800602,True,True,OK,201.86,202.00980392156862,227.0,232
879,0,227.96936981712085,312.6292717048163,119.0,201.0,233.0,211.0,1.1042654028436019,36217.0,0.7366718873949921,0.5770782882553134,47.109981692488454,0.8650838477625976,dark_blob,75.0,35.0,0.0,455.0,15.803090832632465,0.40018181368426264,True,True,OK,202.0,202.63793103448276,227.0,230
880,0,227.66646677916148,314.41186588013255,118.0,204.0,234.0,208.0,1.125,35853.5,0.7366350262984879,0.5848853252871662,47.13847257873092,0.8638911459442625,dark_blob,75.0,35.0,0.0,455.0,15.45152498629092,0.3795014697818188,True,True,OK,205.0,207.07306940371456,226.5,232
881,0,226.66505916623692,318.4920716777937,118.0,209.0,236.0,205.0,1.1512195121951219,35873.5,0.74149441918148,0.6818444224454049,47.393049383056834,0.8738076554547796,dark_blob,75.0,35.0,0.0,455.0,15.059174057649669,0.356422003391157,True,True,OK,210.0,212.02272727272725,226.5,235
882,0,225.65762441223023,320.9460992512753,116.0,212.0,239.0,204.0,1.1715686274509804,35905.5,0.7364324390844204,0.6651864960047531,47.050519813584096,0.8706376683101983,dark_blob,75.0,34.0,0.0,455.0,14.939814923861457,0.3494008778742033,True,True,OK,213.0,213.5284886528247,225.5,238
883,0,222.75222272453283,320.51252637130796,113.0,212.0,240.0,202.0,1.188118811881188,35392.0,0.73003300330033,0.6689971841224392,47.47409500363677,0.8682926000739887,dark_blob,75.0,35.0,0.0,455.0,14.837238091340646,0.34336694654944977,True,True,OK,213.22,214.82253484770263,222.5,238
884,0,219.38944512200885,320.1905389946204,109.0,213.0,237.0,200.0,1.185,35257.0,0.7438185654008439,0.6749806551678149,47.62185463940687,0.8716162093414664,dark_blob,75.0,35.0,0.0,455.0,14.812850411783339,0.3419323771637258,True,True,OK,214.0,215.1301948051948,218.5,236
885,0,215.82638680230644,320.93822285177396,105.0,215.0,239.0,198.0,1.207070707070707,34945.5,0.7384620261189299,0.6822566488683679,47.99572165240551,0.8699446411378181,dark_blob,75.0,36.0,0.0,455.0,14.699314024390244,0.3352537661406026,True,True,OK,216.0,216.5625,214.5,237
886,0,212.0286341052387,323.10440092589903,102.0,218.0,241.0,196.0,1.2295918367346939,34417.0,0.7286180032178846,0.6782768348761898,48.39507522365734,0.8648379699117127,dark_blob,75.0,36.0,0.0,455.0,14.407012195121952,0.3180595408895266,True,True,OK,220.0,220.25,210.0,235
887,0,208.68106672156136,324.3998392369637,99.0,221.0,242.0,193.0,1.2538860103626943,34004.5,0.728054211450349,0.6850406932503914,48.5795097240014,0.8642558788892185,dark_blob,75.0,37.0,0.0,455.0,14.249901566091122,0.3088177391818307,True,True,OK,222.0,222.23201101238894,206.5,236
888,0,206.07020483619036,324.03512960436564,96.0,221.0,245.0,192.0,1.2760416666666667,33718.0,0.7167942176870749,0.6748428876092487,48.706661186624785,0.8601493093585562,dark_blob,75.0,37.0,0.0,455.0,14.220539520835104,0.3070905600491237,True,True,OK,223.0,222.60242450638793,203.5,237
889,0,203.72055900127225,324.12790235368954,94.0,222.0,246.0,190.0,1.2947368421052632,33536.0,0.7175010697475396,0.6754305696986055,48.54290015052684,0.8607578603826591,dark_blob,75.0,37.0,0.0,455.0,14.23342799999224,0.3078487058818965,True,True,OK,223.0,222.43983138471327,199.5,239
890,0,201.59177544706858,325.7399029150632,92.0,225.0,244.0,188.0,1.297872340425532,33132.5,0.7222815660969655,0.6806063485249901,48.40507274519762,0.8614612994243923,dark_blob,75.0,36.0,0.0,455.0,14.025100131516023,0.2955941253832955,True,True,OK,226.0,225.06796757164403,196.5,240
891,0,198.98726196735845,327.54708071716516,91.0,229.0,241.0,184.0,1.309782608695652,32331.0,0.7290952552769259,0.6862967436407745,48.44818930419078,0.8618453561592745,dark_blob,75.0,37.0,0.0,455.0,13.733782181571817,0.27845777538657746,True,True,OK,229.0,228.74305555555554,194.0,237
892,0,196.7234680261045,328.6120128854694,89.0,231.0,241.0,183.0,1.3169398907103824,31974.0,0.724984694918713,0.693314710533941,48.3086542032933,0.8612846147075063,dark_blob,75.0,37.0,0.0,455.0,13.60420687839972,0.27083569872939534,True,True,OK,231.0,230.37769784172662,192.0,238
893,0,194.91106257725264,328.2244254498984,88.0,231.0,239.0,183.0,1.3060109289617485,31822.0,0.7275761940690948,0.6966960511440534,48.16734566941378,0.8625826864502701,dark_blob,75.0,37.0,0.0,455.0,13.614150467632497,0.27142061574308807,True,True,OK,231.0,230.25225563909774,190.5,235
894,0,193.13310619501445,326.4387747091426,87.0,228.0,235.0,185.0,1.2702702702702702,31845.5,0.7325014376078206,0.7048194395710263,48.134638694638696,0.8656978225879833,dark_blob,75.0,37.0,0.0,455.0,13.783785465405675,0.2813991450238632,True,True,OK,228.0,228.1122448979592,189.0,232
895,0,191.26843242961687,324.4023074719379,87.0,225.0,234.0,188.0,1.2446808510638299,31997.5,0.7273481542098563,0.7126085866007197,47.79192575406032,0.8676716427783498,dark_blob,75.0,37.0,0.0,455.0,14.043502002184203,0.29667658836377664,True,True,OK,225.0,224.83582089552237,187.0,228
896,0,189.4618576776686,322.8630719005295,86.0,223.0,229.0,189.0,1.2116402116402116,32009.5,0.7395739469975278,0.7262927413392725,47.39324591786245,0.8736715089697272,dark_blob,75.0,36.0,0.0,455.0,14.201012496236073,0.3059419115432984,True,True,OK,223.0,222.8487654320988,185.5,225
897,0,187.8885786775639,322.0721735242433,85.0,222.0,227.0,190.0,1.194736842105263,32057.0,0.7432645490377927,0.7291897741795372,47.22197517139151,0.8756082788012849,dark_blob,75.0,37.0,0.0,455.0,14.278848880841222,0.31052052240242484,True,True,OK,222.0,221.86682950323382,184.5,223
898,0,186.30524674514695,321.69162963540447,83.0,221.0,228.0,191.0,1.193717277486911,32067.5,0.7363713603380179,0.7282802136046813,46.82054764918347,0.8750801853556481,dark_blob,75.0,36.0,0.0,455.0,14.336906635195385,0.3139356844232579,True,True,OK,221.0,221.13440860215053,183.0,221
899,0,184.53986548408642,321.4712716879728,82.0,220.0,225.0,193.0,1.16580310880829,32189.5,0.7412665515256189,0.7386932564211094,46.5732213712282,0.8782043633092366,dark_blob,75.0,36.0,0.0,455.0,14.394081355019624,0.3172989032364485,True,True,OK,220.0,220.4131275212909,181.5,221
900,0,182.82236631195772,321.1284915045657,80.0,219.0,228.0,194.0,1.175257731958763,32233.0,0.7287258093687827,0.7289851931796083,46.53088429523605,0.874958703481301,dark_blob,75.0,36.0,0.0,455.0,14.494852524106637,0.3232266190650963,True,True,OK,220.0,219.14186046511628,180.0,220
901,0,181.00391901730254,320.7390264933831,78.0,219.0,225.0,194.0,1.1597938144329898,32278.5,0.7394845360824742,0.7433727106249628,46.40305512100856,0.8795515994541251,dark_blob,75.0,36.0,0.0,455.0,14.539909742317763,0.32587704366575077,True,True,OK,219.0,218.57344632768363,178.0,219
902,0,179.37255751796872,320.5903544211053,76.0,219.0,226.0,194.0,1.1649484536082475,32301.5,0.736737067785786,0.739890439603229,46.41091187739463,0.8785598289763175,dark_blob,75.0,36.0,0.0,455.0,14.54737890649367,0.3263164062643335,True,True,OK,219.0,218.4792199488491,176.5,220
903,0,177.7419744109411,320.4074601234587,75.0,219.0,225.0,194.0,1.1597938144329898,32318.5,0.7404009163802978,0.7419385752701703,46.43787145395503,0.879631861198666,dark_blob,75.0,36.0,0.0,455.0,14.559711675628064,0.32704186327223905,True,True,OK,219.0,218.32363732284597,174.5,220
904,0,176.48668688392522,320.0330146806032,73.0,218.0,227.0,195.0,1.1641025641025642,32480.5,0.7337738619676946,0.7383408389620255,46.37043133668648,0.8783279953294156,dark_blob,75.0,36.0,0.0,455.0,14.637254035583835,0.331603178563755,True,True,OK,218.0,217.34541062801932,173.0,221
905,0,175.54436075616027,319.83711464613145,72.0,217.0,228.0,196.0,1.163265306122449,32594.5,0.7293792517006803,0.7336973502042252,46.39188942891859,0.8767819874319609,dark_blob,75.0,36.0,0.0,455.0,14.639993623465646,0.33176433079209683,True,True,OK,218.0,217.31084967320263,171.5,223
906,0,174.91456773488895,319.9688158707313,71.0,217.0,229.0,196.0,1.1683673469387754,32655.5,0.7275532483735853,0.731821212578432,46.429247142294045,0.8759185971060083,dark_blob,75.0,36.0,0.0,455.0,14.611539346525541,0.3300905497956201,True,True,OK,218.0,217.66981132075472,171.0,223
907,0,174.69534302833412,320.0336771023287,71.0,218.0,229.0,195.0,1.1743589743589744,32628.5,0.7306796551338036,0.7407378905857513,46.4356943432872,0.8775580061128804,dark_blob,75.0,35.0,0.0,455.0,14.593725341828502,0.3290426671663825,True,True,OK,218.0,217.89454184154812,170.5,222
908,0,174.9335142677523,320.1970089598315,71.0,218.0,228.0,195.0,1.1692307692307693,32608.5,0.7334345479082321,0.7442799916220554,46.49266648446752,0.8784322823177888,dark_blob,75.0,36.0,0.0,455.0,14.585448770282682,0.3285558100166283,True,True,OK,218.0,217.99895397489541,171.5,222
909,0,175.8170479553713,320.70101847586875,72.0,219.0,229.0,194.0,1.1804123711340206,32565.0,0.7330167019313015,0.7404618507438496,46.552785210411095,0.8773028886941875,dark_blob,75.0,36.0,0.0,455.0,14.50609756097561,0.32388809182209466,True,True,OK,219.0,219.0,172.0,222
910,0,177.00038021836866,321.28002055234424,73.0,220.0,229.0,193.0,1.1865284974093264,32437.5,0.7339299047446659,0.7380444594179228,46.58322395531272,0.8767939213845763,dark_blob,75.0,36.0,0.0,455.0,14.444512195121952,0.32026542324246776,True,True,OK,220.0,219.77692307692308,173.0,222
911,0,178.89296201279635,321.86387661113343,75.0,221.0,229.0,192.0,1.1927083333333333,32353.0,0.7358306040756915,0.7366027636608895,46.73161550937969,0.8763577539842954,dark_blob,75.0,36.0,0.0,455.0,14.376145602365115,0.31624385896265383,True,True,OK,221.0,220.63939393939393,175.0,223
912,0,180.98628898053684,322.41224017282184,77.0,222.0,232.0,191.0,1.2146596858638743,32249.0,0.7277712583498827,0.7328802751943748,46.93270913277053,0.8733373973089416,dark_blob,75.0,36.0,0.0,455.0,14.303473518885907,0.3119690305227004,True,True,OK,222.0,221.55618022328548,176.5,225
913,0,183.12776989780278,322.9892295462693,79.0,223.0,232.0,189.0,1.2275132275132274,32078.5,0.7315841087392811,0.7357462321487689,47.03934820849921,0.8736010457182561,dark_blob,75.0,36.0,0.0,455.0,14.181535015018008,0.3047961773540005,True,True,OK,223.0,223.0944813490036,178.5,225
914,0,185.58267856211194,323.6892367089268,81.0,224.0,234.0,188.0,1.2446808510638299,31945.0,0.7261547554100746,0.7305685054711283,47.293439524001364,0.8708281442037858,dark_blob,75.0,36.0,0.0,455.0,14.09936656405399,0.2999627390619994,True,True,OK,224.5,224.13106796116506,181.0,226
915,0,188.22924650792652,324.5938828506209,84.0,226.0,232.0,186.0,1.2473118279569892,31834.0,0.7377178346310715,0.7227819016839389,47.61503062715712,0.8710863087280746,dark_blob,75.0,36.0,0.0,455.0,13.973108141203749,0.29253577301198525,True,True,OK,226.0,225.7238665263527,183.5,227
916,0,191.03390416339357,325.4998481277821,86.0,227.0,234.0,185.0,1.2648648648648648,31825.0,0.7351582351582352,0.7278241571943945,48.074185822265086,0.8697179132347528,dark_blob,75.0,36.0,0.0,455.0,13.879491374182034,0.2870289043636491,True,True,OK,227.0,226.9048780487805,186.0,228
917,0,194.1439238262561,326.43322509634135,88.0,228.0,236.0,185.0,1.2756756756756757,31874.5,0.7300618415025195,0.7114376368200336,48.475001552698586,0.8653706428110907,dark_blob,75.0,36.0,0.0,455.0,13.792682926829269,0.281922525107604,True,True,OK,228.0,228.0,189.5,231
918,0,197.12543397331325,327.4548197180742,91.0,229.0,241.0,184.0,1.309782608695652,31876.0,0.7188345661194299,0.6766383665030098,48.820718986713025,0.8574097905188902,dark_blob,75.0,37.0,0.0,455.0,13.678409640693314,0.2752005670996067,True,True,OK,229.92,229.44160145586898,192.5,233
919,0,199.80912223714483,328.4370022175719,93.0,230.0,238.0,184.0,1.2934782608695652,32017.0,0.7311152721958348,0.6825679224417694,48.87552931721942,0.8604124810037396,dark_blob,75.0,37.0,0.0,455.0,13.627094867574442,0.27218205103379073,True,True,OK,230.0,230.08895705521473,196.0,236
920,0,201.86608279760242,327.6157799931675,95.0,228.0,239.0,185.0,1.2918918918918918,32199.0,0.7282370236345131,0.6799552199303264,48.93456478977133,0.8598647550579395,dark_blob,75.0,38.0,0.0,455.0,13.71350595706418,0.27726505629789294,True,True,OK,229.0,228.99884792626727,197.5,236
921,0,203.66869559425547,326.20282615267166,96.0,226.0,240.0,187.0,1.2834224598930482,32529.5,0.7248106060606061,0.6800418615552637,48.853683025527125,0.8602649813827393,dark_blob,75.0,38.0,0.0,455.0,13.881859756097562,0.2871682209469154,True,True,OK,227.0,226.875,200.0,236
922,0,205.21003577672073,325.8381560759442,98.0,224.0,241.0,189.0,1.2751322751322751,32796.0,0.7200158071527366,0.6732761788521863,48.77151738290681,0.8590844323866295,dark_blob,75.0,38.0,0.0,455.0,13.971923917000364,0.2924661127647273,True,True,OK,225.0,225.73880597014926,202.0,234
923,0,206.80168731581315,325.9909517815891,99.0,224.0,240.0,190.0,1.263157894736842,32971.5,0.7230592105263158,0.6787361433398343,48.68686959654178,0.8605982369855097,dark_blob,75.0,38.0,0.0,455.0,13.977335034978259,0.2927844138222505,True,True,OK,225.0,225.6705426356589,204.0,234
924,0,207.85482313171556,325.49914483480217,100.0,223.0,239.0,190.0,1.2578947368421052,33132.0,0.7296190266461132,0.6830639922951784,48.680180449330784,0.8630952040819573,dark_blob,75.0,38.0,0.0,455.0,14.06660601888277,0.2980356481695747,True,True,OK,224.0,224.5443548387097,205.5,233
925,0,208.79670978261956,324.81304082510525,101.0,221.0,239.0,192.0,1.2447916666666667,33321.0,0.7261375523012552,0.6680539194222613,48.58225403992395,0.8612653213190679,dark_blob,75.0,37.0,0.0,455.0,14.160435825669733,0.30355504856880783,True,True,OK,222.86,223.36065573770492,207.0,232
926,0,209.63820001893458,324.6329930091534,102.0,221.0,239.0,192.0,1.2447916666666667,33448.5,0.7289160564853556,0.6676428933878449,48.518894445595244,0.8621526211338133,dark_blob,75.0,37.0,0.0,455.0,14.195780210643017,0.3056341300378245,True,True,OK,222.0,222.91477272727272,208.0,231
927,0,210.1454163430324,324.53618231064905,102.0,221.0,239.0,193.0,1.238341968911917,33474.0,0.72569211091118,0.6848930340698912,48.526276875757844,0.8634613604691681,dark_blob,75.0,37.0,0.0,455.0,14.189024390243903,0.3052367288378766,True,True,OK,222.0,223.0,209.0,233
928,0,210.31919408785714,324.4177066094139,102.0,220.0,239.0,193.0,1.238341968911917,33535.5,0.7270253864331085,0.6851267490690383,48.47967527675277,0.8640110864451263,dark_blob,75.0,37.0,0.0,455.0,14.213101820282768,0.3066530482519275,True,True,OK,221.92,222.6962539595097,209.5,233
929,0,210.25202755387357,324.3087990623339,102.0,220.0,239.0,193.0,1.238341968911917,33558.5,0.7275240097990331,0.6821132811831004,48.51438095519042,0.8638441056075782,dark_blob,75.0,37.0,0.0,455.0,14.238645093143845,0.3081555937143438,True,True,OK,221.0,222.3740157480315,209.0,233
930,0,209.8003651250827,324.4589532749332,101.0,220.0,241.0,193.0,1.2487046632124352,33504.5,0.7203255003977382,0.6810156676810054,48.53204313783424,0.8618072283069385,dark_blob,75.0,38.0,0.0,455.0,14.189024390243903,0.3052367288378766,True,True,OK,222.0,223.0,208.5,234
931,0,209.1702747751794,324.66432114660995,100.0,221.0,241.0,192.0,1.2552083333333333,33397.0,0.7217539764868603,0.6804374345402465,48.51372421152478,0.86208575623888,dark_blob,75.0,37.0,0.0,455.0,14.189024390243903,0.3052367288378766,True,True,OK,222.0,223.0,207.0,232
932,0,208.1390827067669,324.91313784461147,99.0,222.0,242.0,191.0,1.2670157068062826,33250.0,0.719354419973173,0.6700113605945425,48.53137651821862,0.8600227006982241,dark_blob,75.0,38.0,0.0,455.0,14.146167955581996,0.30271576209305856,True,True,OK,223.0,223.54065040650406,206.0,235
933,0,207.13420076591382,325.40685402406297,99.0,223.0,242.0,190.0,1.2736842105263158,33163.0,0.7212483688560244,0.6730710466632847,48.560291308500474,0.8603117133528628,dark_blob,75.0,38.0,0.0,455.0,14.071422471427594,0.29831896890750553,True,True,OK,224.0,224.48359343737496,204.5,236
934,0,205.95310966044227,325.80933151156313,98.0,224.0,242.0,189.0,1.2804232804232805,32935.0,0.7200795837159474,0.6747001693679875,48.56444778362134,0.8596670565328238,dark_blob,75.0,37.0,0.0,455.0,13.973537225882918,0.2925610132872305,True,True,OK,225.0,225.71845345809243,202.5,235
935,0,204.6542448751208,326.22473167505973,96.0,225.0,244.0,188.0,1.297872340425532,32765.0,0.7142701430066272,0.6712175838277394,48.783446609273525,0.8571120323708644,dark_blob,75.0,38.0,0.0,455.0,13.896825063078216,0.288048533122248,True,True,OK,226.0,226.68620689655174,201.0,236
936,0,203.20441311519141,326.5220219680995,95.0,226.0,242.0,187.0,1.2941176470588236,32486.5,0.7178702435143854,0.6776939110023149,48.83307945405801,0.8582270357002901,dark_blob,75.0,38.0,0.0,455.0,13.835733809924307,0.28445492999554745,True,True,OK,227.0,227.45689655172413,199.0,237
937,0,201.44836001158126,327.0080138147826,94.0,228.0,241.0,185.0,1.3027027027027027,32236.0,0.7230234383761355,0.680736561724516,48.84959936143432,0.8594112034175154,dark_blob,75.0,37.0,0.0,455.0,13.78793581787696,0.28164328340452705,True,True,OK,228.0,228.05988660524451,197.5,236
938,0,199.31381712279165,327.65295947234335,92.0,229.0,241.0,184.0,1.309782608695652,31990.5,0.7214166516326899,0.6693662333352947,48.79048473412318,0.8570681382813514,dark_blob,75.0,37.0,0.0,455.0,13.662687234888654,0.2742757196993326,True,True,OK,230.0,229.6399456521739,195.5,237
939,0,197.12836562657273,327.8249297517195,90.0,230.0,243.0,183.0,1.3278688524590163,31792.0,0.7149250039353258,0.6769151682551404,48.75587512061506,0.8563993916452094,dark_blob,75.0,37.0,0.0,455.0,13.626219512195123,0.27213055954088955,True,True,OK,230.0,230.1,193.0,235
940,0,195.0995356920387,327.2385087705523,89.0,229.0,238.0,184.0,1.2934782608695652,31839.5,0.7270620204603581,0.6972641730382707,48.55873302042212,0.8623082901607294,dark_blob,75.0,37.0,0.0,455.0,13.699855584082156,0.2764620931813033,True,True,OK,229.0,229.17105263157896,191.0,235
941,0,193.05759334282274,326.2011908672371,87.0,228.0,238.0,185.0,1.2864864864864864,31965.5,0.7259936406995231,0.7118959223372233,48.25460626141888,0.8652928546402163,dark_blob,75.0,36.0,0.0,455.0,13.851672261173222,0.285392485951366,True,True,OK,228.0,227.2558268590455,188.5,233
942,0,191.00516318803392,325.5213046698167,85.0,227.0,236.0,186.0,1.2688172043010753,31957.0,0.7280162201567341,0.7021937331126307,47.942049185405445,0.8656184498463498,dark_blob,75.0,36.0,0.0,455.0,13.92984379281995,0.28999081134235,True,True,OK,227.0,226.26966292134833,186.0,231
943,0,189.0835708989902,325.30585403548343,84.0,227.0,234.0,186.0,1.2580645161290323,31921.0,0.7334114511533867,0.7244803560182735,47.68513924207654,0.870043397892093,dark_blob,75.0,36.0,0.0,455.0,13.94421357900999,0.29083609288294054,True,True,OK,227.0,226.08838254172014,184.5,229
944,0,187.51824874686716,324.9863826232247,82.0,226.0,234.0,187.0,1.2513368983957218,31920.0,0.729466611819553,0.7183211973904176,47.481533165875895,0.8689177091585535,dark_blob,75.0,36.0,0.0,455.0,13.960803751595032,0.29181198538794306,True,True,OK,227.0,225.87909113372422,182.5,229
945,0,186.29607935020306,324.5812610642507,81.0,226.0,234.0,187.0,1.2513368983957218,32010.0,0.7315233785822021,0.7219463603019901,47.33051921946996,0.8703980894684885,dark_blob,75.0,36.0,0.0,455.0,14.013626869694113,0.2949192276290655,True,True,OK,226.0,225.21270718232043,181.0,230
946,0,185.31534689976834,324.20845668816935,80.0,225.0,234.0,188.0,1.2446808510638299,32089.0,0.7294280778323331,0.7182743993765003,47.20800814387512,0.8699185894947655,dark_blob,75.0,36.0,0.0,455.0,14.046159963092911,0.29683293900546537,True,True,OK,225.0,224.80228969636636,180.5,230
947,0,184.63075302954846,324.0386734312749,80.0,225.0,234.0,188.0,1.2446808510638299,32128.0,0.7303146026550282,0.7223384389992918,47.13664653684989,0.8708823260337161,dark_blob,75.0,36.0,0.0,455.0,14.07125974249408,0.2983093966172988,True,True,OK,225.0,224.4856463254593,179.5,229
948,0,184.42194079697967,323.98739290974333,79.0,225.0,236.0,188.0,1.2553191489361701,32138.0,0.7243508835196538,0.7193712047243384,47.15240559354402,0.8692653542513629,dark_blob,75.0,36.0,0.0,455.0,14.084477861368807,0.29908693302169453,True,True,OK,225.0,224.31889467196274,179.5,229
949,0,184.3526217519838,323.9768113687049,79.0,224.0,235.0,189.0,1.2433862433862435,32135.0,0.7235168298998086,0.7215587778103086,47.203622697307615,0.8692654415607399,dark_blob,75.0,36.0,0.0,455.0,14.08731610479381,0.29925388851728296,True,True,OK,225.0,224.28308913952424,179.5,229
950,0,184.64615017408403,324.01710226594645,80.0,224.0,235.0,189.0,1.2433862433862435,32120.5,0.7231903636158955,0.7194453767177864,47.16139172239514,0.8689189245372483,dark_blob,75.0,36.0,0.0,455.0,14.07024323603892,0.29824960211993645,True,True,OK,225.0,224.49846994535517,179.5,229
951,0,185.1778346360464,324.11282899355666,80.0,225.0,234.0,188.0,1.2446808510638299,32048.5,0.7285074559010729,0.7246171014415047,47.23318094767406,0.870540294260794,dark_blob,75.0,36.0,0.0,455.0,14.064837398373985,0.29793161166905796,True,True,OK,225.0,224.56666666666666,180.0,228
952,0,185.9684239643843,324.2077233417362,81.0,225.0,233.0,188.0,1.2393617021276595,31933.5,0.7290087663227103,0.718158546744925,47.31680099194048,0.8695351187959512,dark_blob,75.0,36.0,0.0,455.0,14.033658536585365,0.29609756097560974,True,True,OK,225.0,224.96,181.0,226
953,0,186.96927870840912,324.45965869878916,82.0,226.0,232.0,186.0,1.2473118279569892,31878.0,0.7387374860956618,0.7306684951024026,47.41475684740078,0.8727364246026604,dark_blob,75.0,36.0,0.0,455.0,13.990853658536587,0.29357962697274037,True,True,OK,226.0,225.5,182.0,227
954,0,188.1648894682015,324.75595583962814,83.0,226.0,232.0,186.0,1.2473118279569892,31838.5,0.7378221171672228,0.7214715371072524,47.54452182564357,0.8709554036289066,dark_blob,75.0,36.0,0.0,455.0,13.951219512195122,0.29124820659971307,True,True,OK,226.0,226.0,183.0,227
955,0,189.49468137985883,325.1406752790117,85.0,227.0,231.0,185.0,1.2486486486486486,31853.5,0.7453726453726454,0.7305856785319609,47.730001864628,0.8730943413588299,dark_blob,75.0,36.0,0.0,455.0,13.906268590124926,0.28860403471323093,True,True,OK,227.0,226.5670731707317,184.5,228
956,0,191.17397298906403,325.72021328821063,86.0,227.0,233.0,185.0,1.2594594594594595,31913.0,0.7403549472219,0.7328285614267613,48.034713820381576,0.8714383655183683,dark_blob,75.0,36.0,0.0,455.0,13.86337063112899,0.28608062536052886,True,True,OK,228.0,227.10824742268042,186.0,229
957,0,192.87062001651145,326.2342958062931,87.0,228.0,234.0,185.0,1.2648648648648648,31897.0,0.7368214368214369,0.7130527532130448,48.31619289970208,0.8674051920515127,dark_blob,75.0,36.0,0.0,455.0,13.802739352020385,0.2825140795306109,True,True,OK,228.0,227.87313432835822,188.0,231
958,0,194.46172040985064,326.84391451327616,88.0,229.0,237.0,184.0,1.2880434782608696,31849.0,0.730347642634379,0.7113284506938035,48.56975479379681,0.8648855240141795,dark_blob,75.0,37.0,0.0,455.0,13.731977462179685,0.27835161542233444,True,True,OK,229.0,228.76582278481013,190.0,232
959,0,196.55224348425722,327.65267656108784,90.0,230.0,237.0,183.0,1.2950819672131149,31903.5,0.7355952133914366,0.6928518805200418,48.80441728448677,0.8629310099021528,dark_blob,75.0,37.0,0.0,455.0,13.655606781677575,0.27385922245162203,True,True,OK,230.0,229.72926829268292,192.0,234
960,0,198.46059951362577,328.0898174531108,91.0,230.0,239.0,183.0,1.3060109289617485,31937.0,0.7302055467910464,0.6814714429217927,48.89963435795736,0.860130335476021,dark_blob,75.0,37.0,0.0,455.0,13.643130081300814,0.2731252989000479,True,True,OK,230.0,229.88666666666666,194.0,234
961,0,200.05719463310277,327.56429268697946,93.0,229.0,240.0,184.0,1.3043478260869565,32098.0,0.726856884057971,0.6743212817327565,48.98988777901098,0.8588087621310386,dark_blob,75.0,37.0,0.0,455.0,13.718056471105252,0.27753273359442654,True,True,OK,229.0,228.94144144144144,196.0,235
962,0,201.31435764883116,326.82697457010636,94.0,227.0,240.0,186.0,1.2903225806451613,32304.5,0.7236671146953405,0.6670044311529794,49.038873912510724,0.8577233907110615,dark_blob,75.0,37.0,0.0,455.0,13.817454268292684,0.2833796628407461,True,True,OK,228.0,227.6875,197.0,236
963,0,202.61244019138755,326.5479703657972,95.0,227.0,239.0,186.0,1.2849462365591398,32395.0,0.7287308228730823,0.6891384831589855,48.949344657969505,0.8618810832001944,dark_blob,75.0,37.0,0.0,455.0,13.85522711205373,0.28560159482668995,True,True,OK,227.0,227.21098104793757,198.5,235
964,0,203.4603345703917,326.4781307586093,96.0,226.0,238.0,187.0,1.2727272727272727,32469.5,0.7295533186536647,0.6896716323971783,48.997896726208616,0.8621329509378003,dark_blob,75.0,38.0,0.0,455.0,13.871951219512196,0.28658536585365857,True,True,OK,227.0,227.0,200.0,235
965,0,204.10588488302432,326.1947392945104,97.0,225.0,239.0,188.0,1.2712765957446808,32549.5,0.7244168966438174,0.6869246279035989,48.98278902876604,0.8609518693834163,dark_blob,75.0,37.43999999999869,0.0,455.0,13.914066904353321,0.2890627590796071,True,True,OK,226.0,226.46869443738888,200.5,234
966,0,204.5512901002986,325.9983411173213,97.0,225.0,237.0,188.0,1.2606382978723405,32652.5,0.7328418170392316,0.6905803207815407,49.0143987389736,0.8632895787667234,dark_blob,75.0,38.0,0.0,455.0,13.932583589080924,0.2901519758282896,True,True,OK,226.0,226.23509933774835,201.0,234
967,0,204.886458397204,326.0453941586445,98.0,225.0,237.0,188.0,1.2606382978723405,32618.0,0.7320675105485233,0.6829235650033304,49.00619025944469,0.8620500037781913,dark_blob,75.0,38.0,0.0,455.0,13.904332058026464,0.28849012106038024,True,True,OK,226.0,226.59150326797385,202.0,233
968,0,204.96576129417713,326.0820503393232,98.0,225.0,237.0,188.0,1.2606382978723405,32638.5,0.7325276057096687,0.6894158958145782,48.96397161399891,0.8630451973277948,dark_blob,75.0,38.0,0.0,455.0,13.910444814879803,0.28884969499292956,True,True,OK,226.0,226.51438848920864,202.0,233
969,0,204.94051212896701,326.0935021019456,98.0,225.0,238.0,188.0,1.2659574468085106,32628.5,0.7292262649740747,0.685644324457078,48.88800242681632,0.8619864740492833,dark_blob,75.0,38.0,0.0,455.0,13.906383108603054,0.2886107710942973,True,True,OK,226.0,226.56562847608456,201.5,234
970,0,204.6138377119034,326.22223925283305,97.0,225.0,239.0,188.0,1.2712765957446808,32621.0,0.7260081901540105,0.688000820603124,48.92356707224565,0.8615135028067653,dark_blob,75.0,38.0,0.0,455.0,13.909330840255485,0.28878416707385207,True,True,OK,226.0,226.5284417075462,201.5,235
971,0,204.11284628824092,326.3759459362527,97.0,226.0,239.0,187.0,1.2780748663101604,32529.5,0.7278432864206923,0.6930557389872142,48.915411532024955,0.8622547879048137,dark_blob,75.0,38.0,0.0,455.0,13.861148971783837,0.28594993951669634,True,True,OK,227.0,227.1362745098039,200.5,234
972,0,203.36754403548537,326.5350099455692,96.0,226.0,240.0,187.0,1.2834224598930482,32426.5,0.7225155971479501,0.6878900086844337,48.89835785361089,0.8603840023920055,dark_blob,75.0,38.0,0.0,455.0,13.841874243210519,0.2848161319535599,True,True,OK,227.0,227.37943262411346,199.0,235
973,0,202.19916693730892,326.846156621972,95.0,227.0,241.0,186.0,1.2956989247311828,32330.5,0.7212443671083746,0.6837702170641566,48.86907276456363,0.8594365699903415,dark_blob,75.0,37.0,0.0,455.0,13.802958446251129,0.282526967426537,True,True,OK,228.0,227.87037037037038,198.0,235
974,0,200.68122736210285,327.22478008899924,93.0,228.0,241.0,185.0,1.3027027027027027,32210.0,0.7224402826062577,0.6787289404874046,48.89169508710481,0.8587342283768236,dark_blob,75.0,37.0,0.0,455.0,13.74898521328834,0.2793520713699023,True,True,OK,229.0,228.55126346313173,196.5,236
975,0,199.10321196250806,327.71683604547246,92.0,229.0,241.0,184.0,1.309782608695652,32078.0,0.7233898610860545,0.6716175788090692,48.76088230757365,0.8578749324749061,dark_blob,75.0,37.0,0.0,455.0,13.670844625112919,0.27475556618311286,True,True,OK,230.0,229.53703703703704,195.5,237
976,0,197.39899480685034,327.84842690406776,90.0,230.0,242.0,183.0,1.3224043715846994,31901.0,0.7203405139321681,0.6813124317194574,48.68183651310687,0.8584247126819732,dark_blob,75.0,37.0,0.0,455.0,13.65512912482066,0.27383112498945056,True,True,OK,230.0,229.73529411764707,193.0,236
977,0,195.76469819770386,327.52804297501655,89.0,230.0,240.0,183.0,1.3114754098360655,31894.5,0.7261953551912569,0.6939079535141957,48.4616769068454,0.8616956612322825,dark_blob,75.0,37.0,0.0,455.0,13.6655803195963,0.27444590115272355,True,True,OK,230.0,229.60344827586206,191.0,236
978,0,194.56040993290964,327.03226998527026,87.0,229.0,240.0,184.0,1.3043478260869565,32021.5,0.7251245471014492,0.6981922963404849,48.376626587951655,0.8625449768230048,dark_blob,75.0,36.0,0.0,455.0,13.73541301105457,0.2785537065326218,True,True,OK,229.0,228.7224820143885,189.5,236
979,0,193.37674875618012,326.69189658488904,86.0,229.0,241.0,184.0,1.309782608695652,32058.5,0.7229501172650189,0.7042367990447517,48.289450121954985,0.8631700564794108,dark_blob,75.0,36.0,0.0,455.0,13.771724556250799,0.28068967977945875,True,True,OK,229.0,228.26439790575915,188.0,236
980,0,192.3250050655403,326.47993266727974,85.0,228.0,239.0,185.0,1.2918918918918918,32079.5,0.7255343209318105,0.7137825045902139,48.165977536410765,0.8652376009951158,dark_blob,75.0,36.0,0.0,455.0,13.792682926829269,0.281922525107604,True,True,OK,228.0,228.0,187.0,234
981,0,191.62208852242674,326.3023312602937,85.0,228.0,239.0,185.0,1.2918918918918918,32078.5,0.7255117041727921,0.7053159931342398,48.07890027153789,0.8645061482336087,dark_blob,75.0,36.0,0.0,455.0,13.814140904147896,0.28318475906752333,True,True,OK,228.0,227.72929936305732,186.0,234
982,0,191.100301376981,326.09213821771885,84.0,228.0,237.0,185.0,1.281081081081081,32075.0,0.7315543391492758,0.7132217468115216,47.94694935654106,0.8672281847793409,dark_blob,75.0,36.0,0.0,455.0,13.84805693618911,0.28517981977583,True,True,OK,228.0,227.30143557422969,185.5,232
983,0,190.88481454908444,326.04328227844155,84.0,228.0,236.0,185.0,1.2756756756756757,32057.0,0.7342418689876317,0.715048499218729,47.97999011857707,0.8679246065632442,dark_blob,75.0,36.0,0.0,455.0,13.839423885618165,0.2846719932716568,True,True,OK,228.0,227.41034482758621,185.0,231
984,0,190.92825550271561,326.0777630518957,84.0,228.0,236.0,185.0,1.2756756756756757,32067.5,0.7344823637196518,0.717985748125198,47.94113107365562,0.868467553290579,dark_blob,75.0,36.0,0.0,455.0,13.850444071492449,0.2853202394995558,True,True,OK,228.0,227.2713209442491,185.5,231
985,0,191.16669007454107,326.19634525054227,85.0,228.0,235.0,185.0,1.2702702702702702,32040.5,0.7369867740080506,0.7205648882292301,48.02051472178453,0.8691422363012604,dark_blob,75.0,36.0,0.0,455.0,13.844372001045404,0.28496305888502377,True,True,OK,228.0,227.3479224483503,185.5,231
986,0,191.71091777177278,326.3111270780941,85.0,228.0,235.0,185.0,1.2702702702702702,32010.5,0.7362967222541691,0.7214884985868847,48.08420694560411,0.8688256767229904,dark_blob,75.0,36.0,0.0,455.0,13.81776782957703,0.2833981076221782,True,True,OK,228.0,227.68354430379748,186.0,231
987,0,192.46408932018574,326.4867897949601,86.0,229.0,235.0,184.0,1.2771739130434783,31945.0,0.7387835337650324,0.7218070429017208,48.17725441586612,0.869073751233934,dark_blob,75.0,36.0,0.0,455.0,13.790300546448087,0.2817823850851816,True,True,OK,229.0,228.03005464480876,187.0,231
988,0,193.62303091040056,326.7608384746275,87.0,229.0,235.0,184.0,1.2771739130434783,31931.0,0.7384597594819612,0.7153928683550731,48.368435736871476,0.86778912338076,dark_blob,75.0,36.0,0.0,455.0,13.77578432684273,0.28092848981427826,True,True,OK,229.0,228.21318233829172,188.5,231
989,0,195.02967450403347,327.127072832201,88.0,229.0,238.0,184.0,1.2934782608695652,31941.0,0.7293797953964194,0.6996726029118241,48.5673205044777,0.8631710563816413,dark_blob,75.0,37.0,0.0,455.0,13.713638555877084,0.2772728562280638,True,True,OK,229.0,228.99717514124293,190.0,232
990,0,196.3307301467821,327.4689394889809,90.0,230.0,236.0,183.0,1.289617486338798,31884.0,0.7382606279522089,0.7045756265930373,48.66530080089402,0.8651418005568956,dark_blob,75.0,37.0,0.0,455.0,13.648467923754868,0.2734392896326393,True,True,OK,230.0,229.81932773109244,192.0,233
991,0,198.08518112537843,327.8225284476459,91.0,230.0,238.0,183.0,1.3005464480874316,31930.0,0.7331129172980667,0.6834071377963455,48.80941606744359,0.8612758133004964,dark_blob,75.0,37.0,0.0,455.0,13.661121497974563,0.2741836175279154,True,True,OK,230.0,229.65969802555168,193.5,236
992,0,199.30708246621495,327.60600750024776,92.0,229.0,238.0,184.0,1.2934782608695652,31954.5,0.7296880708805261,0.6749679146916913,48.85698358624961,0.8596772901034133,dark_blob,75.0,37.0,0.0,455.0,13.704500096786683,0.27673529981098133,True,True,OK,230.0,229.11246031746032,195.5,234
993,0,200.26623137138787,327.19195067346095,93.0,228.0,238.0,185.0,1.2864864864864864,32085.5,0.7287190551896434,0.6791931905266151,48.86909719009284,0.8601293164003341,dark_blob,75.0,37.0,0.0,455.0,13.73517098089606,0.2785394694644741,True,True,OK,229.0,228.72553531792664,196.5,234
994,0,200.98961699395144,327.0567362664678,93.0,228.0,239.0,185.0,1.2918918918918918,32184.0,0.7278977722492367,0.666344835211474,48.858473742467105,0.8583669408249537,dark_blob,75.0,37.0,0.0,455.0,13.724935233160622,0.27793736665650715,True,True,OK,229.0,228.85466321243524,197.5,235
995,0,201.46116175656016,326.99270084328555,94.0,228.0,238.0,185.0,1.2864864864864864,32195.5,0.7312173518055871,0.6773953192595771,48.88181231365076,0.8607080847029177,dark_blob,75.0,37.0,0.0,455.0,13.781061994197588,0.2812389408351522,True,True,OK,228.0,228.14660253473812,197.5,234
996,0,201.62148102182232,326.8879304995346,95.0,227.0,238.0,186.0,1.2795698924731183,32230.0,0.7280654197162736,0.6742026251518507,48.86296364529599,0.8597367735586005,dark_blob,75.0,37.0,0.0,455.0,13.792682926829269,0.281922525107604,True,True,OK,228.0,228.0,198.0,234
997,0,201.72048541182545,326.9264910921766,95.0,227.0,239.0,186.0,1.2849462365591398,32275.0,0.7260314032483016,0.6780397343996828,48.90574310857634,0.8596705237548908,dark_blob,75.0,37.0,0.0,455.0,13.792682926829269,0.281922525107604,True,True,OK,228.0,228.0,198.0,234
998,0,201.519461379749,327.06142732298076,94.0,228.0,240.0,185.0,1.2972972972972974,32230.5,0.7259121621621621,0.670328316108091,48.84638766925604,0.8587565123309102,dark_blob,75.0,37.0,0.0,455.0,13.780144099954104,0.28118494705612374,True,True,OK,228.0,228.15818212365593,197.5,235
999,0,200.96322721714438,327.23564737092994,94.0,228.0,240.0,185.0,1.2972972972972974,32166.0,0.7244594594594594,0.6792583504008871,48.852936652001354,0.8592800383574545,dark_blob,75.0,37.0,0.0,455.0,13.743268926195755,0.2790158191879856,True,True,OK,229.0,228.62337662337663,197.0,234
1000,0,200.11571780249915,327.41510600064396,93.0,229.0,241.0,184.0,1.309782608695652,32091.0,0.7236830236334115,0.6733289925700756,48.81719501665227,0.8583646039141991,dark_blob,75.0,37.0,0.0,455.0,13.726185636856368,0.27801091981508047,True,True,OK,229.0,228.8388888888889,196.0,236
1001,0,199.02609279171023,327.67621217559577,92.0,229.0,242.0,184.0,1.315217391304348,32039.5,0.7195360222781172,0.677615745172476,48.77134297010131,0.857960228749554,dark_blob,75.0,37.0,0.0,455.0,13.71013071895425,0.2770665128796618,True,True,OK,230.0,229.04142785319254,194.5,237
1002,0,197.7952888068765,327.8059226129972,91.0,230.0,242.0,183.0,1.3224043715846994,31973.5,0.7219776001445152,0.6826819085883999,48.774675786932434,0.8588274663439741,dark_blob,75.0,37.0,0.0,455.0,13.664161171793321,0.2743624218701953,True,True,OK,230.0,229.62135137122272,193.5,236
1003,0,196.67948135973492,327.65371631316685,90.0,230.0,243.0,183.0,1.3278688524590163,31942.5,0.7183093840653039,0.6790836160215422,48.605365883883756,0.8578276026147719,dark_blob,75.0,37.0,0.0,455.0,13.650509062430075,0.2735593566135338,True,True,OK,230.0,229.79357798165137,192.0,236
1004,0,195.7857485279558,327.4236048147569,89.0,230.0,241.0,183.0,1.3169398907103824,31985.0,0.7252341110582047,0.689046885452026,48.550573965778646,0.8607352828666927,dark_blob,75.0,37.0,0.0,455.0,13.665688541097321,0.27445226712337184,True,True,OK,230.0,229.60208302000302,190.5,236
1005,0,195.0471111805122,327.27769623152193,88.0,229.0,240.0,184.0,1.3043478260869565,32020.0,0.7250905797101449,0.694052964460552,48.48615232443125,0.8614855837325058,dark_blob,75.0,36.0,0.0,455.0,13.675937448149991,0.275055144008823,True,True,OK,230.0,229.47278911564626,190.0,237
1006,0,194.51998855418552,327.1209094219863,87.0,229.0,239.0,184.0,1.298913043478261,32035.0,0.7284655266509005,0.6958915563134404,48.43779157784163,0.8626719149293939,dark_blob,75.0,36.0,0.0,455.0,13.698748347911073,0.2763969616418278,True,True,OK,229.0,229.18502084173724,189.5,236
1007,0,194.38850054610703,327.06487751599315,87.0,229.0,239.0,184.0,1.298913043478261,32045.0,0.7286929234127706,0.6997842003124476,48.419600938967136,0.8632706554417089,dark_blob,75.0,37.0,0.0,455.0,13.706840249682118,0.276872955863654,True,True,OK,229.0,229.0829383886256,189.0,235
1008,0,194.38261566234345,327.03065253695,87.0,229.0,240.0,184.0,1.3043478260869565,32036.5,0.7254642210144927,0.7015783449706692,48.414730598121594,0.8629346577576228,dark_blob,75.0,37.0,0.0,455.0,13.732053394858273,0.2783560820504866,True,True,OK,229.0,228.76486486486488,189.0,234
1009,0,194.66305684043837,327.1285108555236,88.0,229.0,239.0,184.0,1.298913043478261,31996.0,0.7275786792796071,0.7061414805945158,48.484856921887086,0.8638222776053108,dark_blob,75.0,37.0,0.0,455.0,13.733308174143307,0.2784298925966651,True,True,OK,229.0,228.74903534157676,189.5,235
1010,0,195.17639575382174,327.32738430415645,88.0,230.0,239.0,183.0,1.3060109289617485,31966.0,0.7308686009557126,0.7063876682845902,48.559233341590286,0.864146081470999,dark_blob,75.0,37.0,0.0,455.0,13.684269838299985,0.27554528460588146,True,True,OK,230.0,229.36767280913867,190.5,236
1011,0,195.86688822352158,327.43899609662805,89.0,230.0,238.0,183.0,1.3005464480874316,31895.5,0.7323207971713276,0.7059260621908418,48.664639255236615,0.8642373439728468,dark_blob,75.0,37.0,0.0,455.0,13.688607650464995,0.27580045002735265,True,True,OK,230.0,229.31294964028777,191.0,234
1012,0,196.83822437044242,327.57685990186536,90.0,230.0,237.0,183.0,1.2950819672131149,31861.0,0.7346152959350718,0.6957660892205597,48.72269507952286,0.8632082010965639,dark_blob,75.0,37.0,0.0,455.0,13.653798125825091,0.2737528309308877,True,True,OK,230.0,229.75208518189885,192.5,233
1013,0,197.840482083738,327.6862904826059,91.0,230.0,236.0,183.0,1.289617486338798,31917.0,0.7390247290914143,0.6948410792918771,48.7473410028218,0.8641584856249712,dark_blob,75.0,37.0,0.0,455.0,13.677525446514307,0.2751485556773122,True,True,OK,230.0,229.45275590551182,193.5,233
1014,0,198.64769456956958,327.5784013179846,92.0,229.0,237.0,184.0,1.2880434782608696,31968.0,0.7330764997248211,0.6857023678229222,48.76589684849235,0.8617920102750536,dark_blob,75.0,37.0,0.0,455.0,13.689539537311925,0.27585526690070145,True,True,OK,230.0,229.30119352929572,194.5,234
1015,0,199.41387468797063,327.4734507970754,93.0,229.0,236.0,184.0,1.2826086956521738,31981.5,0.7364936440677966,0.693660481379329,48.83047595469456,0.8634211644975888,dark_blob,75.0,37.0,0.0,455.0,13.697217003212424,0.27630688254190733,True,True,OK,230.0,229.20433934408942,195.5,232
1016,0,199.7266972003814,327.4838916417864,93.0,229.0,238.0,184.0,1.2934782608695652,31986.5,0.7304187979539642,0.6820962735660051,48.859998143621794,0.8607398828322405,dark_blob,75.0,37.0,0.0,455.0,13.713414634146343,0.2772596843615496,True,True,OK,230.0,229.0,196.0,233
1017,0,199.758618713432,327.4758853165361,93.0,229.0,240.0,184.0,1.3043478260869565,31989.5,0.7243999094202899,0.6722165911039353,48.8474602487162,0.8582276248292595,dark_blob,75.0,37.0,0.0,455.0,13.708487145682268,0.2769698320989569,True,True,OK,230.0,229.06216216216217,196.0,234
1018,0,199.85245517219818,327.5338846592774,93.0,229.0,240.0,184.0,1.3043478260869565,31983.5,0.7242640398550725,0.6706528360923742,48.89211014851485,0.8578932446555504,dark_blob,75.0,37.0,0.0,455.0,13.702845528455285,0.2766379722620756,True,True,OK,230.0,229.13333333333333,196.0,235
1019,0,199.33065084310564,327.5868286598508,93.0,229.0,238.0,184.0,1.2934782608695652,31935.5,0.7292542016806722,0.6789347923377171,48.77004121347339,0.8601993856104415,dark_blob,75.0,37.0,0.0,455.0,13.700809876357622,0.2765182280210366,True,True,OK,230.0,229.15901386748845,195.5,234
1020,0,198.71828980109234,327.6290447946499,92.0,229.0,240.0,184.0,1.3043478260869565,31949.5,0.7234941123188405,0.6842577929644965,48.71958245570561,0.8596602859928473,dark_blob,75.0,37.0,0.0,455.0,13.699439675727229,0.27643762798395466,True,True,OK,230.0,229.1762994754411,194.5,236
1021,0,197.98881498291465,327.63576701359,91.0,229.0,239.0,184.0,1.298913043478261,31947.5,0.726475804984537,0.6856973228377524,48.67433864072858,0.8604638090662682,dark_blob,75.0,37.0,0.0,455.0,13.680982679392011,0.27535192231717714,True,True,OK,230.0,229.40914158305463,193.5,236
1022,0,197.48125828298322,327.68134906969703,91.0,230.0,239.0,183.0,1.3060109289617485,31943.0,0.7303427304113222,0.6890173976446036,48.63207137988723,0.8617278776182993,dark_blob,75.0,37.0,0.0,455.0,13.670369778687286,0.2747276340404286,True,True,OK,230.0,229.54302740732962,192.5,236
1023,0,196.93408283036763,327.6475643952424,90.0,230.0,240.0,183.0,1.3114754098360655,31977.0,0.7280737704918033,0.6924965961934222,48.56539770968741,0.8616231493487132,dark_blob,75.0,37.0,0.0,455.0,13.645009033423667,0.27323582549550984,True,True,OK,230.0,229.86296296296297,192.0,235
1024,0,196.71241830065358,327.64452777126786,89.0,230.0,241.0,183.0,1.3169398907103824,32002.5,0.7256309094619413,0.6904826533742973,48.571901286491844,0.8608622471326504,dark_blob,75.0,37.0,0.0,455.0,13.649973529106877,0.27352785465334567,True,True,OK,230.0,229.80033394049786,191.5,235
1025,0,196.63320893386006,327.6364828781562,89.0,230.0,241.0,183.0,1.3169398907103824,32020.5,0.7260390449629277,0.6842974513567424,48.64225003863391,0.8600753168856831,dark_blob,75.0,37.0,0.0,455.0,13.649566750671923,0.2735039265101131,True,True,OK,230.0,229.80546560690806,191.5,235
1026,0,196.62274248884583,327.61086729036185,89.0,230.0,241.0,183.0,1.3169398907103824,32013.5,0.725880325601433,0.6877305939361038,48.65097226945311,0.8604392732804984,dark_blob,75.0,37.0,0.0,455.0,13.650106382271671,0.27353566954539243,True,True,OK,230.0,229.79865794672662,191.5,235
1027,0,196.84188595120526,327.60700147925905,90.0,230.0,240.0,183.0,1.3114754098360655,31998.0,0.728551912568306,0.6929513739561912,48.68491540626643,0.8616301881829651,dark_blob,75.0,37.0,0.0,455.0,13.65718157181572,0.2739518571656306,True,True,OK,230.0,229.7094017094017,192.0,235
1028,0,197.20408354699518,327.58455276926605,90.0,230.0,239.0,183.0,1.3060109289617485,31982.0,0.7312344239431146,0.6911008809047582,48.65232863995049,0.8620725344455994,dark_blob,75.0,37.0,0.0,455.0,13.65963998969454,0.27409646998203174,True,True,OK,230.0,229.67838782231505,192.5,235
1029,0,197.61814095142734,327.6179167057793,91.0,230.0,238.0,183.0,1.3005464480874316,31959.0,0.7337787574046012,0.6906038723635103,48.80809488418184,0.8623600572902442,dark_blob,75.0,37.0,0.0,455.0,13.673361259921288,0.27490360352478166,True,True,OK,230.0,229.50528872099298,193.5,234
1030,0,197.85344211125204,327.5951624100259,91.0,230.0,239.0,183.0,1.3060109289617485,31930.5,0.7300569312024144,0.6859475464286908,48.80079965286387,0.8608339265170117,dark_blob,75.0,37.0,0.0,455.0,13.645470383275264,0.2732629637220743,True,True,OK,230.0,229.85714285714283,193.5,234
1031,0,198.10107210338958,327.64301671312097,91.0,230.0,241.0,183.0,1.3169398907103824,31931.0,0.7240097045552457,0.6828168296321337,48.81147337754913,0.8591355458465642,dark_blob,75.0,37.0,0.0,455.0,13.649679340964788,0.27351054946851694,True,True,OK,230.0,229.8040452370596,193.5,233
1032,0,198.13599741007042,327.61501428116395,92.0,229.0,240.0,184.0,1.3043478260869565,31918.5,0.7227921195652174,0.6835938685599497,48.83074442687502,0.8590938174148564,dark_blob,75.0,37.0,0.0,455.0,13.67831326858408,0.2751948981520047,True,True,OK,230.0,229.44281722709314,193.5,233
1033,0,198.1496833080084,327.646088214254,92.0,229.0,240.0,184.0,1.3043478260869565,31918.5,0.7227921195652174,0.683593868134409,48.80745977118408,0.8590479785706215,dark_blob,75.0,37.0,0.0,455.0,13.663098689743704,0.2742999229261002,True,True,OK,230.0,229.6347549909256,193.5,233
1034,0,198.0879977460556,327.5856029301277,92.0,229.0,240.0,184.0,1.3043478260869565,31944.0,0.7233695652173913,0.679544359576524,48.77078686493185,0.8588327734081032,dark_blob,75.0,37.0,0.0,455.0,13.675885716174236,0.2750521009514256,True,True,OK,230.0,229.47344173441735,193.5,233
1035,0,197.79466403883353,327.54424822595195,91.0,229.0,237.0,184.0,1.2880434782608696,31965.5,0.7330191707943496,0.6918067621940486,48.716267261130724,0.8623815026217989,dark_blob,75.0,37.0,0.0,455.0,13.65154350800934,0.27362020635349055,True,True,OK,230.0,229.78052805280527,193.5,235
1036,0,197.55936952166292,327.5478076216712,91.0,229.0,237.0,184.0,1.2880434782608696,31944.0,0.732526141992295,0.6902797354201974,48.74669269139015,0.8622503872699612,dark_blob,75.0,37.0,0.0,455.0,13.688501742160279,0.2757942201270752,True,True,OK,230.0,229.31428571428572,193.0,234
1037,0,197.21176059715185,327.5124736765288,90.0,229.0,238.0,184.0,1.2934782608695652,31974.0,0.7301333576909025,0.6873180698482069,48.695029094961,0.8612784417885425,dark_blob,75.0,37.0,0.0,455.0,13.656512923482746,0.27391252491074974,True,True,OK,230.0,229.7178369652946,192.5,234
1038,0,197.0224757142485,327.47880303148685,90.0,229.0,238.0,184.0,1.2934782608695652,31997.5,0.7306699853854586,0.6903747762602431,48.713340137948094,0.8619960110556582,dark_blob,75.0,37.0,0.0,455.0,13.701954158095798,0.27658553871151753,True,True,OK,230.0,229.14457831325302,192.0,235
1039,0,196.64687483736662,327.4871402550091,90.0,229.0,238.0,184.0,1.2934782608695652,32025.0,0.7312979539641944,0.6965629114612532,48.61827059768836,0.8628724563256933,dark_blob,75.0,37.0,0.0,455.0,13.670974530541766,0.2747632076789274,True,True,OK,230.0,229.5353982300885,192.0,235
1040,0,196.3912620955588,327.40093334580564,89.0,229.0,240.0,184.0,1.3043478260869565,32071.0,0.7262454710144928,0.6915208095191078,48.663868658190346,0.8611916792957223,dark_blob,75.0,37.0,0.0,455.0,13.691179572779362,0.2759517395752566,True,True,OK,230.0,229.28050385109114,191.5,236
1041,0,195.97524960670395,327.3133959491804,89.0,229.0,240.0,184.0,1.3043478260869565,32100.5,0.7269134963768116,0.6860071018745458,48.63597965161091,0.8606799743098515,dark_blob,75.0,37.0,0.0,455.0,13.68285098895765,0.27546182287986176,True,True,OK,230.0,229.3855721393035,191.0,236
1042,0,195.73531578073778,327.2079287522304,88.0,229.0,240.0,184.0,1.3043478260869565,32132.0,0.727626811594203,0.6877306001518009,48.59884186533605,0.8613490143797566,dark_blob,75.0,37.0,0.0,455.0,13.722971930449232,0.2778218782617195,True,True,OK,229.0,228.87943103125585,190.5,235
1043,0,195.20932053535776,327.0320001244536,88.0,229.0,240.0,184.0,1.3043478260869565,32140.5,0.7278192934782609,0.6904588709396742,48.47385600788323,0.8622109016112116,dark_blob,75.0,37.0,0.0,455.0,13.766813933109391,0.2804008195946701,True,True,OK,229.0,228.32634730538922,190.0,236
1044,0,194.88143291435554,326.93281854481614,87.0,229.0,242.0,184.0,1.315217391304348,32181.5,0.7227250269493353,0.6862545509410776,48.535090417025465,0.8606046375070685,dark_blob,75.0,37.0,0.0,455.0,13.78913874810166,0.28171404400598,True,True,OK,229.0,228.04471117779445,189.5,236
1045,0,194.34551804423748,326.7231302548182,87.0,229.0,241.0,184.0,1.309782608695652,32212.5,0.7264229659029406,0.6884006076945259,48.442222017390236,0.8618325495500984,dark_blob,75.0,36.0,0.0,455.0,13.78650617675008,0.2815591868676518,True,True,OK,229.0,228.07792207792207,189.0,237
1046,0,193.8072243680229,326.4008045459951,86.0,228.0,241.0,185.0,1.3027027027027027,32233.5,0.7229673657059549,0.6909591014780645,48.36521632327202,0.8618038509586231,dark_blob,75.0,36.0,0.0,455.0,13.833841463414634,0.2843436154949785,True,True,OK,228.0,227.48076923076923,188.0,236
1047,0,192.97959046555857,326.1036136607955,86.0,228.0,240.0,185.0,1.2972972972972974,32248.0,0.7263063063063063,0.7079452899489611,48.19018969856959,0.8649560525074218,dark_blob,75.0,36.0,0.0,455.0,13.84280825458417,0.28487107379906884,True,True,OK,228.0,227.3676497113997,187.5,235
1048,0,192.27300132144035,325.7050090849025,85.0,227.0,238.0,186.0,1.2795698924731183,32288.0,0.7293756212162285,0.7163782735844424,48.12454010301692,0.8672251463121131,dark_blob,75.0,36.0,0.0,455.0,13.921057677557908,0.28947398103281813,True,True,OK,227.0,226.38050314465409,187.0,233
1049,0,191.31727329890424,325.25665130758364,85.0,226.0,239.0,187.0,1.2780748663101604,32337.0,0.7235361242252701,0.7098991199279711,47.98558177977776,0.8654864629739903,dark_blob,75.0,36.0,0.0,455.0,13.9312762156284,0.2900750715075529,True,True,OK,227.0,226.2515923566879,186.0,233
1050,0,190.03234192689797,324.5018569527405,84.0,226.0,236.0,187.0,1.2620320855614973,32311.0,0.7321444756639174,0.7268436524791534,47.665492094619445,0.8704297085363255,dark_blob,75.0,36.0,0.0,455.0,14.002692429521698,0.29427602526598223,True,True,OK,226.0,225.35064935064935,185.0,232
1051,0,188.94781929061384,323.68319295755816,83.0,224.0,235.0,189.0,1.2433862433862435,32413.0,0.7297759765844872,0.7191516670536767,47.423414067988155,0.8702334625670631,dark_blob,75.0,36.0,0.0,455.0,14.13747019988997,0.30220412940529234,True,True,OK,224.0,223.65037593984962,184.0,231
1052,0,187.81698211761815,322.7691267744116,82.0,223.0,235.0,190.0,1.236842105263158,32546.0,0.7289137737961926,0.7167052554208974,47.33557414448669,0.8705742581836432,dark_blob,75.0,36.0,0.0,455.0,14.249488160940004,0.30879342123176495,True,True,OK,223.0,222.23722627737226,183.0,230
1053,0,186.72467240467176,321.5928356326049,81.0,221.0,236.0,192.0,1.2291666666666667,32764.0,0.7230755649717514,0.7101796162818406,47.15811578438482,0.8698370971798045,dark_blob,75.0,35.0,0.0,455.0,14.418593842329402,0.3187408142546707,True,True,OK,221.0,220.1038930659983,181.5,229
1054,0,185.47474793350895,320.11351823255717,80.0,218.0,233.0,195.0,1.1948717948717948,33027.0,0.7269065698250248,0.7152354861227388,47.03324340527578,0.8725411733176813,dark_blob,75.0,35.0,0.0,455.0,14.592382081746091,0.32896365186741716,True,True,OK,218.0,217.91148758412623,180.5,227
1055,0,184.18074016353725,318.2891323133482,79.0,215.0,233.0,197.0,1.1827411167512691,33366.5,0.7269231607154528,0.7214776694491571,47.25602373887241,0.8741969324873975,dark_blob,75.0,35.0,0.0,455.0,14.816912708600771,0.3421713358000454,True,True,OK,215.0,215.07894736842104,179.0,229
1056,0,182.68986659546482,315.831142888223,78.0,211.0,232.0,201.0,1.154228855721393,33707.0,0.722829816435066,0.7072356856289862,47.711960991657854,0.8724675942981459,dark_blob,75.0,36.0,0.0,455.0,15.111543313709,0.3595025478652353,True,True,OK,211.0,211.36206896551724,178.0,223
1057,0,181.12560492956365,312.5062599188856,77.0,206.0,228.0,206.0,1.1067961165048543,34026.0,0.7244506898313745,0.7006238371894762,48.56880547068238,0.8724573538554233,dark_blob,75.0,36.0,0.0,455.0,15.457317073170731,0.3798421807747489,True,True,OK,206.0,207.0,177.0,220
1058,0,179.43759293273857,307.99454308677605,76.0,200.0,222.0,211.0,1.052132701421801,34299.0,0.7322274881516587,0.6853853845904202,49.84463497012211,0.8724963463687176,dark_blob,75.0,37.0,0.0,455.0,15.89127353444587,0.4053690314379924,True,True,OK,200.0,201.52547233468286,175.5,215
1059,0,177.07995886560005,295.9202530075654,74.0,192.0,206.0,216.0,0.9537037037037037,32252.0,0.724829198130169,0.5378534675124703,50.407853595732945,0.8557973534978963,dark_blob,75.0,39.0,0.0,455.0,16.51770432178006,0.44221790128117994,True,True,OK,192.0,193.62280701754386,174.0,202
1060,0,172.82472934070398,275.41093116217183,73.0,182.0,195.0,206.0,0.9466019417475728,28310.5,0.7047672392332587,0.5539431873142734,49.942172122565786,0.8586671198851351,dark_blob,75.0,41.0,0.0,455.0,17.27755194218609,0.48691482012859355,True,True,OK,182.0,184.03703703703704,172.0,195
1061,0,168.91895029892487,255.3298373232751,72.0,169.0,194.0,180.0,1.0777777777777777,25982.0,0.7440435280641466,0.8728308283640738,50.37607651855804,0.91097860440364,dark_blob,75.0,44.0,0.0,455.0,18.337827314961462,0.5492839597036154,True,True,OK,169.0,170.6612554112554,170.5,193
1062,0,166.6954660399659,232.6384720046178,70.0,150.0,193.0,173.0,1.115606936416185,24254.0,0.7264069004762047,0.865943897365918,51.65173032974208,0.9122017430997558,dark_blob,75.0,50.0,0.0,455.0,19.7510162601626,0.6324127211860353,True,True,OK,150.0,152.83333333333334,169.0,192
1063,0,164.5049621998002,205.4262467563941,67.0,107.0,194.0,196.0,0.9897959183673469,28196.5,0.7415448138018094,0.8208037416043863,48.40029495417676,0.937285801384305,dark_blob,75.0,41.0,0.0,455.0,23.334867700885987,0.8432275118168228,True,True,OK,107.0,107.62166900420758,158.5,193
1064,0,165.3765751945912,202.38700073859437,67.0,105.0,195.0,197.0,0.9898477157360406,29335.0,0.7636339971365352,0.8619849599443686,46.380929871357665,0.9515389262557991,dark_blob,75.0,38.0,0.0,455.0,23.449825783972127,0.8499897519983604,True,True,OK,105.0,106.17142857142858,159.5,194
1065,0,166.02050429016285,201.66266774200773,67.0,104.0,197.0,198.0,0.9949494949494949,29758.0,0.7629082705224837,0.8668993921683216,46.37728437801671,0.9523936559876723,dark_blob,75.0,38.0,0.0,455.0,23.520795413178014,0.8541644360692949,True,True,OK,104.0,105.27611940298507,160.0,195
1066,0,167.27746855633276,201.35816704603985,68.0,103.0,197.0,199.0,0.9899497487437185,30093.5,0.7676325791393516,0.8720003809452057,45.99716900388439,0.9548403590912444,dark_blob,75.0,37.0,0.0,455.0,23.53521562389537,0.8550126837585511,True,True,OK,103.7,105.09420289855072,161.0,196
1067,0,168.90567949097039,201.96630197895104,70.0,103.0,197.0,200.0,0.985,30437.0,0.77251269035533,0.8750682944485955,45.75409302476972,0.95683531252485,dark_blob,75.0,36.0,0.0,455.0,23.55218033646838,0.8560106080275517,True,True,OK,103.0,104.88018652455273,162.5,197
1068,0,168.40687028002407,203.19197353471898,70.0,105.0,196.0,198.0,0.98989898989899,29926.0,0.7711296639868068,0.8708832588337708,45.79510095994704,0.954994601784765,dark_blob,75.0,37.0,0.0,455.0,23.38931601272535,0.8464303536897264,True,True,OK,105.0,106.93478260869566,162.0,196
1069,0,167.72144942180307,203.5451105871786,69.0,106.0,196.0,197.0,0.9949238578680203,29690.0,0.7689319382575365,0.8692988242288514,45.77953491475661,0.9539164779388183,dark_blob,75.0,37.0,0.0,455.0,23.315408439798684,0.8420828493999226,True,True,OK,106.0,107.86715506715507,161.5,195
1070,0,167.36813242440604,203.02035524658027,69.0,106.0,196.0,197.0,0.9949238578680203,29632.0,0.76742981456542,0.8676006305844265,45.700885843222466,0.95378107462356,dark_blob,75.0,37.0,0.0,455.0,23.35801849472977,0.8445893232193982,True,True,OK,106.0,107.32961283571677,161.5,195
1071,0,167.21554641215022,202.40684406371903,69.0,105.0,196.0,197.0,0.9949238578680203,29651.0,0.76792188956801,0.8734820086012061,45.524504727224134,0.9552461123262092,dark_blob,75.0,37.0,0.0,455.0,23.412510513036164,0.8477947360609508,True,True,OK,105.0,106.642175066313,161.5,195
1072,0,167.16850971533887,202.49089151860466,69.0,105.0,196.0,197.0,0.9949238578680203,29661.0,0.7681808764114783,0.8737765918422171,45.602778612697456,0.9552022747077559,dark_blob,75.0,37.0,0.0,455.0,23.41433378978917,0.847901987634657,True,True,OK,105.0,106.61917372881356,161.5,195
1073,0,167.13374304945856,202.8496713266248,69.0,105.0,196.0,198.0,0.98989898989899,29614.0,0.7630900845186559,0.8648848795885634,45.65150349533398,0.9527831985332021,dark_blob,75.0,37.0,0.0,455.0,23.389986279991422,0.846469781175966,True,True,OK,106.0,106.92632692933898,161.5,195
1074,0,166.98094513054755,202.61956803699317,69.0,105.0,195.0,197.0,0.9898477157360406,29555.0,0.7693609267213328,0.8684494782585911,45.72098401313804,0.9543439742372519,dark_blob,75.0,37.0,0.0,455.0,23.370737774541922,0.8453375161495248,True,True,OK,105.64,107.16915422885572,161.5,195
1075,0,166.8448461482095,202.15802289598727,69.0,105.0,195.0,197.0,0.9898477157360406,29568.5,0.7697123519458545,0.8726162433313106,45.673199329983255,0.955373790083577,dark_blob,75.0,37.0,0.0,455.0,23.432458932360586,0.8489681724917991,True,True,OK,105.0,106.39051808406647,161.5,195
1076,0,166.80391394285778,202.17120681783595,69.0,105.0,195.0,197.0,0.9898477157360406,29569.5,0.7697383834439672,0.8726457559723313,45.54678235235,0.9556085492195434,dark_blob,75.0,37.0,0.0,455.0,23.430499096657634,0.8488528880386843,True,True,OK,105.0,106.41524216524216,161.5,195
1077,0,166.75955037187288,202.5058767185035,69.0,105.0,195.0,197.0,0.9898477157360406,29580.0,0.7700117141741507,0.871390433976354,45.65179827205144,0.9551908175827769,dark_blob,75.0,37.0,0.0,455.0,23.408367208672086,0.8475510122748285,True,True,OK,105.0,106.69444444444444,161.0,195
1078,0,166.7185597348126,203.22340233617462,69.0,106.0,195.0,197.0,0.9898477157360406,29564.0,0.7695952102043473,0.8687139387407076,45.68742880117939,0.9541609289569537,dark_blob,75.0,37.0,0.0,455.0,23.314786585365855,0.8420462697274033,True,True,OK,106.0,107.875,161.0,195
1079,0,166.67236274426867,203.68133547641202,68.0,106.0,196.0,197.0,0.9949238578680203,29552.5,0.7653708691598466,0.8699338241627489,45.5886572367098,0.9535276557426803,dark_blob,75.0,37.0,0.0,455.0,23.308401084010843,0.8416706520006378,True,True,OK,106.64,107.95555555555555,162.0,195
1080,0,166.52199495972278,204.26017055938075,68.0,106.0,196.0,198.0,0.98989898989899,29628.0,0.7634508348794063,0.8683929791193453,45.60213975259111,0.9529219083513969,dark_blob,75.0,37.0,0.0,455.0,23.312804878048784,0.841929698708752,True,True,OK,107.0,107.9,161.5,194
1081,0,166.32529269277353,205.52986363432464,68.0,106.0,196.0,200.0,0.98,29724.0,0.758265306122449,0.8615565681609402,45.782850668177424,0.9508369816303632,dark_blob,75.0,37.0,0.0,455.0,23.348940479419962,0.8440553223188213,True,True,OK,106.0,107.44413549039433,159.5,194
1082,0,166.16680633303164,208.1331020458329,68.0,106.0,196.0,203.0,0.9655172413793104,29833.0,0.7497989343520659,0.8509263466065277,46.371484543613235,0.9469538792992264,dark_blob,75.0,37.0,0.0,455.0,23.409236865477897,0.8476021685575233,True,True,OK,106.0,106.68347338935574,161.5,195
1083,0,165.94537598204263,212.94644219977553,68.0,107.0,196.0,207.0,0.9468599033816425,29700.0,0.7320319432120674,0.8378750689077635,47.00503585125897,0.9397635846677823,dark_blob,75.0,38.0,0.0,455.0,23.31808943089431,0.8422405547584889,True,True,OK,108.0,107.83333333333333,159.0,194
1084,0,165.98460244622427,219.94649237177643,68.0,109.0,196.0,212.0,0.9245283018867925,29528.5,0.7106396804004621,0.72157256687599,47.970067707984185,0.918742446234682,dark_blob,75.0,39.0,0.0,455.0,23.2229674796748,0.8366451458632236,True,True,OK,109.0,109.03333333333333,158.0,194
1085,0,166.38397237340237,231.8914186047868,68.0,139.0,196.0,193.0,1.0155440414507773,28571.5,0.7553003066511579,0.8769602386232552,47.77535101404056,0.9326565059651324,dark_blob,75.0,40.0,0.0,455.0,20.68977932636469,0.6876340780214524,True,True,OK,139.0,140.9904761904762,164.5,194
1086,0,166.5864914317886,242.9875670032959,69.0,150.0,195.0,192.0,1.015625,28419.0,0.7590544871794872,0.8816633415511612,48.14865288766512,0.9282457753689399,dark_blob,75.0,40.0,0.0,455.0,19.82290676802872,0.6366415745899247,True,True,OK,150.0,151.9264069264069,165.5,193
1087,0,166.80348482443608,255.85622747767607,69.0,163.0,195.0,192.0,1.015625,28351.5,0.7572516025641025,0.8779523449491007,48.53137227501398,0.920445379744536,dark_blob,75.0,40.0,0.0,455.0,18.761814024390244,0.5742243543758967,True,True,OK,163.0,165.3125,166.0,193
1088,0,169.3092563045694,276.1525007756061,70.0,177.0,194.0,215.0,0.9023255813953488,30084.0,0.7212658834811796,0.46099258309539315,49.67559230819715,0.8532533923569154,dark_blob,75.0,40.0,0.0,455.0,17.552757158006365,0.5031033622356685,True,True,OK,178.0,180.56521739130434,168.0,193
1089,0,172.118205794478,302.8226621120551,71.0,193.0,210.0,216.0,0.9722222222222222,34251.0,0.7550925925925925,0.68526465501712,50.53717407642944,0.8787789570174532,dark_blob,75.0,38.0,0.0,455.0,16.329268292682926,0.4311334289813486,True,True,OK,194.0,196.0,169.0,207
1090,0,173.93523650444158,315.3871839647711,71.0,211.0,228.0,200.0,1.14,32927.5,0.722094298245614,0.7255724177751236,48.31382866764891,0.8723012274441067,dark_blob,75.0,36.0,0.0,455.0,14.92848432055749,0.34873437179749944,True,True,OK,212.0,213.67142857142858,171.0,220
1091,0,175.13131074460878,324.8609023938167,72.0,225.0,226.0,189.0,1.1957671957671958,31741.5,0.7431170108161259,0.7454091019679576,47.326606363069246,0.8751426120130839,dark_blob,75.0,36.0,0.0,455.0,13.907668126923989,0.28868636040729345,True,True,OK,225.0,226.54941747572815,170.5,223
1092,0,178.85515191965422,323.8075101703534,76.0,225.0,226.0,187.0,1.2085561497326203,31464.0,0.744498603946808,0.739670298153431,47.76202611294636,0.8741376502930709,dark_blob,75.0,37.0,0.0,455.0,13.94112926566159,0.2906546626859759,True,True,OK,225.0,226.12729234088457,171.5,223
1093,0,184.48114342211213,320.1488446523764,81.0,218.0,229.0,195.0,1.1743589743589744,32703.0,0.7323480013436345,0.7281257471547437,47.938998546863644,0.8730389114192149,dark_blob,75.0,36.0,0.0,455.0,14.499687387201568,0.32351102277656285,True,True,OK,218.0,219.080866807611,177.5,224
1094,0,190.74830213600654,317.52967442410625,87.0,212.0,230.0,202.0,1.1386138613861385,33817.0,0.7278734395178649,0.6921620115482318,48.19272205632648,0.870270056772676,dark_blob,75.0,36.0,0.0,455.0,15.010494223363287,0.3535584837272521,True,True,OK,212.0,212.63684210526316,185.0,224
1095,0,196.52557207479336,315.442826901636,94.0,209.0,227.0,204.0,1.1127450980392157,33933.5,0.7327783536322018,0.7054891961218385,49.09104172745842,0.8726400960600188,dark_blob,75.0,37.0,0.0,455.0,15.244828693182427,0.36734286430484864,True,True,OK,209.0,209.68062263985246,191.5,223
1096,0,202.38485048211888,313.61969486146705,100.0,206.0,225.0,206.0,1.0922330097087378,34137.5,0.7365156418554477,0.6959545109101998,49.63883168489138,0.8725216692905824,dark_blob,75.0,37.0,0.0,455.0,15.454347111540423,0.37966747714943666,True,True,OK,207.0,207.03746720825927,198.5,222
1097,0,209.13232267866758,312.70596295868916,106.0,203.0,229.0,208.0,1.1009615384615385,34664.0,0.727746053073564,0.6682858807652732,49.770206203232995,0.8681335821272992,dark_blob,75.0,37.0,0.0,455.0,15.641943362710938,0.3907025507477022,True,True,OK,204.0,204.67086834733894,206.5,223
1098,0,216.0378247537588,313.4237357864171,106.0,204.0,234.0,207.0,1.1304347826086956,34840.5,0.719280317106404,0.6303670432440747,49.44284090909091,0.8623693899208468,dark_blob,75.0,37.0,0.0,455.0,15.64714377406932,0.39100845729819533,True,True,OK,204.0,204.60526315789474,215.0,225
1099,0,222.87585358796295,316.13313078703703,109.0,207.0,233.0,205.0,1.1365853658536584,34560.0,0.7235423427195645,0.6448380112079473,49.09904052699413,0.8634671156118638,dark_blob,75.0,38.0,0.0,455.0,15.269916701624018,0.36881862950729516,True,True,OK,208.0,209.36412776412777,223.5,226
1100,0,229.6719065776466,320.28926159135506,111.0,212.0,234.0,202.0,1.1584158415841583,34224.5,0.724052212913599,0.6358519627069342,48.59417020907435,0.8608194268932635,dark_blob,75.0,38.0,0.0,455.0,14.823170731707318,0.3425394548063128,True,True,OK,213.0,215.0,231.0,230
1101,0,234.27189544388267,321.16144808862595,111.0,213.0,242.0,202.0,1.198019801980198,34316.5,0.7019986089518043,0.5710594332555982,47.551948800738,0.8501491269823978,dark_blob,75.0,37.0,0.0,455.0,14.821755226480837,0.3424561897929904,True,True,OK,214.0,215.01785714285714,234.0,238
1102,0,236.54877901031747,317.182545105622,112.0,209.0,243.0,203.0,1.1970443349753694,34391.5,0.6971862393318332,0.5369653157861469,47.25501078360892,0.8467860565456168,dark_blob,75.0,36.0,0.0,455.0,15.03048780487805,0.35473457675753234,True,True,OK,210.0,212.3846153846154,236.0,237
1103,0,238.60941567141325,312.6511923901393,117.0,203.0,238.0,209.0,1.138755980861244,34832.0,0.7002533070644525,0.49506939283166096,46.81222856169633,0.8462285067349857,dark_blob,75.0,36.0,0.0,455.0,15.534790341109932,0.38439943182999603,True,True,OK,204.0,206.02264492753625,237.5,235
1104,0,242.7074923970141,307.8732981195039,136.0,200.0,219.0,212.0,1.0330188679245282,34361.5,0.7401029551132937,0.7527283167880086,45.434247325779204,0.8912444222001865,dark_blob,75.0,35.0,0.0,455.0,16.004950170469446,0.4120558923805556,True,True,OK,200.0,200.09139784946237,239.0,218
1105,0,243.48930722085103,307.050452976599,137.0,199.0,217.0,213.0,1.0187793427230047,34236.5,0.7407130957789749,0.7373093764225931,45.377922453703704,0.8897282857378943,dark_blob,75.0,35.0,0.0,455.0,16.021031138494514,0.4130018316761479,True,True,OK,199.9,199.88853025283842,240.5,216
1106,0,244.42914750480875,307.5008055303319,138.0,199.0,217.0,213.0,1.0187793427230047,34139.0,0.7386036650007572,0.734083334364921,45.22688100281461,0.8890471698529574,dark_blob,75.0,35.0,0.0,455.0,16.001626016260165,0.41186035389765674,True,True,OK,200.0,200.13333333333333,242.0,216
1107,0,252.0779349020923,310.1446351051739,139.0,202.0,255.0,210.0,1.2142857142857142,35782.0,0.6681979458450047,0.404252615072869,47.430420979986195,0.8293231137050207,dark_blob,75.0,34.0,0.0,455.0,15.90679688576547,0.40628216975090997,True,True,OK,202.0,201.3296392872664,243.5,248
1108,0,251.87294429953565,313.5924070888136,119.0,205.0,276.0,209.0,1.3205741626794258,36038.0,0.6247486304694543,0.2908335012106628,47.154405732100855,0.8046443501873378,dark_blob,75.0,34.0,0.0,455.0,15.558578431372549,0.38579873125720876,True,True,OK,205.0,205.72254901960784,244.5,260
1109,0,252.20983495971018,313.96099005692315,119.0,205.0,277.0,208.0,1.3317307692307692,36072.0,0.626076089975007,0.29583032179937735,47.296160677688206,0.8050066920233382,dark_blob,75.0,34.0,0.0,455.0,15.51388888888889,0.3831699346405229,True,True,OK,206.0,206.2863247863248,245.0,260
1110,0,250.89576307645336,312.92736768576725,119.0,204.0,280.0,208.0,1.3461538461538463,36028.5,0.6186212225274725,0.309432420989354,47.06067655591439,0.806605002561223,dark_blob,75.0,34.0,0.0,455.0,15.711252127056156,0.3947795368856562,True,True,OK,204.0,203.79651162790697,244.0,259
1111,0,249.51768055555556,312.2263703703703,119.0,203.0,274.0,209.0,1.3110047846889952,36000.0,0.6286452694443474,0.2947774098371418,47.09128994277265,0.8073996593588751,dark_blob,75.0,34.0,0.0,455.0,15.780995934959352,0.3988821138211383,True,True,OK,203.0,202.91666666666666,243.0,259
1112,0,243.14427817327714,312.56640999564144,119.0,204.0,241.0,208.0,1.1586538461538463,34415.0,0.686542451324609,0.4867137943065401,45.483971965301315,0.8457283303116353,dark_blob,75.0,34.0,0.0,455.0,15.708481775828995,0.3946165750487644,True,True,OK,204.0,203.8314606741573,242.0,230
1113,0,241.28427983539095,314.2659791817961,119.0,205.0,240.0,208.0,1.1538461538461537,34425.0,0.6896033653846154,0.49713733256612574,45.79983918212624,0.8463404548329386,dark_blob,75.0,34.0,0.0,455.0,15.58636108537137,0.3874330050218453,True,True,OK,206.0,205.37206015377657,240.5,232
1114,0,238.4497284645553,315.1396751246451,118.0,206.0,236.0,207.0,1.1400966183574879,34464.5,0.7054880045852779,0.5280686827742921,46.18725431121058,0.8520536030858336,dark_blob,75.0,35.0,0.0,455.0,15.457317073170731,0.3798421807747489,True,True,OK,207.0,207.0,238.5,230
1115,0,235.97737917433986,315.7329485859567,118.0,207.0,235.0,206.0,1.1407766990291262,34481.5,0.7122805205536046,0.5541038552580537,46.627556728534955,0.8558432968420101,dark_blob,75.0,35.0,0.0,455.0,15.457317073170731,0.3798421807747489,True,True,OK,207.0,207.0,236.0,227
1116,0,233.14296456977584,317.4082188479151,117.0,208.0,235.0,205.0,1.146341463414634,34575.0,0.7176959003632589,0.576782058992205,47.06941940652989,0.8580850575559726,dark_blob,75.0,36.0,0.0,455.0,15.314538642374377,0.37144344955143394,True,True,OK,209.0,208.8012048192771,233.0,230
1117,0,229.2337918345891,319.0640441562993,117.0,211.0,228.0,202.0,1.1287128712871286,34242.0,0.7434861907243356,0.662634237668691,47.68201792425557,0.8715208779008816,dark_blob,75.0,36.0,0.0,455.0,15.080091281034942,0.35765242829617305,True,True,OK,211.38,211.7588484546361,229.5,224
1118,0,225.6010139753538,320.17414608719594,111.0,213.0,233.0,200.0,1.165,33893.0,0.7273175965665236,0.6308996323320841,48.13143140804765,0.8615764319964726,dark_blob,75.0,37.0,0.0,455.0,14.783536585365853,0.3402080344332855,True,True,OK,214.0,215.5,226.0,225
1119,0,221.56028157695,321.52131918503414,109.0,216.0,235.0,197.0,1.1928934010152283,33596.5,0.7257047197321524,0.6797715153949242,48.58276116104317,0.8654901024226661,dark_blob,75.0,38.0,0.0,455.0,14.655923344947736,0.33270137323221977,True,True,OK,216.5,217.1098901098901,222.0,226
1120,0,217.59340874811463,323.1494017094017,105.0,219.0,238.0,194.0,1.2268041237113403,33150.0,0.7179675994108984,0.6923262996818059,48.88783037180827,0.862952580114026,dark_blob,75.0,38.0,0.0,455.0,14.354394449116905,0.3149643793598179,True,True,OK,220.0,220.91379310344828,217.0,230
1121,0,213.20036592303316,324.8911455850925,103.0,223.0,239.0,190.0,1.2578947368421052,32520.5,0.7161528297731777,0.6848413653474812,49.01463919408345,0.8595455529140202,dark_blob,75.0,38.0,0.0,455.0,14.036034688995214,0.29623733464677726,True,True,OK,223.74,224.930023923445,211.5,230
1122,0,208.4005901632543,326.15831725682995,101.0,226.0,239.0,187.0,1.2780748663101604,32138.0,0.7190835253842883,0.6809845159882028,48.97136346840744,0.8592401343877683,dark_blob,75.0,38.0,0.0,455.0,13.939634146341465,0.2905667144906744,True,True,OK,226.0,226.14615384615382,206.5,231
1123,0,202.8529054485669,327.0347669462683,98.0,228.0,235.0,185.0,1.2702702702702702,31831.0,0.7321679125934445,0.684498590267712,48.914974974352596,0.8615795093931902,dark_blob,75.0,38.0,0.0,455.0,13.759395914602988,0.2799644655648817,True,True,OK,228.0,228.41992846193153,199.5,231
1124,0,196.96637763413736,327.4532292816228,92.0,229.0,235.0,184.0,1.2771739130434783,31715.0,0.7334643848288621,0.7017439403343974,48.614242027086064,0.8642190803029367,dark_blob,75.0,37.0,0.0,455.0,13.712078651685394,0.27718109715796435,True,True,OK,229.0,229.01685393258427,193.0,232
1125,0,190.9236570166443,327.0145565459756,86.0,229.0,237.0,184.0,1.2880434782608696,31692.5,0.7267588515868648,0.6919031098996894,48.03475409836066,0.8628114895284487,dark_blob,75.0,36.0,0.0,455.0,13.73906025824964,0.278768250485273,True,True,OK,229.0,228.6764705882353,187.0,228
1126,0,185.15266799712953,326.01171226382974,80.0,227.0,236.0,186.0,1.2688172043010753,31818.5,0.7248610351740478,0.7212936443565798,47.521153487214576,0.8674691984677333,dark_blob,75.0,36.0,0.0,455.0,13.838414634146341,0.2846126255380201,True,True,OK,227.0,227.42307692307693,182.0,229
1127,0,180.66783580150687,324.4927409716809,76.0,225.0,237.0,188.0,1.2606382978723405,32075.0,0.7198805996947661,0.7173038595302726,47.218121219602516,0.8672283297935888,dark_blob,75.0,36.0,0.0,455.0,13.96812230989957,0.29224248881762177,True,True,OK,225.0,225.78676470588235,178.0,230
1128,0,177.08334616055578,322.6685343102546,72.0,222.0,236.0,191.0,1.2356020942408377,32483.0,0.7206273848611234,0.7235012308889596,47.07240811848601,0.8698566055647526,dark_blob,75.0,36.0,0.0,455.0,14.21418892760356,0.3067169957413859,True,True,OK,222.0,222.6825396825397,173.5,228
1129,0,173.9725651995189,320.9330217357104,70.0,219.0,232.0,193.0,1.2020725388601037,32841.5,0.7334621225656601,0.7372244148679266,46.96979198070546,0.876060409822713,dark_blob,75.0,36.0,0.0,455.0,14.477218958320972,0.3221893504894689,True,True,OK,219.0,219.36431467964314,170.5,227
1130,0,171.7342343698263,319.59041971443764,67.0,216.0,233.0,196.0,1.1887755102040816,33221.0,0.7274459139879128,0.7373573665683891,46.86444517302018,0.8759168750470835,dark_blob,75.0,35.0,0.0,455.0,14.641033832531006,0.33182551956064743,True,True,OK,217.0,217.2977270357627,169.5,226
1131,0,169.92691168994287,318.534246438789,65.0,215.0,231.0,197.0,1.1725888324873097,33439.0,0.7348100292262729,0.7366474599606184,46.811400651465796,0.878449942281676,dark_blob,75.0,35.0,0.0,455.0,14.79442218877724,0.34084836404572,True,True,OK,215.0,215.36267392619482,169.5,228
1132,0,168.86259007801797,317.89825402497365,65.0,214.0,230.0,198.0,1.1616161616161615,33582.0,0.7374176548089592,0.7294968093669862,46.8818187179336,0.8785727457149151,dark_blob,75.0,35.0,0.0,455.0,14.886308848553602,0.3462534616796237,True,True,OK,214.0,214.20348837209303,169.0,226
1133,0,168.2055521595873,317.57455309886245,64.0,213.0,229.0,200.0,1.145,33536.5,0.7322379912663756,0.7334872796049009,46.8350311512682,0.878097212904011,dark_blob,75.0,35.0,0.0,455.0,14.902439024390244,0.34720229555236726,True,True,OK,214.0,214.0,168.0,225
1134,0,168.2108350638162,317.65884339005333,65.0,213.0,228.0,200.0,1.14,33468.5,0.7339583333333334,0.7345439457768009,46.905059171597635,0.8784524123671305,dark_blob,75.0,36.0,0.0,455.0,14.899390243902438,0.34702295552367285,True,True,OK,214.0,214.03846153846155,168.0,225
1135,0,168.79159147417388,317.95634323869103,66.0,214.0,226.0,199.0,1.135678391959799,33248.0,0.7392715791346111,0.740936765208706,46.97706695258518,0.8798260184083411,dark_blob,75.0,36.0,0.0,455.0,14.827167452346794,0.34277455602039963,True,True,OK,215.0,214.94957983193277,168.0,224
1136,0,170.04663440387154,318.3816971848436,68.0,215.0,224.0,197.0,1.1370558375634519,32958.5,0.7468840645395214,0.7508789926167848,47.03013550461196,0.8821785353602462,dark_blob,75.0,36.0,0.0,455.0,14.75711382113821,0.3386537541846006,True,True,OK,215.26,215.83333333333334,169.5,222
1137,0,172.05911968954246,318.9156403186274,71.0,216.0,221.0,196.0,1.1275510204081634,32640.0,0.7535321821036107,0.7562832235274249,46.93007099083794,0.884137788665879,dark_blob,75.0,36.0,0.0,455.0,14.699956719166535,0.3352915717156785,True,True,OK,216.08,216.5543921582068,170.5,219
1138,0,174.80924180970445,319.5336582206252,73.0,217.0,223.0,195.0,1.1435897435897435,32421.5,0.7455789352650339,0.7548186096317597,46.85437664162237,0.8818951327349295,dark_blob,75.0,37.0,0.0,455.0,14.62124765478424,0.3306616267520141,True,True,OK,217.02,217.5473372781065,172.0,218
1139,0,178.08915953886202,319.88390975579523,77.0,217.0,223.0,195.0,1.1435897435897435,32268.0,0.7420489824077268,0.7510394108748915,46.74599570420374,0.8805202916054371,dark_blob,75.0,37.0,0.0,455.0,14.561801402673849,0.32716478839257934,True,True,OK,218.0,218.29727461242223,174.5,217
1140,0,181.34679674392592,320.13692288572673,80.0,218.0,226.0,194.0,1.1649484536082475,32186.0,0.7341027278532981,0.7353990579433966,46.591338316262195,0.8773239244927531,dark_blob,75.0,37.0,0.0,455.0,14.58471611355458,0.32851271256203407,True,True,OK,218.0,218.00819672131146,178.0,216
1141,0,184.72928004490947,320.39011991454726,83.0,219.0,227.0,193.0,1.1761658031088082,32064.5,0.7318824039624752,0.7265927749279353,46.48848410003088,0.8755913634674304,dark_blob,75.0,37.0,0.0,455.0,14.519900120437972,0.32470000708458663,True,True,OK,219.0,218.8258754037056,181.5,217
1142,0,187.78031675621642,320.5914657003624,87.0,219.0,222.0,193.0,1.150259067357513,32012.0,0.7471409233067264,0.7457773955987946,46.40299384529738,0.8813568620615245,dark_blob,75.0,37.0,0.0,455.0,14.512015318205668,0.3242361951885687,True,True,OK,219.0,218.92534521648236,185.5,216
1143,0,190.9341214809262,320.78264513576545,90.0,219.0,223.0,193.0,1.1554404145077721,32016.0,0.7438834545412301,0.7345121988270743,46.364884504777514,0.8794013683198839,dark_blob,75.0,37.0,0.0,455.0,14.518803244252538,0.3246354849560317,True,True,OK,219.0,218.8397129186603,189.0,217
1144,0,193.91230069522499,321.01510657341487,92.0,219.0,224.0,193.0,1.160621761658031,32028.0,0.740840118430792,0.7144016416865816,46.558769896461136,0.8757481194910324,dark_blob,75.0,37.0,0.0,455.0,14.483375673929329,0.322551510231137,True,True,OK,220.0,219.28664534427617,191.5,218
1145,0,196.51962054628427,321.4781626780315,95.0,220.0,225.0,192.0,1.171875,32028.5,0.7414004629629629,0.7117282530609537,46.6849425145259,0.8747301539290027,dark_blob,75.0,37.0,0.0,455.0,14.384165760447413,0.3167156329674949,True,True,OK,220.0,220.53821656050957,194.0,219
1146,0,198.824323340716,322.3693473084402,96.0,221.0,227.0,191.0,1.1884816753926701,32057.0,0.7393731116082755,0.7096897630856719,46.918604292110544,0.8728296580313822,dark_blob,75.0,37.0,0.0,455.0,14.25280116379844,0.30898830375284936,True,True,OK,222.0,222.19543147208122,196.0,222
1147,0,201.56440688498105,323.87982870399134,97.0,223.0,231.0,190.0,1.2157894736842105,32186.0,0.7333333333333333,0.6933769920204638,47.478782287822874,0.8678210752349563,dark_blob,75.0,38.0,0.0,455.0,14.138066202090593,0.3022391883582702,True,True,OK,224.0,223.64285714285714,198.0,226
1148,0,203.771777798521,325.4055768173662,98.0,226.0,234.0,187.0,1.2513368983957218,32139.0,0.7344714109419992,0.6801482344115276,47.75723611282178,0.8648574891374914,dark_blob,75.0,38.0,0.0,455.0,13.950410652065704,0.2912006265921003,True,True,OK,226.0,226.01020408163265,200.0,228
1149,0,205.42393845611525,326.60199167457216,98.0,228.0,236.0,185.0,1.2756756756756757,32150.5,0.7363834173156207,0.6879460814504275,47.59320938250323,0.8656997195240801,dark_blob,75.0,38.0,0.0,455.0,13.810879736155853,0.28299292565622663,True,True,OK,228.0,227.77044025157232,202.0,230
1150,0,206.2213651961542,326.89649220432597,99.0,228.0,236.0,185.0,1.2756756756756757,32347.0,0.7408841044434265,0.6932100923201365,47.72168165962915,0.86660985499672,dark_blob,75.0,37.0,0.0,455.0,13.73121501222957,0.2783067654252689,True,True,OK,229.0,228.7754413841808,202.5,231
1151,0,206.8302498491496,326.50929647470315,99.0,228.0,236.0,185.0,1.2756756756756757,32593.0,0.7465185524507558,0.6882754285625676,48.179137564530826,0.866613036246763,dark_blob,75.0,37.0,0.0,455.0,13.767975926512513,0.2804691721477949,True,True,OK,228.0,228.3116883116883,202.0,231
1152,0,206.9683925498532,325.9740358335864,99.0,226.0,238.0,187.0,1.2727272727272727,32930.0,0.7399002381701344,0.6853042584860091,48.89287324536355,0.8639027547460867,dark_blob,75.0,37.0,0.0,455.0,13.842319307501587,0.28484231220597567,True,True,OK,226.86,227.37381796690306,201.5,232
1153,0,206.97216133713655,325.60210679077215,98.0,225.0,241.0,189.0,1.2751322751322751,33305.0,0.7311905859623702,0.6825276252358358,49.52714952298868,0.861113296257759,dark_blob,75.0,37.0,0.0,455.0,13.951948975011224,0.29129111617713077,True,True,OK,225.0,225.99079754601226,201.0,234
1154,0,206.78366449196747,324.8795890363457,97.0,224.0,243.0,189.0,1.2857142857142858,33644.5,0.7325647222766565,0.6786219664151748,50.03189267115832,0.8605201421013969,dark_blob,75.0,37.0,0.0,455.0,14.040396341463415,0.2964939024390244,True,True,OK,224.0,224.875,200.0,234
1155,0,206.7926994606384,323.71377975576445,97.0,222.0,241.0,191.0,1.2617801047120418,33929.0,0.7370902218070431,0.6750675314535068,50.238300851908036,0.8615172617820677,dark_blob,75.0,37.0,0.0,455.0,14.179331370899916,0.30466655122940683,True,True,OK,222.0,223.12228116710875,199.5,234
1156,0,206.66212280599223,323.0245748349015,96.0,220.0,244.0,193.0,1.2642487046632125,34222.0,0.7267051728531385,0.6687727704553856,50.37639198218263,0.858706429633177,dark_blob,75.0,37.0,0.0,455.0,14.261459209419682,0.3094976005540989,True,True,OK,221.0,222.08620689655172,199.0,235
1157,0,206.69154402328408,322.6315565176543,96.0,219.0,244.0,194.0,1.2577319587628866,34415.5,0.7270470677708298,0.6735378638600626,50.48541678651556,0.8597373520971721,dark_blob,75.0,36.0,0.0,455.0,14.36150126156434,0.3153824271508436,True,True,OK,220.0,220.82413793103447,199.0,235
1158,0,206.63724239877104,322.4396539230747,96.0,219.0,244.0,194.0,1.2577319587628866,34501.0,0.728853304039209,0.6694938708599558,50.57627750839239,0.8596124285524672,dark_blob,75.0,36.0,0.0,455.0,14.384320120274221,0.31672471295730714,True,True,OK,220.0,220.5362692519252,198.5,235
1159,0,206.6333164410338,322.44508313424546,96.0,219.0,244.0,194.0,1.2577319587628866,34532.5,0.7295187595065067,0.6691306098751678,50.658707180736705,0.8595196186267108,dark_blob,75.0,36.0,0.0,455.0,14.37739456468005,0.31631732733412055,True,True,OK,220.0,220.62363779942092,198.5,235
1160,0,206.65880578398526,322.5959090535516,96.0,219.0,244.0,194.0,1.2577319587628866,34474.5,0.7282934764238634,0.666634510342545,50.74390559049014,0.8587088210354414,dark_blob,75.0,37.0,0.0,455.0,14.363360376188508,0.3154917868346181,True,True,OK,220.0,220.8006844850065,198.5,235
1161,0,206.75324536463268,322.99562100556483,96.0,220.0,244.0,193.0,1.2642487046632125,34292.5,0.7282022424190946,0.6650468098275283,50.80163953354116,0.8579461856023158,dark_blob,75.0,37.0,0.0,455.0,14.287908723442643,0.31105345432015546,True,True,OK,221.0,221.75253610426205,198.5,235
1162,0,206.90524258720504,323.57135580436295,96.0,221.0,244.0,192.0,1.2708333333333333,34029.0,0.7263703893442623,0.6708690895370888,50.69790848532449,0.8578172764316447,dark_blob,75.0,37.0,0.0,455.0,14.182514781966004,0.3048538107038826,True,True,OK,222.0,223.0821212121212,198.5,235
1163,0,207.02893350335594,324.2642270395303,97.0,223.0,243.0,190.0,1.2789473684210526,33721.0,0.7303660385531731,0.6763163525417465,50.533757999178064,0.8592890314060996,dark_blob,75.0,37.0,0.0,455.0,14.12016006097561,0.3011858859397418,True,True,OK,223.0,223.86875,199.0,235
1164,0,207.2223551640419,324.8763092692022,98.0,224.0,242.0,189.0,1.2804232804232805,33431.5,0.7309348900257991,0.6771655943156397,50.17947655139744,0.8597896011922396,dark_blob,75.0,37.0,0.0,455.0,14.05377730892466,0.29728101817203884,True,True,OK,224.0,224.70619394895044,199.5,234
1165,0,207.30491658113465,325.5597868743585,98.0,225.0,242.0,188.0,1.2872340425531914,33126.0,0.7281079655354317,0.6768325589089478,49.829065702590455,0.8590644846359932,dark_blob,75.0,37.0,0.0,455.0,13.931100506657241,0.29006473568572005,True,True,OK,226.0,226.2538089929394,200.5,234
1166,0,207.35791299217803,326.1673176487341,99.0,227.0,241.0,186.0,1.2956989247311828,32771.0,0.731071253290501,0.6779009141386628,49.25114762019811,0.8604803867356484,dark_blob,75.0,37.0,0.0,455.0,13.855216802168023,0.2856009883628249,True,True,OK,227.0,227.2111111111111,201.0,233
1167,0,206.7356038550604,326.54741549726066,99.0,228.0,241.0,185.0,1.3027027027027027,32459.5,0.728036335090277,0.6716304276431373,48.5832494893137,0.8600201762552873,dark_blob,75.0,37.0,0.0,455.0,13.80526068034091,0.28266239296122997,True,True,OK,228.0,227.84132680185314,201.5,233
1168,0,205.85962192386796,326.6373704174547,99.0,228.0,237.0,185.0,1.281081081081081,32251.0,0.7355684798722774,0.6839883367649978,48.038020130109246,0.8641242412427964,dark_blob,75.0,37.0,0.0,455.0,13.795980925922612,0.28211652505427126,True,True,OK,228.0,227.9583944729763,200.5,231
1169,0,204.8779975458081,326.54892265135913,98.0,228.0,237.0,185.0,1.281081081081081,32054.0,0.731075379176645,0.676042372984254,47.60543377585675,0.8631918996031057,dark_blob,75.0,38.0,0.0,455.0,13.829362975306772,0.2840801750180454,True,True,OK,228.0,227.53726708074535,200.0,229
1170,0,203.4769356765413,325.96859725721555,98.0,227.0,232.0,186.0,1.2473118279569892,31950.5,0.7404175936225436,0.6842792085410979,47.283846987765216,0.867361400350776,dark_blob,75.0,38.0,0.0,455.0,13.919016768292684,0.2893539275466285,True,True,OK,227.0,226.40625,199.0,227
1171,0,201.7615601817121,324.9388388763857,96.0,225.0,230.0,188.0,1.2234042553191489,31992.0,0.7398704902867715,0.6995215205666188,47.137575795074866,0.870000352405853,dark_blob,75.0,38.0,0.0,455.0,14.03048780487805,0.2959110473457676,True,True,OK,226.0,225.0,198.0,226
1172,0,199.99364429938942,323.881302996705,95.0,223.0,230.0,190.0,1.2105263157894737,32018.5,0.7326887871853547,0.6878380078132356,46.80656528189911,0.8682987558357013,dark_blob,75.0,38.0,0.0,455.0,14.14205058717254,0.30247356395132585,True,True,OK,224.0,223.59259259259258,196.0,225
1173,0,197.9556953114,322.841048586015,95.0,222.0,225.0,191.0,1.1780104712041886,31960.5,0.7436998254799302,0.7155900387832125,46.35447703410041,0.8753565523218325,dark_blob,75.0,37.0,0.0,455.0,14.220731707317075,0.3071018651362985,True,True,OK,223.0,222.6,194.0,221
1174,0,195.9577445645071,322.4513014339559,93.0,222.0,226.0,191.0,1.1832460732984293,31881.5,0.7385789741926516,0.7160590802036453,46.19387089763095,0.8748696549359642,dark_blob,75.0,37.0,0.0,455.0,14.26829268292683,0.3098995695839312,True,True,OK,222.0,222.0,192.0,219
1175,0,194.12031487002457,322.45870076886865,92.0,222.0,224.0,191.0,1.1727748691099475,31865.0,0.7447877711293942,0.718402443269666,46.202733768251015,0.8763869109190753,dark_blob,75.0,37.0,0.0,455.0,14.249552503928399,0.30879720611343525,True,True,OK,222.0,222.23641456582635,190.5,219
1176,0,191.95144525577945,322.60154919719616,90.0,222.0,226.0,191.0,1.1832460732984293,31909.0,0.7392160496687208,0.7187335880594318,46.39267876531721,0.8747739061806127,dark_blob,75.0,37.0,0.0,455.0,14.237051649928263,0.30806186176048606,True,True,OK,222.0,222.39411764705883,189.0,220
1177,0,189.9504301344692,322.7472542387037,87.0,222.0,228.0,191.0,1.193717277486911,31928.0,0.7331679985303573,0.7191615526939648,46.49010975382898,0.8733602284138701,dark_blob,75.0,37.0,0.0,455.0,14.244747645496258,0.3085145673821328,True,True,OK,222.0,222.2970297029703,187.0,222
1178,0,187.9424626187267,323.0391889491447,84.0,222.0,230.0,191.0,1.2041884816753927,31901.0,0.7261780104712042,0.7100006974547268,46.750899838649616,0.8700561067308801,dark_blob,75.0,37.0,0.0,455.0,14.213901141670993,0.30670006715711723,True,True,OK,223.0,222.68617021276594,185.0,223
1179,0,185.85232120451693,323.41999686323715,82.0,223.0,230.0,190.0,1.2105263157894737,31880.0,0.7295194508009153,0.711100418368762,47.22190828080852,0.8697230575041918,dark_blob,75.0,38.0,0.0,455.0,14.160289634146341,0.30354644906743183,True,True,OK,223.0,223.3625,183.0,224
1180,0,184.0011694074654,323.77696162881756,79.0,224.0,234.0,189.0,1.2380952380952381,31925.0,0.7218604440826663,0.7098863358886861,47.59358819334636,0.8669019662958366,dark_blob,75.0,38.0,0.0,455.0,14.109756097560975,0.30057388809182206,True,True,OK,224.0,224.0,181.5,225
1181,0,182.3283098312645,323.75042470479104,77.0,224.0,236.0,189.0,1.2486772486772486,31983.0,0.7170433145009416,0.711176027361854,47.78632663798706,0.865670209404551,dark_blob,75.0,37.0,0.0,455.0,14.115244276293161,0.3008967221348918,True,True,OK,224.0,223.93076451445552,179.5,227
1182,0,181.08908385705098,323.73403957438865,75.0,224.0,236.0,189.0,1.2486772486772486,32142.0,0.7206080172181867,0.7156351967501315,47.97754919774568,0.8662960613233648,dark_blob,75.0,37.0,0.0,455.0,14.058599965762358,0.297564703868374,True,True,OK,224.0,224.64535427807488,178.5,230
1183,0,180.42894541173555,323.85293905033353,74.0,224.0,238.0,189.0,1.2592592592592593,32278.0,0.7175759192565915,0.7132822742450219,48.087125858684985,0.8652788083837951,dark_blob,75.0,37.0,0.0,455.0,14.08174316730781,0.2989260686651653,True,True,OK,224.0,224.35339388934764,177.5,231
1184,0,180.260796717035,323.94521345974397,74.0,224.0,237.0,189.0,1.253968253968254,32328.5,0.7217310740517492,0.7193228599262216,48.056404446213676,0.866715600464134,dark_blob,75.0,37.0,0.0,455.0,14.037919207317074,0.2963481886657102,True,True,OK,224.0,224.90625,177.5,230
1185,0,180.84133998794752,324.1618843065449,74.0,225.0,238.0,188.0,1.2659574468085106,32358.5,0.7231919363490077,0.7215803622216619,48.10805519013675,0.8671666185523788,dark_blob,75.0,37.0,0.0,455.0,14.03048780487805,0.2959110473457676,True,True,OK,225.0,225.0,178.0,231
1186,0,182.0742082101603,324.62492970753175,75.0,225.0,240.0,188.0,1.2765957446808511,32305.5,0.7159906914893617,0.7156520361866482,48.11224489795919,0.8647736006443781,dark_blob,75.0,37.0,0.0,455.0,14.014677462348395,0.2949810271969644,True,True,OK,225.0,225.19945355191257,179.0,234
1187,0,183.8291063926657,325.1903416733925,77.0,226.0,239.0,187.0,1.2780748663101604,32214.0,0.7207840153939096,0.7217332944319846,48.19864171353062,0.8658857819130203,dark_blob,75.0,37.0,0.0,455.0,13.928356775899047,0.2899033397587675,True,True,OK,226.0,226.2884222117351,180.5,235
1188,0,186.1129128567794,325.7609026382333,79.0,227.0,241.0,186.0,1.2956989247311828,32098.5,0.7160687993575158,0.7113348943902592,48.30148940762897,0.8629390679584791,dark_blob,75.0,37.0,0.0,455.0,13.848283528818014,0.2851931487540008,True,True,OK,227.0,227.29857702106506,182.5,233
1189,0,189.40546349364564,326.4788084558518,82.0,228.0,238.0,185.0,1.2864864864864864,32104.0,0.7291392232568703,0.7141366116310981,48.52568292532527,0.8653686111457364,dark_blob,75.0,37.0,0.0,455.0,13.787862557679631,0.2816389739811548,True,True,OK,228.0,228.0608108108108,185.0,231
1190,0,193.03930462251455,327.1015010053463,85.0,229.0,240.0,184.0,1.3043478260869565,32078.5,0.7264153079710145,0.710891673017428,48.73069209170292,0.8635686789910072,dark_blob,75.0,37.0,0.0,455.0,13.71506605691057,0.2773568268770924,True,True,OK,229.0,228.97916666666666,188.0,235
1191,0,196.37422780574735,327.6751822352458,89.0,230.0,241.0,183.0,1.3169398907103824,32078.5,0.7273541482438837,0.6902589890229187,49.00348604041339,0.8605170703831666,dark_blob,75.0,37.0,0.0,455.0,13.669117647058824,0.27465397923875434,True,True,OK,230.0,229.55882352941177,191.0,236
1192,0,199.54996362124518,327.4385874649205,93.0,230.0,240.0,183.0,1.3114754098360655,32070.0,0.730191256830601,0.6839510484723031,49.19430387558627,0.8600991708922505,dark_blob,75.0,37.0,0.0,455.0,13.68170731707317,0.2753945480631277,True,True,OK,230.0,229.4,194.5,235
1193,0,202.56705886010042,326.8440810913028,96.0,228.0,239.0,185.0,1.2918918918918918,32169.5,0.7275698292434694,0.684162477541338,49.301412003568466,0.8599368054323494,dark_blob,75.0,37.0,0.0,455.0,13.781756756756756,0.28127980922098567,True,True,OK,229.0,228.13783783783785,198.0,234
1194,0,205.25894445133804,326.4270536046656,99.0,227.0,238.0,186.0,1.2795698924731183,32236.0,0.7282009578024758,0.6795269326625543,49.29811204911743,0.8599279382755707,dark_blob,75.0,37.0,0.0,455.0,13.850210724533715,0.2853065132078656,True,True,OK,228.0,227.27426470588236,201.5,231
1195,0,207.6614132227996,326.1309288130001,101.0,226.0,237.0,187.0,1.267379679144385,32328.0,0.7294388411290869,0.6806104388224372,49.21863711504316,0.8606643808497426,dark_blob,75.0,37.0,0.0,455.0,13.881775618569193,0.2871632716805408,True,True,OK,227.0,226.87606142728094,204.5,230
1196,0,209.4381210896734,325.6129541376846,101.0,225.0,238.0,188.0,1.2659574468085106,32419.5,0.7245552476309672,0.6771427401829025,49.03296904572929,0.8599492475524457,dark_blob,75.0,37.0,0.0,455.0,13.954003729086876,0.2914119840639339,True,True,OK,226.0,225.96487603305786,206.5,229
1197,0,210.81836511201857,325.0535887909771,101.0,224.0,239.0,189.0,1.2645502645502646,32569.0,0.7210156959110934,0.6763486347779004,49.043606417892306,0.8595808728634521,dark_blob,75.0,37.0,0.0,455.0,14.043056155119073,0.29665036206582784,True,True,OK,225.0,224.84144542772862,208.5,232
1198,0,211.96539797682996,324.7308051359748,101.0,223.0,239.0,190.0,1.2578947368421052,32671.5,0.7194780885267562,0.6809508999884297,48.90527112996062,0.8603500891945401,dark_blob,75.0,37.0,0.0,455.0,14.0932213553502,0.2996012561970706,True,True,OK,224.0,224.20859213250517,209.5,230
1199,0,212.74534472027506,324.61551215729486,103.0,223.0,238.0,190.0,1.2526315789473683,32669.0,0.7224458204334365,0.6833858387034322,48.75468839943042,0.8615521323114261,dark_blob,75.0,37.0,0.0,455.0,14.08915062136555,0.299361801256797,True,True,OK,224.0,224.25994600738846,210.5,231
1200,0,213.25395609222878,324.5566214104018,103.0,223.0,239.0,190.0,1.2578947368421052,32629.0,0.7185421713279013,0.6747173919227857,48.553536762921624,0.8601362320717221,dark_blob,75.0,37.0,0.0,455.0,14.10683957010803,0.30040232765341346,True,True,OK,224.0,224.03679311556024,211.5,230
1201,0,213.08605066911838,324.4597967105935,103.0,223.0,238.0,190.0,1.2526315789473683,32630.0,0.7215833701901814,0.6846382161265886,48.42615342615343,0.8620686418945451,dark_blob,75.0,37.0,0.0,455.0,14.07887234716503,0.2987571968920606,True,True,OK,224.0,224.3896103896104,211.0,230
1202,0,212.6652999380621,324.3741202004535,103.0,223.0,238.0,190.0,1.2526315789473683,32559.5,0.7200243255196815,0.6736995610578276,48.31201556278306,0.8605259911195551,dark_blob,75.0,37.0,0.0,455.0,14.0615678189156,0.29773928346562356,True,True,OK,224.0,224.60791366906474,211.0,230
1203,0,211.8699877869803,324.55135626096865,103.0,224.0,238.0,189.0,1.2592592592592593,32479.0,0.7220443733048775,0.6744796416942143,48.38430129806814,0.8610788530230795,dark_blob,75.0,37.0,0.0,455.0,14.087299504646063,0.29925291203800375,True,True,OK,224.0,224.28329855677273,209.5,229
1204,0,210.75650679999177,324.7203310495237,104.0,224.0,237.0,189.0,1.253968253968254,32402.0,0.723371955439466,0.675756151823981,48.36461928468893,0.861226172013082,dark_blob,75.0,37.0,0.0,455.0,14.03048780487805,0.2959110473457676,True,True,OK,225.0,225.0,208.5,229
1205,0,209.3463635052141,324.9829767940315,103.0,224.0,238.0,189.0,1.2592592592592593,32348.0,0.7191320972833578,0.6740338977142788,48.45925110132159,0.859762516248003,dark_blob,75.0,37.0,0.0,455.0,14.005183297249195,0.2944225468970115,True,True,OK,225.0,225.31922609624093,206.5,228
1206,0,207.78769626211638,325.4136704757775,102.0,225.0,238.0,188.0,1.2659574468085106,32291.0,0.7216833541927409,0.6708206309315362,48.60747119392008,0.859269873523743,dark_blob,75.0,37.0,0.0,455.0,13.939024390243905,0.29053084648493555,True,True,OK,226.0,226.15384615384613,204.5,230
1207,0,205.78796966777512,325.8585428515192,101.0,226.0,235.0,187.0,1.2566844919786095,32177.0,0.7322107179428832,0.6788865288852486,48.84616330924189,0.8618753972170027,dark_blob,75.0,37.0,0.0,455.0,13.90065180824222,0.2882736357789541,True,True,OK,227.0,226.63793103448276,202.0,230
1208,0,203.73763313363287,326.3624095107339,99.0,228.0,236.0,185.0,1.2756756756756757,32048.0,0.7340357306459001,0.6805408561368103,48.80145741987278,0.8620104401213342,dark_blob,75.0,37.0,0.0,455.0,13.807506691234284,0.2827945112490755,True,True,OK,228.0,227.8129925105829,199.5,231
1209,0,201.5470530042695,326.8961210038529,96.0,229.0,238.0,184.0,1.2934782608695652,32010.0,0.7309554256485202,0.6862427664521885,48.69666429653445,0.8618541048610989,dark_blob,75.0,37.0,0.0,455.0,13.746155885471898,0.27918564032187637,True,True,OK,229.0,228.58695652173913,197.0,233
1210,0,198.82591128952478,327.32116024429484,93.0,230.0,240.0,183.0,1.3114754098360655,32010.5,0.7288365209471767,0.6723083214545879,48.52744976816074,0.8596427836520096,dark_blob,75.0,37.0,0.0,455.0,13.679628148740505,0.27527224404355916,True,True,OK,230.0,229.4262295081967,194.0,234
1211,0,196.46917786905652,327.3701404447763,90.0,230.0,240.0,183.0,1.3114754098360655,32136.0,0.7316939890710382,0.6880714606395277,48.35726164079823,0.8624585848214057,dark_blob,75.0,36.0,0.0,455.0,13.67586649550706,0.2750509703239447,True,True,OK,230.0,229.47368421052633,191.0,234
1212,0,194.3170744312485,327.33686832666643,87.0,229.0,243.0,184.0,1.3206521739130435,32249.0,0.7212605117194489,0.6798009669385687,48.26086289431693,0.8593912487450831,dark_blob,75.0,36.0,0.0,455.0,13.681757171345298,0.27539748066737046,True,True,OK,230.0,229.3993710691824,188.5,237
1213,0,192.24836904191832,327.0642651549088,84.0,229.0,243.0,184.0,1.3206521739130435,32368.5,0.7239331723027376,0.6934887942812407,48.14493196758906,0.8619482380812197,dark_blob,75.0,36.0,0.0,455.0,13.700524827256388,0.2765014604268463,True,True,OK,229.0,229.1626098715348,186.5,238
1214,0,190.83603730820195,326.6384757460873,83.0,228.0,243.0,185.0,1.3135135135135134,32575.5,0.7246246246246246,0.697923726051038,48.11779897909577,0.8628788104766743,dark_blob,75.0,36.0,0.0,455.0,13.733797909407667,0.27845870055339217,True,True,OK,228.0,228.74285714285713,185.0,239
1215,0,189.6617173588044,326.1723022445366,81.0,227.0,243.0,186.0,1.3064516129032258,32664.5,0.7226979069870348,0.6940700397096435,48.12277671726813,0.8623516740247114,dark_blob,75.0,36.0,0.0,455.0,13.796286031042127,0.2821344724142428,True,True,OK,228.0,227.95454545454547,184.0,236
1216,0,188.83355530042098,326.0382242632989,81.0,227.0,243.0,186.0,1.3064516129032258,32662.5,0.7226536572414709,0.6889503984550733,48.12459850918126,0.8618070103415225,dark_blob,75.0,36.0,0.0,455.0,13.810365853658537,0.28296269727403156,True,True,OK,227.0,227.77692307692308,183.0,235
1217,0,188.66492933133028,326.02992304626423,81.0,227.0,243.0,186.0,1.3064516129032258,32617.0,0.7216469755298907,0.6941177884276771,48.117645273858294,0.8622204839868244,dark_blob,75.0,36.0,0.0,455.0,13.810591689250227,0.2829759817206016,True,True,OK,227.0,227.77407407407406,183.0,235
1218,0,188.7771088346567,326.12296437365933,81.0,227.0,243.0,186.0,1.3064516129032258,32555.5,0.7202862958537989,0.6893965899262252,48.14483324719545,0.861106825776568,dark_blob,75.0,36.0,0.0,455.0,13.777024992472148,0.2810014701454205,True,True,OK,228.0,228.19753086419752,183.0,236
1219,0,189.29305375414322,326.2227626459144,82.0,228.0,241.0,185.0,1.3027027027027027,32382.0,0.7262980823146798,0.70586567791062,47.98254623261501,0.8646699591762951,dark_blob,75.0,36.0,0.0,455.0,13.77071701439906,0.28063041261170935,True,True,OK,228.0,228.27710843373495,184.0,233
1220,0,190.37755181246604,326.52052058268,83.0,228.0,238.0,185.0,1.2864864864864864,32207.5,0.7314898932545991,0.7037829543422192,48.01389102308,0.8651975032232377,dark_blob,75.0,36.0,0.0,455.0,13.71913502640181,0.2775961780236359,True,True,OK,229.0,228.9278350515464,185.0,232
1221,0,191.89716859115205,326.73884136111235,85.0,229.0,238.0,184.0,1.2934782608695652,32086.5,0.7327023200584581,0.7048518813513855,48.142085942560996,0.8652930277793456,dark_blob,75.0,36.0,0.0,455.0,13.709186000783975,0.27701094122258674,True,True,OK,229.0,229.0533458362637,186.5,231
1222,0,193.55115242954474,326.8591625713421,87.0,229.0,237.0,184.0,1.2880434782608696,31947.0,0.7325949367088608,0.7037793096833405,48.22244253051614,0.864965610705754,dark_blob,75.0,36.0,0.0,455.0,13.705026455026456,0.27676626206037974,True,True,OK,229.0,229.1058201058201,188.5,231
1223,0,195.35171822383967,326.86392775721066,90.0,229.0,234.0,184.0,1.2717391304347827,31874.0,0.7402917131178001,0.7103169612244892,48.25802745171107,0.8673713664346044,dark_blob,75.0,36.0,0.0,455.0,13.704758362691344,0.2767504919230202,True,True,OK,229.0,229.10920219373997,190.5,231
1224,0,197.17344211709943,326.7530556209304,92.0,229.0,234.0,184.0,1.2717391304347827,31867.5,0.7401407469342252,0.7077721306945459,48.511988322256045,0.8666627232687804,dark_blob,75.0,36.0,0.0,455.0,13.722787210917069,0.27781101240688644,True,True,OK,229.0,228.88176133920007,192.5,229
1225,0,198.85783845064756,326.64112972744226,94.0,229.0,233.0,184.0,1.266304347826087,31901.5,0.7441103750699758,0.6958363636795465,48.5538700170622,0.8662561510178379,dark_blob,75.0,36.0,0.0,455.0,13.762374461979915,0.2801396742341127,True,True,OK,229.0,228.38235294117646,194.0,230
1226,0,200.38057163719813,326.5512752307933,95.0,228.0,233.0,185.0,1.2594594594594595,31955.0,0.7413293121447628,0.6965578924676865,48.644109266600594,0.865521815835656,dark_blob,75.0,36.0,0.0,455.0,13.755363183193875,0.279727246070228,True,True,OK,229.0,228.47080291970804,196.0,230
1227,0,201.745622800991,326.3838402764766,95.0,228.0,235.0,185.0,1.2702702702702702,32022.0,0.736561242093157,0.6770690574559096,48.64953646477133,0.8621959809939066,dark_blob,75.0,37.0,0.0,455.0,13.767203832752612,0.2804237548678007,True,True,OK,228.0,228.32142857142858,198.0,231
1228,0,202.9056348226518,326.3253580042403,96.0,228.0,235.0,185.0,1.2702702702702702,31994.5,0.7359286946520989,0.6754607166292538,48.65867689357623,0.8619342639829128,dark_blob,75.0,37.0,0.0,455.0,13.782040424570912,0.28129649556299485,True,True,OK,228.0,228.13425925925927,199.0,230
1229,0,203.86083194398998,326.37516425414333,95.0,228.0,239.0,185.0,1.2918918918918918,32089.5,0.7257604885219948,0.6650450442324696,48.67908238776518,0.8584289424503437,dark_blob,75.0,37.0,0.0,455.0,13.78456742437347,0.28144514261020415,True,True,OK,228.0,228.10238018482698,200.5,230
1230,0,204.4857545649143,326.3815039986731,98.0,227.0,236.0,186.0,1.2688172043010753,32156.5,0.732561053398943,0.6809473478279406,48.68637286883732,0.8618927696275777,dark_blob,75.0,37.0,0.0,455.0,13.797557714881963,0.2822092773459978,True,True,OK,228.0,227.9385026737968,201.0,231
1231,0,204.88687996185973,326.38570362539645,98.0,227.0,237.0,186.0,1.2741935483870968,32162.0,0.7295948459688761,0.6800291999052496,48.705446153846154,0.8611609112590805,dark_blob,75.0,37.0,0.0,455.0,13.808641799164297,0.28286128230378216,True,True,OK,228.0,227.7986726874658,201.5,231
1232,0,205.01279382831106,326.45025887956916,99.0,227.0,237.0,186.0,1.2741935483870968,32190.0,0.7302300258608956,0.6806212278903794,48.82765617314313,0.8611268051555067,dark_blob,75.0,37.0,0.0,455.0,13.806017779803968,0.2827069282237628,True,True,OK,228.0,227.83177570093457,202.0,231
1233,0,204.91723738087472,326.4661065643781,98.0,227.0,238.0,186.0,1.2795698924731183,32196.5,0.7273086654016445,0.6739237435136184,48.8426310127555,0.8597618282770959,dark_blob,75.0,37.0,0.0,455.0,13.82439024390244,0.2837876614060259,True,True,OK,228.0,227.6,202.0,232
1234,0,204.5366958700965,326.620645375088,98.0,228.0,238.0,185.0,1.2864864864864864,32188.0,0.7310470133999546,0.6762120243293908,48.86721392117076,0.8606461882905881,dark_blob,75.0,37.0,0.0,455.0,13.796382113821137,0.2821401243424198,True,True,OK,228.0,227.95333333333335,201.0,232
1235,0,203.9234762466133,326.73850075489645,98.0,228.0,238.0,185.0,1.2864864864864864,32234.0,0.7320917556211674,0.6821586955693438,48.94924933222806,0.8613063579685135,dark_blob,75.0,37.0,0.0,455.0,13.774460931134348,0.2808506430079028,True,True,OK,228.0,228.2298774841513,200.5,233
1236,0,203.03756947247493,326.9367425300918,96.0,229.0,240.0,184.0,1.3043478260869565,32207.0,0.7293251811594202,0.6860051683469859,48.90763274336283,0.8610714791389559,dark_blob,75.0,37.0,0.0,455.0,13.746038659366185,0.27917874466859915,True,True,OK,229.0,228.58843537414967,199.0,235
1237,0,201.81308595166317,327.08690990459024,95.0,229.0,241.0,184.0,1.309782608695652,32177.0,0.7256224066390041,0.6847542107519569,48.87116715362141,0.860017652683839,dark_blob,75.0,37.0,0.0,455.0,13.718960997917906,0.2775859410539945,True,True,OK,229.0,228.93003048780488,197.5,236
1238,0,200.5850070266598,327.17536053765616,93.0,229.0,243.0,184.0,1.3206521739130435,32139.5,0.7188115047414564,0.6793763113467874,48.781859047384465,0.857976297777696,dark_blob,75.0,37.0,0.0,455.0,13.707335777345504,0.2769021045497355,True,True,OK,229.0,229.07668711656441,196.0,237
1239,0,199.0198786259463,327.3434616460062,91.0,229.0,243.0,184.0,1.3206521739130435,32187.0,0.719873859366613,0.6885464798730381,48.778440536219414,0.8592398254687638,dark_blob,75.0,37.0,0.0,455.0,13.694330431177447,0.27613708418690863,True,True,OK,230.0,229.2407545605307,194.5,236
1240,0,197.6213412547824,327.3549773450703,90.0,230.0,243.0,183.0,1.3278688524590163,32149.0,0.7229530684296926,0.6791496065487675,48.65898177788722,0.8590669215409492,dark_blob,75.0,36.0,0.0,455.0,13.70364843013071,0.27668520177239475,True,True,OK,230.0,229.1232044198895,192.5,238
1241,0,196.30603824115596,327.35534483474504,89.0,230.0,242.0,183.0,1.3224043715846994,32112.0,0.725104999322585,0.6818999003410643,48.53331278890601,0.8599401112617152,dark_blob,75.0,37.0,0.0,455.0,13.675623936471922,0.2750367021454072,True,True,OK,230.0,229.47674418604652,191.0,236
1242,0,195.21312870321367,327.3462887443057,87.0,230.0,242.0,183.0,1.3224043715846994,32123.0,0.7253533848168722,0.6913983774726512,48.50804116088484,0.8612660900593965,dark_blob,75.0,37.0,0.0,455.0,13.68994704749679,0.2758792380880465,True,True,OK,230.0,229.29605263157896,190.0,236
1243,0,194.1094271636475,327.1906875801519,86.0,229.0,241.0,184.0,1.309782608695652,32100.5,0.7238972578026339,0.6949877189269812,48.423770618159395,0.8614230655873458,dark_blob,75.0,36.0,0.0,455.0,13.670887484422291,0.2747580873189583,True,True,OK,230.0,229.53649635036496,189.0,236
1244,0,193.393120737442,327.11161803328037,86.0,229.0,242.0,184.0,1.315217391304348,32111.0,0.7211417535034136,0.6978032746874916,48.384096162736945,0.8612474727520908,dark_blob,75.0,36.0,0.0,455.0,13.673780487804878,0.2749282639885222,True,True,OK,229.16,229.5,188.0,237
1245,0,192.8373380227624,327.02987954807185,85.0,229.0,241.0,184.0,1.309782608695652,32129.0,0.7245399603103013,0.7018815497816342,48.383001663483455,0.8626007629828807,dark_blob,75.0,36.0,0.0,455.0,13.693483011419712,0.27608723596586543,True,True,OK,229.0,229.2514450867052,187.0,236
1246,0,192.4078283614623,326.93116190238936,85.0,229.0,239.0,184.0,1.298913043478261,32114.0,0.7302619610696743,0.7068158428409272,48.2584293903717,0.8647997449488282,dark_blob,75.0,36.0,0.0,455.0,13.713414634146343,0.2772596843615496,True,True,OK,229.0,229.0,187.0,237
1247,0,192.13480908329822,326.8497782215081,85.0,229.0,239.0,184.0,1.298913043478261,32051.5,0.7288407313079862,0.7043477339731075,48.24212574110672,0.864222163962301,dark_blob,75.0,36.0,0.0,455.0,13.713414634146343,0.2772596843615496,True,True,OK,229.0,229.0,187.0,235
1248,0,192.05596714237436,326.84879773323973,85.0,229.0,238.0,184.0,1.2934782608695652,32057.5,0.7320400986481549,0.7097792681350075,48.28852388156473,0.8654892516962122,dark_blob,75.0,36.0,0.0,455.0,13.713414634146343,0.2772596843615496,True,True,OK,229.0,229.0,187.0,235
1249,0,192.1171318675607,326.81247466084517,85.0,229.0,239.0,184.0,1.298913043478261,32065.0,0.7291477169365108,0.7072874132934172,48.32811680093835,0.864462047329697,dark_blob,75.0,37.0,0.0,455.0,13.710179193628672,0.27706936433109836,True,True,OK,229.0,229.0408163265306,187.5,234
1250,0,192.481504604339,326.8233338535976,85.0,229.0,239.0,184.0,1.298913043478261,32035.0,0.7284655266509005,0.7004617356815234,48.445021163530754,0.8632930532523689,dark_blob,75.0,37.0,0.0,455.0,13.713414634146343,0.2772596843615496,True,True,OK,229.0,229.0,187.5,234
1251,0,192.84782020460622,326.8234568672141,86.0,229.0,237.0,184.0,1.2880434782608696,32029.0,0.7344753256283251,0.71181817392681,48.35954882571076,0.866135310640992,dark_blob,75.0,37.0,0.0,455.0,13.713414634146343,0.2772596843615496,True,True,OK,229.0,229.0,187.5,234
1252,0,193.22491448713134,326.8364357819213,86.0,229.0,237.0,184.0,1.2880434782608696,31964.0,0.7329847734360668,0.7078979692456978,48.376416671827585,0.8652387657517057,dark_blob,75.0,37.0,0.0,455.0,13.701973849635404,0.2765866970373767,True,True,OK,229.0,229.1443298969072,188.0,233
1253,0,193.77871967718224,326.89194571739887,87.0,229.0,236.0,184.0,1.2826086956521738,31968.5,0.736194270449521,0.7185591644941595,48.35194129667472,0.86728362699851,dark_blob,75.0,37.0,0.0,455.0,13.704541317801239,0.27673772457654344,True,True,OK,229.0,229.11194029850745,189.0,232
1254,0,194.4525825858731,326.9152826260507,88.0,229.0,236.0,184.0,1.2826086956521738,31941.5,0.7355724944731025,0.7132032517321522,48.45725264169068,0.8663530958569857,dark_blob,75.0,37.0,0.0,455.0,13.712382494918701,0.2771989702893354,True,True,OK,229.0,229.01302083333331,189.5,232
1255,0,195.18059294972136,326.96953332081057,89.0,229.0,234.0,184.0,1.2717391304347827,31942.0,0.7418710516536603,0.7181565756556295,48.42596839169507,0.8682633303407405,dark_blob,75.0,37.0,0.0,455.0,13.691058975255066,0.27594464560323917,True,True,OK,230.0,229.2820252352438,190.5,230
1256,0,195.97441355705817,327.0701540195342,89.0,229.0,237.0,184.0,1.2880434782608696,31944.0,0.732526141992295,0.70901368810654,48.5369027700316,0.8649227378260326,dark_blob,75.0,37.0,0.0,455.0,13.693758164457966,0.2761034214387039,True,True,OK,230.0,229.2479739252995,191.5,233
1257,0,196.80926818580193,327.1906170443637,90.0,230.0,237.0,183.0,1.2950819672131149,31948.0,0.736621244610454,0.7078107108459435,48.56561338289963,0.8655059573755771,dark_blob,75.0,36.63999999999942,0.0,455.0,13.673780487804878,0.2749282639885222,True,True,OK,230.0,229.5,192.0,232
1258,0,197.6510752016003,327.25961638640575,91.0,230.0,236.0,183.0,1.289617486338798,31994.0,0.7408076317495601,0.6998276473227658,48.7001979707993,0.8651187593990171,dark_blob,75.0,37.0,0.0,455.0,13.6574864498645,0.2739697911685,True,True,OK,230.0,229.70555555555555,193.0,233
1259,0,198.32946947447354,327.246943281468,92.0,230.0,236.0,183.0,1.289617486338798,32006.0,0.7410854867092711,0.6979308790257186,48.684889149995364,0.8651306150851407,dark_blob,75.0,37.0,0.0,455.0,13.682947569271612,0.2754675040748007,True,True,OK,230.0,229.3843537414966,193.5,232
1260,0,199.00208317099145,327.2733006052105,92.0,230.0,238.0,183.0,1.3005464480874316,32082.5,0.7366143178582909,0.6933482911316442,48.73867176655664,0.863558322098661,dark_blob,75.0,37.0,0.0,455.0,13.69313669880885,0.2760668646358147,True,True,OK,230.0,229.25581395348837,194.5,234
1261,0,199.46390795295972,327.2494047341146,92.0,229.0,239.0,184.0,1.298913043478261,32128.5,0.730591686374386,0.6877304211437137,48.7281463685086,0.8616706713617611,dark_blob,75.0,37.0,0.0,455.0,13.708232630427048,0.2769548606133558,True,True,OK,230.0,229.06537296999724,195.5,235
1262,0,199.65585543543077,327.16355811360864,93.0,229.0,237.0,184.0,1.2880434782608696,32142.5,0.73707805907173,0.691636128273621,48.77465439206872,0.8635434199630787,dark_blob,75.0,37.0,0.0,455.0,13.719695455151273,0.2776291444206631,True,True,OK,229.0,228.9207650273224,195.0,234
1263,0,199.8692491690224,327.16296480382715,93.0,229.0,240.0,184.0,1.3043478260869565,32191.0,0.7289628623188406,0.6850521425700701,48.806695563958314,0.8610719207384805,dark_blob,75.0,37.0,0.0,455.0,13.746902409884314,0.2792295535226067,True,True,OK,229.0,228.57753882915173,195.5,236
1264,0,199.90864074753188,327.1023194621417,93.0,229.0,240.0,184.0,1.3043478260869565,32177.0,0.7286458333333333,0.681810902499226,48.771889896970634,0.8606654066482445,dark_blob,75.0,37.0,0.0,455.0,13.744652599486523,0.27909721173450136,True,True,OK,229.0,228.60592105263157,195.5,236
1265,0,199.98794993149832,326.96719184622407,93.0,229.0,238.0,184.0,1.2934782608695652,32116.0,0.7333759590792839,0.6870276415773604,48.8031614950852,0.8622375861181406,dark_blob,75.0,37.0,0.0,455.0,13.73895500550553,0.27876205914738406,True,True,OK,229.0,228.6777983920841,195.5,236
1266,0,199.74970345852822,327.0121258268198,93.0,229.0,240.0,184.0,1.3043478260869565,32176.5,0.7286345108695652,0.6878862474777817,48.83729585089041,0.8613077027803859,dark_blob,75.0,37.0,0.0,455.0,13.75117657340886,0.2794809749064035,True,True,OK,229.0,228.52361861238055,195.5,236
1267,0,199.2819177329664,326.94254678503495,93.0,229.0,240.0,184.0,1.3043478260869565,32159.5,0.7282495471014493,0.6848141967091577,48.75180011077605,0.8609157750909527,dark_blob,75.0,37.0,0.0,455.0,13.734332655826558,0.27849015622509166,True,True,OK,229.0,228.73611111111111,195.0,234
1268,0,198.80664873353754,326.8553895272599,92.0,229.0,241.0,184.0,1.309782608695652,32156.5,0.7251601118527873,0.6826664689269514,48.72375061546037,0.8603061751458625,dark_blob,75.0,37.0,0.0,455.0,13.780862216516903,0.28122718920687667,True,True,OK,229.0,228.14912280701753,194.0,235
1269,0,198.2716491129814,326.6707322764822,92.0,229.0,239.0,184.0,1.298913043478261,32139.5,0.7308418228124431,0.6888381734466307,48.63353654781698,0.8625224214982911,dark_blob,75.0,37.0,0.0,455.0,13.790940766550522,0.28182004509120717,True,True,OK,229.0,228.02197802197804,193.5,234
1270,0,197.52003624595469,326.46849449838186,91.0,228.0,239.0,185.0,1.2918918918918918,32187.5,0.7279769309058012,0.6896109035383967,48.5193395646292,0.8623191662489715,dark_blob,75.0,37.0,0.0,455.0,13.811132772809476,0.2830078101652633,True,True,OK,228.0,227.76724809686507,192.5,235
1271,0,196.8501876148332,326.2336826850917,90.0,228.0,240.0,185.0,1.2972972972972974,32202.5,0.7252815315315315,0.6914273032884477,48.41107593964166,0.8623366532059814,dark_blob,75.0,36.0,0.0,455.0,13.843126385809311,0.2848897874005477,True,True,OK,228.0,227.36363636363637,192.0,234
1272,0,195.87128789641002,325.94462794965233,89.0,227.0,238.0,186.0,1.2795698924731183,32242.5,0.7283477907291949,0.7017416196524825,48.279745825147344,0.8647056437282733,dark_blob,75.0,36.0,0.0,455.0,13.879157427937916,0.2870092604669362,True,True,OK,227.92,226.9090909090909,191.0,233
1273,0,194.88090478478043,325.6271094512715,89.0,227.0,237.0,186.0,1.2741935483870968,32265.5,0.7319427430697337,0.6934018913743317,48.180239869942646,0.8649510199122963,dark_blob,75.0,36.0,0.0,455.0,13.925131213337451,0.28971360078455594,True,True,OK,227.0,226.32911392405063,190.0,233
1274,0,193.82233510399405,325.1511720948,88.0,226.0,238.0,187.0,1.2727272727272727,32285.5,0.7254190446231968,0.7011478185965868,48.02520003678837,0.8650308978129417,dark_blob,75.0,36.0,0.0,455.0,13.97471992656843,0.29263058391578994,True,True,OK,226.0,225.70353323405982,188.5,232
1275,0,192.66244601946644,324.67896316198534,87.0,225.0,236.0,188.0,1.2553191489361701,32380.5,0.7298165344392354,0.7069233653298282,47.88194295845688,0.8672510664938496,dark_blob,75.0,36.0,0.0,455.0,14.024562806013808,0.29556251800081224,True,True,OK,225.0,225.0747461395181,187.5,231
1276,0,191.00764677371117,323.83430271530074,86.0,224.0,234.0,189.0,1.2380952380952381,32323.0,0.7308596753041198,0.7235122118707632,47.64870907476034,0.8704686187219759,dark_blob,75.0,36.0,0.0,455.0,14.119863950949668,0.30116846770292166,True,True,OK,224.0,223.87248554186573,186.5,230
1277,0,189.65201894137826,323.0417552617793,85.0,223.0,234.0,190.0,1.231578947368421,32451.0,0.7298920377867746,0.7241110972544177,47.532123245881635,0.8708491669932558,dark_blob,75.0,36.0,0.0,455.0,14.171287562323139,0.30419338601900814,True,True,OK,223.0,223.22375690607734,186.0,229
1278,0,188.17703858270937,322.0187748046315,83.0,221.0,233.0,192.0,1.2135416666666667,32588.0,0.7284513590844063,0.7194777491208516,47.314165071843014,0.8711221529483879,dark_blob,75.0,36.0,0.0,455.0,14.296503221197346,0.3115590130116086,True,True,OK,221.0,221.6441132095104,184.5,228
1279,0,186.61018836269352,320.7963191743562,82.0,219.0,233.0,194.0,1.2010309278350515,32782.5,0.7252444582098138,0.7112993383496389,47.156173566446235,0.8709556676441399,dark_blob,75.0,36.0,0.0,455.0,14.504352661451144,0.32378545067359665,True,True,OK,219.0,219.02201257861634,183.0,225
1280,0,185.1704367447881,319.27674438517755,81.0,216.0,231.0,196.0,1.1785714285714286,33089.5,0.7308397384927997,0.7224020801844858,47.07973789719347,0.8747433282734947,dark_blob,75.0,36.0,0.0,455.0,14.688595681705305,0.3346232753944297,True,True,OK,217.0,216.69771601541,181.5,225
1281,0,183.5781252337847,317.2901473778709,79.0,213.0,232.0,199.0,1.1658291457286432,33417.5,0.723823860682724,0.7082812027208302,47.11314214611602,0.8729652267188046,dark_blob,75.0,36.0,0.0,455.0,14.946843947606144,0.34981434985918497,True,True,OK,213.0,213.4398148148148,180.5,223
1282,0,181.85154862015872,314.65099293300165,78.0,209.0,228.0,203.0,1.1231527093596059,33772.0,0.729669000086423,0.7085995052527352,47.53299715617579,0.8752224457117751,dark_blob,75.0,37.0,0.0,455.0,15.239783094395829,0.3670460643762252,True,True,OK,209.0,209.74427480916032,179.0,221
1283,0,180.07518650253468,311.24248988812286,76.0,204.0,227.0,208.0,1.0913461538461537,34159.5,0.7234729752626229,0.7002188353889899,48.41913043478261,0.8730480291875026,dark_blob,75.0,37.0,0.0,455.0,15.554770444763271,0.3855747320448983,True,True,OK,204.0,205.77058823529413,177.0,219
1284,0,177.53296457378596,306.15306440156843,75.0,198.0,217.0,214.0,1.014018691588785,34259.0,0.7377363366208708,0.6596846248042856,49.8662736939436,0.8713819985053393,dark_blob,75.0,38.0,0.0,455.0,16.027453139114723,0.41337959641851313,True,True,OK,198.0,199.80751424501426,174.5,210
1285,0,175.16767612872619,291.7690255923671,74.0,190.0,201.0,215.0,0.9348837209302325,31617.5,0.7316325349994215,0.5551044054369227,49.88786741713571,0.8610925446124628,dark_blob,75.0,39.0,0.0,455.0,16.646341463414636,0.4497847919655668,True,True,OK,190.0,192.0,173.0,200
1286,0,168.66664829782022,268.5297391623806,72.0,179.0,193.0,188.0,1.0265957446808511,27220.0,0.7501929225002756,0.8615538257208136,48.6617069266589,0.9091916942411101,dark_blob,75.0,42.0,0.0,455.0,17.488170731707317,0.49930416068866573,True,True,OK,179.0,181.38,170.0,192
1287,0,166.44683620538925,250.26634675784715,71.0,165.0,191.0,178.0,1.0730337078651686,25736.5,0.7570004117889287,0.8633306436306237,49.57309896534482,0.9158825918921931,dark_blob,75.0,46.0,0.0,455.0,18.625846883468835,0.5662262872628726,True,True,OK,165.0,167.02777777777777,168.0,190
1288,0,173.90703746226134,224.52240506867372,69.0,144.0,190.0,167.0,1.1377245508982037,19597.5,0.6176331547431453,0.35124642456110283,37.33461962513782,0.8050168675965134,dark_blob,75.0,52.0,0.0,455.0,20.161087473812174,0.6565345572830691,True,True,OK,145.0,147.66012725344643,164.5,190
1289,0,162.50293404002684,203.1211073061325,66.0,105.0,192.0,197.0,0.9746192893401016,29055.5,0.7681762901861252,0.872539194541855,45.60030680074996,0.9546566250212575,dark_blob,75.0,38.0,0.0,455.0,23.346199502460657,0.8438940883800387,True,True,OK,106.0,107.47871396895786,156.5,192
1290,0,163.9157953388939,201.83358065965055,67.0,104.0,193.0,197.0,0.9796954314720813,29313.5,0.7709818258330923,0.8672914885462962,45.72579827673594,0.9547901750468042,dark_blob,75.0,37.0,0.0,455.0,23.411262238062523,0.8477213081213248,True,True,OK,105.0,106.65792253521127,158.5,192
1291,0,165.8899565085466,201.07565490037422,69.0,103.0,194.0,198.0,0.9797979797979798,29661.0,0.7721805685723212,0.8728591700151325,45.955650547689025,0.9557246922459871,dark_blob,75.0,37.0,0.0,455.0,23.485081300813007,0.8520636059301769,True,True,OK,104.0,105.72666666666667,160.0,192
1292,0,168.02409832070538,200.96258141698792,71.0,102.0,194.0,199.0,0.9748743718592965,30092.0,0.779464331969124,0.8716908259465488,45.63753374152347,0.9585516460247884,dark_blob,75.0,36.0,0.0,455.0,23.616289198606275,0.8597817175650749,True,True,OK,103.0,104.07142857142857,161.0,194
1293,0,168.3250319810694,201.93183777225084,71.0,103.0,195.0,200.0,0.975,30356.5,0.7783717948717949,0.8703065011046374,45.60537136144107,0.9578621948243905,dark_blob,75.0,36.0,0.0,455.0,23.557841249465127,0.8563436029097133,True,True,OK,103.0,104.80877192982456,161.5,195
1294,0,167.3702708000784,203.38306309333782,70.0,105.0,194.0,198.0,0.9797979797979798,29757.5,0.7746928043319796,0.868809584801637,45.67126023567006,0.955618018632217,dark_blob,75.0,36.0,0.0,455.0,23.36515962720603,0.8450093898356488,True,True,OK,106.0,107.23952470293933,161.5,193
1295,0,167.4102950216853,203.53645331032266,71.0,106.0,193.0,197.0,0.9796954314720813,29551.5,0.7772415244207148,0.8724945934745437,45.51556896262779,0.9565856499094647,dark_blob,75.0,36.0,0.0,455.0,23.309745400085582,0.8417497294167989,True,True,OK,106.0,107.93859649122807,161.0,193
1296,0,167.75433340104271,202.5572595752364,71.0,105.0,193.0,197.0,0.9796954314720813,29538.0,0.776886457484022,0.8745848279768926,45.485211267605635,0.9572447833002325,dark_blob,75.0,37.0,0.0,455.0,23.382730836236938,0.8460429903668787,True,True,OK,105.0,107.01785714285714,162.0,193
1297,0,168.13758015524806,201.79734503318707,71.0,104.0,194.0,197.0,0.9847715736040609,29630.0,0.7752891307760741,0.8741619127482677,45.35964296459733,0.957544126243395,dark_blob,75.0,36.0,0.0,455.0,23.461829268292686,0.8506958393113344,True,True,OK,104.0,106.02,162.0,193
1298,0,168.23083959013724,202.00745204987484,71.0,104.0,194.0,198.0,0.9797979797979798,29701.0,0.773221909819848,0.8678017764257289,45.242646568398584,0.9564159383767701,dark_blob,75.0,36.0,0.0,455.0,23.439634146341465,0.8493902439024391,True,True,OK,104.0,106.3,162.0,193
1299,0,167.99413766382534,202.566928337994,71.0,105.0,194.0,197.0,0.9847715736040609,29681.0,0.7766235805118007,0.8703242129799847,45.286267311863845,0.9572298578703654,dark_blob,75.0,36.0,0.0,455.0,23.41350647241104,0.8478533219065317,True,True,OK,105.0,106.62961065573771,161.5,194
1300,0,167.6235545797444,202.46868209198897,71.0,105.0,193.0,197.0,0.9796954314720813,29605.0,0.7786486415402014,0.8734243478539476,45.219720289079234,0.9581539545958977,dark_blob,75.0,36.0,0.0,455.0,23.410578950238087,0.8476811147198875,True,True,OK,105.0,106.66654247391952,161.5,193
1301,0,167.3012337333108,201.96986085290968,70.0,104.0,194.0,198.0,0.9797979797979798,29585.0,0.7702020202020202,0.8706226573316772,45.22796973349404,0.956135043245018,dark_blob,75.0,36.0,0.0,455.0,23.442351204172418,0.8495500708336716,True,True,OK,105.0,106.26572327044025,161.5,193
1302,0,167.2751411377877,201.87384735123428,70.0,104.0,194.0,198.0,0.9797979797979798,29551.5,0.7693298969072165,0.8711980459430507,45.17768318026413,0.9562089461443093,dark_blob,75.0,36.0,0.0,455.0,23.459693019343987,0.8505701776084699,True,True,OK,105.0,106.04694960212203,161.5,193
1303,0,167.43968028178554,202.27543520964574,71.0,105.0,193.0,197.0,0.9796954314720813,29526.0,0.7765708424291838,0.871093642151452,45.1856486296085,0.9575280956529238,dark_blob,75.0,36.0,0.0,455.0,23.418406366267057,0.8481415509568857,True,True,OK,105.0,106.5677966101695,162.0,193
1304,0,167.63443468231623,202.83262096181463,71.0,105.0,193.0,197.0,0.9796954314720813,29479.0,0.7753346834644013,0.8719191488677385,45.0234191250588,0.9573441699419578,dark_blob,75.0,36.0,0.0,455.0,23.364717838354853,0.8449834022561679,True,True,OK,106.0,107.24509803921569,162.0,193
1305,0,167.74086523498286,203.22824887530768,71.0,105.0,193.0,198.0,0.9747474747474747,29452.5,0.7707253886010362,0.8682794617440132,44.96485623003195,0.9557334515533635,dark_blob,75.0,36.0,0.0,455.0,23.318483800509647,0.8422637529711556,True,True,OK,106.0,107.82835820895522,162.0,192
1306,0,167.6889829596006,203.2581164323399,71.0,106.0,193.0,197.0,0.9796954314720813,29410.5,0.773533047526367,0.8692457927548589,44.86707304751962,0.9567776370522459,dark_blob,75.0,36.0,0.0,455.0,23.340340179717586,0.8435494223363286,True,True,OK,106.0,107.55263157894737,162.0,192
1307,0,167.60795338723923,203.07917147969468,71.0,105.0,193.0,198.0,0.9747474747474747,29434.0,0.7702412728319464,0.8715055213778774,44.885953694979136,0.9564915116126045,dark_blob,75.0,36.0,0.0,455.0,23.37445799457995,0.84555635262235,True,True,OK,106.0,107.12222222222222,162.0,193
1308,0,167.46406336508366,203.574658486153,71.0,105.0,193.0,198.0,0.9747474747474747,29501.0,0.7719945569686503,0.8681507130392329,44.988215149073326,0.9562897980299925,dark_blob,75.0,36.0,0.0,455.0,23.375773181718305,0.845633716571665,True,True,OK,105.52,107.10563063063063,161.5,193
1309,0,167.20735227785295,205.10332092918355,71.0,105.0,193.0,200.0,0.965,29560.0,0.7658031088082902,0.8624052693203504,45.31316177456105,0.9537297202186722,dark_blob,75.0,36.0,0.0,455.0,23.392390466566184,0.8466112039156579,True,True,OK,106.0,106.89599719101125,159.5,192
1310,0,167.10557827267297,208.25805706690096,71.0,106.0,192.0,203.0,0.9458128078817734,29591.0,0.7592107963875205,0.8473747286120413,45.93392689784442,0.9494134650745268,dark_blob,75.0,37.0,0.0,455.0,23.409124810527768,0.8475955770898687,True,True,OK,106.0,106.68488700564973,163.5,192
1311,0,166.916350908195,213.80459223262477,71.0,108.0,192.0,206.0,0.9320388349514563,29426.5,0.7439952467637541,0.8316184665585855,46.5807949917539,0.9413864493049453,dark_blob,75.0,38.0,0.0,455.0,23.13994885916601,0.8317616975980007,True,True,OK,109.0,110.08064516129032,159.0,192
1312,0,167.09695188706422,222.23127052722558,71.0,110.0,192.0,211.0,0.909952606635071,28925.0,0.7139859794628752,0.6319859388885545,47.05766929887533,0.9097124201566005,dark_blob,75.0,39.0,0.0,455.0,23.099729177477943,0.8293958339692908,True,True,OK,111.0,110.58803191489362,157.5,192
1313,0,167.32969362875014,232.8863740768225,71.0,140.0,192.0,190.0,1.0105263157894737,28299.0,0.7757401315789474,0.8838804196013755,47.121447571048584,0.9383285365365239,dark_blob,75.0,40.0,0.0,455.0,20.541666666666668,0.678921568627451,True,True,OK,140.4,142.85897435897436,165.0,191
1314,0,167.54221146947026,243.26295815321484,72.0,151.0,191.0,189.0,1.0105820105820107,28106.5,0.7785949749300535,0.8841086439887076,47.64635822262941,0.9331813721475243,dark_blob,75.0,41.0,0.0,455.0,19.722773815002302,0.6307514008824884,True,True,OK,151.0,153.18962264150943,165.5,191
1315,0,167.67818739028235,255.59403136064742,72.0,163.0,191.0,190.0,1.0052631578947369,28007.5,0.7717690823918435,0.8842696462109317,47.98712825771774,0.9251754884401646,dark_blob,75.0,41.0,0.0,455.0,18.72183191940615,0.5718724658474206,True,True,OK,164.0,165.81688963210703,167.5,191
1316,0,170.70566195072203,275.1577559540914,73.0,178.0,190.0,212.0,0.8962264150943396,29580.5,0.7343718967229395,0.554299363530397,48.8819402685909,0.8690269758460062,dark_blob,75.0,41.0,0.0,455.0,17.588753387533878,0.5052207875019928,True,True,OK,178.0,180.1111111111111,168.5,190
1317,0,172.67963792459872,302.879697844836,73.0,194.0,207.0,215.0,0.9627906976744186,33934.0,0.7624761262779463,0.7102160503934614,49.66234789459862,0.8847033259452118,dark_blob,75.0,40.0,0.0,455.0,16.273019832471054,0.427824696027709,True,True,OK,194.0,196.70959595959596,170.5,202
1318,0,174.5233044433155,315.76760212852207,74.0,212.0,224.0,199.0,1.1256281407035176,32479.5,0.728631999282125,0.7281533894004675,47.262992654006766,0.8752280479786543,dark_blob,75.0,37.0,0.0,455.0,14.794470142977293,0.34085118488101723,True,True,OK,213.0,215.36206896551724,171.0,217
1319,0,175.88683055775837,324.6662807295797,74.0,225.0,223.0,189.0,1.17989417989418,31525.0,0.747977317484044,0.7482813857315165,45.83889708884213,0.8791618931968088,dark_blob,75.0,36.0,0.0,455.0,13.876771588661832,0.28686891698010775,True,True,OK,225.0,226.9391891891892,171.5,220
1320,0,179.59618589641516,323.31633281318005,78.0,224.0,230.0,188.0,1.2234042553191489,31401.0,0.7262025901942646,0.7252656153823339,46.083028621863576,0.8718335069441935,dark_blob,75.0,36.0,0.0,455.0,13.990853658536587,0.29357962697274037,True,True,OK,224.0,225.5,173.0,220
1321,0,184.92695877002632,320.2009582878044,83.0,218.0,228.0,195.0,1.1692307692307693,32488.5,0.7307354925775978,0.7290232727676145,46.59146731677586,0.8753386711474678,dark_blob,75.0,36.0,0.0,455.0,14.502985546522131,0.32370503214836066,True,True,OK,218.0,219.03925925925927,179.5,221
1322,0,190.69741862062395,317.0287666631573,88.0,213.0,229.0,199.0,1.150753768844221,33244.5,0.7295099953918062,0.7031007548001286,47.31407641225693,0.8730995054736885,dark_blob,75.0,36.0,0.0,455.0,14.927210365853659,0.34865943328550936,True,True,OK,213.0,213.6875,185.0,222
1323,0,196.57911460788935,314.8443246110325,94.0,209.0,230.0,203.0,1.1330049261083743,33936.0,0.7268365817091454,0.6881594017690256,47.92735865569753,0.8717111142786446,dark_blob,75.0,36.0,0.0,455.0,15.291235153638876,0.3700726560964045,True,True,OK,209.0,209.09518729255572,191.5,224
1324,0,203.33723643276875,314.7458808618504,99.0,207.0,232.0,205.0,1.1317073170731706,34716.0,0.7299411269974768,0.6756317876161361,48.48809421963669,0.870395932318565,dark_blob,75.0,35.0,0.0,455.0,15.386099466463415,0.3756529097919656,True,True,OK,207.62,207.8984375,199.0,228
1325,0,209.73803329740088,315.4918768714816,105.0,208.0,233.0,204.0,1.142156862745098,34787.5,0.7318753681730202,0.6547451898258969,48.82784622826736,0.8672156317893326,dark_blob,75.0,35.0,0.0,455.0,15.307650704688186,0.37103827674636386,True,True,OK,208.0,208.8880988023952,206.5,227
1326,0,215.48037128748715,317.1616780340878,105.0,210.0,238.0,202.0,1.1782178217821782,34528.5,0.7182065895665197,0.6557265568294345,49.180202390849416,0.8626754296864049,dark_blob,75.0,35.0,0.0,455.0,15.138188798554653,0.3610699293267443,True,True,OK,211.0,211.02592592592592,214.0,227
1327,0,222.98915413916433,321.0291403758735,106.0,215.0,239.0,199.0,1.2010050251256281,34391.0,0.7230924496961797,0.6616641549886114,49.01165769551827,0.8620025101519836,dark_blob,75.0,36.0,0.0,455.0,14.666615853658538,0.3333303443328552,True,True,OK,215.0,216.975,223.0,233
1328,0,228.15752709987828,323.6679950920719,108.0,217.0,244.0,200.0,1.22,34502.0,0.7070081967213114,0.6511714163188386,48.27756577626029,0.8576203476646488,dark_blob,75.0,36.0,0.0,455.0,14.501925545571245,0.3236426791512497,True,True,OK,218.0,219.05263157894737,227.0,239
1329,0,229.8837006148708,321.17963011225976,110.0,215.0,244.0,199.0,1.2261306532663316,34533.0,0.7111994398220611,0.6274468403600295,48.22687799145911,0.8561730833107924,dark_blob,75.0,36.0,0.0,455.0,14.567310298102983,0.32748884106488135,True,True,OK,216.0,218.22777777777776,228.5,238
1330,0,231.52331264472534,316.44603879588504,110.0,208.0,245.0,205.0,1.1951219512195121,35124.0,0.6993330014932803,0.5428383466118659,47.65421008166714,0.8475932071946427,dark_blob,75.0,36.0,0.0,455.0,15.09502748196496,0.35853102835088,True,True,OK,209.0,211.57042253521126,230.0,235
1331,0,234.7727743345309,311.163615456918,123.0,203.0,236.0,209.0,1.1291866028708133,34931.5,0.7082049306625577,0.7493021670491729,46.540658592619906,0.8790016706529898,dark_blob,75.0,35.0,0.0,455.0,15.536585365853659,0.38450502152080346,True,True,OK,204.0,206.0,231.0,233
1332,0,235.33933458634218,309.29541332805746,124.0,200.0,235.0,212.0,1.1084905660377358,35381.5,0.7101866720192693,0.7533766183392323,46.40049848773384,0.88203147055788,dark_blob,75.0,34.0,0.0,455.0,15.84990372272144,0.40293551310126113,True,True,OK,200.92,202.04736842105262,232.0,233
1333,0,235.932310634289,308.60738105616406,124.0,198.0,231.0,213.0,1.0845070422535212,35559.5,0.7227099973578847,0.7611246507181091,46.095722446704755,0.8866986366171952,dark_blob,75.0,34.0,0.0,455.0,15.92078088119591,0.40710475771740645,True,True,OK,199.0,201.15322580645162,233.0,230
1334,0,236.5372301744805,309.4080517201743,125.0,199.0,232.0,212.0,1.0943396226415094,35524.5,0.7222775699414443,0.7613395666643076,45.89827340938886,0.8871513679984916,dark_blob,75.0,34.0,0.0,455.0,15.946560975609756,0.4086212338593974,True,True,OK,200.0,200.828,234.0,230
1335,0,237.4729736109144,312.1183024123117,126.0,203.0,234.0,209.0,1.1196172248803828,35305.0,0.7218950640003272,0.7460480820743234,46.067996856934386,0.8823921868132425,dark_blob,75.0,33.0,0.0,455.0,15.517819810851169,0.3834011653441864,True,True,OK,204.0,206.23673469387757,235.5,233
1336,0,237.844847764124,314.8076476584178,126.0,206.0,236.0,209.0,1.1291866028708133,35318.0,0.7160408725975185,0.7339264340444808,45.893461247159806,0.8793247972561824,dark_blob,75.0,33.0,0.0,455.0,15.406473269278148,0.37685136878106756,True,True,OK,207.0,207.64141414141415,236.0,234
1337,0,237.13034696266092,314.54143542114997,125.0,206.0,237.0,208.0,1.1394230769230769,35316.0,0.7164070107108081,0.7332376244811006,45.960979578096946,0.8792339568433041,dark_blob,75.0,33.0,0.0,455.0,15.412940379403794,0.3772317870237526,True,True,OK,207.0,207.55982905982907,235.0,235
1338,0,235.72260161687697,313.3889825665814,123.0,204.0,239.0,209.0,1.1435406698564594,35583.0,0.7123581109487298,0.7309766475918325,46.05404427119588,0.878607687133539,dark_blob,75.0,33.0,0.0,455.0,15.533355916892502,0.38431505393485305,True,True,OK,205.0,206.04074074074074,233.0,237
1339,0,234.07691553713454,313.41843097718527,121.0,204.0,240.0,209.0,1.1483253588516746,35708.0,0.7118819776714513,0.724570621174235,46.28042284001998,0.8771191560110386,dark_blob,75.0,33.0,0.0,455.0,15.500914634146342,0.38240674318507895,True,True,OK,205.0,206.45,231.5,238
1340,0,232.1184042261315,315.2960524174235,119.0,206.0,242.0,208.0,1.1634615384615385,35840.5,0.7120251907183726,0.5849411560402731,46.840867044042525,0.8584322275297426,dark_blob,75.0,33.0,0.0,455.0,15.345875179340029,0.3732867752552958,True,True,OK,207.0,208.40588235294118,229.0,239
1341,0,229.65217025572005,317.00118233138926,116.0,208.0,244.0,206.0,1.1844660194174756,35664.0,0.70953366226325,0.6158113344750404,47.39013017291626,0.8594642055455852,dark_blob,75.0,34.0,0.0,455.0,15.159613973959289,0.3623302337623111,True,True,OK,209.0,210.75563909774436,227.0,240
1342,0,227.10782922981127,317.72097922723634,114.0,209.0,242.0,205.0,1.1804878048780487,35599.5,0.7175871800040314,0.6402751369722577,47.6690675491532,0.8631098071246758,dark_blob,75.0,34.0,0.0,455.0,15.068682249322494,0.3569813087836761,True,True,OK,210.0,211.90277777777777,224.0,240
1343,0,223.31537150983513,318.3824971956651,110.0,210.0,243.0,203.0,1.1970443349753694,35510.5,0.7198706643151087,0.6739045131560499,48.25417584562617,0.8661014738079614,dark_blob,75.0,35.0,0.0,455.0,14.992516629711751,0.3525009782183383,True,True,OK,212.0,212.86363636363637,220.0,240
1344,0,219.77316414052402,319.70046293032544,107.0,212.0,244.0,201.0,1.2139303482587065,35462.5,0.7230751977815839,0.6889112281162768,48.66653635652854,0.8672440419937807,dark_blob,75.0,35.0,0.0,455.0,14.892472339115995,0.34661601994799973,True,True,OK,214.0,214.12573356807513,215.5,243
1345,0,215.98874332019895,320.98482197470804,103.0,215.0,243.0,198.0,1.2272727272727273,35149.5,0.730546202768425,0.6848244161303936,48.8852329708716,0.8670766311901029,dark_blob,75.0,35.0,0.0,455.0,14.73829697307181,0.33754688076892997,True,True,OK,216.0,216.07071510894025,211.5,240
1346,0,212.33378822921006,321.70815795900194,100.0,217.0,242.0,196.0,1.2346938775510203,34806.5,0.7338189407994603,0.6821161487535427,48.892299377009074,0.8666934574591897,dark_blob,75.0,36.0,0.0,455.0,14.608529505687844,0.32991350033457906,True,True,OK,218.0,217.70778162055336,207.5,238
1347,0,209.0315336326356,322.49829941888714,98.0,219.0,244.0,194.0,1.2577319587628866,34302.0,0.7246493155315193,0.6856911098595253,48.90486636263927,0.8643819332001925,dark_blob,75.0,37.0,0.0,455.0,14.488830478837878,0.32287238110811045,True,True,OK,220.0,219.21783088235293,204.5,239
1348,0,205.87417388514595,323.9714567754991,96.0,222.0,245.0,191.0,1.2827225130890052,33767.5,0.7216048723154184,0.6924348007539073,48.93415420697743,0.8631691739243429,dark_blob,75.0,37.0,0.0,455.0,14.268035318340198,0.3098844304905999,True,True,OK,223.0,222.00324675324674,201.5,239
1349,0,203.3507169750861,325.70533926139547,94.0,225.0,245.0,189.0,1.2962962962962963,33288.0,0.7188856494978944,0.6859269037622292,48.63643662097469,0.8610722592985258,dark_blob,75.0,37.0,0.0,455.0,14.05089688689222,0.29711158158189527,True,True,OK,226.0,224.7425315807443,198.5,238
1350,0,200.99022817838014,326.7037742074672,92.0,227.0,244.0,186.0,1.3118279569892473,32832.5,0.7234377754274635,0.6955189904054415,48.685759073917765,0.8619608846602393,dark_blob,75.0,37.0,0.0,455.0,13.852134146341465,0.285419655667145,True,True,OK,228.0,227.25,196.0,239
1351,0,198.79081220026063,327.2768754475163,90.0,229.0,245.0,184.0,1.3315217391304348,32354.5,0.7177129547471163,0.676032829468924,48.62070653005046,0.8576818839857733,dark_blob,75.0,38.0,0.0,455.0,13.715119768647353,0.2773599863910208,True,True,OK,229.0,228.97848907244878,193.5,239
1352,0,196.11052450720064,327.76790270011344,88.0,230.0,239.0,183.0,1.3060109289617485,32011.0,0.7318974781077806,0.6928671923686127,48.30373759544935,0.8630813907614165,dark_blob,75.0,38.0,0.0,455.0,13.659256173307076,0.27407389254747505,True,True,OK,230.0,229.68322981366458,190.5,235
1353,0,193.7663657597374,327.460308692633,88.0,229.0,234.0,184.0,1.2717391304347827,31682.0,0.7358324043106652,0.7094333151511965,47.858896663751096,0.8670110207001503,dark_blob,75.0,38.0,0.0,455.0,13.700711382113822,0.2765124342419895,True,True,OK,229.0,229.1602564102564,189.0,229
1354,0,190.62587333068888,325.5868412005817,86.0,227.0,229.0,186.0,1.2311827956989247,31512.5,0.739834248955252,0.7257317615299013,46.98991675828491,0.872355468533444,dark_blob,75.0,38.0,0.0,455.0,13.850454733360893,0.2853208666682878,True,True,OK,227.0,227.27118644067798,187.0,225
1355,0,188.10476205488737,323.67857837187427,85.0,224.0,227.0,189.0,1.2010582010582012,31719.5,0.7393305829429178,0.7258865535870397,46.2915678442142,0.8749473324921885,dark_blob,75.0,37.0,0.0,455.0,14.084110473457677,0.29906532196809865,True,True,OK,224.0,224.3235294117647,185.0,222
1356,0,185.47717224295255,322.2426598935959,83.0,221.0,225.0,192.0,1.171875,31891.0,0.7382175925925926,0.737955681828373,45.6958276418726,0.8784502629995178,dark_blob,75.0,37.0,0.0,455.0,14.285039796425453,0.3108846939073796,True,True,OK,221.0,221.78872872201737,182.5,220
1357,0,182.98048897361375,321.32244757648675,81.0,219.0,225.0,194.0,1.1597938144329898,31999.0,0.7330813287514318,0.7324814628834052,45.135820803168116,0.878686593676761,dark_blob,75.0,37.0,0.0,455.0,14.450058231781878,0.3205916606930516,True,True,OK,220.0,219.70695769136708,179.5,219
1358,0,180.55600163909764,320.41314597824567,78.0,218.0,223.0,195.0,1.1435897435897435,32131.5,0.738909968954812,0.7420541351672622,44.76974515423253,0.8824494343620828,dark_blob,75.0,36.0,0.0,455.0,14.560264227642277,0.3270743663318986,True,True,OK,218.0,218.31666666666666,176.0,217
1359,0,178.61125731446793,319.4429961711921,76.0,217.0,226.0,195.0,1.158974358974359,32299.0,0.732902201043794,0.7265737107755263,44.73553212359,0.879981590615797,dark_blob,75.0,36.0,0.0,455.0,14.669818359576002,0.33351872703388247,True,True,OK,217.0,216.93459915611814,173.0,218
1360,0,176.61477641557323,318.4039286867972,74.0,215.0,225.0,197.0,1.1421319796954315,32504.5,0.7333220530174845,0.7284372479747595,44.741334145598536,0.8808836368267152,dark_blob,75.0,36.0,0.0,455.0,14.771331804259864,0.3394901061329332,True,True,OK,216.0,215.65396800779865,170.5,218
1361,0,174.7213876199528,317.72099927440695,72.0,214.0,223.0,198.0,1.1262626262626263,32617.0,0.7387099696516737,0.7496900912886851,44.907826826158235,0.8847880990811191,dark_blob,75.0,36.0,0.0,455.0,14.853540646557034,0.3443259203857079,True,True,OK,214.08,214.61687184343435,167.5,219
1362,0,173.26701840240605,317.48819391344244,71.0,214.0,225.0,198.0,1.1363636363636365,32695.0,0.7338945005611672,0.7361576324136044,45.215118568097154,0.8817283938757515,dark_blob,75.0,36.0,0.0,455.0,14.887101377841065,0.3463000810494744,True,True,OK,214.0,214.19349031031274,165.5,221
1363,0,171.7158966526664,317.4985363370243,69.0,214.0,227.0,198.0,1.1464646464646464,32737.5,0.7283740488586303,0.7359599487602289,45.50278265077733,0.8799634546484801,dark_blob,75.0,36.0,0.0,455.0,14.888794482207116,0.346399675423948,True,True,OK,214.0,214.172131147541,164.0,222
1364,0,170.81204966105568,317.45298194835857,68.0,214.0,228.0,198.0,1.1515151515151516,32822.5,0.7270622895622896,0.7371939597386068,45.72140098950163,0.8792877059468962,dark_blob,75.0,36.0,0.0,455.0,14.867378992091282,0.3451399407112519,True,True,OK,214.0,214.44229579207922,162.5,223
1365,0,170.3750524840777,317.45862231192996,67.0,214.0,230.0,198.0,1.1616161616161615,32946.5,0.7234628897672376,0.7298518720801083,46.017971450037564,0.8771134943033781,dark_blob,75.0,36.0,0.0,455.0,14.87639250074507,0.34567014710265115,True,True,OK,214.0,214.32858691367758,161.5,224
1366,0,170.35648274952572,317.7194020917658,67.0,214.0,231.0,198.0,1.1666666666666667,32859.0,0.718417945690673,0.7166427665024812,46.08523908523909,0.873869227511559,dark_blob,75.0,36.0,0.0,455.0,14.8040370058873,0.34141394152278237,True,True,OK,215.0,215.24137931034483,162.0,224
1367,0,171.05170217193788,318.4447726799754,67.0,215.0,229.0,197.0,1.1624365482233503,32835.5,0.7278500653913506,0.7437799518194542,46.23498899243041,0.878531751222726,dark_blob,75.0,36.0,0.0,455.0,14.738821138211382,0.3375777140124342,True,True,OK,216.0,216.06410256410257,163.0,223
1368,0,172.38053065815657,319.26281473790294,68.0,217.0,228.0,195.0,1.1692307692307693,32745.5,0.7365159694107063,0.7555309396901211,46.362456904373076,0.8811687449764952,dark_blob,75.0,36.0,0.0,455.0,14.664634146341465,0.3332137733142038,True,True,OK,217.0,217.0,164.5,223
1369,0,174.39272942460832,320.0931625370492,70.0,218.0,231.0,195.0,1.1846153846153846,32670.5,0.7252858252858253,0.7321573680744758,46.40741301975997,0.8753212416801217,dark_blob,75.0,36.0,0.0,455.0,14.580785318722754,0.3282814893366326,True,True,OK,218.0,218.05778520995912,166.5,223
1370,0,176.6512780265608,320.97139251804316,72.0,219.0,230.0,194.0,1.1855670103092784,32491.5,0.7281824294038548,0.7383085808174922,46.43240689949412,0.8759333774327562,dark_blob,75.0,36.0,0.0,455.0,14.459237668059181,0.32113162753289304,True,True,OK,220.0,219.5911555721765,170.5,224
1371,0,179.5295943890049,322.04759547200945,75.0,221.0,235.0,191.0,1.2303664921465969,32317.5,0.7200066837473543,0.7181503314617382,46.44570378312146,0.8708748112114614,dark_blob,75.0,36.0,0.0,455.0,14.319842977841544,0.31293193987303203,True,True,OK,221.0,221.34967320261438,174.0,226
1372,0,182.5200049876089,323.19865750193526,78.0,223.0,234.0,189.0,1.2380952380952381,32079.5,0.7253538642427532,0.7253180154204579,46.77781206603919,0.8713368464520383,dark_blob,75.0,36.0,0.0,455.0,14.158486605357858,0.30344038855046224,True,True,OK,223.0,223.38524590163934,178.0,226
1373,0,186.06863590065032,324.4898325889942,81.0,225.0,234.0,187.0,1.2513368983957218,31907.5,0.729180949769185,0.7214290947065816,47.139980765054446,0.8701244378460887,dark_blob,75.0,36.0,0.0,455.0,14.004336767100131,0.29437275100589005,True,True,OK,225.0,225.32990539965988,182.5,229
1374,0,189.65634683052357,325.6182343364319,85.0,227.0,233.0,185.0,1.2594594594594595,31735.0,0.7362254958821483,0.7320164648169021,47.531958698568175,0.8713054871392479,dark_blob,75.0,36.0,0.0,455.0,13.851193920242121,0.28536434824953655,True,True,OK,227.0,227.26186131386862,185.5,230
1375,0,193.59359732444275,326.9057526577342,88.0,228.0,237.0,185.0,1.281081081081081,31794.0,0.7251453985631201,0.7047749875874608,48.0486255953678,0.8637826871054245,dark_blob,75.0,37.0,0.0,455.0,13.706208425720622,0.27683578974827183,True,True,OK,229.0,229.0909090909091,189.0,235
1376,0,197.1035973856209,327.58634248366013,90.0,229.0,240.0,184.0,1.3043478260869565,31875.0,0.7218070652173914,0.6896661923330626,48.66304449067031,0.8598230640054421,dark_blob,75.0,37.0,0.0,455.0,13.661714774521844,0.27421851614834375,True,True,OK,229.0,229.65221361372443,192.5,236
1377,0,200.53487669749228,327.7884226859951,94.0,229.0,238.0,184.0,1.2934782608695652,32008.0,0.7309097552064304,0.698605925088375,48.787706387978474,0.8627716990826693,dark_blob,75.0,38.0,0.0,455.0,13.680662420837617,0.27533308357868336,True,True,OK,229.04,229.41318176789468,195.5,235
1378,0,203.64543994712682,327.1493460559402,97.0,227.0,237.0,186.0,1.2741935483870968,32278.5,0.7322376480195998,0.6966970873805671,48.99806831422088,0.8626984772789766,dark_blob,75.0,38.0,0.0,455.0,13.724654794166991,0.27792087024511714,True,True,OK,228.0,228.85820105820105,199.5,234
1379,0,206.5063863906806,325.9927837104904,100.0,225.0,239.0,188.0,1.2712765957446808,32634.5,0.7263086441734176,0.6901996290613686,48.89900215340754,0.8619820017832532,dark_blob,75.0,38.0,0.0,455.0,13.925077841203944,0.28971046124729083,True,True,OK,226.0,226.32978723404256,203.0,232
1380,0,209.10777978805893,325.07920676670767,103.0,223.0,238.0,190.0,1.2526315789473683,32886.5,0.7272556390977444,0.6845760544708023,48.77263424030821,0.8627135188745984,dark_blob,75.0,38.0,0.0,455.0,14.088537817196356,0.2993257539527268,True,True,OK,224.0,224.26767676767676,206.0,232
1381,0,211.43674576271187,324.76126553672316,103.0,222.0,237.0,191.0,1.2408376963350785,33187.5,0.7331499768042945,0.6765870482281425,48.71813762042533,0.8633666104517064,dark_blob,75.0,38.0,0.0,455.0,14.12520888357899,0.3014828755046465,True,True,OK,223.0,223.8050571610035,208.5,230
1382,0,213.36406184580417,324.36798951292934,106.0,221.0,236.0,193.0,1.2227979274611398,33438.0,0.7341266356371301,0.6835577256260024,48.44842797086861,0.8654739443501838,dark_blob,75.0,38.0,0.0,455.0,14.218837827479804,0.3069904604399885,True,True,OK,221.68,222.62389202256247,210.5,229
1383,0,214.62081992098456,323.44881056571677,107.0,219.0,235.0,194.0,1.211340206185567,33706.5,0.7393397674928712,0.6871678006072918,48.28799271573753,0.8680668943629612,dark_blob,75.0,38.0,0.0,455.0,14.340316239551306,0.314136249385371,True,True,OK,220.0,221.0913951318143,212.5,228
1384,0,215.25234859182552,322.7855034517925,107.0,218.0,235.0,195.0,1.205128205128205,33992.0,0.7417785051827605,0.6919552829919822,48.28891413258767,0.8701580050581356,dark_blob,75.0,37.0,0.0,455.0,14.507427565886397,0.3239663274050822,True,True,OK,218.0,218.98322147651007,213.0,229
1385,0,215.55265406152208,322.5247196551404,107.0,217.0,235.0,196.0,1.1989795918367347,34139.5,0.7411962657403387,0.6924628119881175,48.221258700696055,0.8703410730441514,dark_blob,75.0,37.0,0.0,455.0,14.528357834948213,0.32519751970283606,True,True,OK,218.0,218.71917808219177,214.0,229
1386,0,215.65644942195118,322.5647336480108,108.0,217.0,234.0,196.0,1.1938775510204083,34109.0,0.7436987615559044,0.6908155413251977,48.15451378809869,0.8708911331045601,dark_blob,75.0,37.0,0.0,455.0,14.540811606391925,0.32593009449364263,True,True,OK,218.0,218.56206896551726,214.0,228
1387,0,215.1711085644883,322.77023585644883,108.0,217.0,235.0,196.0,1.1989795918367347,34032.0,0.7388623534520191,0.6814730891603072,48.28294641298656,0.8683560718734435,dark_blob,75.0,37.0,0.0,455.0,14.521855715545108,0.3248150420908887,True,True,OK,218.0,218.8012048192771,213.0,229
1388,0,214.05353608282866,323.1162224154105,106.0,218.0,237.0,195.0,1.2153846153846153,33933.5,0.7342529481769988,0.6839584558122738,48.54070140631382,0.8666553317873058,dark_blob,75.0,37.0,0.0,455.0,14.436197339246121,0.3197763140733012,True,True,OK,219.0,219.88181818181818,212.0,230
1389,0,212.64140799049457,323.7480568344967,105.0,220.0,238.0,193.0,1.233160621761658,33665.0,0.7328993773675273,0.6852987344292433,48.805910895456556,0.8651664838150116,dark_blob,75.0,38.0,0.0,455.0,14.290798325773014,0.3112234309278244,True,True,OK,220.0,221.7160826594789,210.5,231
1390,0,210.49593751559613,324.72596197035483,103.0,222.0,239.0,192.0,1.2447916666666667,33395.0,0.7277501743375174,0.6818343914434835,48.98390348016837,0.8624895837403832,dark_blob,75.0,38.0,0.0,455.0,14.155286232614392,0.30325213133025836,True,True,OK,222.0,223.42561983471074,208.0,233
1391,0,208.23360995225687,325.15369168285713,100.0,223.0,241.0,190.0,1.268421052631579,33198.5,0.7250163791220791,0.684611238197528,49.2038942063989,0.8615423970265879,dark_blob,75.0,38.0,0.0,455.0,14.109756097560975,0.30057388809182206,True,True,OK,223.0,224.0,205.5,235
1392,0,205.5801451686073,325.4151771762689,97.0,224.0,243.0,189.0,1.2857142857142858,33065.0,0.7199468722102467,0.6851887179476482,49.31921326787211,0.8598163686913323,dark_blob,75.0,38.0,0.0,455.0,14.03048780487805,0.2959110473457676,True,True,OK,224.0,225.0,202.5,237
1393,0,202.97752375733774,325.9377159469703,95.0,225.0,241.0,188.0,1.2819148936170213,32849.5,0.7250264853888938,0.6882014993502563,49.26438063096996,0.8609796482601656,dark_blob,75.0,38.0,0.0,455.0,13.959750391287336,0.2917500230169021,True,True,OK,226.0,225.89237967914437,199.5,238
1394,0,200.6858699206933,326.77866691194504,92.0,226.0,243.0,187.0,1.2994652406417113,32616.0,0.7177658942364825,0.691113044421126,49.26336711780057,0.8591509154986984,dark_blob,75.0,38.0,0.0,455.0,13.860091256366722,0.2858877209627484,True,True,OK,227.0,227.14961799660443,196.5,239
1395,0,198.05235696478974,327.1596462492531,90.0,228.0,244.0,185.0,1.318918918918919,32358.0,0.7168365086397873,0.6756830826821607,49.149733928680654,0.8565854270334347,dark_blob,75.0,38.0,0.0,455.0,13.73719080803053,0.2786582828253253,True,True,OK,228.0,228.7000544217687,193.5,238
1396,0,195.6810389045184,327.399863220231,88.0,229.0,243.0,184.0,1.3206521739130435,32168.5,0.7194601001968152,0.687100029246575,48.95505445148588,0.8584716446021816,dark_blob,75.0,38.0,0.0,455.0,13.664983243343885,0.27441077902022853,True,True,OK,229.0,229.610980622431,190.5,237
1397,0,193.48878802107788,327.4144154014713,86.0,229.0,242.0,184.0,1.315217391304348,31945.0,0.7174137621272009,0.6926858822875174,48.37690139099724,0.859798208871231,dark_blob,75.0,37.0,0.0,455.0,13.668624826492168,0.27462498979365696,True,True,OK,229.0,229.5650406504065,189.0,236
1398,0,191.31566328270506,326.867296240917,85.0,228.0,236.0,185.0,1.2756756756756757,31767.5,0.7276110856619331,0.7084013231490732,47.86194541375872,0.8651475810292213,dark_blob,75.0,37.0,0.0,455.0,13.712746613538766,0.2772203890316921,True,True,OK,229.0,229.00842733689558,187.5,230
1399,0,189.12891173085714,325.83368804948157,84.0,227.0,236.0,186.0,1.2688172043010753,31715.5,0.7225145799161655,0.7139111917686429,47.2444992353547,0.8663958236046352,dark_blob,75.0,37.0,0.0,455.0,13.8059222399835,0.28270130823432355,True,True,OK,228.0,227.83298097251586,185.5,230
1400,0,187.34302855168514,324.9954298457769,83.0,226.0,234.0,187.0,1.2513368983957218,31837.0,0.7275698158051099,0.7209676431719152,46.614016541259865,0.8704152975920231,dark_blob,75.0,36.0,0.0,455.0,13.955668242906919,0.29150989664158344,True,True,OK,226.0,225.94387755102042,184.0,229
1401,0,185.4766851266648,324.15793206303516,81.0,224.0,234.0,189.0,1.2380952380952381,31961.0,0.7226744448966671,0.7129071650234999,46.2533139246779,0.8694898790766745,dark_blob,75.0,36.0,0.0,455.0,14.03048780487805,0.2959110473457676,True,True,OK,225.0,225.0,182.0,228
1402,0,183.79691097218108,323.41727340286764,79.0,223.0,233.0,190.0,1.2263157894736842,32070.5,0.7244296363225661,0.7273989442474428,45.94020682204044,0.8728364898701578,dark_blob,75.0,36.0,0.0,455.0,14.13847784776718,0.30226340280983416,True,True,OK,223.62,223.63766407432172,180.5,228
1403,0,182.35233109647487,322.86873472515634,78.0,222.0,233.0,191.0,1.219895287958115,32188.0,0.7232770824438802,0.7266288530492826,45.78615365688626,0.8731500132631353,dark_blob,75.0,36.0,0.0,455.0,14.201392176047042,0.305964245649826,True,True,OK,222.62,222.8439756252527,178.5,228
1404,0,181.36909532577246,322.43407446375056,77.0,221.0,234.0,192.0,1.21875,32315.5,0.7192730591168092,0.7235384236138237,45.62048894062864,0.8725665228447047,dark_blob,75.0,36.0,0.0,455.0,14.261856368563684,0.3095209628566873,True,True,OK,222.0,222.0811965811966,177.0,226
1405,0,180.64019653238665,322.1088593918815,76.0,221.0,235.0,192.0,1.2239583333333333,32395.0,0.7179742907801419,0.7187522963131804,45.569568804816186,0.8722979039957578,dark_blob,75.0,36.0,0.0,455.0,14.346063600936874,0.314474329466875,True,True,OK,221.0,221.01888995741174,175.5,226
1406,0,180.0927388259971,321.8357341887987,76.0,220.0,234.0,193.0,1.2124352331606219,32419.0,0.7178380054027722,0.7170505328325304,45.453462806888965,0.8724080314118431,dark_blob,75.0,36.0,0.0,455.0,14.367578221236759,0.31573989536686814,True,True,OK,221.0,220.74747474747474,175.0,225
1407,0,179.99335162407388,321.6983312268154,76.0,220.0,234.0,193.0,1.2124352331606219,32439.0,0.7182808555865551,0.7197285328400553,45.43855098117008,0.8731237060395826,dark_blob,75.0,35.0,0.0,455.0,14.413332690639159,0.31843133474347995,True,True,OK,220.5,220.17026451809062,174.5,226
1408,0,179.93916355673443,321.6589663716086,76.0,220.0,233.0,193.0,1.2072538860103628,32423.0,0.7210078053770376,0.7248114101564297,45.4030534351145,0.8743636384106517,dark_blob,75.0,35.0,0.0,455.0,14.407353868797308,0.3180796393410181,True,True,OK,220.0,220.2456896551724,174.0,225
1409,0,180.2027935664566,321.7707380864121,76.0,220.0,233.0,192.0,1.2135416666666667,32372.0,0.7236230329041488,0.728492916848058,45.51022967063213,0.8751053900507397,dark_blob,75.0,36.0,0.0,455.0,14.394918699186993,0.3173481587757055,True,True,OK,221.0,220.4025641025641,175.0,224
1410,0,180.74843546048794,321.94296460245477,77.0,221.0,232.0,191.0,1.2146596858638743,32304.5,0.7290237407474274,0.7281150035667601,45.59443473997119,0.8758954512439964,dark_blob,75.0,36.0,0.0,455.0,14.362240289069558,0.3154258993570328,True,True,OK,221.0,220.8148148148148,176.0,224
1411,0,181.60990167631283,322.27450980392155,77.0,221.0,233.0,191.0,1.219895287958115,32223.5,0.7240747814754062,0.7262893341472118,45.68436251920123,0.8741786553807579,dark_blob,75.0,36.0,0.0,455.0,14.32097380338033,0.31299845902237233,True,True,OK,222.0,221.3354074035097,177.5,224
1412,0,182.76608059860814,322.774791300698,78.0,222.0,232.0,190.0,1.2210526315789474,32163.5,0.7296619782214157,0.7374125507372169,45.87163701286708,0.875780731363047,dark_blob,75.0,36.0,0.0,455.0,14.217609016999262,0.30691817747054484,True,True,OK,222.5,222.63939393939393,179.0,226
1413,0,183.9851859940307,323.3522759180108,80.0,223.0,232.0,189.0,1.2275132275132274,32053.0,0.7310025542784163,0.7304470687285659,46.05485544848036,0.8744943248476647,dark_blob,75.0,36.0,0.0,455.0,14.14939024390244,0.3029053084648494,True,True,OK,223.56,223.5,180.0,227
1414,0,185.4242756346025,324.0160894706078,81.0,224.0,233.0,188.0,1.2393617021276595,31936.0,0.7290658387361885,0.7261596731571539,46.29647540221334,0.8724022411739365,dark_blob,75.0,36.0,0.0,455.0,14.03048780487805,0.2959110473457676,True,True,OK,225.0,225.0,181.5,228
1415,0,187.08442846451354,324.8238788316507,82.0,226.0,234.0,186.0,1.2580645161290323,31845.5,0.7316767760316147,0.7200272707032404,46.66084361692207,0.8710900109793273,dark_blob,75.0,36.0,0.0,455.0,13.951219512195122,0.29124820659971307,True,True,OK,226.0,226.0,183.0,228
1416,0,188.70964710576325,325.5761856763369,84.0,227.0,232.0,185.0,1.2540540540540541,31747.0,0.7396784715750233,0.7237507530898998,47.338613120478925,0.871331002841663,dark_blob,75.0,37.0,0.0,455.0,13.833668259279804,0.2843334270164591,True,True,OK,227.0,227.4829542675471,184.5,228
1417,0,190.63453834214278,326.5494116536622,85.0,228.0,235.0,185.0,1.2702702702702702,31784.0,0.7310868315123634,0.7181691929323634,47.93789903142421,0.8673319494006559,dark_blob,75.0,37.0,0.0,455.0,13.779330246511023,0.2811370733241778,True,True,OK,228.0,228.16844919786095,186.0,232
1418,0,192.6422908086834,327.17047963545826,86.0,229.0,238.0,184.0,1.2934782608695652,31930.5,0.7291400255754475,0.7158454355043594,48.41403682807366,0.8653074819846439,dark_blob,75.0,37.0,0.0,455.0,13.706993459599401,0.27688196821172945,True,True,OK,229.0,229.08100558659217,188.0,233
1419,0,194.92862754892317,327.36042645520814,88.0,229.0,241.0,184.0,1.309782608695652,32031.5,0.7223412412051236,0.691988115163356,48.7270901563369,0.8604029840869215,dark_blob,75.0,37.0,0.0,455.0,13.713414634146343,0.2772596843615496,True,True,OK,229.0,229.0,189.5,235
1420,0,197.03611214836943,327.3487210604929,89.0,228.0,242.0,185.0,1.308108108108108,32136.0,0.7178020996202814,0.680084750289025,49.01995503957133,0.8573495191352464,dark_blob,75.0,38.0,0.0,455.0,13.699892395982785,0.2764642585872226,True,True,OK,229.0,229.1705882352941,192.0,237
1421,0,199.37832891287826,327.295710349035,92.0,228.0,242.0,185.0,1.308108108108108,32236.5,0.7200469064105428,0.6861999087309176,49.21870874650785,0.8582060316342159,dark_blob,75.0,38.0,0.0,455.0,13.700333413432658,0.27649020079015635,True,True,OK,229.0,229.16502463054186,195.0,236
1422,0,201.58064300204927,326.9496586239921,94.0,227.0,240.0,186.0,1.2903225806451613,32369.0,0.7251120071684588,0.6915638077802705,49.17437700657392,0.8603979521010597,dark_blob,75.0,38.0,0.0,455.0,13.760390874485122,0.2800229926167719,True,True,OK,228.0,228.40737666034155,197.5,235
1423,0,203.522449105111,326.4152213133239,96.0,226.0,239.0,187.0,1.2780748663101604,32518.0,0.7275859754323943,0.6881689009341649,49.02407548318369,0.8614716821638512,dark_blob,75.0,38.0,0.0,455.0,13.871951219512196,0.28658536585365857,True,True,OK,227.0,227.0,200.0,234
1424,0,205.23918458177658,326.025137298136,98.0,225.0,239.0,188.0,1.2712765957446808,32654.0,0.7267426333125612,0.6946481873459951,48.95286450439527,0.8626546929298534,dark_blob,75.0,38.0,0.0,455.0,13.949658167036217,0.2911563627668363,True,True,OK,226.0,226.01969696969695,201.5,233
1425,0,206.69513603728748,325.7325710971012,100.0,225.0,237.0,188.0,1.2606382978723405,32754.5,0.7351310710117605,0.6921211993210288,48.82427777106249,0.8644571479491812,dark_blob,75.0,38.0,0.0,455.0,13.95360711137232,0.29138865361013644,True,True,OK,225.0,225.96987951807228,203.5,232
1426,0,207.8000994555317,325.48738284798014,101.0,224.0,237.0,189.0,1.253968253968254,32845.5,0.7332730560578662,0.6925553319886872,48.76490974294066,0.8643379166176055,dark_blob,75.0,38.0,0.0,455.0,13.974893599607137,0.2926407999768904,True,True,OK,225.0,225.7013422818792,205.0,231
1427,0,208.65378162335324,325.2705757718607,102.0,224.0,237.0,189.0,1.253968253968254,32880.5,0.7340544281472552,0.6918077641440229,48.66876392317418,0.8649270273277443,dark_blob,75.0,38.0,0.0,455.0,14.03048780487805,0.2959110473457676,True,True,OK,224.0,225.0,206.0,230
1428,0,209.15557480171393,325.1653700833662,102.0,224.0,238.0,189.0,1.2592592592592593,32907.0,0.7315592903828197,0.6848256049719632,48.56987306743668,0.8637906168045635,dark_blob,75.0,38.0,0.0,455.0,14.041323841307467,0.2965484612533804,True,True,OK,224.0,224.86329923273658,206.5,231
1429,0,209.35104190403845,325.12505886821117,102.0,224.0,238.0,189.0,1.2592592592592593,32912.5,0.7316815615134943,0.6859739070061284,48.530390063456736,0.8640148351825457,dark_blob,75.0,38.0,0.0,455.0,14.038867595818816,0.29640397622463627,True,True,OK,224.0,224.8942857142857,207.0,232
1430,0,209.3653779912062,325.1165937227727,102.0,224.0,238.0,189.0,1.2592592592592593,32902.0,0.7314481348094793,0.6818109553705372,48.53746878854427,0.8635402164476343,dark_blob,75.0,38.0,0.0,455.0,14.054073769265301,0.2972984570156059,True,True,OK,224.0,224.70245398773005,207.0,232
1431,0,209.02681210200785,325.25539542772407,102.0,224.0,238.0,189.0,1.2592592592592593,32821.0,0.7296474145213641,0.6871737782630062,48.72395801918089,0.8634029051951906,dark_blob,75.0,38.0,0.0,455.0,14.047970322360568,0.2969394307270922,True,True,OK,224.0,224.77945131791284,206.5,230
1432,0,208.3264426035262,325.43834195310234,102.0,224.0,238.0,189.0,1.2592592592592593,32773.5,0.7285914365746299,0.687218118611045,48.82793717909997,0.8627510765844626,dark_blob,75.0,38.0,0.0,455.0,14.008804278965997,0.29463554582152923,True,True,OK,225.0,225.2735460191982,205.5,232
1433,0,207.36423803914968,325.68431921435456,100.0,225.0,240.0,188.0,1.2765957446808511,32686.5,0.724434840425532,0.6833240062059925,48.85692223837209,0.8610279153344284,dark_blob,75.0,38.0,0.0,455.0,13.959657749803304,0.2917445735178414,True,True,OK,226.0,225.89354838709679,204.0,233
1434,0,205.9824375620287,326.0095869527405,99.0,225.0,241.0,188.0,1.2819148936170213,32579.0,0.7190562373090845,0.6800486686565423,48.909712306710816,0.8590628316398315,dark_blob,75.0,38.0,0.0,455.0,13.909950968066381,0.28882064518037537,True,True,OK,226.04,226.52061855670104,202.5,235
1435,0,204.2363091659344,326.4568578784282,97.0,226.0,240.0,187.0,1.2834224598930482,32433.5,0.722671568627451,0.6794862428970859,48.92267553629734,0.8594298860487325,dark_blob,75.0,38.0,0.0,455.0,13.853042149159236,0.28547306759760216,True,True,OK,227.0,227.23854519522195,200.5,234
1436,0,202.33936773146928,326.9439854926456,95.0,227.0,241.0,186.0,1.2956989247311828,32259.5,0.7196604649087583,0.6896606666950784,48.983402871517974,0.8593698957964188,dark_blob,75.0,38.0,0.0,455.0,13.76700797668354,0.2804122339225612,True,True,OK,228.0,228.3238993710692,199.0,235
1437,0,200.21143421428755,327.22999922039446,93.0,228.0,241.0,185.0,1.3027027027027027,32067.5,0.7192441404059662,0.6897656809114944,48.88584038022344,0.8590107467050895,dark_blob,75.0,37.0,0.0,455.0,13.688248308976005,0.2757793122927062,True,True,OK,229.0,229.31748287137964,196.5,234
1438,0,198.30846113360533,327.45960677641074,91.0,229.0,240.0,184.0,1.3043478260869565,31983.5,0.7242640398550725,0.6879588589844705,48.71730923943313,0.8601306339803964,dark_blob,75.0,37.0,0.0,455.0,13.674441056910569,0.2749671209947393,True,True,OK,229.0,229.49166666666667,194.0,234
1439,0,196.32336055082774,327.13454636638613,90.0,229.0,240.0,184.0,1.3043478260869565,31903.5,0.7224524456521739,0.6913452287014269,48.51155504544467,0.8606231378815218,dark_blob,75.0,37.0,0.0,455.0,13.691104021967371,0.27594729540984536,True,True,OK,229.0,229.2814569536424,192.0,232
1440,0,194.522207450275,326.6845337712781,88.0,228.0,238.0,185.0,1.2864864864864864,31967.5,0.7260390642743584,0.7053245930043491,48.260387640101555,0.8638048665899041,dark_blob,75.0,37.0,0.0,455.0,13.732917150600079,0.2784068912117693,True,True,OK,228.0,228.75396825396825,190.0,233
1441,0,192.4893751534816,326.2905988264861,86.0,228.0,238.0,185.0,1.2864864864864864,31898.5,0.7244719509425391,0.7097551774637249,48.01489434325255,0.8648043995587321,dark_blob,75.0,36.0,0.0,455.0,13.792682926829269,0.281922525107604,True,True,OK,228.0,228.0,188.0,231
1442,0,190.56962118002707,326.1932593789717,85.0,228.0,232.0,185.0,1.2540540540540541,31866.5,0.7424627213420317,0.7302066586518041,47.84934145129224,0.8715181824760548,dark_blob,75.0,36.0,0.0,455.0,13.792682926829269,0.281922525107604,True,True,OK,228.0,228.0,186.0,230
1443,0,188.3881841265844,325.8729696549987,83.0,227.0,234.0,186.0,1.2580645161290323,31768.0,0.729896149250988,0.7194050958624247,47.593338111114576,0.8679673148140512,dark_blob,75.0,36.0,0.0,455.0,13.796733930737098,0.2821608194551234,True,True,OK,228.0,227.9488950276243,184.5,229
1444,0,186.885957887795,325.50346224504216,82.0,227.0,234.0,186.0,1.2580645161290323,31843.5,0.7316308243727598,0.7254764376621853,47.43670728674459,0.8697549998942435,dark_blob,75.0,36.0,0.0,455.0,13.86212594794015,0.2860074087023618,True,True,OK,227.0,227.12394957983196,182.5,231
1445,0,185.69816030852616,325.07339483010213,80.0,226.0,234.0,187.0,1.2513368983957218,31980.0,0.7308377896613191,0.7258194201694264,47.28781922303049,0.8701921798766926,dark_blob,75.0,36.0,0.0,455.0,13.911585365853659,0.2889167862266858,True,True,OK,226.0,226.5,180.5,231
1446,0,184.8540811602345,324.94347081987337,79.0,226.0,236.0,187.0,1.2620320855614973,32039.5,0.7259924771141122,0.7221421351401583,47.31511462645987,0.8687650354308518,dark_blob,75.0,36.0,0.0,455.0,13.933500717360115,0.290205924550595,True,True,OK,226.0,226.2235294117647,180.0,232
1447,0,184.32153922257802,324.7995261527246,79.0,226.0,235.0,186.0,1.2634408602150538,32007.5,0.7322695035460993,0.726917563944188,47.26780688460706,0.8709557964015383,dark_blob,75.0,36.0,0.0,455.0,13.959191737401955,0.2917171610236444,True,True,OK,226.0,225.89942731277534,179.5,232
1448,0,184.26122240626725,324.7559719140336,79.0,226.0,234.0,186.0,1.2580645161290323,31997.0,0.7351576141898722,0.7239238400956689,47.284503294867434,0.8711478403345371,dark_blob,75.0,36.0,0.0,455.0,13.950457317073171,0.2912033715925395,True,True,OK,226.0,226.0096153846154,179.5,230
1449,0,184.54077248743457,324.7951834240547,79.0,226.0,235.0,186.0,1.2634408602150538,31966.0,0.7313200640585679,0.7287433946824406,47.3485491313369,0.870697370171556,dark_blob,75.0,36.0,0.0,455.0,13.93917922521713,0.29053995442453706,True,True,OK,226.0,226.151892851107,179.5,229
1450,0,185.1270601161513,324.9485271804531,80.0,226.0,233.0,186.0,1.2526881720430108,31855.0,0.7350362268678757,0.734101715592782,47.37168251600472,0.8717643608982097,dark_blob,75.0,36.0,0.0,455.0,13.879955349070881,0.2870561970041695,True,True,OK,226.68,226.89902482710582,180.5,229
1451,0,186.3392752439586,325.28639485697533,81.0,227.0,232.0,185.0,1.2540540540540541,31836.0,0.7417520969245107,0.7297058218084489,47.52238805970149,0.8724376886770695,dark_blob,75.0,36.0,0.0,455.0,13.881518082422204,0.28714812249542376,True,True,OK,227.0,226.8793103448276,182.0,228
1452,0,187.77564153032998,325.49783488434343,83.0,227.0,231.0,185.0,1.2486486486486486,31753.5,0.743032643032643,0.7234260075274838,47.610605399339114,0.871567908602411,dark_blob,75.0,36.0,0.0,455.0,13.842096725255773,0.28482921913269255,True,True,OK,227.0,227.37662592754256,183.5,228
1453,0,189.44810602480493,325.9059103367884,84.0,228.0,235.0,184.0,1.2771739130434783,31741.0,0.7340656799259945,0.7203950668462481,47.74898646541508,0.8686883236375965,dark_blob,75.0,36.0,0.0,455.0,13.793128254316251,0.2819487208421324,True,True,OK,228.0,227.9943820224719,185.0,229
1454,0,191.32088637435172,326.308958038661,86.0,228.0,234.0,184.0,1.2717391304347827,31815.0,0.7389214046822743,0.7214090545164022,47.96954046233782,0.8692206642379426,dark_blob,75.0,36.0,0.0,455.0,13.75204095839609,0.279531821082123,True,True,OK,228.0,228.51271406331085,186.5,229
1455,0,193.0185510703748,326.52369891393056,87.0,228.0,235.0,185.0,1.2702702702702702,31858.0,0.7327889591719379,0.7191792559178553,48.2045115585384,0.8670394626483624,dark_blob,75.0,36.0,0.0,455.0,13.730466534316507,0.2782627373127357,True,True,OK,228.0,228.78488372093022,188.0,229
1456,0,194.73639375790452,326.8007327041067,89.0,228.0,235.0,185.0,1.2702702702702702,31891.0,0.7335480161012076,0.7062812523912281,48.358399801371775,0.8652559096142205,dark_blob,75.0,36.0,0.0,455.0,13.711107884888373,0.27712399322872777,True,True,OK,229.0,229.02910052910053,190.0,233
1457,0,196.4868746050893,327.05485146136533,90.0,229.0,235.0,184.0,1.2771739130434783,31916.5,0.7381244218316374,0.6998468167504471,48.569009891779594,0.8649853263226733,dark_blob,75.0,37.0,0.0,455.0,13.692725111213377,0.2760426536007869,True,True,OK,229.0,229.26100628930817,192.0,232
1458,0,198.25601331538468,327.234506255935,92.0,229.0,236.0,184.0,1.2826086956521738,31943.0,0.7356070375829035,0.6926425157498491,48.720729931530194,0.8633004595747679,dark_blob,75.0,37.0,0.0,455.0,13.695567679361005,0.27620986349182386,True,True,OK,229.0,229.2251461988304,194.0,231
1459,0,199.84149202377228,327.30574496924197,94.0,228.0,236.0,185.0,1.2756756756756757,31970.0,0.7322491983508933,0.6887237411015987,48.70356612184249,0.8620569221586918,dark_blob,75.0,37.0,0.0,455.0,13.683943089430896,0.27552606408417035,True,True,OK,229.0,229.37179487179486,196.0,231
1460,0,201.43643050836891,327.1847759457241,95.0,228.0,237.0,185.0,1.281081081081081,32083.0,0.7317368000912304,0.6845867899318174,48.69094330310321,0.8614595692778663,dark_blob,75.0,37.0,0.0,455.0,13.681884583429348,0.275404975495844,True,True,OK,229.0,229.39776371673747,197.5,232
1461,0,202.83476821363888,326.77902843294464,97.0,227.0,236.0,186.0,1.2688172043010753,32116.5,0.7316498086386003,0.6899432954535464,48.61263482280431,0.862498897183919,dark_blob,75.0,37.0,0.0,455.0,13.727583053122824,0.2780931207719308,True,True,OK,228.0,228.82125994521977,199.5,231
1462,0,203.82793211074707,326.53661806342745,98.0,227.0,236.0,186.0,1.2688172043010753,32199.5,0.7335406415163113,0.6845473188180334,48.555647763946524,0.8626978179518762,dark_blob,75.0,37.0,0.0,455.0,13.782752533177906,0.2813383843045827,True,True,OK,228.0,228.1252757352941,200.5,230
1463,0,204.43551164125392,326.44350514717667,99.0,227.0,235.0,186.0,1.2634408602150538,32234.5,0.7374628231525967,0.6846800890625023,48.59021829234595,0.8635239709098977,dark_blob,75.0,37.0,0.0,455.0,13.785145039871548,0.281479119992444,True,True,OK,228.0,228.09509334315894,201.5,230
1464,0,204.73002490106734,326.36371056900487,99.0,227.0,235.0,186.0,1.2634408602150538,32261.0,0.7380690917410203,0.684810837002469,48.49743841457803,0.863891046793703,dark_blob,75.0,37.0,0.0,455.0,13.792682926829269,0.281922525107604,True,True,OK,228.0,228.0,202.0,231
1465,0,204.8685873605948,326.3919299876084,99.0,227.0,235.0,186.0,1.2634408602150538,32280.0,0.7385037748798902,0.6873056634253821,48.410884562317946,0.8644481326874361,dark_blob,75.0,37.0,0.0,455.0,13.792682926829269,0.281922525107604,True,True,OK,228.0,228.0,202.0,231
1466,0,204.60175664428212,326.49100740809666,99.0,227.0,236.0,186.0,1.2688172043010753,32239.5,0.7344518862766539,0.6868771586332567,48.39250959324636,0.8635812782505861,dark_blob,75.0,37.0,0.0,455.0,13.79940677241919,0.2823180454364229,True,True,OK,228.0,227.9151761017887,201.5,231
1467,0,203.94600551821424,326.6383339556883,98.0,227.0,237.0,186.0,1.2741935483870968,32136.0,0.7290050360691439,0.685104879253818,48.351779995072675,0.8620881313193861,dark_blob,75.0,37.0,0.0,455.0,13.772004241781548,0.28070613186950283,True,True,OK,228.0,228.2608695652174,201.0,232
1468,0,202.94309893398167,326.85552646343746,97.0,228.0,238.0,185.0,1.2864864864864864,32082.0,0.7286395639336816,0.6890210479587785,48.40198044236048,0.8623563989084075,dark_blob,75.0,37.0,0.0,455.0,13.767359633327878,0.28043291960752226,True,True,OK,228.0,228.31946308724832,199.5,232
1469,0,201.7503669008587,326.9302940411137,96.0,228.0,238.0,185.0,1.2864864864864864,32025.0,0.7273449920508744,0.6877968666116593,48.40744746600742,0.8617621285292031,dark_blob,75.0,37.0,0.0,455.0,13.741359215807348,0.2789034832827852,True,True,OK,229.0,228.64746835443037,198.5,232
1470,0,200.16539118302407,327.02685804127356,94.0,228.0,239.0,185.0,1.2918918918918918,32014.0,0.7240529232161032,0.6825039697030254,48.41428129829984,0.8602312828557771,dark_blob,75.0,37.0,0.0,455.0,13.71411920589449,0.27730112975849935,True,True,OK,229.0,228.991111556408,196.5,233
1471,0,198.69676124964172,327.01663409677167,92.0,228.0,238.0,185.0,1.2864864864864864,31982.5,0.7263797410856234,0.6894310153666396,48.401243927344744,0.8615464693100956,dark_blob,75.0,37.0,0.0,455.0,13.705403476907112,0.2767884398180654,True,True,OK,229.0,229.10106382978722,195.0,233
1472,0,197.4005174011264,327.0321267580707,91.0,228.0,237.0,185.0,1.281081081081081,32019.0,0.7302771125555936,0.695804025605837,48.42314468519148,0.8630436003891743,dark_blob,75.0,36.0,0.0,455.0,13.691448721716132,0.2759675718656548,True,True,OK,229.0,229.27710843373495,193.0,233
1473,0,196.1282107345515,327.0073455151231,89.0,228.0,239.0,185.0,1.2918918918918918,32015.0,0.7240755399751215,0.6963454065700787,48.491313218746136,0.8616638059752016,dark_blob,75.0,36.0,0.0,455.0,13.698992757499859,0.2764113386764623,True,True,OK,229.0,229.18193752077102,191.5,234
1474,0,195.1137107389429,327.0397227988575,88.0,229.0,239.0,184.0,1.298913043478261,32034.5,0.728454156812807,0.7030714838383967,48.53806463572885,0.8633423150239264,dark_blob,75.0,36.0,0.0,455.0,13.698632168754122,0.27639012757377185,True,True,OK,229.0,229.18648648648647,190.0,234
1475,0,194.0824013329168,327.0056648963865,87.0,229.0,238.0,184.0,1.2934782608695652,32010.0,0.7309554256485202,0.7104785903947075,48.45204081632653,0.8649802857927194,dark_blob,75.0,36.0,0.0,455.0,13.705222101103693,0.27677777065315845,True,True,OK,229.0,229.10335195530726,189.0,233
1476,0,193.45783929306026,326.90728966512006,87.0,229.0,239.0,184.0,1.298913043478261,32006.5,0.7278174458795706,0.7024569612594784,48.42061970437256,0.8634420358131677,dark_blob,75.0,36.0,0.0,455.0,13.714445580149443,0.27732032824408487,True,True,OK,229.0,228.98699421965318,188.5,234
1477,0,192.90689039219666,326.78391425937787,86.0,229.0,239.0,184.0,1.298913043478261,32003.5,0.7277492268510096,0.7061188898792427,48.37981691099153,0.8639017271758223,dark_blob,75.0,36.0,0.0,455.0,13.707429612047799,0.2769076242381058,True,True,OK,229.0,229.0755033557047,187.5,233
1478,0,192.61495393301146,326.7608162372463,86.0,229.0,237.0,184.0,1.2880434782608696,32000.5,0.7338217758209503,0.7145206260591611,48.38122486854315,0.8662755001637249,dark_blob,75.0,36.0,0.0,455.0,13.713414634146343,0.2772596843615496,True,True,OK,229.0,229.0,187.0,233
1479,0,192.482571589346,326.7228231420116,86.0,229.0,235.0,184.0,1.2771739130434783,31988.0,0.7397779833487511,0.7191907993478202,48.178827825225895,0.8685126276019737,dark_blob,75.0,36.0,0.0,455.0,13.711672473867598,0.2771572043451528,True,True,OK,229.0,229.02197802197801,187.0,233
1480,0,192.42890869293308,326.7075307483844,86.0,228.0,235.0,185.0,1.2702702702702702,31980.0,0.7355951696377229,0.7174201103557312,48.10681564937477,0.8675169891331498,dark_blob,75.0,36.0,0.0,455.0,13.711672473867598,0.2771572043451528,True,True,OK,229.0,229.02197802197801,187.0,233
1481,0,192.50492367906065,326.7407488584475,86.0,228.0,236.0,185.0,1.2756756756756757,31937.5,0.7315048098946404,0.712192247716411,48.02752122977748,0.8662216500143821,dark_blob,75.0,36.0,0.0,455.0,13.725478379099798,0.27796931641763517,True,True,OK,229.0,228.84781121751024,187.5,231
1482,0,192.8451659383859,326.7754076023117,87.0,229.0,235.0,184.0,1.2771739130434783,31924.5,0.738309435707678,0.7150553078799073,48.03429138374725,0.8679588753849306,dark_blob,75.0,36.0,0.0,455.0,13.710629531970996,0.2770958548218233,True,True,OK,229.0,229.03513513513514,188.0,231
1483,0,193.19059708509639,326.75014887948595,87.0,229.0,235.0,184.0,1.2771739130434783,31905.0,0.7378584643848288,0.7141557740002606,47.9888933701486,0.8679108511930272,dark_blob,75.0,36.0,0.0,455.0,13.723174223510311,0.2778337778535477,True,True,OK,229.0,228.8768790264853,188.5,230
1484,0,193.6697288936268,326.7742260822307,88.0,229.0,235.0,184.0,1.2771739130434783,31894.0,0.7376040703052729,0.7193301204821904,48.02889419943515,0.8684876757907992,dark_blob,75.0,36.0,0.0,455.0,13.737921243716254,0.2787012496303679,True,True,OK,229.0,228.6908396946565,189.0,230
1485,0,194.145396904982,326.83630248238615,88.0,229.0,235.0,184.0,1.2771739130434783,31911.5,0.738008788159112,0.7154194766930736,48.05980334377617,0.8678570956155105,dark_blob,75.0,36.0,0.0,455.0,13.705249151208658,0.27677936183580343,True,True,OK,229.0,229.10301070782924,189.5,230
1486,0,194.79259317297394,326.8929353077907,89.0,229.0,234.0,184.0,1.2717391304347827,31907.5,0.7410697696023782,0.7178467881408278,48.158952723662985,0.8685064936429543,dark_blob,75.0,36.0,0.0,455.0,13.683506658686218,0.2755003916874246,True,True,OK,229.0,229.37730061349694,190.0,230
1487,0,195.41402290219636,327.00589241390816,89.0,229.0,239.0,184.0,1.298913043478261,31962.0,0.7268055302892487,0.7003954586319066,48.25373134328358,0.8632164676307386,dark_blob,75.0,36.0,0.0,455.0,13.702719705768487,0.27663057092755805,True,True,OK,229.0,229.13492063492063,191.0,232
1488,0,196.1361196239081,327.07560927304183,90.0,228.0,235.0,185.0,1.2702702702702702,31978.0,0.735549166187464,0.7075632250170869,48.398062459376646,0.8657390759451314,dark_blob,75.0,36.0,0.0,455.0,13.705059327620303,0.27676819574237077,True,True,OK,229.0,229.1054054054054,192.0,232
1489,0,196.73061743051431,327.13414456350813,90.0,229.0,238.0,184.0,1.2934782608695652,32009.0,0.7309325904274754,0.6992600618432049,48.44125286005812,0.8636343830534371,dark_blob,75.0,36.0,0.0,455.0,13.702690100430416,0.27662882943708333,True,True,OK,229.0,229.13529411764705,192.0,233
1490,0,197.4630479819274,327.100331053437,91.0,228.0,238.0,185.0,1.2864864864864864,32019.0,0.7272087213263684,0.6912781552845749,48.481531851760266,0.8617033213370424,dark_blob,75.0,36.0,0.0,455.0,13.689043326768672,0.275826078045216,True,True,OK,229.0,229.30745341614906,193.0,232
1491,0,197.991113885854,327.09771603974815,92.0,228.0,236.0,185.0,1.2756756756756757,32035.0,0.733737975263399,0.6931280465949279,48.463035620501095,0.8632738528483824,dark_blob,75.0,37.0,0.0,455.0,13.668747580332946,0.27463221060782034,True,True,OK,229.0,229.56349206349208,194.0,231
1492,0,198.63659722764035,327.11007776130657,92.0,228.0,237.0,185.0,1.281081081081081,32042.5,0.7308130915725852,0.6877363341572722,48.535380053741854,0.861995943254775,dark_blob,75.0,37.0,0.0,455.0,13.693701769949339,0.276100104114667,True,True,OK,229.0,229.24868536371605,194.5,233
1493,0,199.17102177293125,327.0129899169539,93.0,228.0,236.0,185.0,1.2756756756756757,32050.5,0.7340929912963812,0.6915182970928476,48.510622529644266,0.8632587454254919,dark_blob,75.0,37.0,0.0,455.0,13.700938376293788,0.2765257868408111,True,True,OK,229.0,229.15739279137068,195.5,232
1494,0,199.62341514089078,326.92918322295805,94.0,228.0,235.0,185.0,1.2702702702702702,32087.5,0.7380678550891316,0.6916944504288559,48.48559620011104,0.8643599784963015,dark_blob,75.0,37.0,0.0,455.0,13.728247044740387,0.2781321791023757,True,True,OK,229.0,228.81288343558282,196.0,232
1495,0,200.0412845227158,326.84504030353514,94.0,228.0,236.0,185.0,1.2756756756756757,32110.5,0.7354672469079249,0.6973473202857082,48.35427197632844,0.8649072869918996,dark_blob,75.0,37.0,0.0,455.0,13.761158433368085,0.28006814313929906,True,True,OK,228.0,228.39769360981802,196.5,232
1496,0,200.32033378481466,326.7132315165102,95.0,227.0,236.0,186.0,1.2688172043010753,32116.5,0.7316498086386003,0.6908196637407004,48.30230193214385,0.8635268339752065,dark_blob,75.0,37.0,0.0,455.0,13.785535785685726,0.2815021050403368,True,True,OK,228.0,228.09016393442624,197.0,232
1497,0,200.4141121945909,326.62412064469635,95.0,227.0,236.0,186.0,1.2688172043010753,32149.5,0.732401585565883,0.6858261140086572,48.2038108723758,0.8633857708982922,dark_blob,75.0,37.0,0.0,455.0,13.803975337239406,0.28258678454349445,True,True,OK,228.0,227.85754189944134,197.0,232
1498,0,200.52917535289419,326.4637771347376,95.0,227.0,236.0,186.0,1.2688172043010753,32139.0,0.7321623838162931,0.6851688375093989,48.11282525019246,0.8634610421316531,dark_blob,75.0,37.0,0.0,455.0,13.810104529616726,0.2829473252715721,True,True,OK,228.0,227.78021978021977,197.0,232
1499,0,200.5089636376825,326.3164785857141,95.0,227.0,236.0,186.0,1.2688172043010753,32167.0,0.7328002551485329,0.6822068399319757,47.96806546886537,0.863663149439622,dark_blob,75.0,37.0,0.0,455.0,13.83494185107414,0.2844083441808318,True,True,OK,228.0,227.46688741721854,197.0,232
1500,0,200.33544365996843,326.1807949931466,95.0,226.0,238.0,187.0,1.2727272727272727,32222.5,0.7240035051453737,0.6724329287190455,47.768718137706536,0.8611507646041435,dark_blob,75.0,36.0,0.0,455.0,13.871951219512196,0.28658536585365857,True,True,OK,227.0,227.0,196.5,231
1501,0,199.95324456569475,325.9130924516505,94.0,226.0,236.0,187.0,1.2620320855614973,32256.5,0.7309095440949878,0.6815981775729202,47.62351966619624,0.8641156842166434,dark_blob,75.0,36.0,0.0,455.0,13.88502130342159,0.28735419431891707,True,True,OK,227.0,226.83511586452764,196.5,232
1502,0,199.35977404274837,325.7094047490194,94.0,226.0,237.0,187.0,1.267379679144385,32336.5,0.7296306324601187,0.6797581896175126,47.489548584544764,0.864159063397611,dark_blob,75.0,36.0,0.0,455.0,13.934953475257295,0.29029138089748796,True,True,OK,226.0,226.20520231213874,196.0,232
1503,0,198.7213278384038,325.35530790642156,93.0,225.0,237.0,188.0,1.2606382978723405,32393.5,0.7270289074423197,0.6745603859299878,47.34335380197354,0.8634250270398595,dark_blob,75.0,36.0,0.0,455.0,13.966691665579757,0.2921583332693975,True,True,OK,226.0,225.8048128342246,195.0,231
1504,0,197.97880625500216,324.9342434689815,93.0,224.0,236.0,189.0,1.2486772486772486,32486.0,0.7283203300152453,0.6839368566548887,47.221819400438704,0.8654362048275609,dark_blob,75.0,35.0,0.0,455.0,14.030380685563614,0.29590474620962437,True,True,OK,225.0,225.00135135135133,194.5,230
1505,0,197.07879532253523,324.39030731045773,92.0,224.0,236.0,189.0,1.2486772486772486,32567.5,0.7301475204017577,0.6932457137503614,46.953501094091905,0.867860506935464,dark_blob,75.0,35.0,0.0,455.0,14.098899501661132,0.299935264803596,True,True,OK,224.0,224.13696013289035,193.5,230
1506,0,195.7426769804192,323.5656174210513,91.0,222.0,233.0,191.0,1.219895287958115,32642.5,0.7334898770869379,0.6990996740059151,46.61373078206022,0.8703257827124361,dark_blob,75.0,35.0,0.0,455.0,14.165546838589407,0.3038556963876122,True,True,OK,223.0,223.29617834394904,192.0,227
1507,0,194.34199306000752,322.55762635976026,90.0,221.0,233.0,192.0,1.2135416666666667,32757.0,0.7322290772532188,0.7047820287548068,46.445421577515866,0.8717285854337806,dark_blob,75.0,35.0,0.0,455.0,14.28150406504065,0.31067670970827355,True,True,OK,221.0,221.83333333333334,191.0,227
1508,0,192.75781681750195,321.240469490709,89.0,219.0,231.0,194.0,1.190721649484536,32872.5,0.7335319319855402,0.7009897830987208,46.17975125726503,0.8733137192766516,dark_blob,75.0,35.0,0.0,455.0,14.495037489756026,0.3232374993974133,True,True,OK,219.0,219.1395270523086,189.5,225
1509,0,191.26686214053967,319.6847026580416,88.0,217.0,230.0,195.0,1.1794871794871795,33082.0,0.7376142697881828,0.7043818478677846,46.02714187389652,0.8755579881132363,dark_blob,75.0,35.0,0.0,455.0,14.606379931248977,0.3297870547793516,True,True,OK,217.0,217.73489932885906,188.0,225
1510,0,189.83086765094512,317.83211919043845,86.0,214.0,229.0,198.0,1.1565656565656566,33425.5,0.7371862732124741,0.6972821858848488,46.03112875040725,0.8758731761734606,dark_blob,75.0,34.0,0.0,455.0,14.822037402359317,0.34247278837407746,True,True,OK,214.0,215.01429738562092,186.5,223
1511,0,187.79700684290847,315.48280903854675,85.0,210.0,226.0,202.0,1.118811881188119,33855.0,0.741588539384912,0.7073091708416582,46.515295975666824,0.8791311209147594,dark_blob,75.0,35.0,0.0,455.0,15.161386129438803,0.36243447820228253,True,True,OK,210.0,210.73328267477203,184.5,220
1512,0,185.93127800506525,312.20609292811224,84.0,205.0,224.0,207.0,1.0821256038647342,34220.0,0.7380089717046239,0.6930636462520473,47.246723185093025,0.8773751621436782,dark_blob,75.0,36.0,0.0,455.0,15.52020325203252,0.3835413677666188,True,True,OK,205.0,206.20666666666668,182.0,217
1513,0,183.91479881504753,307.5484138412532,82.0,199.0,219.0,212.0,1.0330188679245282,34375.5,0.7404044972861205,0.6454565679385923,48.57407354084482,0.872486775997211,dark_blob,75.0,36.0,0.0,455.0,15.994060927216417,0.41141534865978924,True,True,OK,199.0,200.22876984126984,180.5,212
1514,0,181.4763960228562,295.2874507498401,80.0,191.0,203.0,214.0,0.9485981308411215,32318.0,0.7439344413240643,0.5933830244711656,48.93875677164632,0.8697236077475917,dark_blob,75.0,37.0,0.0,455.0,16.571138211382113,0.44536107125777136,True,True,OK,191.0,192.94871794871796,178.0,200
1515,0,176.49469255663428,274.68161223889376,78.0,181.0,195.0,206.0,0.9466019417475728,28325.0,0.7051282051282052,0.5641382861060588,48.04430335589199,0.8640181270849164,dark_blob,75.0,39.0,0.0,455.0,17.36082729070534,0.49181337004149067,True,True,OK,181.0,182.98648648648648,175.0,195
1516,0,172.21476210515576,255.01807643750718,76.0,168.0,194.0,180.0,1.0777777777777777,26139.0,0.7485395189003436,0.8757310809867662,48.5530891321641,0.9161725647154562,dark_blob,75.0,42.0,0.0,455.0,18.412780966044956,0.5536929980026445,True,True,OK,168.0,169.7156862745098,172.0,194
1517,0,169.19967358422278,232.4873496814373,73.0,149.0,194.0,172.0,1.127906976744186,24406.5,0.7314343083193479,0.8638420433484127,50.0616838348609,0.9165410803499776,dark_blob,75.0,48.0,0.0,455.0,19.837145948072383,0.6374791734160226,True,True,OK,150.0,151.7467741935484,169.5,193
1518,0,166.24121398148807,205.14059414186116,70.0,106.0,194.0,196.0,0.9897959183673469,28018.0,0.7368504102671997,0.8258841143662403,47.390076686574545,0.9390077077169934,dark_blob,75.0,38.0,0.0,455.0,23.377126500496978,0.8457133235586457,True,True,OK,106.0,107.0885579937304,158.5,194
1519,0,165.85779685264663,202.18794849785408,68.0,105.0,196.0,196.0,1.0,29125.0,0.7581476468138276,0.8695123593475262,45.64178343082574,0.9525960454545417,dark_blob,75.0,35.0,0.0,455.0,23.445108708447126,0.849712276967478,True,True,OK,105.0,106.23093629343629,159.5,195
1520,0,166.0943582542781,201.55890612692215,68.0,104.0,197.0,197.0,1.0,29199.0,0.7523770259475895,0.8704189824028407,45.65997218170099,0.9515727396789171,dark_blob,75.0,35.0,0.0,455.0,23.47379196170994,0.8513995271594081,True,True,OK,105.0,105.86908602150538,159.5,196
1521,0,166.0476571818027,201.45511444311921,68.0,104.0,197.0,197.0,1.0,29345.0,0.7561390399134221,0.8694067611203692,45.70847961112611,0.9525486826311966,dark_blob,75.0,36.0,0.0,455.0,23.535425970456888,0.8550250570856993,True,True,OK,104.0,105.09154929577464,159.0,196
1522,0,165.82424976679633,202.08435146633903,68.0,104.0,196.0,197.0,0.9949238578680203,29302.0,0.7588832487309645,0.8703455809234077,45.718907406781376,0.9527378522764869,dark_blob,75.0,36.0,0.0,455.0,23.44935090479937,0.8499618179293748,True,True,OK,105.0,106.1774193548387,159.0,196
1523,0,165.90581772869652,202.69963074742208,68.0,105.0,196.0,197.0,0.9949238578680203,29158.0,0.7551538381850202,0.8660684024174864,45.750348201243334,0.9509321270567507,dark_blob,75.0,36.0,0.0,455.0,23.378824498426436,0.8458132057897904,True,True,OK,106.0,107.06713709677419,159.5,195
1524,0,166.2779541748906,202.87452730341255,69.0,105.0,196.0,197.0,0.9949238578680203,29132.5,0.7544934217341759,0.8615604394190745,45.70603835169319,0.9503744402294674,dark_blob,75.0,36.0,0.0,455.0,23.386501227431104,0.8462647780841825,True,True,OK,106.0,106.97029220779221,159.5,196
1525,0,166.64419360003657,202.89211212516298,69.0,105.0,196.0,197.0,0.9949238578680203,29146.0,0.7548430539728582,0.8657119766154803,45.64649107901444,0.9509821980887134,dark_blob,75.0,36.0,0.0,455.0,23.373100759696122,0.8454765152762425,True,True,OK,106.0,107.13934426229508,160.0,195
1526,0,166.9768938938767,202.9070663027369,69.0,105.0,196.0,197.0,0.9949238578680203,29126.5,0.7543380296280949,0.8666931598776026,45.53939806155416,0.951133345399268,dark_blob,75.0,36.0,0.0,455.0,23.3634897950542,0.844911164414953,True,True,OK,106.0,107.26059027777778,160.5,195
1527,0,166.95081545505994,202.5072513476588,69.0,105.0,196.0,197.0,0.9949238578680203,29155.5,0.7550890914741532,0.8622406375391026,45.55219976218787,0.9508707987095015,dark_blob,75.0,36.0,0.0,455.0,23.38574142571117,0.846220083865363,True,True,OK,106.0,106.97987739872067,160.5,195
1528,0,166.79069913571993,202.01516631535654,69.0,105.0,196.0,196.0,1.0,29176.5,0.7594882340691379,0.8672648350795087,45.6469310157523,0.9527186479876856,dark_blob,75.0,36.0,0.0,455.0,23.463414634146343,0.8507890961262554,True,True,OK,105.0,106.0,160.0,195
1529,0,166.48304601632688,201.47377662242897,69.0,104.0,196.0,197.0,0.9949238578680203,29236.0,0.7571739355640733,0.8630694511511883,45.5585445182274,0.952221353073282,dark_blob,75.0,35.0,0.0,455.0,23.522649981401774,0.8542735283177514,True,True,OK,104.0,105.25272331154684,159.5,196
1530,0,166.25042177195346,201.3796686036934,68.0,103.0,197.0,198.0,0.9949494949494949,29340.5,0.7522047890068194,0.8624116375655735,45.526855946794505,0.9511613473783898,dark_blob,75.0,35.0,0.0,455.0,23.53120168394559,0.8547765696438582,True,True,OK,104.0,105.1448402948403,159.5,196
1531,0,166.17178800338957,201.86835235706607,68.0,104.0,197.0,197.0,1.0,29305.5,0.7551212347651318,0.8644780374201335,45.55156329220889,0.9519411978674346,dark_blob,75.0,35.0,0.0,455.0,23.520663956639567,0.8541567033317392,True,True,OK,104.0,105.27777777777777,159.5,196
1532,0,166.16259745588837,202.29536543108557,68.0,104.0,197.0,197.0,1.0,29244.0,0.7535365508000722,0.866414422846664,45.56037665548894,0.9513853122336532,dark_blob,75.0,36.0,0.0,455.0,23.448606163217665,0.8499180096010391,True,True,OK,105.0,106.186814556331,159.5,196
1533,0,166.23580738739662,202.6946899880885,68.0,105.0,197.0,197.0,1.0,29243.5,0.7535236671906002,0.8648431386869397,45.57633031873454,0.9511743478599948,dark_blob,75.0,36.0,0.0,455.0,23.450362425311,0.8500213191359411,True,True,OK,105.0,106.16465863453816,159.5,196
1534,0,166.34697348445934,203.1684815486993,69.0,105.0,196.0,197.0,0.9949238578680203,29203.0,0.7563192789806278,0.8651997140166909,45.48595753341022,0.9516410359849985,dark_blob,75.0,36.0,0.0,455.0,23.389294894787184,0.8464291114580696,True,True,OK,106.0,106.93504901960785,159.5,196
1535,0,166.44145315225944,203.91587133262635,69.0,105.0,196.0,198.0,0.98989898989899,29233.0,0.753272521129664,0.8660885261990485,45.5548929249119,0.9508934046182759,dark_blob,75.0,35.0,0.0,455.0,23.37973503562328,0.8458667668013694,True,True,OK,106.0,107.05565031982943,159.5,196
1536,0,166.48268645682276,205.29388950496173,69.0,105.0,196.0,200.0,0.98,29307.5,0.747640306122449,0.8446041059076514,45.75380196012166,0.9467257934037693,dark_blob,75.0,35.0,0.0,455.0,23.383103337612326,0.8460649022124898,True,True,OK,106.0,107.01315789473684,158.0,196
1537,0,166.5264008162571,207.92040359379868,69.0,105.0,196.0,203.0,0.9655172413793104,29402.5,0.7389790891726149,0.8305860876664458,46.300117904665655,0.9416472999505529,dark_blob,75.0,36.0,0.0,455.0,23.30307649667406,0.841357440980827,True,True,OK,106.0,108.02272727272728,156.5,195
1538,0,166.6946678276904,212.7839528305645,70.0,107.0,195.0,205.0,0.9512195121951219,29284.5,0.7325703564727954,0.8322363997125953,46.994960427518095,0.9391855148792683,dark_blob,75.0,36.0,0.0,455.0,23.311542870064255,0.8418554629449562,True,True,OK,107.0,107.91592071611254,157.5,195
1539,0,167.05366692131398,221.00860013426856,70.0,107.0,195.0,213.0,0.9154929577464789,28798.0,0.693342963765499,0.6149078957669774,47.43292703862661,0.9036607157676064,dark_blob,75.0,37.0,0.0,455.0,23.30928184281843,0.8417224613422605,True,True,OK,108.0,107.94444444444444,158.0,194
1540,0,167.72087996683837,232.5660508083141,71.0,140.0,195.0,190.0,1.0263157894736843,28145.0,0.7596491228070176,0.8819307889830517,47.30814710540208,0.9347582234654996,dark_blob,75.0,38.0,0.0,455.0,20.63446573751452,0.6843803375008541,True,True,OK,140.0,141.68827838827838,165.5,195
1541,0,168.1190249738298,243.75112307462237,72.0,151.0,194.0,190.0,1.0210526315789474,27862.5,0.7559007053716766,0.8825695119974776,47.65067007927198,0.9279974210121764,dark_blob,75.0,38.0,0.0,455.0,19.721158536585367,0.6306563845050216,True,True,OK,152.0,153.20999999999998,166.5,194
1542,0,168.59527971502885,256.5096502135481,72.0,164.0,194.0,190.0,1.0210526315789474,27745.5,0.7527265328269126,0.8854390883439139,47.73389975724689,0.9213674206322789,dark_blob,75.0,39.0,0.0,455.0,18.68049940349947,0.5694411413823218,True,True,OK,165.0,166.3383152173913,167.5,193
1543,0,171.56060073333668,278.30595319816274,74.0,179.0,193.0,214.0,0.9018691588785047,29863.5,0.7230521524381386,0.5076157277083699,48.74214356599405,0.8608210677209025,dark_blob,75.0,38.0,0.0,455.0,17.523954703832754,0.5014091002254562,True,True,OK,179.0,180.92857142857142,168.0,193
1544,0,173.9807661738992,303.97675250357656,74.0,196.0,206.0,214.0,0.9626168224299065,33552.0,0.7610924598493785,0.6744380400275235,49.131771509500766,0.8806249069345454,dark_blob,75.0,38.0,0.0,455.0,16.192073170731707,0.4230631276901004,True,True,OK,196.0,197.73076923076923,170.0,203
1545,0,176.00010342170717,316.6560555995098,75.0,214.0,221.0,198.0,1.1161616161616161,32230.5,0.7365624571506925,0.7349722975011915,46.68132948332002,0.8785025965163202,dark_blob,75.0,36.0,0.0,455.0,14.73069105691057,0.33709947393591594,True,True,OK,214.0,216.16666666666666,171.0,215
1546,0,177.32771677394925,322.91529408052503,76.0,222.0,221.0,192.0,1.1510416666666667,31692.0,0.7468891402714932,0.7430561214196653,45.383118303083315,0.8811022413034509,dark_blob,75.0,36.0,0.0,455.0,14.208554259455637,0.306385544673861,True,True,OK,222.0,222.7536231884058,172.0,220
1547,0,179.6547176227471,320.59574145282375,78.0,220.0,228.0,192.0,1.1875,31857.5,0.7277389437134503,0.7200240142931316,45.95413442714645,0.8735714272408689,dark_blob,75.0,36.0,0.0,455.0,14.29481152993348,0.3114595017607929,True,True,OK,220.0,221.66545454545457,173.5,220
1548,0,182.53764640267707,316.817352768273,80.0,212.0,228.0,200.0,1.14,33170.5,0.727423245614035,0.719829353231548,46.48585074626866,0.8760011709552182,dark_blob,75.0,35.0,0.0,455.0,14.893104552825095,0.34665320898971147,True,True,OK,213.0,214.11775794897574,176.5,222
1549,0,185.6768500451408,314.17502499733035,82.0,207.0,232.0,206.0,1.1262135922330097,34337.0,0.718467525945765,0.704038059192301,47.31794324604914,0.8735010023478843,dark_blob,75.0,35.0,0.0,455.0,15.389649018441405,0.3758617069671415,True,True,OK,207.0,207.85365853658536,180.0,223
1550,0,188.5808648280558,312.2278505900914,84.0,203.0,230.0,209.0,1.1004784688995215,34754.5,0.7229977116704805,0.7052972479557873,48.60244500170979,0.8736832128107626,dark_blob,75.0,36.0,0.0,455.0,15.635319008806214,0.3903128828709537,True,True,OK,204.0,204.75443711967546,183.5,224
1551,0,192.01279933938895,311.2144613077441,87.0,202.0,232.0,210.0,1.1047619047619048,35119.0,0.7208333333333333,0.703849337944597,49.40211505922166,0.8727405678215895,dark_blob,75.0,36.0,0.0,455.0,15.840269820483442,0.40236881296961424,True,True,OK,202.44,202.16890380313197,187.5,225
1552,0,195.83868234148443,311.3213197185275,90.0,201.0,234.0,210.0,1.1142857142857143,35598.5,0.7244301994301995,0.7055186846374759,50.05803472067661,0.8725793531855306,dark_blob,75.0,36.0,0.0,455.0,15.853658536585366,0.4031563845050215,True,True,OK,202.0,202.0,192.0,229
1553,0,200.1848113032162,313.16170756646216,93.0,203.0,238.0,208.0,1.1442307692307692,35860.0,0.7243859082094376,0.6881726547625108,50.111838290116815,0.8693493673431991,dark_blob,75.0,36.0,0.0,455.0,15.677222659323368,0.3927778034896099,True,True,OK,203.0,204.2258064516129,197.0,233
1554,0,204.1472818060342,315.7713857045737,96.0,206.0,239.0,205.0,1.1658536585365853,35547.5,0.725533217675273,0.686314412061312,49.91216536200797,0.8676784117372724,dark_blob,75.0,36.0,0.0,455.0,15.324608380299537,0.37203578707644336,True,True,OK,207.0,208.67417120237508,201.5,233
1555,0,208.27951000095703,319.38274476026413,99.0,212.0,242.0,199.0,1.2160804020100502,34830.0,0.7232443207774409,0.6829905321416291,49.76117917957756,0.8640173144145824,dark_blob,75.0,37.0,0.0,455.0,14.807317073170733,0.3416068866571019,True,True,OK,213.0,215.2,207.0,235
1556,0,212.48732092791028,324.65627760494675,103.0,218.0,240.0,198.0,1.2121212121212122,34716.0,0.7305555555555555,0.6692883882834384,49.27493868704728,0.8618469954989557,dark_blob,75.0,37.0,0.0,455.0,14.290063552043971,0.311180208943763,True,True,OK,219.0,221.72535211267606,211.0,239
1557,0,214.7432987166376,324.04530898161613,105.0,218.0,244.0,196.0,1.2448979591836735,34713.5,0.7258594011375041,0.6707828972684733,48.844675146882665,0.8620391852974524,dark_blob,75.0,37.0,0.0,455.0,14.330348069105689,0.3135498864179817,True,True,OK,219.0,221.21714743589746,212.5,243
1558,0,215.69439280416125,320.116613148555,106.0,212.0,243.0,201.0,1.208955223880597,35502.0,0.7268595295129292,0.643989754856807,48.71078021303887,0.8619992733918503,dark_blob,75.0,36.0,0.0,455.0,14.790142276422765,0.34059660449545676,True,True,OK,213.0,215.41666666666666,214.0,242
1559,0,217.11694389338217,316.58172754556085,107.0,207.0,241.0,205.0,1.175609756097561,36041.5,0.7295111830786357,0.6228914062846987,48.30816556345958,0.8640441472194222,dark_blob,75.0,35.0,0.0,455.0,15.340891768292684,0.3729936334289814,True,True,OK,207.16,208.46875,215.0,237
1560,0,218.2838497691255,314.2860052078328,108.0,203.0,239.0,209.0,1.1435406698564594,36419.5,0.7291045224319833,0.6233534870004067,48.15029765949928,0.8653419894933195,dark_blob,75.0,35.0,0.0,455.0,15.516953498974242,0.38335020582201423,True,True,OK,204.0,206.24766355140187,216.0,234
1561,0,219.0681951793063,313.282820411158,110.0,201.0,237.0,211.0,1.1232227488151658,36571.5,0.7313276141340213,0.5889814722525198,48.087223620470354,0.8637451187225326,dark_blob,75.0,35.0,0.0,455.0,15.843610443146686,0.40256532018509916,True,True,OK,202.0,202.1267605633803,217.0,233
1562,0,220.08915741792455,313.55452766411673,111.0,202.0,236.0,210.0,1.1238095238095238,36536.5,0.7372175141242938,0.5877718072865481,48.00712447514561,0.8651164185673338,dark_blob,75.0,35.0,0.0,455.0,15.85608315059119,0.4032990088583053,True,True,OK,202.0,201.96941256177269,218.5,232
1563,0,220.55159385202302,315.7373124610249,112.0,204.0,236.0,209.0,1.1291866028708133,36348.0,0.7369232016868056,0.647899453820537,48.13312448923999,0.8696851981474253,dark_blob,75.0,35.0,0.0,455.0,15.457317073170731,0.3798421807747489,True,True,OK,205.0,207.0,220.0,231
1564,0,221.67489671682944,318.8588595302304,114.0,209.0,235.0,204.0,1.1519607843137254,35783.5,0.7464226115978306,0.6581699504401657,48.10938018815717,0.8709491362925188,dark_blob,75.0,36.0,0.0,455.0,15.100609756097562,0.3588593974175036,True,True,OK,210.0,211.5,221.5,233
1565,0,222.21775415861467,321.9664137395324,113.0,214.0,237.0,201.0,1.1791044776119404,35188.0,0.7386695215903605,0.6769980031679925,47.77086498958861,0.8706563853730667,dark_blob,75.0,36.0,0.0,455.0,14.848170731707317,0.34401004304160687,True,True,OK,214.0,214.6846153846154,222.0,233
1566,0,221.37009557705002,322.1291342575318,111.0,215.0,238.0,199.0,1.1959798994974875,34841.0,0.7356319412186986,0.683206230747983,47.88260202341707,0.8699326153022596,dark_blob,75.0,36.0,0.0,455.0,14.747451765562433,0.33808539797426074,True,True,OK,215.0,215.955223880597,221.0,233
1567,0,218.78762696214218,321.0446483533394,110.0,214.0,234.0,199.0,1.1758793969849246,34656.0,0.7442339904651463,0.6787553395062175,48.131363922061595,0.8712406828673632,dark_blob,75.0,37.0,0.0,455.0,14.818910987007069,0.3422888815886511,True,True,OK,214.74,215.053738317757,218.5,230
1568,0,215.68801177661237,321.27758811879266,109.0,214.0,234.0,198.0,1.1818181818181819,34418.5,0.7428667012000345,0.6875990122348786,48.38645647546171,0.8711990081934654,dark_blob,75.0,37.0,0.0,455.0,14.763749353727755,0.33904407963104444,True,True,OK,215.0,215.74962353758832,215.5,229
1569,0,213.1472136923743,322.6325932049919,106.0,217.0,236.0,195.0,1.2102564102564102,33868.0,0.7359408952629292,0.6850901295850123,48.65756548175865,0.8672584736926433,dark_blob,75.0,37.0,0.0,455.0,14.489906497323679,0.32293567631315756,True,True,OK,218.0,219.20425649530128,212.5,230
1570,0,210.79600762363324,324.94529040024076,105.0,221.0,236.0,192.0,1.2291666666666667,33230.0,0.7333598163841808,0.6848350246525226,48.80016682554814,0.8638499789793092,dark_blob,75.0,38.0,0.0,455.0,14.057439024390245,0.29749641319942616,True,True,OK,222.8,224.66,209.0,231
1571,0,207.9105364861429,326.25055682684973,100.0,224.0,240.0,189.0,1.2698412698412698,32775.0,0.72255291005291,0.6876805872264967,48.8949625513409,0.8606563256898128,dark_blob,75.0,38.0,0.0,455.0,13.889966740576497,0.28764510238685276,True,True,OK,225.0,226.77272727272728,206.0,231
1572,0,207.92503075218315,326.270243069322,100.0,224.0,240.0,189.0,1.2698412698412698,32789.0,0.7228615520282187,0.6858960569936384,48.921363238445984,0.8604604314510544,dark_blob,75.0,38.0,0.0,455.0,13.889966740576497,0.28764510238685276,True,True,OK,225.0,226.77272727272728,206.0,231
1573,0,204.65124600770008,326.1334799526307,99.0,225.0,236.0,188.0,1.2553191489361701,32510.5,0.7327465741074648,0.6962726492079131,48.787882478307196,0.864015998673739,dark_blob,75.0,38.0,0.0,455.0,13.871303602741909,0.2865472707495241,True,True,OK,225.86,227.00816993464053,201.5,232
1574,0,200.93216006444717,326.4336447246794,96.0,226.0,238.0,186.0,1.2795698924731183,32274.5,0.7290706605222734,0.6846655076954268,48.42008586323214,0.8624076349474565,dark_blob,75.0,37.0,0.0,455.0,13.854606621301325,0.2855650953706662,True,True,OK,227.0,227.21880877742944,196.5,233
1575,0,197.05090647886445,327.8336170146317,92.0,229.0,234.0,185.0,1.2648648648648648,32019.5,0.7396511896511897,0.7005712046647067,47.81361275964392,0.8666367140557041,dark_blob,75.0,37.0,0.0,455.0,13.660926170072512,0.27417212765132426,True,True,OK,229.0,229.66216216216216,192.0,231
1576,0,193.81265030507333,327.36991063083497,89.0,229.0,236.0,184.0,1.2826086956521738,31741.0,0.7309552321296978,0.7136374580849133,47.602388599582156,0.866663835992489,dark_blob,75.0,37.0,0.0,455.0,13.656165311653117,0.2738920771560657,True,True,OK,230.0,229.72222222222223,189.0,230
1577,0,190.75482882122023,325.09451195670874,87.0,226.0,231.0,186.0,1.2419354838709677,31969.5,0.744065074710236,0.722165956790807,46.91999009165221,0.8731173846869918,dark_blob,75.0,36.0,0.0,455.0,13.872551736881006,0.286620690404765,True,True,OK,227.0,226.99242424242425,186.5,226
1578,0,188.05599909229687,323.37356624169655,84.0,224.0,233.0,188.0,1.2393617021276595,32316.0,0.7377408455848781,0.7226934251925864,46.21776688620003,0.8745044237563726,dark_blob,75.0,35.0,0.0,455.0,14.109756097560975,0.30057388809182206,True,True,OK,224.0,224.0,183.0,227
1579,0,185.34908548429706,322.94901918126106,82.0,223.0,232.0,189.0,1.2275132275132274,32175.5,0.7337962962962963,0.7197443631825076,45.816016983047724,0.8744974342402998,dark_blob,75.0,35.0,0.0,455.0,14.187869997632015,0.3051688233901185,True,True,OK,223.0,223.01456310679612,180.0,225
1580,0,182.98612411325385,323.3837504420728,80.0,224.0,231.0,189.0,1.2222222222222223,32046.0,0.734006734006734,0.7319196962019135,45.53745867960085,0.8763039201520718,dark_blob,75.0,35.0,0.0,455.0,14.14995243037537,0.3029383782573747,True,True,OK,224.0,223.49290780141843,178.0,226
1581,0,181.35920050695503,322.84547739998544,79.0,223.0,230.0,189.0,1.216931216931217,32087.0,0.738141246836899,0.7315018870109952,45.26866592620017,0.8777370755000106,dark_blob,75.0,34.0,0.0,455.0,14.162146539064622,0.3036556787685072,True,True,OK,223.0,223.3390744302617,176.5,223
1582,0,180.50702806577092,321.71224448680397,78.0,221.0,230.0,191.0,1.2041884816753927,32263.5,0.7344297746414751,0.7255799784973224,44.97910401963793,0.8778517751883411,dark_blob,75.0,34.0,0.0,455.0,14.34865584153079,0.31462681420769356,True,True,OK,221.0,220.98618784530387,176.0,223
1583,0,179.89404313943206,321.2992772397343,77.0,220.0,232.0,192.0,1.2083333333333333,32422.0,0.7278645833333334,0.7202799510102463,44.67030014350706,0.8766844117606227,dark_blob,75.0,34.0,0.0,455.0,14.404887108464107,0.3179345357920063,True,True,OK,220.0,220.27680878552974,175.5,222
1584,0,179.29400488513744,321.4392346618021,77.0,220.0,227.0,193.0,1.1761658031088082,32343.0,0.7382392549816256,0.7340580833814808,44.70656299742868,0.8805808122670482,dark_blob,75.0,34.0,0.0,455.0,14.41060769784913,0.31827104104994886,True,True,OK,220.0,220.20464135021098,175.0,220
1585,0,179.1436694504588,321.15937725538714,77.0,220.0,226.0,193.0,1.1709844559585492,32330.0,0.7412077582649365,0.7393732929302238,44.66114411710663,0.8819430141160337,dark_blob,75.0,34.0,0.0,455.0,14.408498615048774,0.31814697735581027,True,True,OK,220.0,220.23124824092315,174.5,221
1586,0,179.19143483496464,320.6414816644538,77.0,219.0,225.0,194.0,1.1597938144329898,32387.0,0.7419702176403208,0.7383411225545957,44.54059672291514,0.882650527831359,dark_blob,75.0,34.0,0.0,455.0,14.482954988117418,0.32252676400690694,True,True,OK,219.0,219.29195245759564,174.5,219
1587,0,179.4802032966184,320.536305542253,78.0,219.0,224.0,193.0,1.160621761658031,32366.5,0.7486699666913398,0.7406928548107627,44.43883637698449,0.8847303457531931,dark_blob,75.0,34.0,0.0,455.0,14.50609756097561,0.32388809182209466,True,True,OK,219.0,219.0,175.0,219
1588,0,179.92234716658157,320.64898712574694,78.0,219.0,224.0,193.0,1.160621761658031,32325.5,0.7477215951147298,0.7468222031620768,44.35430514289215,0.8854654398526945,dark_blob,75.0,34.0,0.0,455.0,14.51447097217451,0.32438064542203005,True,True,OK,219.0,218.8943661971831,175.0,219
1589,0,180.44477507077468,320.7031492157957,79.0,219.0,226.0,193.0,1.1709844559585492,32262.0,0.7396487688568939,0.7338528372594547,44.41387669929727,0.8816960710484804,dark_blob,75.0,34.0,0.0,455.0,14.45849602163399,0.3210880012725877,True,True,OK,220.0,219.6005117270789,175.5,218
1590,0,181.10530009805439,320.92139650100637,79.0,220.0,227.0,192.0,1.1822916666666667,32295.0,0.7409829295154186,0.7290443266661534,44.45391005793814,0.8814038824179372,dark_blob,75.0,34.0,0.0,455.0,14.469891232696112,0.3217583078056536,True,True,OK,220.0,219.45675675675676,177.0,219
1591,0,181.72898123740114,321.20012921900036,80.0,220.0,227.0,192.0,1.1822916666666667,32245.0,0.7398357195301027,0.7295347763484102,44.57456019158147,0.8808053035885105,dark_blob,75.0,34.0,0.0,455.0,14.439395407238582,0.31996443571991656,True,True,OK,220.0,219.84147332406712,177.5,218
1592,0,182.50884419298683,321.63884398574146,80.0,221.0,230.0,191.0,1.2041884816753927,32168.0,0.7322558615979968,0.7222997569823638,44.80667795045392,0.8774560176942303,dark_blob,75.0,34.0,0.0,455.0,14.374456848995003,0.3161445205291178,True,True,OK,221.0,220.66069821267843,178.5,220
1593,0,183.2958845753199,322.0693885166125,81.0,221.0,231.0,191.0,1.2094240837696335,32159.5,0.7288932707780875,0.7223029685733003,45.06993997229491,0.8755231512892926,dark_blob,75.0,35.0,0.0,455.0,14.255200860832138,0.3091294624018905,True,True,OK,222.0,222.16515837104072,179.0,222
1594,0,184.03861037955878,322.5046724117332,81.0,222.0,231.0,190.0,1.2157894736842105,32085.5,0.7310435178856232,0.7222398418532551,45.44133164666317,0.8750869146890173,dark_blob,75.0,35.0,0.0,455.0,14.220468591432057,0.3070863877312975,True,True,OK,223.0,222.6033193080879,179.5,221
1595,0,184.92241190974065,323.14274939400553,82.0,223.0,234.0,189.0,1.2380952380952381,32041.0,0.7244833355944467,0.7115467720329571,45.679189322787934,0.8713987974540364,dark_blob,75.0,35.0,0.0,455.0,14.132251222657295,0.30189713074454677,True,True,OK,224.0,223.71621534493875,180.5,224
1596,0,186.20006982330534,323.67135629165296,83.0,224.0,230.0,188.0,1.2234042553191489,31985.5,0.7397201665124884,0.7310160773101773,45.96211581912161,0.8761175859027621,dark_blob,75.0,36.0,0.0,455.0,14.05886031773314,0.29758001869018474,True,True,OK,225.0,224.64206983782807,181.5,226
1597,0,187.7013322924798,324.2499869893312,84.0,225.0,232.0,187.0,1.2406417112299466,32025.0,0.738175364189563,0.7277897266853735,46.3342091434577,0.8744505050139451,dark_blob,75.0,36.0,0.0,455.0,14.017526367831247,0.29514860987242625,True,True,OK,226.0,225.16351351351352,182.5,228
1598,0,189.35422988290006,324.7911752745018,85.0,226.0,234.0,186.0,1.2580645161290323,31967.0,0.734468339307049,0.7255243732519145,46.85826210826211,0.8719282058211528,dark_blob,75.0,36.0,0.0,455.0,13.940325916417061,0.2906074068480624,True,True,OK,227.0,226.13742690058479,184.0,227
1599,0,192.07702978630547,325.871793672813,87.0,227.0,238.0,185.0,1.2864864864864864,32078.5,0.7285600726777197,0.7162622456040199,47.47290792396939,0.867867714595292,dark_blob,75.0,36.0,0.0,455.0,13.855387383913367,0.28561102258313925,True,True,OK,228.0,227.20895915678523,186.5,231
1600,0,194.47951700627164,326.7765008978062,89.0,229.0,238.0,183.0,1.3005464480874316,32022.5,0.7352367176378748,0.6982140988846233,48.012146875193174,0.8656071221379826,dark_blob,75.0,37.0,0.0,455.0,13.761998426435879,0.28011755449622816,True,True,OK,229.0,228.38709677419354,189.0,231
1601,0,197.32173682321175,327.80160030799163,92.0,229.0,238.0,184.0,1.2934782608695652,32035.5,0.7315377237851662,0.6933217212847379,48.50219352446861,0.8627304913094075,dark_blob,75.0,38.0,0.0,455.0,13.667013682331945,0.27453021660776145,True,True,OK,230.0,229.58536585365854,192.0,232
1602,0,200.04077677951523,327.63233541621327,95.0,229.0,238.0,184.0,1.2934782608695652,32167.0,0.7345405553525758,0.6929676792148702,48.715977969908614,0.8631344307434687,dark_blob,75.0,38.0,0.0,455.0,13.698992751011254,0.27641133829477965,True,True,OK,229.0,229.18193760262727,194.5,231
1603,0,202.560656881148,326.4812751946333,97.0,226.0,239.0,187.0,1.2780748663101604,32497.0,0.7271161031928938,0.692182129937424,48.74934519096059,0.8621321042181384,dark_blob,75.0,38.0,0.0,455.0,13.832317073170731,0.28425394548063126,True,True,OK,227.0,227.5,198.0,233
1604,0,204.73820061247952,325.7543875713457,99.0,225.0,237.0,188.0,1.2606382978723405,32763.0,0.7353218421761379,0.6984718414320116,48.74769630502432,0.8653295308349432,dark_blob,75.0,38.0,0.0,455.0,13.940829739088175,0.29063704347577496,True,True,OK,225.0,226.13107098381073,200.5,233
1605,0,206.651748783455,325.7209955393349,100.0,224.0,238.0,189.0,1.2592592592592593,32880.0,0.7309590502867814,0.6907496981656621,48.7846649406948,0.8633931246154176,dark_blob,75.0,38.0,0.0,455.0,13.943762781186093,0.29080957536388785,True,True,OK,225.0,226.09406952965236,203.5,231
1606,0,208.16835072858368,325.42600211768263,100.0,223.0,240.0,190.0,1.263157894736842,33055.0,0.724890350877193,0.6829250611330493,48.848809702051206,0.8614740233944171,dark_blob,75.0,38.0,0.0,455.0,14.024050411682463,0.29553237715779196,True,True,OK,224.0,225.0812101910828,205.5,229
1607,0,209.45401011361528,324.79814366545884,101.0,222.0,239.0,191.0,1.2513089005235603,33255.5,0.7285044579289798,0.6825339883783424,48.777896836027026,0.8628728816349428,dark_blob,75.0,38.0,0.0,455.0,14.112362823424272,0.30072722490731013,True,True,OK,223.0,223.96711515064766,207.5,230
1608,0,210.38667685683313,324.4343208803504,104.0,221.0,236.0,192.0,1.2291666666666667,33365.5,0.7363501942090396,0.691846896756649,48.704969589081735,0.8663003544146026,dark_blob,75.0,38.0,0.0,455.0,14.189024390243903,0.3052367288378766,True,True,OK,222.0,223.0,209.0,228
1609,0,211.04402506318135,324.52627696111415,105.0,221.0,236.0,192.0,1.2291666666666667,33435.5,0.737895038841808,0.6924348188470849,48.67125599573637,0.866746103700193,dark_blob,75.0,38.0,0.0,455.0,14.184412870072096,0.30496546294541743,True,True,OK,222.0,223.05817610062894,209.5,230
1610,0,211.45022693191044,324.49122413698615,104.0,221.0,237.0,192.0,1.234375,33453.5,0.7351771272855133,0.6919451886584627,48.71924476931727,0.8658561872360692,dark_blob,75.0,38.0,0.0,455.0,14.159836453015693,0.3035197913538643,True,True,OK,222.0,223.36821705426357,210.0,229
1611,0,211.4162319187208,324.50141760218446,105.0,221.0,236.0,192.0,1.2291666666666667,33448.5,0.738181938559322,0.6897666747561729,48.66345043951816,0.8664594673379259,dark_blob,75.0,38.0,0.0,455.0,14.176920549145612,0.304524738185036,True,True,OK,222.0,223.15269461077844,210.0,229
1612,0,211.32708542137252,324.62050292450147,105.0,221.0,236.0,192.0,1.2291666666666667,33424.5,0.7376522775423728,0.6949069103689796,48.66280619649892,0.8669271304852056,dark_blob,75.0,38.0,0.0,455.0,14.171122524144705,0.304183677890865,True,True,OK,222.0,223.2258389261745,209.5,229
1613,0,210.69832542114855,324.8891442821946,105.0,222.0,236.0,191.0,1.2356020942408377,33282.0,0.7383530038157778,0.6902937190334519,48.678673408685306,0.8661092444802606,dark_blob,75.0,38.0,0.0,455.0,14.105099626815942,0.30029997804799663,True,True,OK,223.0,224.0587431693989,208.5,230
1614,0,209.58049678012878,325.2561117227442,100.0,222.0,241.0,191.0,1.2617801047120418,33153.5,0.7202428797983967,0.6767302194711187,48.67931569833403,0.860266077051356,dark_blob,75.0,38.0,0.0,455.0,14.064478107886922,0.2979104769345248,True,True,OK,223.0,224.5711992543496,207.5,231
1615,0,208.12013431290868,325.56843141710215,100.0,223.0,241.0,190.0,1.268421052631579,33007.5,0.7208451626992793,0.6731611393920611,48.57009205673334,0.8596077982892798,dark_blob,75.0,38.0,0.0,455.0,13.968089481104792,0.2922405577120466,True,True,OK,224.0,225.78717885375494,205.5,230
1616,0,206.4276363562502,325.97867759446297,99.0,224.0,240.0,189.0,1.2698412698412698,32821.5,0.7235780423280423,0.6855392748826701,48.558051869722554,0.8613864762341155,dark_blob,75.0,38.0,0.0,455.0,13.912129889035379,0.2889488170020811,True,True,OK,225.0,226.49313063063062,203.5,232
1617,0,204.52847273321885,326.40689130079306,99.0,225.0,238.0,188.0,1.2659574468085106,32616.0,0.7289468979080994,0.6866737849723564,48.50764702312314,0.8626225921012054,dark_blob,75.0,38.0,0.0,455.0,13.882709059233449,0.2872181799549087,True,True,OK,226.0,226.86428571428573,201.0,232
1618,0,202.25414506706161,326.85102958117335,97.0,227.0,237.0,186.0,1.2741935483870968,32408.0,0.7351753550201896,0.691777864973165,48.43347075889449,0.8640457936146981,dark_blob,75.0,38.0,0.0,455.0,13.764458610495197,0.2802622712055998,True,True,OK,228.0,228.3560606060606,198.0,233
1619,0,199.70910713637093,327.3362183927728,95.0,228.0,236.0,185.0,1.2756756756756757,32119.5,0.7356733852496564,0.6864131397391308,48.27931841991742,0.86358094981963,dark_blob,75.0,38.0,0.0,455.0,13.727154471544717,0.2780679100908657,True,True,OK,229.0,228.82666666666665,195.0,232
1620,0,197.0775987905328,327.7634292565947,92.0,230.0,238.0,183.0,1.3005464480874316,31970.0,0.7340313174450108,0.6953666302981174,48.154412902826365,0.8640961651798525,dark_blob,75.0,37.0,0.0,455.0,13.653553406223718,0.2737384356602187,True,True,OK,230.0,229.7551724137931,192.0,233
1621,0,194.92645870794567,327.2488259974461,90.0,230.0,238.0,183.0,1.3005464480874316,31977.5,0.7342035174725628,0.7033597372667709,47.854251137453964,0.8658626655003145,dark_blob,75.0,37.0,0.0,455.0,13.6886965148011,0.2758056773412412,True,True,OK,230.0,229.3118285825092,189.5,233
1622,0,192.9163354892335,325.9947427205901,88.0,228.0,235.0,184.0,1.2771739130434783,32082.5,0.741963459759482,0.7087731556215503,47.349910532485964,0.8700512673818478,dark_blob,75.0,36.0,0.0,455.0,13.83998819826908,0.28470518813347523,True,True,OK,228.0,227.40322580645162,187.0,231
1623,0,191.27339199469353,325.39329540036897,86.0,227.0,234.0,185.0,1.2648648648648648,32162.0,0.7429429429429429,0.724042523732791,46.99325967190914,0.873289137421625,dark_blob,75.0,36.0,0.0,455.0,13.928697088126311,0.28992335812507714,True,True,OK,227.0,226.28412904209884,185.5,228
1624,0,189.57847075185782,325.1512693569145,85.0,227.0,234.0,186.0,1.2580645161290323,32116.0,0.7378917378917379,0.713481924782864,46.77589767298506,0.8713942516462218,dark_blob,75.0,36.0,0.0,455.0,13.941214776225433,0.2906596927191431,True,True,OK,227.0,226.126213592233,184.0,228
1625,0,188.4672961756808,324.75928032368813,84.0,226.0,233.0,187.0,1.2459893048128343,32088.5,0.7364646209634849,0.7257982316005827,46.50934723593287,0.873148796165623,dark_blob,75.0,36.0,0.0,455.0,13.956527560466602,0.29156044473332954,True,True,OK,226.56,225.93303692949826,182.5,227
1626,0,187.98388846499216,324.4751449467188,84.0,226.0,234.0,187.0,1.2513368983957218,32109.5,0.7337972485031309,0.716027768668262,46.26561440286084,0.8720366942045377,dark_blob,75.0,35.0,0.0,455.0,13.988636363636363,0.2934491978609626,True,True,OK,226.0,225.52797202797203,182.0,228
1627,0,187.7653703530585,324.3329957516645,84.0,225.0,233.0,188.0,1.2393617021276595,32091.0,0.7326043283718382,0.7244391223761781,46.12524292809328,0.8731624352005493,dark_blob,75.0,35.0,0.0,455.0,14.008193597560975,0.2945996233859397,True,True,OK,226.0,225.28125,182.0,228
1628,0,187.69448558644237,324.27071088175524,84.0,225.0,231.0,188.0,1.2287234042553192,32070.5,0.7384751773049646,0.7316038469595362,46.12909001111249,0.8753776684196793,dark_blob,75.0,35.0,0.0,455.0,14.020766221813162,0.29533918951842125,True,True,OK,226.0,225.12264150943398,182.0,227
1629,0,187.8567553778555,324.1856739759688,85.0,225.0,231.0,188.0,1.2287234042553192,32014.0,0.7371741733443861,0.7243084579133439,46.01008039579468,0.8744994184370514,dark_blob,75.0,35.0,0.0,455.0,14.030905006418486,0.29593558861285213,True,True,OK,225.5,224.99473684210525,182.0,226
1630,0,188.23887534129514,324.1873215365055,85.0,225.0,230.0,188.0,1.2234042553191489,31986.0,0.739731729879741,0.7308293760525119,46.0082943889078,0.8759091521566251,dark_blob,75.0,35.0,0.0,455.0,14.04152319464371,0.29656018792021827,True,True,OK,225.44,224.8607843137255,182.5,225
1631,0,188.6968937744998,324.26042498551544,86.0,225.0,231.0,188.0,1.2287234042553192,31930.5,0.7352514506769826,0.7235562876383747,46.00561135912698,0.8740298341483929,dark_blob,75.0,35.0,0.0,455.0,14.036745827984594,0.296279166352035,True,True,OK,226.0,224.92105263157896,183.0,225
1632,0,189.38972501802903,324.4496702515703,86.0,226.0,232.0,187.0,1.2406417112299466,31893.0,0.7351327678406786,0.721570865869946,46.07936310872467,0.8734814512192396,dark_blob,75.0,35.0,0.0,455.0,14.011960600375234,0.2948212117867785,True,True,OK,226.0,225.2337278106509,184.0,224
1633,0,189.93507607496088,324.61820254925647,87.0,226.0,231.0,187.0,1.2352941176470589,31865.5,0.7376785424913768,0.7308609060785219,46.26063995029513,0.874659094801397,dark_blob,75.0,36.0,0.0,455.0,13.985424323421316,0.29326025431890096,True,True,OK,226.0,225.56849315068493,185.0,224
1634,0,190.9216024324875,325.01837426662274,88.0,226.0,230.0,187.0,1.2299465240641712,31901.5,0.7417228551499652,0.715851330730098,46.47765917835422,0.8731915739486932,dark_blob,75.0,36.0,0.0,455.0,13.960394083107497,0.29178788724161747,True,True,OK,227.0,225.88425925925927,186.0,224
1635,0,191.9340139676177,325.34569331788333,88.0,227.0,231.0,186.0,1.2419354838709677,31931.0,0.7431690173625658,0.7368212586145938,46.7166640830879,0.8754011912565175,dark_blob,75.0,36.0,0.0,455.0,13.930458768873404,0.2900269864043179,True,True,OK,227.0,226.26190476190476,187.0,224
1636,0,193.14773142207338,325.79845179597925,89.0,228.0,231.0,185.0,1.2486486486486486,31951.0,0.7476541476541476,0.7258305208707947,46.977505809450044,0.8742037132261974,dark_blob,75.0,36.0,0.0,455.0,13.866869918699187,0.28628646580583456,True,True,OK,228.0,227.06410256410257,188.0,227
1637,0,194.49005507876208,326.3469128275675,90.0,228.0,230.0,185.0,1.2432432432432432,31984.5,0.7516921269095183,0.7263952155348967,47.37081398947694,0.8742135428007927,dark_blob,75.0,36.0,0.0,455.0,13.831702590281717,0.2842177994283363,True,True,OK,228.0,227.5077519379845,189.0,228
1638,0,195.94220478431004,326.89282457703507,91.0,229.0,236.0,184.0,1.2826086956521738,31986.5,0.7366087877671333,0.7063860277669141,47.75835499443001,0.8672482183094442,dark_blob,75.0,37.0,0.0,455.0,13.742179622983485,0.2789517425284403,True,True,OK,229.0,228.6371186023622,190.5,231
1639,0,197.41907965063226,327.493682701082,92.0,230.0,236.0,183.0,1.289617486338798,31962.5,0.7400782624803186,0.6984293281448225,48.1418839412894,0.8659759294588516,dark_blob,75.0,37.0,0.0,455.0,13.68098640074887,0.27535214122052176,True,True,OK,230.0,229.40909463670658,192.5,232
1640,0,198.87582483191858,327.7823845494899,93.0,230.0,237.0,183.0,1.2950819672131149,32102.5,0.7401835327753568,0.7008541324456864,48.40184985355326,0.8656830353609859,dark_blob,75.0,37.0,0.0,455.0,13.660664151605545,0.27415671480032616,True,True,OK,230.0,229.66546762589928,194.0,233
1641,0,199.86362885661492,327.15807347309527,94.0,228.0,239.0,185.0,1.2918918918918918,32293.0,0.7303629989822459,0.687836960410647,48.57989580140975,0.8618781243984858,dark_blob,75.0,37.0,0.0,455.0,13.702605321507761,0.276623842441633,True,True,OK,229.0,229.13636363636363,195.0,232
1642,0,200.7131824657422,326.71181420328173,95.0,227.0,238.0,186.0,1.2795698924731183,32523.0,0.7346841962591488,0.6957342126391569,48.64802191113816,0.8643033820728246,dark_blob,75.0,37.0,0.0,455.0,13.814255943192343,0.2831915260701378,True,True,OK,228.0,227.72784810126583,196.0,231
1643,0,201.57518285509693,326.62287351030636,95.0,226.0,239.0,187.0,1.2780748663101604,32585.0,0.7290850916250867,0.6925618007537201,48.631128121013305,0.8628315386951652,dark_blob,75.0,37.0,0.0,455.0,13.832317073170731,0.28425394548063126,True,True,OK,227.0,227.5,197.0,232
1644,0,202.290389175047,326.40476555473793,96.0,226.0,238.0,187.0,1.2727272727272727,32616.0,0.7328450096616187,0.6983488564542628,48.57841709152707,0.8645190137342237,dark_blob,75.0,37.0,0.0,455.0,13.844021116385662,0.2849424186109213,True,True,OK,227.0,227.3523489932886,198.0,233
1645,0,202.81905548082017,326.19278158248744,96.0,225.0,240.0,188.0,1.2765957446808511,32708.0,0.7249113475177305,0.6886106852574944,48.64358772619984,0.8617890420096633,dark_blob,75.0,37.0,0.0,455.0,13.895418806161747,0.28796581212716155,True,True,OK,226.0,226.70394736842104,199.0,232
1646,0,203.1508951276574,326.07108635947515,97.0,225.0,238.0,188.0,1.2659574468085106,32770.0,0.7323887001609154,0.6920131875519037,48.65058748905065,0.8638258705555453,dark_blob,75.0,37.0,0.0,455.0,13.895466870855342,0.28796863946207896,True,True,OK,226.0,226.7033410138249,199.5,233
1647,0,203.2826778668703,326.11952144584444,97.0,225.0,237.0,188.0,1.2606382978723405,32737.5,0.7347495286830057,0.6974872751959377,48.600943367701746,0.8650643700853597,dark_blob,75.0,37.0,0.0,455.0,13.890417128603106,0.2876715958001827,True,True,OK,226.0,226.76704545454544,199.5,233
1648,0,203.3546524064171,326.13464222052454,97.0,225.0,237.0,188.0,1.2606382978723405,32725.0,0.7344689828530389,0.6961585682791533,48.57808293760019,0.8648476679360673,dark_blob,75.0,37.0,0.0,455.0,13.883865771495564,0.28728622185268027,True,True,OK,226.0,226.8496933442098,199.5,233
1649,0,203.28487695886386,326.2588046849494,97.0,225.0,238.0,188.0,1.2659574468085106,32672.0,0.7301984623636689,0.6950310992100757,48.64308652447892,0.8634858304800004,dark_blob,75.0,37.0,0.0,455.0,13.855436991869919,0.28561394069823054,True,True,OK,226.92,227.20833333333334,199.0,233
1650,0,203.08642429820526,326.45827069591445,97.0,226.0,239.0,187.0,1.2780748663101604,32595.0,0.7293088403105632,0.687705706085721,48.62639297968603,0.8623283220935419,dark_blob,75.0,38.0,0.0,455.0,13.8359756097561,0.2844691535150647,True,True,OK,227.0,227.45384615384614,199.0,233
1651,0,202.58893469098965,326.73089385875863,96.0,227.0,240.0,186.0,1.2903225806451613,32507.0,0.7282034050179211,0.68793611435167,48.56439532334673,0.8619900722481977,dark_blob,75.0,37.0,0.0,455.0,13.795262664165103,0.2820742743626531,True,True,OK,227.98,227.96745562130178,198.0,234
1652,0,201.72608234470258,326.9546723101005,96.0,227.0,240.0,186.0,1.2903225806451613,32368.0,0.725089605734767,0.6858580747614043,48.420320430502045,0.8610299315086586,dark_blob,75.0,37.0,0.0,455.0,13.744704749679077,0.27910027939288684,True,True,OK,228.0,228.60526315789474,197.0,234
1653,0,200.54908663383003,327.2432759986948,95.0,228.0,240.0,185.0,1.2972972972972974,32179.5,0.7247635135135135,0.687950383707435,48.276940583097556,0.8613847230785652,dark_blob,75.0,37.0,0.0,455.0,13.728802694984907,0.2781648644108769,True,True,OK,229.0,228.80587369403656,195.5,234
1654,0,199.05785488991773,327.55529574376317,94.0,229.0,238.0,184.0,1.2934782608695652,32074.5,0.7324282974059189,0.6818898756914454,48.16889848812095,0.8619942820892772,dark_blob,75.0,37.0,0.0,455.0,13.635596371207615,0.2726821394828009,True,True,OK,230.0,229.98170731707316,194.0,233
1655,0,197.651207880541,327.5720167826336,92.0,230.0,240.0,183.0,1.3114754098360655,31977.5,0.7280851548269581,0.6812951282012762,47.95899483180144,0.8614708373062967,dark_blob,75.0,37.0,0.0,455.0,13.653910185858505,0.27375942269755915,True,True,OK,230.0,229.7506715014773,192.5,232
1656,0,196.52753057507155,327.1268644288316,91.0,229.0,240.0,184.0,1.3043478260869565,32025.0,0.725203804347826,0.6833491842861802,47.74134734239803,0.861692438260439,dark_blob,75.0,37.0,0.0,455.0,13.687828033343624,0.2757545901966838,True,True,OK,230.0,229.3227848101266,191.0,232
1657,0,195.38818992453258,326.71614607663,90.0,229.0,238.0,184.0,1.2934782608695652,32111.0,0.7332617829740592,0.7052026471900866,47.548038097586534,0.8668118151201938,dark_blob,75.0,36.0,0.0,455.0,13.749993956475247,0.2794114092044263,True,True,OK,229.0,228.53853777985074,189.5,232
1658,0,194.39196780893042,326.47655763239874,89.0,229.0,238.0,184.0,1.2934782608695652,32100.0,0.7330105955425649,0.7172061663554161,47.41199506629665,0.8686908898173483,dark_blob,75.0,36.0,0.0,455.0,13.790574727555786,0.28179851338563444,True,True,OK,229.0,228.02659574468086,189.0,233
1659,0,193.63955395041356,326.3115860809282,89.0,228.0,236.0,185.0,1.2756756756756757,32119.0,0.7356619331195602,0.7182878445193707,47.39722016765286,0.8695581213854409,dark_blob,75.0,36.0,0.0,455.0,13.81228820228311,0.2830757766048888,True,True,OK,228.0,227.75267190965923,187.5,232
1660,0,193.19470724926344,326.1531495082784,88.0,228.0,236.0,185.0,1.2756756756756757,32132.0,0.7359596885020614,0.7201694682974951,47.34592279966729,0.8699787821993586,dark_blob,75.0,36.0,0.0,455.0,13.817953020134228,0.28340900118436635,True,True,OK,228.0,227.68120805369128,187.0,231
1661,0,192.86938023711312,326.07463096998464,88.0,228.0,233.0,185.0,1.2594594594594595,32122.5,0.7452151722537989,0.726567263271021,47.29340523882897,0.8728741555851277,dark_blob,75.0,36.0,0.0,455.0,13.817523941343707,0.2833837612555121,True,True,OK,228.0,227.686621047664,186.5,230
1662,0,192.82226515836163,326.0801832403627,88.0,228.0,233.0,185.0,1.2594594594594595,32089.0,0.7444380002319917,0.7230631575922813,47.33392972822901,0.8722169970809952,dark_blob,75.0,36.0,0.0,455.0,13.819209717687729,0.2834829245698664,True,True,OK,228.0,227.66535433070865,187.0,230
1663,0,193.28326891507177,326.2573873199925,89.0,228.0,233.0,185.0,1.2594594594594595,32082.0,0.7442756060781812,0.7277411798849314,47.42946621413144,0.872463936278135,dark_blob,75.0,36.0,0.0,455.0,13.802270055833088,0.28248647387253456,True,True,OK,229.0,227.87905468025951,187.5,231
1664,0,193.87817597382636,326.4065298594939,89.0,229.0,232.0,184.0,1.2608695652173914,31991.5,0.7494260682158921,0.7284538826110254,47.504006930907515,0.873375987468172,dark_blob,75.0,36.0,0.0,455.0,13.774339303543412,0.28084348844373014,True,True,OK,229.0,228.2314118629908,188.5,228
1665,0,194.90268879374108,326.6989613609609,90.0,229.0,234.0,184.0,1.2717391304347827,31997.0,0.7431484578223708,0.712406798511156,47.729041638309724,0.8695061922541121,dark_blob,75.0,37.0,0.0,455.0,13.749826492167362,0.27940155836278596,True,True,OK,229.0,228.54065040650406,189.0,228
1666,0,196.0462734181966,327.040409095174,91.0,229.0,233.0,184.0,1.266304347826087,31973.0,0.7457781302481806,0.7140979184475404,47.93721556608155,0.8695929287410129,dark_blob,75.0,37.0,0.0,455.0,13.69829660938655,0.2763703887874441,True,True,OK,230.0,229.1907196969697,190.5,229
1667,0,197.40721732826378,327.35465986554215,92.0,230.0,232.0,183.0,1.2677595628415301,31955.5,0.7526733559449783,0.7141690306889761,48.14047206046339,0.8705640292346669,dark_blob,75.0,37.0,0.0,455.0,13.669411369310545,0.27467125701826733,True,True,OK,230.0,229.5551181102362,192.0,228
1668,0,198.774761830392,327.60029153001193,94.0,229.0,236.0,184.0,1.2826086956521738,32015.0,0.737265106853353,0.6881994107136733,48.20000618257133,0.8637114711213936,dark_blob,75.0,37.0,0.0,455.0,13.62822399775722,0.272248470456307,True,True,OK,230.0,230.07471264367817,194.0,231
1669,0,199.89564341109428,327.2887908868492,95.0,229.0,237.0,184.0,1.2880434782608696,32085.5,0.7357709594569803,0.6901528614968608,48.20277606415793,0.8640734529491657,dark_blob,75.0,37.0,0.0,455.0,13.706550619975474,0.2768559188220867,True,True,OK,229.0,229.08659217877096,195.0,230
1670,0,200.59103928728663,327.0163934426229,95.0,228.0,238.0,185.0,1.2864864864864864,32177.5,0.730808539632069,0.6915107243408161,48.24774705502414,0.8632381735420437,dark_blob,75.0,37.0,0.0,455.0,13.736370205796762,0.27861001210569186,True,True,OK,229.0,228.71040663456392,195.5,229
1671,0,201.06985560313618,326.92784294255154,96.0,228.0,237.0,185.0,1.281081081081081,32226.0,0.7349982894286692,0.6855433433159845,48.292825993489345,0.8634654389322569,dark_blob,75.0,37.0,0.0,455.0,13.754759606948587,0.27969174158521104,True,True,OK,228.0,228.47841726618705,196.5,230
1672,0,201.3899411035338,326.9247313494523,96.0,228.0,237.0,185.0,1.281081081081081,32260.0,0.7357737484319763,0.694347095035435,48.29452369995398,0.8648213406514124,dark_blob,75.0,37.0,0.0,455.0,13.777269647696476,0.2810158616292045,True,True,OK,228.0,228.19444444444446,197.0,230
1673,0,201.46315425397364,326.9088548522814,96.0,227.0,238.0,186.0,1.2795698924731183,32285.5,0.7293191470136442,0.690834767912093,48.28634928420343,0.8630439083336126,dark_blob,75.0,37.0,0.0,455.0,13.785018865382023,0.2814716979636484,True,True,OK,228.0,228.09668508287294,197.0,232
1674,0,201.348691651045,326.90976601029735,96.0,228.0,238.0,185.0,1.2864864864864864,32273.5,0.7329888712241653,0.6890873602756017,48.30359716642645,0.8635496164803159,dark_blob,75.0,37.0,0.0,455.0,13.775190761684154,0.28089357421671496,True,True,OK,228.0,228.22067039106145,197.0,232
1675,0,200.89713371840259,327.0441949775376,95.0,228.0,239.0,185.0,1.2918918918918918,32202.0,0.7283048739115685,0.6850327900926259,48.21949720327002,0.862081606483045,dark_blob,75.0,37.0,0.0,455.0,13.756328501070401,0.27978402947472947,True,True,OK,229.0,228.45862506341956,195.5,234
1676,0,200.11662572171946,327.26010925563116,95.0,229.0,239.0,184.0,1.298913043478261,32157.0,0.7312397671457158,0.6900125975534739,48.202351275659375,0.8632057248339882,dark_blob,75.0,37.0,0.0,455.0,13.730853658536585,0.27828550932568147,True,True,OK,229.0,228.78,195.0,233
1677,0,199.29927284256704,327.4395949956599,94.0,229.0,240.0,184.0,1.3043478260869565,32065.5,0.7261209239130435,0.682559929900546,48.111690636380466,0.8610036833519097,dark_blob,75.0,37.0,0.0,455.0,13.670663195396,0.2747448938468235,True,True,OK,230.0,229.53932584269663,194.0,234
1678,0,198.1975605566054,327.5717803355666,93.0,230.0,240.0,183.0,1.3114754098360655,32015.5,0.728950364298725,0.6829675693617533,48.077769535113745,0.8618385736892109,dark_blob,75.0,37.0,0.0,455.0,13.687879922795085,0.27575764251735796,True,True,OK,230.0,229.32213020473893,192.5,232
1679,0,197.1494564934727,327.557460862329,92.0,230.0,238.0,183.0,1.3005464480874316,32045.0,0.7357533177205309,0.6918394874417635,48.01337286512863,0.8643393750924604,dark_blob,75.0,37.0,0.0,455.0,13.65763628333892,0.2739786049022894,True,True,OK,230.0,229.70366534864746,191.5,233
1680,0,196.49053396544195,327.2534048614143,91.0,229.0,237.0,184.0,1.2880434782608696,32062.0,0.7352320675105485,0.6973676842556239,47.940700725420584,0.8653216205352275,dark_blob,75.0,37.0,0.0,455.0,13.708130081300814,0.27694882831181256,True,True,OK,230.0,229.06666666666666,191.0,232
1681,0,196.01402808734824,327.04075938712845,90.0,229.0,239.0,184.0,1.298913043478261,32078.5,0.7294547025650355,0.6996970939101322,47.94273725780575,0.8643602147393098,dark_blob,75.0,37.0,0.0,455.0,13.713414634146343,0.2772596843615496,True,True,OK,229.0,229.0,190.0,232
1682,0,195.77275395749234,326.9860974735431,90.0,229.0,239.0,184.0,1.298913043478261,32080.5,0.7295001819174095,0.7071745649910222,47.92194249043564,0.8653188401838977,dark_blob,75.0,37.0,0.0,455.0,13.715515061256603,0.27738323889744726,True,True,OK,229.0,228.97350230414747,189.5,232
1683,0,195.6948449751368,326.9601409175227,90.0,229.0,238.0,183.0,1.3005464480874316,32075.5,0.7364535978325757,0.7123917728026006,47.94133802382275,0.8676231033363118,dark_blob,75.0,37.0,0.0,455.0,13.747509953585139,0.2792652913873611,True,True,OK,229.0,228.56987443169518,189.5,232
1684,0,195.84971143347371,327.03621379919923,91.0,229.0,236.0,184.0,1.2826086956521738,32055.0,0.7381862564480471,0.7086215023277697,47.97301386358724,0.8672737501857863,dark_blob,75.0,37.0,0.0,455.0,13.710472361273832,0.27708660948669595,True,True,OK,229.0,229.03711790393012,190.0,232
1685,0,196.15046173387054,327.1544439932952,91.0,229.0,235.0,184.0,1.2771739130434783,32017.0,0.7404486586493987,0.7153517110000862,48.03110025659257,0.8683513692417184,dark_blob,75.0,37.0,0.0,455.0,13.690460153148043,0.2759094207734143,True,True,OK,230.0,229.28957960644007,190.5,232
1686,0,196.76310881908628,327.2868260665729,92.0,229.0,233.0,184.0,1.266304347826087,31995.0,0.7462912856876283,0.7101456575969594,48.104563031709205,0.8688038724999887,dark_blob,75.0,37.0,0.0,455.0,13.678975715351294,0.2752338656088997,True,True,OK,230.0,229.43446020633752,191.5,231
1687,0,197.62270913428978,327.44261244647265,92.0,229.0,237.0,184.0,1.2880434782608696,31993.0,0.7336497890295358,0.6898389608749399,48.10588999566912,0.8634686383561497,dark_blob,75.0,37.0,0.0,455.0,13.658409149567687,0.2740240676216286,True,True,OK,230.0,229.69391534391534,192.5,230
1688,0,198.3286784652473,327.42818017567697,93.0,229.0,236.0,184.0,1.2826086956521738,32009.5,0.7371384487840825,0.6957814886917761,48.1601323356626,0.864750270588974,dark_blob,75.0,37.0,0.0,455.0,13.642162236229105,0.27306836683700614,True,True,OK,230.0,229.8988764044944,193.0,229
1689,0,198.97734774179128,327.3652429737976,94.0,229.0,236.0,184.0,1.2826086956521738,32064.5,0.738405029476787,0.6882085255430976,48.233988703355045,0.8640330831401904,dark_blob,75.0,37.0,0.0,455.0,13.651005450984572,0.27358855594026893,True,True,OK,230.0,229.7873158491177,193.5,230
1690,0,199.23408385496143,327.3149699479929,94.0,229.0,236.0,184.0,1.2826086956521738,32111.0,0.739475865880619,0.694772425208137,48.29369702573587,0.8652623492816401,dark_blob,75.0,37.0,0.0,455.0,13.705148689187428,0.27677345230514283,True,True,OK,229.0,229.1042780748663,194.0,230
1691,0,199.30430017038606,327.31130781698045,94.0,229.0,236.0,184.0,1.2826086956521738,32084.0,0.7388540899042004,0.690558963710859,48.22736666769487,0.8647399215824377,dark_blob,75.0,37.0,0.0,455.0,13.704350652849756,0.27672650899116213,True,True,OK,229.0,229.1143456102031,194.5,229
1692,0,199.32160652586182,327.3270568674824,94.0,229.0,236.0,184.0,1.2826086956521738,32077.5,0.7387044030950627,0.6899807834840249,48.185270887325686,0.8647367414316867,dark_blob,75.0,37.0,0.0,455.0,13.707772747466068,0.2769278086744746,True,True,OK,229.68,229.07117457042807,194.5,229
1693,0,199.53531648796422,327.38399429817025,94.0,229.0,239.0,184.0,1.298913043478261,32036.5,0.728499636165181,0.686991236639375,48.17400840232299,0.8621427018125488,dark_blob,75.0,37.0,0.0,455.0,13.704994884961573,0.27676440499773963,True,True,OK,230.0,229.10621837433092,194.5,231
1694,0,199.13999229094392,327.4261909970726,94.0,229.0,239.0,184.0,1.298913043478261,31997.0,0.7276014189557941,0.6806718298921322,48.13132094145301,0.861243604662876,dark_blob,75.0,37.0,0.0,455.0,13.700976476334532,0.27652802801967835,True,True,OK,230.0,229.15691214470283,193.5,232
1695,0,198.48575278467115,327.50937761753886,93.0,229.0,240.0,184.0,1.3043478260869565,32035.5,0.7254415760869565,0.681921335604714,48.135302112937104,0.860928770427765,dark_blob,75.0,37.0,0.0,455.0,13.703832752613241,0.2766960442713671,True,True,OK,230.0,229.12087912087912,193.0,232
1696,0,198.18346277457428,327.4275415540241,93.0,229.0,240.0,184.0,1.3043478260869565,31996.5,0.7245584239130435,0.6810911674836575,48.026443571583215,0.8608274413440415,dark_blob,75.0,37.0,0.0,455.0,13.701800232288038,0.2765764842522375,True,True,OK,230.0,229.14652014652015,192.5,232
1697,0,197.6122705962546,327.4561901937216,92.0,229.0,238.0,184.0,1.2934782608695652,32030.5,0.7314235476799416,0.6910867808736219,48.11512791991102,0.8633671341855021,dark_blob,75.0,37.0,0.0,455.0,13.701719312275092,0.27657172425147597,True,True,OK,230.0,229.14754098360655,192.0,232
1698,0,197.3796586555207,327.44913364213414,92.0,229.0,238.0,184.0,1.2934782608695652,32059.5,0.7320857690902448,0.6932166529966691,48.118914580310566,0.8636718685983809,dark_blob,75.0,37.0,0.0,455.0,13.686569604333163,0.2756805649607743,True,True,OK,230.0,229.3386603761047,191.5,233
1699,0,197.33264663805434,327.43776824034336,92.0,230.0,238.0,183.0,1.3005464480874316,32037.5,0.7355811176929788,0.6927409506227263,48.138333693738225,0.8643824677852229,dark_blob,75.0,37.0,0.0,455.0,13.692829457364342,0.27604879160966717,True,True,OK,230.0,229.25968992248062,191.5,232
1700,0,197.29612693458185,327.45974769150735,92.0,230.0,238.0,183.0,1.3005464480874316,32037.5,0.7355811176929788,0.6906166241662653,48.15596812059805,0.8639062872922387,dark_blob,75.0,37.0,0.0,455.0,13.660836006830461,0.2741668239312036,True,True,OK,230.0,229.6632996061388,191.5,232
1701,0,197.480008115363,327.4802422123728,92.0,230.0,237.0,183.0,1.2950819672131149,32038.0,0.7386963639298149,0.6983671330889392,48.20450403138612,0.8654495148479305,dark_blob,75.0,37.0,0.0,455.0,13.664293259074324,0.27437019171025434,True,True,OK,230.0,229.61968503937007,191.5,231
1702,0,197.69817022427495,327.4434423501019,92.0,230.0,238.0,183.0,1.3005464480874316,32044.0,0.7357303577168572,0.6926988374039079,48.249420920967296,0.8640340256632103,dark_blob,75.0,37.0,0.0,455.0,13.664293259074324,0.27437019171025434,True,True,OK,230.0,229.61968503937007,192.5,231
1703,0,197.9409300486048,327.446784483925,93.0,230.0,237.0,183.0,1.2950819672131149,32027.0,0.7384427382352263,0.692954954120198,48.29356323970211,0.8646913780239021,dark_blob,75.0,37.0,0.0,455.0,13.683670641205486,0.2755100377179698,True,True,OK,230.0,229.37523191094618,192.5,231
1704,0,198.06491452591274,327.4420045572307,93.0,229.0,236.0,184.0,1.2826086956521738,32037.0,0.7377717391304348,0.6916667672109231,48.26276605603782,0.8645172985753138,dark_blob,75.0,37.0,0.0,455.0,13.695579268292684,0.2762105451936873,True,True,OK,230.0,229.225,193.0,231
1705,0,198.17226733291693,327.40861961274203,93.0,229.0,236.0,184.0,1.2826086956521738,32020.0,0.7373802505526897,0.6912997431798087,48.255455276009144,0.8644588163495055,dark_blob,75.0,37.0,0.0,455.0,13.705403476907112,0.2767884398180654,True,True,OK,230.0,229.10106382978722,193.0,230
1706,0,198.25526984523734,327.3915724135058,93.0,229.0,236.0,184.0,1.2826086956521738,32006.0,0.7370578481945468,0.6961496490012162,48.202356288073226,0.865069594401106,dark_blob,75.0,37.0,0.0,455.0,13.705403476907112,0.2767884398180654,True,True,OK,230.0,229.10106382978722,193.0,230
1707,0,198.29690607849872,327.4012204900705,93.0,229.0,236.0,184.0,1.2826086956521738,32009.0,0.7371269344141489,0.6962148983939119,48.139199802114895,0.8652100237871033,dark_blob,75.0,37.0,0.0,455.0,13.705236159504452,0.2767785976179089,True,True,OK,230.0,229.1031746031746,193.0,230
1708,0,198.27822383288031,327.3763160361148,93.0,229.0,236.0,184.0,1.2826086956521738,32009.0,0.7371269344141489,0.69926006118376,48.12176117741636,0.8654929253165607,dark_blob,75.0,37.0,0.0,455.0,13.685649536976655,0.27562644335156794,True,True,OK,230.0,229.35026737967914,193.0,230
1709,0,198.168206089969,327.4147847151676,93.0,229.0,236.0,184.0,1.2826086956521738,31992.5,0.7367469602063376,0.6926494797776982,48.14118229343892,0.8646066573954031,dark_blob,75.0,37.0,0.0,455.0,13.690209857111618,0.275894697477154,True,True,OK,230.0,229.29273718720728,192.5,230
1710,0,198.07623362758116,327.4279665651121,93.0,229.0,238.0,184.0,1.2934782608695652,32002.5,0.7307841614906833,0.6877498883261783,48.181272805986765,0.8625485040120802,dark_blob,75.0,37.0,0.0,455.0,13.67556849440675,0.2750334408474559,True,True,OK,230.0,229.47744360902254,192.5,231
1711,0,198.03041048953597,327.4304594379267,93.0,229.0,238.0,184.0,1.2934782608695652,32006.5,0.730875502374863,0.6893286214559852,48.226238327870874,0.862756006521297,dark_blob,75.0,37.0,0.0,455.0,13.689561950767704,0.2758565853392767,True,True,OK,230.0,229.30091077493051,192.5,231
1712,0,198.0836902491637,327.44437323496004,93.0,229.0,238.0,184.0,1.2934782608695652,31987.0,0.7304302155644866,0.6884711866208167,48.24135263906936,0.8624968128921036,dark_blob,75.0,37.0,0.0,455.0,13.684425191621552,0.27555442303656186,True,True,OK,230.0,229.36571296723582,192.5,232
1713,0,197.9888333593628,327.50652818991097,93.0,229.0,238.0,184.0,1.2934782608695652,32015.0,0.731069601753745,0.6890738445986009,48.27193199381762,0.8626860178805897,dark_blob,75.0,37.0,0.0,455.0,13.690182965034538,0.2758931155902669,True,True,OK,230.0,229.29307644110276,192.5,232
1714,0,198.0020112966089,327.4774328351987,93.0,229.0,238.0,184.0,1.2934782608695652,31986.0,0.7304073803434418,0.6884496659449136,48.2406175551499,0.8625266162817808,dark_blob,75.0,37.0,0.0,455.0,13.690548625270392,0.2759146250159054,True,True,OK,230.0,229.28846349658892,192.5,231
1715,0,197.9905080611112,327.47511298065643,93.0,229.0,236.0,184.0,1.2826086956521738,31974.5,0.7363324428887251,0.696537697572479,48.24697433992633,0.8647649625008789,dark_blob,75.0,37.0,0.0,455.0,13.6869918699187,0.2757054041128647,True,True,OK,230.0,229.33333333333334,192.0,231
1716,0,197.81181503106754,327.5735056879091,93.0,230.0,237.0,183.0,1.2950819672131149,32027.0,0.7384427382352263,0.6929549543369857,48.269336547078275,0.8647782404309513,dark_blob,75.0,37.0,0.0,455.0,13.690714987707512,0.27592441104161836,True,True,OK,230.0,229.28636477045907,192.5,232
1717,0,197.85532519436725,327.57806434154514,93.0,230.0,236.0,183.0,1.289617486338798,32027.0,0.7415717328887654,0.6908292970516787,48.20486990915271,0.8653314286683901,dark_blob,75.0,37.0,0.0,455.0,13.690806733416638,0.2759298078480375,True,True,OK,230.0,229.28520736305165,192.5,232
1718,0,197.8396927496409,327.56346926455586,93.0,230.0,236.0,183.0,1.289617486338798,32026.0,0.7415485783087895,0.6908077270517995,48.25598714502024,0.8652279127384751,dark_blob,75.0,37.0,0.0,455.0,13.690806733416638,0.2759298078480375,True,True,OK,230.0,229.28520736305165,192.5,232
1719,0,197.8207089629907,327.5108134548936,93.0,229.0,236.0,184.0,1.2826086956521738,32028.0,0.7375644804716286,0.6914724629766429,48.248624930474016,0.8643702546857779,dark_blob,75.0,37.0,0.0,455.0,13.67777241621337,0.27516308330666883,True,True,OK,230.0,229.4496402877698,192.0,232
1720,0,197.7895207913785,327.41969912213597,93.0,229.0,236.0,184.0,1.2826086956521738,32028.5,0.7375759948415622,0.6925463448503139,48.23237129967246,0.8645232130585075,dark_blob,75.0,37.0,0.0,455.0,13.676257621951219,0.2750739777618364,True,True,OK,230.0,229.46875,192.5,232
1721,0,197.70556032129767,327.4323845174036,93.0,229.0,236.0,184.0,1.2826086956521738,32057.5,0.7382438282977155,0.6931734043306844,48.269056219320184,0.8646751011500784,dark_blob,75.0,37.0,0.0,455.0,13.67605831230726,0.275062253665133,True,True,OK,230.0,229.4712643678161,192.5,233
1722,0,197.72680820064522,327.2804922468519,92.0,229.0,238.0,184.0,1.2934782608695652,32030.0,0.7314121300694191,0.6849338613867463,48.272238529275455,0.8624004911607773,dark_blob,75.0,37.0,0.0,455.0,13.713414634146343,0.2772596843615496,True,True,OK,230.0,229.0,192.0,233
1723,0,197.59564769427706,327.20862343501204,92.0,229.0,237.0,184.0,1.2880434782608696,32029.0,0.7344753256283251,0.6923745828419605,48.18430972685701,0.8640815704869916,dark_blob,75.0,37.0,0.0,455.0,13.705070603337612,0.27676885901985954,True,True,OK,230.0,229.10526315789474,192.0,232
1724,0,197.39565057055745,327.1748861222348,92.0,229.0,237.0,184.0,1.2880434782608696,32088.5,0.7358397541735462,0.6910946666732752,48.14862447569701,0.8644076547178667,dark_blob,75.0,37.0,0.0,455.0,13.724324058762022,0.2779014152212954,True,True,OK,229.0,228.86237341254065,191.5,231
1725,0,197.20136281246266,327.0792238616828,92.0,229.0,237.0,184.0,1.2880434782608696,32090.5,0.7358856173179233,0.6875326976897306,48.11706294137601,0.8641417274470725,dark_blob,75.0,37.0,0.0,455.0,13.740008872611947,0.2788240513301145,True,True,OK,229.0,228.66450345320314,191.5,231
1726,0,196.91932519160073,326.95322138450996,92.0,229.0,236.0,184.0,1.2826086956521738,32098.0,0.7391764922623434,0.6923607814987028,48.002651620263315,0.8655637404272478,dark_blob,75.0,37.0,0.0,455.0,13.723983739837399,0.27788139646102344,True,True,OK,229.0,228.86666666666667,191.0,232
1727,0,196.7352344483705,326.85870315313207,92.0,229.0,237.0,184.0,1.2880434782608696,32121.5,0.7365964960557696,0.6909272125519652,47.98961671185605,0.8649983320888439,dark_blob,75.0,37.0,0.0,455.0,13.749232158988258,0.2793665975875446,True,True,OK,229.0,228.54814814814813,190.5,232
1728,0,196.39324845919194,326.66128680819276,91.0,228.0,237.0,185.0,1.281081081081081,32126.0,0.7327175276542365,0.6987597225499399,47.8215903139345,0.8654327881266276,dark_blob,75.0,37.0,0.0,455.0,13.75449981478232,0.2796764596930777,True,True,OK,229.0,228.48169464428457,190.5,231
1729,0,196.05783970317322,326.3783295711061,91.0,228.0,236.0,185.0,1.2756756756756757,32117.5,0.7356275767292716,0.7011816075502502,47.75571648690293,0.8666636971467149,dark_blob,75.0,37.0,0.0,455.0,13.784756097560976,0.2814562410329986,True,True,OK,228.0,228.1,190.0,232
1730,0,195.48924956424142,326.2390025912766,90.0,228.0,237.0,185.0,1.281081081081081,32223.5,0.7349412703843083,0.7034957760628531,47.593623295245116,0.86712677798276,dark_blob,75.0,37.0,0.0,455.0,13.790214541283152,0.2817773259578325,True,True,OK,228.0,228.03113963304332,189.5,232
1731,0,195.10274050430237,325.9727808939436,90.0,227.0,237.0,186.0,1.2741935483870968,32269.0,0.7320221405562362,0.699711402176751,47.462135386314145,0.8665906759263418,dark_blob,75.0,36.0,0.0,455.0,13.843300029385837,0.28490000172857866,True,True,OK,228.0,227.36144578313252,189.0,233
1732,0,194.31464839419857,325.6306166957974,89.0,227.0,235.0,186.0,1.2634408602150538,32325.5,0.7395447266071837,0.708815131119298,47.19783820197195,0.8701192211523513,dark_blob,75.0,36.0,0.0,455.0,13.892471025774089,0.2877924132808288,True,True,OK,227.0,226.74113475177305,188.0,232
1733,0,193.45214200428194,325.10903532608694,89.0,226.0,235.0,187.0,1.2566844919786095,32384.0,0.7369211514392991,0.7074522120955768,46.98465629489257,0.8702135862310394,dark_blob,75.0,36.0,0.0,455.0,13.96626905086227,0.29213347358013353,True,True,OK,226.0,225.81014428142984,187.5,233
1734,0,192.45325378717806,324.45463608147827,88.0,225.0,235.0,188.0,1.25,32434.0,0.7341330918967859,0.712674891381354,46.752861459573296,0.8710977011808587,dark_blob,75.0,36.0,0.0,455.0,14.040183553096035,0.29648138547623737,True,True,OK,225.0,224.87768440709618,186.5,228
1735,0,191.01930936627647,323.5235223656544,88.0,224.0,231.0,189.0,1.2222222222222223,32419.5,0.7425616711330997,0.7238762334050307,46.442761611041554,0.8753631253189429,dark_blob,75.0,35.0,0.0,455.0,14.12342404448102,0.30137788496947177,True,True,OK,224.0,223.827573592701,185.5,226
1736,0,189.92174166615507,322.56863015941224,87.0,222.0,232.0,191.0,1.2146596858638743,32578.0,0.735195883733526,0.7199117026365056,46.310775495320286,0.8742448770536541,dark_blob,75.0,35.0,0.0,455.0,14.246997320023604,0.3086469011778591,True,True,OK,223.0,222.26864919354838,184.5,227
1737,0,188.6853144361124,321.3036435185892,86.0,220.0,230.0,193.0,1.1917098445595855,32738.5,0.7375197116467673,0.7200982828052601,46.12830359842758,0.876108450075649,dark_blob,75.0,35.0,0.0,455.0,14.415117124910983,0.31853630146535195,True,True,OK,221.0,220.14775319343067,183.5,226
1738,0,187.52643427521528,319.85120183328786,84.0,218.0,229.0,195.0,1.1743589743589744,33019.0,0.7394244765423805,0.722631438353175,45.88275862068966,0.8785059746301241,dark_blob,75.0,35.0,0.0,455.0,14.621672213357648,0.330686600785744,True,True,OK,218.0,217.5419813084112,182.5,223
1739,0,186.2939984083845,317.9245934623643,84.0,215.0,230.0,198.0,1.1616161616161615,33299.5,0.7312143170838823,0.7169093228669017,45.85127701959385,0.8772772102906634,dark_blob,75.0,35.0,0.0,455.0,14.82585779247623,0.3426975172044841,True,True,OK,215.0,214.96610169491527,181.0,223
1740,0,185.09557747722278,315.3296483109901,83.0,211.0,227.0,201.0,1.1293532338308458,33604.5,0.7365047011637846,0.7128798913492377,46.120418385385975,0.8792027481109508,dark_blob,75.0,35.0,0.0,455.0,15.123766785420665,0.3602215756129803,True,True,OK,211.0,211.2078651685393,180.0,220
1741,0,183.61157678161933,311.99707339589196,81.0,206.0,227.0,206.0,1.1019417475728155,33941.5,0.7258350797656217,0.7059136086042215,46.83978996499417,0.876753697187981,dark_blob,75.0,36.0,0.0,455.0,15.476999029933483,0.3809999429372637,True,True,OK,206.0,206.75170454545454,178.5,218
1742,0,181.55663435167125,307.31043906350067,80.0,199.0,219.0,213.0,1.028169014084507,34091.5,0.7308401397731902,0.6935523080758441,48.030379599779266,0.8768527038466356,dark_blob,75.0,36.0,0.0,455.0,15.938726948245092,0.4081604087202995,True,True,OK,200.0,200.9268292682927,177.0,211
1743,0,178.80784099197666,294.68021256642703,79.0,191.0,201.0,214.0,0.9392523364485982,31990.0,0.7437113497930906,0.5833649548850188,48.04022135658196,0.8699546314564084,dark_blob,75.0,38.0,0.0,455.0,16.53669782087165,0.4433351659336266,True,True,OK,192.0,193.3831967213115,175.5,198
1744,0,174.46525757061843,273.7799656056792,77.0,181.0,194.0,206.0,0.941747572815534,28008.5,0.7008432589330398,0.5619713846659349,46.86400677320351,0.8649309991082978,dark_blob,75.0,41.0,0.0,455.0,17.34390243902439,0.49081779053084645,True,True,OK,181.0,183.2,174.0,193
1745,0,171.0123922448532,253.88280237528772,76.0,167.0,192.0,180.0,1.0666666666666667,25849.5,0.7479600694444445,0.8724094948587832,47.152054846987625,0.9183540152970575,dark_blob,75.0,46.0,0.0,455.0,18.426431601272537,0.5544959765454434,True,True,OK,168.0,169.54347826086956,171.5,192
1746,0,168.6032001448912,230.12790130680708,74.0,149.0,192.0,168.0,1.1428571428571428,23926.0,0.7417534722222222,0.8604356640925876,48.21077883939281,0.9219279634769253,dark_blob,75.0,53.0,0.0,455.0,19.84734925474255,0.6380793679260324,True,True,OK,149.0,151.61805555555554,168.5,191
1747,0,166.4024352425588,204.37275828374496,72.0,106.0,192.0,197.0,0.9746192893401016,28484.5,0.7530800549915397,0.8436522452247635,45.62374413349557,0.9478526272211998,dark_blob,75.0,40.0,0.0,455.0,23.349631605691055,0.8440959768053562,True,True,OK,106.0,107.43541666666667,158.5,192
1748,0,166.88822893554075,201.96505660806736,71.0,105.0,194.0,197.0,0.9847715736040609,29295.0,0.7665236276100267,0.8629946843589347,44.431957264090336,0.9557890421602848,dark_blob,75.0,36.0,0.0,455.0,23.42267953929539,0.8483929140761994,True,True,OK,105.0,106.51388888888889,159.0,193
1749,0,167.15279486358503,201.1550754677766,71.0,103.0,195.0,198.0,0.9848484848484849,29670.5,0.7684667184667184,0.8702835305823005,44.92398090341535,0.9566372580383979,dark_blob,75.0,36.0,0.0,455.0,23.502505846976277,0.8530885792338987,True,True,OK,104.0,105.5068493150685,159.5,194
1750,0,169.1753532042061,200.778961629813,73.0,103.0,195.0,199.0,0.9798994974874372,29893.0,0.7703388738564618,0.875242497563929,44.90127916224815,0.9580984746697004,dark_blob,75.0,35.0,0.0,455.0,23.5726502082094,0.8572147181299646,True,True,OK,103.0,104.6219512195122,161.0,194
1751,0,170.1472832242203,201.6323637468578,73.0,103.0,196.0,200.0,0.98,30167.5,0.7695790816326531,0.8741446329344283,44.459345855773016,0.9584681168734712,dark_blob,75.0,35.0,0.0,455.0,23.545372801863756,0.8556101648155151,True,True,OK,103.0,104.96606619187264,162.5,195
1752,0,169.12223794125572,202.72193029731426,73.0,105.0,194.0,198.0,0.9797979797979798,29688.0,0.7728834739144017,0.8767948236425326,44.46042709376043,0.9586219868797156,dark_blob,75.0,35.0,0.0,455.0,23.3945012085256,0.8467353652073882,True,True,OK,105.0,106.86936936936937,161.5,194
1753,0,168.76930675743563,202.91200826404295,73.0,105.0,194.0,198.0,0.9797979797979798,29525.5,0.768653025096324,0.8704315504069614,44.42572463768116,0.956823607224689,dark_blob,75.0,35.0,0.0,455.0,23.365394001390676,0.8450231765523927,True,True,OK,106.0,107.23656798245614,161.5,193
1754,0,168.6416765654166,202.39525425646244,73.0,105.0,194.0,197.0,0.9847715736040609,29465.0,0.7709717933957821,0.8724233946047724,44.23945271792113,0.9580634753853152,dark_blob,75.0,35.0,0.0,455.0,23.389634146341464,0.8464490674318509,True,True,OK,105.0,106.93076923076923,161.0,193
1755,0,168.6405975445079,202.02746467334495,73.0,104.0,194.0,198.0,0.9797979797979798,29498.5,0.7679501197542434,0.8727650397803659,44.08408327736736,0.9579795409825317,dark_blob,75.0,35.0,0.0,455.0,23.431631743489042,0.8489195143228848,True,True,OK,105.0,106.4009533898305,161.5,193
1756,0,168.64191069785295,202.21988494261242,73.0,104.0,194.0,198.0,0.9797979797979798,29521.5,0.7685488909715714,0.8712291947961447,44.095929939938934,0.9577243060124898,dark_blob,75.0,35.0,0.0,455.0,23.401004770625132,0.8471179276838313,True,True,OK,105.0,106.78732443211375,161.5,193
1757,0,168.58144857753211,202.27207170549204,73.0,105.0,194.0,197.0,0.9847715736040609,29491.0,0.7716521011041917,0.8731932206192479,44.12618815705505,0.9585878626883557,dark_blob,75.0,35.0,0.0,455.0,23.401585365853663,0.8471520803443331,True,True,OK,105.0,106.78,161.0,193
1758,0,168.5449174581637,201.9910843509724,73.0,104.0,194.0,198.0,0.9797979797979798,29480.0,0.7674684994272624,0.8653373065552915,44.170412928804225,0.9568029875114897,dark_blob,75.0,35.0,0.0,455.0,23.428633648581382,0.8487431557989048,True,True,OK,105.0,106.43877551020408,161.0,193
1759,0,168.60878087910473,201.50643708938486,73.0,104.0,194.0,198.0,0.9797979797979798,29503.5,0.7680802874101843,0.8675798804681838,44.2417914456456,0.9573162525434611,dark_blob,75.0,35.0,0.0,455.0,23.47006196151301,0.8511801153831183,True,True,OK,104.0,105.9161414086051,160.5,193
1760,0,168.8607281964437,201.55691786621506,73.0,104.0,194.0,198.0,0.9797979797979798,29525.0,0.76864000833073,0.8688569843734874,44.24453166935051,0.9575985398240356,dark_blob,75.0,35.0,0.0,455.0,23.471984179301256,0.8512931870177209,True,True,OK,104.0,105.89189189189189,161.0,193
1761,0,169.0846729341351,201.94979249597696,73.0,104.0,194.0,198.0,0.9797979797979798,29517.5,0.7684447568468187,0.8733271914152411,44.27353266888151,0.9578541025156737,dark_blob,75.0,35.0,0.0,455.0,23.440767895740255,0.8494569350435444,True,True,OK,105.0,106.28569731527679,161.5,194
1762,0,169.35204785489742,202.4396216387362,73.0,105.0,194.0,198.0,0.9797979797979798,29478.0,0.767416432364886,0.87372849179118,44.209650861924125,0.9575681531349565,dark_blob,75.0,35.0,0.0,455.0,23.401981707317077,0.8471753945480633,True,True,OK,105.0,106.775,162.0,193
1763,0,169.52865348159463,202.8200096200096,74.0,105.0,193.0,198.0,0.9747474747474747,29452.5,0.7707253886010362,0.8704871364449561,44.11222465108458,0.957822406126262,dark_blob,75.0,35.0,0.0,455.0,23.356793198213673,0.8445172469537454,True,True,OK,105.52,107.34507042253522,162.0,193
1764,0,169.56478859707127,203.07687481985113,74.0,105.0,193.0,198.0,0.9747474747474747,29489.5,0.7716936201392159,0.8715806905415253,44.031774821980385,0.9582887625467377,dark_blob,75.0,35.0,0.0,455.0,23.3519903359411,0.8442347256435941,True,True,OK,106.0,107.40566037735849,162.0,193
1765,0,169.58742457564992,204.00632718660125,74.0,105.0,193.0,200.0,0.965,29555.0,0.7656735751295337,0.8579222082475937,44.10164549750327,0.9553587223856453,dark_blob,75.0,35.0,0.0,455.0,23.379438285291943,0.8458493108995261,True,True,OK,105.52,107.05939393939394,160.5,193
1766,0,169.54035365176574,205.85738961701745,74.0,105.0,193.0,202.0,0.9554455445544554,29718.5,0.7622864618068025,0.8546711503199337,44.50268306502684,0.9535664029606787,dark_blob,75.0,36.0,0.0,455.0,23.39529344512195,0.8467819673601147,True,True,OK,106.0,106.859375,159.0,193
1767,0,169.52198097670822,209.60040444100875,74.0,106.0,194.0,205.0,0.9463414634146341,29753.0,0.7481267286899673,0.8088257673450796,45.117664680624436,0.9438203466025723,dark_blob,75.0,37.0,0.0,455.0,23.39813486370158,0.8469491096295046,True,True,OK,107.0,106.82352941176471,157.0,193
1768,0,169.72359251296461,215.9620682455576,75.0,108.0,193.0,209.0,0.9234449760765551,29535.5,0.7322185586434291,0.789158548961447,45.762262379723076,0.9356596396538843,dark_blob,75.0,37.0,0.0,455.0,23.21113779967757,0.8359492823339747,True,True,OK,108.46,109.18256929637528,158.5,192
1769,0,170.34540748808394,227.56273056248463,75.0,135.0,193.0,191.0,1.0104712041884816,28463.0,0.7721292352765646,0.8866851084340649,45.35262388641425,0.943926376176398,dark_blob,75.0,38.0,0.0,455.0,21.007019285309134,0.7062952520770079,True,True,OK,135.0,136.98837209302326,167.0,192
1770,0,170.71115905379992,237.92393027875528,75.0,146.0,193.0,190.0,1.0157894736842106,28274.5,0.7710526315789473,0.8847486092508008,45.76880232598872,0.9374608725608963,dark_blob,75.0,39.0,0.0,455.0,20.120220830586685,0.6541306370933344,True,True,OK,146.0,148.17567567567568,168.0,192
1771,0,171.08213919100936,249.68659771792727,76.0,158.0,192.0,191.0,1.0052356020942408,28088.5,0.7659385907504364,0.8821872647629188,45.8009167842031,0.9301804786979186,dark_blob,75.0,40.0,0.0,455.0,19.13588282078473,0.5962284012226311,True,True,OK,158.0,160.59347826086957,168.5,192
1772,0,171.4489139226904,264.13120900272185,77.0,171.0,191.0,196.0,0.9744897959183674,28228.5,0.7540469067208035,0.8750859453347801,45.83214035087719,0.9205336969512645,dark_blob,75.0,40.0,0.0,455.0,18.09451219512195,0.5349713055954088,True,True,OK,171.0,173.73076923076923,170.0,191
1773,0,175.63399340437098,293.1336808996072,77.0,187.0,198.0,220.0,0.9,32799.5,0.7529729109274563,0.5690704800263416,48.266771188229264,0.871549412326189,dark_blob,75.0,39.0,0.0,455.0,16.826016260162604,0.4603538976566237,True,True,OK,187.0,189.73333333333332,172.0,194
1774,0,177.6911219668135,310.1722760012387,78.0,204.0,216.0,207.0,1.0434782608695652,33367.0,0.7462649847915548,0.7163525880211912,46.606468842729974,0.8832176198112809,dark_blob,75.0,37.0,0.0,455.0,15.526155327342748,0.38389148984369104,True,True,OK,204.0,206.1315789473684,173.0,211
1775,0,178.41601604772083,322.30851743342043,79.0,222.0,222.0,191.0,1.162303664921466,31572.5,0.7445993113532381,0.7482036389175418,45.234925214010225,0.881097177444014,dark_blob,75.0,35.0,0.0,455.0,14.140897212543555,0.302405718384915,True,True,OK,222.0,223.60714285714286,174.0,217
1776,0,180.55781650135495,325.2194306462862,81.0,226.0,225.0,188.0,1.196808510638298,31304.5,0.7400591016548463,0.7377943146459297,44.70288388565646,0.8783337935225694,dark_blob,75.0,35.0,0.0,455.0,13.883311325151467,0.287253607361851,True,True,OK,226.0,226.85668789808918,175.0,219
1777,0,184.42397564285974,321.6216049091585,84.0,222.0,224.0,191.0,1.1727748691099475,31804.5,0.7433736910994765,0.7364389592864555,45.39485152213161,0.8794858471300994,dark_blob,75.0,35.0,0.0,455.0,14.20368359505513,0.306099035003243,True,True,OK,222.0,222.81506849315068,178.0,218
1778,0,188.98148567062287,317.72413498419013,88.0,214.0,224.0,199.0,1.1256281407035176,33154.5,0.7437746769562096,0.7153380913110595,45.71634615384615,0.8800439048493212,dark_blob,75.0,35.0,0.0,455.0,14.816523909323775,0.34214846525433973,True,True,OK,214.0,215.08385222083854,182.5,220
1779,0,193.8302316207554,314.56991387954935,93.0,209.0,224.0,204.0,1.0980392156862746,33906.0,0.7419905462184874,0.7197295913744212,46.42319373868349,0.881488194820219,dark_blob,75.0,36.0,0.0,455.0,15.264352808036483,0.3684913416492049,True,True,OK,209.0,209.4343184216936,188.5,219
1780,0,198.12920304798678,312.68019539876855,98.0,206.0,223.0,206.0,1.0825242718446602,34186.5,0.7441878183638817,0.7116372780203994,47.67839763642684,0.8800223443136023,dark_blob,75.0,37.0,0.0,455.0,15.49834189131365,0.3822554053713912,True,True,OK,206.0,206.48245614035088,193.0,219
1781,0,203.00678960844672,311.99622639700027,102.0,203.0,225.0,209.0,1.076555023923445,34759.0,0.7391600212652845,0.693976695815685,48.4384650447268,0.8765112436886529,dark_blob,75.0,37.0,0.0,455.0,15.691624820659973,0.39362498945058666,True,True,OK,204.0,204.0441176470588,199.0,221
1782,0,208.57070267752314,312.10614551694306,106.0,203.0,227.0,208.0,1.0913461538461537,35063.5,0.7426190274483226,0.6711096621876281,48.61011971990061,0.8743298275504852,dark_blob,75.0,37.0,0.0,455.0,15.71290650406504,0.3948768531802965,True,True,OK,203.0,203.77564102564102,205.0,222
1783,0,214.01295184436918,313.67933870187517,111.0,204.0,230.0,207.0,1.1111111111111112,35143.0,0.7381432472169712,0.6656424085492398,48.749077386821426,0.8712083749766195,dark_blob,75.0,37.0,0.0,455.0,15.50510731545148,0.3826533714971459,True,True,OK,205.0,206.39710771276594,212.5,220
1784,0,219.59462633059664,316.6869641068407,112.0,209.0,231.0,202.0,1.1435643564356435,34774.5,0.7452423813809952,0.6851498261985142,48.91429873014065,0.8725824871067938,dark_blob,75.0,37.0,0.0,455.0,15.128500451671183,0.36050002656889313,True,True,OK,209.0,211.14814814814815,219.5,222
1785,0,225.4972681544866,321.35025439407957,112.0,214.0,235.0,199.0,1.1809045226130652,34592.0,0.7396984924623116,0.688012773468475,48.94329793628532,0.8684620592216115,dark_blob,75.0,37.0,0.0,455.0,14.585748792270534,0.32857345836885493,True,True,OK,215.0,217.99516908212559,225.5,230
1786,0,228.77230879712747,322.75277079593053,113.0,216.0,245.0,199.0,1.2311557788944723,34812.5,0.7140293303250949,0.6486229845117307,47.86629890809827,0.8597387057562598,dark_blob,75.0,37.0,0.0,455.0,14.520934959349594,0.3247608799617408,True,True,OK,217.0,218.8128205128205,227.5,239
1787,0,228.53883756241282,319.5842745831608,114.0,212.0,239.0,201.0,1.1890547263681592,35015.5,0.728897354233019,0.6342717606208649,48.04121438263229,0.8624459207622989,dark_blob,75.0,37.0,0.0,455.0,14.774849649181425,0.33969703818714264,True,True,OK,213.0,215.6095890410959,228.0,236
1788,0,228.16408899837174,316.50694454164153,116.0,207.0,236.0,205.0,1.1512195121951219,35723.5,0.7383939644481191,0.6318336769393859,47.90542824683421,0.8669992180249565,dark_blob,75.0,36.0,0.0,455.0,15.200979561878952,0.36476350363993837,True,True,OK,207.86,210.2337962962963,227.5,232
1789,0,227.76838384959845,314.14803763739314,115.0,203.0,237.0,209.0,1.1339712918660287,36028.0,0.7273534815173722,0.5792733377360951,47.84205900126353,0.8606901528839977,dark_blob,75.0,36.0,0.0,455.0,15.592468970004337,0.3877922923531963,True,True,OK,204.0,205.2950068399453,226.5,232
1790,0,227.30926597797287,313.09675409200435,115.0,202.0,235.0,210.0,1.119047619047619,36107.0,0.7316514690982776,0.5716782381978082,47.78187349265512,0.8618070095287745,dark_blob,75.0,36.0,0.0,455.0,15.75770218228498,0.39751189307558704,True,True,OK,203.0,203.21052631578948,226.0,229
1791,0,226.4219522420791,313.76866479615575,115.0,202.0,235.0,209.0,1.124401913875598,36175.5,0.7365468797719638,0.6101106299968339,47.88201493966673,0.8674180947133712,dark_blob,75.0,36.0,0.0,455.0,15.776803558890489,0.3986355034641464,True,True,OK,203.0,202.9695551032277,225.5,229
1792,0,225.8244828083495,315.3919352062486,116.0,205.0,233.0,206.0,1.1310679611650485,35826.5,0.7464165173548898,0.6476732172154124,47.923757150357865,0.8721345120765013,dark_blob,75.0,36.0,0.0,455.0,15.457317073170731,0.3798421807747489,True,True,OK,206.0,207.0,226.0,228
1793,0,225.30640689573738,318.4916991380328,114.0,210.0,235.0,203.0,1.1576354679802956,35287.5,0.7397023372812074,0.6606871698799943,47.995875652320294,0.8697816040964373,dark_blob,75.0,36.0,0.0,455.0,15.065379403794038,0.35678702375259047,True,True,OK,210.0,211.94444444444446,226.0,229
1794,0,224.6041175770558,321.39239319290726,114.0,213.0,237.0,202.0,1.1732673267326732,35012.5,0.7313468688641016,0.667965827617168,47.674047053500736,0.8675721604711578,dark_blob,75.0,36.0,0.0,455.0,14.7505081300813,0.33826518412242945,True,True,OK,214.0,215.91666666666669,224.5,232
1795,0,222.01303262468437,321.6984432721471,113.0,214.0,237.0,199.0,1.1909547738693467,34784.5,0.7375379004728283,0.6893862051879676,47.94526046114432,0.8709320265690533,dark_blob,75.0,36.0,0.0,455.0,14.740127758420442,0.33765457402473187,True,True,OK,215.0,216.04761904761904,222.5,232
1796,0,218.43085509576434,321.253834677945,111.0,214.0,233.0,199.0,1.170854271356784,34520.5,0.7445057907563569,0.6937297488023715,48.12073317652459,0.8721540886943103,dark_blob,75.0,36.0,0.0,455.0,14.65518068645169,0.3326576874383347,True,True,OK,216.0,217.1192590324556,217.5,231
1797,0,214.3724237207357,322.51706982580026,107.0,217.0,236.0,196.0,1.2040816326530612,34271.0,0.7408984780352819,0.6920364351428743,48.43027186317279,0.8695970213054385,dark_blob,75.0,36.0,0.0,455.0,14.488302638128422,0.32284133165461304,True,True,OK,218.0,219.22448979591837,213.0,229
1798,0,210.64747869106515,324.84188174286226,104.0,221.0,238.0,193.0,1.233160621761658,33554.0,0.7304828667218183,0.6896926420722362,48.789113438560264,0.8641946018009045,dark_blob,75.0,37.0,0.0,455.0,14.120765582655826,0.3012215048621074,True,True,OK,222.0,223.86111111111111,208.0,232
1799,0,207.1363743855253,326.883852334878,100.0,225.0,241.0,190.0,1.268421052631579,33124.5,0.7234003057436121,0.6778141167908899,48.762572085935396,0.8598703898572019,dark_blob,75.0,37.0,0.0,455.0,13.883811858076566,0.2872830504750921,True,True,OK,226.0,226.8503734827264,203.5,233
1800,0,203.27973477631278,326.67138683535296,96.0,226.0,239.0,188.0,1.2712765957446808,32802.5,0.7300476275260394,0.6907799327688544,48.76933522435801,0.8627849381393717,dark_blob,75.0,37.0,0.0,455.0,13.868879577122922,0.2864046810072307,True,True,OK,227.0,227.0387499501416,199.5,235
1801,0,199.23472173142613,326.53923722607175,92.0,227.0,240.0,186.0,1.2903225806451613,32543.5,0.7290210573476702,0.6897568412429828,48.73552311435523,0.8625356077966356,dark_blob,75.0,36.0,0.0,455.0,13.874895470383276,0.28675855708136916,True,True,OK,228.0,226.96285714285713,195.0,234
1802,0,195.30176137217995,327.36006242838107,89.0,229.0,237.0,184.0,1.2880434782608696,32143.5,0.7371009906439185,0.7032842670242637,48.55733464712403,0.8653057743339654,dark_blob,75.0,36.0,0.0,455.0,13.71154725983052,0.27714983881356,True,True,OK,230.0,229.023557645215,190.5,234
1803,0,192.1360787263382,327.7546069951109,85.0,230.0,238.0,183.0,1.3005464480874316,31908.0,0.7326077972172476,0.7044647144121131,48.15782127237197,0.8648085155272559,dark_blob,75.0,36.0,0.0,455.0,13.643260075648886,0.27313294562640505,True,True,OK,230.0,229.8850267379679,187.0,233
1804,0,189.46778055463867,325.9133200253585,83.0,228.0,236.0,184.0,1.2826086956521738,31810.5,0.732555729550479,0.7270165175657501,47.62855542416133,0.8692142149983736,dark_blob,75.0,36.0,0.0,455.0,13.76541172521817,0.2803183367775394,True,True,OK,229.0,228.3440366972477,185.0,232
1805,0,187.56906583398387,324.0648139474369,82.0,225.0,232.0,187.0,1.2406417112299466,32025.0,0.738175364189563,0.7284618793294637,47.17307573415765,0.8728623657934608,dark_blob,75.0,36.0,0.0,455.0,14.001219512195123,0.29418938307030135,True,True,OK,226.0,225.36923076923077,183.0,229
1806,0,185.4957680617255,323.24485490868466,81.0,224.0,230.0,188.0,1.2234042553191489,32077.5,0.7418478260869565,0.7364059166592275,46.91472485417117,0.8757178309496848,dark_blob,75.0,36.0,0.0,455.0,14.105195354888561,0.30030560911109183,True,True,OK,224.0,224.0575355229443,181.5,229
1807,0,183.86272433251827,323.4236166269526,80.0,223.0,231.0,190.0,1.2157894736842105,32104.5,0.7314764183185236,0.7210676664004296,46.780542707369726,0.8718639851471305,dark_blob,75.0,36.0,0.0,455.0,14.10720189701897,0.30042364100111585,True,True,OK,224.0,224.03222222222223,180.5,226
1808,0,182.43262400258504,322.85627843707493,79.0,223.0,231.0,189.0,1.2222222222222223,31978.5,0.7324606610320896,0.7304600118282163,46.964835164835165,0.8731111541080101,dark_blob,75.0,36.0,0.0,455.0,14.149630937098847,0.30291946688816745,True,True,OK,223.0,223.49696356275302,179.5,222
1809,0,181.32076722659912,321.8757012105108,78.0,221.0,228.0,191.0,1.193717277486911,32176.5,0.7388743455497382,0.739648637519909,46.751792252546075,0.8770355093949809,dark_blob,75.0,36.0,0.0,455.0,14.322076009042119,0.3130632946495364,True,True,OK,221.0,221.32150265516097,178.5,220
1810,0,180.2495564907069,321.21722672607626,77.0,220.0,226.0,193.0,1.1709844559585492,32318.0,0.7409326424870466,0.7424139737684121,46.4297837142332,0.8790149221859205,dark_blob,75.0,36.0,0.0,455.0,14.422713485028522,0.3189831461781484,True,True,OK,220.0,220.05192218887095,177.5,220
1811,0,179.21932569186285,321.05491532424617,76.0,220.0,230.0,193.0,1.1917098445595855,32280.0,0.7271908087407074,0.7264225589476289,46.38638942558347,0.8741714171627606,dark_blob,75.0,36.0,0.0,455.0,14.424515579340403,0.319089151725906,True,True,OK,220.0,220.02918807601338,176.5,221
1812,0,178.2218868041365,320.564472516358,75.0,219.0,224.0,194.0,1.1546391752577319,32298.0,0.7432345360824743,0.7402952181326191,46.204064741585434,0.880216769584448,dark_blob,75.0,36.0,0.0,455.0,14.51240230348507,0.3242589590285335,True,True,OK,219.0,218.9204632483422,175.5,220
1813,0,177.51132851137487,319.92060253874047,75.0,218.0,222.0,194.0,1.1443298969072164,32352.0,0.7511841738645862,0.7472307668608191,46.08462127008417,0.883509782037525,dark_blob,75.0,36.0,0.0,455.0,14.595999405116002,0.32917643559505894,True,True,OK,218.0,217.8658536585366,175.0,218
1814,0,176.96863174563998,319.62861447022044,74.0,217.0,225.0,195.0,1.1538461538461537,32416.0,0.7388262108262108,0.7363939267348686,46.019364691508855,0.8798672994604961,dark_blob,75.0,36.0,0.0,455.0,14.638211382113822,0.3316594930655189,True,True,OK,218.0,217.33333333333334,174.0,218
1815,0,176.79161463071173,319.61299125795955,74.0,217.0,225.0,195.0,1.1538461538461537,32429.5,0.7391339031339031,0.7378624380758674,46.014594082984765,0.8800505565883407,dark_blob,75.0,36.0,0.0,455.0,14.626404654663771,0.33096497968610417,True,True,OK,218.0,217.48227974116475,173.5,219
1816,0,176.68296632124353,319.72946993996214,74.0,217.0,225.0,195.0,1.1538461538461537,32424.0,0.739008547008547,0.7365756607607212,46.09197508244778,0.879559226803761,dark_blob,75.0,36.0,0.0,455.0,14.598471965795357,0.3293218803409033,True,True,OK,218.0,217.83466135458167,174.0,218
1817,0,176.8187028099445,319.98058686568083,74.0,218.0,225.0,194.0,1.1597938144329898,32426.5,0.7428751431844215,0.7404095276035274,46.21138285853866,0.8804607071420695,dark_blob,75.0,36.0,0.0,455.0,14.567283915926717,0.32748728917215986,True,True,OK,218.0,218.22811059907835,174.0,218
1818,0,177.322948332176,320.5513309158244,74.0,219.0,227.0,194.0,1.1701030927835052,32402.5,0.7357850038603024,0.7388945196705474,46.35103587361731,0.8779976188142342,dark_blob,75.0,36.0,0.0,455.0,14.488562708532706,0.3228566299136886,True,True,OK,219.0,219.22120890774124,174.5,221
1819,0,178.0391702219749,321.15911292483355,75.0,220.0,227.0,193.0,1.1761658031088082,32346.0,0.7383077309351532,0.7387715954132983,46.45621231136552,0.8777561050124143,dark_blob,75.0,36.0,0.0,455.0,14.389397215761417,0.3170233656330245,True,True,OK,220.0,220.47221973962522,175.5,220
1820,0,179.0943581323544,321.54779865446073,76.0,220.0,228.0,193.0,1.1813471502590673,32279.5,0.7335583128806472,0.7314647481861156,46.60444717067934,0.8754305730763164,dark_blob,75.0,36.0,0.0,455.0,14.36760071252398,0.31574121838376357,True,True,OK,221.0,220.74719101123594,176.0,221
1821,0,180.42522491761213,322.0310254380655,77.0,221.0,231.0,192.0,1.203125,32215.5,0.726359577922078,0.7277229068404621,46.77721098887591,0.8726254389015563,dark_blob,75.0,36.0,0.0,455.0,14.290765652501888,0.3112215089706993,True,True,OK,221.0,221.7164948453608,177.0,222
1822,0,181.95883819922955,322.63636175099674,78.0,222.0,230.0,191.0,1.2041884816753927,32145.5,0.7317436831322559,0.7339933236033784,46.84323991376656,0.8738355930782646,dark_blob,75.0,36.0,0.0,455.0,14.188703032300594,0.30521782542944675,True,True,OK,223.0,223.00405405405405,178.5,223
1823,0,183.73021395658458,323.33524198832964,79.0,224.0,232.0,189.0,1.2275132275132274,32047.0,0.7308657179346835,0.7329012016685849,47.03895461987582,0.8726403451125817,dark_blob,75.0,36.0,0.0,455.0,14.102937319695778,0.3001727835115164,True,True,OK,224.0,224.08602150537635,180.0,226
1824,0,185.69463249894463,324.11110242499103,81.0,225.0,234.0,187.0,1.2513368983957218,31979.5,0.7308263631793044,0.7279020766685168,47.07676830212041,0.8714181659743971,dark_blob,75.0,36.0,0.0,455.0,14.010670731707318,0.294745337159254,True,True,OK,225.0,225.25,182.0,228
1825,0,187.97220044119643,325.0045792428567,83.0,226.0,233.0,187.0,1.2459893048128343,31883.0,0.7317481811296505,0.720406130949736,47.25251490312966,0.8696610121607752,dark_blob,75.0,36.0,0.0,455.0,13.886491557223264,0.2874406798366626,True,True,OK,227.0,226.81656804733728,183.5,229
1826,0,190.41678318748592,325.7397579509094,85.0,228.0,236.0,185.0,1.2756756756756757,31825.5,0.7289395327530921,0.7195750708396099,47.50897328232403,0.8680912888884782,dark_blob,75.0,36.0,0.0,455.0,13.823148872526462,0.28371463956038007,True,True,OK,228.0,227.6156603773585,185.5,230
1827,0,193.74149117458532,326.764322082037,87.0,229.0,237.0,184.0,1.2880434782608696,31981.5,0.7333860759493671,0.7116019631787934,48.02432683379759,0.8667930454965437,dark_blob,75.0,36.0,0.0,455.0,13.763435858898244,0.28020210934695555,True,True,OK,229.0,228.36896301082214,188.5,233
1828,0,196.64622882460253,327.60382069324993,89.0,230.0,240.0,183.0,1.3114754098360655,31975.0,0.7280282331511839,0.6879569399493323,48.286182988733444,0.861907397149233,dark_blob,75.0,36.0,0.0,455.0,13.698639774859288,0.2763905749917228,True,True,OK,230.0,229.18639053254438,192.0,235
1829,0,199.27197883433195,328.078904365419,92.0,230.0,241.0,183.0,1.3169398907103824,32127.5,0.7284651837743464,0.6889426442923727,48.57788867325879,0.8613607894141231,dark_blob,75.0,37.0,0.0,455.0,13.6622835598585,0.2742519741093235,True,True,OK,230.0,229.64503816793894,194.0,235
1830,0,201.9428160207998,326.9607424373736,95.0,228.0,239.0,185.0,1.2918918918918918,32308.0,0.7307022503675223,0.6858085168783038,48.66153044969979,0.8620069456088373,dark_blob,75.0,37.0,0.0,455.0,13.779246350702145,0.2811321382765968,True,True,OK,229.0,228.16950757575756,197.5,235
1831,0,204.1818826820205,325.8870053901752,97.0,226.0,238.0,187.0,1.2727272727272727,32652.0,0.733653889363232,0.6844926754961114,48.83131251894514,0.8629415460108171,dark_blob,75.0,37.0,0.0,455.0,13.908943089430895,0.28876135820181736,True,True,OK,227.0,226.53333333333333,200.0,234
1832,0,206.3621560949348,325.56800394122695,99.0,224.0,238.0,189.0,1.2592592592592593,32815.5,0.7295251433906896,0.6810426867418578,48.730771550944084,0.8622025102586968,dark_blob,75.0,37.0,0.0,455.0,13.975712064167622,0.2926889449510366,True,True,OK,225.0,225.6910170366546,202.5,233
1833,0,208.13020825429584,325.3876706577436,100.0,224.0,240.0,189.0,1.2698412698412698,32948.5,0.7263778659611992,0.6719578809089716,48.65638329828778,0.8607109895672024,dark_blob,75.0,37.0,0.0,455.0,14.001219512195123,0.29418938307030135,True,True,OK,225.0,225.36923076923077,205.0,232
1834,0,209.82195609986624,324.7569957668446,102.0,222.0,238.0,191.0,1.2460732984293195,33151.0,0.7292665757402438,0.6875766813206953,48.586073038908296,0.8639373220420531,dark_blob,75.0,37.0,0.0,455.0,14.100862915149781,0.300050759714693,True,True,OK,223.0,224.112190916572,207.5,231
1835,0,210.83430206429577,324.3919066023509,104.0,221.0,237.0,192.0,1.234375,33377.0,0.7334959563994374,0.6837548978245184,48.531186048580835,0.8647954766368975,dark_blob,75.0,37.0,0.0,455.0,14.14939024390244,0.3029053084648494,True,True,OK,222.0,223.5,209.0,231
1836,0,211.75732692336405,324.3167808815698,104.0,221.0,237.0,192.0,1.234375,33489.5,0.7359682665260197,0.6868374502680914,48.47104384071895,0.866004131082216,dark_blob,75.0,37.0,0.0,455.0,14.18054772310729,0.3047381013592524,True,True,OK,222.0,223.10693641618496,210.0,231
1837,0,211.96623383084577,324.196631840796,105.0,220.0,236.0,193.0,1.2227979274611398,33500.0,0.7354878370071134,0.6868764004250145,48.49085374863323,0.8659076373126479,dark_blob,75.0,37.0,0.0,455.0,14.187591830737585,0.30515246063162266,True,True,OK,222.0,223.01807228915663,210.0,231
1838,0,211.9136526118494,324.1528877752422,104.0,220.0,237.0,193.0,1.2279792746113989,33523.5,0.7328982750705056,0.686932359601977,48.47348059772016,0.865386913467362,dark_blob,75.0,37.0,0.0,455.0,14.189024390243903,0.3052367288378766,True,True,OK,222.0,223.0,210.0,231
1839,0,211.43374970117142,324.32153956490555,103.0,221.0,238.0,192.0,1.2395833333333333,33464.0,0.7323179271708683,0.6852884146475952,48.49405360629549,0.8649812586048448,dark_blob,75.0,37.0,0.0,455.0,14.181814072204025,0.30481259248258974,True,True,OK,222.0,223.0909609352723,209.5,232
1840,0,210.5619096119665,324.6938469834042,102.0,221.0,239.0,192.0,1.2447916666666667,33382.0,0.7274668758716876,0.6807265582733742,48.52974495848161,0.8628836011040244,dark_blob,75.0,37.0,0.0,455.0,14.110677821894498,0.3006281071702646,True,True,OK,223.0,223.98837209302326,208.0,232
1841,0,209.15513266735977,324.88251543140115,101.0,222.0,240.0,191.0,1.256544502617801,33184.5,0.7239201570680628,0.6725057329876563,48.47050050706914,0.8609721188037466,dark_blob,75.0,37.0,0.0,455.0,14.066899662899068,0.298052921347004,True,True,OK,223.98,224.54065040650406,206.0,234
1842,0,207.64341354602536,325.3338771481946,100.0,223.0,240.0,190.0,1.263157894736842,33099.5,0.7258662280701754,0.6764644813444168,48.50204838372058,0.8616181064948265,dark_blob,75.0,37.0,0.0,455.0,14.033393315606087,0.29608195974153456,True,True,OK,224.04,224.96334586466168,204.5,235
1843,0,205.97383170951326,325.8274855576127,98.0,224.0,242.0,189.0,1.2804232804232805,32947.0,0.7203419476146748,0.6715120871469961,48.586337418889684,0.8592645947991782,dark_blob,75.0,37.0,0.0,455.0,13.967342276906987,0.29219660452394036,True,True,OK,225.04,225.79660512209648,202.5,235
1844,0,204.1251539299199,326.31271435695453,96.0,226.0,244.0,187.0,1.304812834224599,32753.0,0.7178267730341019,0.6752503603659296,48.5979814462273,0.8586939386214307,dark_blob,75.0,37.0,0.0,455.0,13.891640440597955,0.28774355532929147,True,True,OK,227.0,226.7516129032258,200.0,235
1845,0,202.1530234913231,326.80313422224947,94.0,227.0,242.0,186.0,1.3010752688172043,32586.5,0.7239513907402471,0.6742582244536411,48.635850088076296,0.8594799173974735,dark_blob,75.0,37.0,0.0,455.0,13.829014227642277,0.2840596604495457,True,True,OK,228.0,227.54166666666666,198.0,237
1846,0,200.07782422459616,327.27275119987615,93.0,229.0,240.0,184.0,1.3043478260869565,32295.0,0.7313179347826086,0.6784598994946249,48.50139429411945,0.8614508217048702,dark_blob,75.0,36.0,0.0,455.0,13.760598141695704,0.28003518480562967,True,True,OK,229.0,228.4047619047619,196.0,236
1847,0,197.96267981402315,327.700887238535,91.0,230.0,241.0,183.0,1.3169398907103824,32047.0,0.7266399111171575,0.6775976567614207,48.27963563378107,0.8602784261112879,dark_blob,75.0,36.0,0.0,455.0,13.682765220979277,0.27545677770466337,True,True,OK,230.0,229.38665413533835,193.5,235
1848,0,195.86930781098818,327.69319316963464,89.0,230.0,236.0,183.0,1.289617486338798,31867.5,0.7378785773826063,0.686952018669001,48.22793615303397,0.8638806942726946,dark_blob,75.0,37.0,0.0,455.0,13.668448484646408,0.27461461674390636,True,True,OK,230.1,229.56726527061454,191.5,236
1849,0,194.13508714204386,326.9049558936434,87.0,229.0,238.0,184.0,1.2934782608695652,31911.5,0.7287061563755937,0.7087493610340236,48.09940450344272,0.8651253453799876,dark_blob,75.0,36.0,0.0,455.0,13.736691831204025,0.2786289312472956,True,True,OK,229.0,228.70634920634922,189.0,236
1850,0,192.06443116146124,325.86507688135026,86.0,228.0,235.0,184.0,1.2771739130434783,31954.0,0.7389916743755782,0.7152525827686612,47.76060962765628,0.8693232064316299,dark_blob,75.0,36.0,0.0,455.0,13.82584619213539,0.2838733054197289,True,True,OK,228.0,227.58163265306123,187.0,232
1851,0,190.07833892039224,325.27565608780554,84.0,227.0,233.0,185.0,1.2594594594594595,31919.0,0.7404941422108804,0.7322868230644035,47.44190807021897,0.8727163642993239,dark_blob,75.0,36.0,0.0,455.0,13.897530704030444,0.28809004141355554,True,True,OK,227.0,226.67730496453902,185.0,230
1852,0,188.41086583887287,325.07862473347546,83.0,227.0,236.0,186.0,1.2688172043010753,31892.0,0.7265354474211774,0.715445972810646,47.19438237119802,0.8680683255413332,dark_blob,75.0,36.0,0.0,455.0,13.89291627862099,0.28781860462476416,True,True,OK,227.0,226.73551771585826,183.5,230
1853,0,187.01017014633942,324.8494369351732,82.0,226.0,235.0,187.0,1.2566844919786095,31923.5,0.7264421435885766,0.717274972894271,47.11788781743201,0.8687542538988513,dark_blob,75.0,36.0,0.0,455.0,13.951311684628473,0.29125362850755726,True,True,OK,226.8,225.99883720930234,182.5,231
1854,0,186.0557023096842,324.44769734956833,81.0,225.0,235.0,188.0,1.25,31988.5,0.7240493435943866,0.7155612960514162,47.059939348929326,0.868479166117925,dark_blob,75.0,36.0,0.0,455.0,14.010326987596116,0.2947251169174186,True,True,OK,226.0,225.25433646417207,181.5,230
1855,0,185.2833463277717,324.1280316024741,80.0,225.0,236.0,188.0,1.2553191489361701,32065.0,0.7227055535521096,0.7177371844995604,46.97249405735808,0.8687428888160317,dark_blob,75.0,36.0,0.0,455.0,14.033044846577498,0.29606146156338226,True,True,OK,225.0,224.96774193548387,181.0,230
1856,0,184.6385048323502,323.9323366936113,80.0,225.0,234.0,188.0,1.2446808510638299,32041.0,0.728336970358247,0.7249193284709489,46.93138072728396,0.8708988147120735,dark_blob,75.0,36.0,0.0,455.0,14.029783644917668,0.29586962617162754,True,True,OK,225.0,225.00888324873097,180.5,229
1857,0,184.55443708609272,323.8609167640566,80.0,224.0,236.0,189.0,1.2486772486772486,32087.5,0.7193861537081876,0.7126582942895519,46.899191807020784,0.8675411620644627,dark_blob,75.0,36.0,0.0,455.0,14.032865853658537,0.29605093256814924,True,True,OK,225.0,224.97,180.0,229
1858,0,184.3357670306812,323.78080083203326,80.0,224.0,235.0,189.0,1.2433862433862435,32050.0,0.7216030620285939,0.7251229518364568,46.88593402520386,0.869594704946786,dark_blob,75.0,36.0,0.0,455.0,14.040734681737062,0.29651380480806244,True,True,OK,225.0,224.87073170731708,180.0,229
1859,0,184.45826180145872,323.8080708763825,80.0,224.0,235.0,189.0,1.2433862433862435,32037.0,0.7213103681188787,0.7216167201701852,46.8898742391002,0.8692341374697452,dark_blob,75.0,36.0,0.0,455.0,14.063143759857018,0.2978319858739423,True,True,OK,225.0,224.5880325679576,180.5,229
1860,0,184.80823680823679,323.9957898905267,80.0,225.0,234.0,188.0,1.2446808510638299,31986.5,0.727098108747045,0.7264406346757976,46.873700173310226,0.8707574246567691,dark_blob,75.0,36.0,0.0,455.0,14.002557701751515,0.2942681001030303,True,True,OK,225.0,225.3523489932886,181.0,227
1861,0,185.48618700905553,324.2321302747984,81.0,225.0,233.0,188.0,1.2393617021276595,31932.5,0.728985937357319,0.7291297948711368,46.9999069969309,0.8711419911305328,dark_blob,75.0,36.0,0.0,455.0,13.982855320952138,0.29310913652659637,True,True,OK,225.0,225.60090210491148,181.5,227
1862,0,186.47287441355024,324.6178541947483,82.0,226.0,232.0,187.0,1.2406417112299466,31901.0,0.7353171676193988,0.7325529984685092,47.03305092635695,0.8726943199545071,dark_blob,75.0,36.0,0.0,455.0,13.951219512195122,0.29124820659971307,True,True,OK,226.0,226.0,182.5,228
1863,0,187.6104204227744,325.004713751927,83.0,226.0,232.0,187.0,1.2406417112299466,31892.5,0.7351212428545085,0.7226951955167341,47.12623378235769,0.8709520094757864,dark_blob,75.0,36.0,0.0,455.0,13.893139285166436,0.2878317226568492,True,True,OK,227.0,226.73270440251574,183.0,228
1864,0,188.90685559164586,325.30203413412,84.0,227.0,233.0,186.0,1.2526881720430108,31864.5,0.7352554340301813,0.71436578978009,47.24251366799204,0.8696845794022257,dark_blob,75.0,36.0,0.0,455.0,13.879652641313143,0.287038390665479,True,True,OK,227.0,226.90284360189574,184.0,228
1865,0,190.3466796517077,325.6427542947499,85.0,228.0,235.0,185.0,1.2702702702702702,31831.5,0.7321794134560092,0.7268236131886128,47.432050006219676,0.8698499155412973,dark_blob,75.0,36.0,0.0,455.0,13.82882298007259,0.28404841059250535,True,True,OK,228.0,227.544079328315,185.5,229
1866,0,192.13778042485606,326.13734156713997,86.0,228.0,234.0,184.0,1.2717391304347827,31901.0,0.7409188034188035,0.7201499637665539,47.718993390635184,0.8702954905548825,dark_blob,75.0,36.0,0.0,455.0,13.806047929665343,0.2827087017450202,True,True,OK,228.0,227.83139534883722,187.0,230
1867,0,193.89040730931373,326.7169521540848,87.0,229.0,234.0,183.0,1.278688524590164,31904.5,0.7450492737377983,0.7206976602526678,47.99636995439174,0.870418242208185,dark_blob,75.0,36.0,0.0,455.0,13.750019418983998,0.2794129069990587,True,True,OK,229.0,228.53821656050957,189.0,231
1868,0,195.85849115765708,327.27720117897906,89.0,230.0,239.0,183.0,1.3060109289617485,31892.0,0.7291766696389784,0.7078595203981771,48.17534603686922,0.8647933139646746,dark_blob,75.0,36.0,0.0,455.0,13.705047425474255,0.2767674956161327,True,True,OK,230.0,229.10555555555555,191.0,233
1869,0,197.64188642825468,327.7470485431828,90.0,230.0,239.0,183.0,1.3060109289617485,31947.5,0.730445618126529,0.6821267710853108,48.328563020784934,0.8615023205808612,dark_blob,75.0,37.0,0.0,455.0,13.672011106271777,0.2748241827218692,True,True,OK,230.0,229.52232142857144,192.5,233
1870,0,199.1300782609147,327.5485638317208,92.0,230.0,239.0,183.0,1.3060109289617485,32093.5,0.733783752886572,0.6837665605547586,48.49434148447377,0.8622309457450239,dark_blob,75.0,37.0,0.0,455.0,13.690698145209193,0.27592342030642314,True,True,OK,230.0,229.28657724505325,194.5,233
1871,0,200.6200053675203,326.98332972057926,93.0,229.0,239.0,184.0,1.298913043478261,32293.0,0.7343323631071493,0.6890677649921698,48.604756650729435,0.8632364217485523,dark_blob,75.0,37.0,0.0,455.0,13.768206801786327,0.28048275304625453,True,True,OK,229.0,228.30877573131096,196.5,235
1872,0,201.99052887306942,326.6712892340406,94.0,228.0,239.0,185.0,1.2918918918918918,32449.5,0.7339025217686306,0.6818828771918233,48.67171963643018,0.8624335813522549,dark_blob,75.0,37.0,0.0,455.0,13.815680517916292,0.2832753245833113,True,True,OK,228.0,227.70987654320987,198.0,235
1873,0,203.237153521134,326.41243242410707,95.0,227.0,238.0,186.0,1.2795698924731183,32463.5,0.7333401102376434,0.671122046397255,48.6266613827582,0.8612895524241367,dark_blob,75.0,37.0,0.0,455.0,13.847341782241351,0.28513775189655005,True,True,OK,228.0,227.31045751633988,199.0,234
1874,0,204.13805194672236,326.10720538100065,95.0,226.0,239.0,187.0,1.2780748663101604,32559.0,0.7285033450428479,0.6700722067476214,48.613567976657244,0.8604936116571459,dark_blob,75.0,37.0,0.0,455.0,13.909768978194615,0.2888099398938009,True,True,OK,227.0,226.52291442892948,200.5,233
1875,0,204.8245382855275,325.90345877257494,97.0,226.0,239.0,187.0,1.2780748663101604,32632.0,0.7301367104468262,0.6849317509360664,48.57107761366049,0.8628723085111047,dark_blob,75.0,37.0,0.0,455.0,13.93651652242329,0.2903833248484288,True,True,OK,226.0,226.18548387096774,201.0,233
1876,0,205.2659312975542,325.92293413295795,98.0,225.0,238.0,188.0,1.2659574468085106,32682.0,0.7304219560164491,0.6836577795805329,48.488431253785585,0.8628998134718213,dark_blob,75.0,37.0,0.0,455.0,13.930193324394665,0.2900113720232156,True,True,OK,226.0,226.2652534460981,201.5,233
1877,0,205.35894531110463,325.9638452156785,98.0,225.0,238.0,188.0,1.2659574468085106,32660.5,0.7299414446629716,0.6813236904154194,48.46651312200739,0.8626042996128029,dark_blob,75.0,37.0,0.0,455.0,13.938516260162602,0.29050095648015306,True,True,OK,226.0,226.1602564102564,202.0,233
1878,0,205.4048624714332,326.0397639160953,98.0,225.0,238.0,188.0,1.2659574468085106,32672.0,0.7301984623636689,0.682593567350007,48.482050349904576,0.8627567836867038,dark_blob,75.0,37.0,0.0,455.0,13.933894406309333,0.29022908272407844,True,True,OK,226.0,226.2185628742515,202.0,233
1879,0,205.0787346005738,326.15590432794835,97.0,226.0,239.0,187.0,1.2780748663101604,32590.5,0.7292081534020988,0.680714404501333,48.521212305262836,0.862046149059614,dark_blob,75.0,37.0,0.0,455.0,13.900859747067958,0.2882858674745858,True,True,OK,227.0,226.6353078062196,201.5,233
1880,0,204.4744852741533,326.356068872598,97.0,226.0,239.0,187.0,1.2780748663101604,32533.5,0.7279327858948829,0.6815812567283066,48.48739010069666,0.8618561172804564,dark_blob,75.0,37.0,0.0,455.0,13.887682714061803,0.2875107478859884,True,True,OK,227.0,226.80154114568188,200.5,234
1881,0,203.74393605716662,326.59844763063467,96.0,227.0,240.0,186.0,1.2903225806451613,32466.5,0.727296146953405,0.6851729936261605,48.48141938237356,0.8619218526461563,dark_blob,75.0,37.0,0.0,455.0,13.847440629011555,0.28514356641244437,True,True,OK,228.0,227.30921052631578,200.0,235
1882,0,202.56159106380346,326.8728469170947,95.0,228.0,240.0,185.0,1.2972972972972974,32318.0,0.7278828828828828,0.6860207923226654,48.432902554051566,0.8619690359814042,dark_blob,75.0,37.0,0.0,455.0,13.80080669595516,0.2824003938797153,True,True,OK,228.0,227.8975155279503,198.0,235
1883,0,200.97329655799345,327.27806185694806,94.0,229.0,240.0,184.0,1.3043478260869565,32268.0,0.7307065217391304,0.6873044630338452,48.41389357460512,0.8624030041892973,dark_blob,75.0,36.0,0.0,455.0,13.736965358784024,0.2786450211049426,True,True,OK,229.0,228.70289855072463,197.0,236
1884,0,199.29143673681475,327.52361652377243,92.0,230.0,241.0,183.0,1.3169398907103824,32075.0,0.7272747885631363,0.6787938236954282,48.37183759101568,0.8603877710884513,dark_blob,75.0,37.0,0.0,455.0,13.682649667405766,0.2754499804356333,True,True,OK,230.0,229.3881118881119,195.0,237
1885,0,197.66085741253525,327.72829482225455,90.0,230.0,242.0,183.0,1.3224043715846994,31960.5,0.7216840536512668,0.6774002033499913,48.2615103569991,0.859171993988824,dark_blob,75.0,37.0,0.0,455.0,13.677860473457677,0.27516826314456927,True,True,OK,230.0,229.4485294117647,193.0,237
1886,0,195.9056166974989,327.4056166974989,89.0,230.0,240.0,183.0,1.3114754098360655,31893.0,0.7261612021857924,0.6964648916044127,48.12012785501489,0.8627979721339757,dark_blob,75.0,36.0,0.0,455.0,13.693217365776658,0.2760716097515681,True,True,OK,230.0,229.2547963086637,191.5,235
1887,0,194.40533445835092,326.9988281066892,87.0,229.0,242.0,184.0,1.315217391304348,31999.5,0.7186377111031261,0.6925425984707367,47.96204998144253,0.8611683445643986,dark_blob,75.0,36.0,0.0,455.0,13.726562803905551,0.27803310611209126,True,True,OK,229.92,228.8341307814992,189.5,233
1888,0,193.01168996849694,326.648243901169,86.0,229.0,240.0,184.0,1.3043478260869565,32007.5,0.724807518115942,0.700046040228097,47.86795720205331,0.863815402688132,dark_blob,75.0,36.0,0.0,455.0,13.763261259913213,0.2801918388184243,True,True,OK,229.0,228.37116564417178,188.0,233
1889,0,191.91396456170477,326.4839070590378,85.0,229.0,240.0,184.0,1.3043478260869565,32027.5,0.7252604166666666,0.7057405078918636,47.74218870723492,0.8649149447495954,dark_blob,75.0,36.0,0.0,455.0,13.777026713941499,0.2810015714083235,True,True,OK,229.0,228.19750914719955,186.5,232
1890,0,191.2289898926878,326.28244842359203,84.0,228.0,240.0,185.0,1.2972972972972974,32056.0,0.7219819819819819,0.7052739294910771,47.618199221885995,0.8643781073242879,dark_blob,75.0,36.0,0.0,455.0,13.77810248957412,0.2810648523278894,True,True,OK,229.0,228.18393782383419,186.0,232
1891,0,190.77171795870666,326.11268146993893,84.0,228.0,240.0,185.0,1.2972972972972974,32087.5,0.7226914414414415,0.7026952084357251,47.58820444800888,0.8644403810417691,dark_blob,75.0,36.0,0.0,455.0,13.805259146341463,0.28266230272596843,True,True,OK,228.0,227.84134615384616,185.0,231
1892,0,190.47655564041415,325.988627212602,84.0,228.0,239.0,184.0,1.298913043478261,32079.5,0.7294774422412225,0.7071525230260874,47.58109900959551,0.8666373556967629,dark_blob,75.0,36.0,0.0,455.0,13.832317073170731,0.28425394548063126,True,True,OK,228.0,227.5,185.0,231
1893,0,190.3383025553769,325.94497432134995,84.0,228.0,238.0,184.0,1.2934782608695652,32030.5,0.7314235476799416,0.7051656217585347,47.51197429004048,0.8669686826060201,dark_blob,75.0,36.0,0.0,455.0,13.834518970189702,0.28438346883468835,True,True,OK,228.0,227.47222222222223,185.0,230
1894,0,190.58653610898546,326.01439361995637,84.0,228.0,238.0,184.0,1.2934782608695652,32016.5,0.7311038545853124,0.7139539119468592,47.62677384448911,0.8676479828457779,dark_blob,75.0,36.0,0.0,455.0,13.819241259691644,0.2834847799818614,True,True,OK,228.0,227.66495641619773,185.5,230
1895,0,191.080916381015,326.0467790490799,85.0,228.0,237.0,184.0,1.2880434782608696,31944.5,0.7325376077783893,0.7076549330924217,47.65931273820221,0.8670741669119615,dark_blob,75.0,36.0,0.0,455.0,13.807060019129604,0.2827682364193885,True,True,OK,228.0,227.8186274509804,186.0,230
1896,0,191.95748970935455,326.2348878998725,86.0,228.0,237.0,184.0,1.2880434782608696,31906.0,0.7316547422491286,0.7057038875196943,47.7094152318908,0.8664465336554,dark_blob,75.0,36.0,0.0,455.0,13.78907982261641,0.28171057780096526,True,True,OK,229.0,228.04545454545453,187.0,229
1897,0,192.87497190644189,326.52502809355803,87.0,229.0,236.0,183.0,1.289617486338798,31887.5,0.7383416689821246,0.7148814224400872,47.78724196802732,0.868760307391129,dark_blob,75.0,36.0,0.0,455.0,13.770470383275264,0.28061590489854493,True,True,OK,229.0,228.28021978021977,188.0,228
1898,0,194.43564444166455,326.9208833708615,87.0,229.0,240.0,184.0,1.3043478260869565,31976.0,0.7240942028985508,0.7028754059339648,47.99473798248057,0.8636689453323326,dark_blob,75.0,36.0,0.0,455.0,13.747674658949979,0.2792749799382341,True,True,OK,229.0,228.5677966101695,189.0,233
1899,0,195.55153823248233,327.19449799133844,89.0,230.0,239.0,183.0,1.3060109289617485,31903.5,0.7294396049111737,0.6883466425521134,48.02304805037689,0.8628431742723639,dark_blob,75.0,36.0,0.0,455.0,13.713229427855026,0.27724878987382506,True,True,OK,230.0,229.00233644859813,190.5,234
1900,0,196.8812442913437,327.450486703724,90.0,230.0,239.0,183.0,1.3060109289617485,31932.5,0.7301026590758397,0.6898493846194372,48.15071125298292,0.8627864467164075,dark_blob,75.0,36.0,0.0,455.0,13.688879210220675,0.2758164241306279,True,True,OK,230.0,229.3095238095238,192.0,233
1901,0,198.03086255548425,327.6581595130424,91.0,230.0,241.0,183.0,1.3169398907103824,31953.5,0.7245198739314785,0.6743466417713339,48.24478166615051,0.8594353194701235,dark_blob,75.0,37.0,0.0,455.0,13.673761678379496,0.274927157551735,True,True,OK,230.0,229.5002372881356,193.5,234
1902,0,198.99649516915747,327.51276611234175,92.0,230.0,239.0,183.0,1.3060109289617485,32051.0,0.7328120355762855,0.6859969360067394,48.376655859194074,0.8625193434911846,dark_blob,75.0,37.0,0.0,455.0,13.692975455747453,0.2760573797498502,True,True,OK,230.0,229.25784809672444,194.5,232
1903,0,199.73141624804947,327.2366236903632,93.0,229.0,239.0,184.0,1.298913043478261,32149.5,0.7310692195743133,0.6784830256349851,48.334020808963864,0.8616465610319447,dark_blob,75.0,37.0,0.0,455.0,13.749333079268293,0.2793725340746055,True,True,OK,229.0,228.546875,195.5,232
1904,0,200.53484944852084,327.10818092032116,93.0,229.0,240.0,184.0,1.3043478260869565,32231.5,0.729879981884058,0.6816764268173959,48.36664824367477,0.8618629855942178,dark_blob,75.0,36.0,0.0,455.0,13.775758735452305,0.2809269844383709,True,True,OK,229.0,228.21350518352477,196.5,234
1905,0,201.09997160044406,327.07015723026876,94.0,229.0,239.0,184.0,1.298913043478261,32277.5,0.7339798981262506,0.6805789119460715,48.44298635597117,0.8623762311242406,dark_blob,75.0,37.0,0.0,455.0,13.756735677821894,0.2798079810483467,True,True,OK,229.0,228.45348837209303,197.0,235
1906,0,201.3423540582941,326.98128251176615,94.0,228.0,240.0,185.0,1.2972972972972974,32296.0,0.7273873873873874,0.6755832459011397,48.45051173622603,0.8604658138846809,dark_blob,75.0,37.0,0.0,455.0,13.782288254990577,0.28131107382297516,True,True,OK,229.0,228.1311327831958,197.5,235
1907,0,201.40265701230516,326.96787552474956,94.0,228.0,240.0,185.0,1.2972972972972974,32317.0,0.7278603603603604,0.6774699793813692,48.39856071045782,0.8609109718176224,dark_blob,75.0,37.0,0.0,455.0,13.785266384090109,0.28148625788765347,True,True,OK,229.0,228.09356253917093,197.5,234
1908,0,201.48864884940963,327.0140567531737,94.0,228.0,241.0,185.0,1.3027027027027027,32309.5,0.7246719748794438,0.6748451819858168,48.376654006370984,0.8599449931139961,dark_blob,75.0,37.0,0.0,455.0,13.78659432370311,0.28156437198253587,True,True,OK,229.0,228.07681007020693,197.5,235
1909,0,201.2517103821748,327.10857051321796,94.0,229.0,240.0,184.0,1.3043478260869565,32254.0,0.7303894927536232,0.6825819473850827,48.366358810714615,0.8620564202814973,dark_blob,75.0,37.0,0.0,455.0,13.771064301552107,0.280650841267771,True,True,OK,229.0,228.27272727272728,197.0,235
1910,0,200.67638052676224,327.19271512217324,93.0,229.0,241.0,184.0,1.309782608695652,32222.0,0.726637200072163,0.680440920258282,48.30470837556435,0.8610368959714397,dark_blob,75.0,37.0,0.0,455.0,13.761795626576955,0.28010562509276205,True,True,OK,229.0,228.3896551724138,196.0,235
1911,0,199.96357968014857,327.41569793076974,93.0,229.0,241.0,184.0,1.309782608695652,32129.5,0.7245512357928919,0.6774582952322413,48.23864231373395,0.860097280319143,dark_blob,75.0,37.0,0.0,455.0,13.719690040650406,0.2776288259206121,True,True,OK,230.0,228.92083333333335,195.5,236
1912,0,199.05136444943633,327.5398831066184,92.0,230.0,242.0,183.0,1.3224043715846994,32052.0,0.7237501693537461,0.6791622280845524,48.17351034269837,0.8601477886609065,dark_blob,75.0,37.0,0.0,455.0,13.702648867719674,0.27662640398351024,True,True,OK,230.0,229.13581428415182,194.5,237
1913,0,198.0623768877216,327.5397398618016,91.0,230.0,242.0,183.0,1.3224043715846994,31983.0,0.7221921148895813,0.682705857228502,48.1564047029703,0.8601313352837139,dark_blob,75.0,37.0,0.0,455.0,13.68025136884022,0.27530890404942476,True,True,OK,230.0,229.41836734693877,193.0,235
1914,0,196.9995984940921,327.4801280647415,90.0,230.0,243.0,183.0,1.3278688524590163,31963.0,0.7187703793654007,0.6778803522953417,48.11671826625387,0.858900832607098,dark_blob,75.0,37.0,0.0,455.0,13.684545317675399,0.27556148927502344,True,True,OK,230.0,229.3641975308642,192.0,235
1915,0,196.05912818749283,327.3234647408843,89.0,230.0,241.0,183.0,1.3169398907103824,31987.0,0.7252794594472032,0.6854951367522535,48.055627745807804,0.8614762331751477,dark_blob,75.0,36.0,0.0,455.0,13.704649390243903,0.27674408177905313,True,True,OK,230.0,229.11057692307693,191.0,235
1916,0,195.2409161976235,327.2028351052741,88.0,230.0,239.0,183.0,1.3060109289617485,31980.0,0.7311886960696893,0.7060543283798094,47.97697378601715,0.8654094032780231,dark_blob,75.0,36.0,0.0,455.0,13.708294433422804,0.2769584960836943,True,True,OK,230.0,229.0645933014354,190.0,234
1917,0,194.7235500393395,327.13779771674507,87.0,230.0,238.0,183.0,1.3005464480874316,31986.5,0.7344101575056252,0.7142080288505442,47.910539670751334,0.8672230506516181,dark_blob,75.0,36.0,0.0,455.0,13.70888761096845,0.27699338888049707,True,True,OK,230.0,229.05711013855188,189.5,235
1918,0,194.38060719679217,327.06191220121855,87.0,230.0,238.0,183.0,1.3005464480874316,32005.0,0.7348349175735868,0.7135063988260737,47.916715633214785,0.8672107162387576,dark_blob,75.0,36.0,0.0,455.0,13.707221798780488,0.27689539992826395,True,True,OK,230.0,229.078125,189.0,235
1919,0,194.39292274867952,327.11010329664606,87.0,230.0,242.0,183.0,1.3224043715846994,32027.5,0.7231969471164702,0.7022807588164313,47.966563658838076,0.8632150569555127,dark_blob,75.0,36.0,0.0,455.0,13.707146830100015,0.27689099000588324,True,True,OK,230.0,229.07907075873828,188.5,235
1920,0,194.40632918637382,327.16868811430413,87.0,230.0,240.0,183.0,1.3114754098360655,32031.5,0.7293146630236794,0.7067366741047797,47.97772078363513,0.8650596102567675,dark_blob,75.0,36.0,0.0,455.0,13.705081300813008,0.27676948828311815,True,True,OK,230.0,229.1051282051282,189.0,235
1921,0,194.82317238220168,327.2668707185541,87.0,230.0,240.0,183.0,1.3114754098360655,32018.0,0.729007285974499,0.7090938888914557,48.0135402497836,0.8651272657917436,dark_blob,75.0,36.0,0.0,455.0,13.691383426780856,0.2759637309871092,True,True,OK,230.0,229.2779321544569,189.5,235
1922,0,195.39509722721422,327.3828923859084,88.0,230.0,239.0,183.0,1.3060109289617485,31995.5,0.731543087088735,0.7034910559089667,48.088043310131475,0.8648457621219442,dark_blob,75.0,36.0,0.0,455.0,13.686944770517224,0.2757026335598367,True,True,OK,230.0,229.3339275103981,190.5,234
1923,0,196.21763886933533,327.5095499554179,89.0,230.0,238.0,183.0,1.3005464480874316,31963.5,0.7338820774211324,0.6932700710014773,48.17017587317314,0.8639970225918228,dark_blob,75.0,36.0,0.0,455.0,13.690062623599209,0.2758860366823064,True,True,OK,230.0,229.2945945945946,191.0,233
1924,0,197.18160966277256,327.5726558549541,90.0,230.0,240.0,183.0,1.3114754098360655,31971.5,0.7279485428051001,0.68472896163234,48.145205225035596,0.8616729197434699,dark_blob,75.0,36.0,0.0,455.0,13.68266652184335,0.2754509718731382,True,True,OK,230.0,229.38789926289928,192.5,233
1925,0,198.00281105055205,327.4842086632413,91.0,230.0,240.0,183.0,1.3114754098360655,32016.5,0.7289731329690347,0.6836000271777224,48.255780168150345,0.8615649300480472,dark_blob,75.0,36.0,0.0,455.0,13.684349593495934,0.27554997608799614,True,True,OK,230.0,229.36666666666667,193.0,235
1926,0,198.74021696714274,327.45273290148026,92.0,230.0,239.0,183.0,1.3060109289617485,32032.5,0.732389052747102,0.6875216983983286,48.259400006179135,0.8627975011196526,dark_blob,75.0,37.0,0.0,455.0,13.68756627783669,0.275739192813923,True,True,OK,230.0,229.32608695652175,194.0,235
1927,0,199.25323972958918,327.4466926677067,93.0,230.0,238.0,183.0,1.3005464480874316,32050.0,0.7358681177388988,0.693452593439033,48.24518280632411,0.864315037792805,dark_blob,75.0,36.0,0.0,455.0,13.690196998123827,0.2758939410661075,True,True,OK,230.0,229.29289940828403,195.0,234
1928,0,199.56869325424697,327.36959858477064,93.0,230.0,238.0,183.0,1.3005464480874316,32032.5,0.7354663176746108,0.6860353888988755,48.30463126023419,0.8632530820949289,dark_blob,75.0,37.0,0.0,455.0,13.694918699186994,0.27617168818747023,True,True,OK,230.0,229.23333333333332,195.5,233
1929,0,199.682254758114,327.3365799852236,93.0,230.0,238.0,183.0,1.3005464480874316,32033.0,0.7354777976764476,0.6885863423672725,48.357030308647694,0.8634364000604848,dark_blob,75.0,37.0,0.0,455.0,13.69031709918944,0.2759010058346729,True,True,OK,230.0,229.29138428714862,195.5,233
1930,0,199.72236010302038,327.3588490855641,93.0,230.0,238.0,183.0,1.3005464480874316,32032.5,0.7354663176746108,0.6875216996836762,48.38622671239225,0.8632398341542059,dark_blob,75.0,37.0,0.0,455.0,13.688354359629512,0.2757855505664419,True,True,OK,230.0,229.31614500159694,195.5,233
1931,0,199.60364990107257,327.3891804644382,93.0,230.0,238.0,183.0,1.3005464480874316,32010.0,0.7349497175919548,0.6874747165124346,48.33853764105736,0.8632442370798512,dark_blob,75.0,37.0,0.0,455.0,13.694138425279014,0.27612578972229496,True,True,OK,230.0,229.24317678878782,195.5,233
1932,0,199.24917930279818,327.3685060705539,93.0,230.0,238.0,183.0,1.3005464480874316,31985.0,0.7343757175001148,0.688428140972681,48.25693069306931,0.8633200575673623,dark_blob,75.0,37.0,0.0,455.0,13.682985837922896,0.27546975517193506,True,True,OK,230.0,229.38387096774193,195.0,234
1933,0,198.85834596334433,327.40093644370137,92.0,230.0,240.0,183.0,1.3114754098360655,32000.5,0.7286088342440802,0.6862192561038216,48.27628649183573,0.8617718466771154,dark_blob,75.0,37.0,0.0,455.0,13.686224103194979,0.27566024136441053,True,True,OK,230.0,229.34301900584796,194.5,234
1934,0,198.47077626283922,327.4528572990364,91.0,230.0,242.0,183.0,1.3224043715846994,32014.5,0.7229034006232218,0.6829462365337953,48.1995301536274,0.8603020684837751,dark_blob,75.0,37.0,0.0,455.0,13.691575410652067,0.27597502415600395,True,True,OK,230.0,229.27551020408163,194.0,234
1935,0,197.99442466266868,327.47987985174075,91.0,230.0,242.0,183.0,1.3224043715846994,32016.0,0.7229372713724428,0.683410269952799,48.12110159799709,0.8603958100009217,dark_blob,75.0,37.0,0.0,455.0,13.671782127485141,0.2748107133814789,True,True,OK,230.0,229.5252100840336,193.0,235
1936,0,197.47333822206272,327.5484634307438,90.0,230.0,243.0,183.0,1.3278688524590163,32046.5,0.7206480919292091,0.6806868558140446,48.125528826853596,0.8596072249061832,dark_blob,75.0,36.0,0.0,455.0,13.6801169657923,0.2753009979877823,True,True,OK,230.0,229.42006289308176,192.5,235
1937,0,197.03039662236642,327.55185000311974,90.0,230.0,239.0,183.0,1.3060109289617485,32054.0,0.7328806273864233,0.6941641144396444,48.132738444437585,0.8638919650110047,dark_blob,75.0,36.0,0.0,455.0,13.679402352534163,0.2752589619137743,True,True,OK,230.0,229.4290780141844,192.0,234
1938,0,196.78999568779645,327.53838640460935,89.0,230.0,239.0,183.0,1.3060109289617485,32079.5,0.7334636577725953,0.690023800296788,48.14870117850312,0.8635086809326267,dark_blob,75.0,36.0,0.0,455.0,13.682037601626016,0.27541397656623623,True,True,OK,230.0,229.39583333333334,192.0,234
1939,0,196.65096853620906,327.5069581885334,89.0,230.0,240.0,183.0,1.3114754098360655,32084.5,0.7305214025500911,0.688637785484376,48.2264104383232,0.8625789073002956,dark_blob,75.0,36.0,0.0,455.0,13.686816966295714,0.27569511566445376,True,True,OK,230.0,229.33553980980793,191.5,234
1940,0,196.64061184395172,327.4957432874918,89.0,230.0,240.0,183.0,1.3114754098360655,32067.0,0.7301229508196722,0.6923144548333587,48.25471436066788,0.8628885445989215,dark_blob,75.0,36.0,0.0,455.0,13.688342179969329,0.27578483411584287,True,True,OK,230.0,229.31629865269463,191.5,234
1941,0,196.6055302273295,327.4967055958031,89.0,230.0,239.0,183.0,1.3060109289617485,32024.0,0.7321947092850447,0.6971704936689717,48.20469155643467,0.8640240459260765,dark_blob,75.0,36.0,0.0,455.0,13.689057482245422,0.27582691072031895,True,True,OK,230.0,229.30727483936545,191.5,233
1942,0,196.8137219679574,327.52857745356846,89.0,230.0,240.0,183.0,1.3114754098360655,32009.5,0.7288137522768671,0.6876446640779703,48.267569489534054,0.8620303510680605,dark_blob,75.0,36.0,0.0,455.0,13.690666041275799,0.2759215318397529,True,True,OK,230.0,229.2869822485207,192.0,234
1943,0,197.12546596804046,327.5112953259821,90.0,230.0,240.0,183.0,1.3114754098360655,31967.5,0.7278574681238615,0.6831648059032354,48.303727323385544,0.8612026145612041,dark_blob,75.0,37.0,0.0,455.0,13.688550977124677,0.2757971163014516,True,True,OK,230.0,229.3136645962733,192.0,233
1944,0,197.33692753260823,327.44760803433763,90.0,230.0,239.0,183.0,1.3060109289617485,31996.0,0.7315545190570912,0.6848197549053582,48.275750077327565,0.8622660179669049,dark_blob,75.0,37.0,0.0,455.0,13.688687729078314,0.2758051605340185,True,True,OK,230.0,229.31193941778128,192.5,233
1945,0,197.5485737239681,327.4204227703351,91.0,230.0,238.0,183.0,1.3005464480874316,31948.0,0.7335261973641916,0.6852733718616708,48.26005204138529,0.862834625382822,dark_blob,75.0,37.0,0.0,455.0,13.697516191263608,0.27632448183903574,True,True,OK,230.0,229.20056497175142,193.0,233
1946,0,197.60667021243313,327.4053593217157,91.0,230.0,238.0,183.0,1.3005464480874316,31963.0,0.7338705974192956,0.6870816087117844,48.27754899835898,0.8630382558435024,dark_blob,75.0,37.0,0.0,455.0,13.687970490816019,0.2757629700480011,True,True,OK,230.0,229.320987654321,193.0,233
1947,0,197.71992955251253,327.3883938806561,91.0,230.0,237.0,183.0,1.2950819672131149,31986.0,0.7374974061008508,0.6926915000816832,48.28602370122838,0.8645169374083265,dark_blob,75.0,37.0,0.0,455.0,13.692263999483957,0.2760155293814093,True,True,OK,230.0,229.26682339112546,193.5,233
1948,0,197.77594765930624,327.4005198647726,91.0,230.0,238.0,183.0,1.3005464480874316,31995.5,0.7346167975386876,0.6954771746337095,48.28507795100222,0.8641958447998028,dark_blob,75.0,37.0,0.0,455.0,13.688044917779495,0.2757673481046762,True,True,OK,230.0,229.320048729551,193.5,233
1949,0,197.77330792024037,327.3889348893645,91.0,230.0,238.0,183.0,1.3005464480874316,32004.5,0.7348234375717501,0.697191220690739,48.244487738503885,0.8645328695564023,dark_blob,75.0,37.0,0.0,455.0,13.689723255370383,0.2758660738453167,True,True,OK,230.0,229.29887585532748,193.5,233
1950,0,197.72086496506188,327.3075905734845,91.0,230.0,238.0,183.0,1.3005464480874316,32009.0,0.7349267575882812,0.6962149025431434,48.25709603611403,0.864457310211313,dark_blob,75.0,37.0,0.0,455.0,13.69695835116246,0.2762916677154388,True,True,OK,230.0,229.20760233918128,193.0,233
1951,0,197.56281713009946,327.2134392905653,91.0,230.0,238.0,183.0,1.3005464480874316,32025.5,0.7353055976488956,0.6939889581317582,48.1702462993294,0.8645092687945732,dark_blob,75.0,37.0,0.0,455.0,13.709380020446911,0.27702235414393594,True,True,OK,230.0,229.05089820359282,193.0,233
1952,0,197.39526781071243,327.1783151326053,90.0,230.0,239.0,183.0,1.3060109289617485,32050.0,0.7327891716395729,0.6868452525046794,48.20389069013432,0.8630690305375562,dark_blob,75.0,37.0,0.0,455.0,13.714900914634148,0.27734711262553813,True,True,OK,230.0,228.98125,193.0,234
1953,0,197.0932383120731,327.04131449542047,90.0,229.0,239.0,184.0,1.298913043478261,32063.0,0.7291022375841368,0.6871238482968554,48.20445706525094,0.8624135938214931,dark_blob,75.0,37.0,0.0,455.0,13.735559438733816,0.27856231992551855,True,True,OK,229.92,228.7206347728965,192.5,233
1954,0,196.83812714241196,326.94226134829125,90.0,229.0,238.0,184.0,1.2934782608695652,32090.0,0.7327822433321155,0.6921882184763188,48.14599845797995,0.8640893647359118,dark_blob,75.0,37.0,0.0,455.0,13.761166617690273,0.2800686245700161,True,True,OK,229.0,228.3975903614458,192.0,234
1955,0,196.41219753932052,326.8121539507345,89.0,229.0,239.0,184.0,1.298913043478261,32118.5,0.7303642896125159,0.6990428253290593,48.144582768396404,0.8644307700584388,dark_blob,75.0,36.0,0.0,455.0,13.769151247546958,0.2805383086792328,True,True,OK,229.0,228.29686118479222,191.5,234
1956,0,195.95308019765528,326.68360632787346,89.0,229.0,239.0,184.0,1.298913043478261,32143.5,0.7309327815171912,0.6965460021513858,47.993256766326944,0.8646447940744109,dark_blob,75.0,36.0,0.0,455.0,13.787020905923345,0.2815894650543144,True,True,OK,229.0,228.07142857142858,191.0,234
1957,0,195.43686735254198,326.4535687274008,88.0,228.0,240.0,185.0,1.2972972972972974,32173.0,0.7246171171171171,0.6930969343644844,47.925369920324854,0.8631507147205004,dark_blob,75.0,36.0,0.0,455.0,13.817431576987527,0.2833783280580898,True,True,OK,229.0,227.68778625954198,190.5,235
1958,0,194.7275022244294,326.18752974527695,88.0,228.0,237.0,185.0,1.281081081081081,32218.0,0.7348158284867146,0.7075525154221484,47.83287250384024,0.8675267219712166,dark_blob,75.0,36.0,0.0,455.0,13.856389346102052,0.2856699615354148,True,True,OK,228.0,227.1963190184049,189.5,233
1959,0,193.9383314991914,325.8733460431617,87.0,227.0,238.0,186.0,1.2795698924731183,32258.5,0.7287092256257341,0.7095404607808655,47.682571340902115,0.8669080514643407,dark_blob,75.0,36.0,0.0,455.0,13.890633324716587,0.28768431321862276,True,True,OK,228.0,226.76431805742152,188.5,234
1960,0,193.03674016763375,325.41686137975495,87.0,227.0,239.0,186.0,1.2849462365591398,32312.5,0.7268749718810456,0.7017341771007741,47.499877473503645,0.8662157513659745,dark_blob,75.0,36.0,0.0,455.0,13.942405806039167,0.2907297532964216,True,True,OK,227.0,226.11118829304436,187.5,234
1961,0,191.8876767864327,324.7686225358215,86.0,226.0,235.0,187.0,1.2566844919786095,32313.0,0.7353054955057459,0.7147060020998582,47.2672323999755,0.8704481186722993,dark_blob,75.0,36.0,0.0,455.0,14.008524933975457,0.29461911376326216,True,True,OK,226.0,225.27707006369425,187.0,231
1962,0,190.61132764167286,323.93313845582776,85.0,225.0,235.0,188.0,1.25,32328.0,0.7317338162064283,0.7175367670711235,46.98680262110356,0.8709492864313289,dark_blob,75.0,35.0,0.0,455.0,14.079873473336246,0.298816086666838,True,True,OK,225.0,224.37698079791198,185.5,230
1963,0,189.37684196469385,323.02286629994296,85.0,223.0,231.0,190.0,1.2157894736842105,32449.5,0.7393369788106631,0.723609623241446,46.751815241930565,0.8744105121815449,dark_blob,75.0,35.0,0.0,455.0,14.18576558265583,0.3050450342738723,True,True,OK,223.0,223.0411111111111,184.5,228
1964,0,188.12952679000603,321.87105615725255,84.0,221.0,232.0,192.0,1.2083333333333333,32593.0,0.7317034841954023,0.7170886305338252,46.647905719405884,0.8730201910378376,dark_blob,75.0,35.0,0.0,455.0,14.334177756262362,0.3137751621330801,True,True,OK,222.0,221.16883445945945,183.5,227
1965,0,186.90467708047868,320.53005897100167,82.0,219.0,233.0,194.0,1.2010309278350515,32841.0,0.726538648732357,0.7096630614030757,46.50639054681377,0.8722720122897224,dark_blob,75.0,35.0,0.0,455.0,14.50609756097561,0.32388809182209466,True,True,OK,219.0,219.0,182.0,226
1966,0,185.60297435124474,318.9278770065566,81.0,216.0,231.0,196.0,1.1785714285714286,33172.5,0.7326729393055924,0.7141751255856288,46.594938220020296,0.8752136414492138,dark_blob,75.0,35.0,0.0,455.0,14.713439209427658,0.33608465937809756,True,True,OK,216.0,216.38430535798955,180.5,225
1967,0,184.05932658726604,316.724938559048,80.0,213.0,231.0,199.0,1.1608040201005025,33501.0,0.7287737388239901,0.7126664069360263,46.83234329284511,0.8752406720764146,dark_blob,75.0,35.0,0.0,455.0,14.969991893145885,0.3511759937144638,True,True,OK,213.0,213.147794578775,179.5,223
1968,0,182.5300975845125,313.76556084015243,79.0,208.0,230.0,204.0,1.1274509803921569,33851.0,0.721462063086104,0.6949345027186554,47.54347635342634,0.8721906802712698,dark_blob,75.0,36.0,0.0,455.0,15.312748133877246,0.371338125522191,True,True,OK,208.0,208.82379277262552,178.5,219
1969,0,180.95474134782546,309.9933188217362,78.0,203.0,224.0,209.0,1.0717703349282297,34225.5,0.7310641660970608,0.6866090747136527,48.63273453093812,0.8735902374200581,dark_blob,75.0,37.0,0.0,455.0,15.70939024390244,0.3946700143472024,True,True,OK,203.0,203.82,177.0,217
1970,0,178.57128355178693,302.2562575264483,76.0,195.0,214.0,215.0,0.9953488372093023,33493.0,0.7279504455553141,0.5958330288031904,49.60676414119037,0.8631938613964663,dark_blob,75.0,37.0,0.0,455.0,16.220504532022723,0.42473556070721896,True,True,OK,196.0,197.37209667294414,175.5,206
1971,0,175.77826932319655,286.0077828024643,75.0,187.0,194.0,217.0,0.8940092165898618,30516.0,0.7248800418072118,0.6083010608508341,49.87013870884106,0.867443321292259,dark_blob,75.0,39.0,0.0,455.0,16.887093985305825,0.4639467050179897,True,True,OK,187.0,188.96281433921882,173.5,194
1972,0,170.14222464367123,262.8343666240826,73.0,175.0,194.0,184.0,1.0543478260869565,26614.0,0.7455737337516809,0.8720897389389667,48.577966290880674,0.91172344901739,dark_blob,75.0,43.0,0.0,455.0,17.84931869089099,0.5205481582877053,True,True,OK,175.0,176.82397959183675,172.5,193
1973,0,167.9892650428471,243.11101839710733,72.0,159.0,192.0,177.0,1.0847457627118644,25167.0,0.7405543785310734,0.8703984724552913,49.63273413837864,0.9156126925401891,dark_blob,75.0,47.0,0.0,455.0,19.068506823461092,0.5922651072624172,True,True,OK,159.0,161.44345238095238,170.5,192
1974,0,173.9928973738379,212.46915786378338,70.0,108.0,191.0,196.0,0.9744897959183674,22104.5,0.5904610535313601,0.309686014028315,38.5901901546117,0.8467273909983115,dark_blob,75.0,47.0,0.0,455.0,23.22464306960143,0.8367437099765548,True,True,OK,108.0,109.01219512195122,152.0,190
1975,0,164.74921691016758,202.7216830143814,68.0,105.0,193.0,197.0,0.9796954314720813,29158.0,0.7668919807474817,0.8749607742447759,45.523830553385196,0.9549806770909475,dark_blob,75.0,37.0,0.0,455.0,23.375437993816558,0.8456139996362682,True,True,OK,106.0,107.10985915492958,158.5,193
1976,0,165.19147050522153,201.69013830087496,68.0,104.0,194.0,197.0,0.9847715736040609,29525.0,0.7725417342613429,0.8719808387112592,45.752105210185526,0.9559000489786449,dark_blob,75.0,37.0,0.0,455.0,23.454452181190607,0.8502618930112122,True,True,OK,105.0,106.11306479113384,159.5,194
1977,0,166.43992062826638,201.11478158799363,69.0,103.0,195.0,198.0,0.9848484848484849,29817.5,0.7722740222740223,0.8736789754581163,45.96471878010697,0.955895264574887,dark_blob,75.0,37.0,0.0,455.0,23.49675764614789,0.8527504497734054,True,True,OK,103.64,105.57936507936508,160.0,195
1978,0,168.54156122679632,201.1636647315349,70.0,102.0,196.0,200.0,0.98,30230.5,0.7711862244897959,0.8706736123580874,45.47453794730633,0.9565955095966914,dark_blob,75.0,36.0,0.0,455.0,23.561456996148912,0.8565562938911125,True,True,OK,103.0,104.76315789473684,162.0,195
1979,0,168.43419274813385,202.50748665470573,71.0,104.0,195.0,199.0,0.9798994974874372,30098.0,0.7756216982347636,0.8727738067225678,45.5172958562354,0.9572311176395597,dark_blob,75.0,36.0,0.0,455.0,23.47477658358446,0.8514574460932036,True,True,OK,104.0,105.85666463785758,161.5,195
1980,0,167.81886169549765,203.1958766359548,70.0,105.0,195.0,198.0,0.9848484848484849,29684.5,0.7688293188293188,0.8697819622801597,45.526861986118526,0.9544910623792318,dark_blob,75.0,36.0,0.0,455.0,23.32652173913044,0.8427365728900258,True,True,OK,106.0,107.72695652173914,161.5,194
1981,0,167.73792272571174,202.95577248954268,70.0,105.0,195.0,198.0,0.9848484848484849,29604.5,0.7667573167573167,0.8683476408517459,45.389801585973835,0.9540898188247482,dark_blob,75.0,36.0,0.0,455.0,23.32120354239257,0.8424237377877982,True,True,OK,106.0,107.79404761904762,161.5,194
1982,0,167.7163470752026,202.3192419989403,70.0,105.0,195.0,197.0,0.9898477157360406,29569.0,0.7697253676949108,0.8732803225577543,45.2913470235503,0.9560119747771156,dark_blob,75.0,37.0,0.0,455.0,23.405201981707318,0.8473648224533716,True,True,OK,105.0,106.734375,161.5,194
1983,0,167.77389753457334,202.14187737006154,70.0,104.0,195.0,198.0,0.9848484848484849,29623.0,0.7672364672364672,0.8695348382661939,45.136661539490404,0.9554327630521945,dark_blob,75.0,36.0,0.0,455.0,23.426716350496843,0.8486303735586378,True,True,OK,105.0,106.46296296296296,161.5,194
1984,0,167.6815016089471,202.41762303382166,70.0,105.0,195.0,197.0,0.9898477157360406,29626.0,0.7712091630873357,0.8727455313701944,45.23227898889929,0.956488603476113,dark_blob,75.0,36.0,0.0,455.0,23.422939763488547,0.8484082213816793,True,True,OK,105.0,106.51060606060605,161.5,194
1985,0,167.56413240892246,202.23945277576289,70.0,105.0,195.0,197.0,0.9898477157360406,29640.5,0.77158661980997,0.8769663600208066,45.30158411870864,0.9569951451934479,dark_blob,75.0,36.0,0.0,455.0,23.43095238095238,0.8488795518207283,True,True,OK,105.0,106.4095238095238,161.5,193
1986,0,167.51749542704374,201.8221753201069,70.0,104.0,195.0,198.0,0.9848484848484849,29612.5,0.766964516964517,0.8685822927805968,45.27228633550761,0.9549279418248339,dark_blob,75.0,37.0,0.0,455.0,23.413707461679362,0.8478651448046683,True,True,OK,105.0,106.62707509881423,161.5,193
1987,0,167.6190717299578,201.55693952180027,70.0,104.0,195.0,197.0,0.9898477157360406,29625.0,0.7711831315892229,0.8749342015109771,45.30976025679606,0.9569290061067047,dark_blob,75.0,37.0,0.0,455.0,23.478827913279133,0.8516957596046549,True,True,OK,104.0,105.80555555555556,161.0,193
1988,0,167.82952134992036,201.80838242492783,71.0,104.0,194.0,198.0,0.9797979797979798,29621.5,0.7711522440903884,0.876404210298179,45.255325552620135,0.9569992832332692,dark_blob,75.0,37.0,0.0,455.0,23.444588414634147,0.8496816714490675,True,True,OK,104.58,106.2375,162.0,194
1989,0,168.0737668918919,202.22974662162162,71.0,104.0,194.0,198.0,0.9797979797979798,29600.0,0.7705925231698427,0.8741958642469342,45.17338196907838,0.9565560651748968,dark_blob,75.0,36.0,0.0,455.0,23.409059233449476,0.847591719614675,True,True,OK,105.0,106.68571428571428,162.0,194
1990,0,168.222357592884,202.72548521921587,71.0,105.0,194.0,198.0,0.9797979797979798,29548.5,0.769251796313652,0.8742443819379974,45.16667784109956,0.9561694732248149,dark_blob,75.0,37.0,0.0,455.0,23.39024390243903,0.8464849354375898,True,True,OK,105.0,106.92307692307692,162.0,194
1991,0,168.3029107917647,203.038344138075,71.0,105.0,194.0,198.0,0.9797979797979798,29539.5,0.7690174945329584,0.8739780975797169,45.09090909090909,0.9559181513606269,dark_blob,75.0,37.0,0.0,455.0,23.33754355400697,0.8433849149415865,True,True,OK,106.0,107.58791208791209,162.5,194
1992,0,168.27674730274566,203.32776989436223,71.0,105.0,194.0,198.0,0.9797979797979798,29598.0,0.7705404561074665,0.8741367969588094,44.99417670682731,0.9565674929523903,dark_blob,75.0,36.0,0.0,455.0,23.357028241335044,0.8445310730197084,True,True,OK,105.52,107.34210526315789,162.0,193
1993,0,168.20369060847898,204.43483629098336,71.0,105.0,194.0,200.0,0.97,29697.0,0.7653865979381443,0.8620441826536555,45.16453754044228,0.9536691016154397,dark_blob,75.0,36.0,0.0,455.0,23.357620464009518,0.8445659096476187,True,True,OK,106.0,107.33463414634147,161.5,193
1994,0,168.09033347876183,206.8553545658959,71.0,105.0,194.0,203.0,0.9556650246305419,29797.0,0.7566146970697273,0.841835333939937,45.81873483362697,0.9481918208785474,dark_blob,75.0,37.0,0.0,455.0,23.374610306253437,0.8455653121325551,True,True,OK,106.0,107.1203007518797,157.5,193
1995,0,168.10121869604583,211.76566392783428,71.0,107.0,194.0,206.0,0.941747572815534,29635.5,0.7415548994094685,0.8519177578853413,46.43325088575439,0.9453661452951442,dark_blob,75.0,38.0,0.0,455.0,23.446428571428573,0.8497899159663866,True,True,OK,107.0,106.21428571428571,160.0,193
1996,0,168.27044720912684,218.87464755972337,72.0,108.0,193.0,212.0,0.910377358490566,29378.5,0.7180198455371981,0.7132384902882045,47.256922455029304,0.9206514992534608,dark_blob,75.0,39.0,0.0,455.0,23.21480044345898,0.8361647319681753,True,True,OK,109.0,109.13636363636364,159.0,193
1997,0,168.77105556533473,230.66983512292435,72.0,138.0,193.0,191.0,1.0104712041884816,28405.0,0.7705558419010933,0.8848782810850657,46.9451844619569,0.9386650969790524,dark_blob,75.0,40.0,0.0,455.0,20.715804218853,0.6891649540501764,True,True,OK,138.0,140.66216216216216,167.0,192
1998,0,169.1068661296509,241.3425747248532,73.0,149.0,192.0,190.0,1.0105263157894737,28242.5,0.7741913377192983,0.8870240061553132,47.34558462509644,0.933827069722248,dark_blob,75.0,41.0,0.0,455.0,19.8415282823041,0.6377369577825941,True,True,OK,149.0,151.69148936170214,168.0,192
1999,0,169.49105360707156,253.43059119855525,73.0,161.0,192.0,190.0,1.0105263157894737,28056.0,0.7690789473684211,0.8851199438637857,47.52356409079677,0.9266365182653881,dark_blob,75.0,41.0,0.0,455.0,18.90548780487805,0.5826757532281206,True,True,OK,161.0,163.5,169.0,191
2000,0,169.6063161202472,269.73935965922976,74.0,175.0,192.0,208.0,0.9230769230769231,28641.0,0.7171724759615384,0.6765863628638036,47.829856313898865,0.882989883141665,dark_blob,75.0,40.0,0.0,455.0,17.7742731238837,0.5161337131696293,True,True,OK,176.0,177.77070828331333,170.5,191
2001,0,174.3271689361955,299.47117995678974,75.0,191.0,205.0,216.0,0.9490740740740741,33634.0,0.7595754290876242,0.6355449908295216,49.50856234920261,0.8769648200812149,dark_blob,75.0,39.0,0.0,455.0,16.539989837398373,0.4435288139646102,True,True,OK,191.0,193.34166666666667,171.5,201
2002,0,176.1687515813977,313.6134051920449,76.0,209.0,221.0,202.0,1.0940594059405941,32935.0,0.7377581649567672,0.7291272522393454,47.2359979556865,0.8792579380019319,dark_blob,75.0,36.0,0.0,455.0,15.110518292682928,0.35944225251076045,True,True,OK,209.0,211.375,173.0,215
2003,0,177.32809245765068,324.40153291679127,76.0,224.0,222.0,191.0,1.162303664921466,31769.5,0.7492453186170464,0.742003728888608,45.93680077285051,0.8791744176795299,dark_blob,75.0,35.0,0.0,455.0,13.990853658536587,0.29357962697274037,True,True,OK,224.0,225.5,174.0,218
2004,0,180.21057658632876,324.23192927717105,79.0,225.0,223.0,188.0,1.1861702127659575,31409.0,0.7491890086823776,0.7489349308479063,45.90497052983263,0.8795871988283325,dark_blob,75.0,36.0,0.0,455.0,13.911585365853659,0.2889167862266858,True,True,OK,225.0,226.5,174.5,219
2005,0,184.23654930887002,320.54281080187604,82.0,219.0,229.0,194.0,1.1804123711340206,32266.0,0.7262864088596768,0.7143166824243036,46.53353377922317,0.8721535990636383,dark_blob,75.0,36.0,0.0,455.0,14.409098202824133,0.318182247224949,True,True,OK,219.0,220.22368421052633,178.0,219
2006,0,189.14528791904235,317.2073046956626,86.0,213.0,231.0,200.0,1.155,33499.0,0.7250865800865801,0.6977617950950995,46.845967432100956,0.8726318922661398,dark_blob,75.0,36.0,0.0,455.0,14.972490073737948,0.35132294551399695,True,True,OK,213.0,213.11627906976744,183.0,223
2007,0,194.18293493669645,314.67110035684607,91.0,209.0,229.0,203.0,1.1280788177339902,34095.0,0.7334308516359412,0.7031736364887663,47.242239451752475,0.8762893279378916,dark_blob,75.0,35.0,0.0,455.0,15.298780487804878,0.3705164992826399,True,True,OK,209.0,209.0,189.0,224
2008,0,199.1033144657758,313.4212863005971,96.0,207.0,229.0,205.0,1.1170731707317074,34274.0,0.7300884013206944,0.7072295161805533,48.18111692138792,0.8751602446102726,dark_blob,75.0,36.0,0.0,455.0,15.448094032827122,0.3792996489898307,True,True,OK,207.0,207.11635220125785,195.0,224
2009,0,204.54674861107114,313.72058781196927,101.0,206.0,232.0,206.0,1.1262135922330097,34739.0,0.7268789755607633,0.6685946397192898,48.55809181841498,0.8695394554735273,dark_blob,75.0,35.0,0.0,455.0,15.52063848373694,0.3835669696315847,True,True,OK,206.0,206.2011760513186,201.5,227
2010,0,209.92866905615293,314.6968458781362,105.0,206.0,232.0,205.0,1.1317073170731706,34875.0,0.7332842724978974,0.6690349250581533,48.75313688752626,0.870178239556643,dark_blob,75.0,36.0,0.0,455.0,15.44339363824971,0.37902315519115937,True,True,OK,207.0,207.175649486696,207.5,226
2011,0,215.59174543617866,316.7515693773,108.0,209.0,234.0,202.0,1.1584158415841583,34647.5,0.733001184733858,0.6714571221729143,48.6771253036148,0.8685755954710054,dark_blob,75.0,36.0,0.0,455.0,15.1078666369828,0.3592862727636941,True,True,OK,210.0,211.40845165652468,214.5,227
2012,0,221.86011726637958,320.7380629151157,110.0,214.0,233.0,199.0,1.170854271356784,34252.5,0.738725817930856,0.681432648448068,48.501763209619604,0.8687058470816684,dark_blob,75.0,36.0,0.0,455.0,14.656985451433464,0.3327638500843214,True,True,OK,215.0,217.09649122807016,222.0,229
2013,0,225.95694207959366,323.077121391398,111.0,216.0,241.0,200.0,1.205,34651.0,0.7189004149377594,0.6601159063064724,47.28583264291632,0.8635978781463773,dark_blob,75.0,35.0,0.0,455.0,14.575740418118468,0.32798473047755694,True,True,OK,217.16,218.12142857142857,225.0,237
2014,0,226.29740064446833,320.6762955006564,111.0,213.0,242.0,200.0,1.21,34912.5,0.7213326446280992,0.6499429263780817,47.42229720150841,0.8635249277300195,dark_blob,75.0,35.0,0.0,455.0,14.723602022605593,0.33668247191797607,True,True,OK,215.0,216.2560975609756,226.0,237
2015,0,225.88547051653848,317.40345666559256,111.0,208.0,242.0,204.0,1.1862745098039216,35689.5,0.722927807486631,0.6257907179285219,47.30871422232084,0.8637334579283408,dark_blob,75.0,35.0,0.0,455.0,15.15602582496413,0.36211916617436063,True,True,OK,209.0,210.80090497737558,225.5,234
2016,0,225.69091958001616,314.96193838698514,116.0,204.0,235.0,208.0,1.1298076923076923,36112.5,0.7387990998363339,0.6006686759602093,47.49445007811001,0.8656268018456829,dark_blob,75.0,35.0,0.0,455.0,15.457317073170731,0.3798421807747489,True,True,OK,205.0,207.0,225.0,235
2017,0,225.17417475282727,313.6382446723097,115.0,202.0,236.0,210.0,1.1238095238095238,36327.5,0.733000403551251,0.5830505563260902,47.45024380942003,0.8637577484559507,dark_blob,75.0,34.0,0.0,455.0,15.70128726287263,0.3941933684042723,True,True,OK,203.04,203.92222222222222,224.0,235
2018,0,224.7289941534971,313.53817219856984,114.0,203.0,236.0,208.0,1.1346153846153846,36289.5,0.7392743644067796,0.5791825882324985,47.53336423877178,0.8640053368752286,dark_blob,75.0,34.0,0.0,455.0,15.614652623798968,0.38909721316464513,True,True,OK,204.0,205.0151515151515,224.0,235
2019,0,224.4943758878046,314.81144996136453,113.0,205.0,239.0,207.0,1.1545893719806763,36020.5,0.7280840054170962,0.5701800346389245,47.740406010493636,0.8590314754796082,dark_blob,75.0,35.0,0.0,455.0,15.436334289813487,0.37860789940079337,True,True,OK,206.0,207.26470588235293,223.0,236
2020,0,224.21250082014078,317.5211877513146,112.0,210.0,242.0,203.0,1.1921182266009853,35563.0,0.7239140170174653,0.6311108988846869,47.86378312179916,0.8631153916587873,dark_blob,75.0,35.0,0.0,455.0,15.082548626119172,0.3577969780070101,True,True,OK,210.28,211.72784810126583,223.0,239
2021,0,223.18253486676542,320.09384980832095,111.0,213.0,243.0,202.0,1.202970297029703,35432.5,0.7218453326814163,0.6693642823455507,47.882523892024814,0.8657093083065214,dark_blob,75.0,35.0,0.0,455.0,14.826316298877273,0.3427244881692514,True,True,OK,214.0,214.96031746031747,222.0,241
2022,0,220.5094797519633,320.2628325189055,108.0,213.0,246.0,200.0,1.23,35505.5,0.7216565040650407,0.6812995065484204,48.31253660577325,0.866197593839777,dark_blob,75.0,35.0,0.0,455.0,14.809959349593496,0.3417623146819704,True,True,OK,214.0,215.16666666666666,219.5,243
2023,0,217.67735024744368,319.5725070865258,105.0,212.0,248.0,200.0,1.24,35631.0,0.718366935483871,0.6538944251601995,48.55972658312262,0.8622674005324433,dark_blob,75.0,35.0,0.0,455.0,14.902439024390244,0.34720229555236726,True,True,OK,213.64,214.0,216.0,245
2024,0,214.38776153383003,319.759468841725,102.0,213.0,242.0,200.0,1.21,35432.0,0.7320661157024794,0.6645730887396378,48.911422823292725,0.8658013198034941,dark_blob,75.0,35.0,0.0,455.0,14.886250429405703,0.346250025259159,True,True,OK,214.0,214.20422535211267,212.0,241
2025,0,211.283032467009,320.8750444542441,99.0,215.0,244.0,198.0,1.2323232323232323,35148.5,0.7275314621626097,0.662095650516939,49.17882995803171,0.8631654494701728,dark_blob,75.0,36.0,0.0,455.0,14.743148234633432,0.3378322490960843,True,True,OK,216.0,216.00951457847054,208.5,240
2026,0,208.50919992720515,321.5809076367537,97.0,217.0,245.0,196.0,1.25,34801.0,0.7247188671386922,0.6866789260938504,49.37219756458405,0.8644218383909523,dark_blob,75.0,36.0,0.0,455.0,14.621829268292684,0.33069583931133434,True,True,OK,218.0,217.54,205.0,240
2027,0,206.234592092056,322.67281878388826,95.0,218.0,246.0,196.0,1.2551020408163265,34703.5,0.7197507051601129,0.684338891314763,49.17554921540656,0.8628559080956869,dark_blob,75.0,36.0,0.0,455.0,14.526073430369326,0.32506314296290156,True,True,OK,219.0,218.74799672457158,201.5,240
2028,0,204.11302558071156,323.61070273448985,93.0,220.0,247.0,193.0,1.2797927461139897,34010.0,0.7134316460741331,0.6884590606215796,49.34255108575421,0.8606261183983311,dark_blob,75.0,37.0,0.0,455.0,14.35199836441477,0.31482343320086886,True,True,OK,221.0,220.94402063353675,199.5,241
2029,0,202.64848457773672,325.07955346417685,92.0,222.0,248.0,192.0,1.2916666666666667,33577.0,0.7051621303763441,0.6788574068978256,49.20082547169812,0.8567745987951255,dark_blob,75.0,38.0,0.0,455.0,14.15653285073491,0.3033254618079359,True,True,OK,224.0,223.4098932676519,197.5,241
2030,0,200.8975452491559,326.24436321173806,91.0,225.0,246.0,188.0,1.3085106382978724,32827.5,0.7098144784639335,0.6848074361530829,49.202472486054575,0.8572810562292161,dark_blob,75.0,38.0,0.0,455.0,13.948162989548901,0.29106841114993537,True,True,OK,226.0,226.0385592087677,196.5,241
2031,0,199.47933662543795,327.26566458717105,91.0,228.0,243.0,185.0,1.3135135135135134,32299.5,0.7184851518184852,0.6902598485967731,48.76444812159098,0.859685420533246,dark_blob,75.0,39.0,0.0,455.0,13.782491289198607,0.2813230170116827,True,True,OK,228.0,228.12857142857143,195.0,239
2032,0,198.13369842664656,327.87112415264875,90.0,229.0,243.0,184.0,1.3206521739130435,31864.0,0.7126498479155484,0.6840848387602899,48.36115166009256,0.8577722065353527,dark_blob,75.0,38.0,0.0,455.0,13.672420825837762,0.2748482838728095,True,True,OK,230.0,229.5171526586621,194.5,236
2033,0,196.84701777686422,327.6540863598273,90.0,229.0,236.0,184.0,1.2826086956521738,31623.5,0.7282493551952837,0.6949422171818477,48.219270246589055,0.8625184005903258,dark_blob,75.0,38.0,0.0,455.0,13.630430640243903,0.2723782729555237,True,True,OK,230.0,230.046875,193.0,233
2034,0,195.54446913930528,325.9294777825066,90.0,227.0,233.0,185.0,1.2594594594594595,31720.5,0.7358891079921123,0.712060260701188,47.85709382508035,0.8679746822394591,dark_blob,75.0,37.0,0.0,455.0,13.80825348432056,0.28283844025415056,True,True,OK,227.0,227.80357142857142,192.0,230
2035,0,193.5834429893268,323.328733003321,90.0,224.0,229.0,188.0,1.2180851063829787,31918.0,0.741382514168912,0.7253580792785583,47.267491626349084,0.8734652551659575,dark_blob,75.0,37.0,0.0,455.0,14.07744184174515,0.2986730495144206,True,True,OK,224.0,224.40765676567656,190.5,225
2036,0,192.2203560215902,321.68501420271474,89.0,221.0,228.0,191.0,1.193717277486911,32329.5,0.7423877101129788,0.7286784799392547,46.494763596276336,0.8767534538292434,dark_blob,75.0,37.0,0.0,455.0,14.284881410844184,0.3108753771084814,True,True,OK,221.0,221.7907268170426,189.5,223
2037,0,191.11690934759534,321.05322492554694,89.0,219.0,227.0,193.0,1.1761658031088082,32347.0,0.7383305562529958,0.7231124376227098,46.04492868947787,0.8768382651977317,dark_blob,75.0,36.0,0.0,455.0,14.420862837660636,0.31887428456827266,True,True,OK,220.0,220.0752688172043,188.0,222
2038,0,189.98088906068804,320.87851565519907,88.0,219.0,227.0,194.0,1.1701030927835052,32337.5,0.7343090058585767,0.7094549684363878,45.52456607585637,0.8757057441523581,dark_blob,75.0,36.0,0.0,455.0,14.491153538584568,0.3230090316814452,True,True,OK,219.0,219.18852459016392,187.0,220
2039,0,188.7021114733737,320.6891372975211,87.0,219.0,224.0,194.0,1.1546391752577319,32205.0,0.741094440353461,0.7151887856332916,45.150436493298905,0.8788154764999236,dark_blob,75.0,36.0,0.0,455.0,14.530371806872868,0.32531598863958044,True,True,OK,219.0,218.69377105175766,185.5,218
2040,0,187.24651536349032,320.18716513809005,86.0,218.0,224.0,195.0,1.1487179487179486,32165.0,0.7363782051282052,0.7258330621156418,44.94533534427037,0.8796225548049698,dark_blob,75.0,36.0,0.0,455.0,14.561051982229184,0.32712070483701083,True,True,OK,218.0,218.3067288395703,184.5,218
2041,0,185.86208108499244,319.6367869916682,84.0,217.0,224.0,195.0,1.1487179487179486,32246.0,0.7382326007326008,0.7309029064933026,44.90288609149524,0.8810493477322991,dark_blob,75.0,35.0,0.0,455.0,14.617450638792102,0.3304382728701236,True,True,OK,218.0,217.5952380952381,183.0,217
2042,0,184.22667574566424,319.23847328401786,83.0,217.0,225.0,195.0,1.1538461538461537,32309.0,0.7363874643874644,0.7284125082900101,44.989703989704,0.8804602365037505,dark_blob,75.0,35.0,0.0,455.0,14.664634146341465,0.3332137733142038,True,True,OK,217.0,217.0,181.5,217
2043,0,182.7391008910784,319.3173701089782,81.0,217.0,226.0,195.0,1.158974358974359,32376.5,0.734660766961652,0.7310811048960908,45.069875538974344,0.8802003421445563,dark_blob,75.0,35.0,0.0,455.0,14.656002710027101,0.3327060417663001,True,True,OK,217.0,217.10888888888888,179.5,218
2044,0,181.04878701345476,319.6442695068303,79.0,217.0,227.0,195.0,1.1641025641025642,32392.5,0.7317858353100644,0.7252624422967189,45.26049084629725,0.8781791548316954,dark_blob,75.0,35.0,0.0,455.0,14.599144247880247,0.3293614263458969,True,True,OK,218.0,217.82618025751074,177.0,218
2045,0,179.43888691752676,320.04169173725,77.0,218.0,229.0,194.0,1.1804123711340206,32408.5,0.7294939900058525,0.7272281198924516,45.52543149534137,0.877220772412852,dark_blob,75.0,35.0,0.0,455.0,14.566094204520029,0.327417306148237,True,True,OK,218.0,218.24311926605503,175.0,219
2046,0,177.80427333302507,320.2268185297638,75.0,218.0,227.0,195.0,1.1641025641025642,32441.5,0.7328928046989721,0.734178541440267,45.744552279802235,0.8782824162209567,dark_blob,75.0,35.0,0.0,455.0,14.547795985772357,0.3263409403395504,True,True,OK,218.0,218.47395833333334,173.0,222
2047,0,176.5691066908517,320.3963527735932,73.0,218.0,228.0,195.0,1.1692307692307693,32527.0,0.7316014394961763,0.7342816188781564,45.9351048610477,0.8776000187752288,dark_blob,75.0,35.0,0.0,455.0,14.538614245300536,0.32580083795885506,True,True,OK,219.0,218.589789520824,171.5,222
2048,0,175.69677310511946,320.59856548367634,71.0,219.0,232.0,194.0,1.1958762886597938,32601.0,0.7243378954852471,0.723982908352172,46.090287900874635,0.8743879696472253,dark_blob,75.0,35.0,0.0,455.0,14.523178385549546,0.3248928462087968,True,True,OK,219.0,218.7845188284519,170.0,223
2049,0,175.21474089153514,320.73585069311576,70.0,219.0,233.0,194.0,1.2010309278350515,32666.5,0.7226782000796425,0.7252436813988665,46.10089407485982,0.8740756329866847,dark_blob,75.0,35.0,0.0,455.0,14.509677075954913,0.3240986515267596,True,True,OK,219.0,218.95484304179956,169.5,224
2050,0,175.32565760972054,320.8885287177056,70.0,219.0,235.0,194.0,1.211340206185567,32700.5,0.7172735248958105,0.7189920248719528,46.22918558885861,0.8718830170914177,dark_blob,75.0,35.0,0.0,455.0,14.507045746294782,0.32394386742910486,True,True,OK,219.0,218.98803827751198,170.0,225
2051,0,175.88241444915406,321.0888841282714,71.0,219.0,233.0,193.0,1.2072538860103628,32675.5,0.7266227845849363,0.7293159265843545,46.27070266339424,0.8748779723977148,dark_blob,75.0,35.0,0.0,455.0,14.469927113029248,0.3217604184134852,True,True,OK,220.0,219.4563041125541,170.5,224
2052,0,177.17139577594122,321.5374298540965,72.0,220.0,236.0,192.0,1.2291666666666667,32670.0,0.7210010593220338,0.7172095190899815,46.33463636363636,0.8715684805311278,dark_blob,75.0,35.0,0.0,455.0,14.384449408528294,0.31673231814872316,True,True,OK,221.0,220.53463823087384,171.5,226
2053,0,178.85797355383755,322.2175839827039,74.0,221.0,235.0,191.0,1.2303664921465969,32531.5,0.7247744235267907,0.724501169658179,46.51657080251986,0.8725028742525779,dark_blob,75.0,35.0,0.0,455.0,14.311727363848982,0.312454550814646,True,True,OK,222.0,221.45205479452054,173.0,228
2054,0,181.11076735864037,323.0202281141395,76.0,223.0,238.0,189.0,1.2592592592592593,32323.0,0.7185763194166556,0.7149271840611069,46.78405610682348,0.868761505776805,dark_blob,75.0,35.0,0.0,455.0,14.187560074492373,0.3051505926171984,True,True,OK,223.0,223.01847290640393,175.5,228
2055,0,183.9470474768216,323.8369423184618,79.0,224.0,234.0,188.0,1.2446808510638299,32142.0,0.73063284233497,0.7285455934212868,47.059539210250726,0.8719668855924161,dark_blob,75.0,36.0,0.0,455.0,14.092555183488676,0.29956206961698095,True,True,OK,224.0,224.21699614675825,178.5,228
2056,0,187.39773135634266,324.71036774317867,83.0,225.0,233.0,187.0,1.2459893048128343,32001.5,0.7344678800119345,0.7251651722160992,47.47242243326013,0.870798832711252,dark_blob,75.0,36.0,0.0,455.0,13.951440932007085,0.2912612312945344,True,True,OK,226.0,225.99720670391062,182.0,229
2057,0,191.32729996189997,325.7730752971018,87.0,226.0,232.0,186.0,1.2473118279569892,31933.5,0.740023637374861,0.7140601323872398,48.090362379491,0.869077966433133,dark_blob,75.0,37.0,0.0,455.0,13.875080231065468,0.28676942535679223,True,True,OK,227.0,226.96052631578948,186.5,228
2058,0,195.32640209561228,326.75001964636544,91.0,227.0,233.0,185.0,1.2594594594594595,31812.5,0.7380234311564784,0.7100537989347555,48.52146857498444,0.8667651331902614,dark_blob,75.0,37.0,0.0,455.0,13.775684723829446,0.28092263081349683,True,True,OK,228.0,228.21443886861314,190.5,230
2059,0,199.25333354299013,327.7574742646288,94.0,228.0,236.0,185.0,1.2756756756756757,31798.0,0.7283096655978012,0.6974335874844246,49.250303464160105,0.8611486247883987,dark_blob,75.0,37.0,0.0,455.0,13.67313603014079,0.2748903547141642,True,True,OK,229.0,229.5081300813008,194.5,232
2060,0,202.48715134027515,327.81074101952913,98.0,228.0,237.0,185.0,1.281081081081081,31884.0,0.7271980841601094,0.6904825812513201,49.43328056616072,0.8596038709838713,dark_blob,75.0,38.0,0.0,455.0,13.652133327634767,0.2736549016255745,True,True,OK,229.0,229.7730872513768,197.5,230
2061,0,205.110340224747,326.56144326483303,100.0,226.0,237.0,187.0,1.267379679144385,32214.0,0.7268665809246598,0.6808775921266819,49.636804915514595,0.8589411427803264,dark_blob,75.0,38.0,0.0,455.0,13.812655428024868,0.2830973781191099,True,True,OK,227.0,227.74803921568628,200.5,231
2062,0,207.27423186001985,325.48091552251947,101.0,224.0,237.0,189.0,1.253968253968254,32557.0,0.7268323175496171,0.6839640483368099,49.773096215230275,0.8598391343726681,dark_blob,75.0,38.0,0.0,455.0,13.947071752694272,0.2910042207467219,True,True,OK,224.68,226.05232558139534,203.5,229
2063,0,209.38225749020802,325.3336792308866,101.0,223.0,237.0,190.0,1.2473684210526317,32765.0,0.7276260270930491,0.6781265306056625,49.827357037126546,0.8599349468252502,dark_blob,75.0,38.0,0.0,455.0,14.070121951219512,0.29824246771879487,True,True,OK,224.0,224.5,206.0,229
2064,0,211.40563654624586,325.53497986223124,104.0,223.0,235.0,191.0,1.2303664921465969,32857.0,0.7320262894062605,0.6858515924528666,49.7395089621931,0.8620971394816439,dark_blob,75.0,38.0,0.0,455.0,14.087896956525935,0.29928805626623145,True,True,OK,224.0,224.275761471519,208.5,228
2065,0,212.81008027690737,325.1239826630136,104.0,222.0,237.0,192.0,1.234375,33031.5,0.7259032172995781,0.6869874767255996,49.69358705424034,0.8612059350605061,dark_blob,75.0,38.0,0.0,455.0,14.127077687443542,0.30159280514373776,True,True,OK,223.0,223.78148148148148,210.0,227
2066,0,213.82643069086467,324.4161350205903,105.0,220.0,237.0,193.0,1.2279792746113989,33308.5,0.7281978968540259,0.6833734679861042,49.60193770803614,0.8622562791224646,dark_blob,75.0,38.0,0.0,455.0,14.264518002322882,0.30967752954840483,True,True,OK,222.0,222.04761904761904,211.5,230
2067,0,214.55458241166974,324.0052460094458,105.0,220.0,237.0,193.0,1.2279792746113989,33454.0,0.7313788504842482,0.6894514237074406,49.412612452651516,0.8642515348390166,dark_blob,75.0,37.0,0.0,455.0,14.300669872895911,0.3118041101703477,True,True,OK,221.0,221.59154929577466,213.0,230
2068,0,215.13397419630905,324.02213166549734,105.0,220.0,238.0,193.0,1.233160621761658,33496.5,0.7292310706666086,0.6878336013118317,49.30403428402542,0.8640516321337842,dark_blob,75.0,37.0,0.0,455.0,14.34522955523673,0.31442526795510173,True,True,OK,221.0,221.02941176470588,213.0,229
2069,0,215.19879757923235,324.0728519668737,106.0,220.0,237.0,193.0,1.2279792746113989,33488.0,0.7321221661091799,0.6930902241534181,49.28998403594868,0.8654377824173174,dark_blob,75.0,37.0,0.0,455.0,14.361274260720549,0.3153690741600323,True,True,OK,221.0,220.82700163398692,213.5,229
2070,0,215.21134628885537,324.1455330335937,106.0,220.0,237.0,193.0,1.2279792746113989,33473.5,0.7318051638573708,0.7003963908822921,49.314404022478556,0.8658474929362497,dark_blob,75.0,37.0,0.0,455.0,14.301492714602471,0.31185251262367475,True,True,OK,221.0,221.58116883116884,213.5,230
2071,0,214.4707075247871,324.30098149396866,106.0,220.0,237.0,193.0,1.2279792746113989,33367.5,0.7294877680855251,0.689559106041827,49.35311220554204,0.8641166305761748,dark_blob,75.0,37.0,0.0,455.0,14.327143385070215,0.3133613755923656,True,True,OK,221.0,221.25757575757575,212.0,230
2072,0,213.4784818263079,324.7713348800305,105.0,221.0,238.0,192.0,1.2395833333333333,33189.0,0.7262998949579832,0.6889721529142016,49.508709658175746,0.8626591220933729,dark_blob,75.0,38.0,0.0,455.0,14.259899569583933,0.309405857034349,True,True,OK,222.0,222.10588235294117,211.0,229
2073,0,211.99914923355058,325.1267743291352,105.0,222.0,236.0,191.0,1.2356020942408377,32911.5,0.7301335522229124,0.6836378523557219,49.615747842040356,0.8621480645922311,dark_blob,75.0,38.0,0.0,455.0,14.172897078222798,0.30428806342487047,True,True,OK,223.0,223.20345224395857,209.5,230
2074,0,210.2702803034926,325.5057260836842,103.0,223.0,238.0,190.0,1.2526315789473683,32774.0,0.7247678018575852,0.6714019542835621,49.689527088240624,0.8585970754259612,dark_blob,75.0,38.0,0.0,455.0,14.042592474354064,0.2966230867267097,True,True,OK,224.0,224.84729493891797,207.5,230
2075,0,208.1836696045614,325.7701993059608,102.0,224.0,238.0,189.0,1.2592592592592593,32563.0,0.723911786936997,0.6747860344581994,49.669229834052636,0.8584464018602853,dark_blob,75.0,38.0,0.0,455.0,13.973416954280992,0.2925539384871172,True,True,OK,225.0,225.71997073060902,205.5,230
2076,0,206.0234915046607,326.2103426444928,101.0,225.0,238.0,188.0,1.2659574468085106,32380.5,0.7236836223851243,0.6754826654475121,49.58285958799437,0.8583148510597227,dark_blob,75.0,38.0,0.0,455.0,13.917825963349483,0.2892838801970284,True,True,OK,226.0,226.42127246236038,202.5,231
2077,0,203.58435675928087,326.6946688458246,99.0,226.0,236.0,187.0,1.2620320855614973,32122.5,0.72787319858606,0.6849964045201509,49.455217672612996,0.8600119337442599,dark_blob,75.0,38.0,0.0,455.0,13.815221160466523,0.28324830355685426,True,True,OK,227.0,227.71567151411463,199.5,232
2078,0,200.75211558954427,327.3206815854907,95.0,228.0,238.0,185.0,1.2864864864864864,31906.0,0.7246422893481717,0.6843724893938735,49.287003722084364,0.8592498157076913,dark_blob,75.0,37.0,0.0,455.0,13.765338842533165,0.2803140495607744,True,True,OK,228.0,228.34495614035086,196.5,232
2079,0,197.6716632325107,327.75612774011563,93.0,229.0,235.0,184.0,1.2771739130434783,31788.5,0.7351641998149862,0.6967784334584897,48.919019894766336,0.8633419642283602,dark_blob,75.0,37.0,0.0,455.0,13.697981084385068,0.2763518284932393,True,True,OK,229.0,229.19470016621915,193.5,231
2080,0,194.95930235601406,327.13525750747215,90.0,228.0,235.0,185.0,1.2702702702702702,31840.5,0.7323864289821737,0.7097603876865126,48.39419280629217,0.865356693441387,dark_blob,75.0,37.0,0.0,455.0,13.71202282731642,0.27717781337155417,True,True,OK,229.0,229.01755817846978,190.5,231
2081,0,192.48158887537804,326.0208846485621,87.0,226.0,236.0,186.0,1.2688172043010753,32073.0,0.7306588299617277,0.7071975028609004,47.933432089621334,0.8663158411756118,dark_blob,75.0,36.0,0.0,455.0,13.844962253193962,0.28499777959964484,True,True,OK,227.0,227.34047619047618,187.5,231
2082,0,189.9604892985374,325.4422753107335,84.0,226.0,236.0,186.0,1.2688172043010753,32168.5,0.7328344268270457,0.7243837329452715,47.630939192516,0.8698545174251495,dark_blob,75.0,36.0,0.0,455.0,13.918331603528802,0.2893136237369884,True,True,OK,226.0,226.41489361702128,185.0,229
2083,0,187.64779335854615,325.1239423321349,82.0,226.0,237.0,187.0,1.267379679144385,32126.5,0.7248922583993321,0.7116867108900368,47.2690494530889,0.8672857004069923,dark_blob,75.0,36.0,0.0,455.0,13.92167808627772,0.2895104756633953,True,True,OK,226.0,226.37267645003493,182.5,230
2084,0,185.9901735539756,324.718970888054,81.0,225.0,237.0,188.0,1.2606382978723405,32209.0,0.72288805099201,0.7146254881910529,46.98804438024403,0.8679191609178348,dark_blob,75.0,36.0,0.0,455.0,13.954636103679277,0.29144918256936925,True,True,OK,226.0,225.95689838435374,180.5,231
2085,0,185.0126273963413,324.28084217044665,80.0,225.0,237.0,188.0,1.2606382978723405,32297.5,0.7248743154681749,0.7199474310874039,46.67940779794017,0.8700061488919777,dark_blob,75.0,35.0,0.0,455.0,14.028356936795175,0.29578570216442207,True,True,OK,225.0,225.0268817204301,179.5,232
2086,0,184.41142880745122,324.05382423097177,79.0,225.0,237.0,188.0,1.2606382978723405,32281.0,0.7245039949726187,0.7293990616770465,46.587192541250076,0.871425883267231,dark_blob,75.0,35.0,0.0,455.0,14.061324180518875,0.29772495179522795,True,True,OK,225.0,224.6109872611465,178.5,231
2087,0,184.27139388303365,324.096765860715,79.0,225.0,237.0,188.0,1.2606382978723405,32260.0,0.7240326779782745,0.7250305038998316,46.49094703246793,0.8709112373914203,dark_blob,75.0,35.0,0.0,455.0,14.049862875126447,0.2970507573603792,True,True,OK,225.0,224.75557603686636,178.5,231
2088,0,184.33956903778682,324.03873381563017,80.0,225.0,234.0,188.0,1.2446808510638299,32207.0,0.7321103837061284,0.7270577699786179,46.593274521255346,0.8727011707248266,dark_blob,75.0,35.0,0.0,455.0,14.043975865151321,0.29670446265596007,True,True,OK,225.0,224.82984293193718,179.0,231
2089,0,184.86242586649217,323.99636992490576,81.0,225.0,232.0,188.0,1.2340425531914894,32093.0,0.7358079603815114,0.7283840745385457,46.569991979764325,0.8737564071527014,dark_blob,75.0,36.0,0.0,455.0,14.05090539541759,0.2971120820833877,True,True,OK,225.0,224.74242424242425,180.0,228
2090,0,185.51410620777244,324.0630458998303,82.0,225.0,231.0,188.0,1.2287234042553192,32019.0,0.7372893064382426,0.7273752800979993,46.54506384689113,0.8738878518892004,dark_blob,75.0,36.0,0.0,455.0,14.030605065666043,0.295917945039179,True,True,OK,225.0,224.99852071005915,180.5,227
2091,0,186.44396772206736,324.0902101406157,83.0,225.0,231.0,188.0,1.2287234042553192,31931.0,0.7352629639863683,0.7205526359718204,46.566671833824216,0.8724920383492534,dark_blob,75.0,36.0,0.0,455.0,14.015003419429574,0.2950002011429161,True,True,OK,225.0,225.19534147796537,181.5,227
2092,0,187.5516825038417,324.09992055278536,84.0,225.0,231.0,188.0,1.2287234042553192,31887.0,0.734249792760431,0.7211600173749982,46.56362733227779,0.8723204570135802,dark_blob,75.0,36.0,0.0,455.0,14.010282161645147,0.2947224800967734,True,True,OK,225.0,225.2549019607843,183.0,226
2093,0,188.78485916412143,324.15653535907273,85.0,225.0,230.0,187.0,1.2299465240641712,31922.5,0.7422111136944897,0.7224331343069914,46.62526746674109,0.8739940860757003,dark_blob,75.0,36.0,0.0,455.0,13.991382113821139,0.29361071257771404,True,True,OK,225.0,225.49333333333334,184.5,226
2094,0,190.1816897650401,324.2989395152219,87.0,225.0,232.0,187.0,1.2406417112299466,31856.5,0.7342914438502673,0.7241561882408284,46.75112644106771,0.8723335349104295,dark_blob,75.0,36.0,0.0,455.0,14.009594562606303,0.29468203309448837,True,True,OK,225.0,225.2635762871205,185.5,226
2095,0,191.4594942471,324.6490914132931,88.0,225.0,232.0,187.0,1.2406417112299466,31853.5,0.7342222939332472,0.7138481132325395,47.03216383355605,0.8701433806428523,dark_blob,75.0,36.0,0.0,455.0,13.939714208656161,0.2905714240385977,True,True,OK,226.0,226.14514382926075,187.5,228
2096,0,193.01179474327245,325.3093209277069,89.0,226.0,231.0,186.0,1.2419354838709677,31921.0,0.7429362751943397,0.7135892721864666,47.61659637806996,0.8708055198158371,dark_blob,75.0,36.0,0.0,455.0,13.918665822638705,0.2893332836846297,True,True,OK,226.0,226.41067731440404,188.5,228
2097,0,194.27694682047658,325.9087499019069,90.0,226.0,231.0,186.0,1.2419354838709677,31857.5,0.7414583624261044,0.7094906808983036,48.192045984154106,0.8685166412062626,dark_blob,75.0,36.0,0.0,455.0,13.851743662141056,0.2853966860082974,True,True,OK,227.0,227.25492610837438,189.5,227
2098,0,195.75367233412354,326.68909577112476,90.0,227.0,235.0,186.0,1.2634408602150538,31848.5,0.7286318920155571,0.7024343862201602,48.83121484290021,0.8630601803385471,dark_blob,75.0,37.0,0.0,455.0,13.750475134621476,0.2794397138012633,True,True,OK,228.0,228.53246753246754,191.0,229
2099,0,197.0923297536059,327.42150767233977,91.0,228.0,235.0,185.0,1.2702702702702702,31846.0,0.7325129384703852,0.6951779924344549,49.46912198912199,0.8614081955130285,dark_blob,75.0,37.0,0.0,455.0,13.676171755836082,0.27506892681388717,True,True,OK,229.0,229.4698332340679,192.5,231
2100,0,198.6670477264304,328.0028448982361,92.0,229.0,241.0,184.0,1.309782608695652,31928.5,0.7200184917914487,0.6729723309618434,49.52591123233325,0.8557062510001194,dark_blob,75.0,38.0,0.0,455.0,13.644194434902097,0.2731879079354175,True,True,OK,230.0,229.8732394366197,194.0,234
2101,0,199.87343340851933,327.6684140934899,93.0,228.0,240.0,185.0,1.2972972972972974,32142.5,0.7239301801801802,0.6860360827934067,49.76016134991994,0.8579532755943817,dark_blob,75.0,38.0,0.0,455.0,13.688382541720154,0.27578720833647963,True,True,OK,229.0,229.31578947368422,195.0,233
2102,0,200.69098971047183,326.8862280999907,94.0,227.0,239.0,186.0,1.2849462365591398,32363.0,0.7280109776398075,0.6905614248381401,49.7483332313903,0.8601271667366308,dark_blob,75.0,38.0,0.0,455.0,13.809573428012762,0.2829160840007507,True,True,OK,227.0,227.78691983122363,196.5,235
2103,0,201.50109934039577,326.66928048299224,94.0,226.0,241.0,187.0,1.2887700534759359,32519.5,0.7215812013224754,0.6806846468137776,49.81459614097024,0.8578692742139972,dark_blob,75.0,38.0,0.0,455.0,13.888279706595958,0.28754586509387986,True,True,OK,226.04,226.794009855251,197.5,235
2104,0,202.11162281375044,326.581601219899,95.0,226.0,239.0,187.0,1.2780748663101604,32571.0,0.7287718434654197,0.676987305974774,49.84101613540369,0.8590109270355344,dark_blob,75.0,38.0,0.0,455.0,13.8978740936058,0.2881102408003412,True,True,OK,226.0,226.67297297297299,199.0,235
2105,0,202.61892286636433,326.2595191404175,95.0,225.0,239.0,188.0,1.2712765957446808,32636.0,0.7263420279533517,0.688317183307874,49.83646730559262,0.8600501254414026,dark_blob,75.0,38.0,0.0,455.0,13.932631988761099,0.2901548228682999,True,True,OK,226.0,226.2344887571677,199.5,234
2106,0,203.05163100202122,326.06984771883737,96.0,225.0,239.0,188.0,1.2712765957446808,32735.5,0.7285564853556485,0.6893690012540714,49.79577890662796,0.8610579009551009,dark_blob,75.0,38.0,0.0,455.0,13.986890243902439,0.2933464849354376,True,True,OK,225.0,225.55,200.0,235
2107,0,203.3972313408148,326.1054584319414,96.0,225.0,239.0,188.0,1.2712765957446808,32747.5,0.7288235555951215,0.6946996462870806,49.83553486685004,0.8615806277162412,dark_blob,75.0,38.0,0.0,455.0,13.969714567275544,0.29233615101620847,True,True,OK,225.0,225.76667776667776,200.5,234
2108,0,203.67078535419182,326.14925144893186,97.0,225.0,238.0,188.0,1.2659574468085106,32696.5,0.7307460218129805,0.6906410147787424,49.891135868248966,0.8611683657982985,dark_blob,75.0,38.0,0.0,455.0,13.928408130671187,0.28990636062771685,True,True,OK,225.0,226.28777435153273,200.5,234
2109,0,203.75814252479492,326.1105975266316,97.0,225.0,238.0,188.0,1.2659574468085106,32668.0,0.7301090649025568,0.6919594394395836,49.92537268209914,0.861246719904717,dark_blob,75.0,38.0,0.0,455.0,13.949514817728824,0.2911479304546367,True,True,OK,225.0,226.02150537634407,200.5,234
2110,0,203.77880028834798,326.15203709668344,97.0,225.0,238.0,188.0,1.2659574468085106,32599.5,0.728578133381012,0.6894594037591073,49.946471945591455,0.8602053538724618,dark_blob,75.0,38.0,0.0,455.0,13.887338593974174,0.2874905055278926,True,True,OK,225.98,226.80588235294118,201.0,234
2111,0,203.7471963933502,326.3027639027639,97.0,225.0,238.0,188.0,1.2659574468085106,32532.5,0.7270807259073843,0.6901386761994756,49.89247900693684,0.8601058605444216,dark_blob,75.0,38.0,0.0,455.0,13.895236185487455,0.2879550697345562,True,True,OK,226.0,226.70625119846596,200.5,234
2112,0,203.4510296953336,326.50140120838154,97.0,226.0,239.0,187.0,1.2780748663101604,32412.5,0.7252254268006175,0.6840333774520274,49.78109255244434,0.858922065110753,dark_blob,75.0,38.0,0.0,455.0,13.852268956363034,0.28542758566841375,True,True,OK,226.0,227.2482993197279,200.0,234
2113,0,202.8194706604367,326.74904333116723,96.0,226.0,240.0,187.0,1.2834224598930482,32317.0,0.7200757575757576,0.6845247080579641,49.73690013168775,0.8576590422485639,dark_blob,75.0,38.0,0.0,455.0,13.8056161745828,0.28268330438722356,True,True,OK,227.0,227.83684210526314,199.0,234
2114,0,201.82371754997095,327.06371298830555,95.0,227.0,240.0,186.0,1.2903225806451613,32152.0,0.7202508960573477,0.6875427244259291,49.57185951303599,0.8581377644119733,dark_blob,75.0,38.0,0.0,455.0,13.766289055728175,0.2803699444545985,True,True,OK,228.0,228.3329688354292,197.5,235
2115,0,200.50658461345736,327.3551933104712,94.0,228.0,240.0,185.0,1.2972972972972974,31930.5,0.7191554054054055,0.6853324487926674,49.4262823492949,0.8574036252691141,dark_blob,75.0,37.0,0.0,455.0,13.681052808234504,0.27535604754320614,True,True,OK,229.0,229.40825688073394,196.0,234
2116,0,199.03325224306155,327.6789296084125,93.0,229.0,241.0,184.0,1.309782608695652,31857.5,0.7184173732635757,0.6729190030346377,49.29627558786071,0.8558580052518724,dark_blob,75.0,37.0,0.0,455.0,13.657633242999097,0.27397842605877043,True,True,OK,229.0,229.7037037037037,194.0,235
2117,0,197.2375923859809,327.42577431368545,91.0,228.0,238.0,185.0,1.2864864864864864,31818.5,0.7226550079491256,0.687749068865169,48.99937791601866,0.8589632856799045,dark_blob,75.0,37.0,0.0,455.0,13.630225316290595,0.27236619507591736,True,True,OK,229.0,230.04946524064172,192.5,233
2118,0,195.90768041694736,326.8917054421449,90.0,228.0,239.0,185.0,1.2918918918918918,31914.5,0.721802555693769,0.6885839791444053,48.667793351525674,0.8599874212345905,dark_blob,75.0,37.0,0.0,455.0,13.713414634146343,0.2772596843615496,True,True,OK,229.0,229.0,191.0,233
2119,0,194.51162681742227,326.5519081307034,89.0,227.0,236.0,186.0,1.2688172043010753,32016.5,0.7293716967377437,0.7039527861793036,48.53437828479565,0.8640110602853843,dark_blob,75.0,36.0,0.0,455.0,13.758925366571546,0.2799367862689145,True,True,OK,228.0,228.4258646063282,189.5,232
2120,0,193.0535963058621,326.29565103962847,87.0,227.0,235.0,186.0,1.2634408602150538,31942.5,0.7307824296499656,0.7051485787289834,48.29144716454911,0.8649573191782131,dark_blob,75.0,36.0,0.0,455.0,13.765316492450639,0.2803127348500376,True,True,OK,228.0,228.3452380952381,188.0,230
2121,0,192.32990007606304,326.15394954831044,86.0,227.0,236.0,186.0,1.2688172043010753,31991.0,0.7287907782030253,0.7088742056651847,48.245992945107986,0.8650556535250222,dark_blob,75.0,36.0,0.0,455.0,13.765864612238937,0.28034497719052576,True,True,OK,228.0,228.33832335329342,187.0,231
2122,0,191.7345122154243,325.99914679319096,86.0,227.0,234.0,186.0,1.2580645161290323,32036.0,0.7360536715375425,0.7184034913197442,48.21460354737037,0.8679199937695103,dark_blob,75.0,36.0,0.0,455.0,13.777369733924612,0.2810217490543889,True,True,OK,227.8,228.1931818181818,186.0,231
2123,0,191.5407762143949,325.9697740201125,86.0,227.0,235.0,186.0,1.2634408602150538,32053.0,0.7333104552733928,0.7165401096320627,48.20948116121062,0.8673664520738587,dark_blob,75.0,36.0,0.0,455.0,13.822016673556567,0.2836480396209745,True,True,OK,227.0,227.62994350282486,186.0,231
2124,0,191.4505168483183,325.95924029022615,86.0,227.0,235.0,186.0,1.2634408602150538,32021.0,0.7325783573552963,0.7174092552130916,48.15475454433041,0.8671631149864618,dark_blob,75.0,36.0,0.0,455.0,13.77959444129325,0.2811526141937206,True,True,OK,227.8,228.16511627906976,186.0,231
2125,0,191.72062142034468,326.105215157153,86.0,227.0,235.0,186.0,1.2634408602150538,31980.5,0.7316517959277054,0.71131062233363,48.248676757359085,0.8660707973296126,dark_blob,75.0,36.0,0.0,455.0,13.782826816363402,0.28134275390372954,True,True,OK,228.0,228.12433862433863,186.0,230
2126,0,192.45775047800646,326.2959524442152,87.0,227.0,234.0,185.0,1.2648648648648648,31990.5,0.738981288981289,0.7233057212008218,48.337077608614926,0.8688120026936005,dark_blob,75.0,36.0,0.0,455.0,13.758794254103458,0.2799290737707917,True,True,OK,228.0,228.427518640541,187.5,230
2127,0,193.428475234501,326.5402788434937,88.0,228.0,235.0,184.0,1.2771739130434783,31929.5,0.7384250693802035,0.7005038237469636,48.512291143556844,0.865612079468545,dark_blob,75.0,36.0,0.0,455.0,13.756571815718159,0.2797983421010682,True,True,OK,228.0,228.45555555555555,188.0,230
2128,0,194.76385120121296,326.86205003529136,89.0,228.0,235.0,184.0,1.2771739130434783,31877.5,0.737222479185939,0.6993629925188999,48.72505976961531,0.8643859283269175,dark_blob,75.0,37.0,0.0,455.0,13.68409622452389,0.275535072030817,True,True,OK,229.0,229.36986301369862,190.0,229
2129,0,196.24587002096433,327.1714465408805,91.0,228.0,234.0,185.0,1.2648648648648648,31800.0,0.7345807345807346,0.7024545551918409,48.98565114541832,0.8636621888203723,dark_blob,75.0,37.0,0.0,455.0,13.67963830765122,0.2752728416265424,True,True,OK,229.0,229.42610134963076,191.5,231
2130,0,198.07122986247543,327.59597118533065,93.0,229.0,236.0,184.0,1.2826086956521738,31812.5,0.7326017870302137,0.6855111571838027,49.268159900451074,0.8603372224848894,dark_blob,75.0,37.0,0.0,455.0,13.623937546193645,0.27199632624668496,True,True,OK,229.8,230.12878787878788,193.0,231
2131,0,199.6291637914811,327.58997239821844,94.0,229.0,239.0,184.0,1.298913043478261,31882.0,0.7249863561942878,0.6759128407855765,49.407424651581465,0.8574687451954542,dark_blob,75.0,37.0,0.0,455.0,13.660678290667205,0.2741575465098356,True,True,OK,229.0,229.66528925619835,195.0,232
2132,0,200.83300058231427,327.2933668164046,95.0,228.0,237.0,185.0,1.281081081081081,32056.0,0.7311209944121336,0.6890807526496664,49.47616548317382,0.8607469779224286,dark_blob,75.0,37.0,0.0,455.0,13.742336849044166,0.2789609911202451,True,True,OK,228.0,228.63513513513513,196.0,232
2133,0,201.52650009611835,326.92669025463573,96.0,227.0,237.0,186.0,1.2741935483870968,32078.5,0.7277006487908897,0.6906222566582184,49.45119091694434,0.8601691464264023,dark_blob,75.0,37.0,0.0,455.0,13.732335457776689,0.27837267398686405,True,True,OK,228.0,228.76130653266333,197.0,231
2134,0,202.06781738118974,326.8797825274178,97.0,227.0,235.0,186.0,1.2634408602150538,32096.0,0.7342942118508351,0.6944478770642196,49.40181930311441,0.8623901255740962,dark_blob,75.0,38.0,0.0,455.0,13.770069579530151,0.28059232820765595,True,True,OK,227.68,228.28527607361963,198.0,229
2135,0,202.32647225206426,326.9329409749794,97.0,227.0,236.0,186.0,1.2688172043010753,32113.5,0.7315814652815746,0.6958959048976844,49.40151631892009,0.861938637719106,dark_blob,75.0,38.0,0.0,455.0,13.76491206238593,0.2802889448462312,True,True,OK,227.8,228.35034013605443,198.0,231
2136,0,202.31988134872478,326.90936764263563,97.0,227.0,236.0,186.0,1.2688172043010753,32139.0,0.7321623838162931,0.6908649337507328,49.38696763465032,0.8613541494728023,dark_blob,75.0,38.0,0.0,455.0,13.741865299334812,0.27893325290204773,True,True,OK,227.8,228.64108391608391,198.5,231
2137,0,202.08303494514846,326.9910379757345,96.0,227.0,237.0,186.0,1.2741935483870968,32117.0,0.7285740211424164,0.6859255629333335,49.42226741856953,0.8600934805124519,dark_blob,75.0,38.0,0.0,455.0,13.77347373933862,0.2807925729022718,True,True,OK,228.0,228.24233128834356,198.0,232
2138,0,201.51415405555642,327.3015860646582,95.0,228.0,238.0,185.0,1.2864864864864864,32081.5,0.7286282080399727,0.6891914064575266,49.4711090544501,0.8602890054922473,dark_blob,75.0,38.0,0.0,455.0,13.753635953026198,0.27962564429565867,True,True,OK,228.0,228.4925925925926,197.0,234
2139,0,200.52174025947045,327.57960695106624,94.0,228.0,239.0,185.0,1.2918918918918918,32091.0,0.7257944136605224,0.6868530668619665,49.44151117964533,0.8591251833553625,dark_blob,75.0,38.0,0.0,455.0,13.699802907119981,0.2764589945364695,True,True,OK,229.0,229.17171717171718,196.0,235
2140,0,199.3198153127801,327.68982552685884,93.0,228.0,239.0,185.0,1.2918918918918918,31982.0,0.7233291869275132,0.6815693813768335,49.300160911003836,0.8581343649921336,dark_blob,75.0,37.0,0.0,455.0,13.686090617516435,0.2756523892656726,True,True,OK,229.0,229.34470297902345,194.5,235
2141,0,197.97721775562763,327.7362097157574,92.0,229.0,240.0,184.0,1.3043478260869565,31903.5,0.7224524456521739,0.6817970929256335,49.14396054345803,0.8576864953539601,dark_blob,75.0,37.0,0.0,455.0,13.588236014599854,0.26989623615293257,True,True,OK,229.98,230.57917643120186,193.5,234
2142,0,196.8417941131965,327.5559434173932,91.0,229.0,240.0,184.0,1.3043478260869565,31941.5,0.7233129528985507,0.6811366685218787,48.918298426075104,0.8585299306337307,dark_blob,75.0,37.0,0.0,455.0,13.641051258204671,0.27300301518851006,True,True,OK,229.0,229.91289181957185,191.5,234
2143,0,195.99247289983487,327.21269136805694,90.0,228.0,239.0,185.0,1.2918918918918918,31995.5,0.7236345131742621,0.6924560297266048,48.824084385053204,0.8604895417356864,dark_blob,75.0,37.0,0.0,455.0,13.701239763047418,0.2765435154733775,True,True,OK,229.0,229.15359068155564,190.5,234
2144,0,195.28512932718607,327.05665390325856,89.0,228.0,240.0,185.0,1.2972972972972974,31992.5,0.7205518018018018,0.6930151259610896,48.784618240316796,0.8600431890447826,dark_blob,75.0,37.0,0.0,455.0,13.716412174625948,0.27743601027211456,True,True,OK,229.0,228.96218487394958,190.0,234
2145,0,194.93443297894515,327.00780175109446,89.0,228.0,239.0,185.0,1.2918918918918918,31980.0,0.7232839534094764,0.6953240631622916,48.758039057905975,0.860940480737075,dark_blob,75.0,37.0,0.0,455.0,13.711421427560506,0.27714243691532386,True,True,OK,229.0,229.02514506769825,189.5,234
2146,0,194.86221631621459,326.98994762760884,89.0,228.0,239.0,185.0,1.2918918918918918,31982.5,0.7233404953070225,0.6958225107015528,48.81067029770379,0.8609089161381898,dark_blob,75.0,37.0,0.0,455.0,13.710553345506716,0.2770913732651009,True,True,OK,229.0,229.03609625668452,189.5,234
2147,0,194.8377576970379,326.9948825380943,89.0,228.0,239.0,185.0,1.2918918918918918,31982.0,0.7233291869275132,0.696885505171661,48.7574041407483,0.8612798543664764,dark_blob,75.0,37.0,0.0,455.0,13.735371165221244,0.2785512450130143,True,True,OK,229.0,228.72300991567047,189.5,232
2148,0,195.26078247261347,327.0557642149191,89.0,228.0,238.0,185.0,1.2864864864864864,31950.0,0.7256416079945491,0.6961882274477696,48.83020972088845,0.8614998779446608,dark_blob,75.0,37.0,0.0,455.0,13.723913631589557,0.27787727244644456,True,True,OK,229.0,228.8675511091779,190.5,231
2149,0,195.91542350925576,327.1821852409009,90.0,228.0,237.0,185.0,1.281081081081081,31908.0,0.7277454669859733,0.6974232715112378,49.00058936658602,0.8616869976444851,dark_blob,75.0,37.0,0.0,455.0,13.70632773380714,0.2768428078710082,True,True,OK,229.0,229.08940397350995,191.0,232
2150,0,196.85452626188197,327.4092578947643,91.0,228.0,236.0,185.0,1.2756756756756757,31893.5,0.730497022446175,0.6969215756347626,49.22020170674942,0.8618607086296243,dark_blob,75.0,37.0,0.0,455.0,13.713414634146343,0.2772596843615496,True,True,OK,229.0,229.0,192.0,230
2151,0,197.88001777359574,327.5316500692647,92.0,229.0,236.0,184.0,1.2826086956521738,31882.5,0.7342137988209285,0.6930209289276931,49.28784727611362,0.8620354954315711,dark_blob,75.0,37.0,0.0,455.0,13.705564392600447,0.2767979054470851,True,True,OK,229.0,229.09903381642513,193.0,230
2152,0,198.87160788126863,327.4566441353136,93.0,228.0,235.0,185.0,1.2702702702702702,31881.5,0.7333294997124784,0.689988809247113,49.37272614391259,0.8612132812780694,dark_blob,75.0,37.0,0.0,455.0,13.687697821634705,0.27574693068439443,True,True,OK,229.0,229.32442748091603,194.0,230
2153,0,199.48076923076923,327.3456892591664,94.0,228.0,234.0,185.0,1.2648648648648648,31928.0,0.7375375375375376,0.6884374186833516,49.36731657419175,0.8619595001101588,dark_blob,75.0,37.0,0.0,455.0,13.687447434819177,0.2757322020481869,True,True,OK,229.0,229.32758620689654,195.0,231
2154,0,199.8605810340153,327.3437819349725,94.0,228.0,235.0,185.0,1.2702702702702702,31966.0,0.7352731454859115,0.6892567834068684,49.4389609585436,0.8615097005235327,dark_blob,75.0,37.0,0.0,455.0,13.701603596122945,0.2765649174189968,True,True,OK,229.0,229.14900078737207,195.5,230
2155,0,199.92494512312754,327.3905669132867,94.0,228.0,236.0,185.0,1.2756756756756757,31965.5,0.7321461291800275,0.6924302582369826,49.39762207016132,0.8612709908287519,dark_blob,75.0,37.0,0.0,455.0,13.699798387096774,0.2764587286527514,True,True,OK,229.0,229.1717741935484,195.5,230
2156,0,199.91616332321428,327.4464421702709,94.0,228.0,236.0,185.0,1.2756756756756757,31953.0,0.7318598259276226,0.6941102870378675,49.31760879665479,0.8614697023577046,dark_blob,75.0,37.0,0.0,455.0,13.684486527969456,0.27555803105702686,True,True,OK,229.0,229.3649391856161,195.5,231
2157,0,199.56405434629306,327.4665141376626,94.0,228.0,237.0,185.0,1.281081081081081,31906.5,0.7277112555593568,0.6854319666336176,49.328566997518614,0.8593956182676469,dark_blob,75.0,38.0,0.0,455.0,13.667235399418216,0.2745432587893068,True,True,OK,229.0,229.58256880733944,195.0,234
2158,0,198.9163478224508,327.5518879759142,93.0,228.0,237.0,185.0,1.281081081081081,31886.0,0.7272436993955981,0.6896469244764367,49.15249239555528,0.8601498237020817,dark_blob,75.0,37.0,0.0,455.0,13.67078923147722,0.27475230773395415,True,True,OK,229.0,229.53773584905662,194.0,232
2159,0,198.17328000836469,327.64784608950225,92.0,229.0,238.0,184.0,1.2934782608695652,31880.0,0.7279868469126781,0.6888967587502405,49.075466426597956,0.8604110388973193,dark_blob,75.0,37.0,0.0,455.0,13.678215077605321,0.2751891222120777,True,True,OK,229.0,229.44405594405595,193.0,233
2160,0,197.56422190879172,327.6258475683017,92.0,229.0,237.0,184.0,1.2880434782608696,31905.0,0.73163181067694,0.6894369858388208,48.76322972889137,0.8614538329788763,dark_blob,75.0,37.0,0.0,455.0,13.608924611973393,0.2711132124690231,True,True,OK,229.92,230.3181818181818,192.0,233
2161,0,197.06163772178462,327.56576412922624,91.0,229.0,238.0,184.0,1.2934782608695652,31928.5,0.7290943551333577,0.6925109431477686,48.75750906667493,0.8613618834324579,dark_blob,75.0,37.0,0.0,455.0,13.62345141308556,0.2719677301815035,True,True,OK,229.0,230.13492063492063,192.0,234
2162,0,196.94109977679034,327.52710849656836,91.0,229.0,238.0,184.0,1.2934782608695652,31958.0,0.7297679941541834,0.6875911766437234,48.76473320739525,0.8612025349530108,dark_blob,75.0,37.0,0.0,455.0,13.673889866485892,0.2749346980285819,True,True,OK,229.0,229.4986201458703,191.5,234
2163,0,196.91242995282403,327.5400630750384,91.0,229.0,238.0,184.0,1.2934782608695652,31972.5,0.730099104859335,0.6904561400512409,48.79458288190683,0.8613856716011885,dark_blob,75.0,37.0,0.0,455.0,13.643736344501507,0.2731609614412651,True,True,OK,229.0,229.87901842321176,191.5,235
2164,0,197.0465053216731,327.60598238450586,91.0,229.0,240.0,184.0,1.3043478260869565,31960.5,0.7237432065217392,0.6895764671956521,48.827119588778096,0.8597865275575445,dark_blob,75.0,37.0,0.0,455.0,13.637381781981086,0.27278716364594624,True,True,OK,229.0,229.9591836734694,192.0,234
2165,0,197.40011677066553,327.57723806098136,91.0,229.0,239.0,184.0,1.298913043478261,31971.5,0.7270215572130253,0.6934435883901168,48.971953937592865,0.8609369433804914,dark_blob,75.0,37.0,0.0,455.0,13.677890695573623,0.2751700409160955,True,True,OK,229.0,229.44814814814814,192.0,233
2166,0,197.80493316840725,327.60434444496633,92.0,229.0,238.0,184.0,1.2934782608695652,31933.5,0.7292085312385824,0.6926193887755985,49.017975578007814,0.8610156393024011,dark_blob,75.0,37.0,0.0,455.0,13.641140602582498,0.27300827074014694,True,True,OK,229.0,229.91176470588235,193.0,233
2167,0,198.21746453900707,327.5734407592824,93.0,229.0,237.0,184.0,1.2880434782608696,31960.0,0.7328930471473124,0.6957771965619357,49.06992443948966,0.8622258618366746,dark_blob,75.0,37.0,0.0,455.0,13.661522504400303,0.27420720614119426,True,True,OK,229.0,229.65463917525773,193.0,232
2168,0,198.4353407993317,327.5212624324536,93.0,229.0,237.0,184.0,1.2880434782608696,31922.5,0.7320331131902403,0.6887565841722812,49.03441220238095,0.8614498846073024,dark_blob,75.0,37.0,0.0,455.0,13.69359756097561,0.27609397417503584,True,True,OK,229.0,229.25,194.0,232
2169,0,198.50492623704446,327.52244755098627,93.0,229.0,237.0,184.0,1.2880434782608696,31904.0,0.7316088791047515,0.6894153735479776,49.084716319756794,0.8613567693800888,dark_blob,75.0,37.0,0.0,455.0,13.696194280908328,0.2762467224063722,True,True,OK,229.0,229.21724137931034,194.0,232
2170,0,198.53120362823165,327.53219115096033,93.0,229.0,237.0,184.0,1.2880434782608696,31898.0,0.7314712896716199,0.6907857662106727,48.99320529924607,0.8613333823423246,dark_blob,75.0,37.0,0.0,455.0,13.640227771325332,0.27295457478384305,True,True,OK,229.0,229.92328042328043,194.0,232
2171,0,198.42573020552385,327.469856154216,93.0,229.0,237.0,184.0,1.2880434782608696,31886.0,0.7311961108053568,0.6875318086626855,48.994102858561725,0.860962520268455,dark_blob,75.0,37.0,0.0,455.0,13.6541169196657,0.27377158350974706,True,True,OK,229.0,229.74806347498657,193.5,232
2172,0,198.0948910448307,327.50215507107816,92.0,229.0,238.0,184.0,1.2934782608695652,31901.5,0.7284778041651443,0.6868115964594463,48.96959826275788,0.8603159704411832,dark_blob,75.0,37.0,0.0,455.0,13.652524185856384,0.27367789328566966,True,True,OK,229.0,229.768156424581,193.0,232
2173,0,197.87009677200348,327.4927486278012,92.0,229.0,239.0,184.0,1.298913043478261,31913.5,0.7257026559941786,0.6834867857768908,48.882690399404616,0.8594951715054991,dark_blob,75.0,37.0,0.0,455.0,13.656673030625937,0.27392194297799627,True,True,OK,229.0,229.71581715210357,192.5,233
2174,0,197.59599803712752,327.50271983127647,92.0,228.0,238.0,185.0,1.2864864864864864,31926.0,0.7250965250965251,0.6869026803175772,48.84407452183887,0.8599592401543171,dark_blob,75.0,37.0,0.0,455.0,13.676190672379699,0.27507003955174697,True,True,OK,229.0,229.46959459459458,192.5,233
2175,0,197.30440249603473,327.5248455630687,91.0,228.0,239.0,185.0,1.2918918918918918,31944.0,0.7224697500848128,0.683706785171401,48.79778796703637,0.8589309683181413,dark_blob,75.0,37.0,0.0,455.0,13.649850437183618,0.2735206139519775,True,True,OK,229.0,229.80188679245282,192.0,233
2176,0,197.07357465402703,327.46305102775085,91.0,228.0,237.0,185.0,1.281081081081081,31963.0,0.7289998859619112,0.6855951202203763,48.79090937238753,0.8607948052867066,dark_blob,75.0,37.0,0.0,455.0,13.6823025764558,0.27542956332092944,True,True,OK,229.0,229.3924905739422,191.5,233
2177,0,196.92292126275822,327.45627128544527,91.0,228.0,236.0,185.0,1.2756756756756757,31956.5,0.731939990838296,0.6865060923291203,48.87367606069991,0.8613653125467882,dark_blob,75.0,37.0,0.0,455.0,13.677370752749164,0.2751394560440685,True,True,OK,229.0,229.45470742685671,191.5,233
2178,0,196.73799436132344,327.405859637603,91.0,228.0,237.0,185.0,1.281081081081081,31981.5,0.7294218268901813,0.6891528495264634,48.88002104351055,0.8611165391415654,dark_blob,75.0,37.0,0.0,455.0,13.677078398614121,0.27512225874200713,True,True,OK,229.0,229.45839558671418,191.5,232
2179,0,196.57763538329297,327.38850772316425,91.0,228.0,236.0,185.0,1.2756756756756757,31992.5,0.7327645442052222,0.6923911030601149,48.91356535189482,0.8621278375804531,dark_blob,75.0,37.0,0.0,455.0,13.668890582801552,0.27464062251773835,True,True,OK,229.0,229.56168803234965,191.5,232
2180,0,196.57299798080726,327.29718041591207,91.0,228.0,237.0,185.0,1.281081081081081,32026.0,0.7304367658798039,0.6950687306293672,48.882289316727956,0.8621318692123449,dark_blob,75.0,37.0,0.0,455.0,13.691848995695839,0.2759911173938729,True,True,OK,229.0,229.27205882352942,191.0,233
2181,0,196.4248226175045,327.2169714574256,91.0,228.0,237.0,185.0,1.281081081081081,32016.5,0.7302200935112327,0.6899070451833788,48.81047327583542,0.8616410405476981,dark_blob,75.0,37.0,0.0,455.0,13.698900721401582,0.27640592478832837,True,True,OK,229.0,229.18309859154928,191.0,233
2182,0,196.27527502535696,327.09321474083896,91.0,228.0,238.0,185.0,1.2864864864864864,32042.5,0.7277424483306836,0.6883535837429751,48.77449345193971,0.861027373730856,dark_blob,75.0,37.0,0.0,455.0,13.70725787354961,0.2768975219735065,True,True,OK,229.0,229.07766990291262,191.0,233
2183,0,196.07611875919196,326.9286571771566,90.0,228.0,238.0,185.0,1.2864864864864864,32070.5,0.7283783783783784,0.6919498169847957,48.699821009751886,0.8620298494793115,dark_blob,75.0,37.0,0.0,455.0,13.756782703585232,0.27981074726971955,True,True,OK,228.0,228.45289512400169,190.5,233
2184,0,195.87966652140528,326.7455332129739,90.0,227.0,238.0,186.0,1.2795698924731183,32126.0,0.7257160928887684,0.6927067333279082,48.584244739517544,0.8619180380594067,dark_blob,75.0,37.0,0.0,455.0,13.784842435081885,0.2814613197106991,True,True,OK,228.0,228.098910818967,190.5,234
2185,0,195.4416258392306,326.5193716463178,90.0,227.0,238.0,186.0,1.2795698924731183,32147.5,0.726201771030993,0.6957456617371898,48.49572044334975,0.8626318351696006,dark_blob,75.0,37.0,0.0,455.0,13.797852598091199,0.28222662341712934,True,True,OK,228.0,227.93478260869566,190.0,233
2186,0,195.04999223963992,326.21432045113556,89.0,226.0,239.0,187.0,1.2780748663101604,32215.0,0.7208063902624572,0.6982797101845263,48.305250867975545,0.8622534613149194,dark_blob,75.0,36.0,0.0,455.0,13.822462096242583,0.2836742409554461,True,True,OK,227.0,227.62432432432433,190.0,232
2187,0,194.4430422919509,325.8158460457232,89.0,226.0,238.0,187.0,1.2727272727272727,32252.0,0.7246663371230845,0.6960491606852637,48.09452492020624,0.8635046697829821,dark_blob,75.0,36.0,0.0,455.0,13.86945993031359,0.2864388194302112,True,True,OK,227.0,227.03142857142856,189.0,232
2188,0,193.81094612013405,325.3697654034545,88.0,225.0,239.0,187.0,1.2780748663101604,32325.0,0.7232676258026984,0.7021911802438815,47.813516244602994,0.864891420586807,dark_blob,75.0,36.0,0.0,455.0,13.942534665307074,0.29073733325335727,True,True,OK,226.0,226.10956268381847,188.5,231
2189,0,193.05020436492634,324.8351250610524,88.0,224.0,238.0,188.0,1.2659574468085106,32417.5,0.7245105489004112,0.7046500667191932,47.62842748091603,0.8661845473065436,dark_blob,75.0,36.0,0.0,455.0,14.006825627957774,0.2945191545857514,True,True,OK,225.0,225.29850746268656,188.0,234
2190,0,191.8953962434661,323.99957382133357,87.0,223.0,235.0,189.0,1.2433862433862435,32459.0,0.7308116627265563,0.7147893986428451,47.23414053922166,0.8700053363213422,dark_blob,75.0,36.0,0.0,455.0,14.088699300858556,0.29933525299167973,True,True,OK,224.0,224.26563958916898,187.5,231
2191,0,190.77079243353782,323.07542944785274,86.0,222.0,234.0,190.0,1.231578947368421,32600.0,0.7332433648223122,0.7201263688116105,46.961096938775505,0.8722370211220632,dark_blob,75.0,35.0,0.0,455.0,14.181434872859368,0.3047902866387864,True,True,OK,223.0,223.09574468085106,186.0,228
2192,0,189.49367230429976,321.8241231621672,85.0,220.0,234.0,192.0,1.21875,32726.5,0.7284210292022792,0.7164200154609793,46.566432720232335,0.8724064970142023,dark_blob,75.0,35.0,0.0,455.0,14.340011614401858,0.3141183302589328,True,True,OK,221.0,221.0952380952381,185.0,227
2193,0,188.26450813871196,320.3587756546355,84.0,218.0,231.0,194.0,1.190721649484536,32970.0,0.7357075913776945,0.719983928765328,46.32491516771268,0.8762211991879246,dark_blob,75.0,35.0,0.0,455.0,14.566910258797245,0.3274653093410144,True,True,OK,218.0,218.23282442748092,184.0,226
2194,0,186.949999248561,318.6547388248496,83.0,215.0,231.0,197.0,1.1725888324873097,33269.5,0.731085327532028,0.724477003776614,46.16672619047619,0.8771271239797506,dark_blob,75.0,35.0,0.0,455.0,14.75132536482643,0.33831325675449586,True,True,OK,215.0,215.90635693603582,182.5,225
2195,0,185.73069856127577,316.4072060025258,83.0,212.0,228.0,200.0,1.14,33652.5,0.7379934210526315,0.7204632973896633,46.30860673826688,0.8793818685265732,dark_blob,75.0,35.0,0.0,455.0,15.003946141309736,0.3531733024299845,True,True,OK,212.0,212.7194486788618,181.5,224
2196,0,184.3389054550974,313.39023948372187,81.0,207.0,228.0,205.0,1.1121951219512196,34038.5,0.7282520325203252,0.7040452087405741,46.835582964859206,0.8765038016462998,dark_blob,75.0,36.0,0.0,455.0,15.381097560975611,0.3753586800573889,True,True,OK,207.0,207.96153846153845,180.0,219
2197,0,182.55323566564547,309.4461351569797,80.0,201.0,226.0,211.0,1.0710900473933649,34436.5,0.7221511554754015,0.6784903306725495,47.8189972401104,0.8727125588242398,dark_blob,75.0,36.0,0.0,455.0,15.799035969140489,0.3999432923023817,True,True,OK,202.0,202.68908469699693,178.5,216
2198,0,180.13187527605322,301.03781122674326,79.0,194.0,210.0,215.0,0.9767441860465116,33583.5,0.7438205980066446,0.6081249000508152,48.717105650816094,0.8705187599538831,dark_blob,75.0,37.0,0.0,455.0,16.339176829268293,0.4317162840746055,True,True,OK,194.0,195.875,177.0,206
2199,0,176.90734338037024,283.15595515779137,77.0,184.0,196.0,209.0,0.937799043062201,30224.5,0.7378307782443121,0.614660308734903,49.04803350566062,0.8735574798818043,dark_blob,75.0,39.0,0.0,455.0,17.051442675941672,0.4736142750553925,True,True,OK,185.0,186.88949239581277,175.5,196
2200,0,171.8523307760457,259.9891990725905,76.0,172.0,194.0,183.0,1.0601092896174864,26525.5,0.7471550898540927,0.8755195487340285,47.627109153352244,0.9154263589607887,dark_blob,75.0,43.0,0.0,455.0,18.046747967479675,0.5321616451458633,True,True,OK,172.0,174.33333333333334,172.0,194
2201,0,169.56300484114774,239.13723022421104,73.0,155.0,195.0,177.0,1.1016949152542372,25028.5,0.7251484861654354,0.8635216337683643,48.866511094411266,0.9146626647867563,dark_blob,75.0,47.0,0.0,455.0,19.377958831995155,0.6104681665879503,True,True,OK,155.0,157.53959627329192,168.5,193
2202,0,167.1692308648652,208.9475722482268,71.0,107.0,194.0,196.0,0.9897959183673469,26811.5,0.7051204502419525,0.7226226335185121,48.463400236127505,0.9172364485302282,dark_blob,75.0,44.0,0.0,455.0,23.308737769427115,0.8416904570251244,True,True,OK,107.0,107.95130813953489,159.5,194
2203,0,166.77572547344437,202.32886800512603,70.0,105.0,195.0,197.0,0.9898477157360406,29262.5,0.7617467135233633,0.8635856703965348,45.30622122935283,0.9530384380481339,dark_blob,75.0,36.0,0.0,455.0,23.39995281649245,0.8470560480289677,True,True,OK,106.0,106.80059523809524,159.5,195
2204,0,167.4399208704253,201.46121237812633,70.0,104.0,196.0,197.0,0.9949238578680203,29487.5,0.7636874546773024,0.8680204269716932,45.59679532399476,0.9539065182499856,dark_blob,75.0,36.0,0.0,455.0,23.477255129694157,0.8516032429231857,True,True,OK,104.7,105.82539682539682,160.5,196
2205,0,168.53185807372924,201.05471503988935,71.0,103.0,197.0,198.0,0.9949494949494949,29644.5,0.7599984617751115,0.8651354910382778,45.493333778861896,0.953292239229099,dark_blob,75.0,35.0,0.0,455.0,23.536364439731358,0.8550802611606682,True,True,OK,104.0,105.07971014492753,161.0,196
2206,0,168.33533372447124,201.6585812868438,71.0,104.0,197.0,198.0,0.9949494949494949,29827.5,0.7646900476849715,0.8673761206863981,45.376208030287934,0.9547950950672562,dark_blob,75.0,35.0,0.0,455.0,23.533731000353484,0.8549253529619696,True,True,OK,104.0,105.11293199554069,160.5,196
2207,0,167.8264771242939,202.36447324523456,71.0,105.0,196.0,197.0,0.9949238578680203,29474.5,0.7633507717807936,0.8654417137888054,45.454160505444285,0.9534744959539043,dark_blob,75.0,36.0,0.0,455.0,23.423516260162604,0.8484421329507414,True,True,OK,105.0,106.50333333333333,160.5,195
2208,0,167.73328125530688,202.65563404997226,70.0,105.0,197.0,197.0,1.0,29443.0,0.75866422736994,0.8607911445978726,45.44595458368377,0.9516707763996963,dark_blob,75.0,36.0,0.0,455.0,23.384028030578815,0.8461192959164009,True,True,OK,106.0,107.00149253731342,160.5,195
2209,0,167.97353661023863,202.62227207831938,71.0,105.0,196.0,197.0,0.9949238578680203,29418.0,0.7618874961151973,0.8622379100601248,45.44747474747474,0.9525679746081323,dark_blob,75.0,36.0,0.0,455.0,23.38723930717568,0.8463081945397458,True,True,OK,106.0,106.96098104793757,160.5,195
2210,0,168.294639162401,202.50859650017856,71.0,105.0,196.0,197.0,0.9949238578680203,29401.5,0.7614601678234746,0.8654888537276959,45.291985311457736,0.9531718270189357,dark_blob,75.0,36.0,0.0,455.0,23.389959349593497,0.8464681970349116,True,True,OK,105.7,106.92666666666666,161.0,196
2211,0,168.51835348673728,202.4572186601813,71.0,105.0,196.0,197.0,0.9949238578680203,29399.5,0.7614083704547809,0.8654299796228893,45.23307840032344,0.9534009988978404,dark_blob,75.0,36.0,0.0,455.0,23.41327594901889,0.8478397617069935,True,True,OK,105.0,106.63251879699249,160.5,195
2212,0,168.35859820700895,202.09165874309517,71.0,105.0,196.0,197.0,0.9949238578680203,29448.0,0.7626644566456025,0.8653053736989703,45.24029599730912,0.953887662862676,dark_blob,75.0,36.0,0.0,455.0,23.453977932636473,0.8502339960374395,True,True,OK,105.0,106.11904761904762,161.0,196
2213,0,168.06836924714017,201.55966672892856,71.0,104.0,196.0,197.0,0.9949238578680203,29445.5,0.7625997099347354,0.866784074555466,45.31483163454099,0.9539830684152293,dark_blob,75.0,36.0,0.0,455.0,23.466205771212643,0.8509532806595672,True,True,OK,104.7,105.96478873239437,161.0,196
2214,0,167.87020783915057,201.17060883316387,71.0,104.0,196.0,197.0,0.9949238578680203,29510.0,0.7642701750751062,0.8671271926292795,45.33566058002148,0.9546557318518969,dark_blob,75.0,36.0,0.0,455.0,23.517861303239897,0.8539918413670528,True,True,OK,104.0,105.31313432835822,160.5,196
2215,0,167.68902518227355,201.2888986779165,70.0,104.0,197.0,197.0,1.0,29511.5,0.760429281867608,0.8612540620950306,45.32415922668994,0.9531953740429016,dark_blob,75.0,36.0,0.0,455.0,23.529077175100113,0.8546515985353008,True,True,OK,104.0,105.17164179104478,160.0,195
2216,0,167.64573067131784,201.68704948661934,70.0,104.0,197.0,197.0,1.0,29526.5,0.7608157901517689,0.8638716527307805,45.126169948673216,0.9537665858864219,dark_blob,75.0,35.0,0.0,455.0,23.495251899240305,0.8526618764259003,True,True,OK,104.0,105.59836065573771,160.0,195
2217,0,167.62583812057636,202.15114131263664,70.0,104.0,197.0,198.0,0.9949494949494949,29505.5,0.7564349074501359,0.85890890464175,45.07818584664965,0.9519931410796288,dark_blob,75.0,35.0,0.0,455.0,23.443193130910903,0.8495995959359355,True,True,OK,105.0,106.25510204081633,160.0,195
2218,0,167.61165251484385,202.49856786943036,70.0,105.0,197.0,197.0,1.0,29501.5,0.7601716096781674,0.8662345001669232,45.004096296545015,0.9538480768972014,dark_blob,75.0,35.0,0.0,455.0,23.44603123662816,0.8497665433310682,True,True,OK,105.0,106.21929824561404,160.0,195
2219,0,167.69006953351786,202.98737032786516,70.0,105.0,197.0,198.0,0.9949494949494949,29626.0,0.7595241757678306,0.8661413058589287,44.8526815567741,0.9540057247491693,dark_blob,75.0,35.0,0.0,455.0,23.450629425649097,0.8500370250381822,True,True,OK,105.0,106.16129032258064,160.0,195
2220,0,167.515806322529,204.1780881366631,70.0,105.0,196.0,199.0,0.9849246231155779,29571.5,0.7581658291457286,0.8586634761828223,44.97162859248341,0.9521525531340713,dark_blob,75.0,35.0,0.0,455.0,23.376741864395548,0.8456906979056205,True,True,OK,106.0,107.09341032608695,159.5,195
2221,0,167.39468102463695,205.9085804625832,70.0,105.0,196.0,201.0,0.9751243781094527,29623.5,0.7519418215047213,0.8455688792878168,45.28958807008158,0.9487023048602936,dark_blob,75.0,35.0,0.0,455.0,23.390940766550525,0.8465259274441486,True,True,OK,106.0,106.91428571428571,158.0,195
2222,0,167.2080355991952,208.9077850821886,70.0,106.0,196.0,204.0,0.9607843137254902,29738.5,0.7437600040016007,0.819448387150336,45.91384133750749,0.9422764436218549,dark_blob,75.0,36.0,0.0,455.0,23.335704607046072,0.8432767415909455,True,True,OK,106.0,107.61111111111111,156.0,195
2223,0,167.28735942571993,214.69409236412324,71.0,107.0,195.0,209.0,0.9330143540669856,29625.5,0.7269169427064164,0.8123436426238648,46.44947013004379,0.9367089077209273,dark_blob,75.0,37.0,0.0,455.0,23.33342572062084,0.8431426894482847,True,True,OK,107.0,107.63986013986013,157.5,195
2224,0,167.83049077415,225.99966558127255,71.0,133.0,195.0,191.0,1.0209424083769634,28407.5,0.7627198281648544,0.8852363053151854,46.17015935004707,0.9411625509081563,dark_blob,75.0,38.0,0.0,455.0,21.178445536047047,0.7163791491792381,True,True,OK,133.0,134.82576400679116,164.5,194
2225,0,168.11522487874328,235.95151504410137,72.0,143.0,194.0,191.0,1.0157068062827226,28211.5,0.7613617962972958,0.881426787266907,46.56254608011797,0.9348027909718581,dark_blob,75.0,39.0,0.0,455.0,20.350751559841182,0.6676912682259519,True,True,OK,144.0,145.2674418604651,165.0,194
2226,0,168.45319209848267,247.37031801698632,72.0,155.0,194.0,190.0,1.0210526315789474,27944.0,0.7581117742810635,0.8835069445874874,46.652252507709214,0.9286082419838917,dark_blob,75.0,39.0,0.0,455.0,19.405118255728013,0.6120657797487067,True,True,OK,156.0,157.1969696969697,166.0,193
2227,0,168.76513415449247,261.05637114484864,73.0,168.0,194.0,193.0,1.005181347150259,27928.0,0.745900325837295,0.8760802124508961,46.55920842642835,0.9188480699265164,dark_blob,75.0,40.0,0.0,455.0,18.32343205574913,0.5484371797499489,True,True,OK,169.0,170.84285714285716,167.0,193
2228,0,172.79139980744273,288.2839172841056,74.0,184.0,193.0,220.0,0.8772727272727273,31852.0,0.75016486104569,0.6199843761456727,48.85741350394434,0.8775393487333683,dark_blob,75.0,39.0,0.0,455.0,17.098717409587888,0.476395141740464,True,True,OK,184.0,186.29310344827587,169.0,193
2229,0,174.57037692284626,308.1303687266984,75.0,201.0,209.0,210.0,0.9952380952380953,33349.0,0.759831396673502,0.7250895025478646,47.29367577197149,0.8874248662022773,dark_blob,75.0,37.0,0.0,455.0,15.775942581300814,0.3985848577235773,True,True,OK,201.0,202.98041666666666,170.5,206
2230,0,175.8647258197996,319.70932629104266,76.0,219.0,220.0,193.0,1.1398963730569949,31618.5,0.7446655675930287,0.7425206052151087,45.52343676613333,0.8812362434207627,dark_blob,75.0,35.0,0.0,455.0,14.369962884411454,0.315880169671262,True,True,OK,219.0,220.7173913043478,171.0,215
2231,0,177.52176948464077,322.86192032664803,77.0,223.0,224.0,190.0,1.1789473684210525,31512.0,0.7404135338345864,0.7412062127347018,44.79956016336789,0.8804768754589849,dark_blob,75.0,35.0,0.0,455.0,14.195621725266289,0.3056248073686052,True,True,OK,223.0,222.91677208125606,171.5,218
2232,0,180.73058783766214,319.5664352754595,80.0,218.0,227.0,194.0,1.1701030927835052,32052.5,0.7278373223125483,0.726043672161754,45.61740177909563,0.8757729348227526,dark_blob,75.0,36.0,0.0,455.0,14.435262065386613,0.3197212979639184,True,True,OK,219.0,219.89361702127658,174.0,219
2233,0,184.41996648910896,315.65171680796254,83.0,211.0,229.0,201.0,1.1393034825870647,33322.5,0.723945773316822,0.7149436624854083,46.53754271282128,0.8753918477657285,dark_blob,75.0,36.0,0.0,455.0,15.035433604336044,0.35502550613741435,True,True,OK,211.0,212.32222222222222,178.0,220
2234,0,188.3582889521169,312.7812261374966,86.0,205.0,229.0,208.0,1.1009615384615385,34267.5,0.7194218172657038,0.7124331694039062,47.298115824760146,0.8751570213181012,dark_blob,75.0,36.0,0.0,455.0,15.457980645513318,0.3798812144419599,True,True,OK,206.0,206.99162877967814,182.5,221
2235,0,191.7841002732359,310.74550028191004,90.0,202.0,227.0,210.0,1.0809523809523809,34585.5,0.7255191944619257,0.7086938740539795,48.502376589165046,0.8755732559401019,dark_blob,75.0,37.0,0.0,455.0,15.761344004065041,0.3977261178861789,True,True,OK,203.0,203.16458333333333,186.5,221
2236,0,195.7485954523023,309.7606100292298,93.0,200.0,227.0,212.0,1.070754716981132,35124.0,0.7298645166652814,0.7018710830433751,49.46655952179552,0.8750882854280815,dark_blob,75.0,36.0,0.0,455.0,15.963262556800805,0.40960367981181206,True,True,OK,200.0,200.61730312958986,191.5,223
2237,0,199.93040778267874,309.84473631055556,97.0,199.0,228.0,212.0,1.0754716981132075,35480.5,0.734038811651771,0.7058629611271805,49.930353952657434,0.8755191854699371,dark_blob,75.0,37.0,0.0,455.0,15.947143254396854,0.40865548555275616,True,True,OK,200.0,200.82065432914737,196.5,223
2238,0,205.0460308145167,311.9074959013339,101.0,201.0,233.0,210.0,1.1095238095238096,35784.0,0.7313304721030043,0.6867141729432342,49.999391205689456,0.871567243227969,dark_blob,75.0,37.0,0.0,455.0,15.78902128173121,0.3993541930430124,True,True,OK,201.56,202.8154238304678,202.5,227
2239,0,209.85313798689864,314.73461999013875,104.0,205.0,235.0,206.0,1.1407766990291262,35492.5,0.7331646354059078,0.6889060536111439,49.70220126663504,0.8704687691978997,dark_blob,75.0,37.0,0.0,455.0,15.394391431738994,0.3761406724552349,True,True,OK,205.62,207.79383116883116,208.5,228
2240,0,214.46682487175798,318.4844767246752,109.0,211.0,234.0,200.0,1.17,34765.0,0.7428418803418804,0.6879871280218415,49.76058784996155,0.869121216229103,dark_blob,75.0,37.0,0.0,455.0,14.84153777513385,0.34361986912552056,True,True,OK,212.0,214.76829268292684,214.0,227
2241,0,219.74101126858736,324.0093662871747,110.0,218.0,236.0,197.0,1.1979695431472082,34432.0,0.7406005334251053,0.6938295050412093,49.280611951457985,0.8668723531656739,dark_blob,75.0,37.0,0.0,455.0,14.27069475240207,0.31004086778835704,True,True,OK,219.0,221.96969696969697,219.0,231
2242,0,220.75705519696663,324.85493067816725,110.0,219.0,238.0,197.0,1.2081218274111676,34549.0,0.7368724139401953,0.7005899064034585,48.61909948124158,0.8683461025392936,dark_blob,75.0,37.0,0.0,455.0,14.31158536585366,0.3124461979913917,True,True,OK,220.0,221.45384615384614,220.0,235
2243,0,219.25077113040328,321.59945079306056,110.0,214.0,238.0,199.0,1.1959798994974875,34959.5,0.7381339470461551,0.6763502223111282,48.79206434620069,0.867077957841334,dark_blob,75.0,37.0,0.0,455.0,14.598546150167387,0.32932624412749334,True,True,OK,215.0,217.83372549019606,219.5,234
2244,0,217.03437147307645,318.7366921304717,109.0,209.0,237.0,204.0,1.161764705882353,35737.0,0.7391619094895342,0.670061031949441,48.72577650937907,0.8696596397731572,dark_blob,75.0,36.0,0.0,455.0,15.106241764252504,0.35919069201485315,True,True,OK,210.0,211.4289500509684,216.5,233
2245,0,215.03287528426256,316.5581694643178,107.0,206.0,236.0,206.0,1.145631067961165,36131.5,0.7432018265591575,0.6587292225225437,48.69741565951382,0.8704157860770079,dark_blob,75.0,36.0,0.0,455.0,15.306157646430481,0.37095044979002834,True,True,OK,207.0,208.90693430656933,214.5,233
2246,0,213.20222840713896,315.65533632781285,105.0,204.0,237.0,208.0,1.1394230769230769,36289.0,0.7361449204803635,0.67381035634832,48.70975576477009,0.8715165759222807,dark_blob,75.0,36.0,0.0,455.0,15.452913279132792,0.37958313406663485,True,True,OK,205.0,207.05555555555554,212.0,233
2247,0,211.3533183341666,315.82494491046793,102.0,205.0,240.0,207.0,1.1594202898550725,36002.0,0.7246779388083736,0.6703894356502883,48.696949693319034,0.8681725551004519,dark_blob,75.0,36.0,0.0,455.0,15.378048780487806,0.37517934002869446,True,True,OK,206.0,208.0,210.0,233
2248,0,209.57559986419045,317.821131405024,100.0,208.0,242.0,204.0,1.1862745098039216,35834.5,0.7258649327499594,0.6761537034361125,48.62381518224777,0.8678167688615873,dark_blob,75.0,36.0,0.0,455.0,15.132367291874674,0.36072748775733376,True,True,OK,209.0,211.0993664717349,207.5,236
2249,0,207.9454899819944,320.6229647933188,98.0,213.0,243.0,199.0,1.221105527638191,34804.0,0.7197303389374858,0.6844827169105319,48.846543385490754,0.86435182301955,dark_blob,75.0,36.0,0.0,455.0,14.673334324806664,0.33372554851803904,True,True,OK,215.0,216.890243902439,205.5,237
2250,0,206.35902026679972,324.91738698678716,96.0,220.0,245.0,194.0,1.2628865979381443,34070.5,0.7168209551861981,0.6690761388186861,49.118807566028416,0.8584445668964135,dark_blob,75.0,37.0,0.0,455.0,14.178748870822043,0.3046322865189437,True,True,OK,221.22,223.12962962962962,204.0,238
2251,0,205.1633646210816,326.48247490049306,95.0,223.0,246.0,192.0,1.28125,33666.0,0.7127794715447154,0.6715734598695225,48.80373419582476,0.8576007556750139,dark_blob,75.0,37.0,0.0,455.0,14.034742317762163,0.296161312809539,True,True,OK,224.0,224.9463276836158,203.0,238
2252,0,204.34008874264632,324.8907019643035,95.0,221.0,246.0,192.0,1.28125,33430.0,0.7077828590785907,0.6668657053888755,48.80425771303369,0.8566124257374879,dark_blob,75.0,37.0,0.0,455.0,14.14939024390244,0.3029053084648494,True,True,OK,222.28,223.5,202.0,239
2253,0,203.67962380881104,324.2619967070798,95.0,220.0,245.0,193.0,1.2694300518134716,33405.0,0.7064608226710374,0.6768015345138703,48.770090079412114,0.8578117284689772,dark_blob,75.0,37.0,0.0,455.0,14.189024390243903,0.3052367288378766,True,True,OK,222.0,223.0,201.0,237
2254,0,202.98120088086145,324.67381356445844,95.0,222.0,244.0,190.0,1.2842105263157895,32998.0,0.7117773943054357,0.6705490681179419,48.66952609478105,0.8577474583515055,dark_blob,75.0,37.0,0.0,455.0,14.07519512195122,0.29854088952654234,True,True,OK,223.0,224.436,199.5,237
2255,0,202.25035122515598,326.10062600718976,95.0,225.0,240.0,187.0,1.2834224598930482,32268.0,0.7189839572192513,0.680555792905317,48.826278984173726,0.8589470371411568,dark_blob,75.0,38.0,0.0,455.0,13.856023478459083,0.2856484399093578,True,True,OK,226.0,227.20093457943926,199.0,234
2256,0,201.00169805980943,327.94040019705875,95.0,228.0,238.0,185.0,1.2864864864864864,31801.0,0.7222575516693164,0.677712085675787,49.11236969036875,0.8573313031365002,dark_blob,75.0,38.0,0.0,455.0,13.608390774125132,0.2710818102426548,True,True,OK,229.0,230.3249163879599,197.5,233
2257,0,199.23133297480834,327.1350057469446,94.0,228.0,238.0,184.0,1.2934782608695652,31611.0,0.7218441724515894,0.6795149622926797,48.91619971826577,0.8583805381949966,dark_blob,75.0,38.0,0.0,455.0,13.70287897499228,0.2766399397054283,True,True,OK,228.0,229.13291139240508,196.0,232
2258,0,197.11594519635543,325.4233128834356,92.0,225.0,236.0,187.0,1.2620320855614973,32029.5,0.7257658841656848,0.695328362410475,48.39269491054046,0.863312237791975,dark_blob,75.0,37.0,0.0,455.0,13.905460583623693,0.2885565049190408,True,True,OK,226.0,226.5772664835165,193.5,230
2259,0,194.9242162784009,324.46879493816505,90.0,223.0,235.0,190.0,1.236842105263158,32452.0,0.7268085106382979,0.7009958015462232,47.850715309764205,0.8664391497826938,dark_blob,75.0,36.0,0.0,455.0,14.109756097560975,0.30057388809182206,True,True,OK,224.0,224.0,191.0,229
2260,0,192.33930632232307,323.6286090057494,89.0,223.0,231.0,189.0,1.2222222222222223,32061.0,0.7343503057788772,0.719623703544069,47.50209967269808,0.8710381629302928,dark_blob,75.0,36.0,0.0,455.0,14.119020176482254,0.3011188339107208,True,True,OK,224.0,223.8831300813008,188.5,227
2261,0,190.4178364127093,323.53160137972714,87.0,223.0,231.0,190.0,1.2157894736842105,31987.0,0.7287992709045341,0.7141399319991012,47.07377835546065,0.8699706670411013,dark_blob,75.0,36.0,0.0,455.0,14.120035769546757,0.301178574679221,True,True,OK,224.0,223.8703179841794,186.5,226
2262,0,188.50305762527913,323.12533654749234,86.0,223.0,230.0,189.0,1.216931216931217,31942.0,0.7348056130664826,0.717883579260968,46.5428907896368,0.8731395996669336,dark_blob,75.0,36.0,0.0,455.0,14.189024390243903,0.3052367288378766,True,True,OK,223.0,223.0,184.0,225
2263,0,186.68755195344968,322.5801226101413,84.0,222.0,230.0,190.0,1.2105263157894737,32080.0,0.7340961098398169,0.7124128599861823,46.30891474064246,0.8728634518476424,dark_blob,75.0,36.0,0.0,455.0,14.205578652377433,0.3062105089633784,True,True,OK,223.0,222.79116161616162,182.5,226
2264,0,184.87087138390174,322.23407570768876,82.0,222.0,231.0,190.0,1.2157894736842105,32194.0,0.7335156071998177,0.7210115055785132,46.01780497555276,0.874870126072414,dark_blob,75.0,35.0,0.0,455.0,14.3001723223754,0.3117748424926705,True,True,OK,222.0,221.5978260869565,180.5,225
2265,0,183.36812455505,322.2701065816489,80.0,222.0,232.0,191.0,1.2146596858638743,32307.0,0.7290801588734429,0.721944492108197,45.76783525373866,0.8744045895504132,dark_blob,75.0,35.0,0.0,455.0,14.287838289341797,0.3110493111377528,True,True,OK,222.0,221.75342465753425,178.0,226
2266,0,181.72624476500698,322.2569463833307,78.0,222.0,231.0,190.0,1.2157894736842105,32235.0,0.7344497607655502,0.7212687613403438,45.62218605079696,0.8756946893503598,dark_blob,75.0,35.0,0.0,455.0,14.274136652853795,0.31024333252081143,True,True,OK,222.0,221.9262760716906,176.5,223
2267,0,180.76034472126295,322.1590404538727,77.0,221.0,232.0,192.0,1.2083333333333333,32432.0,0.7280890804597702,0.7186461266647891,45.49855001678928,0.8744123338203045,dark_blob,75.0,35.0,0.0,455.0,14.30759094667218,0.31221123215718705,True,True,OK,222.0,221.50423728813558,175.5,226
2268,0,180.07612158522508,321.9839066307554,76.0,221.0,232.0,192.0,1.2083333333333333,32487.5,0.7293350395114943,0.7280562747926229,45.57675311614299,0.8759637428036599,dark_blob,75.0,35.0,0.0,455.0,14.357795144852858,0.3151644202854622,True,True,OK,221.0,220.87089201877933,174.0,226
2269,0,179.6317899193693,322.0751767160292,76.0,221.0,233.0,192.0,1.2135416666666667,32514.5,0.726808386981402,0.7218690618442408,45.571202387114454,0.8745641488196113,dark_blob,75.0,35.0,0.0,455.0,14.33860129417621,0.31403537024565936,True,True,OK,221.0,221.11302982731553,173.5,225
2270,0,179.61377958412874,322.0886446209742,76.0,221.0,233.0,192.0,1.2135416666666667,32478.0,0.7259924892703863,0.7205938293516065,45.61208315552033,0.8742092554037629,dark_blob,75.0,35.0,0.0,455.0,14.347761815842897,0.3145742244613469,True,True,OK,221.0,220.99746632321268,173.5,225
2271,0,179.9885705773271,322.0538852331859,76.0,221.0,234.0,192.0,1.21875,32445.5,0.7221665776353277,0.7156015174497093,45.66189662537377,0.8725731795486563,dark_blob,75.0,35.0,0.0,455.0,14.330121951219512,0.31353658536585366,True,True,OK,222.0,221.22,174.0,223
2272,0,180.75236550001287,322.0132735841768,77.0,221.0,232.0,191.0,1.2146596858638743,32357.5,0.7302198050189564,0.7206260616235733,45.76190913262965,0.8746600703312595,dark_blob,75.0,35.0,0.0,455.0,14.313748794267605,0.3125734584863297,True,True,OK,222.0,221.42655367231637,175.0,223
2273,0,181.72331424444099,322.23070216168804,78.0,222.0,232.0,190.0,1.2210526315789474,32305.0,0.7328720508166969,0.7260418612343509,45.91235328368729,0.8752498698377373,dark_blob,75.0,35.0,0.0,455.0,14.252512420957544,0.3089713188798555,True,True,OK,222.0,222.19907407407408,176.0,222
2274,0,183.01588090614885,322.54883624595465,80.0,222.0,232.0,190.0,1.2210526315789474,32187.5,0.7302064428312159,0.7190813361530007,46.014639847450326,0.8732632133954623,dark_blob,75.0,35.0,0.0,455.0,14.188852067868506,0.3052265922275592,True,True,OK,223.0,223.00217391304346,177.5,222
2275,0,184.6288613910064,322.9983439167404,81.0,223.0,232.0,190.0,1.2210526315789474,32204.5,0.7305921052631579,0.7334201879901844,46.287822424447384,0.8745839818040683,dark_blob,75.0,35.0,0.0,455.0,14.193555273078836,0.3055032513575786,True,True,OK,223.0,222.94284117039007,179.5,226
2276,0,186.27810911959966,323.32519426320135,83.0,223.0,230.0,190.0,1.2105263157894737,32108.5,0.7347482837528604,0.7319099522644357,46.58538390379279,0.8742609529339064,dark_blob,75.0,35.0,0.0,455.0,14.10920047868703,0.30054120462864886,True,True,OK,224.0,224.0070093457944,181.5,227
2277,0,188.22662391825668,323.6819153372953,85.0,224.0,231.0,189.0,1.2222222222222223,31970.0,0.7322659703612084,0.7239795049962767,46.9065490013934,0.8721365299152238,dark_blob,75.0,36.0,0.0,455.0,14.104833735110608,0.30028433735944754,True,True,OK,224.0,224.06209749552772,183.5,226
2278,0,190.4355318627834,324.3368299279316,87.0,224.0,232.0,188.0,1.2340425531914894,31983.5,0.7332974137931034,0.7260949900941149,47.41198501872659,0.8710565701039374,dark_blob,75.0,36.0,0.0,455.0,14.00070195170146,0.29415893833538,True,True,OK,225.0,225.37575999392004,185.5,227
2279,0,192.5739531929956,325.14588148333223,88.0,225.0,232.0,187.0,1.2406417112299466,32018.0,0.7380140143831827,0.7296494630469001,47.93101635694629,0.871237818320612,dark_blob,75.0,36.0,0.0,455.0,13.948434410019777,0.2910843770599869,True,True,OK,226.0,226.03513513513514,188.0,228
2280,0,195.33796498678154,326.1599221465892,90.0,226.0,235.0,186.0,1.2634408602150538,32026.0,0.7326927476549988,0.7191112885056509,48.52582449850091,0.8672611861549024,dark_blob,75.0,36.0,0.0,455.0,13.875554897467763,0.2867973469098684,True,True,OK,227.0,226.95453821656054,190.5,229
2281,0,197.71627329062838,327.0637180430912,92.0,227.0,236.0,186.0,1.2688172043010753,31924.5,0.7272758337889557,0.697337542160359,49.0386308674893,0.8618869513858026,dark_blob,75.0,37.0,0.0,455.0,13.771719813378528,0.28068940078697224,True,True,OK,228.0,228.26445773891703,193.5,231
2282,0,200.06755637511526,328.0741197980966,94.0,228.0,239.0,185.0,1.2918918918918918,31995.5,0.7236345131742621,0.6808179689149672,49.25669656665636,0.8580396309255215,dark_blob,75.0,38.0,0.0,455.0,13.660066498762815,0.2741215587507538,True,True,OK,229.0,229.6730072463768,196.5,233
2283,0,201.4692714819427,327.62346409298465,95.0,227.0,238.0,186.0,1.2795698924731183,32120.0,0.7255805548025662,0.6794954547112252,49.07801571406563,0.8588974568339721,dark_blob,75.0,38.0,0.0,455.0,13.703301093355762,0.27666477019739777,True,True,OK,228.0,229.12758620689655,198.0,233
2284,0,202.746515200559,326.47670720491595,95.0,225.0,241.0,188.0,1.2819148936170213,32438.5,0.7159552396927695,0.6641174100270092,49.02629812679236,0.8559391496502582,dark_blob,75.0,38.0,0.0,455.0,13.856804590982668,0.2856943877048628,True,True,OK,226.0,227.19108054452636,199.5,234
2285,0,203.74658779780145,326.11448755669977,97.0,224.0,239.0,189.0,1.2645502645502646,32628.0,0.7223218436607558,0.6787710160206154,48.907780979827095,0.8596619707202988,dark_blob,75.0,38.0,0.0,455.0,13.91539024390244,0.28914060258249646,True,True,OK,225.0,226.452,201.0,234
2286,0,204.67649606620193,326.30948086095145,98.0,224.0,238.0,189.0,1.2592592592592593,32708.0,0.72713529856387,0.6775434342372603,48.84675442578302,0.8608503905640634,dark_blob,75.0,38.0,0.0,455.0,13.943388022797755,0.29078753075280916,True,True,OK,225.0,226.0987972508591,202.5,233
2287,0,205.20941281346077,325.8873288659951,98.0,223.0,238.0,190.0,1.2526315789473683,32905.5,0.7276758071649713,0.6800116038543219,48.853717964143904,0.8619851481154376,dark_blob,75.0,38.0,0.0,455.0,14.06799557517911,0.29811738677524174,True,True,OK,224.0,224.52682505158663,203.5,233
2288,0,205.65855944373064,325.36423046884835,98.0,222.0,238.0,191.0,1.2460732984293195,33077.5,0.7276496986229046,0.6835660852931635,48.72465286090495,0.8628936019449489,dark_blob,75.0,38.0,0.0,455.0,14.109756097560975,0.30057388809182206,True,True,OK,223.0,224.0,204.0,233
2289,0,205.83800477446914,325.35403945219247,98.0,222.0,240.0,191.0,1.256544502617801,33162.5,0.7234402268760908,0.6769139275307782,48.701190938124945,0.861384483917136,dark_blob,75.0,38.0,0.0,455.0,14.138516728485257,0.3022656899108975,True,True,OK,223.0,223.63717357910906,204.5,233
2290,0,206.0668154582378,325.40519061406684,98.0,222.0,240.0,191.0,1.256544502617801,33156.0,0.7232984293193717,0.6792275324583563,48.64652495820397,0.8616069653677494,dark_blob,75.0,38.0,0.0,455.0,14.11700772326669,0.3010004543098053,True,True,OK,223.0,223.9085179526356,204.5,234
2291,0,206.0893504979549,325.3318007778347,98.0,222.0,240.0,191.0,1.256544502617801,33169.0,0.7235820244328097,0.6809335784118742,48.59258706616133,0.8619324203938299,dark_blob,75.0,38.0,0.0,455.0,14.109756097560975,0.30057388809182206,True,True,OK,223.0,224.0,204.5,234
2292,0,205.86810707034152,325.28444705787746,98.0,222.0,240.0,191.0,1.256544502617801,33162.0,0.7234293193717277,0.677915587074793,48.60662050026864,0.8615104281212644,dark_blob,75.0,38.0,0.0,455.0,14.109756097560975,0.30057388809182206,True,True,OK,222.98,224.0,204.5,234
2293,0,205.5712961283431,325.47603140052803,98.0,222.0,240.0,191.0,1.256544502617801,33078.0,0.7215968586387435,0.6761984083826749,48.66586869351846,0.8607910288378948,dark_blob,75.0,38.0,0.0,455.0,14.109756097560975,0.30057388809182206,True,True,OK,223.0,224.0,204.0,234
2294,0,205.30042699411302,325.6827711665277,97.0,223.0,241.0,190.0,1.268421052631579,32982.5,0.7202991919633107,0.6781199474810483,48.75304603565212,0.8601950941588916,dark_blob,75.0,38.0,0.0,455.0,14.045460704607047,0.2967918061533557,True,True,OK,224.0,224.8111111111111,203.0,234
2295,0,204.67105897885088,325.82809556452634,97.0,223.0,241.0,190.0,1.268421052631579,32822.5,0.716804979253112,0.676857457741597,48.782515605681375,0.8591389127858838,dark_blob,75.0,38.0,0.0,455.0,14.031451878707976,0.2959677575710574,True,True,OK,224.0,224.98783783783784,202.5,235
2296,0,203.8913243963457,326.19022943703095,96.0,224.0,243.0,189.0,1.2857142857142858,32710.5,0.71222810111699,0.6716934955421192,48.76598384217374,0.8570449234910839,dark_blob,75.0,38.0,0.0,455.0,13.94634472414243,0.29096145436131937,True,True,OK,225.0,226.0614973262032,201.0,236
2297,0,202.98409306377633,326.5655008071335,95.0,225.0,244.0,188.0,1.297872340425532,32522.5,0.7089836937565399,0.670670932321558,48.98594078086486,0.8553600008122425,dark_blob,75.0,38.0,0.0,455.0,13.871951219512196,0.28658536585365857,True,True,OK,226.0,227.0,200.0,236
2298,0,201.79094078452002,326.9140132644325,95.0,226.0,240.0,187.0,1.2834224598930482,32317.0,0.7200757575757576,0.687224982773353,49.02395026186028,0.8592900653649984,dark_blob,75.0,38.0,0.0,455.0,13.800551729175233,0.2823853958338372,True,True,OK,227.0,227.90073203194322,198.5,235
2299,0,200.35244634034956,327.29416282642086,93.0,227.0,241.0,186.0,1.2956989247311828,32116.0,0.7164591977869986,0.6764991207062901,49.11503497580968,0.8565257279530468,dark_blob,75.0,38.0,0.0,455.0,13.713414634146343,0.2772596843615496,True,True,OK,228.0,229.0,196.5,235
2300,0,198.50971370143148,327.76234297399935,92.0,228.0,241.0,185.0,1.3027027027027027,31948.0,0.7165638667713357,0.6758568092542026,49.152247312827186,0.8561587905903411,dark_blob,75.0,38.0,0.0,455.0,13.672093928386092,0.2748290546109466,True,True,OK,229.0,229.5212765957447,195.0,235
2301,0,196.85514079895216,327.55917223313685,91.0,228.0,238.0,185.0,1.2864864864864864,31812.5,0.7225187372246196,0.6970427702901245,48.92206216359167,0.8605642034475772,dark_blob,75.0,37.0,0.0,455.0,13.693230656237187,0.27607239154336394,True,True,OK,229.0,229.25462864439243,192.5,233
2302,0,195.68636771113472,326.6280463652094,90.0,227.0,238.0,186.0,1.2795698924731183,31978.0,0.7223728200957803,0.7004830959063209,48.6523771202179,0.8619750039407839,dark_blob,75.0,37.0,0.0,455.0,13.782367190110257,0.2813157170653092,True,True,OK,228.0,228.13013698630138,191.0,233
2303,0,194.5680718298243,325.79472376536006,89.0,226.0,237.0,186.0,1.2741935483870968,32131.5,0.7289029535864979,0.704296714686942,48.29819481239603,0.8651408230871992,dark_blob,75.0,36.0,0.0,455.0,13.886177541970225,0.2874222083511897,True,True,OK,226.92,226.82052947052946,189.5,233
2304,0,193.43704152993564,325.607531480531,88.0,225.0,236.0,187.0,1.2620320855614973,32149.5,0.7284849995468141,0.7121962206523506,48.25020013547632,0.8662561787709321,dark_blob,75.0,36.0,0.0,455.0,13.914936604723191,0.2891139179248936,True,True,OK,226.0,226.45772283272282,188.5,233
2305,0,192.45345747441405,325.5782628552448,87.0,226.0,234.0,186.0,1.2580645161290323,32114.0,0.737845786232883,0.71724707086476,48.10884039208434,0.8693049714663185,dark_blob,75.0,36.0,0.0,455.0,13.93581843869991,0.29034226109999467,True,True,OK,226.0,226.19429046563192,187.5,232
2306,0,191.83356419874139,325.42700243316574,86.0,225.0,235.0,187.0,1.2566844919786095,32125.5,0.7310387984981227,0.7224764689078423,48.10184272155799,0.8684642835814376,dark_blob,75.0,36.0,0.0,455.0,13.938008130081302,0.2904710664753707,True,True,OK,226.0,226.16666666666666,187.0,233
2307,0,191.35866967363972,325.1422350104985,86.0,225.0,235.0,188.0,1.25,32147.5,0.7276482571299231,0.7143726387062083,48.038460354118556,0.8670256560678087,dark_blob,75.0,36.0,0.0,455.0,13.965081539581917,0.29206361997540686,True,True,OK,226.0,225.8251251929666,186.5,232
2308,0,191.1827681377803,325.2913540355946,85.0,225.0,236.0,188.0,1.2553191489361701,32186.5,0.7254440137035701,0.7152392822573647,48.103616903487726,0.8665690436483737,dark_blob,75.0,36.0,0.0,455.0,13.972802463173148,0.2925177919513616,True,True,OK,226.0,225.72772277227722,186.0,232
2309,0,191.1393790519426,325.44546363810673,85.0,226.0,236.0,187.0,1.2620320855614973,32160.5,0.7287342517900843,0.7146615187579357,48.10671632602807,0.867118525213897,dark_blob,75.0,36.0,0.0,455.0,13.956206590211599,0.291541564130094,True,True,OK,226.0,225.93708609271522,186.0,232
2310,0,191.24540882459686,325.5981749364857,85.0,226.0,236.0,187.0,1.2620320855614973,32145.0,0.7283830327200218,0.7138563380981987,48.18739221483124,0.8664462826611883,dark_blob,75.0,36.0,0.0,455.0,13.897172949002217,0.2880689970001304,True,True,OK,227.0,226.6818181818182,186.0,232
2311,0,191.86063444155764,325.8937981963481,86.0,226.0,235.0,187.0,1.2566844919786095,32138.5,0.7313346228239845,0.7186441080093356,48.22101404632824,0.8674925634256294,dark_blob,75.0,36.0,0.0,455.0,13.877942427680091,0.2869377898635348,True,True,OK,227.0,226.92441860465115,187.0,232
2312,0,192.9154211039837,326.3278632372174,87.0,227.0,236.0,186.0,1.2688172043010753,32114.0,0.7315928558410789,0.7201526320465185,48.46094327990136,0.8672451618925895,dark_blob,75.0,36.0,0.0,455.0,13.871951219512196,0.28658536585365857,True,True,OK,227.0,227.0,188.0,231
2313,0,194.16094680712706,326.7306333723501,88.0,227.0,235.0,186.0,1.2634408602150538,32037.5,0.7329558453443148,0.7141517373038855,48.82672104807811,0.8656734324208022,dark_blob,75.0,37.0,0.0,455.0,13.792904346641231,0.28193554980242536,True,True,OK,228.0,227.99720670391062,189.0,232
2314,0,195.89602881688143,327.27743546436466,89.0,228.0,239.0,185.0,1.2918918918918918,31972.0,0.723103019337329,0.6936375995317984,49.05733213633409,0.8601698946762588,dark_blob,75.0,37.0,0.0,455.0,13.716977254042204,0.2774692502377767,True,True,OK,228.98,228.95505617977528,191.0,234
2315,0,197.63728435237917,327.7912103385694,91.0,228.0,238.0,185.0,1.2864864864864864,31958.0,0.7258233022938906,0.6852333506473992,49.14924125116135,0.8594457315786904,dark_blob,75.0,38.0,0.0,455.0,13.693099236913422,0.2760646609949072,True,True,OK,229.0,229.2562865497076,193.5,233
2316,0,199.40572437795439,327.66836008519033,93.0,228.0,240.0,185.0,1.2972972972972974,32085.0,0.7226351351351351,0.6837644162571948,49.185385113667905,0.8585719413301985,dark_blob,75.0,38.0,0.0,455.0,13.705015079547694,0.27676559291457026,True,True,OK,228.0,229.10596361185986,195.5,234
2317,0,200.74294990100134,327.0329823146554,94.0,227.0,240.0,186.0,1.2903225806451613,32239.5,0.7222110215053763,0.6809879058854948,49.131327705295476,0.858896693807729,dark_blob,75.0,38.0,0.0,455.0,13.81545969274628,0.28326233486742824,True,True,OK,227.0,227.71266233766232,197.5,232
2318,0,201.82275582510752,326.78919247867475,95.0,226.0,239.0,187.0,1.2780748663101604,32317.0,0.7230886268543172,0.6780708960963511,49.1390947510259,0.8587015950716783,dark_blob,75.0,38.0,0.0,455.0,13.811525990121321,0.28303094059537187,True,True,OK,226.86,227.76228750923872,198.5,232
2319,0,202.8578514695429,326.8540655808635,96.0,226.0,238.0,187.0,1.2727272727272727,32357.0,0.7270255695861232,0.6768592759177338,49.11414589386756,0.8596523685655524,dark_blob,75.0,38.0,0.0,455.0,13.843006907512684,0.28488275926545203,True,True,OK,226.92,227.36514362830152,199.5,233
2320,0,203.52716584190213,326.65759168760695,97.0,225.0,238.0,188.0,1.2659574468085106,32433.5,0.7248681387448597,0.6901379752763028,49.097900390625,0.860907553007665,dark_blob,75.0,38.0,0.0,455.0,13.860833546162688,0.2859313850683934,True,True,OK,226.0,227.14025372533226,200.5,232
2321,0,203.8313172663568,326.490555777853,98.0,225.0,237.0,188.0,1.2606382978723405,32489.0,0.729172277583266,0.6938703967064791,49.12290162386132,0.8623187753100227,dark_blob,75.0,38.0,0.0,455.0,13.871951219512196,0.28658536585365857,True,True,OK,226.0,227.0,201.0,233
2322,0,203.92413113441432,326.4709197579341,98.0,225.0,237.0,188.0,1.2606382978723405,32470.5,0.7287570697549152,0.69541597307865,49.093522328913274,0.8624681874708778,dark_blob,75.0,38.0,0.0,455.0,13.871951219512196,0.28658536585365857,True,True,OK,225.92,227.0,201.0,233
2323,0,203.8356738758459,326.5573111765401,98.0,225.0,237.0,188.0,1.2606382978723405,32435.5,0.7279715414310082,0.6916709766618049,49.04418675617943,0.8619388590530209,dark_blob,75.0,38.0,0.0,455.0,13.871951219512196,0.28658536585365857,True,True,OK,226.0,227.0,201.0,233
2324,0,203.44726265367376,326.6023601003248,97.0,225.0,238.0,188.0,1.2659574468085106,32428.0,0.7247452172358305,0.6860111645509218,49.03445960382138,0.860569702504128,dark_blob,75.0,38.0,0.0,455.0,13.871951219512196,0.28658536585365857,True,True,OK,226.0,227.0,200.5,234
2325,0,202.93149663013838,326.7414364356639,96.0,226.0,239.0,187.0,1.2780748663101604,32395.0,0.7248338666010338,0.6874012911835453,49.02022671025696,0.8607826639922279,dark_blob,75.0,38.0,0.0,455.0,13.871951219512196,0.28658536585365857,True,True,OK,226.0,227.0,200.0,234
2326,0,202.05297415504907,326.97493901086716,95.0,226.0,240.0,187.0,1.2834224598930482,32314.5,0.7200200534759358,0.6855140646220018,49.003736600306276,0.8592336988457088,dark_blob,75.0,38.0,0.0,455.0,13.821507760532151,0.2836181035607148,True,True,OK,227.0,227.63636363636363,199.0,235
2327,0,200.96081107629948,327.17408050790493,94.0,227.0,241.0,186.0,1.2956989247311828,32237.0,0.7191585240708518,0.6834390005227509,48.96555323590814,0.8587256139997278,dark_blob,75.0,38.0,0.0,455.0,13.797443452786483,0.2822025560462637,True,True,OK,227.1,227.93994413407822,197.5,236
2328,0,199.56276383601377,327.47635252376136,93.0,227.0,242.0,186.0,1.3010752688172043,32177.5,0.7148649249089132,0.6669696730390299,48.95242195909581,0.8553795608736776,dark_blob,75.0,38.0,0.0,455.0,13.720627661633758,0.2776839800961034,True,True,OK,228.0,228.9090048840049,195.5,237
2329,0,197.86755541695902,327.7398352433668,91.0,228.0,239.0,185.0,1.2918918918918918,32067.5,0.7252629198235893,0.6888906537802094,48.95589642294991,0.8601784415637249,dark_blob,75.0,38.0,0.0,455.0,13.702334120115395,0.2766078894185527,True,True,OK,229.0,229.13978494623655,194.0,236
2330,0,196.44292016270578,327.7436237975448,89.0,228.0,241.0,185.0,1.3027027027027027,32000.5,0.7177413928451273,0.6895622685746355,48.86818420808462,0.8585690930265891,dark_blob,75.0,37.0,0.0,455.0,13.667767031118588,0.2745745312422699,True,True,OK,229.0,229.5758620689655,192.0,236
2331,0,195.53467952519165,327.26359456113516,89.0,228.0,239.0,185.0,1.2918918918918918,32041.0,0.7246635757096008,0.6908739478768339,48.77361462902329,0.8606330697926852,dark_blob,75.0,37.0,0.0,455.0,13.703425165809525,0.2766720685770309,True,True,OK,229.0,229.12602098517215,190.5,236
2332,0,194.9333312572339,326.7398855031167,88.0,227.0,241.0,186.0,1.2956989247311828,32111.5,0.7163588096194173,0.6949665371789646,48.61022068795462,0.8601325923670714,dark_blob,75.0,37.0,0.0,455.0,13.792682926829269,0.281922525107604,True,True,OK,228.0,228.0,190.0,236
2333,0,194.63545869487328,326.5801774856033,88.0,227.0,240.0,186.0,1.2903225806451613,32096.5,0.7190076164874551,0.6961547674868693,48.528385087421746,0.8610239002013803,dark_blob,75.0,37.0,0.0,455.0,13.795034543000982,0.282060855470646,True,True,OK,228.0,227.97033345752607,189.5,236
2334,0,194.4829258918787,326.5773931018006,88.0,227.0,240.0,185.0,1.2972972972972974,32090.5,0.722759009009009,0.7012263212018054,48.57047683671581,0.862409415617832,dark_blob,75.0,37.0,0.0,455.0,13.80053822388157,0.28238460140479826,True,True,OK,228.0,227.90090240641712,189.5,235
2335,0,194.5521607873091,326.55400019745076,88.0,227.0,239.0,185.0,1.2918918918918918,32075.5,0.7254438538957367,0.7039713231496112,48.59447033048416,0.8633105193557717,dark_blob,75.0,37.0,0.0,455.0,13.805185192644661,0.28265795250850945,True,True,OK,228.0,227.84227910817506,189.5,235
2336,0,195.03485023340923,326.6071343168751,89.0,227.0,238.0,185.0,1.2864864864864864,32061.0,0.7281626163979105,0.7032020353094405,48.57745739688812,0.8637189630415165,dark_blob,75.0,37.0,0.0,455.0,13.783434959349593,0.2813785270205643,True,True,OK,228.0,228.11666666666667,190.5,234
2337,0,195.67367883637576,326.8302804867883,89.0,227.0,238.0,185.0,1.2864864864864864,31992.0,0.7265955030660913,0.7054114830928014,48.72937937008848,0.8633238890039698,dark_blob,75.0,37.0,0.0,455.0,13.778104850014019,0.2810649911772952,True,True,OK,228.0,228.183908045977,191.0,233
2338,0,196.57727628898292,327.1478712845426,90.0,228.0,238.0,185.0,1.2864864864864864,31905.0,0.724619577560754,0.6936933808217486,48.88792033751086,0.860822653982644,dark_blob,75.0,37.0,0.0,455.0,13.716214872746553,0.277424404279209,True,True,OK,228.0,228.9646739130435,192.5,232
2339,0,197.70560092127303,327.51231155778896,91.0,228.0,237.0,185.0,1.281081081081081,31840.0,0.7261945489793591,0.6901513567701898,48.99614571677235,0.8601837936975043,dark_blob,75.0,38.0,0.0,455.0,13.655589430894308,0.27385820181731224,True,True,OK,229.0,229.7294871794872,193.5,232
2340,0,198.82325481709165,327.73400662840174,93.0,228.0,236.0,185.0,1.2756756756756757,31883.0,0.7302565277141548,0.6872112018531161,49.053703358788106,0.8605568406874782,dark_blob,75.0,38.0,0.0,455.0,13.645751920226386,0.2732795247191992,True,True,OK,229.0,229.853591160221,195.0,232
2341,0,199.3464097234161,327.53164121719834,93.0,228.0,236.0,185.0,1.2756756756756757,31991.5,0.7327416399450297,0.6929934669814567,49.05175880951645,0.8623300007590604,dark_blob,75.0,38.0,0.0,455.0,13.735873983739838,0.27858082257293165,True,True,OK,228.0,228.71666666666667,196.0,231
2342,0,199.705037877607,327.2412684062308,93.0,227.0,239.0,186.0,1.2849462365591398,32077.0,0.7215773608674135,0.6835939307717035,49.06041158865818,0.8587702910645085,dark_blob,75.0,38.0,0.0,455.0,13.741850166934272,0.27893236276083955,True,True,OK,228.0,228.6412748171369,196.5,232
2343,0,199.86321261264067,327.2873951410829,93.0,227.0,240.0,186.0,1.2903225806451613,32126.5,0.7196796594982079,0.6836054552243541,49.108930716860236,0.8582521045101411,dark_blob,75.0,38.0,0.0,455.0,13.739805486822986,0.27881208746017566,True,True,OK,228.0,228.6670692431562,196.5,232
2344,0,199.94835249757529,327.3225194106023,93.0,227.0,239.0,186.0,1.2849462365591398,32134.5,0.7228708327709542,0.6867337022268688,49.02017308817641,0.8594589099182081,dark_blob,75.0,38.0,0.0,455.0,13.73376942668055,0.27845702509885584,True,True,OK,228.0,228.74321646341463,196.5,232
2345,0,199.6862967391923,327.3512033255165,93.0,227.0,240.0,186.0,1.2903225806451613,32195.5,0.7212253584229391,0.6880373071987007,48.95717798954811,0.8592334888655735,dark_blob,75.0,38.0,0.0,455.0,13.710178905264987,0.2770693473685287,True,True,OK,228.0,229.0408199643494,195.5,234
2346,0,199.20299626631865,327.4378453396303,92.0,227.0,241.0,186.0,1.2956989247311828,32184.5,0.7179873287824031,0.6833654777765779,48.96069989852087,0.858026583985041,dark_blob,75.0,38.0,0.0,455.0,13.722266793295699,0.27778039960562934,True,True,OK,228.0,228.88832660765428,195.5,235
2347,0,198.55090662019458,327.52936142403684,91.0,228.0,242.0,185.0,1.308108108108108,32134.0,0.717757426848336,0.6777296331330166,48.91256544502618,0.8573254431234897,dark_blob,75.0,38.0,0.0,455.0,13.711280487804878,0.2771341463414634,True,True,OK,228.0,229.02692307692308,194.5,236
2348,0,197.8730178523183,327.5529282789866,90.0,228.0,243.0,185.0,1.3135135135135134,32078.0,0.7135580024468914,0.6722129242035624,48.899858086012216,0.8554458669121413,dark_blob,75.0,38.0,0.0,455.0,13.656953151014482,0.27393842064791074,True,True,OK,229.0,229.71228332566346,193.5,236
2349,0,197.23868698222387,327.5774634694642,90.0,228.0,241.0,185.0,1.3027027027027027,32028.0,0.7183581922171134,0.6840247787892988,48.90501205117113,0.8579329951992112,dark_blob,75.0,38.0,0.0,455.0,13.661316919772974,0.27419511292782195,True,True,OK,229.0,229.6572327044025,193.0,237
2350,0,196.77247485413048,327.5839942434339,89.0,228.0,241.0,185.0,1.3027027027027027,31963.5,0.7169115173264551,0.6801370518164029,48.90318285961979,0.8573059373459204,dark_blob,75.0,38.0,0.0,455.0,13.687429332902601,0.27573113722956477,True,True,OK,229.0,229.32781456953643,192.0,236
2351,0,196.68461971654725,327.4576020190011,89.0,228.0,241.0,185.0,1.3027027027027027,31963.0,0.716900302792419,0.6761741359218255,48.89469936218961,0.8569855885596733,dark_blob,75.0,37.0,0.0,455.0,13.711527902271287,0.27714870013360515,True,True,OK,229.0,229.02380184826993,192.5,235
2352,0,196.79597997810106,327.30543823974136,90.0,228.0,240.0,185.0,1.2972972972972974,31965.0,0.7199324324324324,0.6812070927987317,48.95163936963992,0.8583384075474774,dark_blob,75.0,37.0,0.0,455.0,13.743834233644352,0.2790490725673148,True,True,OK,229.0,228.61624505248665,192.5,235
2353,0,197.27646444061241,327.3408632492031,91.0,228.0,239.0,185.0,1.2918918918918918,31895.0,0.7213615288929096,0.683269867077639,49.0031959786521,0.8586302708438652,dark_blob,75.0,38.0,0.0,455.0,13.714474370679536,0.2773220218046786,True,True,OK,229.0,228.9866310160428,193.0,233
2354,0,197.73024564486352,327.37314275852333,91.0,228.0,238.0,185.0,1.2864864864864864,31868.5,0.723790597320009,0.6867178742348764,49.03891183503618,0.8595565283446013,dark_blob,75.0,38.0,0.0,455.0,13.72233750478866,0.2777845591052153,True,True,OK,228.86,228.88743455497382,194.0,232
2355,0,198.2852707577447,327.3435636462636,92.0,228.0,237.0,185.0,1.281081081081081,31833.5,0.726046299464021,0.6823846789846802,49.0342898001057,0.859504877825099,dark_blob,75.0,38.0,0.0,455.0,13.716304623983739,0.2774296837637493,True,True,OK,228.8,228.96354166666669,194.5,231
2356,0,198.69952071495095,327.3804351238502,93.0,228.0,236.0,185.0,1.2756756756756757,31853.0,0.729569399908383,0.6925627710643485,49.01096818294805,0.86160146402414,dark_blob,75.0,38.0,0.0,455.0,13.726185636856368,0.27801091981508047,True,True,OK,228.0,228.8388888888889,195.0,232
2357,0,198.8203832187444,327.40684812524194,93.0,228.0,236.0,185.0,1.2756756756756757,31853.0,0.729569399908383,0.6925627684580152,49.04064131245339,0.861516437182804,dark_blob,75.0,38.0,0.0,455.0,13.721189437028276,0.27771702570754564,True,True,OK,228.0,228.9019178713356,195.5,232
2358,0,198.8360242865055,327.46982474840894,92.0,228.0,238.0,185.0,1.2864864864864864,31897.0,0.7244378832614127,0.6898848366637655,49.07778708616463,0.8599840164286237,dark_blob,75.0,38.0,0.0,455.0,13.71864111498258,0.27756712441074,True,True,OK,228.0,228.93406593406593,195.5,232
2359,0,198.4864881810772,327.57848454448555,92.0,228.0,239.0,185.0,1.2918918918918918,31898.0,0.721429379169965,0.68481478307734,49.052620148304435,0.858661110253388,dark_blob,75.0,38.0,0.0,455.0,13.701422764227644,0.27655428024868495,True,True,OK,229.0,229.15128205128204,195.0,233
2360,0,197.9213160987074,327.6465961613788,91.0,228.0,240.0,185.0,1.2972972972972974,31912.5,0.71875,0.682600198976688,49.03774111517708,0.8576824921208426,dark_blob,75.0,38.0,0.0,455.0,13.675479094076655,0.2750281820045091,True,True,OK,229.0,229.47857142857143,194.0,234
2361,0,197.4427077623425,327.681853064165,90.0,228.0,241.0,185.0,1.3027027027027027,31925.5,0.7160592127397106,0.6814045229697794,49.05551938993769,0.857090535183518,dark_blob,75.0,38.0,0.0,455.0,13.70531733543142,0.27678337267243647,True,True,OK,229.0,229.1021505376344,193.0,236
2362,0,197.10031846303795,327.6876768877144,90.0,228.0,241.0,185.0,1.3027027027027027,31976.5,0.7172030952113939,0.6839691451328348,48.99204580625194,0.8576114361009926,dark_blob,75.0,38.0,0.0,455.0,13.678633648581384,0.27521374403419907,True,True,OK,229.0,229.4387755102041,193.0,237
2363,0,197.01338648324733,327.6192329737898,90.0,228.0,241.0,185.0,1.3027027027027027,31985.0,0.7173937422900079,0.6831064255394472,48.98579782790309,0.8575167967400069,dark_blob,75.0,38.0,0.0,455.0,13.67103850283786,0.2747669707551682,True,True,OK,229.0,229.53459119496856,192.5,237
2364,0,196.9959560586163,327.61591416004836,90.0,228.0,240.0,185.0,1.2972972972972974,31982.0,0.7203153153153153,0.6866181667557665,48.97357264428285,0.8586464378768897,dark_blob,75.0,38.0,0.0,455.0,13.678516643657003,0.27520686139158845,True,True,OK,229.0,229.44025157232704,192.5,235
2365,0,197.13945663401046,327.65967114255005,90.0,228.0,240.0,185.0,1.2972972972972974,31949.0,0.7195720720720721,0.6859096945374579,49.03187534849142,0.8583138798205313,dark_blob,75.0,38.0,0.0,455.0,13.682754256787852,0.27545613275222663,True,True,OK,229.0,229.38679245283018,193.0,235
2366,0,197.52594228780902,327.6505049555618,90.0,228.0,240.0,185.0,1.2972972972972974,31917.0,0.7188513513513514,0.6822644241216494,49.08328682170543,0.8576348516798864,dark_blob,75.0,38.0,0.0,455.0,13.684965584318421,0.2755862108422601,True,True,OK,229.0,229.35889570552146,193.0,234
2367,0,197.78739289446185,327.6566823406478,91.0,228.0,238.0,185.0,1.2864864864864864,31900.0,0.7245060186236657,0.6839897340162091,49.07390171258377,0.8589255522505933,dark_blob,75.0,38.0,0.0,455.0,13.655181223599946,0.27383418962352624,True,True,OK,229.0,229.73463687150837,194.0,234
2368,0,197.9775213969966,327.66727278427436,91.0,228.0,238.0,185.0,1.2864864864864864,31897.0,0.7244378832614127,0.6818369014499484,49.13282655910642,0.8587269503111012,dark_blob,75.0,38.0,0.0,455.0,13.686661585365854,0.27568597560975616,True,True,OK,229.0,229.3375,194.0,234
2369,0,197.977283532651,327.6551987168435,91.0,228.0,239.0,185.0,1.2918918918918918,31900.5,0.721485921067511,0.6814803221516891,49.12301057922005,0.8580077446645212,dark_blob,75.0,38.0,0.0,455.0,13.678700588730027,0.2752176816900016,True,True,OK,229.0,229.43793103448274,194.0,233
2370,0,198.02050285284344,327.6458032896524,91.0,228.0,238.0,185.0,1.2864864864864864,31898.0,0.7244605950488303,0.6869169653800292,49.10089978281104,0.8593728935615276,dark_blob,75.0,38.0,0.0,455.0,13.681814436387608,0.27540084919927105,True,True,OK,229.0,229.39864864864865,194.0,233
2371,0,197.96347726144762,327.6309380142622,91.0,228.0,239.0,185.0,1.2918918918918918,31902.5,0.7215311545855478,0.6829977066641612,49.05016286644951,0.858408529653657,dark_blob,75.0,38.0,0.0,455.0,13.690971201880695,0.27593948246357025,True,True,OK,229.0,229.28313253012047,194.0,233
2372,0,197.8094685990338,327.58254602428514,91.0,228.0,238.0,185.0,1.2864864864864864,31912.5,0.7247899159663865,0.6882844216181567,49.042333457387414,0.8598933165421473,dark_blob,75.0,38.0,0.0,455.0,13.711432926829268,0.2771431133428981,True,True,OK,229.0,229.025,194.0,234
2373,0,197.79248278959957,327.5966028393243,91.0,228.0,239.0,185.0,1.2918918918918918,31909.0,0.7216781635191677,0.6871538490085761,49.0309543748643,0.8591075731002283,dark_blob,75.0,38.0,0.0,455.0,13.713414634146343,0.2772596843615496,True,True,OK,229.0,229.0,194.0,234
2374,0,197.72779040305096,327.58143823629285,91.0,228.0,238.0,185.0,1.2864864864864864,31902.5,0.7245627980922098,0.6880687451393215,49.10085623875412,0.8597265013694966,dark_blob,75.0,38.0,0.0,455.0,13.714603658536586,0.27732962697274033,True,True,OK,229.0,228.985,193.5,234
2375,0,197.67441896911095,327.5832980718498,91.0,228.0,237.0,185.0,1.281081081081081,31904.5,0.7276656403238682,0.6896079420723893,49.05186747735451,0.8606813184947724,dark_blob,75.0,38.0,0.0,455.0,13.714118794106723,0.27730110553568954,True,True,OK,229.0,228.99111675126903,193.5,234
2376,0,197.66088846396983,327.59974191391206,91.0,228.0,237.0,185.0,1.281081081081081,31901.5,0.7275972174706352,0.692549611707753,49.07697080631651,0.8609644264242723,dark_blob,75.0,38.0,0.0,455.0,13.712792108287577,0.27722306519338685,True,True,OK,229.0,229.00785340314135,194.0,233
2377,0,197.65122218740206,327.6315418364149,91.0,228.0,237.0,185.0,1.281081081081081,31910.0,0.7277910822214619,0.6916686465103596,49.04351467030582,0.8609699815067988,dark_blob,75.0,38.0,0.0,455.0,13.713809553898649,0.2772829149352147,True,True,OK,229.0,228.99501793543243,193.5,233
2378,0,197.67096052988987,327.6791303621053,91.0,228.0,237.0,185.0,1.281081081081081,31906.0,0.7276998517504847,0.688581935055071,49.02183758297661,0.8605840018794829,dark_blob,75.0,38.0,0.0,455.0,13.70765681351751,0.2769209890304417,True,True,OK,229.0,229.0726371217791,193.5,234
2379,0,197.67888911523053,327.69912405785294,91.0,228.0,237.0,185.0,1.281081081081081,31908.5,0.7277568707948455,0.6875798118924474,49.02630191371235,0.8604376437061166,dark_blob,75.0,38.0,0.0,455.0,13.70251445813427,0.27661849753731005,True,True,OK,229.0,229.13750991276765,193.5,234
2380,0,197.6842325255755,327.67427923550366,91.0,228.0,238.0,185.0,1.2864864864864864,31899.0,0.7244833068362481,0.6884308644157077,48.98340107350067,0.8599007294439617,dark_blob,75.0,38.0,0.0,455.0,13.702362745047985,0.27660957323811675,True,True,OK,229.0,229.13942383170235,193.5,234
2381,0,197.65925531303697,327.685166324564,91.0,228.0,238.0,185.0,1.2864864864864864,31910.5,0.7247444923915513,0.6861334391541968,49.0041249263406,0.8596408974301568,dark_blob,75.0,38.0,0.0,455.0,13.701917825650339,0.2765834015088435,True,True,OK,229.0,229.1450366610265,193.5,234
2382,0,197.6670270496127,327.68638849281587,91.0,228.0,238.0,185.0,1.2864864864864864,31910.5,0.7247444923915513,0.6861334393681807,49.00431101324319,0.8596405485428926,dark_blob,75.0,38.0,0.0,455.0,13.701917825650339,0.2765834015088435,True,True,OK,229.0,229.1450366610265,193.5,234
2383,0,197.6842344460116,327.6759494332132,91.0,228.0,238.0,185.0,1.2864864864864864,31905.0,0.724619577560754,0.6870677108913285,48.949778205167966,0.8598307631306064,dark_blob,75.0,38.0,0.0,455.0,13.702474289796424,0.2766161346939073,True,True,OK,229.0,229.13801665179898,193.5,234
2384,0,197.631671082266,327.6514289297528,91.0,228.0,237.0,185.0,1.281081081081081,31894.5,0.7274375641464249,0.6857894104425953,48.942625748595894,0.8602123092950149,dark_blob,75.0,38.0,0.0,455.0,13.685975609756099,0.27564562410329996,True,True,OK,229.0,229.34615384615384,194.0,234
2385,0,197.64941961042555,327.63818811834614,91.0,228.0,238.0,185.0,1.2864864864864864,31889.5,0.7242675448557802,0.6841982421735593,48.9862205946248,0.8591720348618804,dark_blob,75.0,38.0,0.0,455.0,13.673780487804878,0.2749282639885222,True,True,OK,229.0,229.5,194.0,234
2386,0,197.69321501549524,327.6504920328823,91.0,228.0,238.0,185.0,1.2864864864864864,31891.5,0.7243129684306155,0.6878314992923042,48.962852620798806,0.8596618116956759,dark_blob,75.0,38.0,0.0,455.0,13.673780487804878,0.2749282639885222,True,True,OK,229.0,229.5,194.0,234
2387,0,197.6349713927424,327.66545967552315,91.0,228.0,238.0,185.0,1.2864864864864864,31897.5,0.7244492391551215,0.6894566394360787,48.98184864562971,0.8599228600637157,dark_blob,75.0,38.0,0.0,455.0,13.685975609756099,0.27564562410329996,True,True,OK,229.0,229.34615384615384,194.0,234
2388,0,197.65427996760963,327.66775853512,91.0,228.0,238.0,185.0,1.2864864864864864,31902.5,0.7245627980922098,0.6889444718124046,48.96832635334264,0.8599550776772643,dark_blob,75.0,38.0,0.0,455.0,13.69335290575128,0.2760795826912517,True,True,OK,229.0,229.2530864197531,194.0,234
2389,0,197.63989317780354,327.6481609231445,91.0,228.0,238.0,185.0,1.2864864864864864,31891.0,0.7243016125369066,0.6867662224417234,48.98786581013562,0.8596011570050952,dark_blob,75.0,38.0,0.0,455.0,13.69359756097561,0.27609397417503584,True,True,OK,229.0,229.25,194.0,234
2390,0,197.66033603078017,327.6298015599188,91.0,228.0,238.0,185.0,1.2864864864864864,31882.0,0.7240972064501476,0.688683228704259,48.970757147735384,0.8599079824946578,dark_blob,75.0,38.0,0.0,455.0,13.70882541720154,0.27698973042362,True,True,OK,229.0,229.05789473684212,194.0,234
2391,0,197.68547383827294,327.6355914484344,91.0,228.0,238.0,185.0,1.2864864864864864,31885.0,0.7241653418124007,0.6881287220613946,48.94620852345035,0.8599048810376905,dark_blob,75.0,38.0,0.0,455.0,13.709242618741976,0.27701427169070447,True,True,OK,229.0,229.05263157894737,194.0,234
2392,0,197.74074016019563,327.64469071168446,91.0,228.0,239.0,185.0,1.2918918918918918,31898.5,0.7214406875494742,0.6843913401455519,48.92801960845149,0.858892404585209,dark_blob,75.0,38.0,0.0,455.0,13.709242618741976,0.27701427169070447,True,True,OK,229.0,229.05263157894737,194.0,234
2393,0,197.73085785043654,327.6433590913128,91.0,228.0,239.0,185.0,1.2918918918918918,31899.5,0.7214633043084926,0.6858969190540204,48.93189997517995,0.8590675205220089,dark_blob,75.0,38.0,0.0,455.0,13.70869139390876,0.2769818467005153,True,True,OK,229.0,229.05958549222797,194.0,234
2394,0,197.7234963083724,327.63826229628114,91.0,228.0,239.0,185.0,1.2918918918918918,31896.5,0.7213954540314373,0.6858324134166233,48.91321480654069,0.8590799205734638,dark_blob,75.0,38.0,0.0,455.0,13.70869139390876,0.2769818467005153,True,True,OK,229.0,229.05958549222797,194.0,234
2395,0,197.7143267703369,327.63896726862305,91.0,228.0,239.0,185.0,1.2918918918918918,31896.0,0.7213841456519281,0.6883661194564918,48.97601464564974,0.8592146861401561,dark_blob,75.0,38.0,0.0,455.0,13.700353381374724,0.27649137537498375,True,True,OK,229.0,229.16477272727272,194.0,234
2396,0,197.7073226819695,327.64376989291145,91.0,228.0,238.0,185.0,1.2864864864864864,31889.5,0.7242675448557802,0.6892837213981294,48.936656217994475,0.8600297654397369,dark_blob,75.0,38.0,0.0,455.0,13.700052264808363,0.27647366263578604,True,True,OK,229.0,229.16857142857143,194.0,234
2397,0,197.70615224627795,327.6521286991602,91.0,228.0,238.0,185.0,1.2864864864864864,31893.5,0.7243583920054508,0.6872565841985292,48.96239061627257,0.8597716654643588,dark_blob,75.0,38.0,0.0,455.0,13.702341557585461,0.2766083269167918,True,True,OK,229.0,229.13969111969112,193.5,234
2398,0,197.64095729390425,327.6452900993566,91.0,228.0,238.0,185.0,1.2864864864864864,31888.5,0.7242448330683625,0.6856603983124822,48.930107693740105,0.8596157260662256,dark_blob,75.0,38.0,0.0,455.0,13.702341557585461,0.2766083269167918,True,True,OK,229.0,229.13969111969112,193.5,234
2399,0,197.61342385708534,327.6482326439521,91.0,228.0,238.0,185.0,1.2864864864864864,31888.5,0.7242448330683625,0.6841767862512894,48.975047329381454,0.8593750258833142,dark_blob,75.0,38.0,0.0,455.0,13.706012721399535,0.2768242777293844,True,True,OK,229.0,229.09337797619048,193.5,233
2400,0,197.74881377897617,327.66597165611086,91.0,228.0,240.0,185.0,1.2972972972972974,31894.0,0.7183333333333334,0.680301880615763,48.94985571104974,0.8577432564333105,dark_blob,75.0,38.0,0.0,455.0,13.72023002968125,0.27766058998125004,True,True,OK,229.0,228.91402116402116,193.5,236
2401,0,197.74073493528954,327.6739710853697,91.0,228.0,240.0,185.0,1.2972972972972974,31898.5,0.7184346846846846,0.6808282475285876,48.96456937205262,0.8578010802060827,dark_blob,75.0,38.0,0.0,455.0,13.72023002968125,0.27766058998125004,True,True,OK,229.0,228.91402116402116,193.5,236
2402,0,197.73550605362303,327.667001092108,91.0,228.0,240.0,185.0,1.2972972972972974,31895.5,0.7183671171171171,0.6822365760908848,48.99252226255856,0.857942926620754,dark_blob,75.0,38.0,0.0,455.0,13.727045425216158,0.27806149560095045,True,True,OK,229.0,228.82804232804233,194.0,236
2403,0,197.73816765966342,327.6524615867043,91.0,228.0,240.0,185.0,1.2972972972972974,31890.0,0.7182432432432433,0.6831627519337806,49.0039412841759,0.8580054652303967,dark_blob,75.0,38.0,0.0,455.0,13.727045425216158,0.27806149560095045,True,True,OK,229.0,228.82804232804233,194.0,235
2404,0,197.654155103662,327.6400599969688,91.0,228.0,239.0,185.0,1.2918918918918918,31890.5,0.7212597534773267,0.6857034019280999,48.996958694100485,0.8589855963691978,dark_blob,75.0,38.0,0.0,455.0,13.727045425216158,0.27806149560095045,True,True,OK,229.0,228.82804232804233,194.0,235
2405,0,197.64611879304758,327.6434013733421,91.0,228.0,239.0,185.0,1.2918918918918918,31893.0,0.7213162953748727,0.6832270193610557,49.016011915844345,0.8586651173064296,dark_blob,75.0,38.0,0.0,455.0,13.727045425216158,0.27806149560095045,True,True,OK,229.0,228.82804232804233,194.0,235
2406,0,197.6631764841113,327.65951910718206,91.0,228.0,239.0,185.0,1.2918918918918918,31899.0,0.7214519959289833,0.6833555544283298,48.98216058575329,0.8587337101229653,dark_blob,75.0,38.0,0.0,455.0,13.72023002968125,0.27766058998125004,True,True,OK,229.0,228.91402116402116,193.5,235
2407,0,197.6832828940147,327.64999817059464,91.0,228.0,238.0,185.0,1.2864864864864864,31886.5,0.7241994094935271,0.6856173959798026,48.98860920574817,0.8595969640353923,dark_blob,75.0,38.0,0.0,455.0,13.720371691748833,0.277668923044049,True,True,OK,229.0,228.9122340425532,193.5,235
2408,0,197.66960283376696,327.66183923179,91.0,228.0,238.0,185.0,1.2864864864864864,31901.0,0.7245287304110833,0.6848791884789774,49.00304026803996,0.859554453069655,dark_blob,75.0,38.0,0.0,455.0,13.720514868918743,0.2776773452305143,True,True,OK,229.0,228.91042780748663,193.5,236
2409,0,197.67108582890634,327.6650734698781,91.0,228.0,239.0,185.0,1.2918918918918918,31906.5,0.7216216216216216,0.6824718639104821,49.033250620347395,0.8586125499659225,dark_blob,75.0,38.0,0.0,455.0,13.727615103691145,0.2780950060994791,True,True,OK,229.0,228.82085561497325,194.0,236
2410,0,197.62987287803503,327.65160326243137,91.0,228.0,239.0,185.0,1.2918918918918918,31898.5,0.7214406875494742,0.6808282485863214,49.01458178207992,0.8584106029634255,dark_blob,75.0,38.0,0.0,455.0,13.727615103691145,0.2780950060994791,True,True,OK,229.0,228.82085561497325,194.0,235
2411,0,197.65377823751905,327.65578960566734,91.0,228.0,239.0,185.0,1.2918918918918918,31902.0,0.7215198462060387,0.6819437835494213,49.02435241197456,0.8585435235184102,dark_blob,75.0,38.0,0.0,455.0,13.727615103691145,0.2780950060994791,True,True,OK,229.0,228.82085561497325,194.0,235
2412,0,197.66013328106624,327.6372768848817,91.0,228.0,239.0,185.0,1.2918918918918918,31887.5,0.7211919032002714,0.6820654579276428,49.02703205983675,0.8584811126149845,dark_blob,75.0,38.0,0.0,455.0,13.727615103691145,0.2780950060994791,True,True,OK,229.0,228.82085561497325,194.0,234
2413,0,197.63403314570627,327.6476635465174,91.0,228.0,239.0,185.0,1.2918918918918918,31889.5,0.7212371367183082,0.6835851006579878,49.026751078422244,0.8586818472241677,dark_blob,75.0,38.0,0.0,455.0,13.728961730225038,0.2781742194250022,True,True,OK,229.0,228.8038674033149,194.0,235
2414,0,197.6717709198627,327.6452099953502,91.0,228.0,238.0,185.0,1.2864864864864864,31901.5,0.7245400863047922,0.685939923097539,49.0313643978408,0.8596808136571104,dark_blob,75.0,38.0,0.0,455.0,13.728961730225038,0.2781742194250022,True,True,OK,229.0,228.8038674033149,194.0,235
2415,0,197.6637040520417,327.63952242861245,91.0,228.0,238.0,185.0,1.2864864864864864,31897.5,0.7244492391551215,0.6858539160800394,49.01700279242941,0.8596774787679118,dark_blob,75.0,38.0,0.0,455.0,13.728961730225038,0.2781742194250022,True,True,OK,229.0,228.8038674033149,194.0,235
2416,0,197.6512177276053,327.62847287550954,91.0,228.0,239.0,185.0,1.2918918918918918,31890.0,0.7212484450978175,0.6831627527844369,49.00428265524626,0.8586704837813595,dark_blob,75.0,38.0,0.0,455.0,13.728062036055144,0.2781212962385379,True,True,OK,229.0,228.81521739130434,194.0,235
2417,0,197.65256508722706,327.65271138001117,91.0,228.0,239.0,185.0,1.2918918918918918,31899.5,0.7214633043084926,0.6808495921682637,48.987559333602206,0.8583710949116842,dark_blob,75.0,38.0,0.0,455.0,13.711005929120065,0.27711799583059205,True,True,OK,229.0,229.0303867403315,194.0,235
2418,0,197.63783337513584,327.6482578797759,91.0,228.0,238.0,185.0,1.2864864864864864,31896.0,0.724415171473995,0.6832912876391471,48.99336001737565,0.8593011929273228,dark_blob,75.0,38.0,0.0,455.0,13.711005929120065,0.27711799583059205,True,True,OK,229.0,229.0303867403315,194.0,235
2419,0,197.63411397101086,327.6529192923054,91.0,228.0,238.0,185.0,1.2864864864864864,31897.0,0.7244378832614127,0.6847933141832689,48.990816009928636,0.8594911916408917,dark_blob,75.0,38.0,0.0,455.0,13.711005929120065,0.27711799583059205,True,True,OK,229.0,229.0303867403315,194.0,235
2420,0,197.66206489490617,327.6653085955455,91.0,228.0,239.0,185.0,1.2918918918918918,31908.0,0.7216555467601493,0.6835483577741358,48.98781055178189,0.8588194153533985,dark_blob,75.0,38.0,0.0,455.0,13.72507173601148,0.27794539623596937,True,True,OK,229.0,228.85294117647058,194.0,235
2421,0,197.7173874438525,327.67150318604405,91.0,228.0,240.0,185.0,1.2972972972972974,31910.0,0.7186936936936937,0.6800349880165518,48.99193648430715,0.8577157889986621,dark_blob,75.0,38.0,0.0,455.0,13.720970827355334,0.27770416631501965,True,True,OK,229.0,228.9046757164404,193.5,235
2422,0,197.70452017234626,327.67167515341424,91.0,228.0,240.0,185.0,1.2972972972972974,31912.5,0.71875,0.6790518472620886,48.985952181598286,0.857621392596602,dark_blob,75.0,38.0,0.0,455.0,13.720970827355334,0.27770416631501965,True,True,OK,229.0,228.9046757164404,193.5,236
2423,0,197.67797194577227,327.6583914531254,91.0,228.0,239.0,185.0,1.2918918918918918,31902.5,0.7215311545855478,0.6823863045103413,48.98442734830624,0.8586469237470856,dark_blob,75.0,38.0,0.0,455.0,13.723017605293325,0.27782456501725444,True,True,OK,229.0,228.87885482553037,193.5,235
2424,0,197.6740811570576,327.6443657188241,91.0,228.0,239.0,185.0,1.2918918918918918,31897.0,0.7214067624109465,0.6847933131162565,49.01666149550108,0.8588764335244814,dark_blob,75.0,38.0,0.0,455.0,13.727847878189765,0.278108698717045,True,True,OK,229.0,228.81791907514452,194.0,235
2425,0,197.69992006645455,327.6466885047202,91.0,228.0,239.0,185.0,1.2918918918918918,31901.5,0.7215085378265295,0.6823649151909562,48.98082829222895,0.8586745539744649,dark_blob,75.0,38.0,0.0,455.0,13.727847878189765,0.278108698717045,True,True,OK,229.0,228.81791907514452,194.0,235
2426,0,197.6503817751368,327.64931562691083,91.0,228.0,239.0,185.0,1.2918918918918918,31890.5,0.7212597534773267,0.6836065365008939,48.9860042204568,0.8587592324676245,dark_blob,75.0,38.0,0.0,455.0,13.727847878189765,0.278108698717045,True,True,OK,229.0,228.81791907514452,194.0,234
2427,0,197.67126537693744,327.6476917609925,91.0,228.0,240.0,185.0,1.2972972972972974,31893.0,0.7183108108108108,0.6832270204244761,49.04511884813504,0.8579641563249344,dark_blob,75.0,38.0,0.0,455.0,13.72931575872645,0.27819504463096767,True,True,OK,229.0,228.7994011976048,194.0,235
2428,0,197.7067666028998,327.61955237766693,91.0,228.0,240.0,185.0,1.2972972972972974,31887.0,0.7181756756756756,0.6830984857823702,49.02240844196152,0.8579530157779132,dark_blob,75.0,38.0,0.0,455.0,13.727847878189765,0.278108698717045,True,True,OK,229.0,228.81791907514452,194.0,235
2429,0,197.68710726346933,327.61697667367184,91.0,228.0,239.0,185.0,1.2918918918918918,31881.0,0.7210448942666516,0.6850641989411105,49.02039549250303,0.8588225041083866,dark_blob,75.0,38.0,0.0,455.0,13.727847878189765,0.278108698717045,True,True,OK,229.0,228.81791907514452,194.0,235
2430,0,197.65510443140576,327.6177664125171,91.0,228.0,238.0,185.0,1.2864864864864864,31871.0,0.7238473767885533,0.6863355269230498,49.01766916125827,0.8595917196449296,dark_blob,75.0,38.0,0.0,455.0,13.727229965156793,0.27807235089157606,True,True,OK,229.0,228.8257142857143,194.0,234
2431,0,197.6794085507087,327.63075201689855,91.0,228.0,238.0,185.0,1.2864864864864864,31876.5,0.7239722916193504,0.685402377046288,49.02176410320097,0.8594882873304959,dark_blob,75.0,38.0,0.0,455.0,13.725326536052247,0.27796038447366156,True,True,OK,229.0,228.84972677595627,194.0,234
2432,0,197.68030421828445,327.6416653598871,91.0,228.0,238.0,185.0,1.2864864864864864,31885.0,0.7241653418124007,0.6866370138718999,49.036409349101405,0.859651360785151,dark_blob,75.0,38.0,0.0,455.0,13.725326536052247,0.27796038447366156,True,True,OK,229.0,228.84972677595627,194.0,234
2433,0,197.64777181923668,327.6374227741713,91.0,228.0,238.0,185.0,1.2864864864864864,31887.0,0.7242107653872359,0.6866800832523042,49.045873552872536,0.8595641133688084,dark_blob,75.0,38.0,0.0,455.0,13.7109375,0.2771139705882353,True,True,OK,229.0,229.03125,194.0,235
2434,0,197.64187561089068,327.63618354685104,91.0,228.0,238.0,185.0,1.2864864864864864,31886.5,0.7241994094935271,0.6856173953383335,49.050870604301814,0.8594247285905466,dark_blob,75.0,38.0,0.0,455.0,13.7109375,0.2771139705882353,True,True,OK,229.0,229.03125,194.0,234
2435,0,197.6431614215002,327.64386182240133,91.0,228.0,238.0,185.0,1.2864864864864864,31886.5,0.7241994094935271,0.6841338756856465,49.03836245693535,0.8592922510967483,dark_blob,75.0,38.0,0.0,455.0,13.714693154996068,0.27733489147035695,True,True,OK,229.0,228.98387096774192,194.0,234
2436,0,197.67477750079695,327.65120800213225,91.0,228.0,238.0,185.0,1.2864864864864864,31891.5,0.7243129684306155,0.6863409081939155,49.053005617105796,0.8596171159443076,dark_blob,75.0,38.0,0.0,455.0,13.725326536052247,0.27796038447366156,True,True,OK,229.0,228.84972677595627,194.0,235
2437,0,197.7275604863984,327.67728573816385,91.0,228.0,239.0,185.0,1.2918918918918918,31908.0,0.7216555467601493,0.6856443770536679,49.062655086848636,0.8589127160278377,dark_blob,75.0,38.0,0.0,455.0,13.722030752916226,0.27776651487742504,True,True,OK,229.0,228.8913043478261,194.0,235
2438,0,197.74648975776847,327.6880492504347,91.0,228.0,239.0,185.0,1.2918918918918918,31918.5,0.7218930227298428,0.6848204440959026,49.03674304672723,0.8589145580195295,dark_blob,75.0,38.0,0.0,455.0,13.722030752916226,0.27776651487742504,True,True,OK,229.0,228.8913043478261,194.0,235
2439,0,197.70477190672494,327.6617552549493,91.0,228.0,239.0,185.0,1.2918918918918918,31898.5,0.7214406875494742,0.6823007453225405,49.047313229089106,0.8584930819864242,dark_blob,75.0,38.0,0.0,455.0,13.722030752916226,0.27776651487742504,True,True,OK,229.0,228.8913043478261,194.0,234
2440,0,197.73241400924547,327.6713311917261,91.0,228.0,240.0,185.0,1.2972972972972974,31907.5,0.7186373873873874,0.6810203406121956,49.07543190347694,0.8576754512917177,dark_blob,75.0,38.0,0.0,455.0,13.722727575636412,0.2778075044492007,True,True,OK,229.0,228.88251366120218,194.0,235
2441,0,197.70784602681883,327.6534140197953,91.0,228.0,239.0,185.0,1.2918918918918918,31893.0,0.7213162953748727,0.6832270204244761,49.05703469248433,0.8585656492198624,dark_blob,75.0,38.0,0.0,455.0,13.723211838859962,0.27783599052117425,True,True,OK,229.0,228.87640449438203,194.0,234
2442,0,197.7098997690193,327.6462494382257,91.0,228.0,239.0,185.0,1.2918918918918918,31893.0,0.7213162953748727,0.6832270204244761,49.0514491404456,0.8585250038613833,dark_blob,75.0,38.0,0.0,455.0,13.714521733206158,0.2773248078356564,True,True,OK,229.0,228.98603351955308,194.0,234
2443,0,197.69427247412608,327.66177139006004,91.0,228.0,239.0,185.0,1.2918918918918918,31901.5,0.7215085378265295,0.6808922793321484,49.06033814177137,0.8582797235741702,dark_blob,75.0,38.0,0.0,455.0,13.716112246200996,0.277418367423588,True,True,OK,229.0,228.96596858638745,194.0,234
2444,0,197.7138766531333,327.6478453748844,91.0,228.0,239.0,185.0,1.2918918918918918,31896.5,0.7213954540314373,0.68225796583477,49.047285138070116,0.8584153711273386,dark_blob,75.0,38.0,0.0,455.0,13.711371636912245,0.2771395080536615,True,True,OK,229.0,229.0257731958763,194.0,234
2445,0,197.67434956672625,327.6235483500057,91.0,228.0,238.0,185.0,1.2864864864864864,31889.0,0.7242561889620713,0.6867231534900101,49.042146426243754,0.859582309229422,dark_blob,75.0,38.0,0.0,455.0,13.710269066976386,0.2770746509986109,True,True,OK,229.0,229.03968253968253,194.0,234
2446,0,197.71627438075237,327.6471829588073,91.0,228.0,241.0,185.0,1.3027027027027027,31907.0,0.7156442749803745,0.678506284833303,49.04646257870413,0.8566977720624304,dark_blob,75.0,38.0,0.0,455.0,13.710269066976386,0.2770746509986109,True,True,OK,229.0,229.03968253968253,194.0,234
