T_US,HALL_INF_MV,HALL_SUP_MV,PWM,SYNC_PULSE
3697211258,1493,1713,0,0
3697213258,1498,1705,0,0
3697215258,1492,1707,0,0
3697217258,1492,1709,0,0
3697219258,1499,1704,0,0
3697221258,1492,1701,0,0
3697223258,1488,1704,0,0
3697225258,1499,1709,0,0
3697227258,1492,1709,0,0
3697229258,1492,1708,0,0
3697231258,1492,1696,0,0
3697233258,1492,1705,0,0
3697235258,1488,1705,0,0
3697237258,1492,1710,0,0
3697239258,1492,1709,0,0
3697241258,1494,1701,0,0
3697243258,1491,1702,0,0
3697245258,1499,1710,0,0
3697247258,1500,1705,0,0
3697249258,1490,1703,0,0
3697251258,1490,1702,0,0
3697253258,1492,1701,0,0
3697255258,1501,1705,0,0
3697257258,1494,1701,0,0
3697259258,1494,1709,0,0
3697261258,1496,1709,0,0
3697263258,1495,1717,0,0
3697265258,1500,1701,0,0
3697267258,1500,1707,0,0
3697269258,1499,1697,0,0
3697271258,1491,1710,0,0
3697273258,1496,1694,0,0
3697275258,1490,1700,0,0
3697277258,1500,1701,0,0
3697279258,1489,1704,0,0
3697281258,1500,1705,0,0
3697283258,1500,1696,0,0
3697285258,1492,1701,0,0
3697287258,1496,1706,0,0
3697289258,1496,1701,0,0
3697291258,1501,1705,0,0
3697293258,1496,1706,0,0
3697295258,1492,1705,0,0
3697297258,1489,1703,0,0
3697299258,1497,1701,0,0
3697301258,1492,1705,0,0
3697303258,1499,1712,0,0
3697305258,1503,1703,0,0
3697307258,1496,1710,0,0
3697309258,1487,1702,0,0
3697311258,1489,1694,0,0
3697313258,1500,1706,0,0
3697315258,1502,1705,0,0
3697317258,1499,1710,0,0
3697319258,1503,1706,0,0
3697321258,1498,1702,0,0
3697323258,1497,1705,0,0
3697325258,1492,1697,0,0
3697327258,1500,1705,0,0
3697329258,1498,1706,0,0
3697331258,1501,1710,0,0
3697333258,1500,1709,0,0
3697335258,1496,1707,0,0
3697337258,1489,1704,0,0
3697339258,1498,1704,0,0
3697341258,1500,1709,0,0
3697343258,1497,1713,0,0
3697345258,1491,1704,0,0
3697347258,1497,1707,0,0
3697349258,1498,1705,0,0
3697351258,1492,1701,0,0
3697353258,1504,1697,0,0
3697355258,1498,1705,0,0
3697357258,1492,1705,0,0
3697359258,1496,1709,0,0
3697361258,1494,1709,0,0
3697363258,1491,1701,0,0
3697365258,1492,1701,0,0
3697367258,1495,1713,0,0
3697369258,1496,1707,0,0
3697371258,1492,1704,0,0
3697373258,1499,1709,0,0
3697375258,1500,1703,0,0
3697377258,1497,1709,0,0
3697379258,1492,1707,0,0
3697381258,1496,1705,0,0
3697383258,1497,1700,0,0
3697385258,1498,1701,0,0
3697387258,1488,1706,0,0
3697389258,1492,1704,0,0
3697391258,1496,1703,0,0
3697393258,1501,1707,0,0
3697395258,1496,1703,0,0
3697397258,1499,1702,0,0
3697399258,1496,1700,0,0
3697401258,1500,1706,0,0
3697403258,1500,1702,0,0
3697405258,1492,1705,0,0
3697407258,1488,1709,0,0
3697409258,1492,1706,0,0
3697411258,1495,1699,0,0
3697413258,1500,1699,0,0
3697415258,1494,1709,0,0
3697417258,1488,1709,0,0
3697419258,1503,1702,0,0
3697421258,1496,1705,0,0
3697423258,1500,1700,0,0
3697425258,1500,1706,0,0
3697427258,1502,1705,0,0
3697429258,1496,1709,0,0
3697431258,1495,1705,0,0
3697433258,1488,1703,0,0
3697435258,1499,1704,0,0
3697437258,1492,1707,0,0
3697439258,1496,1705,0,0
3697441258,1496,1693,0,0
3697443258,1491,1712,0,0
3697445258,1495,1704,0,0
3697447258,1494,1709,0,0
3697449258,1497,1707,0,0
3697451258,1499,1708,0,0
3697453258,1496,1709,0,0
3697455258,1495,1709,0,0
3697457258,1501,1703,0,0
3697459258,1496,1709,0,0
3697461258,1500,1702,0,0
3697463258,1494,1710,0,0
3697465258,1495,1710,0,0
3697467258,1492,1707,0,0
3697469258,1496,1704,0,0
3697471258,1498,1702,0,0
3697473258,1502,1704,0,0
3697475258,1495,1710,0,0
3697477258,1501,1705,0,0
3697479258,1504,1709,0,0
3697481258,1498,1704,0,0
3697483258,1499,1708,0,0
3697485258,1492,1693,0,0
3697487258,1503,1709,0,0
3697489258,1496,1703,0,0
3697491258,1498,1702,0,0
3697493258,1496,1701,0,0
3697495258,1490,1709,0,0
3697497258,1500,1707,0,0
3697499258,1505,1708,0,0
3697501258,1496,1710,0,0
3697503258,1492,1701,0,0
3697505258,1499,1705,0,0
3697507258,1500,1701,0,0
3697509258,1500,1702,0,0
3697511258,1500,1705,0,0
3697513258,1497,1701,0,0
3697515258,1491,1707,0,0
3697517258,1500,1706,0,0
3697519258,1496,1712,0,0
3697521258,1504,1697,0,0
3697523258,1500,1700,0,0
3697525258,1504,1705,0,0
3697527258,1498,1704,0,0
3697529258,1504,1706,0,0
3697531258,1499,1705,0,0
3697533258,1496,1697,0,0
3697535258,1501,1706,0,0
3697537258,1490,1709,0,0
3697539258,1501,1707,0,0
3697541258,1499,1704,0,0
3697543258,1503,1704,0,0
3697545258,1492,1702,0,0
3697547258,1500,1708,0,0
3697549258,1496,1701,0,0
3697551258,1492,1709,0,0
3697553258,1498,1709,0,0
3697555258,1497,1712,0,0
3697557258,1495,1707,0,0
3697559258,1492,1705,0,0
3697561258,1504,1705,0,0
3697563258,1500,1706,0,0
3697565258,1499,1707,0,0
3697567258,1503,1706,0,0
3697569258,1502,1717,0,0
3697571258,1499,1706,0,0
3697573258,1501,1704,0,0
3697575258,1507,1704,0,0
3697577258,1501,1700,0,0
3697579258,1507,1701,0,0
3697581258,1497,1709,0,0
3697583258,1500,1706,0,0
3697585258,1498,1696,0,0
3697587258,1501,1704,0,0
3697589258,1507,1705,0,0
3697591258,1498,1703,0,0
3697593258,1504,1706,0,0
3697595258,1497,1706,0,0
3697597258,1495,1697,0,0
3697599258,1498,1704,0,0
3697601258,1497,1706,0,0
3697603258,1498,1703,0,0
3697605258,1500,1709,0,0
3697607258,1508,1706,0,0
3697609258,1502,1713,0,0
3697611258,1499,1710,0,0
3697613258,1492,1706,0,0
3697615258,1500,1705,0,0
3697617258,1497,1707,0,0
3697619258,1500,1695,0,0
3697621258,1497,1706,0,0
3697623258,1502,1704,0,0
3697625258,1500,1712,0,0
3697627258,1497,1705,0,0
3697629258,1498,1706,0,0
3697631258,1501,1706,0,0
3697633258,1497,1709,0,0
3697635258,1501,1697,0,0
3697637258,1500,1710,0,0
3697639258,1497,1708,0,0
3697641258,1496,1704,0,0
3697643258,1495,1705,0,0
3697645258,1497,1706,0,0
3697647258,1493,1710,0,0
3697649258,1499,1707,0,0
3697651258,1492,1708,0,0
3697653258,1503,1709,0,0
3697655258,1500,1706,0,0
3697657258,1508,1708,0,0
3697659258,1500,1693,0,0
3697661258,1498,1707,0,0
3697663258,1497,1700,0,0
3697665258,1494,1693,0,0
3697667258,1497,1713,0,0
3697669258,1499,1705,0,0
3697671258,1497,1702,0,0
3697673258,1492,1701,0,0
3697675258,1500,1709,0,0
3697677258,1499,1709,0,0
3697679258,1492,1710,0,0
3697681258,1492,1713,0,0
3697683258,1497,1705,0,0
3697685258,1492,1707,0,0
3697687258,1500,1707,0,0
3697689258,1500,1705,0,0
3697691258,1501,1710,0,0
3697693258,1500,1704,0,0
3697695258,1500,1707,0,0
3697697258,1495,1713,0,0
3697699258,1494,1706,0,0
3697701258,1500,1709,0,0
3697703258,1498,1702,0,0
3697705258,1494,1701,0,0
3697707258,1500,1705,0,0
3697709258,1489,1704,0,0
3697711258,1492,1709,0,0
3697713258,1507,1706,0,0
3697715258,1496,1702,0,0
3697717258,1504,1707,0,0
3697719258,1495,1706,0,0
3697721258,1490,1710,0,0
3697723258,1498,1709,0,0
3697725258,1497,1705,0,0
3697727258,1501,1710,0,0
3697729258,1491,1702,0,0
3697731258,1495,1713,0,0
3697733258,1499,1704,0,0
3697735258,1500,1704,0,0
3697737258,1498,1704,0,0
3697739258,1501,1701,0,0
3697741258,1503,1705,0,0
3697743258,1492,1705,0,0
3697745258,1502,1701,0,0
3697747258,1499,1702,0,0
3697749258,1497,1705,0,0
3697751258,1500,1701,0,0
3697753258,1499,1704,0,0
3697755258,1496,1703,0,0
3697757258,1504,1704,0,0
3697759258,1498,1705,0,0
3697761258,1502,1699,0,0
3697763258,1499,1702,0,0
3697765258,1500,1700,0,0
3697767258,1502,1705,0,0
3697769258,1503,1703,0,0
3697771258,1494,1712,0,0
3697773258,1508,1706,0,0
3697775258,1503,1710,0,0
3697777258,1502,1705,0,0
3697779258,1502,1704,0,0
3697781258,1500,1715,0,0
3697783258,1512,1703,0,0
3697785258,1501,1705,0,0
3697787258,1503,1706,0,0
3697789258,1504,1704,0,0
3697791258,1507,1702,0,0
3697793258,1507,1709,0,0
3697795258,1505,1706,0,0
3697797258,1505,1706,0,0
3697799258,1507,1709,0,0
3697801258,1504,1709,0,0
3697803258,1500,1701,0,0
3697805258,1507,1705,0,0
3697807258,1497,1701,0,0
3697809258,1502,1701,0,0
3697811258,1500,1705,0,0
3697813258,1500,1705,0,0
3697815258,1505,1709,0,0
3697817258,1500,1710,0,0
3697819258,1498,1705,0,0
3697821258,1508,1703,0,0
3697823258,1502,1702,0,0
3697825258,1498,1706,0,0
3697827258,1500,1706,0,0
3697829258,1499,1705,0,0
3697831258,1508,1700,0,0
3697833258,1503,1702,0,0
3697835258,1499,1699,0,0
3697837258,1494,1701,0,0
3697839258,1508,1703,0,0
3697841258,1495,1707,0,0
3697843258,1499,1696,0,0
3697845258,1505,1705,0,0
3697847258,1502,1705,0,0
3697849258,1500,1713,0,0
3697851258,1508,1706,0,0
3697853258,1504,1706,0,0
3697855258,1504,1703,0,0
3697857258,1512,1704,0,0
3697859258,1501,1703,0,0
3697861258,1504,1710,0,0
3697863258,1504,1703,0,0
3697865258,1504,1703,0,0
3697867258,1502,1707,0,0
3697869258,1508,1701,0,0
3697871258,1509,1701,0,0
3697873258,1505,1701,0,0
3697875258,1508,1709,0,0
3697877258,1506,1702,0,0
3697879258,1512,1701,0,0
3697881258,1508,1701,0,0
3697883258,1502,1706,0,0
3697885258,1502,1701,0,0
3697887258,1506,1707,0,0
3697889258,1508,1703,0,0
3697891258,1499,1708,0,0
3697893258,1503,1707,0,0
3697895258,1509,1700,0,0
3697897258,1504,1699,0,0
3697899258,1511,1705,0,0
3697901258,1508,1703,0,0
3697903258,1503,1702,0,0
3697905258,1508,1704,0,0
3697907258,1504,1706,0,0
3697909258,1505,1701,0,0
3697911258,1502,1704,0,0
3697913258,1508,1705,0,0
3697915258,1501,1703,0,0
3697917258,1497,1707,0,0
3697919258,1502,1701,0,0
3697921258,1504,1701,0,0
3697923258,1505,1704,0,0
3697925258,1505,1704,0,0
3697927258,1511,1708,0,0
3697929258,1496,1709,0,0
3697931258,1498,1700,0,0
3697933258,1500,1704,0,0
3697935258,1497,1710,0,0
3697937258,1496,1709,0,0
3697939258,1502,1704,0,0
3697941258,1503,1708,0,0
3697943258,1508,1707,0,0
3697945258,1499,1710,0,0
3697947258,1504,1710,0,0
3697949258,1508,1707,0,0
3697951258,1492,1713,0,0
3697953258,1507,1710,0,0
3697955258,1508,1709,0,0
3697957258,1504,1705,0,0
3697959258,1504,1702,0,0
3697961258,1512,1709,0,0
3697963258,1508,1713,0,0
3697965258,1503,1705,0,0
3697967258,1508,1705,0,0
3697969258,1508,1710,0,0
3697971258,1508,1705,0,0
3697973258,1501,1705,0,0
3697975258,1502,1705,0,0
3697977258,1502,1706,0,0
3697979258,1504,1701,0,0
3697981258,1512,1707,0,0
3697983258,1508,1707,0,0
3697985258,1515,1706,0,0
3697987258,1508,1708,0,0
3697989258,1508,1705,0,0
3697991258,1499,1704,0,0
3697993258,1504,1705,0,0
3697995258,1501,1703,0,0
3697997258,1504,1710,0,0
3697999258,1507,1704,0,0
3698001258,1504,1705,0,0
3698003258,1504,1705,0,0
3698005258,1504,1702,0,0
3698007258,1508,1697,0,0
3698009258,1504,1706,0,0
3698011258,1506,1704,0,0
3698013258,1499,1704,0,0
3698015258,1504,1703,0,0
3698017258,1509,1705,0,0
3698019258,1504,1716,0,0
3698021258,1511,1708,0,0
3698023258,1508,1704,0,0
3698025258,1500,1702,0,0
3698027258,1508,1703,0,0
3698029258,1501,1709,0,0
3698031258,1496,1705,0,0
3698033258,1498,1705,0,0
3698035258,1504,1696,0,0
3698037258,1505,1705,0,0
3698039258,1499,1697,0,0
3698041258,1509,1701,0,0
3698043258,1504,1703,0,0
3698045258,1500,1709,0,0
3698047258,1507,1704,0,0
3698049258,1501,1709,0,0
3698051258,1495,1705,0,0
3698053258,1504,1705,0,0
3698055258,1499,1707,0,0
3698057258,1509,1699,0,0
3698059258,1504,1709,0,0
3698061258,1508,1712,0,0
3698063258,1504,1710,0,0
3698065258,1504,1708,0,0
3698067258,1512,1710,0,0
3698069258,1504,1700,0,0
3698071258,1499,1701,0,0
3698073258,1503,1697,0,0
3698075258,1508,1704,0,0
3698077258,1513,1702,0,0
3698079258,1500,1701,0,0
3698081258,1508,1703,0,0
3698083258,1502,1703,0,0
3698085258,1510,1697,0,0
3698087258,1503,1707,0,0
3698089258,1506,1707,0,0
3698091258,1511,1706,0,0
3698093258,1504,1707,0,0
3698095258,1508,1706,0,0
3698097258,1510,1705,0,0
3698099258,1505,1699,0,0
3698101258,1511,1707,0,0
3698103258,1503,1705,0,0
3698105258,1504,1705,0,0
3698107258,1498,1705,0,0
3698109258,1506,1707,0,0
3698111258,1512,1697,0,0
3698113258,1509,1707,0,0
3698115258,1505,1707,0,0
3698117258,1506,1703,0,0
3698119258,1502,1707,0,0
3698121258,1513,1706,0,0
3698123258,1505,1704,0,0
3698125258,1508,1709,0,0
3698127258,1508,1709,0,0
3698129258,1500,1708,0,0
3698131258,1496,1694,0,0
3698133258,1510,1701,0,0
3698135258,1501,1709,0,0
3698137258,1508,1704,0,0
3698139258,1505,1705,0,0
3698141258,1508,1705,0,0
3698143258,1499,1696,0,0
3698145258,1511,1697,0,0
3698147258,1504,1704,0,0
3698149258,1505,1713,0,0
3698151258,1504,1706,0,0
3698153258,1500,1710,0,0
3698155258,1508,1703,0,0
3698157258,1507,1693,0,0
3698159258,1510,1712,0,0
3698161258,1502,1704,0,0
3698163258,1508,1710,0,0
3698165258,1510,1702,0,0
3698167258,1500,1705,0,0
3698169258,1502,1701,0,0
3698171258,1508,1698,0,0
3698173258,1504,1701,0,0
3698175258,1504,1697,0,0
3698177258,1508,1697,0,0
3698179258,1500,1699,0,0
3698181258,1504,1704,0,0
3698183258,1505,1707,0,0
3698185258,1504,1707,0,0
3698187258,1503,1712,0,0
3698189258,1507,1707,0,0
3698191258,1504,1708,0,0
3698193258,1505,1705,0,0
3698195258,1502,1705,0,0
3698197258,1510,1702,0,0
3698199258,1504,1705,0,0
3698201258,1507,1706,0,0
3698203258,1504,1710,0,0
3698205258,1502,1704,0,0
3698207258,1504,1706,0,0
3698209258,1504,1703,0,0
3698211258,1500,1709,0,0
3698213258,1508,1705,0,0
3698215258,1505,1709,0,0
3698217258,1507,1704,0,0
3698219258,1504,1709,0,0
3698221258,1505,1703,0,0
3698223258,1503,1705,0,0
3698225258,1504,1704,0,0
3698227258,1504,1706,0,0
3698229258,1505,1705,0,0
3698231258,1508,1697,0,0
3698233258,1504,1712,0,0
3698235258,1512,1709,0,0
3698237258,1502,1709,0,0
3698239258,1502,1704,0,0
3698241258,1512,1703,0,0
3698243258,1507,1705,0,0
3698245258,1512,1701,0,0
3698247258,1507,1709,0,0
3698249258,1500,1697,0,0
3698251258,1498,1702,0,0
3698253258,1510,1701,0,0
3698255258,1502,1710,0,0
3698257258,1508,1697,0,0
3698259258,1500,1704,0,0
3698261258,1504,1704,0,0
3698263258,1510,1705,0,0
3698265258,1512,1705,0,0
3698267258,1504,1703,0,0
3698269258,1502,1703,0,0
3698271258,1507,1709,0,0
3698273258,1508,1699,0,0
3698275258,1500,1709,0,0
3698277258,1505,1707,0,0
3698279258,1504,1703,0,0
3698281258,1500,1704,0,0
3698283258,1511,1710,0,0
3698285258,1502,1710,0,0
3698287258,1508,1709,0,0
3698289258,1502,1705,0,0
3698291258,1499,1710,0,0
3698293258,1500,1703,0,0
3698295258,1504,1713,0,0
3698297258,1510,1707,0,0
3698299258,1500,1710,0,0
3698301258,1508,1703,0,0
3698303258,1502,1706,0,0
3698305258,1512,1704,0,0
3698307258,1507,1694,0,0
3698309258,1501,1697,0,0
3698311258,1506,1709,0,0
3698313258,1512,1702,0,0
3698315258,1502,1706,0,0
3698317258,1504,1700,0,0
3698319258,1508,1709,0,0
3698321258,1503,1713,0,0
3698323258,1505,1709,0,0
3698325258,1504,1702,0,0
3698327258,1502,1700,0,0
3698329258,1504,1705,0,0
3698331258,1508,1704,0,0
3698333258,1508,1714,0,0
3698335258,1507,1705,0,0
3698337258,1509,1709,0,0
3698339258,1505,1710,0,0
3698341258,1504,1715,0,0
3698343258,1504,1705,0,0
3698345258,1503,1702,0,0
3698347258,1507,1708,0,0
3698349258,1504,1702,0,0
3698351258,1504,1702,0,0
3698353258,1498,1705,0,0
3698355258,1507,1716,0,0
3698357258,1518,1707,0,0
3698359258,1510,1703,0,0
3698361258,1504,1701,0,0
3698363258,1508,1706,0,0
3698365258,1501,1707,0,0
3698367258,1504,1710,0,0
3698369258,1508,1703,0,0
3698371258,1510,1700,0,0
3698373258,1499,1706,0,0
3698375258,1499,1704,0,0
3698377258,1504,1709,0,0
3698379258,1509,1707,0,0
3698381258,1505,1705,0,0
3698383258,1510,1705,0,0
3698385258,1510,1702,0,0
3698387258,1512,1704,0,0
3698389258,1512,1696,0,0
3698391258,1505,1697,0,0
3698393258,1502,1704,0,0
3698395258,1511,1702,0,0
3698397258,1504,1705,0,0
3698399258,1507,1705,0,0
3698401258,1507,1694,0,0
3698403258,1507,1712,0,0
3698405258,1499,1709,0,0
3698407258,1508,1701,0,0
3698409258,1509,1702,0,0
3698411258,1507,1703,0,0
3698413258,1504,1707,0,0
3698415258,1504,1702,0,0
3698417258,1511,1711,0,0
3698419258,1505,1707,0,0
3698421258,1496,1707,0,0
3698423258,1500,1705,0,0
3698425258,1505,1708,0,0
3698427258,1504,1705,0,0
3698429258,1507,1705,0,0
3698431258,1505,1709,0,0
3698433258,1507,1707,0,0
3698435258,1507,1705,0,0
3698437258,1498,1707,0,0
3698439258,1509,1706,0,0
3698441258,1512,1709,0,0
3698443258,1504,1696,0,0
3698445258,1508,1695,0,0
3698447258,1507,1709,0,0
3698449258,1505,1701,0,0
3698451258,1502,1712,0,0
3698453258,1500,1707,0,0
3698455258,1505,1706,0,0
3698457258,1507,1702,0,0
3698459258,1508,1713,0,0
3698461258,1505,1705,0,0
3698463258,1508,1697,0,0
3698465258,1509,1701,0,0
3698467258,1504,1706,0,0
3698469258,1504,1705,0,0
3698471258,1512,1707,0,0
3698473258,1507,1709,0,0
3698475258,1504,1705,0,0
3698477258,1510,1709,0,0
3698479258,1504,1715,0,0
3698481258,1504,1705,0,0
3698483258,1502,1703,0,0
3698485258,1507,1701,0,0
3698487258,1505,1706,0,0
3698489258,1510,1705,0,0
3698491258,1507,1704,0,0
3698493258,1503,1704,0,0
3698495258,1509,1705,0,0
3698497258,1501,1705,0,0
3698499258,1508,1704,0,0
3698501258,1499,1707,0,0
3698503258,1505,1707,0,0
3698505258,1508,1705,0,0
3698507258,1512,1706,0,0
3698509258,1505,1704,0,0
3698511258,1508,1710,0,0
3698513258,1503,1705,0,0
3698515258,1500,1697,0,0
3698517258,1504,1699,0,0
3698519258,1505,1705,0,0
3698521258,1498,1709,0,0
3698523258,1510,1707,0,0
3698525258,1508,1709,0,0
3698527258,1511,1709,0,0
3698529258,1512,1700,0,0
3698531258,1508,1697,0,0
3698533258,1512,1709,0,0
3698535258,1508,1704,0,0
3698537258,1500,1704,0,0
3698539258,1509,1704,0,0
3698541258,1501,1709,0,0
3698543258,1512,1705,0,0
3698545258,1504,1701,0,0
3698547258,1501,1703,0,0
3698549258,1512,1705,0,0
3698551258,1510,1700,0,0
3698553258,1511,1710,0,0
3698555258,1504,1704,0,0
3698557258,1505,1701,0,0
3698559258,1500,1707,0,0
3698561258,1502,1703,0,0
3698563258,1501,1709,0,0
3698565258,1508,1701,0,0
3698567258,1499,1715,0,0
3698569258,1505,1703,0,0
3698571258,1510,1704,0,0
3698573258,1505,1707,0,0
3698575258,1504,1710,0,0
3698577258,1512,1715,0,0
3698579258,1500,1705,0,0
3698581258,1510,1704,0,0
3698583258,1508,1709,0,0
3698585258,1512,1705,0,0
3698587258,1502,1707,0,0
3698589258,1501,1710,0,0
3698591258,1502,1702,0,0
3698593258,1509,1705,0,0
3698595258,1505,1713,0,0
3698597258,1508,1704,0,0
3698599258,1507,1701,0,0
3698601258,1504,1707,0,0
3698603258,1505,1704,0,0
3698605258,1507,1706,0,0
3698607258,1506,1706,0,0
3698609258,1507,1700,0,0
3698611258,1500,1705,0,0
3698613258,1502,1697,0,0
3698615258,1508,1707,0,0
3698617258,1504,1705,0,0
3698619258,1500,1704,0,0
3698621258,1503,1703,0,0
3698623258,1508,1704,0,0
3698625258,1502,1705,0,0
3698627258,1507,1704,0,0
3698629258,1504,1713,0,0
3698631258,1507,1705,0,0
3698633258,1501,1710,0,0
3698635258,1511,1709,0,0
3698637258,1507,1705,0,0
3698639258,1512,1708,0,0
3698641258,1502,1715,0,0
3698643258,1498,1701,0,0
3698645258,1508,1710,0,0
3698647258,1503,1712,0,0
3698649258,1508,1705,0,0
3698651258,1510,1705,0,0
3698653258,1508,1705,0,0
3698655258,1510,1701,0,0
3698657258,1507,1705,0,0
3698659258,1508,1704,0,0
3698661258,1501,1709,0,0
3698663258,1500,1694,0,0
3698665258,1505,1704,0,0
3698667258,1499,1696,0,0
3698669258,1512,1712,0,0
3698671258,1501,1702,0,0
3698673258,1512,1702,0,0
3698675258,1508,1705,0,0
3698677258,1500,1710,0,0
3698679258,1508,1704,0,0
3698681258,1498,1705,0,0
3698683258,1504,1703,0,0
3698685258,1504,1706,0,0
3698687258,1511,1708,0,0
3698689258,1514,1713,0,0
3698691258,1504,1707,0,0
3698693258,1502,1704,0,0
3698695258,1505,1701,0,0
3698697258,1508,1703,0,0
3698699258,1512,1700,0,0
3698701258,1510,1703,0,0
3698703258,1512,1713,0,0
3698705258,1510,1709,0,0
3698707258,1502,1699,0,0
3698709258,1502,1711,0,0
3698711258,1510,1699,0,0
3698713258,1512,1697,0,0
3698715258,1503,1710,0,0
3698717258,1505,1692,0,0
3698719258,1508,1703,0,0
3698721258,1508,1704,0,0
3698723258,1501,1705,0,0
3698725258,1504,1701,0,0
3698727258,1505,1701,0,0
3698729258,1508,1709,0,0
3698731258,1508,1706,0,0
3698733258,1505,1704,0,0
3698735258,1508,1707,0,0
3698737258,1508,1709,0,0
3698739258,1500,1704,0,0
3698741258,1507,1704,0,0
3698743258,1502,1708,0,0
3698745258,1510,1705,0,0
3698747258,1504,1701,0,0
3698749258,1507,1699,0,0
3698751258,1511,1704,0,0
3698753258,1510,1706,0,0
3698755258,1510,1705,0,0
3698757258,1510,1702,0,0
3698759258,1512,1703,0,0
3698761258,1511,1703,0,0
3698763258,1510,1709,0,0
3698765258,1512,1702,0,0
3698767258,1496,1710,0,0
3698769258,1504,1710,0,0
3698771258,1512,1694,0,0
3698773258,1504,1706,0,0
3698775258,1508,1705,0,0
3698777258,1508,1697,0,0
3698779258,1512,1710,0,0
3698781258,1507,1707,0,0
3698783258,1508,1701,0,0
3698785258,1512,1706,0,0
3698787258,1511,1700,0,0
3698789258,1510,1705,0,0
3698791258,1501,1704,0,0
3698793258,1499,1701,0,0
3698795258,1508,1706,0,0
3698797258,1501,1713,0,0
3698799258,1510,1703,0,0
3698801258,1504,1704,0,0
3698803258,1510,1706,0,0
3698805258,1512,1710,0,0
3698807258,1510,1709,0,0
3698809258,1511,1710,0,0
3698811258,1505,1700,0,0
3698813258,1506,1701,0,0
3698815258,1504,1699,0,0
3698817258,1512,1705,0,0
3698819258,1508,1703,0,0
3698821258,1512,1709,0,0
3698823258,1510,1710,0,0
3698825258,1503,1697,0,0
3698827258,1505,1705,0,0
3698829258,1501,1696,0,0
3698831258,1510,1709,0,0
3698833258,1507,1705,0,0
3698835258,1510,1708,0,0
3698837258,1502,1704,0,0
3698839258,1512,1704,0,0
3698841258,1504,1701,0,0
3698843258,1499,1707,0,0
3698845258,1507,1705,0,0
3698847258,1501,1707,0,0
3698849258,1500,1700,0,0
3698851258,1499,1701,0,0
3698853258,1504,1701,0,0
3698855258,1502,1701,0,0
3698857258,1500,1704,0,0
3698859258,1512,1709,0,0
3698861258,1509,1705,0,0
3698863258,1508,1704,0,0
3698865258,1500,1704,0,0
3698867258,1500,1704,0,0
3698869258,1492,1712,0,0
3698871258,1505,1707,0,0
3698873258,1507,1713,0,0
3698875258,1512,1704,0,0
3698877258,1512,1706,0,0
3698879258,1500,1707,0,0
3698881258,1502,1709,0,0
3698883258,1507,1705,0,0
3698885258,1508,1705,0,0
3698887258,1499,1701,0,0
3698889258,1504,1705,0,0
3698891258,1507,1697,0,0
3698893258,1505,1705,0,0
3698895258,1505,1705,0,0
3698897258,1510,1705,0,0
3698899258,1504,1712,0,0
3698901258,1504,1709,0,0
3698903258,1505,1702,0,0
3698905258,1508,1704,0,0
3698907258,1507,1713,0,0
3698909258,1512,1694,0,0
3698911258,1505,1702,0,0
3698913258,1511,1713,0,0
3698915258,1504,1705,0,0
3698917258,1502,1705,0,0
3698919258,1508,1703,0,0
3698921258,1510,1704,0,0
3698923258,1505,1700,0,0
3698925258,1499,1697,0,0
3698927258,1500,1701,0,0
3698929258,1512,1705,0,0
3698931258,1502,1704,0,0
3698933258,1499,1697,0,0
3698935258,1503,1704,0,0
3698937258,1505,1702,0,0
3698939258,1497,1707,0,0
3698941258,1500,1705,0,0
3698943258,1503,1704,0,0
3698945258,1501,1713,0,0
3698947258,1508,1705,0,0
3698949258,1504,1704,0,0
3698951258,1512,1710,0,0
3698953258,1511,1702,0,0
3698955258,1504,1700,0,0
3698957258,1508,1699,0,0
3698959258,1500,1702,0,0
3698961258,1503,1705,0,0
3698963258,1507,1704,0,0
3698965258,1504,1705,0,0
3698967258,1505,1703,0,0
3698969258,1505,1707,0,0
3698971258,1505,1701,0,0
3698973258,1511,1703,0,0
3698975258,1508,1705,0,0
3698977258,1507,1712,0,0
3698979258,1503,1699,0,0
3698981258,1504,1701,0,0
3698983258,1512,1702,0,0
3698985258,1500,1695,0,0
3698987258,1512,1701,0,0
3698989258,1512,1709,0,0
3698991258,1505,1706,0,0
3698993258,1499,1709,0,0
3698995258,1499,1705,0,0
3698997258,1504,1709,0,0
3698999258,1504,1709,0,0
3699001258,1500,1712,0,0
3699003258,1502,1709,0,0
3699005258,1508,1706,0,0
3699007258,1496,1700,0,0
3699009258,1500,1694,0,0
3699011258,1509,1706,0,0
3699013258,1502,1705,0,0
3699015258,1507,1709,0,0
3699017258,1507,1709,0,0
3699019258,1507,1705,0,0
3699021258,1508,1707,0,0
3699023258,1512,1705,0,0
3699025258,1505,1704,0,0
3699027258,1500,1701,0,0
3699029258,1501,1702,0,0
3699031258,1512,1700,0,0
3699033258,1512,1710,0,0
3699035258,1506,1703,0,0
3699037258,1508,1708,0,0
3699039258,1504,1705,0,0
3699041258,1504,1704,0,0
3699043258,1505,1708,0,0
3699045258,1511,1705,0,0
3699047258,1504,1704,0,0
3699049258,1507,1712,0,0
3699051258,1504,1702,0,0
3699053258,1510,1710,0,0
3699055258,1510,1699,0,0
3699057258,1504,1697,0,0
3699059258,1510,1705,0,0
3699061258,1512,1702,0,0
3699063258,1505,1708,0,0
3699065258,1512,1706,0,0
3699067258,1505,1704,0,0
3699069258,1507,1700,0,0
3699071258,1508,1697,0,0
3699073258,1512,1701,0,0
3699075258,1510,1703,0,0
3699077258,1508,1705,0,0
3699079258,1514,1712,0,0
3699081258,1510,1704,0,0
3699083258,1513,1710,0,0
3699085258,1510,1705,0,0
3699087258,1510,1705,0,0
3699089258,1505,1710,0,0
3699091258,1505,1713,0,0
3699093258,1512,1706,0,0
3699095258,1512,1709,0,0
3699097258,1508,1707,0,0
3699099258,1510,1705,0,0
3699101258,1505,1701,0,0
3699103258,1512,1700,0,0
3699105258,1513,1707,0,0
3699107258,1511,1705,0,0
3699109258,1508,1703,0,0
3699111258,1508,1707,0,0
3699113258,1511,1704,0,0
3699115258,1515,1709,0,0
3699117258,1510,1702,0,0
3699119258,1511,1705,0,0
3699121258,1508,1704,0,0
3699123258,1508,1701,0,0
3699125258,1508,1709,0,0
3699127258,1511,1702,0,0
3699129258,1512,1703,0,0
3699131258,1507,1703,0,0
3699133258,1511,1701,0,0
3699135258,1512,1701,0,0
3699137258,1503,1703,0,0
3699139258,1510,1700,0,0
3699141258,1509,1699,0,0
3699143258,1509,1703,0,0
3699145258,1511,1710,0,0
3699147258,1505,1705,210,1
3699149258,1498,1670,210,1
3699151258,1499,1624,210,1
3699153258,1482,1598,210,1
3699155258,1477,1564,210,1
3699157258,1468,1532,210,1
3699159258,1458,1511,210,1
3699161258,1450,1475,210,1
3699163258,1449,1449,210,1
3699165258,1437,1428,210,1
3699167258,1432,1408,210,1
3699169258,1425,1371,210,1
3699171258,1421,1359,210,1
3699173258,1420,1339,210,1
3699175258,1420,1329,210,1
3699177258,1416,1310,210,1
3699179258,1410,1287,210,1
3699181258,1403,1274,210,1
3699183258,1399,1265,210,1
3699185258,1400,1256,210,1
3699187258,1398,1244,210,1
3699189258,1396,1233,210,1
3699191258,1371,1225,210,1
3699193258,1389,1212,210,1
3699195258,1371,1216,210,1
3699197258,1371,1198,210,1
3699199258,1371,1190,210,1
3699201258,1371,1188,210,1
3699203258,1371,1183,210,1
3699205258,1371,1175,210,1
3699207258,1371,1162,210,1
3699209258,1371,1168,210,1
3699211258,1370,1166,210,1
3699213258,1371,1162,210,1
3699215258,1371,1154,210,1
3699217258,1371,1153,210,1
3699219258,1368,1151,210,1
3699221258,1367,1139,210,1
3699223258,1369,1141,210,1
3699225258,1368,1142,210,1
3699227258,1368,1133,210,1
3699229258,1368,1136,210,1
3699231258,1366,1131,210,1
3699233258,1363,1130,210,1
3699235258,1359,1128,210,1
3699237258,1368,1124,210,1
3699239258,1359,1127,210,1
3699241258,1355,1127,210,1
3699243258,1363,1123,210,1
3699245258,1363,1127,210,1
3699247258,1359,1117,210,1
3699249258,1359,1121,210,1
3699251258,1360,1129,210,1
3699253258,1348,1120,210,1
3699255258,1356,1108,210,1
3699257258,1356,1115,210,1
3699259258,1350,1111,210,1
3699261258,1352,1115,210,1
3699263258,1348,1115,210,1
3699265258,1339,1108,210,1
3699267258,1329,1103,210,1
3699269258,1335,1103,210,1
3699271258,1332,1094,210,1
3699273258,1318,1096,210,1
3699275258,1318,1102,210,1
3699277258,1312,1096,210,1
3699279258,1294,1094,210,1
3699281258,1280,1084,210,1
3699283258,1282,1084,210,1
3699285258,1276,1076,210,1
3699287258,1260,1083,210,1
3699289258,1248,1101,210,1
3699291258,1220,1154,210,1
3699293258,1195,1284,210,1
3699295258,1192,1318,210,1
3699297258,1193,1323,0,1
3699299258,1219,1357,0,1
3699301258,1243,1395,0,1
3699303258,1261,1420,0,1
3699305258,1276,1448,0,1
3699307258,1290,1461,0,1
3699309258,1319,1479,0,1
3699311258,1326,1496,0,1
3699313258,1346,1512,0,1
3699315258,1359,1538,0,1
3699317258,1371,1542,0,1
3699319258,1371,1563,0,1
3699321258,1394,1576,0,1
3699323258,1401,1580,0,1
3699325258,1411,1594,0,1
3699327258,1416,1603,0,1
3699329258,1427,1614,0,1
3699331258,1424,1610,0,1
3699333258,1436,1626,0,1
3699335258,1437,1636,0,1
3699337258,1448,1640,0,1
3699339258,1446,1641,0,1
3699341258,1454,1655,0,1
3699343258,1460,1652,0,1
3699345258,1462,1666,0,1
3699347258,1461,1665,0,0
3699349258,1468,1669,0,0
3699351258,1474,1672,0,0
3699353258,1474,1670,0,0
3699355258,1480,1674,0,0
3699357258,1482,1678,0,0
3699359258,1481,1681,0,0
3699361258,1479,1692,0,0
3699363258,1487,1688,0,0
3699365258,1492,1685,0,0
3699367258,1487,1689,0,0
3699369258,1488,1690,0,0
3699371258,1496,1693,0,0
3699373258,1498,1699,0,0
3699375258,1496,1698,0,0
3699377258,1497,1700,0,0
3699379258,1496,1679,0,0
3699381258,1502,1692,0,0
3699383258,1500,1702,0,0
3699385258,1489,1703,0,0
3699387258,1508,1692,0,0
3699389258,1502,1699,0,0
3699391258,1504,1701,0,0
3699393258,1499,1700,0,0
3699395258,1497,1702,0,0
3699397258,1505,1703,0,0
3699399258,1508,1700,0,0
3699401258,1505,1705,0,0
3699403258,1504,1710,0,0
3699405258,1508,1710,0,0
3699407258,1510,1702,0,0
3699409258,1512,1697,0,0
3699411258,1505,1709,0,0
3699413258,1507,1694,0,0
3699415258,1510,1693,0,0
3699417258,1501,1704,0,0
3699419258,1508,1703,0,0
3699421258,1508,1709,0,0
3699423258,1508,1697,0,0
3699425258,1512,1697,0,0
3699427258,1510,1717,0,0
3699429258,1508,1703,0,0
3699431258,1505,1706,0,0
3699433258,1500,1701,0,0
3699435258,1502,1712,0,0
3699437258,1499,1702,0,0
3699439258,1504,1705,0,0
3699441258,1505,1704,0,0
3699443258,1507,1699,0,0
3699445258,1504,1703,0,0
3699447258,1505,1701,0,0
3699449258,1507,1706,0,0
3699451258,1510,1697,0,0
3699453258,1502,1702,0,0
3699455258,1510,1706,0,0
3699457258,1504,1712,0,0
3699459258,1500,1697,0,0
3699461258,1508,1713,0,0
3699463258,1504,1697,0,0
3699465258,1509,1706,0,0
3699467258,1498,1709,0,0
3699469258,1510,1706,0,0
3699471258,1512,1709,0,0
3699473258,1498,1705,0,0
3699475258,1505,1709,0,0
3699477258,1512,1709,0,0
3699479258,1508,1705,0,0
3699481258,1512,1705,0,0
3699483258,1504,1701,0,0
3699485258,1502,1697,0,0
3699487258,1507,1700,0,0
3699489258,1501,1705,0,0
3699491258,1504,1708,0,0
3699493258,1507,1704,0,0
3699495258,1511,1706,0,0
3699497258,1500,1717,0,0
3699499258,1508,1709,0,0
3699501258,1510,1712,0,0
3699503258,1507,1700,0,0
3699505258,1512,1705,0,0
3699507258,1501,1704,0,0
3699509258,1495,1710,0,0
3699511258,1505,1710,0,0
3699513258,1507,1709,0,0
3699515258,1509,1701,0,0
3699517258,1504,1709,0,0
3699519258,1512,1703,0,0
3699521258,1508,1704,0,0
3699523258,1515,1705,0,0
3699525258,1504,1707,0,0
3699527258,1503,1713,0,0
3699529258,1504,1713,0,0
3699531258,1504,1705,0,0
3699533258,1505,1714,0,0
3699535258,1500,1703,0,0
3699537258,1500,1699,0,0
3699539258,1508,1718,0,0
3699541258,1499,1701,0,0
3699543258,1508,1700,0,0
3699545258,1512,1708,0,0
3699547258,1502,1706,0,0
3699549258,1510,1704,0,0
3699551258,1508,1705,0,0
3699553258,1505,1707,0,0
3699555258,1512,1710,0,0
3699557258,1501,1705,0,0
3699559258,1497,1703,0,0
3699561258,1508,1704,0,0
3699563258,1510,1700,0,0
3699565258,1505,1709,0,0
3699567258,1508,1702,0,0
3699569258,1508,1697,0,0
3699571258,1508,1701,0,0
3699573258,1510,1704,0,0
3699575258,1510,1706,0,0
3699577258,1510,1701,0,0
3699579258,1502,1694,0,0
3699581258,1509,1707,0,0
3699583258,1508,1700,0,0
3699585258,1510,1704,0,0
3699587258,1505,1705,0,0
3699589258,1508,1709,0,0
3699591258,1507,1705,0,0
3699593258,1505,1696,0,0
3699595258,1505,1702,0,0
3699597258,1505,1701,0,0
3699599258,1505,1712,0,0
3699601258,1502,1706,0,0
3699603258,1508,1696,0,0
3699605258,1502,1704,0,0
3699607258,1504,1707,0,0
3699609258,1505,1702,0,0
3699611258,1505,1705,0,0
3699613258,1502,1701,0,0
3699615258,1508,1700,0,0
3699617258,1508,1705,0,0
3699619258,1510,1705,0,0
3699621258,1505,1699,0,0
3699623258,1497,1692,0,0
3699625258,1505,1705,0,0
3699627258,1511,1703,0,0
3699629258,1514,1705,0,0
3699631258,1509,1710,0,0
3699633258,1502,1702,0,0
3699635258,1509,1704,0,0
3699637258,1507,1706,0,0
3699639258,1508,1706,0,0
3699641258,1510,1707,0,0
3699643258,1508,1704,0,0
3699645258,1508,1706,0,0
3699647258,1500,1712,0,0
3699649258,1508,1709,0,0
3699651258,1497,1709,0,0
3699653258,1503,1706,0,0
3699655258,1508,1709,0,0
3699657258,1510,1714,0,0
3699659258,1504,1702,0,0
3699661258,1500,1700,0,0
3699663258,1508,1713,0,0
3699665258,1512,1710,0,0
3699667258,1504,1703,0,0
3699669258,1505,1705,0,0
3699671258,1508,1703,0,0
3699673258,1511,1703,0,0
3699675258,1505,1710,0,0
3699677258,1504,1704,0,0
3699679258,1512,1702,0,0
3699681258,1505,1712,0,0
3699683258,1510,1706,0,0
3699685258,1504,1712,0,0
3699687258,1508,1712,0,0
3699689258,1508,1700,0,0
3699691258,1511,1702,0,0
3699693258,1508,1706,0,0
3699695258,1510,1709,0,0
3699697258,1510,1713,0,0
3699699258,1500,1697,0,0
3699701258,1510,1705,0,0
3699703258,1508,1700,0,0
3699705258,1508,1709,0,0
3699707258,1502,1707,0,0
3699709258,1504,1709,0,0
3699711258,1502,1704,0,0
3699713258,1502,1703,0,0
3699715258,1508,1702,0,0
3699717258,1504,1696,0,0
3699719258,1509,1705,0,0
3699721258,1511,1705,0,0
3699723258,1500,1707,0,0
3699725258,1505,1704,0,0
3699727258,1508,1705,0,0
3699729258,1508,1707,0,0
3699731258,1508,1703,0,0
3699733258,1504,1704,0,0
3699735258,1505,1705,0,0
3699737258,1504,1713,0,0
3699739258,1504,1704,0,0
3699741258,1507,1701,0,0
3699743258,1504,1696,0,0
3699745258,1508,1702,0,0
3699747258,1512,1703,0,0
3699749258,1505,1704,0,0
3699751258,1505,1705,0,0
3699753258,1507,1704,0,0
3699755258,1512,1703,0,0
3699757258,1509,1703,0,0
3699759258,1504,1697,0,0
3699761258,1505,1707,0,0
3699763258,1508,1701,0,0
3699765258,1509,1701,0,0
3699767258,1511,1705,0,0
3699769258,1505,1709,0,0
3699771258,1509,1710,0,0
3699773258,1508,1709,0,0
3699775258,1508,1703,0,0
3699777258,1504,1705,0,0
3699779258,1510,1710,0,0
3699781258,1512,1706,0,0
3699783258,1508,1710,0,0
3699785258,1508,1709,0,0
3699787258,1512,1709,0,0
3699789258,1500,1709,0,0
3699791258,1507,1702,0,0
3699793258,1500,1713,0,0
3699795258,1512,1712,0,0
3699797258,1510,1701,0,0
3699799258,1507,1697,0,0
3699801258,1512,1701,0,0
3699803258,1500,1709,0,0
3699805258,1508,1696,0,0
3699807258,1507,1705,0,0
3699809258,1504,1709,0,0
3699811258,1508,1693,0,0
3699813258,1511,1699,0,0
3699815258,1505,1707,0,0
3699817258,1511,1707,0,0
3699819258,1512,1704,0,0
3699821258,1512,1706,0,0
3699823258,1504,1705,0,0
3699825258,1512,1702,0,0
3699827258,1512,1704,0,0
3699829258,1504,1702,0,0
3699831258,1502,1705,0,0
3699833258,1513,1700,0,0
3699835258,1511,1702,0,0
3699837258,1508,1707,0,0
3699839258,1498,1703,0,0
3699841258,1512,1704,0,0
3699843258,1512,1709,0,0
3699845258,1512,1708,0,0
3699847258,1505,1703,0,0
3699849258,1497,1699,0,0
3699851258,1511,1700,0,0
3699853258,1512,1699,0,0
3699855258,1509,1713,0,0
3699857258,1510,1707,0,0
3699859258,1508,1704,0,0
3699861258,1508,1697,0,0
3699863258,1513,1701,0,0
3699865258,1512,1701,0,0
3699867258,1511,1697,0,0
3699869258,1500,1709,0,0
3699871258,1512,1716,0,0
3699873258,1512,1705,0,0
3699875258,1510,1705,0,0
3699877258,1502,1702,0,0
3699879258,1511,1706,0,0
3699881258,1504,1709,0,0
3699883258,1512,1706,0,0
3699885258,1508,1703,0,0
3699887258,1511,1705,0,0
3699889258,1511,1701,0,0
3699891258,1511,1700,0,0
3699893258,1504,1707,0,0
3699895258,1512,1706,0,0
3699897258,1510,1713,0,0
3699899258,1508,1711,0,0
3699901258,1504,1706,0,0
3699903258,1502,1707,0,0
3699905258,1508,1712,0,0
3699907258,1511,1706,0,0
3699909258,1504,1712,0,0
3699911258,1510,1703,0,0
3699913258,1511,1700,0,0
3699915258,1509,1709,0,0
3699917258,1508,1704,0,0
3699919258,1510,1709,0,0
3699921258,1512,1706,0,0
3699923258,1508,1716,0,0
3699925258,1510,1708,0,0
3699927258,1512,1707,0,0
3699929258,1512,1699,0,0
3699931258,1507,1716,0,0
3699933258,1504,1709,0,0
3699935258,1507,1704,0,0
3699937258,1505,1703,0,0
3699939258,1501,1703,0,0
3699941258,1507,1703,0,0
3699943258,1503,1705,0,0
3699945258,1507,1705,0,0
3699947258,1508,1705,0,0
3699949258,1507,1705,0,0
3699951258,1508,1705,0,0
3699953258,1505,1707,0,0
3699955258,1511,1703,0,0
3699957258,1502,1710,0,0
3699959258,1508,1705,0,0
3699961258,1512,1699,0,0
3699963258,1508,1699,0,0
3699965258,1508,1705,0,0
3699967258,1508,1713,0,0
3699969258,1508,1703,0,0
3699971258,1502,1706,0,0
3699973258,1505,1701,0,0
3699975258,1510,1698,0,0
3699977258,1502,1699,0,0
3699979258,1509,1706,0,0
3699981258,1504,1707,0,0
3699983258,1503,1697,0,0
3699985258,1511,1706,0,0
3699987258,1508,1697,0,0
3699989258,1511,1702,0,0
3699991258,1508,1707,0,0
3699993258,1510,1709,0,0
3699995258,1510,1707,0,0
3699997258,1508,1704,0,0
3699999258,1502,1708,0,0
3700001258,1506,1706,0,0
3700003258,1507,1709,0,0
3700005258,1510,1705,0,0
3700007258,1511,1696,0,0
3700009258,1504,1705,0,0
3700011258,1504,1712,0,0
3700013258,1505,1710,0,0
3700015258,1507,1693,0,0
3700017258,1505,1707,0,0
3700019258,1504,1707,0,0
3700021258,1508,1705,0,0
3700023258,1508,1710,0,0
3700025258,1511,1700,0,0
3700027258,1510,1697,0,0
3700029258,1510,1709,0,0
3700031258,1508,1709,0,0
3700033258,1504,1705,0,0
3700035258,1512,1705,0,0
3700037258,1497,1699,0,0
3700039258,1505,1699,0,0
3700041258,1503,1709,0,0
3700043258,1508,1713,0,0
3700045258,1507,1703,0,0
3700047258,1510,1716,0,0
3700049258,1499,1706,0,0
3700051258,1509,1704,0,0
3700053258,1507,1703,0,0
3700055258,1511,1704,0,0
3700057258,1505,1697,0,0
3700059258,1502,1705,0,0
3700061258,1508,1701,0,0
3700063258,1508,1706,0,0
3700065258,1506,1704,0,0
3700067258,1500,1704,0,0
3700069258,1499,1708,0,0
3700071258,1512,1697,0,0
3700073258,1505,1701,0,0
3700075258,1500,1709,0,0
3700077258,1508,1705,0,0
3700079258,1505,1701,0,0
3700081258,1510,1712,0,0
3700083258,1508,1704,0,0
3700085258,1499,1706,0,0
3700087258,1502,1713,0,0
3700089258,1500,1705,0,0
3700091258,1509,1705,0,0
3700093258,1510,1706,0,0
3700095258,1508,1704,0,0
3700097258,1504,1700,210,1
3700099258,1500,1672,210,1
3700101258,1489,1625,210,1
3700103258,1476,1598,210,1
3700105258,1475,1564,210,1
3700107258,1462,1531,210,1
3700109258,1461,1502,210,1
3700111258,1456,1476,210,1
3700113258,1443,1449,210,0
3700115258,1444,1423,210,0
3700117258,1436,1408,210,0
3700119258,1432,1368,210,0
3700121258,1423,1351,210,0
3700123258,1414,1335,210,0
3700125258,1412,1321,210,0
3700127258,1410,1308,210,0
3700129258,1405,1296,210,0
3700131258,1402,1273,210,0
3700133258,1399,1264,210,0
3700135258,1398,1251,210,0
3700137258,1391,1242,210,0
3700139258,1396,1224,210,0
3700141258,1390,1221,210,0
3700143258,1371,1214,210,0
3700145258,1371,1205,210,0
3700147258,1371,1200,210,0
3700149258,1371,1185,210,0
3700151258,1371,1180,210,0
3700153258,1371,1179,210,0
3700155258,1371,1178,210,0
3700157258,1371,1171,210,0
3700159258,1369,1171,210,0
3700161258,1364,1161,210,0
3700163258,1362,1159,210,0
3700165258,1359,1159,210,0
3700167258,1364,1147,210,0
3700169258,1367,1151,210,0
3700171258,1371,1147,210,0
3700173258,1359,1141,210,0
3700175258,1362,1150,210,0
3700177258,1364,1134,210,0
3700179258,1363,1139,210,0
3700181258,1360,1137,210,0
3700183258,1361,1133,210,0
3700185258,1361,1129,210,0
3700187258,1358,1133,210,0
3700189258,1359,1127,210,0
3700191258,1359,1129,210,0
3700193258,1356,1129,210,0
3700195258,1355,1127,210,0
3700197258,1354,1121,210,0
3700199258,1358,1126,210,0
3700201258,1355,1123,210,0
3700203258,1358,1119,210,0
3700205258,1353,1126,210,0
3700207258,1357,1115,210,0
3700209258,1349,1119,210,0
3700211258,1353,1117,210,0
3700213258,1351,1116,210,0
3700215258,1344,1117,210,0
3700217258,1344,1103,210,0
3700219258,1335,1115,210,0
3700221258,1338,1113,210,0
3700223258,1333,1104,210,0
3700225258,1334,1104,210,0
3700227258,1328,1103,210,0
3700229258,1320,1090,210,0
3700231258,1312,1089,210,0
3700233258,1308,1091,210,0
3700235258,1297,1091,210,0
3700237258,1289,1083,210,0
3700239258,1275,1081,210,0
3700241258,1265,1087,210,0
3700243258,1255,1099,210,0
3700245258,1236,1143,210,0
3700247258,1198,1296,0,0
3700249258,1220,1350,0,0
3700251258,1231,1387,0,0
3700253258,1255,1407,0,0
3700255258,1272,1436,0,0
3700257258,1290,1457,0,0
3700259258,1308,1486,0,0
3700261258,1326,1502,0,0
3700263258,1333,1520,0,0
3700265258,1342,1537,0,0
3700267258,1355,1536,0,0
3700269258,1368,1565,0,0
3700271258,1371,1569,0,0
3700273258,1392,1578,0,0
3700275258,1399,1584,0,0
3700277258,1404,1601,0,0
3700279258,1410,1601,0,0
3700281258,1422,1614,0,0
3700283258,1423,1621,0,0
3700285258,1424,1628,0,0
3700287258,1435,1638,0,0
3700289258,1444,1640,0,0
3700291258,1447,1646,0,0
3700293258,1448,1652,0,0
3700295258,1460,1661,0,0
3700297258,1460,1664,0,0
3700299258,1463,1669,0,0
3700301258,1465,1671,0,0
3700303258,1472,1665,0,0
3700305258,1476,1671,0,0
3700307258,1472,1680,0,0
3700309258,1476,1680,0,0
3700311258,1483,1684,0,0
3700313258,1483,1689,0,0
3700315258,1486,1687,0,0
3700317258,1487,1686,0,0
3700319258,1490,1690,0,0
3700321258,1498,1693,0,0
3700323258,1487,1693,0,0
3700325258,1495,1695,0,0
3700327258,1487,1693,0,0
3700329258,1499,1696,0,0
3700331258,1496,1696,0,0
3700333258,1501,1697,0,0
3700335258,1498,1693,0,0
3700337258,1500,1691,0,0
3700339258,1504,1697,0,0
3700341258,1499,1689,0,0
3700343258,1502,1700,0,0
3700345258,1499,1702,0,0
3700347258,1504,1702,0,0
3700349258,1502,1706,0,0
3700351258,1508,1697,0,0
3700353258,1504,1704,0,0
3700355258,1504,1700,0,0
3700357258,1502,1696,0,0
3700359258,1510,1700,0,0
3700361258,1504,1700,0,0
3700363258,1498,1701,0,0
3700365258,1504,1702,0,0
3700367258,1507,1705,0,0
3700369258,1504,1705,0,0
3700371258,1500,1701,0,0
3700373258,1503,1697,0,0
3700375258,1504,1704,0,0
3700377258,1497,1705,0,0
3700379258,1504,1705,0,0
3700381258,1507,1702,0,0
3700383258,1503,1705,0,0
3700385258,1502,1712,0,0
3700387258,1497,1697,0,0
3700389258,1510,1710,0,0
3700391258,1504,1709,0,0
3700393258,1501,1706,0,0
3700395258,1512,1705,0,0
3700397258,1500,1703,0,0
3700399258,1498,1706,0,0
3700401258,1502,1701,0,0
3700403258,1504,1703,0,0
3700405258,1504,1705,0,0
3700407258,1500,1704,0,0
3700409258,1494,1702,0,0
3700411258,1504,1706,0,0
3700413258,1505,1705,0,0
3700415258,1504,1712,0,0
3700417258,1508,1704,0,0
3700419258,1512,1706,0,0
3700421258,1505,1704,0,0
3700423258,1505,1710,0,0
3700425258,1505,1711,0,0
3700427258,1502,1709,0,0
3700429258,1507,1710,0,0
3700431258,1498,1705,0,0
3700433258,1502,1706,0,0
3700435258,1501,1714,0,0
3700437258,1500,1710,0,0
3700439258,1504,1709,0,0
3700441258,1504,1709,0,0
3700443258,1502,1697,0,0
3700445258,1507,1704,0,0
3700447258,1508,1702,0,0
3700449258,1505,1704,0,0
3700451258,1512,1704,0,0
3700453258,1508,1697,0,0
3700455258,1512,1701,0,0
3700457258,1499,1699,0,0
3700459258,1507,1708,0,0
3700461258,1508,1707,0,0
3700463258,1508,1709,0,0
3700465258,1504,1699,0,0
3700467258,1500,1706,0,0
3700469258,1500,1710,0,0
3700471258,1501,1708,0,0
3700473258,1507,1708,0,0
3700475258,1498,1705,0,0
3700477258,1501,1705,0,0
3700479258,1500,1707,0,0
3700481258,1507,1701,0,0
3700483258,1506,1705,0,0
3700485258,1503,1708,0,0
3700487258,1500,1696,0,0
3700489258,1500,1709,0,0
3700491258,1504,1700,0,0
3700493258,1505,1701,0,0
3700495258,1505,1714,0,0
3700497258,1500,1704,0,0
3700499258,1507,1702,0,0
3700501258,1503,1707,0,0
3700503258,1504,1697,0,0
3700505258,1496,1706,0,0
3700507258,1504,1706,0,0
3700509258,1497,1708,0,0
3700511258,1504,1707,0,0
3700513258,1512,1701,0,0
3700515258,1508,1702,0,0
3700517258,1504,1713,0,0
3700519258,1512,1706,0,0
3700521258,1502,1709,0,0
3700523258,1499,1704,0,0
3700525258,1506,1704,0,0
3700527258,1512,1706,0,0
3700529258,1500,1705,0,0
3700531258,1505,1710,0,0
3700533258,1504,1704,0,0
3700535258,1511,1694,0,0
3700537258,1504,1705,0,0
3700539258,1510,1709,0,0
3700541258,1504,1709,0,0
3700543258,1509,1705,0,0
3700545258,1510,1705,0,0
3700547258,1510,1715,0,0
3700549258,1500,1703,0,0
3700551258,1504,1704,0,0
3700553258,1511,1705,0,0
3700555258,1508,1705,0,0
3700557258,1508,1703,0,0
3700559258,1502,1705,0,0
3700561258,1504,1706,0,0
3700563258,1511,1705,0,0
3700565258,1497,1706,0,0
3700567258,1507,1704,0,0
3700569258,1508,1709,0,0
3700571258,1505,1701,0,0
3700573258,1502,1695,0,0
3700575258,1492,1704,0,0
3700577258,1507,1705,0,0
3700579258,1504,1705,0,0
3700581258,1507,1706,0,0
3700583258,1512,1697,0,0
3700585258,1504,1713,0,0
3700587258,1508,1706,0,0
3700589258,1512,1704,0,0
3700591258,1505,1715,0,0
3700593258,1508,1705,0,0
3700595258,1499,1713,0,0
3700597258,1504,1713,0,0
3700599258,1504,1713,0,0
3700601258,1510,1700,0,0
3700603258,1496,1696,0,0
3700605258,1502,1707,0,0
3700607258,1512,1705,0,0
3700609258,1510,1707,0,0
3700611258,1504,1705,0,0
3700613258,1508,1707,0,0
3700615258,1510,1709,0,0
3700617258,1501,1706,0,0
3700619258,1496,1701,0,0
3700621258,1500,1705,0,0
3700623258,1502,1705,0,0
3700625258,1500,1706,0,0
3700627258,1503,1709,0,0
3700629258,1501,1700,0,0
3700631258,1499,1705,0,0
3700633258,1488,1697,0,0
3700635258,1507,1707,0,0
3700637258,1505,1709,0,0
3700639258,1507,1709,0,0
3700641258,1507,1706,0,0
3700643258,1507,1702,0,0
3700645258,1503,1695,0,0
3700647258,1501,1705,0,0
3700649258,1510,1704,0,0
3700651258,1502,1706,0,0
3700653258,1501,1712,0,0
3700655258,1505,1707,0,0
3700657258,1503,1709,0,0
3700659258,1509,1705,0,0
3700661258,1499,1701,0,0
3700663258,1508,1705,0,0
3700665258,1512,1709,0,0
3700667258,1505,1706,0,0
3700669258,1504,1703,0,0
3700671258,1500,1705,0,0
3700673258,1500,1705,0,0
3700675258,1500,1706,0,0
3700677258,1499,1706,0,0
3700679258,1504,1703,0,0
3700681258,1507,1705,0,0
3700683258,1509,1705,0,0
3700685258,1508,1710,0,0
3700687258,1497,1706,0,0
3700689258,1505,1705,0,0
3700691258,1504,1706,0,0
3700693258,1503,1709,0,0
3700695258,1503,1705,0,0
3700697258,1500,1712,0,0
3700699258,1500,1708,0,0
3700701258,1504,1710,0,0
3700703258,1502,1703,0,0
3700705258,1508,1709,0,0
3700707258,1504,1709,0,0
3700709258,1499,1702,0,0
3700711258,1503,1703,0,0
3700713258,1498,1707,0,0
3700715258,1502,1703,0,0
3700717258,1500,1710,0,0
3700719258,1504,1703,0,0
3700721258,1510,1697,0,0
3700723258,1500,1702,0,0
3700725258,1496,1702,0,0
3700727258,1500,1705,0,0
3700729258,1504,1696,0,0
3700731258,1503,1706,0,0
3700733258,1504,1705,0,0
3700735258,1502,1710,0,0
3700737258,1500,1705,0,0
3700739258,1504,1703,0,0
3700741258,1505,1701,0,0
3700743258,1500,1704,0,0
3700745258,1497,1697,0,0
3700747258,1504,1701,0,0
3700749258,1507,1713,0,0
3700751258,1496,1702,0,0
3700753258,1508,1709,0,0
3700755258,1502,1701,0,0
3700757258,1512,1707,0,0
3700759258,1505,1700,0,0
3700761258,1507,1704,0,0
3700763258,1505,1704,0,0
3700765258,1510,1704,0,0
3700767258,1508,1706,0,0
3700769258,1504,1705,0,0
3700771258,1504,1704,0,0
3700773258,1500,1701,0,0
3700775258,1504,1707,0,0
3700777258,1505,1706,0,0
3700779258,1505,1705,0,0
3700781258,1505,1702,0,0
3700783258,1508,1704,0,0
3700785258,1500,1709,0,0
3700787258,1503,1709,0,0
3700789258,1511,1715,0,0
3700791258,1510,1695,0,0
3700793258,1504,1707,0,0
3700795258,1512,1713,0,0
3700797258,1496,1705,0,0
3700799258,1508,1709,0,0
3700801258,1501,1697,0,0
3700803258,1507,1713,0,0
3700805258,1510,1704,0,0
3700807258,1502,1705,0,0
3700809258,1504,1709,0,0
3700811258,1508,1702,0,0
3700813258,1503,1704,0,0
3700815258,1507,1705,0,0
3700817258,1499,1706,0,0
3700819258,1508,1709,0,0
3700821258,1501,1700,0,0
3700823258,1508,1710,0,0
3700825258,1507,1709,0,0
3700827258,1501,1704,0,0
3700829258,1506,1699,0,0
3700831258,1512,1704,0,0
3700833258,1512,1701,0,0
3700835258,1512,1705,0,0
3700837258,1504,1705,0,0
3700839258,1505,1707,0,0
3700841258,1507,1710,0,0
3700843258,1509,1713,0,0
3700845258,1504,1704,0,0
3700847258,1499,1713,0,0
3700849258,1502,1710,0,0
3700851258,1500,1701,0,0
3700853258,1500,1701,0,0
3700855258,1501,1703,0,0
3700857258,1508,1705,0,0
3700859258,1512,1707,0,0
3700861258,1510,1697,0,0
3700863258,1505,1712,0,0
3700865258,1507,1713,0,0
3700867258,1506,1699,0,0
3700869258,1504,1709,0,0
3700871258,1504,1707,0,0
3700873258,1505,1708,0,0
3700875258,1499,1705,0,0
3700877258,1500,1716,0,0
3700879258,1512,1697,0,0
3700881258,1503,1704,0,0
3700883258,1508,1706,0,0
3700885258,1496,1697,0,0
3700887258,1504,1712,0,0
3700889258,1507,1703,0,0
3700891258,1500,1706,0,0
3700893258,1508,1705,0,0
3700895258,1508,1702,0,0
3700897258,1508,1694,0,0
3700899258,1504,1710,0,0
3700901258,1505,1697,0,0
3700903258,1504,1706,0,0
3700905258,1508,1701,0,0
3700907258,1507,1709,0,0
3700909258,1507,1704,0,0
3700911258,1509,1703,0,0
3700913258,1501,1704,0,0
3700915258,1506,1713,0,0
3700917258,1505,1713,0,0
3700919258,1508,1707,0,0
3700921258,1504,1701,0,0
3700923258,1504,1702,0,0
3700925258,1507,1703,0,0
3700927258,1505,1705,0,0
3700929258,1503,1701,0,0
3700931258,1499,1704,0,0
3700933258,1499,1705,0,0
3700935258,1508,1703,0,0
3700937258,1505,1704,0,0
3700939258,1505,1710,0,0
3700941258,1502,1704,0,0
3700943258,1508,1701,0,0
3700945258,1504,1708,0,0
3700947258,1508,1701,0,0
3700949258,1499,1706,0,0
3700951258,1499,1699,0,0
3700953258,1508,1707,0,0
3700955258,1500,1706,0,0
3700957258,1510,1701,0,0
3700959258,1508,1704,0,0
3700961258,1499,1697,0,0
3700963258,1504,1700,0,0
3700965258,1505,1697,0,0
3700967258,1504,1710,0,0
3700969258,1501,1705,0,0
3700971258,1504,1708,0,0
3700973258,1510,1706,0,0
3700975258,1499,1709,0,0
3700977258,1504,1705,0,0
3700979258,1512,1695,0,0
3700981258,1497,1709,0,0
3700983258,1503,1709,0,0
3700985258,1501,1702,0,0
3700987258,1496,1709,0,0
3700989258,1504,1701,0,0
3700991258,1507,1708,0,0
3700993258,1500,1700,0,0
3700995258,1498,1701,0,0
3700997258,1512,1707,0,0
3700999258,1501,1708,0,0
3701001258,1510,1709,0,0
3701003258,1512,1697,0,0
3701005258,1512,1705,0,0
3701007258,1504,1705,0,0
3701009258,1505,1709,0,0
3701011258,1508,1713,0,0
3701013258,1505,1705,0,0
3701015258,1512,1714,0,0
3701017258,1505,1705,0,0
3701019258,1502,1709,0,0
3701021258,1504,1700,0,0
3701023258,1504,1705,0,0
3701025258,1505,1707,0,0
3701027258,1504,1702,0,0
3701029258,1504,1707,0,0
3701031258,1500,1704,0,0
3701033258,1510,1705,0,0
3701035258,1505,1703,0,0
3701037258,1504,1705,0,0
3701039258,1504,1706,0,0
3701041258,1511,1707,0,0
3701043258,1505,1713,0,0
3701045258,1510,1705,0,0
3701047258,1508,1697,210,1
3701049258,1497,1665,210,1
3701051258,1491,1625,210,1
3701053258,1488,1601,210,1
3701055258,1474,1563,210,1
3701057258,1459,1538,210,1
3701059258,1461,1505,210,1
3701061258,1454,1479,210,1
3701063258,1441,1449,210,0
3701065258,1436,1424,210,0
3701067258,1436,1401,210,0
3701069258,1432,1371,210,0
3701071258,1421,1356,210,0
3701073258,1422,1341,210,0
3701075258,1410,1328,210,0
3701077258,1412,1305,210,0
3701079258,1408,1292,210,0
3701081258,1403,1273,210,0
3701083258,1396,1264,210,0
3701085258,1396,1254,210,0
3701087258,1396,1240,210,0
3701089258,1387,1231,210,0
3701091258,1371,1232,210,0
3701093258,1385,1217,210,0
3701095258,1384,1205,210,0
3701097258,1371,1201,210,0
3701099258,1371,1187,210,0
3701101258,1371,1187,210,0
3701103258,1368,1172,210,0
3701105258,1368,1167,210,0
3701107258,1371,1163,210,0
3701109258,1366,1167,210,0
3701111258,1370,1159,210,0
3701113258,1371,1155,210,0
3701115258,1360,1151,210,0
3701117258,1371,1147,210,0
3701119258,1364,1143,210,0
3701121258,1365,1145,210,0
3701123258,1360,1131,210,0
3701125258,1359,1136,210,0
3701127258,1362,1140,210,0
3701129258,1360,1128,210,0
3701131258,1358,1131,210,0
3701133258,1358,1128,210,0
3701135258,1359,1126,210,0
3701137258,1364,1126,210,0
3701139258,1364,1118,210,0
3701141258,1352,1123,210,0
3701143258,1360,1121,210,0
3701145258,1353,1115,210,0
3701147258,1345,1115,210,0
3701149258,1352,1117,210,0
3701151258,1348,1113,210,0
3701153258,1339,1114,210,0
3701155258,1334,1107,210,0
3701157258,1334,1107,210,0
3701159258,1329,1103,210,0
3701161258,1320,1094,210,0
3701163258,1319,1095,210,0
3701165258,1312,1086,210,0
3701167258,1308,1094,210,0
3701169258,1292,1089,210,0
3701171258,1282,1086,210,0
3701173258,1272,1078,210,0
3701175258,1261,1066,210,0
3701177258,1247,1075,210,0
3701179258,1247,1084,210,0
3701181258,1215,1143,210,0
3701183258,1179,1302,210,0
3701185258,1182,1342,210,0
3701187258,1179,1348,210,0
3701189258,1178,1351,210,0
3701191258,1176,1355,210,0
3701193258,1179,1354,210,0
3701195258,1181,1355,210,0
3701197258,1184,1353,0,0
3701199258,1208,1389,0,0
3701201258,1219,1416,0,0
3701203258,1243,1436,0,0
3701205258,1258,1461,0,0
3701207258,1284,1488,0,0
3701209258,1299,1500,0,0
3701211258,1319,1516,0,0
3701213258,1332,1533,0,0
3701215258,1333,1544,0,0
3701217258,1356,1564,0,0
3701219258,1366,1570,0,0
3701221258,1371,1585,0,0
3701223258,1398,1600,0,0
3701225258,1400,1601,0,0
3701227258,1400,1614,0,0
3701229258,1419,1613,0,0
3701231258,1416,1628,0,0
3701233258,1431,1623,0,0
3701235258,1435,1641,0,0
3701237258,1434,1641,0,0
3701239258,1444,1654,0,0
3701241258,1444,1664,0,0
3701243258,1451,1661,0,0
3701245258,1455,1667,0,0
3701247258,1461,1668,0,0
3701249258,1461,1679,0,0
3701251258,1467,1681,0,0
3701253258,1469,1680,0,0
3701255258,1467,1681,0,0
3701257258,1480,1680,0,0
3701259258,1476,1685,0,0
3701261258,1480,1688,0,0
3701263258,1482,1694,0,0
3701265258,1487,1690,0,0
3701267258,1487,1699,0,0
3701269258,1489,1693,0,0
3701271258,1489,1696,0,0
3701273258,1489,1696,0,0
3701275258,1488,1693,0,0
3701277258,1492,1701,0,0
3701279258,1496,1693,0,0
3701281258,1499,1701,0,0
3701283258,1499,1701,0,0
3701285258,1499,1698,0,0
3701287258,1512,1696,0,0
3701289258,1502,1701,0,0
3701291258,1498,1701,0,0
3701293258,1504,1703,0,0
3701295258,1504,1699,0,0
3701297258,1501,1705,0,0
3701299258,1509,1705,0,0
3701301258,1508,1704,0,0
3701303258,1511,1704,0,0
3701305258,1502,1705,0,0
3701307258,1500,1704,0,0
3701309258,1499,1701,0,0
3701311258,1500,1709,0,0
3701313258,1501,1703,0,0
3701315258,1502,1704,0,0
3701317258,1496,1705,0,0
3701319258,1497,1701,0,0
3701321258,1509,1694,0,0
3701323258,1500,1699,0,0
3701325258,1501,1704,0,0
3701327258,1499,1704,0,0
3701329258,1500,1703,0,0
3701331258,1507,1702,0,0
3701333258,1506,1709,0,0
3701335258,1512,1703,0,0
3701337258,1501,1706,0,0
3701339258,1497,1708,0,0
3701341258,1504,1712,0,0
3701343258,1505,1704,0,0
3701345258,1508,1703,0,0
3701347258,1504,1697,0,0
3701349258,1504,1704,0,0
3701351258,1504,1699,0,0
3701353258,1505,1705,0,0
3701355258,1499,1705,0,0
3701357258,1502,1705,0,0
3701359258,1499,1703,0,0
3701361258,1509,1702,0,0
3701363258,1501,1705,0,0
3701365258,1496,1701,0,0
3701367258,1500,1705,0,0
3701369258,1508,1706,0,0
3701371258,1499,1705,0,0
3701373258,1508,1705,0,0
3701375258,1501,1705,0,0
3701377258,1504,1706,0,0
3701379258,1500,1708,0,0
3701381258,1501,1697,0,0
3701383258,1504,1705,0,0
3701385258,1502,1706,0,0
3701387258,1498,1705,0,0
3701389258,1500,1705,0,0
3701391258,1498,1694,0,0
3701393258,1503,1704,0,0
3701395258,1496,1707,0,0
3701397258,1497,1700,0,0
3701399258,1500,1702,0,0
3701401258,1508,1707,0,0
3701403258,1500,1703,0,0
3701405258,1504,1705,0,0
3701407258,1507,1701,0,0
3701409258,1501,1705,0,0
3701411258,1504,1706,0,0
3701413258,1500,1705,0,0
3701415258,1500,1703,0,0
3701417258,1504,1706,0,0
3701419258,1502,1706,0,0
3701421258,1502,1709,0,0
3701423258,1500,1707,0,0
3701425258,1504,1706,0,0
3701427258,1510,1701,0,0
3701429258,1498,1701,0,0
3701431258,1509,1699,0,0
3701433258,1502,1709,0,0
3701435258,1500,1702,0,0
3701437258,1509,1704,0,0
3701439258,1500,1702,0,0
3701441258,1500,1703,0,0
3701443258,1504,1709,0,0
3701445258,1500,1714,0,0
3701447258,1505,1702,0,0
3701449258,1504,1704,0,0
3701451258,1500,1705,0,0
3701453258,1504,1705,0,0
3701455258,1504,1705,0,0
3701457258,1509,1709,0,0
3701459258,1509,1702,0,0
3701461258,1501,1701,0,0
3701463258,1501,1713,0,0
3701465258,1508,1705,0,0
3701467258,1505,1701,0,0
3701469258,1505,1705,0,0
3701471258,1502,1694,0,0
3701473258,1502,1702,0,0
3701475258,1502,1709,0,0
3701477258,1495,1701,0,0
3701479258,1499,1705,0,0
3701481258,1504,1705,0,0
3701483258,1502,1699,0,0
3701485258,1504,1707,0,0
3701487258,1505,1705,0,0
3701489258,1504,1699,0,0
3701491258,1500,1699,0,0
3701493258,1500,1704,0,0
3701495258,1501,1706,0,0
3701497258,1502,1706,0,0
3701499258,1502,1707,0,0
3701501258,1501,1706,0,0
3701503258,1504,1705,0,0
3701505258,1504,1705,0,0
3701507258,1500,1701,0,0
3701509258,1500,1706,0,0
3701511258,1492,1705,0,0
3701513258,1494,1702,0,0
3701515258,1500,1706,0,0
3701517258,1497,1710,0,0
3701519258,1504,1717,0,0
3701521258,1504,1704,0,0
3701523258,1508,1714,0,0
3701525258,1499,1708,0,0
3701527258,1500,1707,0,0
3701529258,1503,1697,0,0
3701531258,1495,1713,0,0
3701533258,1507,1713,0,0
3701535258,1497,1696,0,0
3701537258,1502,1701,0,0
3701539258,1504,1705,0,0
3701541258,1501,1697,0,0
3701543258,1496,1707,0,0
3701545258,1502,1705,0,0
3701547258,1500,1705,0,0
3701549258,1505,1705,0,0
3701551258,1500,1704,0,0
3701553258,1504,1704,0,0
3701555258,1500,1705,0,0
3701557258,1505,1702,0,0
3701559258,1500,1710,0,0
3701561258,1502,1705,0,0
3701563258,1502,1705,0,0
3701565258,1501,1702,0,0
3701567258,1500,1703,0,0
3701569258,1502,1700,0,0
3701571258,1500,1705,0,0
3701573258,1502,1704,0,0
3701575258,1505,1707,0,0
3701577258,1500,1705,0,0
3701579258,1504,1705,0,0
3701581258,1497,1703,0,0
3701583258,1502,1701,0,0
3701585258,1502,1704,0,0
3701587258,1507,1708,0,0
3701589258,1496,1705,0,0
3701591258,1501,1696,0,0
3701593258,1495,1697,0,0
3701595258,1498,1700,0,0
3701597258,1498,1696,0,0
3701599258,1508,1705,0,0
3701601258,1502,1701,0,0
3701603258,1502,1701,0,0
3701605258,1504,1700,0,0
3701607258,1496,1708,0,0
3701609258,1501,1709,0,0
3701611258,1501,1705,0,0
3701613258,1504,1707,0,0
3701615258,1499,1710,0,0
3701617258,1504,1706,0,0
3701619258,1497,1703,0,0
3701621258,1497,1703,0,0
3701623258,1507,1709,0,0
3701625258,1502,1700,0,0
3701627258,1507,1712,0,0
3701629258,1504,1704,0,0
3701631258,1508,1707,0,0
3701633258,1498,1709,0,0
3701635258,1504,1706,0,0
3701637258,1502,1693,0,0
3701639258,1502,1704,0,0
3701641258,1496,1707,0,0
3701643258,1500,1696,0,0
3701645258,1501,1707,0,0
3701647258,1507,1704,0,0
3701649258,1507,1696,0,0
3701651258,1499,1700,0,0
3701653258,1501,1707,0,0
3701655258,1505,1704,0,0
3701657258,1505,1716,0,0
3701659258,1500,1703,0,0
3701661258,1498,1702,0,0
3701663258,1510,1702,0,0
3701665258,1504,1705,0,0
3701667258,1503,1697,0,0
3701669258,1510,1707,0,0
3701671258,1504,1703,0,0
3701673258,1509,1697,0,0
3701675258,1505,1703,0,0
3701677258,1503,1704,0,0
3701679258,1500,1704,0,0
3701681258,1500,1701,0,0
3701683258,1504,1699,0,0
3701685258,1502,1703,0,0
3701687258,1512,1701,0,0
3701689258,1499,1707,0,0
3701691258,1504,1697,0,0
3701693258,1504,1703,0,0
3701695258,1500,1706,0,0
3701697258,1500,1709,0,0
3701699258,1498,1707,0,0
3701701258,1508,1700,0,0
3701703258,1504,1704,0,0
3701705258,1501,1701,0,0
3701707258,1492,1697,0,0
3701709258,1501,1712,0,0
3701711258,1500,1705,0,0
3701713258,1504,1709,0,0
3701715258,1507,1706,0,0
3701717258,1499,1707,0,0
3701719258,1500,1702,0,0
3701721258,1508,1710,0,0
3701723258,1504,1712,0,0
3701725258,1502,1703,0,0
3701727258,1508,1703,0,0
3701729258,1500,1705,0,0
3701731258,1503,1704,0,0
3701733258,1496,1702,0,0
3701735258,1508,1703,0,0
3701737258,1504,1704,0,0
3701739258,1505,1715,0,0
3701741258,1507,1707,0,0
3701743258,1504,1709,0,0
3701745258,1505,1704,0,0
3701747258,1508,1702,0,0
3701749258,1508,1705,0,0
3701751258,1499,1704,0,0
3701753258,1495,1707,0,0
3701755258,1504,1702,0,0
3701757258,1510,1704,0,0
3701759258,1504,1706,0,0
3701761258,1504,1713,0,0
3701763258,1501,1706,0,0
3701765258,1501,1693,0,0
3701767258,1500,1708,0,0
3701769258,1507,1704,0,0
3701771258,1504,1705,0,0
3701773258,1504,1701,0,0
3701775258,1504,1707,0,0
3701777258,1508,1704,0,0
3701779258,1499,1705,0,0
3701781258,1502,1702,0,0
3701783258,1504,1702,0,0
3701785258,1508,1712,0,0
3701787258,1504,1709,0,0
3701789258,1505,1707,0,0
3701791258,1503,1696,0,0
3701793258,1512,1706,0,0
3701795258,1498,1709,0,0
3701797258,1504,1703,0,0
3701799258,1500,1699,0,0
3701801258,1508,1706,0,0
3701803258,1508,1704,0,0
3701805258,1502,1705,0,0
3701807258,1505,1706,0,0
3701809258,1500,1710,0,0
3701811258,1505,1705,0,0
3701813258,1504,1709,0,0
3701815258,1498,1704,0,0
3701817258,1503,1713,0,0
3701819258,1496,1701,0,0
3701821258,1508,1709,0,0
3701823258,1496,1709,0,0
3701825258,1505,1700,0,0
3701827258,1509,1705,0,0
3701829258,1495,1712,0,0
3701831258,1498,1706,0,0
3701833258,1494,1704,0,0
3701835258,1503,1700,0,0
3701837258,1500,1701,0,0
3701839258,1496,1701,0,0
3701841258,1493,1696,0,0
3701843258,1492,1701,0,0
3701845258,1501,1705,0,0
3701847258,1495,1697,0,0
3701849258,1502,1707,0,0
3701851258,1496,1693,0,0
3701853258,1505,1701,0,0
3701855258,1511,1701,0,0
3701857258,1500,1704,0,0
3701859258,1508,1707,0,0
3701861258,1495,1700,0,0
3701863258,1497,1704,0,0
3701865258,1492,1707,0,0
3701867258,1498,1705,0,0
3701869258,1505,1705,0,0
3701871258,1500,1704,0,0
3701873258,1500,1697,0,0
3701875258,1495,1703,0,0
3701877258,1498,1702,0,0
3701879258,1499,1701,0,0
3701881258,1500,1701,0,0
3701883258,1497,1701,0,0
3701885258,1505,1704,0,0
3701887258,1502,1708,0,0
3701889258,1497,1705,0,0
3701891258,1501,1707,0,0
3701893258,1503,1704,0,0
3701895258,1504,1703,0,0
3701897258,1494,1701,0,0
3701899258,1507,1699,0,0
3701901258,1497,1701,0,0
3701903258,1500,1702,0,0
3701905258,1502,1707,0,0
3701907258,1499,1701,0,0
3701909258,1498,1701,0,0
3701911258,1496,1700,0,0
3701913258,1502,1706,0,0
3701915258,1504,1712,0,0
3701917258,1505,1699,0,0
3701919258,1505,1702,0,0
3701921258,1498,1707,0,0
3701923258,1508,1706,0,0
3701925258,1502,1710,0,0
3701927258,1500,1700,0,0
3701929258,1502,1712,0,0
3701931258,1507,1702,0,0
3701933258,1495,1709,0,0
3701935258,1502,1708,0,0
3701937258,1504,1713,0,0
3701939258,1497,1697,0,0
3701941258,1499,1710,0,0
3701943258,1497,1701,0,0
3701945258,1509,1700,0,0
3701947258,1500,1702,0,0
3701949258,1499,1696,0,0
3701951258,1502,1704,0,0
3701953258,1498,1697,0,0
3701955258,1495,1708,0,0
3701957258,1507,1707,0,0
3701959258,1496,1705,0,0
3701961258,1505,1702,0,0
3701963258,1500,1701,0,0
3701965258,1504,1704,0,0
3701967258,1500,1710,0,0
3701969258,1496,1713,0,0
3701971258,1504,1699,0,0
3701973258,1500,1702,0,0
3701975258,1500,1706,0,0
3701977258,1500,1705,0,0
3701979258,1498,1707,0,0
3701981258,1497,1700,0,0
3701983258,1499,1705,0,0
3701985258,1500,1707,0,0
3701987258,1496,1708,0,0
3701989258,1499,1705,0,0
3701991258,1500,1703,0,0
3701993258,1500,1697,0,0
3701995258,1504,1696,0,0
3701997258,1492,1697,210,1
3701999258,1490,1666,210,1
3702001258,1486,1633,210,1
3702003258,1475,1589,210,1
3702005258,1473,1565,210,1
3702007258,1464,1535,210,1
3702009258,1457,1502,210,1
3702011258,1444,1475,210,1
3702013258,1436,1444,210,0
3702015258,1436,1428,210,0
3702017258,1423,1400,210,0
3702019258,1424,1371,210,0
3702021258,1416,1358,210,0
3702023258,1418,1333,210,0
3702025258,1406,1325,210,0
3702027258,1405,1304,210,0
3702029258,1406,1284,210,0
3702031258,1396,1280,210,0
3702033258,1398,1267,210,0
3702035258,1390,1260,210,0
3702037258,1384,1243,210,0
3702039258,1387,1219,210,0
3702041258,1371,1227,210,0
3702043258,1371,1215,210,0
3702045258,1371,1201,210,0
3702047258,1371,1201,210,0
3702049258,1371,1192,210,0
3702051258,1371,1187,210,0
3702053258,1371,1176,210,0
3702055258,1371,1171,210,0
3702057258,1364,1169,210,0
3702059258,1364,1162,210,0
3702061258,1368,1159,210,0
3702063258,1361,1158,210,0
3702065258,1363,1154,210,0
3702067258,1361,1143,210,0
3702069258,1364,1143,210,0
3702071258,1360,1139,210,0
3702073258,1359,1136,210,0
3702075258,1359,1139,210,0
3702077258,1360,1135,210,0
3702079258,1359,1132,210,0
3702081258,1358,1129,210,0
3702083258,1357,1129,210,0
3702085258,1358,1134,210,0
3702087258,1353,1128,210,0
3702089258,1353,1124,210,0
3702091258,1354,1119,210,0
3702093258,1347,1127,210,0
3702095258,1348,1124,210,0
3702097258,1358,1115,210,0
3702099258,1358,1113,210,0
3702101258,1353,1110,210,0
3702103258,1350,1108,210,0
3702105258,1346,1113,210,0
3702107258,1337,1112,210,0
3702109258,1339,1101,210,0
3702111258,1328,1104,210,0
3702113258,1323,1102,210,0
3702115258,1321,1103,210,0
3702117258,1316,1097,210,0
3702119258,1305,1095,210,0
3702121258,1303,1089,210,0
3702123258,1296,1082,210,0
3702125258,1284,1086,210,0
3702127258,1277,1088,210,0
3702129258,1272,1077,210,0
3702131258,1256,1083,210,0
3702133258,1241,1083,210,0
3702135258,1223,1128,210,0
3702137258,1190,1310,210,0
3702139258,1185,1331,210,0
3702141258,1182,1339,210,0
3702143258,1168,1348,210,0
3702145258,1176,1359,210,0
3702147258,1165,1352,0,0
3702149258,1195,1396,0,0
3702151258,1220,1419,0,0
3702153258,1248,1438,0,0
3702155258,1264,1461,0,0
3702157258,1282,1487,0,0
3702159258,1292,1505,0,0
3702161258,1308,1524,0,0
3702163258,1326,1529,0,0
3702165258,1333,1552,0,0
3702167258,1345,1564,0,0
3702169258,1360,1577,0,0
3702171258,1368,1588,0,0
3702173258,1371,1589,0,0
3702175258,1387,1601,0,0
3702177258,1397,1606,0,0
3702179258,1408,1621,0,0
3702181258,1411,1627,0,0
3702183258,1424,1638,0,0
3702185258,1425,1645,0,0
3702187258,1430,1649,0,0
3702189258,1434,1656,0,0
3702191258,1435,1655,0,0
3702193258,1434,1665,0,0
3702195258,1442,1666,0,0
3702197258,1450,1667,0,0
3702199258,1460,1680,0,0
3702201258,1461,1681,0,0
3702203258,1460,1680,0,0
3702205258,1463,1679,0,0
3702207258,1472,1689,0,0
3702209258,1466,1688,0,0
3702211258,1475,1693,0,0
3702213258,1473,1687,0,0
3702215258,1473,1689,0,0
3702217258,1482,1692,0,0
3702219258,1488,1691,0,0
3702221258,1488,1694,0,0
3702223258,1483,1694,0,0
3702225258,1484,1697,0,0
3702227258,1487,1694,0,0
3702229258,1487,1696,0,0
3702231258,1489,1700,0,0
3702233258,1495,1693,0,0
3702235258,1487,1696,0,0
3702237258,1492,1705,0,0
3702239258,1492,1705,0,0
3702241258,1487,1693,0,0
3702243258,1488,1709,0,0
3702245258,1498,1697,0,0
3702247258,1496,1692,0,0
3702249258,1491,1705,0,0
3702251258,1496,1700,0,0
3702253258,1497,1705,0,0
3702255258,1488,1716,0,0
3702257258,1494,1697,0,0
3702259258,1499,1705,0,0
3702261258,1502,1702,0,0
3702263258,1493,1704,0,0
3702265258,1492,1704,0,0
3702267258,1492,1704,0,0
3702269258,1492,1705,0,0
3702271258,1501,1702,0,0
3702273258,1489,1705,0,0
3702275258,1492,1693,0,0
3702277258,1496,1702,0,0
3702279258,1494,1709,0,0
3702281258,1487,1704,0,0
3702283258,1492,1705,0,0
3702285258,1488,1705,0,0
3702287258,1500,1703,0,0
3702289258,1499,1709,0,0
3702291258,1505,1705,0,0
3702293258,1492,1706,0,0
3702295258,1497,1709,0,0
3702297258,1498,1707,0,0
3702299258,1492,1706,0,0
3702301258,1494,1702,0,0
3702303258,1501,1709,0,0
3702305258,1492,1700,0,0
3702307258,1491,1709,0,0
3702309258,1497,1710,0,0
3702311258,1501,1705,0,0
3702313258,1488,1695,0,0
3702315258,1495,1705,0,0
3702317258,1494,1709,0,0
3702319258,1495,1707,0,0
3702321258,1495,1697,0,0
3702323258,1492,1704,0,0
3702325258,1491,1700,0,0
3702327258,1496,1709,0,0
3702329258,1492,1701,0,0
3702331258,1491,1707,0,0
3702333258,1489,1708,0,0
3702335258,1497,1706,0,0
3702337258,1491,1710,0,0
3702339258,1492,1702,0,0
3702341258,1497,1701,0,0
3702343258,1487,1705,0,0
3702345258,1491,1702,0,0
3702347258,1492,1709,0,0
3702349258,1489,1702,0,0
3702351258,1489,1702,0,0
3702353258,1494,1702,0,0
3702355258,1496,1705,0,0
3702357258,1494,1712,0,0
3702359258,1499,1701,0,0
3702361258,1488,1709,0,0
3702363258,1487,1702,0,0
3702365258,1495,1697,0,0
3702367258,1489,1701,0,0
3702369258,1492,1707,0,0
3702371258,1484,1702,0,0
3702373258,1487,1709,0,0
3702375258,1491,1712,0,0
3702377258,1490,1708,0,0
3702379258,1488,1713,0,0
3702381258,1496,1697,0,0
3702383258,1491,1697,0,0
3702385258,1496,1703,0,0
3702387258,1495,1702,0,0
3702389258,1487,1703,0,0
3702391258,1487,1705,0,0
3702393258,1484,1706,0,0
3702395258,1487,1704,0,0
3702397258,1485,1697,0,0
3702399258,1465,1709,0,0
3702401258,1464,1705,0,0
3702403258,1464,1704,0,0
3702405258,1461,1704,0,0
3702407258,1471,1702,0,0
3702409258,1466,1701,0,0
3702411258,1461,1696,0,0
3702413258,1465,1709,0,0
3702415258,1466,1701,0,0
3702417258,1467,1708,0,0
3702419258,1472,1706,0,0
3702421258,1484,1705,0,0
3702423258,1472,1717,0,0
3702425258,1472,1705,0,0
3702427258,1472,1705,0,0
3702429258,1473,1704,0,0
3702431258,1465,1703,0,0
3702433258,1466,1706,0,0
3702435258,1472,1705,0,0
3702437258,1474,1710,0,0
3702439258,1473,1705,0,0
3702441258,1473,1706,0,0
3702443258,1474,1697,0,0
3702445258,1475,1702,0,0
3702447258,1475,1703,0,0
3702449258,1477,1705,0,0
3702451258,1479,1700,0,0
3702453258,1473,1708,0,0
3702455258,1476,1704,0,0
3702457258,1477,1705,0,0
3702459258,1476,1709,0,0
3702461258,1469,1702,0,0
3702463258,1473,1708,0,0
3702465258,1473,1696,0,0
3702467258,1474,1709,0,0
3702469258,1472,1708,0,0
3702471258,1476,1706,0,0
3702473258,1479,1694,0,0
3702475258,1484,1709,0,0
3702477258,1483,1702,0,0
3702479258,1489,1710,0,0
3702481258,1480,1701,0,0
3702483258,1487,1703,0,0
3702485258,1482,1705,0,0
3702487258,1486,1704,0,0
3702489258,1478,1703,0,0
3702491258,1487,1713,0,0
3702493258,1487,1713,0,0
3702495258,1482,1704,0,0
3702497258,1485,1708,0,0
3702499258,1478,1702,0,0
3702501258,1483,1694,0,0
3702503258,1478,1706,0,0
3702505258,1482,1707,0,0
3702507258,1486,1705,0,0
3702509258,1482,1701,0,0
3702511258,1483,1707,0,0
3702513258,1483,1702,0,0
3702515258,1476,1713,0,0
3702517258,1486,1705,0,0
3702519258,1483,1704,0,0
3702521258,1483,1704,0,0
3702523258,1489,1709,0,0
3702525258,1478,1702,0,0
3702527258,1483,1704,0,0
3702529258,1478,1699,0,0
3702531258,1483,1705,0,0
3702533258,1487,1709,0,0
3702535258,1487,1697,0,0
3702537258,1483,1707,0,0
3702539258,1487,1696,0,0
3702541258,1480,1704,0,0
3702543258,1489,1713,0,0
3702545258,1488,1710,0,0
3702547258,1487,1709,0,0
3702549258,1479,1707,0,0
3702551258,1490,1710,0,0
3702553258,1486,1705,0,0
3702555258,1486,1704,0,0
3702557258,1487,1705,0,0
3702559258,1489,1705,0,0
3702561258,1487,1705,0,0
3702563258,1484,1706,0,0
3702565258,1486,1699,0,0
3702567258,1485,1706,0,0
3702569258,1487,1709,0,0
3702571258,1486,1707,0,0
3702573258,1496,1700,0,0
3702575258,1486,1705,0,0
3702577258,1487,1707,0,0
3702579258,1495,1707,0,0
3702581258,1488,1697,0,0
3702583258,1488,1704,0,0
3702585258,1489,1707,0,0
3702587258,1487,1701,0,0
3702589258,1492,1705,0,0
3702591258,1486,1703,0,0
3702593258,1487,1709,0,0
3702595258,1487,1703,0,0
3702597258,1489,1702,0,0
3702599258,1483,1704,0,0
3702601258,1482,1697,0,0
3702603258,1493,1705,0,0
3702605258,1489,1714,0,0
3702607258,1490,1703,0,0
3702609258,1492,1709,0,0
3702611258,1487,1705,0,0
3702613258,1489,1706,0,0
3702615258,1488,1705,0,0
3702617258,1483,1697,0,0
3702619258,1489,1702,0,0
3702621258,1488,1710,0,0
3702623258,1492,1702,0,0
3702625258,1492,1706,0,0
3702627258,1489,1705,0,0
3702629258,1489,1701,0,0
3702631258,1484,1710,0,0
3702633258,1483,1697,0,0
3702635258,1492,1705,0,0
3702637258,1491,1697,0,0
3702639258,1499,1704,0,0
3702641258,1487,1705,0,0
3702643258,1490,1707,0,0
3702645258,1492,1709,0,0
3702647258,1488,1704,0,0
3702649258,1491,1703,0,0
3702651258,1491,1700,0,0
3702653258,1497,1706,0,0
3702655258,1495,1695,0,0
3702657258,1488,1694,0,0
3702659258,1492,1705,0,0
3702661258,1487,1705,0,0
3702663258,1487,1704,0,0
3702665258,1494,1709,0,0
3702667258,1491,1707,0,0
3702669258,1492,1706,0,0
3702671258,1487,1705,0,0
3702673258,1492,1705,0,0
3702675258,1494,1704,0,0
3702677258,1489,1712,0,0
3702679258,1490,1705,0,0
3702681258,1489,1709,0,0
3702683258,1492,1709,0,0
3702685258,1486,1701,0,0
3702687258,1491,1703,0,0
3702689258,1499,1707,0,0
3702691258,1491,1695,0,0
3702693258,1492,1709,0,0
3702695258,1487,1702,0,0
3702697258,1487,1700,0,0
3702699258,1495,1708,0,0
3702701258,1491,1699,0,0
3702703258,1497,1705,0,0
3702705258,1496,1705,0,0
3702707258,1491,1712,0,0
3702709258,1488,1707,0,0
3702711258,1488,1703,0,0
3702713258,1492,1701,0,0
3702715258,1485,1697,0,0
3702717258,1496,1707,0,0
3702719258,1490,1705,0,0
3702721258,1487,1713,0,0
3702723258,1488,1705,0,0
3702725258,1493,1707,0,0
3702727258,1495,1702,0,0
3702729258,1491,1704,0,0
3702731258,1492,1713,0,0
3702733258,1488,1705,0,0
3702735258,1492,1705,0,0
3702737258,1490,1705,0,0
3702739258,1500,1702,0,0
3702741258,1489,1703,0,0
3702743258,1492,1705,0,0
3702745258,1491,1705,0,0
3702747258,1497,1705,0,0
3702749258,1492,1704,0,0
3702751258,1497,1706,0,0
3702753258,1496,1709,0,0
3702755258,1498,1707,0,0
3702757258,1495,1702,0,0
3702759258,1504,1705,0,0
3702761258,1500,1710,0,0
3702763258,1504,1704,0,0
3702765258,1496,1704,0,0
3702767258,1498,1702,0,0
3702769258,1504,1709,0,0
3702771258,1501,1700,0,0
3702773258,1492,1706,0,0
3702775258,1502,1704,0,0
3702777258,1505,1706,0,0
3702779258,1499,1706,0,0
3702781258,1500,1693,0,0
3702783258,1498,1701,0,0
3702785258,1501,1710,0,0
3702787258,1505,1703,0,0
3702789258,1504,1707,0,0
3702791258,1505,1704,0,0
3702793258,1508,1717,0,0
3702795258,1505,1709,0,0
3702797258,1502,1701,0,0
3702799258,1500,1713,0,0
3702801258,1502,1708,0,0
3702803258,1504,1702,0,0
3702805258,1504,1704,0,0
3702807258,1508,1705,0,0
3702809258,1500,1710,0,0
3702811258,1494,1701,0,0
3702813258,1505,1700,0,0
3702815258,1508,1705,0,0
3702817258,1500,1704,0,0
3702819258,1502,1705,0,0
3702821258,1499,1705,0,0
3702823258,1499,1709,0,0
3702825258,1504,1700,0,0
3702827258,1500,1709,0,0
3702829258,1504,1702,0,0
3702831258,1504,1709,0,0
3702833258,1500,1706,0,0
3702835258,1503,1709,0,0
3702837258,1508,1704,0,0
3702839258,1502,1708,0,0
3702841258,1497,1703,0,0
3702843258,1504,1705,0,0
3702845258,1501,1709,0,0
3702847258,1501,1705,0,0
3702849258,1502,1713,0,0
3702851258,1508,1709,0,0
3702853258,1502,1702,0,0
3702855258,1507,1700,0,0
3702857258,1509,1705,0,0
3702859258,1509,1704,0,0
3702861258,1501,1716,0,0
3702863258,1505,1706,0,0
3702865258,1511,1700,0,0
3702867258,1507,1702,0,0
3702869258,1512,1702,0,0
3702871258,1505,1705,0,0
3702873258,1508,1697,0,0
3702875258,1509,1709,0,0
3702877258,1509,1705,0,0
3702879258,1500,1703,0,0
3702881258,1505,1705,0,0
3702883258,1500,1713,0,0
3702885258,1507,1705,0,0
3702887258,1505,1701,0,0
3702889258,1504,1702,0,0
3702891258,1508,1705,0,0
3702893258,1500,1705,0,0
3702895258,1504,1705,0,0
3702897258,1499,1701,0,0
3702899258,1499,1705,0,0
3702901258,1503,1705,0,0
3702903258,1507,1707,0,0
3702905258,1500,1706,0,0
3702907258,1504,1709,0,0
3702909258,1504,1709,0,0
3702911258,1504,1709,0,0
3702913258,1508,1701,0,0
3702915258,1500,1707,0,0
3702917258,1507,1704,0,0
3702919258,1509,1704,0,0
3702921258,1508,1702,0,0
3702923258,1505,1704,0,0
3702925258,1508,1697,0,0
3702927258,1504,1697,0,0
3702929258,1512,1700,0,0
3702931258,1512,1693,0,0
3702933258,1504,1705,0,0
3702935258,1496,1713,0,0
3702937258,1507,1701,0,0
3702939258,1508,1705,0,0
3702941258,1508,1713,0,0
3702943258,1500,1701,0,0
3702945258,1505,1705,0,0
3702947258,1499,1702,210,1
3702949258,1489,1666,210,1
3702951258,1484,1623,210,1
3702953258,1476,1601,210,1
3702955258,1470,1554,210,1
3702957258,1466,1533,210,1
3702959258,1461,1500,210,1
3702961258,1448,1473,210,1
3702963258,1448,1444,210,0
3702965258,1440,1427,210,0
3702967258,1436,1400,210,0
3702969258,1428,1371,210,0
3702971258,1424,1355,210,0
3702973258,1423,1336,210,0
3702975258,1412,1319,210,0
3702977258,1408,1300,210,0
3702979258,1409,1283,210,0
3702981258,1399,1272,210,0
3702983258,1401,1264,210,0
3702985258,1397,1250,210,0
3702987258,1397,1246,210,0
3702989258,1389,1228,210,0
3702991258,1392,1227,210,0
3702993258,1371,1213,210,0
3702995258,1371,1205,210,0
3702997258,1371,1200,210,0
3702999258,1371,1191,210,0
3703001258,1368,1188,210,0
3703003258,1371,1179,210,0
3703005258,1371,1175,210,0
3703007258,1371,1171,210,0
3703009258,1369,1170,210,0
3703011258,1371,1154,210,0
3703013258,1364,1153,210,0
3703015258,1369,1155,210,0
3703017258,1369,1144,210,0
3703019258,1368,1153,210,0
3703021258,1363,1149,210,0
3703023258,1370,1139,210,0
3703025258,1367,1133,210,0
3703027258,1371,1146,210,0
3703029258,1363,1141,210,0
3703031258,1365,1124,210,0
3703033258,1359,1127,210,0
3703035258,1361,1128,210,0
3703037258,1360,1125,210,0
3703039258,1353,1127,210,0
3703041258,1364,1123,210,0
3703043258,1361,1119,210,0
3703045258,1359,1125,210,0
3703047258,1363,1115,210,0
3703049258,1359,1121,210,0
3703051258,1355,1115,210,0
3703053258,1355,1115,210,0
3703055258,1359,1114,210,0
3703057258,1348,1107,210,0
3703059258,1347,1102,210,0
3703061258,1348,1111,210,0
3703063258,1344,1103,210,0
3703065258,1336,1101,210,0
3703067258,1324,1095,210,0
3703069258,1332,1095,210,0
3703071258,1316,1103,210,0
3703073258,1310,1091,210,0
3703075258,1308,1085,210,0
3703077258,1290,1092,210,0
3703079258,1285,1082,210,0
3703081258,1276,1083,210,0
3703083258,1267,1075,210,0
3703085258,1245,1073,210,0
3703087258,1235,1093,210,0
3703089258,1214,1162,210,0
3703091258,1190,1294,210,0
3703093258,1186,1345,210,0
3703095258,1182,1350,210,0
3703097258,1179,1341,0,0
3703099258,1204,1397,0,0
3703101258,1231,1425,0,0
3703103258,1254,1450,0,0
3703105258,1271,1462,0,0
3703107258,1291,1479,0,0
3703109258,1304,1500,0,0
3703111258,1320,1515,0,0
3703113258,1333,1533,0,0
3703115258,1347,1555,0,0
3703117258,1359,1562,0,0
3703119258,1363,1577,0,0
3703121258,1371,1582,0,0
3703123258,1389,1600,0,0
3703125258,1401,1602,0,0
3703127258,1408,1613,0,0
3703129258,1415,1615,0,0
3703131258,1422,1630,0,0
3703133258,1424,1635,0,0
3703135258,1434,1641,0,0
3703137258,1440,1652,0,0
3703139258,1440,1655,0,0
3703141258,1450,1657,0,0
3703143258,1453,1666,0,0
3703145258,1448,1669,0,0
3703147258,1459,1667,0,0
3703149258,1461,1677,0,0
3703151258,1468,1675,0,0
3703153258,1470,1690,0,0
3703155258,1474,1687,0,0
3703157258,1480,1692,0,0
3703159258,1478,1689,0,0
3703161258,1485,1685,0,0
3703163258,1484,1692,0,0
3703165258,1486,1689,0,0
3703167258,1487,1692,0,0
3703169258,1492,1693,0,0
3703171258,1487,1695,0,0
3703173258,1487,1697,0,0
3703175258,1494,1692,0,0
3703177258,1499,1692,0,0
3703179258,1498,1696,0,0
3703181258,1498,1696,0,0
3703183258,1504,1702,0,0
3703185258,1504,1692,0,0
3703187258,1503,1700,0,0
3703189258,1500,1701,0,0
3703191258,1500,1697,0,0
3703193258,1511,1695,0,0
3703195258,1507,1701,0,0
3703197258,1505,1701,0,0
3703199258,1508,1701,0,0
3703201258,1504,1702,0,0
3703203258,1507,1692,0,0
3703205258,1510,1700,0,0
3703207258,1508,1704,0,0
3703209258,1512,1706,0,0
3703211258,1515,1697,0,0
3703213258,1512,1697,0,0
3703215258,1514,1698,0,0
3703217258,1508,1704,0,0
3703219258,1504,1699,0,0
3703221258,1505,1711,0,0
3703223258,1508,1707,0,0
3703225258,1512,1697,0,0
3703227258,1508,1701,0,0
3703229258,1508,1705,0,0
3703231258,1510,1710,0,0
3703233258,1509,1715,0,0
3703235258,1511,1706,0,0
3703237258,1504,1706,0,0
3703239258,1508,1716,0,0
3703241258,1508,1709,0,0
3703243258,1502,1709,0,0
3703245258,1502,1702,0,0
3703247258,1504,1701,0,0
3703249258,1512,1701,0,0
3703251258,1508,1705,0,0
3703253258,1501,1699,0,0
3703255258,1503,1704,0,0
3703257258,1504,1693,0,0
3703259258,1507,1700,0,0
3703261258,1513,1705,0,0
3703263258,1512,1713,0,0
3703265258,1512,1709,0,0
3703267258,1512,1709,0,0
3703269258,1509,1704,0,0
3703271258,1504,1713,0,0
3703273258,1512,1707,0,0
3703275258,1509,1705,0,0
3703277258,1510,1710,0,0
3703279258,1512,1710,0,0
3703281258,1512,1700,0,0
3703283258,1508,1706,0,0
3703285258,1513,1698,0,0
3703287258,1512,1703,0,0
3703289258,1512,1705,0,0
3703291258,1510,1699,0,0
3703293258,1509,1705,0,0
3703295258,1505,1708,0,0
3703297258,1513,1695,0,0
3703299258,1508,1709,0,0
3703301258,1505,1702,0,0
3703303258,1512,1709,0,0
3703305258,1510,1699,0,0
3703307258,1508,1694,0,0
3703309258,1506,1703,0,0
3703311258,1508,1700,0,0
3703313258,1507,1701,0,0
3703315258,1512,1705,0,0
3703317258,1508,1704,0,0
3703319258,1512,1706,0,0
3703321258,1511,1702,0,0
3703323258,1510,1705,0,0
3703325258,1511,1699,0,0
3703327258,1509,1702,0,0
3703329258,1508,1715,0,0
3703331258,1512,1705,0,0
3703333258,1510,1693,0,0
3703335258,1512,1709,0,0
3703337258,1513,1700,0,0
3703339258,1513,1706,0,0
3703341258,1512,1706,0,0
3703343258,1512,1705,0,0
3703345258,1508,1703,0,0
3703347258,1511,1712,0,0
3703349258,1505,1706,0,0
3703351258,1508,1701,0,0
3703353258,1501,1705,0,0
3703355258,1502,1706,0,0
3703357258,1508,1701,0,0
3703359258,1510,1701,0,0
3703361258,1510,1697,0,0
3703363258,1507,1706,0,0
3703365258,1503,1703,0,0
3703367258,1512,1705,0,0
3703369258,1500,1705,0,0
3703371258,1506,1697,0,0
3703373258,1504,1702,0,0
3703375258,1508,1699,0,0
3703377258,1510,1705,0,0
3703379258,1500,1693,0,0
3703381258,1511,1709,0,0
3703383258,1512,1694,0,0
3703385258,1512,1705,0,0
3703387258,1498,1709,0,0
3703389258,1511,1705,0,0
3703391258,1508,1705,0,0
3703393258,1508,1708,0,0
3703395258,1508,1705,0,0
3703397258,1502,1699,0,0
3703399258,1508,1709,0,0
3703401258,1504,1705,0,0
3703403258,1514,1701,0,0
3703405258,1512,1697,0,0
3703407258,1511,1703,0,0
3703409258,1511,1704,0,0
3703411258,1512,1707,0,0
3703413258,1508,1709,0,0
3703415258,1507,1709,0,0
3703417258,1508,1705,0,0
3703419258,1505,1711,0,0
3703421258,1504,1705,0,0
3703423258,1502,1705,0,0
3703425258,1505,1707,0,0
3703427258,1508,1705,0,0
3703429258,1505,1706,0,0
3703431258,1501,1702,0,0
3703433258,1508,1707,0,0
3703435258,1512,1703,0,0
3703437258,1512,1700,0,0
3703439258,1508,1701,0,0
3703441258,1509,1701,0,0
3703443258,1510,1701,0,0
3703445258,1507,1703,0,0
3703447258,1500,1702,0,0
3703449258,1505,1707,0,0
3703451258,1510,1705,0,0
3703453258,1504,1701,0,0
3703455258,1505,1706,0,0
3703457258,1512,1701,0,0
3703459258,1506,1705,0,0
3703461258,1504,1702,0,0
3703463258,1512,1705,0,0
3703465258,1509,1707,0,0
3703467258,1508,1705,0,0
3703469258,1508,1707,0,0
3703471258,1500,1710,0,0
3703473258,1505,1697,0,0
3703475258,1500,1710,0,0
3703477258,1512,1705,0,0
3703479258,1508,1710,0,0
3703481258,1504,1710,0,0
3703483258,1509,1704,0,0
3703485258,1508,1705,0,0
3703487258,1504,1696,0,0
3703489258,1502,1703,0,0
3703491258,1500,1701,0,0
3703493258,1513,1700,0,0
3703495258,1500,1699,0,0
3703497258,1511,1705,0,0
3703499258,1505,1701,0,0
3703501258,1507,1706,0,0
3703503258,1500,1704,0,0
3703505258,1504,1702,0,0
3703507258,1504,1710,0,0
3703509258,1512,1706,0,0
3703511258,1502,1697,0,0
3703513258,1501,1705,0,0
3703515258,1499,1707,0,0
3703517258,1501,1696,0,0
3703519258,1504,1705,0,0
3703521258,1504,1709,0,0
3703523258,1501,1701,0,0
3703525258,1504,1704,0,0
3703527258,1508,1709,0,0
3703529258,1506,1709,0,0
3703531258,1504,1697,0,0
3703533258,1508,1705,0,0
3703535258,1505,1710,0,0
3703537258,1508,1709,0,0
3703539258,1505,1705,0,0
3703541258,1508,1708,0,0
3703543258,1503,1706,0,0
3703545258,1504,1694,0,0
3703547258,1505,1705,0,0
3703549258,1501,1707,0,0
3703551258,1512,1705,0,0
3703553258,1504,1699,0,0
3703555258,1504,1705,0,0
3703557258,1508,1705,0,0
3703559258,1508,1701,0,0
3703561258,1502,1709,0,0
3703563258,1508,1708,0,0
3703565258,1504,1704,0,0
3703567258,1508,1709,0,0
3703569258,1510,1704,0,0
3703571258,1505,1707,0,0
3703573258,1501,1705,0,0
3703575258,1510,1711,0,0
3703577258,1512,1704,0,0
3703579258,1508,1707,0,0
3703581258,1502,1709,0,0
3703583258,1508,1706,0,0
3703585258,1508,1705,0,0
3703587258,1508,1707,0,0
3703589258,1507,1707,0,0
3703591258,1501,1705,0,0
3703593258,1511,1700,0,0
3703595258,1505,1705,0,0
3703597258,1508,1708,0,0
3703599258,1504,1710,0,0
3703601258,1504,1700,0,0
3703603258,1510,1701,0,0
3703605258,1511,1697,0,0
3703607258,1512,1697,0,0
3703609258,1505,1709,0,0
3703611258,1504,1699,0,0
3703613258,1502,1710,0,0
3703615258,1500,1705,0,0
3703617258,1501,1701,0,0
3703619258,1510,1701,0,0
3703621258,1508,1697,0,0
3703623258,1508,1696,0,0
3703625258,1504,1709,0,0
3703627258,1505,1704,0,0
3703629258,1503,1701,0,0
3703631258,1509,1713,0,0
3703633258,1510,1708,0,0
3703635258,1505,1709,0,0
3703637258,1504,1705,0,0
3703639258,1507,1706,0,0
3703641258,1504,1710,0,0
3703643258,1507,1707,0,0
3703645258,1504,1707,0,0
3703647258,1500,1708,0,0
3703649258,1508,1709,0,0
3703651258,1504,1709,0,0
3703653258,1498,1704,0,0
3703655258,1507,1704,0,0
3703657258,1511,1705,0,0
3703659258,1505,1709,0,0
3703661258,1508,1709,0,0
3703663258,1501,1703,0,0
3703665258,1508,1716,0,0
3703667258,1511,1706,0,0
3703669258,1514,1705,0,0
3703671258,1512,1711,0,0
3703673258,1508,1704,0,0
3703675258,1510,1697,0,0
3703677258,1511,1706,0,0
3703679258,1504,1701,0,0
3703681258,1512,1707,0,0
3703683258,1508,1702,0,0
3703685258,1501,1704,0,0
3703687258,1510,1697,0,0
3703689258,1507,1707,0,0
3703691258,1511,1701,0,0
3703693258,1508,1710,0,0
3703695258,1508,1704,0,0
3703697258,1508,1705,0,0
3703699258,1502,1709,0,0
3703701258,1507,1705,0,0
3703703258,1505,1705,0,0
3703705258,1510,1709,0,0
3703707258,1504,1704,0,0
3703709258,1503,1706,0,0
3703711258,1510,1709,0,0
3703713258,1504,1704,0,0
3703715258,1512,1696,0,0
3703717258,1505,1699,0,0
3703719258,1508,1696,0,0
3703721258,1512,1709,0,0
3703723258,1512,1705,0,0
3703725258,1512,1707,0,0
3703727258,1510,1699,0,0
3703729258,1510,1707,0,0
3703731258,1505,1705,0,0
3703733258,1512,1701,0,0
3703735258,1512,1702,0,0
3703737258,1515,1702,0,0
3703739258,1507,1705,0,0
3703741258,1507,1709,0,0
3703743258,1512,1696,0,0
3703745258,1512,1707,0,0
3703747258,1512,1702,0,0
3703749258,1512,1694,0,0
3703751258,1512,1717,0,0
3703753258,1514,1700,0,0
3703755258,1510,1702,0,0
3703757258,1508,1706,0,0
3703759258,1508,1706,0,0
3703761258,1510,1705,0,0
3703763258,1508,1707,0,0
3703765258,1515,1704,0,0
3703767258,1509,1709,0,0
3703769258,1512,1703,0,0
3703771258,1512,1709,0,0
3703773258,1508,1702,0,0
3703775258,1512,1705,0,0
3703777258,1512,1705,0,0
3703779258,1512,1701,0,0
3703781258,1509,1715,0,0
3703783258,1505,1706,0,0
3703785258,1508,1702,0,0
3703787258,1512,1705,0,0
3703789258,1511,1705,0,0
3703791258,1512,1705,0,0
3703793258,1508,1694,0,0
3703795258,1508,1702,0,0
3703797258,1514,1701,0,0
3703799258,1508,1706,0,0
3703801258,1516,1703,0,0
3703803258,1511,1705,0,0
3703805258,1512,1702,0,0
3703807258,1508,1706,0,0
3703809258,1505,1707,0,0
3703811258,1512,1714,0,0
3703813258,1510,1705,0,0
3703815258,1508,1705,0,0
3703817258,1510,1700,0,0
3703819258,1511,1703,0,0
3703821258,1512,1705,0,0
3703823258,1513,1701,0,0
3703825258,1508,1706,0,0
3703827258,1510,1701,0,0
3703829258,1512,1704,0,0
3703831258,1509,1710,0,0
3703833258,1508,1705,0,0
3703835258,1507,1704,0,0
3703837258,1512,1703,0,0
3703839258,1507,1713,0,0
3703841258,1512,1705,0,0
3703843258,1513,1710,0,0
3703845258,1512,1709,0,0
3703847258,1508,1709,0,0
3703849258,1511,1702,0,0
3703851258,1512,1705,0,0
3703853258,1503,1698,0,0
3703855258,1506,1703,0,0
3703857258,1510,1704,0,0
3703859258,1509,1707,0,0
3703861258,1508,1709,0,0
3703863258,1508,1709,0,0
3703865258,1507,1704,0,0
3703867258,1512,1706,0,0
3703869258,1505,1705,0,0
3703871258,1505,1705,0,0
3703873258,1508,1699,0,0
3703875258,1504,1703,0,0
3703877258,1510,1706,0,0
3703879258,1512,1702,0,0
3703881258,1508,1707,0,0
3703883258,1512,1699,0,0
3703885258,1504,1696,0,0
3703887258,1510,1707,0,0
3703889258,1508,1707,0,0
3703891258,1497,1707,0,0
3703893258,1503,1710,0,0
3703895258,1502,1705,0,0
3703897258,1507,1709,210,1
3703899258,1496,1666,210,1
3703901258,1488,1632,210,1
3703903258,1478,1597,210,1
3703905258,1478,1552,210,1
3703907258,1470,1532,210,1
3703909258,1461,1509,210,1
3703911258,1448,1473,210,1
3703913258,1441,1448,210,0
3703915258,1435,1420,210,0
3703917258,1436,1399,210,0
3703919258,1428,1371,210,0
3703921258,1417,1355,210,0
3703923258,1417,1333,210,0
3703925258,1406,1319,210,0
3703927258,1408,1307,210,0
3703929258,1408,1289,210,0
3703931258,1400,1274,210,0
3703933258,1390,1268,210,0
3703935258,1389,1254,210,0
3703937258,1389,1242,210,0
3703939258,1371,1219,210,0
3703941258,1385,1218,210,0
3703943258,1371,1210,210,0
3703945258,1371,1206,210,0
3703947258,1371,1195,210,0
3703949258,1371,1198,210,0
3703951258,1371,1187,210,0
3703953258,1371,1175,210,0
3703955258,1366,1177,210,0
3703957258,1371,1167,210,0
3703959258,1371,1164,210,0
3703961258,1371,1160,210,0
3703963258,1367,1155,210,0
3703965258,1363,1159,210,0
3703967258,1368,1154,210,0
3703969258,1359,1152,210,0
3703971258,1360,1136,210,0
3703973258,1364,1142,210,0
3703975258,1367,1145,210,0
3703977258,1366,1124,210,0
3703979258,1363,1135,210,0
3703981258,1359,1128,210,0
3703983258,1360,1134,210,0
3703985258,1358,1131,210,0
3703987258,1359,1119,210,0
3703989258,1360,1121,210,0
3703991258,1357,1119,210,0
3703993258,1359,1116,210,0
3703995258,1358,1121,210,0
3703997258,1354,1120,210,0
3703999258,1355,1114,210,0
3704001258,1347,1113,210,0
3704003258,1341,1114,210,0
3704005258,1336,1107,210,0
3704007258,1332,1102,210,0
3704009258,1331,1103,210,0
3704011258,1321,1095,210,0
3704013258,1313,1098,210,0
3704015258,1309,1101,210,0
3704017258,1302,1089,210,0
3704019258,1296,1082,210,0
3704021258,1278,1083,210,0
3704023258,1275,1073,210,0
3704025258,1260,1070,210,0
3704027258,1249,1078,210,0
3704029258,1236,1083,210,0
3704031258,1205,1167,210,0
3704033258,1183,1304,210,0
3704035258,1179,1344,210,0
3704037258,1179,1342,210,0
3704039258,1179,1348,210,0
3704041258,1179,1358,210,0
3704043258,1180,1361,210,0
3704045258,1182,1350,210,0
3704047258,1181,1352,0,0
3704049258,1207,1371,0,0
3704051258,1226,1420,0,0
3704053258,1252,1445,0,0
3704055258,1256,1463,0,0
3704057258,1275,1479,0,0
3704059258,1302,1501,0,0
3704061258,1310,1519,0,0
3704063258,1326,1537,0,0
3704065258,1342,1539,0,0
3704067258,1356,1562,0,0
3704069258,1360,1571,0,0
3704071258,1371,1577,0,0
3704073258,1371,1591,0,0
3704075258,1399,1602,0,0
3704077258,1400,1604,0,0
3704079258,1412,1620,0,0
3704081258,1423,1620,0,0
3704083258,1423,1633,0,0
3704085258,1432,1638,0,0
3704087258,1436,1640,0,0
3704089258,1444,1649,0,0
3704091258,1449,1654,0,0
3704093258,1455,1664,0,0
3704095258,1458,1664,0,0
3704097258,1456,1667,0,0
3704099258,1463,1672,0,0
3704101258,1466,1680,0,0
3704103258,1467,1677,0,0
3704105258,1475,1683,0,0
3704107258,1480,1689,0,0
3704109258,1480,1685,0,0
3704111258,1485,1693,0,0
3704113258,1483,1692,0,0
3704115258,1485,1697,0,0
3704117258,1484,1693,0,0
3704119258,1492,1692,0,0
3704121258,1491,1689,0,0
3704123258,1495,1689,0,0
3704125258,1500,1699,0,0
3704127258,1499,1697,0,0
3704129258,1492,1692,0,0
3704131258,1491,1693,0,0
3704133258,1497,1692,0,0
3704135258,1499,1694,0,0
3704137258,1495,1699,0,0
3704139258,1504,1692,0,0
3704141258,1508,1693,0,0
3704143258,1504,1696,0,0
3704145258,1504,1701,0,0
3704147258,1514,1706,0,0
3704149258,1500,1692,0,0
3704151258,1504,1708,0,0
3704153258,1503,1699,0,0
3704155258,1510,1700,0,0
3704157258,1504,1705,0,0
3704159258,1504,1709,0,0
3704161258,1511,1700,0,0
3704163258,1503,1705,0,0
3704165258,1508,1705,0,0
3704167258,1503,1704,0,0
3704169258,1502,1701,0,0
3704171258,1498,1710,0,0
3704173258,1508,1709,0,0
3704175258,1502,1705,0,0
3704177258,1507,1705,0,0
3704179258,1499,1700,0,0
3704181258,1505,1708,0,0
3704183258,1504,1693,0,0
3704185258,1509,1703,0,0
3704187258,1504,1702,0,0
3704189258,1511,1709,0,0
3704191258,1508,1705,0,0
3704193258,1505,1705,0,0
3704195258,1512,1707,0,0
3704197258,1505,1712,0,0
3704199258,1513,1709,0,0
3704201258,1504,1713,0,0
3704203258,1502,1703,0,0
3704205258,1508,1705,0,0
3704207258,1509,1709,0,0
3704209258,1512,1705,0,0
3704211258,1505,1706,0,0
3704213258,1510,1701,0,0
3704215258,1512,1701,0,0
3704217258,1508,1709,0,0
3704219258,1512,1701,0,0
3704221258,1512,1705,0,0
3704223258,1511,1701,0,0
3704225258,1511,1705,0,0
3704227258,1512,1713,0,0
3704229258,1510,1706,0,0
3704231258,1512,1710,0,0
3704233258,1505,1705,0,0
3704235258,1508,1709,0,0
3704237258,1512,1704,0,0
3704239258,1504,1709,0,0
3704241258,1517,1706,0,0
3704243258,1512,1713,0,0
3704245258,1508,1704,0,0
3704247258,1505,1701,0,0
3704249258,1504,1712,0,0
3704251258,1513,1702,0,0
3704253258,1507,1709,0,0
3704255258,1508,1709,0,0
3704257258,1512,1709,0,0
3704259258,1512,1707,0,0
3704261258,1509,1705,0,0
3704263258,1512,1713,0,0
3704265258,1512,1709,0,0
3704267258,1505,1704,0,0
3704269258,1512,1706,0,0
3704271258,1508,1704,0,0
3704273258,1502,1702,0,0
3704275258,1508,1707,0,0
3704277258,1507,1697,0,0
3704279258,1508,1696,0,0
3704281258,1508,1706,0,0
3704283258,1508,1706,0,0
3704285258,1505,1702,0,0
3704287258,1512,1706,0,0
3704289258,1510,1696,0,0
3704291258,1504,1705,0,0
3704293258,1504,1703,0,0
3704295258,1508,1702,0,0
3704297258,1508,1708,0,0
3704299258,1504,1701,0,0
3704301258,1512,1709,0,0
3704303258,1507,1703,0,0
3704305258,1504,1706,0,0
3704307258,1511,1705,0,0
3704309258,1508,1706,0,0
3704311258,1500,1704,0,0
3704313258,1508,1700,0,0
3704315258,1504,1705,0,0
3704317258,1512,1700,0,0
3704319258,1505,1701,0,0
3704321258,1499,1710,0,0
3704323258,1508,1703,0,0
3704325258,1503,1709,0,0
3704327258,1504,1705,0,0
3704329258,1505,1703,0,0
3704331258,1512,1705,0,0
3704333258,1508,1706,0,0
3704335258,1504,1710,0,0
3704337258,1504,1707,0,0
3704339258,1510,1703,0,0
3704341258,1511,1704,0,0
3704343258,1498,1704,0,0
3704345258,1505,1697,0,0
3704347258,1506,1703,0,0
3704349258,1504,1708,0,0
3704351258,1508,1703,0,0
3704353258,1512,1703,0,0
3704355258,1497,1697,0,0
3704357258,1501,1705,0,0
3704359258,1496,1697,0,0
3704361258,1503,1709,0,0
3704363258,1507,1707,0,0
3704365258,1507,1712,0,0
3704367258,1507,1707,0,0
3704369258,1504,1697,0,0
3704371258,1501,1693,0,0
3704373258,1505,1701,0,0
3704375258,1504,1711,0,0
3704377258,1507,1704,0,0
3704379258,1501,1705,0,0
3704381258,1505,1701,0,0
3704383258,1507,1704,0,0
3704385258,1500,1704,0,0
3704387258,1507,1705,0,0
3704389258,1513,1713,0,0
3704391258,1511,1705,0,0
3704393258,1508,1706,0,0
3704395258,1508,1709,0,0
3704397258,1508,1705,0,0
3704399258,1511,1707,0,0
3704401258,1501,1704,0,0
3704403258,1508,1703,0,0
3704405258,1508,1705,0,0
3704407258,1511,1696,0,0
3704409258,1510,1710,0,0
3704411258,1512,1703,0,0
3704413258,1504,1702,0,0
3704415258,1512,1705,0,0
3704417258,1507,1705,0,0
3704419258,1510,1704,0,0
3704421258,1504,1706,0,0
3704423258,1511,1710,0,0
3704425258,1510,1704,0,0
3704427258,1507,1697,0,0
3704429258,1501,1705,0,0
3704431258,1508,1703,0,0
3704433258,1505,1705,0,0
3704435258,1503,1713,0,0
3704437258,1508,1705,0,0
3704439258,1510,1710,0,0
3704441258,1507,1705,0,0
3704443258,1501,1709,0,0
3704445258,1508,1706,0,0
3704447258,1504,1699,0,0
3704449258,1502,1697,0,0
3704451258,1500,1705,0,0
3704453258,1509,1701,0,0
3704455258,1508,1709,0,0
3704457258,1511,1706,0,0
3704459258,1503,1704,0,0
3704461258,1512,1703,0,0
3704463258,1501,1704,0,0
3704465258,1512,1709,0,0
3704467258,1510,1699,0,0
3704469258,1504,1702,0,0
3704471258,1512,1701,0,0
3704473258,1505,1710,0,0
3704475258,1504,1713,0,0
3704477258,1508,1699,0,0
3704479258,1501,1707,0,0
3704481258,1500,1708,0,0
3704483258,1512,1707,0,0
3704485258,1507,1712,0,0
3704487258,1505,1709,0,0
3704489258,1512,1710,0,0
3704491258,1502,1704,0,0
3704493258,1500,1705,0,0
3704495258,1500,1707,0,0
3704497258,1507,1706,0,0
3704499258,1512,1700,0,0
3704501258,1508,1705,0,0
3704503258,1502,1707,0,0
3704505258,1503,1703,0,0
3704507258,1505,1707,0,0
3704509258,1502,1709,0,0
3704511258,1504,1701,0,0
3704513258,1502,1701,0,0
3704515258,1501,1709,0,0
3704517258,1504,1709,0,0
3704519258,1504,1706,0,0
3704521258,1507,1705,0,0
3704523258,1500,1709,0,0
3704525258,1504,1705,0,0
3704527258,1507,1710,0,0
3704529258,1501,1705,0,0
3704531258,1504,1705,0,0
3704533258,1504,1704,0,0
3704535258,1501,1705,0,0
3704537258,1504,1702,0,0
3704539258,1508,1708,0,0
3704541258,1508,1709,0,0
3704543258,1504,1693,0,0
3704545258,1508,1703,0,0
3704547258,1502,1705,0,0
3704549258,1502,1705,0,0
3704551258,1500,1705,0,0
3704553258,1508,1710,0,0
3704555258,1505,1707,0,0
3704557258,1503,1697,0,0
3704559258,1505,1713,0,0
3704561258,1502,1696,0,0
3704563258,1508,1707,0,0
3704565258,1512,1703,0,0
3704567258,1504,1703,0,0
3704569258,1497,1705,0,0
3704571258,1507,1713,0,0
3704573258,1500,1705,0,0
3704575258,1505,1701,0,0
3704577258,1502,1707,0,0
3704579258,1508,1703,0,0
3704581258,1500,1698,0,0
3704583258,1505,1706,0,0
3704585258,1508,1709,0,0
3704587258,1508,1707,0,0
3704589258,1504,1713,0,0
3704591258,1501,1707,0,0
3704593258,1500,1704,0,0
3704595258,1504,1704,0,0
3704597258,1505,1705,0,0
3704599258,1502,1709,0,0
3704601258,1510,1707,0,0
3704603258,1507,1701,0,0
3704605258,1507,1703,0,0
3704607258,1505,1708,0,0
3704609258,1507,1703,0,0
3704611258,1497,1701,0,0
3704613258,1504,1706,0,0
3704615258,1508,1697,0,0
3704617258,1507,1705,0,0
3704619258,1504,1704,0,0
3704621258,1507,1706,0,0
3704623258,1505,1704,0,0
3704625258,1499,1707,0,0
3704627258,1502,1706,0,0
3704629258,1510,1706,0,0
3704631258,1500,1704,0,0
3704633258,1507,1704,0,0
3704635258,1502,1705,0,0
3704637258,1497,1704,0,0
3704639258,1505,1705,0,0
3704641258,1508,1701,0,0
3704643258,1502,1701,0,0
3704645258,1502,1701,0,0
3704647258,1507,1704,0,0
3704649258,1509,1698,0,0
3704651258,1504,1701,0,0
3704653258,1509,1705,0,0
3704655258,1504,1705,0,0
3704657258,1504,1706,0,0
3704659258,1504,1701,0,0
3704661258,1504,1710,0,0
3704663258,1512,1705,0,0
3704665258,1510,1705,0,0
3704667258,1512,1701,0,0
3704669258,1510,1704,0,0
3704671258,1511,1702,0,0
3704673258,1508,1709,0,0
3704675258,1512,1705,0,0
3704677258,1504,1704,0,0
3704679258,1512,1697,0,0
3704681258,1504,1709,0,0
3704683258,1502,1707,0,0
3704685258,1500,1702,0,0
3704687258,1502,1701,0,0
3704689258,1512,1709,0,0
3704691258,1508,1708,0,0
3704693258,1507,1706,0,0
3704695258,1507,1701,0,0
3704697258,1504,1701,0,0
3704699258,1503,1697,0,0
3704701258,1510,1703,0,0
3704703258,1505,1700,0,0
3704705258,1502,1708,0,0
3704707258,1512,1705,0,0
3704709258,1508,1706,0,0
3704711258,1512,1701,0,0
3704713258,1505,1704,0,0
3704715258,1508,1704,0,0
3704717258,1507,1702,0,0
3704719258,1511,1705,0,0
3704721258,1507,1703,0,0
3704723258,1512,1703,0,0
3704725258,1500,1709,0,0
3704727258,1507,1706,0,0
3704729258,1504,1697,0,0
3704731258,1507,1700,0,0
3704733258,1501,1717,0,0
3704735258,1504,1705,0,0
3704737258,1512,1705,0,0
3704739258,1505,1708,0,0
3704741258,1505,1717,0,0
3704743258,1500,1713,0,0
3704745258,1500,1713,0,0
3704747258,1512,1716,0,0
3704749258,1504,1707,0,0
3704751258,1504,1709,0,0
3704753258,1504,1697,0,0
3704755258,1504,1700,0,0
3704757258,1506,1701,0,0
3704759258,1510,1706,0,0
3704761258,1512,1709,0,0
3704763258,1505,1706,0,0
3704765258,1505,1705,0,0
3704767258,1510,1706,0,0
3704769258,1508,1697,0,0
3704771258,1502,1705,0,0
3704773258,1504,1701,0,0
3704775258,1508,1707,0,0
3704777258,1504,1695,0,0
3704779258,1500,1703,0,0
3704781258,1502,1704,0,0
3704783258,1508,1703,0,0
3704785258,1510,1701,0,0
3704787258,1501,1706,0,0
3704789258,1509,1702,0,0
3704791258,1504,1709,0,0
3704793258,1502,1700,0,0
3704795258,1512,1697,0,0
3704797258,1504,1707,0,0
3704799258,1507,1713,0,0
3704801258,1508,1700,0,0
3704803258,1509,1699,0,0
3704805258,1504,1692,0,0
3704807258,1508,1707,0,0
3704809258,1504,1705,0,0
3704811258,1510,1702,0,0
3704813258,1508,1706,0,0
3704815258,1512,1701,0,0
3704817258,1504,1705,0,0
3704819258,1504,1705,0,0
3704821258,1509,1713,0,0
3704823258,1505,1705,0,0
3704825258,1505,1708,0,0
3704827258,1510,1709,0,0
3704829258,1500,1705,0,0
3704831258,1506,1711,0,0
3704833258,1511,1705,0,0
3704835258,1494,1700,0,0
3704837258,1504,1705,0,0
3704839258,1505,1709,0,0
3704841258,1504,1699,0,0
3704843258,1504,1705,0,0
3704845258,1508,1702,0,0
3704847258,1504,1707,210,1
3704849258,1489,1666,210,1
3704851258,1491,1638,210,1
3704853258,1478,1590,210,1
3704855258,1472,1564,210,1
3704857258,1463,1523,210,1
3704859258,1457,1495,210,1
3704861258,1456,1476,210,1
3704863258,1447,1451,210,0
3704865258,1436,1424,210,0
3704867258,1436,1406,210,0
3704869258,1424,1371,210,0
3704871258,1414,1356,210,0
3704873258,1422,1339,210,0
3704875258,1416,1322,210,0
3704877258,1411,1301,210,0
3704879258,1405,1292,210,0
3704881258,1403,1273,210,0
3704883258,1399,1262,210,0
3704885258,1394,1245,210,0
3704887258,1395,1240,210,0
3704889258,1385,1233,210,0
3704891258,1371,1228,210,0
3704893258,1388,1215,210,0
3704895258,1371,1203,210,0
3704897258,1386,1203,210,0
3704899258,1371,1193,210,0
3704901258,1371,1187,210,0
3704903258,1371,1179,210,0
3704905258,1371,1172,210,0
3704907258,1371,1171,210,0
3704909258,1362,1170,210,0
3704911258,1367,1164,210,0
3704913258,1371,1166,210,0
3704915258,1361,1166,210,0
3704917258,1359,1153,210,0
3704919258,1360,1151,210,0
3704921258,1360,1142,210,0
3704923258,1361,1135,210,0
3704925258,1360,1141,210,0
3704927258,1358,1139,210,0
3704929258,1360,1133,210,0
3704931258,1358,1134,210,0
3704933258,1359,1131,210,0
3704935258,1359,1127,210,0
3704937258,1354,1127,210,0
3704939258,1358,1124,210,0
3704941258,1356,1116,210,0
3704943258,1357,1128,210,0
3704945258,1352,1115,210,0
3704947258,1352,1121,210,0
3704949258,1350,1116,210,0
3704951258,1350,1119,210,0
3704953258,1355,1117,210,0
3704955258,1347,1114,210,0
3704957258,1347,1110,210,0
3704959258,1344,1107,210,0
3704961258,1344,1105,210,0
3704963258,1337,1106,210,0
3704965258,1329,1104,210,0
3704967258,1329,1107,210,0
3704969258,1324,1103,210,0
3704971258,1320,1106,210,0
3704973258,1316,1100,210,0
3704975258,1308,1091,210,0
3704977258,1294,1084,210,0
3704979258,1284,1086,210,0
3704981258,1272,1077,210,0
3704983258,1257,1077,210,0
3704985258,1244,1092,210,0
3704987258,1226,1154,210,0
3704989258,1198,1308,210,0
3704991258,1187,1344,210,0
3704993258,1184,1350,210,0
3704995258,1183,1346,210,0
3704997258,1180,1348,0,0
3704999258,1203,1371,0,0
3705001258,1229,1410,0,0
3705003258,1243,1433,0,0
3705005258,1267,1457,0,0
3705007258,1281,1470,0,0
3705009258,1299,1495,0,0
3705011258,1317,1513,0,0
3705013258,1328,1526,0,0
3705015258,1339,1540,0,0
3705017258,1348,1546,0,0
3705019258,1364,1568,0,0
3705021258,1371,1578,0,0
3705023258,1392,1589,0,0
3705025258,1405,1598,0,0
3705027258,1408,1605,0,0
3705029258,1420,1615,0,0
3705031258,1420,1615,0,0
3705033258,1428,1632,0,0
3705035258,1432,1641,0,0
3705037258,1440,1641,0,0
3705039258,1436,1647,0,0
3705041258,1444,1659,0,0
3705043258,1454,1657,0,0
3705045258,1459,1658,0,0
3705047258,1461,1668,0,0
3705049258,1460,1665,0,0
3705051258,1467,1677,0,0
3705053258,1469,1685,0,0
3705055258,1474,1681,0,0
3705057258,1464,1684,0,0
3705059258,1478,1687,0,0
3705061258,1485,1693,0,0
3705063258,1488,1688,0,0
3705065258,1486,1693,0,0
3705067258,1487,1692,0,0
3705069258,1488,1690,0,0
3705071258,1490,1693,0,0
3705073258,1489,1692,0,0
3705075258,1494,1696,0,0
3705077258,1494,1697,0,0
3705079258,1503,1701,0,0
3705081258,1501,1696,0,0
3705083258,1501,1697,0,0
3705085258,1500,1705,0,0
3705087258,1502,1702,0,0
3705089258,1499,1699,0,0
3705091258,1505,1696,0,0
3705093258,1496,1694,0,0
3705095258,1504,1696,0,0
3705097258,1500,1705,0,0
3705099258,1508,1703,0,0
3705101258,1504,1701,0,0
3705103258,1500,1694,0,0
3705105258,1501,1692,0,0
3705107258,1502,1704,0,0
3705109258,1505,1693,0,0
3705111258,1500,1693,0,0
3705113258,1504,1704,0,0
3705115258,1503,1702,0,0
3705117258,1500,1707,0,0
3705119258,1504,1701,0,0
3705121258,1503,1704,0,0
3705123258,1502,1701,0,0
3705125258,1503,1707,0,0
3705127258,1505,1707,0,0
3705129258,1502,1699,0,0
3705131258,1500,1704,0,0
3705133258,1500,1702,0,0
3705135258,1504,1705,0,0
3705137258,1508,1705,0,0
3705139258,1500,1709,0,0
3705141258,1507,1708,0,0
3705143258,1508,1709,0,0
3705145258,1510,1704,0,0
3705147258,1510,1705,0,0
3705149258,1507,1713,0,0
3705151258,1505,1710,0,0
3705153258,1502,1705,0,0
3705155258,1504,1707,0,0
3705157258,1510,1709,0,0
3705159258,1505,1704,0,0
3705161258,1510,1715,0,0
3705163258,1508,1697,0,0
3705165258,1508,1703,0,0
3705167258,1507,1704,0,0
3705169258,1505,1710,0,0
3705171258,1509,1703,0,0
3705173258,1500,1712,0,0
3705175258,1505,1710,0,0
3705177258,1508,1693,0,0
3705179258,1508,1705,0,0
3705181258,1505,1709,0,0
3705183258,1511,1711,0,0
3705185258,1508,1705,0,0
3705187258,1504,1708,0,0
3705189258,1505,1702,0,0
3705191258,1510,1706,0,0
3705193258,1504,1707,0,0
3705195258,1510,1701,0,0
3705197258,1500,1709,0,0
3705199258,1508,1709,0,0
3705201258,1511,1707,0,0
3705203258,1512,1710,0,0
3705205258,1504,1709,0,0
3705207258,1512,1705,0,0
3705209258,1502,1704,0,0
3705211258,1508,1712,0,0
3705213258,1505,1704,0,0
3705215258,1504,1713,0,0
3705217258,1502,1701,0,0
3705219258,1504,1699,0,0
3705221258,1508,1708,0,0
3705223258,1508,1710,0,0
3705225258,1504,1699,0,0
3705227258,1508,1697,0,0
3705229258,1501,1702,0,0
3705231258,1512,1707,0,0
3705233258,1504,1705,0,0
3705235258,1501,1709,0,0
3705237258,1512,1709,0,0
3705239258,1512,1705,0,0
3705241258,1508,1703,0,0
3705243258,1508,1702,0,0
3705245258,1509,1703,0,0
3705247258,1508,1697,0,0
3705249258,1505,1707,0,0
3705251258,1510,1695,0,0
3705253258,1508,1705,0,0
3705255258,1507,1703,0,0
3705257258,1508,1697,0,0
3705259258,1505,1702,0,0
3705261258,1510,1702,0,0
3705263258,1504,1701,0,0
3705265258,1500,1705,0,0
3705267258,1504,1709,0,0
3705269258,1497,1701,0,0
3705271258,1507,1705,0,0
3705273258,1511,1705,0,0
3705275258,1504,1702,0,0
3705277258,1502,1708,0,0
3705279258,1508,1713,0,0
3705281258,1504,1707,0,0
3705283258,1501,1702,0,0
3705285258,1510,1699,0,0
3705287258,1512,1709,0,0
3705289258,1508,1706,0,0
3705291258,1508,1702,0,0
3705293258,1504,1707,0,0
3705295258,1508,1706,0,0
3705297258,1508,1705,0,0
3705299258,1512,1705,0,0
3705301258,1509,1705,0,0
3705303258,1511,1695,0,0
3705305258,1503,1705,0,0
3705307258,1512,1701,0,0
3705309258,1508,1705,0,0
3705311258,1510,1709,0,0
3705313258,1504,1706,0,0
3705315258,1507,1706,0,0
3705317258,1510,1702,0,0
3705319258,1509,1701,0,0
3705321258,1502,1708,0,0
3705323258,1512,1707,0,0
3705325258,1505,1704,0,0
3705327258,1505,1710,0,0
3705329258,1502,1713,0,0
3705331258,1503,1712,0,0
3705333258,1508,1700,0,0
3705335258,1504,1696,0,0
3705337258,1505,1705,0,0
3705339258,1507,1708,0,0
3705341258,1505,1697,0,0
3705343258,1496,1704,0,0
3705345258,1512,1709,0,0
3705347258,1507,1706,0,0
3705349258,1508,1704,0,0
3705351258,1502,1703,0,0
3705353258,1502,1705,0,0
3705355258,1501,1706,0,0
3705357258,1500,1709,0,0
3705359258,1502,1706,0,0
3705361258,1504,1699,0,0
3705363258,1503,1701,0,0
3705365258,1502,1701,0,0
3705367258,1508,1703,0,0
3705369258,1500,1709,0,0
3705371258,1501,1705,0,0
3705373258,1507,1704,0,0
3705375258,1501,1709,0,0
3705377258,1502,1705,0,0
3705379258,1512,1705,0,0
3705381258,1511,1703,0,0
3705383258,1507,1709,0,0
3705385258,1511,1701,0,0
3705387258,1504,1701,0,0
3705389258,1510,1712,0,0
3705391258,1512,1709,0,0
3705393258,1508,1705,0,0
3705395258,1508,1705,0,0
3705397258,1511,1704,0,0
3705399258,1512,1703,0,0
3705401258,1508,1709,0,0
3705403258,1505,1706,0,0
3705405258,1510,1705,0,0
3705407258,1508,1705,0,0
3705409258,1510,1707,0,0
3705411258,1505,1706,0,0
3705413258,1510,1713,0,0
3705415258,1503,1708,0,0
3705417258,1511,1704,0,0
3705419258,1510,1695,0,0
3705421258,1508,1702,0,0
3705423258,1511,1701,0,0
3705425258,1512,1705,0,0
3705427258,1504,1705,0,0
3705429258,1510,1704,0,0
3705431258,1511,1704,0,0
3705433258,1504,1710,0,0
3705435258,1512,1707,0,0
3705437258,1508,1714,0,0
3705439258,1504,1709,0,0
3705441258,1513,1702,0,0
3705443258,1514,1707,0,0
3705445258,1510,1705,0,0
3705447258,1508,1699,0,0
3705449258,1508,1705,0,0
3705451258,1512,1705,0,0
3705453258,1504,1697,0,0
3705455258,1508,1704,0,0
3705457258,1511,1709,0,0
3705459258,1509,1700,0,0
3705461258,1515,1713,0,0
3705463258,1508,1703,0,0
3705465258,1501,1701,0,0
3705467258,1504,1702,0,0
3705469258,1508,1708,0,0
3705471258,1508,1697,0,0
3705473258,1502,1707,0,0
3705475258,1501,1708,0,0
3705477258,1505,1706,0,0
3705479258,1504,1708,0,0
3705481258,1500,1701,0,0
3705483258,1502,1702,0,0
3705485258,1512,1702,0,0
3705487258,1508,1705,0,0
3705489258,1509,1705,0,0
3705491258,1510,1705,0,0
3705493258,1505,1705,0,0
3705495258,1508,1706,0,0
3705497258,1508,1703,0,0
3705499258,1504,1707,0,0
3705501258,1495,1702,0,0
3705503258,1505,1697,0,0
3705505258,1504,1702,0,0
3705507258,1502,1706,0,0
3705509258,1512,1709,0,0
3705511258,1504,1695,0,0
3705513258,1505,1701,0,0
3705515258,1505,1705,0,0
3705517258,1511,1703,0,0
3705519258,1505,1708,0,0
3705521258,1504,1705,0,0
3705523258,1511,1695,0,0
3705525258,1508,1706,0,0
3705527258,1512,1710,0,0
3705529258,1508,1705,0,0
3705531258,1505,1709,0,0
3705533258,1510,1705,0,0
3705535258,1502,1709,0,0
3705537258,1505,1705,0,0
3705539258,1512,1705,0,0
3705541258,1502,1706,0,0
3705543258,1508,1710,0,0
3705545258,1512,1705,0,0
3705547258,1510,1710,0,0
3705549258,1512,1705,0,0
3705551258,1496,1706,0,0
3705553258,1508,1710,0,0
3705555258,1512,1703,0,0
3705557258,1496,1700,0,0
3705559258,1508,1697,0,0
3705561258,1500,1700,0,0
3705563258,1504,1709,0,0
3705565258,1512,1704,0,0
3705567258,1509,1705,0,0
3705569258,1504,1702,0,0
3705571258,1512,1713,0,0
3705573258,1510,1697,0,0
3705575258,1512,1698,0,0
3705577258,1508,1707,0,0
3705579258,1509,1701,0,0
3705581258,1504,1704,0,0
3705583258,1498,1706,0,0
3705585258,1507,1713,0,0
3705587258,1510,1707,0,0
3705589258,1501,1710,0,0
3705591258,1504,1697,0,0
3705593258,1501,1702,0,0
3705595258,1505,1699,0,0
3705597258,1505,1701,0,0
3705599258,1509,1704,0,0
3705601258,1512,1712,0,0
3705603258,1504,1705,0,0
3705605258,1504,1696,0,0
3705607258,1508,1701,0,0
3705609258,1508,1705,0,0
3705611258,1508,1710,0,0
3705613258,1510,1705,0,0
3705615258,1508,1705,0,0
3705617258,1498,1704,0,0
3705619258,1511,1702,0,0
3705621258,1512,1701,0,0
3705623258,1508,1707,0,0
3705625258,1508,1705,0,0
3705627258,1508,1707,0,0
3705629258,1504,1705,0,0
3705631258,1508,1699,0,0
3705633258,1498,1703,0,0
3705635258,1504,1709,0,0
3705637258,1509,1704,0,0
3705639258,1508,1705,0,0
3705641258,1504,1694,0,0
3705643258,1497,1708,0,0
3705645258,1512,1701,0,0
3705647258,1501,1696,0,0
3705649258,1504,1701,0,0
3705651258,1500,1706,0,0
3705653258,1505,1703,0,0
3705655258,1505,1706,0,0
3705657258,1505,1697,0,0
3705659258,1506,1705,0,0
3705661258,1499,1713,0,0
3705663258,1496,1703,0,0
3705665258,1509,1705,0,0
3705667258,1504,1697,0,0
3705669258,1506,1707,0,0
3705671258,1513,1700,0,0
3705673258,1512,1710,0,0
3705675258,1510,1701,0,0
3705677258,1511,1706,0,0
3705679258,1505,1697,0,0
3705681258,1502,1708,0,0
3705683258,1510,1705,0,0
3705685258,1505,1704,0,0
3705687258,1499,1706,0,0
3705689258,1508,1701,0,0
3705691258,1510,1705,0,0
3705693258,1505,1706,0,0
3705695258,1497,1705,0,0
3705697258,1501,1701,0,0
3705699258,1507,1708,0,0
3705701258,1505,1700,0,0
3705703258,1507,1699,0,0
3705705258,1505,1700,0,0
3705707258,1508,1709,0,0
3705709258,1502,1717,0,0
3705711258,1504,1701,0,0
3705713258,1504,1701,0,0
3705715258,1508,1703,0,0
3705717258,1500,1705,0,0
3705719258,1502,1704,0,0
3705721258,1504,1705,0,0
3705723258,1505,1704,0,0
3705725258,1504,1705,0,0
3705727258,1495,1707,0,0
3705729258,1507,1699,0,0
3705731258,1508,1705,0,0
3705733258,1501,1702,0,0
3705735258,1504,1705,0,0
3705737258,1500,1705,0,0
3705739258,1504,1701,0,0
3705741258,1512,1708,0,0
3705743258,1504,1705,0,0
3705745258,1502,1704,0,0
3705747258,1504,1709,0,0
3705749258,1508,1700,0,0
3705751258,1512,1705,0,0
3705753258,1505,1701,0,0
3705755258,1501,1706,0,0
3705757258,1492,1715,0,0
3705759258,1503,1705,0,0
3705761258,1497,1703,0,0
3705763258,1505,1705,0,0
3705765258,1505,1706,0,0
3705767258,1507,1710,0,0
3705769258,1508,1708,0,0
3705771258,1501,1709,0,0
3705773258,1508,1699,0,0
3705775258,1499,1702,0,0
3705777258,1508,1706,0,0
3705779258,1501,1699,0,0
3705781258,1508,1705,0,0
3705783258,1502,1710,0,0
3705785258,1504,1704,0,0
3705787258,1504,1704,0,0
3705789258,1508,1704,0,0
3705791258,1507,1706,0,0
3705793258,1500,1700,0,0
3705795258,1508,1704,0,0
3705797258,1504,1697,210,1
3705799258,1495,1666,210,1
3705801258,1490,1637,210,1
3705803258,1480,1589,210,1
3705805258,1478,1569,210,1
3705807258,1461,1534,210,1
3705809258,1461,1505,210,1
3705811258,1453,1484,210,1
3705813258,1436,1453,210,0
3705815258,1446,1423,210,0
3705817258,1436,1396,210,0
3705819258,1423,1371,210,0
3705821258,1423,1347,210,0
3705823258,1417,1335,210,0
3705825258,1412,1321,210,0
3705827258,1411,1304,210,0
3705829258,1411,1292,210,0
3705831258,1410,1274,210,0
3705833258,1402,1268,210,0
3705835258,1402,1252,210,0
3705837258,1396,1249,210,0
3705839258,1392,1228,210,0
3705841258,1371,1226,210,0
3705843258,1385,1212,210,0
3705845258,1371,1203,210,0
3705847258,1371,1197,210,0
3705849258,1371,1187,210,0
3705851258,1371,1184,210,0
3705853258,1371,1178,210,0
3705855258,1371,1171,210,0
3705857258,1371,1171,210,0
3705859258,1370,1172,210,0
3705861258,1363,1164,210,0
3705863258,1363,1153,210,0
3705865258,1371,1155,210,0
3705867258,1367,1145,210,0
3705869258,1366,1143,210,0
3705871258,1364,1149,210,0
3705873258,1361,1146,210,0
3705875258,1364,1139,210,0
3705877258,1359,1140,210,0
3705879258,1357,1127,210,0
3705881258,1359,1135,210,0
3705883258,1363,1127,210,0
3705885258,1363,1126,210,0
3705887258,1357,1121,210,0
3705889258,1356,1118,210,0
3705891258,1368,1127,210,0
3705893258,1359,1119,210,0
3705895258,1360,1115,210,0
3705897258,1359,1121,210,0
3705899258,1350,1115,210,0
3705901258,1351,1118,210,0
3705903258,1352,1115,210,0
3705905258,1359,1123,210,0
3705907258,1350,1111,210,0
3705909258,1340,1112,210,0
3705911258,1345,1101,210,0
3705913258,1333,1110,210,0
3705915258,1333,1100,210,0
3705917258,1323,1101,210,0
3705919258,1321,1103,210,0
3705921258,1320,1094,210,0
3705923258,1311,1094,210,0
3705925258,1305,1095,210,0
3705927258,1287,1089,210,0
3705929258,1287,1089,210,0
3705931258,1279,1087,210,0
3705933258,1260,1086,210,0
3705935258,1253,1088,210,0
3705937258,1233,1119,210,0
3705939258,1201,1323,210,0
3705941258,1184,1344,210,0
3705943258,1185,1351,210,0
3705945258,1183,1355,210,0
3705947258,1178,1360,0,0
3705949258,1207,1398,0,0
3705951258,1223,1423,0,0
3705953258,1249,1440,0,0
3705955258,1268,1461,0,0
3705957258,1282,1489,0,0
3705959258,1303,1504,0,0
3705961258,1312,1527,0,0
3705963258,1325,1538,0,0
3705965258,1337,1550,0,0
3705967258,1356,1564,0,0
3705969258,1364,1576,0,0
3705971258,1371,1584,0,0
3705973258,1388,1598,0,0
3705975258,1400,1605,0,0
3705977258,1405,1615,0,0
3705979258,1418,1622,0,0
3705981258,1423,1628,0,0
3705983258,1434,1641,0,0
3705985258,1430,1641,0,0
3705987258,1437,1641,0,0
3705989258,1448,1649,0,0
3705991258,1448,1656,0,0
3705993258,1456,1664,0,0
3705995258,1461,1670,0,0
3705997258,1461,1670,0,0
3705999258,1462,1680,0,0
3706001258,1465,1679,0,0
3706003258,1470,1681,0,0
3706005258,1472,1679,0,0
3706007258,1472,1687,0,0
3706009258,1474,1693,0,0
3706011258,1482,1690,0,0
3706013258,1480,1687,0,0
3706015258,1484,1693,0,0
3706017258,1484,1693,0,0
3706019258,1484,1692,0,0
3706021258,1487,1693,0,0
3706023258,1490,1693,0,0
3706025258,1492,1701,0,0
3706027258,1499,1691,0,0
3706029258,1495,1697,0,0
3706031258,1496,1696,0,0
3706033258,1500,1701,0,0
3706035258,1497,1697,0,0
3706037258,1496,1703,0,0
3706039258,1500,1704,0,0
3706041258,1503,1702,0,0
3706043258,1503,1698,0,0
3706045258,1502,1693,0,0
3706047258,1501,1701,0,0
3706049258,1500,1699,0,0
3706051258,1496,1704,0,0
3706053258,1502,1704,0,0
3706055258,1497,1693,0,0
3706057258,1504,1697,0,0
3706059258,1498,1703,0,0
3706061258,1500,1704,0,0
3706063258,1504,1709,0,0
3706065258,1498,1712,0,0
3706067258,1507,1700,0,0
3706069258,1507,1700,0,0
3706071258,1500,1705,0,0
3706073258,1504,1710,0,0
3706075258,1504,1702,0,0
3706077258,1505,1705,0,0
3706079258,1508,1703,0,0
3706081258,1507,1703,0,0
3706083258,1505,1707,0,0
3706085258,1500,1702,0,0
3706087258,1511,1702,0,0
3706089258,1513,1710,0,0
3706091258,1511,1702,0,0
3706093258,1500,1705,0,0
3706095258,1502,1709,0,0
3706097258,1508,1706,0,0
3706099258,1500,1713,0,0
3706101258,1511,1702,0,0
3706103258,1511,1705,0,0
3706105258,1508,1713,0,0
3706107258,1508,1704,0,0
3706109258,1501,1706,0,0
3706111258,1505,1705,0,0
3706113258,1502,1697,0,0
3706115258,1496,1701,0,0
3706117258,1502,1701,0,0
3706119258,1502,1699,0,0
3706121258,1508,1701,0,0
3706123258,1503,1708,0,0
3706125258,1503,1707,0,0
3706127258,1512,1705,0,0
3706129258,1505,1702,0,0
3706131258,1504,1696,0,0
3706133258,1511,1707,0,0
3706135258,1500,1700,0,0
3706137258,1503,1704,0,0
3706139258,1505,1705,0,0
3706141258,1510,1697,0,0
3706143258,1499,1709,0,0
3706145258,1505,1705,0,0
3706147258,1507,1719,0,0
3706149258,1508,1705,0,0
3706151258,1510,1696,0,0
3706153258,1503,1710,0,0
3706155258,1500,1709,0,0
3706157258,1504,1697,0,0
3706159258,1504,1707,0,0
3706161258,1508,1709,0,0
3706163258,1501,1713,0,0
3706165258,1512,1701,0,0
3706167258,1513,1704,0,0
3706169258,1507,1710,0,0
3706171258,1512,1701,0,0
3706173258,1504,1709,0,0
3706175258,1510,1709,0,0
3706177258,1510,1699,0,0
3706179258,1508,1702,0,0
3706181258,1508,1710,0,0
3706183258,1512,1707,0,0
3706185258,1512,1704,0,0
3706187258,1501,1712,0,0
3706189258,1505,1704,0,0
3706191258,1507,1704,0,0
3706193258,1502,1713,0,0
3706195258,1508,1711,0,0
3706197258,1508,1707,0,0
3706199258,1504,1702,0,0
3706201258,1507,1701,0,0
3706203258,1507,1709,0,0
3706205258,1505,1704,0,0
3706207258,1505,1702,0,0
3706209258,1504,1701,0,0
3706211258,1508,1706,0,0
3706213258,1510,1705,0,0
3706215258,1508,1700,0,0
3706217258,1512,1703,0,0
3706219258,1505,1705,0,0
3706221258,1504,1703,0,0
3706223258,1504,1705,0,0
3706225258,1509,1710,0,0
3706227258,1511,1697,0,0
3706229258,1508,1709,0,0
3706231258,1505,1709,0,0
3706233258,1510,1708,0,0
3706235258,1512,1705,0,0
3706237258,1502,1704,0,0
3706239258,1508,1705,0,0
3706241258,1508,1709,0,0
3706243258,1505,1709,0,0
3706245258,1512,1704,0,0
3706247258,1512,1706,0,0
3706249258,1501,1704,0,0
3706251258,1511,1703,0,0
3706253258,1502,1712,0,0
3706255258,1508,1703,0,0
3706257258,1508,1694,0,0
3706259258,1504,1703,0,0
3706261258,1502,1700,0,0
3706263258,1504,1707,0,0
3706265258,1506,1706,0,0
3706267258,1500,1710,0,0
3706269258,1504,1706,0,0
3706271258,1512,1701,0,0
3706273258,1511,1706,0,0
3706275258,1504,1700,0,0
3706277258,1500,1699,0,0
3706279258,1499,1703,0,0
3706281258,1500,1704,0,0
3706283258,1508,1704,0,0
3706285258,1503,1707,0,0
3706287258,1504,1707,0,0
3706289258,1501,1696,0,0
3706291258,1512,1705,0,0
3706293258,1500,1704,0,0
3706295258,1499,1704,0,0
3706297258,1498,1705,0,0
3706299258,1511,1704,0,0
3706301258,1495,1710,0,0
3706303258,1500,1705,0,0
3706305258,1497,1697,0,0
3706307258,1502,1709,0,0
3706309258,1511,1703,0,0
3706311258,1502,1707,0,0
3706313258,1511,1703,0,0
3706315258,1502,1705,0,0
3706317258,1498,1703,0,0
3706319258,1508,1701,0,0
3706321258,1512,1706,0,0
3706323258,1504,1707,0,0
3706325258,1511,1702,0,0
3706327258,1510,1700,0,0
3706329258,1508,1702,0,0
3706331258,1502,1699,0,0
3706333258,1505,1704,0,0
3706335258,1504,1705,0,0
3706337258,1505,1713,0,0
3706339258,1504,1701,0,0
3706341258,1508,1707,0,0
3706343258,1505,1709,0,0
3706345258,1504,1710,0,0
3706347258,1511,1704,0,0
3706349258,1505,1704,0,0
3706351258,1511,1712,0,0
3706353258,1500,1712,0,0
3706355258,1511,1705,0,0
3706357258,1504,1701,0,0
3706359258,1512,1697,0,0
3706361258,1508,1713,0,0
3706363258,1502,1702,0,0
3706365258,1510,1701,0,0
3706367258,1508,1705,0,0
3706369258,1508,1703,0,0
3706371258,1510,1702,0,0
3706373258,1511,1706,0,0
3706375258,1502,1704,0,0
3706377258,1506,1709,0,0
3706379258,1504,1709,0,0
3706381258,1512,1713,0,0
3706383258,1509,1706,0,0
3706385258,1509,1697,0,0
3706387258,1505,1706,0,0
3706389258,1504,1701,0,0
3706391258,1514,1707,0,0
3706393258,1508,1705,0,0
3706395258,1512,1700,0,0
3706397258,1512,1701,0,0
3706399258,1512,1696,0,0
3706401258,1507,1699,0,0
3706403258,1508,1699,0,0
3706405258,1508,1696,0,0
3706407258,1508,1696,0,0
3706409258,1505,1705,0,0
3706411258,1507,1702,0,0
3706413258,1508,1703,0,0
3706415258,1507,1705,0,0
3706417258,1510,1700,0,0
3706419258,1504,1701,0,0
3706421258,1500,1700,0,0
3706423258,1509,1703,0,0
3706425258,1511,1707,0,0
3706427258,1506,1703,0,0
3706429258,1505,1704,0,0
3706431258,1501,1705,0,0
3706433258,1507,1705,0,0
3706435258,1504,1709,0,0
3706437258,1496,1705,0,0
3706439258,1508,1697,0,0
3706441258,1510,1699,0,0
3706443258,1504,1704,0,0
3706445258,1501,1701,0,0
3706447258,1500,1703,0,0
3706449258,1502,1704,0,0
3706451258,1504,1701,0,0
3706453258,1505,1706,0,0
3706455258,1512,1709,0,0
3706457258,1499,1705,0,0
3706459258,1511,1706,0,0
3706461258,1511,1704,0,0
3706463258,1505,1702,0,0
3706465258,1499,1707,0,0
3706467258,1500,1705,0,0
3706469258,1505,1703,0,0
3706471258,1512,1709,0,0
3706473258,1510,1704,0,0
3706475258,1497,1709,0,0
3706477258,1508,1704,0,0
3706479258,1504,1708,0,0
3706481258,1506,1705,0,0
3706483258,1508,1709,0,0
3706485258,1512,1710,0,0
3706487258,1508,1704,0,0
3706489258,1501,1709,0,0
3706491258,1501,1702,0,0
3706493258,1504,1705,0,0
3706495258,1504,1713,0,0
3706497258,1505,1697,0,0
3706499258,1500,1702,0,0
3706501258,1501,1712,0,0
3706503258,1503,1693,0,0
3706505258,1510,1701,0,0
3706507258,1507,1707,0,0
3706509258,1500,1694,0,0
3706511258,1511,1701,0,0
3706513258,1512,1701,0,0
3706515258,1500,1704,0,0
3706517258,1512,1703,0,0
3706519258,1507,1704,0,0
3706521258,1504,1707,0,0
3706523258,1512,1703,0,0
3706525258,1502,1699,0,0
3706527258,1500,1703,0,0
3706529258,1498,1709,0,0
3706531258,1513,1710,0,0
3706533258,1503,1701,0,0
3706535258,1509,1710,0,0
3706537258,1509,1694,0,0
3706539258,1510,1705,0,0
3706541258,1508,1705,0,0
3706543258,1504,1704,0,0
3706545258,1502,1705,0,0
3706547258,1510,1699,0,0
3706549258,1512,1705,0,0
3706551258,1512,1705,0,0
3706553258,1502,1703,0,0
3706555258,1504,1700,0,0
3706557258,1504,1708,0,0
3706559258,1507,1708,0,0
3706561258,1500,1701,0,0
3706563258,1508,1697,0,0
3706565258,1502,1705,0,0
3706567258,1504,1702,0,0
3706569258,1507,1699,0,0
3706571258,1508,1701,0,0
3706573258,1515,1699,0,0
3706575258,1510,1707,0,0
3706577258,1504,1703,0,0
3706579258,1512,1706,0,0
3706581258,1508,1700,0,0
3706583258,1503,1705,0,0
3706585258,1504,1705,0,0
3706587258,1507,1700,0,0
3706589258,1510,1698,0,0
3706591258,1508,1705,0,0
3706593258,1502,1704,0,0
3706595258,1512,1704,0,0
3706597258,1514,1709,0,0
3706599258,1508,1705,0,0
3706601258,1515,1707,0,0
3706603258,1508,1705,0,0
3706605258,1505,1702,0,0
3706607258,1504,1706,0,0
3706609258,1508,1701,0,0
3706611258,1508,1697,0,0
3706613258,1501,1705,0,0
3706615258,1504,1703,0,0
3706617258,1505,1701,0,0
3706619258,1508,1707,0,0
3706621258,1504,1709,0,0
3706623258,1506,1705,0,0
3706625258,1503,1703,0,0
3706627258,1500,1709,0,0
3706629258,1502,1701,0,0
3706631258,1499,1705,0,0
3706633258,1502,1707,0,0
3706635258,1508,1706,0,0
3706637258,1500,1709,0,0
3706639258,1496,1700,0,0
3706641258,1500,1713,0,0
3706643258,1502,1709,0,0
3706645258,1507,1700,0,0
3706647258,1506,1704,0,0
3706649258,1500,1706,0,0
3706651258,1507,1701,0,0
3706653258,1504,1703,0,0
3706655258,1500,1709,0,0
3706657258,1503,1703,0,0
3706659258,1502,1701,0,0
3706661258,1501,1704,0,0
3706663258,1504,1709,0,0
3706665258,1514,1708,0,0
3706667258,1510,1702,0,0
3706669258,1512,1709,0,0
3706671258,1502,1709,0,0
3706673258,1504,1709,0,0
3706675258,1505,1708,0,0
3706677258,1512,1699,0,0
3706679258,1505,1705,0,0
3706681258,1500,1703,0,0
3706683258,1509,1716,0,0
3706685258,1501,1708,0,0
3706687258,1505,1717,0,0
3706689258,1502,1713,0,0
3706691258,1498,1704,0,0
3706693258,1505,1710,0,0
3706695258,1504,1700,0,0
3706697258,1508,1710,0,0
3706699258,1504,1702,0,0
3706701258,1507,1697,0,0
3706703258,1509,1703,0,0
3706705258,1508,1702,0,0
3706707258,1508,1702,0,0
3706709258,1512,1708,0,0
3706711258,1504,1703,0,0
3706713258,1503,1701,0,0
3706715258,1505,1709,0,0
3706717258,1508,1704,0,0
3706719258,1502,1706,0,0
3706721258,1502,1704,0,0
3706723258,1503,1702,0,0
3706725258,1502,1705,0,0
3706727258,1498,1701,0,0
3706729258,1509,1702,0,0
3706731258,1508,1693,0,0
3706733258,1504,1697,0,0
3706735258,1504,1705,0,0
3706737258,1508,1697,0,0
3706739258,1497,1705,0,0
3706741258,1504,1705,0,0
3706743258,1505,1704,0,0
3706745258,1504,1709,0,0
3706747258,1508,1693,210,1
3706749258,1490,1666,210,1
3706751258,1484,1626,210,1
3706753258,1486,1589,210,1
3706755258,1468,1556,210,1
3706757258,1471,1525,210,1
3706759258,1454,1503,210,1
3706761258,1454,1476,210,1
3706763258,1448,1446,210,0
3706765258,1438,1419,210,0
3706767258,1434,1397,210,0
3706769258,1430,1371,210,0
3706771258,1423,1359,210,0
3706773258,1416,1337,210,0
3706775258,1412,1318,210,0
3706777258,1412,1305,210,0
3706779258,1403,1284,210,0
3706781258,1399,1281,210,0
3706783258,1406,1257,210,0
3706785258,1395,1249,210,0
3706787258,1389,1235,210,0
3706789258,1401,1230,210,0
3706791258,1371,1217,210,0
3706793258,1388,1211,210,0
3706795258,1371,1203,210,0
3706797258,1371,1198,210,0
3706799258,1371,1189,210,0
3706801258,1371,1193,210,0
3706803258,1371,1179,210,0
3706805258,1366,1179,210,0
3706807258,1363,1172,210,0
3706809258,1371,1166,210,0
3706811258,1364,1158,210,0
3706813258,1368,1154,210,0
3706815258,1368,1151,210,0
3706817258,1368,1149,210,0
3706819258,1371,1153,210,0
3706821258,1364,1145,210,0
3706823258,1364,1140,210,0
3706825258,1363,1142,210,0
3706827258,1364,1142,210,0
3706829258,1361,1134,210,0
3706831258,1359,1130,210,0
3706833258,1364,1132,210,0
3706835258,1358,1120,210,0
3706837258,1367,1128,210,0
3706839258,1360,1127,210,0
3706841258,1359,1121,210,0
3706843258,1353,1124,210,0
3706845258,1359,1121,210,0
3706847258,1359,1115,210,0
3706849258,1352,1115,210,0
3706851258,1352,1123,210,0
3706853258,1352,1111,210,0
3706855258,1348,1112,210,0
3706857258,1346,1115,210,0
3706859258,1344,1103,210,0
3706861258,1333,1111,210,0
3706863258,1333,1105,210,0
3706865258,1332,1103,210,0
3706867258,1324,1103,210,0
3706869258,1325,1099,210,0
3706871258,1318,1091,210,0
3706873258,1304,1090,210,0
3706875258,1300,1082,210,0
3706877258,1290,1077,210,0
3706879258,1272,1079,210,0
3706881258,1267,1075,210,0
3706883258,1256,1068,210,0
3706885258,1239,1092,210,0
3706887258,1211,1159,210,0
3706889258,1193,1285,210,0
3706891258,1179,1348,210,0
3706893258,1178,1346,210,0
3706895258,1179,1353,210,0
3706897258,1179,1360,0,0
3706899258,1198,1400,0,0
3706901258,1220,1424,0,0
3706903258,1254,1444,0,0
3706905258,1270,1461,0,0
3706907258,1282,1482,0,0
3706909258,1299,1489,0,0
3706911258,1319,1517,0,0
3706913258,1329,1534,0,0
3706915258,1348,1540,0,0
3706917258,1358,1564,0,0
3706919258,1369,1574,0,0
3706921258,1371,1577,0,0
3706923258,1392,1589,0,0
3706925258,1396,1593,0,0
3706927258,1414,1615,0,0
3706929258,1420,1615,0,0
3706931258,1416,1632,0,0
3706933258,1436,1639,0,0
3706935258,1436,1642,0,0
3706937258,1440,1645,0,0
3706939258,1443,1651,0,0
3706941258,1453,1653,0,0
3706943258,1452,1666,0,0
3706945258,1464,1666,0,0
3706947258,1464,1671,0,0
3706949258,1461,1675,0,0
3706951258,1474,1678,0,0
3706953258,1470,1683,0,0
3706955258,1473,1686,0,0
3706957258,1484,1693,0,0
3706959258,1487,1696,0,0
3706961258,1486,1695,0,0
3706963258,1483,1691,0,0
3706965258,1486,1693,0,0
3706967258,1490,1691,0,0
3706969258,1492,1689,0,0
3706971258,1499,1692,0,0
3706973258,1500,1683,0,0
3706975258,1498,1697,0,0
3706977258,1498,1700,0,0
3706979258,1509,1687,0,0
3706981258,1504,1695,0,0
3706983258,1504,1692,0,0
3706985258,1508,1703,0,0
3706987258,1508,1692,0,0
3706989258,1504,1694,0,0
3706991258,1507,1702,0,0
3706993258,1503,1702,0,0
3706995258,1511,1693,0,0
3706997258,1508,1697,0,0
3706999258,1512,1697,0,0
3707001258,1511,1693,0,0
3707003258,1502,1704,0,0
3707005258,1513,1701,0,0
3707007258,1499,1699,0,0
3707009258,1509,1712,0,0
3707011258,1503,1701,0,0
3707013258,1513,1699,0,0
3707015258,1508,1696,0,0
3707017258,1500,1705,0,0
3707019258,1508,1705,0,0
3707021258,1511,1705,0,0
3707023258,1512,1709,0,0
3707025258,1512,1704,0,0
3707027258,1507,1704,0,0
3707029258,1508,1699,0,0
3707031258,1499,1705,0,0
3707033258,1507,1692,0,0
3707035258,1507,1706,0,0
3707037258,1505,1703,0,0
3707039258,1508,1702,0,0
3707041258,1505,1701,0,0
3707043258,1505,1701,0,0
3707045258,1505,1697,0,0
3707047258,1497,1709,0,0
3707049258,1502,1706,0,0
3707051258,1505,1697,0,0
3707053258,1500,1710,0,0
3707055258,1504,1697,0,0
3707057258,1504,1704,0,0
3707059258,1504,1709,0,0
3707061258,1500,1709,0,0
3707063258,1492,1706,0,0
3707065258,1502,1702,0,0
3707067258,1502,1705,0,0
3707069258,1508,1697,0,0
3707071258,1504,1703,0,0
3707073258,1504,1705,0,0
3707075258,1501,1712,0,0
3707077258,1504,1712,0,0
3707079258,1504,1712,0,0
3707081258,1500,1708,0,0
3707083258,1504,1706,0,0
3707085258,1507,1706,0,0
3707087258,1500,1708,0,0
3707089258,1504,1695,0,0
3707091258,1500,1697,0,0
3707093258,1504,1705,0,0
3707095258,1492,1697,0,0
3707097258,1504,1705,0,0
3707099258,1505,1710,0,0
3707101258,1504,1708,0,0
3707103258,1494,1705,0,0
3707105258,1504,1709,0,0
3707107258,1501,1709,0,0
3707109258,1501,1707,0,0
3707111258,1498,1705,0,0
3707113258,1508,1704,0,0
3707115258,1508,1704,0,0
3707117258,1498,1707,0,0
3707119258,1505,1701,0,0
3707121258,1504,1703,0,0
3707123258,1505,1700,0,0
3707125258,1502,1712,0,0
3707127258,1505,1713,0,0
3707129258,1500,1713,0,0
3707131258,1507,1694,0,0
3707133258,1500,1703,0,0
3707135258,1505,1699,0,0
3707137258,1508,1697,0,0
3707139258,1508,1706,0,0
3707141258,1500,1706,0,0
3707143258,1500,1704,0,0
3707145258,1504,1700,0,0
3707147258,1510,1708,0,0
3707149258,1503,1703,0,0
3707151258,1496,1703,0,0
3707153258,1500,1702,0,0
3707155258,1504,1697,0,0
3707157258,1508,1708,0,0
3707159258,1516,1705,0,0
3707161258,1504,1702,0,0
3707163258,1500,1701,0,0
3707165258,1507,1705,0,0
3707167258,1497,1697,0,0
3707169258,1500,1701,0,0
3707171258,1492,1707,0,0
3707173258,1508,1699,0,0
3707175258,1499,1703,0,0
3707177258,1512,1706,0,0
3707179258,1500,1705,0,0
3707181258,1504,1709,0,0
3707183258,1497,1697,0,0
3707185258,1508,1705,0,0
3707187258,1504,1704,0,0
3707189258,1500,1703,0,0
3707191258,1510,1702,0,0
3707193258,1507,1707,0,0
3707195258,1503,1701,0,0
3707197258,1503,1702,0,0
3707199258,1507,1701,0,0
3707201258,1508,1704,0,0
3707203258,1505,1704,0,0
3707205258,1502,1705,0,0
3707207258,1505,1693,0,0
3707209258,1511,1701,0,0
3707211258,1500,1701,0,0
3707213258,1508,1701,0,0
3707215258,1499,1701,0,0
3707217258,1508,1705,0,0
3707219258,1504,1710,0,0
3707221258,1503,1709,0,0
3707223258,1507,1705,0,0
3707225258,1494,1704,0,0
3707227258,1505,1702,0,0
3707229258,1504,1702,0,0
3707231258,1504,1700,0,0
3707233258,1504,1706,0,0
3707235258,1508,1701,0,0
3707237258,1501,1705,0,0
3707239258,1505,1703,0,0
3707241258,1497,1705,0,0
3707243258,1510,1705,0,0
3707245258,1504,1709,0,0
3707247258,1504,1703,0,0
3707249258,1502,1712,0,0
3707251258,1504,1705,0,0
3707253258,1504,1705,0,0
3707255258,1512,1709,0,0
3707257258,1500,1713,0,0
3707259258,1507,1696,0,0
3707261258,1510,1710,0,0
3707263258,1505,1709,0,0
3707265258,1500,1705,0,0
3707267258,1502,1705,0,0
3707269258,1504,1700,0,0
3707271258,1500,1705,0,0
3707273258,1508,1705,0,0
3707275258,1504,1710,0,0
3707277258,1504,1706,0,0
3707279258,1504,1710,0,0
3707281258,1500,1702,0,0
3707283258,1509,1704,0,0
3707285258,1506,1705,0,0
3707287258,1508,1708,0,0
3707289258,1508,1697,0,0
3707291258,1502,1710,0,0
3707293258,1506,1701,0,0
3707295258,1504,1703,0,0
3707297258,1502,1707,0,0
3707299258,1504,1701,0,0
3707301258,1502,1694,0,0
3707303258,1501,1713,0,0
3707305258,1505,1700,0,0
3707307258,1498,1706,0,0
3707309258,1500,1712,0,0
3707311258,1500,1707,0,0
3707313258,1492,1705,0,0
3707315258,1507,1706,0,0
3707317258,1504,1700,0,0
3707319258,1500,1702,0,0
3707321258,1505,1702,0,0
3707323258,1501,1700,0,0
3707325258,1504,1697,0,0
3707327258,1503,1701,0,0
3707329258,1501,1709,0,0
3707331258,1504,1697,0,0
3707333258,1507,1709,0,0
3707335258,1508,1703,0,0
3707337258,1507,1702,0,0
3707339258,1505,1705,0,0
3707341258,1502,1695,0,0
3707343258,1510,1705,0,0
3707345258,1512,1704,0,0
3707347258,1504,1703,0,0
3707349258,1507,1709,0,0
3707351258,1504,1701,0,0
3707353258,1512,1707,0,0
3707355258,1510,1705,0,0
3707357258,1504,1704,0,0
3707359258,1505,1704,0,0
3707361258,1505,1700,0,0
3707363258,1505,1704,0,0
3707365258,1508,1694,0,0
3707367258,1512,1706,0,0
3707369258,1501,1709,0,0
3707371258,1501,1702,0,0
3707373258,1504,1705,0,0
3707375258,1501,1709,0,0
3707377258,1501,1707,0,0
3707379258,1506,1715,0,0
3707381258,1500,1706,0,0
3707383258,1504,1709,0,0
3707385258,1508,1704,0,0
3707387258,1504,1697,0,0
3707389258,1503,1707,0,0
3707391258,1500,1697,0,0
3707393258,1499,1707,0,0
3707395258,1497,1702,0,0
3707397258,1511,1702,0,0
3707399258,1502,1705,0,0
3707401258,1501,1705,0,0
3707403258,1511,1709,0,0
3707405258,1500,1707,0,0
3707407258,1505,1704,0,0
3707409258,1504,1704,0,0
3707411258,1494,1709,0,0
3707413258,1497,1710,0,0
3707415258,1500,1715,0,0
3707417258,1502,1701,0,0
3707419258,1501,1701,0,0
3707421258,1501,1709,0,0
3707423258,1508,1704,0,0
3707425258,1503,1704,0,0
3707427258,1505,1709,0,0
3707429258,1501,1705,0,0
3707431258,1504,1703,0,0
3707433258,1508,1705,0,0
3707435258,1509,1700,0,0
3707437258,1506,1703,0,0
3707439258,1510,1704,0,0
3707441258,1512,1706,0,0
3707443258,1508,1709,0,0
3707445258,1503,1706,0,0
3707447258,1504,1709,0,0
3707449258,1500,1709,0,0
3707451258,1500,1700,0,0
3707453258,1505,1707,0,0
3707455258,1500,1699,0,0
3707457258,1503,1703,0,0
3707459258,1505,1705,0,0
3707461258,1506,1704,0,0
3707463258,1507,1705,0,0
3707465258,1504,1706,0,0
3707467258,1499,1704,0,0
3707469258,1499,1705,0,0
3707471258,1502,1697,0,0
3707473258,1511,1717,0,0
3707475258,1500,1697,0,0
3707477258,1497,1712,0,0
3707479258,1507,1704,0,0
3707481258,1508,1709,0,0
3707483258,1504,1699,0,0
3707485258,1513,1700,0,0
3707487258,1504,1710,0,0
3707489258,1508,1703,0,0
3707491258,1505,1704,0,0
3707493258,1509,1701,0,0
3707495258,1502,1701,0,0
3707497258,1508,1701,0,0
3707499258,1501,1705,0,0
3707501258,1500,1709,0,0
3707503258,1500,1701,0,0
3707505258,1505,1697,0,0
3707507258,1511,1707,0,0
3707509258,1508,1704,0,0
3707511258,1504,1707,0,0
3707513258,1505,1710,0,0
3707515258,1505,1706,0,0
3707517258,1505,1706,0,0
3707519258,1505,1707,0,0
3707521258,1510,1697,0,0
3707523258,1505,1712,0,0
3707525258,1512,1704,0,0
3707527258,1505,1705,0,0
3707529258,1508,1700,0,0
3707531258,1511,1703,0,0
3707533258,1508,1704,0,0
3707535258,1505,1706,0,0
3707537258,1504,1701,0,0
3707539258,1508,1697,0,0
3707541258,1505,1697,0,0
3707543258,1500,1694,0,0
3707545258,1504,1702,0,0
3707547258,1500,1704,0,0
3707549258,1509,1705,0,0
3707551258,1504,1703,0,0
3707553258,1505,1703,0,0
3707555258,1502,1703,0,0
3707557258,1504,1707,0,0
3707559258,1505,1704,0,0
3707561258,1508,1701,0,0
3707563258,1510,1706,0,0
3707565258,1504,1697,0,0
3707567258,1510,1709,0,0
3707569258,1505,1706,0,0
3707571258,1504,1701,0,0
3707573258,1507,1709,0,0
3707575258,1510,1704,0,0
3707577258,1507,1712,0,0
3707579258,1502,1712,0,0
3707581258,1500,1707,0,0
3707583258,1505,1697,0,0
3707585258,1510,1703,0,0
3707587258,1502,1701,0,0
3707589258,1501,1709,0,0
3707591258,1508,1709,0,0
3707593258,1500,1707,0,0
3707595258,1504,1708,0,0
3707597258,1505,1704,0,0
3707599258,1501,1705,0,0
3707601258,1504,1688,0,0
3707603258,1508,1701,0,0
3707605258,1505,1701,0,0
3707607258,1504,1705,0,0
3707609258,1509,1700,0,0
3707611258,1509,1702,0,0
3707613258,1508,1701,0,0
3707615258,1502,1701,0,0
3707617258,1504,1707,0,0
3707619258,1504,1703,0,0
3707621258,1505,1706,0,0
3707623258,1503,1701,0,0
3707625258,1508,1705,0,0
3707627258,1510,1707,0,0
3707629258,1509,1704,0,0
3707631258,1508,1696,0,0
3707633258,1507,1703,0,0
3707635258,1512,1705,0,0
3707637258,1505,1709,0,0
3707639258,1501,1710,0,0
3707641258,1502,1713,0,0
3707643258,1507,1698,0,0
3707645258,1508,1702,0,0
3707647258,1504,1705,0,0
3707649258,1510,1704,0,0
3707651258,1511,1701,0,0
3707653258,1505,1705,0,0
3707655258,1507,1704,0,0
3707657258,1508,1703,0,0
3707659258,1504,1699,0,0
3707661258,1505,1705,0,0
3707663258,1512,1702,0,0
3707665258,1506,1709,0,0
3707667258,1500,1713,0,0
3707669258,1499,1706,0,0
3707671258,1505,1707,0,0
3707673258,1505,1706,0,0
3707675258,1509,1707,0,0
3707677258,1501,1705,0,0
3707679258,1508,1700,0,0
3707681258,1504,1702,0,0
3707683258,1504,1705,0,0
3707685258,1504,1703,0,0
3707687258,1512,1705,0,0
3707689258,1507,1703,0,0
3707691258,1504,1705,0,0
3707693258,1505,1702,0,0
3707695258,1508,1707,0,0
3707697258,1502,1705,210,1
3707699258,1495,1666,210,1
3707701258,1488,1621,210,1
3707703258,1480,1600,210,1
3707705258,1473,1562,210,1
3707707258,1461,1525,210,1
3707709258,1461,1504,210,1
3707711258,1452,1472,210,1
3707713258,1437,1446,210,0
3707715258,1444,1427,210,0
3707717258,1436,1399,210,0
3707719258,1433,1371,210,0
3707721258,1424,1359,210,0
3707723258,1426,1338,210,0
3707725258,1419,1324,210,0
3707727258,1411,1304,210,0
3707729258,1401,1287,210,0
3707731258,1406,1280,210,0
3707733258,1396,1257,210,0
3707735258,1395,1255,210,0
3707737258,1388,1240,210,0
3707739258,1394,1228,210,0
3707741258,1386,1219,210,0
3707743258,1388,1213,210,0
3707745258,1385,1205,210,0
3707747258,1387,1200,210,0
3707749258,1371,1195,210,0
3707751258,1371,1187,210,0
3707753258,1371,1179,210,0
3707755258,1370,1177,210,0
3707757258,1371,1169,210,0
3707759258,1368,1165,210,0
3707761258,1371,1161,210,0
3707763258,1363,1155,210,0
3707765258,1371,1153,210,0
3707767258,1367,1151,210,0
3707769258,1370,1154,210,0
3707771258,1371,1152,210,0
3707773258,1367,1139,210,0
3707775258,1368,1138,210,0
3707777258,1367,1141,210,0
3707779258,1366,1131,210,0
3707781258,1369,1136,210,0
3707783258,1364,1131,210,0
3707785258,1367,1129,210,0
3707787258,1360,1127,210,0
3707789258,1367,1126,210,0
3707791258,1359,1114,210,0
3707793258,1367,1116,210,0
3707795258,1359,1121,210,0
3707797258,1355,1115,210,0
3707799258,1347,1121,210,0
3707801258,1351,1113,210,0
3707803258,1356,1115,210,0
3707805258,1351,1113,210,0
3707807258,1346,1108,210,0
3707809258,1347,1103,210,0
3707811258,1340,1107,210,0
3707813258,1338,1103,210,0
3707815258,1334,1102,210,0
3707817258,1331,1102,210,0
3707819258,1324,1101,210,0
3707821258,1317,1092,210,0
3707823258,1308,1085,210,0
3707825258,1303,1094,210,0
3707827258,1293,1087,210,0
3707829258,1283,1084,210,0
3707831258,1270,1084,210,0
3707833258,1256,1084,210,0
3707835258,1243,1088,210,0
3707837258,1231,1139,210,0
3707839258,1191,1308,210,0
3707841258,1183,1348,210,0
3707843258,1179,1358,210,0
3707845258,1177,1358,210,0
3707847258,1179,1360,0,0
3707849258,1214,1397,0,0
3707851258,1230,1419,0,0
3707853258,1247,1444,0,0
3707855258,1268,1470,0,0
3707857258,1285,1486,0,0
3707859258,1303,1497,0,0
3707861258,1319,1515,0,0
3707863258,1332,1536,0,0
3707865258,1344,1551,0,0
3707867258,1351,1558,0,0
3707869258,1358,1573,0,0
3707871258,1371,1587,0,0
3707873258,1371,1601,0,0
3707875258,1393,1599,0,0
3707877258,1396,1604,0,0
3707879258,1416,1614,0,0
3707881258,1423,1631,0,0
3707883258,1432,1633,0,0
3707885258,1436,1641,0,0
3707887258,1441,1641,0,0
3707889258,1440,1653,0,0
3707891258,1452,1661,0,0
3707893258,1445,1669,0,0
3707895258,1459,1666,0,0
3707897258,1461,1664,0,0
3707899258,1463,1677,0,0
3707901258,1462,1678,0,0
3707903258,1474,1679,0,0
3707905258,1469,1685,0,0
3707907258,1481,1683,0,0
3707909258,1483,1687,0,0
3707911258,1474,1690,0,0
3707913258,1481,1690,0,0
3707915258,1484,1690,0,0
3707917258,1487,1697,0,0
3707919258,1493,1699,0,0
3707921258,1488,1692,0,0
3707923258,1492,1692,0,0
3707925258,1490,1693,0,0
3707927258,1492,1693,0,0
3707929258,1494,1700,0,0
3707931258,1491,1699,0,0
3707933258,1497,1694,0,0
3707935258,1496,1701,0,0
3707937258,1501,1699,0,0
3707939258,1499,1697,0,0
3707941258,1496,1700,0,0
3707943258,1500,1694,0,0
3707945258,1503,1707,0,0
3707947258,1505,1703,0,0
3707949258,1502,1703,0,0
3707951258,1500,1709,0,0
3707953258,1500,1704,0,0
3707955258,1505,1704,0,0
3707957258,1508,1704,0,0
3707959258,1504,1702,0,0
3707961258,1507,1717,0,0
3707963258,1507,1703,0,0
3707965258,1505,1705,0,0
3707967258,1504,1704,0,0
3707969258,1505,1704,0,0
3707971258,1500,1705,0,0
3707973258,1503,1699,0,0
3707975258,1504,1704,0,0
3707977258,1496,1705,0,0
3707979258,1505,1702,0,0
3707981258,1503,1705,0,0
3707983258,1508,1697,0,0
3707985258,1504,1705,0,0
3707987258,1504,1706,0,0
3707989258,1500,1705,0,0
3707991258,1500,1703,0,0
3707993258,1500,1704,0,0
3707995258,1502,1709,0,0
3707997258,1500,1709,0,0
3707999258,1502,1703,0,0
3708001258,1507,1710,0,0
3708003258,1503,1710,0,0
3708005258,1503,1701,0,0
3708007258,1502,1704,0,0
3708009258,1504,1701,0,0
3708011258,1492,1705,0,0
3708013258,1504,1705,0,0
3708015258,1508,1699,0,0
3708017258,1510,1698,0,0
3708019258,1500,1703,0,0
3708021258,1504,1696,0,0
3708023258,1505,1702,0,0
3708025258,1505,1701,0,0
3708027258,1502,1707,0,0
3708029258,1503,1693,0,0
3708031258,1501,1695,0,0
3708033258,1507,1712,0,0
3708035258,1498,1704,0,0
3708037258,1507,1713,0,0
3708039258,1502,1708,0,0
3708041258,1504,1697,0,0
3708043258,1509,1701,0,0
3708045258,1507,1707,0,0
3708047258,1512,1701,0,0
3708049258,1508,1705,0,0
3708051258,1510,1705,0,0
3708053258,1505,1696,0,0
3708055258,1502,1707,0,0
3708057258,1510,1704,0,0
3708059258,1508,1707,0,0
3708061258,1512,1703,0,0
3708063258,1507,1708,0,0
3708065258,1508,1709,0,0
3708067258,1512,1713,0,0
3708069258,1512,1699,0,0
3708071258,1513,1709,0,0
3708073258,1509,1704,0,0
3708075258,1507,1696,0,0
3708077258,1504,1705,0,0
3708079258,1512,1700,0,0
3708081258,1512,1703,0,0
3708083258,1510,1707,0,0
3708085258,1509,1705,0,0
3708087258,1512,1706,0,0
3708089258,1511,1703,0,0
3708091258,1511,1698,0,0
3708093258,1504,1706,0,0
3708095258,1512,1709,0,0
3708097258,1509,1703,0,0
3708099258,1511,1710,0,0
3708101258,1508,1697,0,0
3708103258,1512,1707,0,0
3708105258,1511,1709,0,0
3708107258,1512,1704,0,0
3708109258,1508,1697,0,0
3708111258,1510,1700,0,0
3708113258,1512,1710,0,0
3708115258,1505,1703,0,0
3708117258,1504,1702,0,0
3708119258,1508,1706,0,0
3708121258,1500,1709,0,0
3708123258,1505,1706,0,0
3708125258,1512,1697,0,0
3708127258,1507,1700,0,0
3708129258,1505,1707,0,0
3708131258,1504,1706,0,0
3708133258,1504,1701,0,0
3708135258,1503,1704,0,0
3708137258,1508,1705,0,0
3708139258,1500,1706,0,0
3708141258,1504,1713,0,0
3708143258,1504,1709,0,0
3708145258,1502,1701,0,0
3708147258,1511,1695,0,0
3708149258,1503,1709,0,0
3708151258,1504,1704,0,0
3708153258,1504,1705,0,0
3708155258,1496,1703,0,0
3708157258,1504,1701,0,0
3708159258,1505,1702,0,0
3708161258,1502,1712,0,0
3708163258,1501,1703,0,0
3708165258,1499,1702,0,0
3708167258,1506,1705,0,0
3708169258,1505,1703,0,0
3708171258,1508,1704,0,0
3708173258,1503,1709,0,0
3708175258,1504,1700,0,0
3708177258,1505,1706,0,0
3708179258,1505,1702,0,0
3708181258,1499,1703,0,0
3708183258,1504,1707,0,0
3708185258,1507,1703,0,0
3708187258,1500,1705,0,0
3708189258,1503,1701,0,0
3708191258,1505,1712,0,0
3708193258,1501,1700,0,0
3708195258,1500,1703,0,0
3708197258,1497,1705,0,0
3708199258,1500,1707,0,0
3708201258,1497,1705,0,0
3708203258,1500,1702,0,0
3708205258,1497,1702,0,0
3708207258,1499,1701,0,0
3708209258,1508,1702,0,0
3708211258,1504,1704,0,0
3708213258,1501,1704,0,0
3708215258,1508,1692,0,0
3708217258,1503,1710,0,0
3708219258,1504,1703,0,0
3708221258,1501,1705,0,0
3708223258,1501,1710,0,0
3708225258,1508,1705,0,0
3708227258,1503,1710,0,0
3708229258,1501,1702,0,0
3708231258,1502,1713,0,0
3708233258,1504,1697,0,0
3708235258,1504,1700,0,0
3708237258,1505,1709,0,0
3708239258,1500,1704,0,0
3708241258,1502,1697,0,0
3708243258,1504,1697,0,0
3708245258,1504,1705,0,0
3708247258,1503,1710,0,0
3708249258,1500,1710,0,0
3708251258,1499,1703,0,0
3708253258,1502,1706,0,0
3708255258,1507,1703,0,0
3708257258,1499,1705,0,0
3708259258,1498,1707,0,0
3708261258,1508,1707,0,0
3708263258,1510,1701,0,0
3708265258,1512,1699,0,0
3708267258,1504,1706,0,0
3708269258,1504,1706,0,0
3708271258,1504,1702,0,0
3708273258,1507,1706,0,0
3708275258,1502,1705,0,0
3708277258,1506,1704,0,0
3708279258,1508,1704,0,0
3708281258,1504,1706,0,0
3708283258,1508,1705,0,0
3708285258,1511,1705,0,0
3708287258,1505,1704,0,0
3708289258,1504,1704,0,0
3708291258,1500,1701,0,0
3708293258,1505,1701,0,0
3708295258,1507,1709,0,0
3708297258,1508,1696,0,0
3708299258,1497,1703,0,0
3708301258,1500,1709,0,0
3708303258,1508,1699,0,0
3708305258,1508,1701,0,0
3708307258,1504,1700,0,0
3708309258,1501,1705,0,0
3708311258,1508,1700,0,0
3708313258,1504,1701,0,0
3708315258,1502,1705,0,0
3708317258,1503,1710,0,0
3708319258,1499,1700,0,0
3708321258,1505,1706,0,0
3708323258,1502,1705,0,0
3708325258,1511,1705,0,0
3708327258,1505,1708,0,0
3708329258,1510,1708,0,0
3708331258,1500,1712,0,0
3708333258,1504,1702,0,0
3708335258,1505,1705,0,0
3708337258,1504,1708,0,0
3708339258,1500,1693,0,0
3708341258,1507,1705,0,0
3708343258,1504,1705,0,0
3708345258,1504,1705,0,0
3708347258,1504,1704,0,0
3708349258,1504,1706,0,0
3708351258,1500,1701,0,0
3708353258,1510,1704,0,0
3708355258,1507,1704,0,0
3708357258,1500,1697,0,0
3708359258,1501,1707,0,0
3708361258,1512,1713,0,0
3708363258,1501,1705,0,0
3708365258,1508,1697,0,0
3708367258,1504,1709,0,0
3708369258,1498,1704,0,0
3708371258,1505,1713,0,0
3708373258,1503,1709,0,0
3708375258,1500,1693,0,0
3708377258,1503,1702,0,0
3708379258,1512,1703,0,0
3708381258,1504,1705,0,0
3708383258,1508,1701,0,0
3708385258,1504,1705,0,0
3708387258,1504,1703,0,0
3708389258,1508,1703,0,0
3708391258,1505,1709,0,0
3708393258,1505,1709,0,0
3708395258,1504,1697,0,0
3708397258,1512,1701,0,0
3708399258,1504,1703,0,0
3708401258,1507,1700,0,0
3708403258,1507,1705,0,0
3708405258,1499,1702,0,0
3708407258,1501,1706,0,0
3708409258,1507,1699,0,0
3708411258,1502,1704,0,0
3708413258,1510,1705,0,0
3708415258,1508,1704,0,0
3708417258,1508,1700,0,0
3708419258,1502,1707,0,0
3708421258,1505,1704,0,0
3708423258,1504,1704,0,0
3708425258,1508,1702,0,0
3708427258,1512,1707,0,0
3708429258,1510,1701,0,0
3708431258,1500,1701,0,0
3708433258,1507,1704,0,0
3708435258,1504,1705,0,0
3708437258,1505,1707,0,0
3708439258,1510,1713,0,0
3708441258,1504,1701,0,0
3708443258,1510,1703,0,0
3708445258,1505,1701,0,0
3708447258,1505,1701,0,0
3708449258,1511,1699,0,0
3708451258,1508,1710,0,0
3708453258,1507,1696,0,0
3708455258,1512,1709,0,0
3708457258,1504,1702,0,0
3708459258,1504,1697,0,0
3708461258,1504,1703,0,0
3708463258,1504,1704,0,0
3708465258,1501,1707,0,0
3708467258,1506,1707,0,0
3708469258,1500,1705,0,0
3708471258,1508,1709,0,0
3708473258,1502,1699,0,0
3708475258,1496,1705,0,0
3708477258,1500,1709,0,0
3708479258,1504,1705,0,0
3708481258,1503,1713,0,0
3708483258,1499,1710,0,0
3708485258,1512,1702,0,0
3708487258,1501,1706,0,0
3708489258,1512,1703,0,0
3708491258,1506,1706,0,0
3708493258,1502,1706,0,0
3708495258,1505,1703,0,0
3708497258,1504,1694,0,0
3708499258,1504,1705,0,0
3708501258,1500,1705,0,0
3708503258,1500,1710,0,0
3708505258,1510,1702,0,0
3708507258,1500,1706,0,0
3708509258,1504,1704,0,0
3708511258,1504,1706,0,0
3708513258,1502,1700,0,0
3708515258,1508,1709,0,0
3708517258,1507,1705,0,0
3708519258,1500,1701,0,0
3708521258,1502,1701,0,0
3708523258,1505,1703,0,0
3708525258,1505,1699,0,0
3708527258,1500,1704,0,0
3708529258,1508,1704,0,0
3708531258,1500,1707,0,0
3708533258,1501,1699,0,0
3708535258,1507,1702,0,0
3708537258,1505,1705,0,0
3708539258,1505,1705,0,0
3708541258,1499,1705,0,0
3708543258,1504,1704,0,0
3708545258,1500,1705,0,0
3708547258,1501,1703,0,0
3708549258,1499,1703,0,0
3708551258,1502,1710,0,0
3708553258,1505,1705,0,0
3708555258,1505,1708,0,0
3708557258,1498,1703,0,0
3708559258,1508,1699,0,0
3708561258,1504,1709,0,0
3708563258,1512,1705,0,0
3708565258,1505,1705,0,0
3708567258,1500,1710,0,0
3708569258,1500,1705,0,0
3708571258,1504,1705,0,0
3708573258,1504,1704,0,0
3708575258,1500,1702,0,0
3708577258,1497,1713,0,0
3708579258,1504,1708,0,0
3708581258,1508,1709,0,0
3708583258,1497,1698,0,0
3708585258,1508,1705,0,0
3708587258,1508,1713,0,0
3708589258,1504,1701,0,0
3708591258,1503,1701,0,0
3708593258,1504,1701,0,0
3708595258,1500,1705,0,0
3708597258,1500,1713,0,0
3708599258,1500,1713,0,0
3708601258,1508,1705,0,0
3708603258,1504,1705,0,0
3708605258,1500,1702,0,0
3708607258,1508,1704,0,0
3708609258,1496,1705,0,0
3708611258,1504,1711,0,0
3708613258,1502,1705,0,0
3708615258,1502,1707,0,0
3708617258,1508,1701,0,0
3708619258,1500,1712,0,0
3708621258,1501,1706,0,0
3708623258,1496,1709,0,0
3708625258,1505,1705,0,0
3708627258,1500,1702,0,0
3708629258,1500,1705,0,0
3708631258,1505,1708,0,0
3708633258,1510,1700,0,0
3708635258,1506,1706,0,0
3708637258,1508,1705,0,0
3708639258,1505,1707,0,0
3708641258,1508,1705,0,0
3708643258,1497,1705,0,0
3708645258,1500,1701,0,0
3708647258,1500,1713,0,1
3708649258,1498,1699,0,1
3708651258,1504,1701,0,1
3708653258,1500,1706,0,1
3708655258,1496,1697,0,1
3708657258,1495,1701,0,1
3708659258,1504,1703,0,1
3708661258,1504,1717,0,1
3708663258,1504,1713,0,1
3708665258,1501,1702,0,1
3708667258,1500,1703,0,1
3708669258,1504,1709,0,1
3708671258,1501,1701,0,1
3708673258,1508,1707,0,1
3708675258,1504,1705,0,1
3708677258,1504,1709,0,1
3708679258,1503,1704,0,1
3708681258,1509,1707,0,1
3708683258,1512,1700,0,1
3708685258,1503,1709,0,1
3708687258,1512,1704,0,1
3708689258,1510,1699,0,1
3708691258,1514,1705,0,1
3708693258,1510,1704,0,1
3708695258,1516,1706,0,1
3708697258,1511,1706,0,1
3708699258,1508,1705,0,1
3708701258,1508,1705,0,1
3708703258,1508,1712,0,1
3708705258,1508,1709,0,1
3708707258,1510,1697,0,1
3708709258,1512,1704,0,1
3708711258,1509,1702,0,1
3708713258,1507,1704,0,1
3708715258,1504,1707,0,1
3708717258,1512,1706,0,1
3708719258,1512,1703,0,1
3708721258,1500,1707,0,1
3708723258,1510,1704,0,1
3708725258,1500,1699,0,1
3708727258,1507,1702,0,1
3708729258,1499,1705,0,1
3708731258,1503,1713,0,1
3708733258,1504,1706,0,1
3708735258,1500,1709,0,1
3708737258,1504,1703,0,1
3708739258,1505,1709,0,1
3708741258,1501,1702,0,1
3708743258,1499,1699,0,1
3708745258,1505,1707,0,1
3708747258,1500,1704,0,1
3708749258,1498,1697,0,1
3708751258,1500,1709,0,1
3708753258,1505,1709,0,1
3708755258,1498,1705,0,1
3708757258,1500,1706,0,1
3708759258,1505,1703,0,1
3708761258,1498,1710,0,1
3708763258,1504,1713,0,1
3708765258,1502,1700,0,1
3708767258,1504,1700,0,1
3708769258,1497,1707,0,1
3708771258,1500,1697,0,1
3708773258,1501,1706,0,1
3708775258,1502,1708,0,1
3708777258,1499,1700,0,1
3708779258,1503,1705,0,1
3708781258,1498,1709,0,1
3708783258,1501,1709,0,1
3708785258,1508,1709,0,1
3708787258,1499,1697,0,1
3708789258,1502,1705,0,1
3708791258,1498,1704,0,1
3708793258,1504,1702,0,1
3708795258,1503,1705,0,1
3708797258,1501,1700,0,1
3708799258,1507,1709,0,1
3708801258,1504,1705,0,1
3708803258,1502,1709,0,1
3708805258,1504,1697,0,1
3708807258,1500,1706,0,1
3708809258,1511,1703,0,1
3708811258,1505,1702,0,1
3708813258,1509,1706,0,1
3708815258,1499,1701,0,1
3708817258,1499,1702,0,1
3708819258,1504,1713,0,1
3708821258,1504,1705,0,1
3708823258,1498,1705,0,1
3708825258,1492,1701,0,1
3708827258,1504,1697,0,1
3708829258,1503,1707,0,1
3708831258,1499,1707,0,1
3708833258,1507,1704,0,1
3708835258,1502,1697,0,1
3708837258,1505,1701,0,1
3708839258,1496,1701,0,1
3708841258,1499,1707,0,1
3708843258,1504,1707,0,1
3708845258,1497,1706,0,1
3708847258,1497,1707,0,0
3708849258,1500,1707,0,0
3708851258,1498,1705,0,0
3708853258,1492,1710,0,0
3708855258,1499,1696,0,0
3708857258,1495,1705,0,0
3708859258,1498,1700,0,0
3708861258,1494,1704,0,0
3708863258,1501,1705,0,0
3708865258,1502,1700,0,0
3708867258,1500,1713,0,0
3708869258,1500,1709,0,0
3708871258,1502,1701,0,0
3708873258,1505,1701,0,0
3708875258,1499,1709,0,0
3708877258,1500,1703,0,0
3708879258,1500,1710,0,0
3708881258,1499,1709,0,0
3708883258,1500,1705,0,0
3708885258,1501,1701,0,0
3708887258,1502,1703,0,0
3708889258,1502,1705,0,0
3708891258,1502,1701,0,0
3708893258,1500,1701,0,0
3708895258,1497,1703,0,0
3708897258,1498,1704,0,0
3708899258,1504,1696,0,0
3708901258,1499,1709,0,0
3708903258,1499,1709,0,0
3708905258,1498,1703,0,0
3708907258,1495,1707,0,0
3708909258,1504,1705,0,0
3708911258,1500,1703,0,0
3708913258,1500,1706,0,0
3708915258,1492,1707,0,0
3708917258,1504,1705,0,0
3708919258,1507,1710,0,0
3708921258,1502,1705,0,0
3708923258,1507,1709,0,0
3708925258,1508,1705,0,0
3708927258,1501,1706,0,0
3708929258,1500,1707,0,0
3708931258,1504,1703,0,0
3708933258,1500,1709,0,0
3708935258,1492,1713,0,0
3708937258,1500,1709,0,0
3708939258,1501,1697,0,0
3708941258,1494,1703,0,0
3708943258,1500,1705,0,0
3708945258,1502,1702,0,0
3708947258,1500,1713,0,0
3708949258,1488,1712,0,0
3708951258,1500,1701,0,0
3708953258,1499,1702,0,0
3708955258,1500,1701,0,0
3708957258,1503,1705,0,0
3708959258,1500,1700,0,0
3708961258,1501,1705,0,0
3708963258,1497,1706,0,0
3708965258,1498,1704,0,0
3708967258,1496,1711,0,0
3708969258,1496,1701,0,0
3708971258,1500,1697,0,0
3708973258,1494,1709,0,0
3708975258,1498,1709,0,0
3708977258,1498,1702,0,0
3708979258,1504,1704,0,0
3708981258,1504,1705,0,0
3708983258,1500,1696,0,0
3708985258,1498,1700,0,0
3708987258,1500,1701,0,0
3708989258,1500,1704,0,0
3708991258,1496,1709,0,0
3708993258,1497,1702,0,0
3708995258,1501,1693,0,0
3708997258,1499,1702,0,0
3708999258,1500,1709,0,0
3709001258,1499,1705,0,0
3709003258,1501,1699,0,0
3709005258,1499,1706,0,0
3709007258,1501,1699,0,0
3709009258,1495,1701,0,0
3709011258,1498,1702,0,0
3709013258,1487,1704,0,0
3709015258,1500,1701,0,0
3709017258,1496,1692,0,0
3709019258,1496,1710,0,0
3709021258,1490,1710,0,0
3709023258,1500,1709,0,0
3709025258,1499,1709,0,0
3709027258,1492,1709,0,0
3709029258,1498,1701,0,0
3709031258,1500,1703,0,0
3709033258,1492,1702,0,0
3709035258,1497,1707,0,0
3709037258,1495,1702,0,0
3709039258,1497,1703,0,0
3709041258,1504,1705,0,0
3709043258,1511,1706,0,0
3709045258,1507,1706,0,0
3709047258,1512,1712,0,0
3709049258,1508,1704,0,0
3709051258,1508,1705,0,0
3709053258,1510,1701,0,0
3709055258,1508,1720,0,0
3709057258,1510,1702,0,0
3709059258,1512,1703,0,0
3709061258,1512,1714,0,0
3709063258,1508,1701,0,0
3709065258,1511,1701,0,0
3709067258,1509,1705,0,0
3709069258,1510,1708,0,0
3709071258,1508,1709,0,0
3709073258,1508,1700,0,0
3709075258,1512,1706,0,0
3709077258,1509,1707,0,0
3709079258,1505,1704,0,0
3709081258,1504,1704,0,0
3709083258,1502,1699,0,0
3709085258,1497,1702,0,0
3709087258,1496,1702,0,0
3709089258,1494,1702,0,0
3709091258,1492,1706,0,0
3709093258,1496,1702,0,0
3709095258,1489,1708,0,0
3709097258,1500,1703,0,0
3709099258,1489,1707,0,0
3709101258,1497,1712,0,0
3709103258,1495,1704,0,0
3709105258,1496,1704,0,0
3709107258,1496,1706,0,0
3709109258,1491,1697,0,0
3709111258,1491,1705,0,0
3709113258,1484,1710,0,0
3709115258,1489,1705,0,0
3709117258,1484,1704,0,0
3709119258,1489,1709,0,0
3709121258,1491,1706,0,0
3709123258,1489,1705,0,0
3709125258,1487,1707,0,0
3709127258,1487,1701,0,0
3709129258,1487,1709,0,0
3709131258,1487,1704,0,0
3709133258,1478,1703,0,0
3709135258,1487,1706,0,0
3709137258,1487,1699,0,0
3709139258,1487,1705,0,0
3709141258,1485,1707,0,0
3709143258,1483,1709,0,0
3709145258,1487,1697,0,0
3709147258,1487,1713,0,0
3709149258,1485,1702,0,0
3709151258,1484,1704,0,0
3709153258,1487,1703,0,0
3709155258,1487,1701,0,0
3709157258,1484,1697,0,0
3709159258,1483,1693,0,0
3709161258,1484,1709,0,0
3709163258,1482,1697,0,0
3709165258,1480,1702,0,0
3709167258,1481,1709,0,0
3709169258,1483,1705,0,0
3709171258,1486,1710,0,0
3709173258,1483,1716,0,0
3709175258,1479,1706,0,0
3709177258,1483,1696,0,0
3709179258,1478,1707,0,0
3709181258,1479,1705,0,0
3709183258,1476,1703,0,0
3709185258,1476,1704,0,0
3709187258,1475,1707,0,0
3709189258,1478,1701,0,0
3709191258,1477,1712,0,0
3709193258,1481,1709,0,0
3709195258,1483,1705,0,0
3709197258,1477,1710,0,0
3709199258,1481,1702,0,0
3709201258,1481,1705,0,0
3709203258,1480,1697,0,0
3709205258,1482,1704,0,0
3709207258,1476,1700,0,0
3709209258,1480,1704,0,0
3709211258,1476,1713,0,0
3709213258,1486,1705,0,0
3709215258,1483,1707,0,0
3709217258,1487,1702,0,0
3709219258,1484,1709,0,0
3709221258,1487,1710,0,0
3709223258,1484,1705,0,0
3709225258,1486,1709,0,0
3709227258,1487,1702,0,0
3709229258,1487,1702,0,0
3709231258,1487,1692,0,0
3709233258,1484,1707,0,0
3709235258,1481,1705,0,0
3709237258,1487,1704,0,0
3709239258,1487,1702,0,0
3709241258,1488,1701,0,0
3709243258,1484,1696,0,0
3709245258,1489,1705,0,0
3709247258,1489,1702,0,0
3709249258,1488,1694,0,0
3709251258,1489,1704,0,0
3709253258,1487,1707,0,0
3709255258,1489,1703,0,0
3709257258,1494,1705,0,0
3709259258,1491,1703,0,0
3709261258,1490,1707,0,0
3709263258,1488,1707,0,0
3709265258,1491,1697,0,0
3709267258,1487,1706,0,0
3709269258,1491,1706,0,0
3709271258,1492,1707,0,0
3709273258,1497,1703,0,0
3709275258,1489,1705,0,0
3709277258,1489,1705,0,0
3709279258,1495,1699,0,0
3709281258,1488,1705,0,0
3709283258,1491,1702,0,0
3709285258,1487,1692,0,0
3709287258,1492,1702,0,0
3709289258,1495,1709,0,0
3709291258,1489,1709,0,0
3709293258,1491,1709,0,0
3709295258,1496,1709,0,0
3709297258,1488,1702,0,0
3709299258,1496,1707,0,0
3709301258,1494,1702,0,0
3709303258,1497,1701,0,0
3709305258,1492,1712,0,0
3709307258,1491,1699,0,0
3709309258,1492,1708,0,0
3709311258,1492,1700,0,0
3709313258,1488,1707,0,0
3709315258,1487,1710,0,0
3709317258,1496,1707,0,0
3709319258,1488,1702,0,0
3709321258,1489,1709,0,0
3709323258,1488,1701,0,0
3709325258,1492,1706,0,0
3709327258,1494,1713,0,0
3709329258,1492,1708,0,0
3709331258,1489,1706,0,0
3709333258,1494,1706,0,0
3709335258,1492,1703,0,0
3709337258,1488,1702,0,0
3709339258,1492,1703,0,0
3709341258,1499,1703,0,0
3709343258,1494,1709,0,0
3709345258,1492,1708,0,0
3709347258,1492,1705,0,0
3709349258,1492,1705,0,0
3709351258,1492,1715,0,0
3709353258,1492,1701,0,0
3709355258,1497,1705,0,0
3709357258,1488,1701,0,0
3709359258,1492,1706,0,0
3709361258,1499,1708,0,0
3709363258,1492,1706,0,0
3709365258,1497,1705,0,0
3709367258,1489,1710,0,0
3709369258,1496,1707,0,0
3709371258,1492,1703,0,0
3709373258,1495,1712,0,0
3709375258,1495,1710,0,0
3709377258,1492,1704,0,0
3709379258,1495,1704,0,0
3709381258,1497,1706,0,0
3709383258,1495,1709,0,0
3709385258,1492,1710,0,0
3709387258,1491,1708,0,0
3709389258,1492,1705,0,0
3709391258,1492,1705,0,0
3709393258,1495,1708,0,0
3709395258,1494,1709,0,0
3709397258,1492,1704,0,0
3709399258,1498,1709,0,0
3709401258,1492,1701,0,0
3709403258,1496,1710,0,0
3709405258,1496,1700,0,0
3709407258,1491,1703,0,0
3709409258,1496,1702,0,0
3709411258,1496,1708,0,0
3709413258,1495,1707,0,0
3709415258,1492,1709,0,0
3709417258,1499,1701,0,0
3709419258,1496,1707,0,0
3709421258,1494,1704,0,0
3709423258,1496,1700,0,0
3709425258,1500,1702,0,0
3709427258,1496,1697,0,0
3709429258,1498,1712,0,0
3709431258,1492,1702,0,0
3709433258,1490,1696,0,0
3709435258,1494,1713,0,0
3709437258,1497,1705,0,0
3709439258,1492,1706,0,0
3709441258,1497,1705,0,0
3709443258,1499,1709,0,0
3709445258,1498,1709,0,0
3709447258,1491,1697,0,0
3709449258,1497,1708,0,0
3709451258,1496,1710,0,0
3709453258,1496,1705,0,0
3709455258,1495,1704,0,0
3709457258,1500,1702,0,0
3709459258,1496,1706,0,0
3709461258,1495,1709,0,0
3709463258,1488,1702,0,0
3709465258,1496,1702,0,0
3709467258,1497,1699,0,0
3709469258,1496,1705,0,0
3709471258,1494,1703,0,0
3709473258,1495,1705,0,0
3709475258,1492,1702,0,0
3709477258,1497,1708,0,0
3709479258,1492,1706,0,0
3709481258,1498,1703,0,0
3709483258,1496,1700,0,0
3709485258,1493,1706,0,0
3709487258,1488,1713,0,0
3709489258,1495,1708,0,0
3709491258,1491,1704,0,0
3709493258,1495,1704,0,0
3709495258,1491,1705,0,0
3709497258,1494,1701,0,0
3709499258,1503,1701,0,0
3709501258,1484,1707,0,0
3709503258,1504,1704,0,0
3709505258,1496,1712,0,0
3709507258,1494,1713,0,0
3709509258,1495,1707,0,0
3709511258,1497,1705,0,0
3709513258,1495,1709,0,0
3709515258,1488,1705,0,0
3709517258,1496,1703,0,0
3709519258,1494,1704,0,0
3709521258,1492,1709,0,0
3709523258,1493,1706,0,0
3709525258,1497,1710,0,0
3709527258,1489,1697,0,0
3709529258,1496,1704,0,0
3709531258,1492,1716,0,0
3709533258,1494,1696,0,0
3709535258,1494,1709,0,0
3709537258,1492,1704,0,0
3709539258,1496,1704,0,0
3709541258,1488,1709,0,0
3709543258,1498,1709,0,0
3709545258,1492,1712,0,0
3709547258,1489,1712,0,0
3709549258,1497,1700,0,0
3709551258,1495,1707,0,0
3709553258,1495,1710,0,0
3709555258,1490,1704,0,0
3709557258,1495,1717,0,0
3709559258,1496,1707,0,0
3709561258,1496,1705,0,0
3709563258,1492,1708,0,0
3709565258,1498,1703,0,0
3709567258,1489,1697,0,0
3709569258,1495,1707,0,0
3709571258,1494,1701,0,0
3709573258,1499,1706,0,0
3709575258,1493,1704,0,0
3709577258,1495,1707,0,0
3709579258,1491,1712,0,0
3709581258,1498,1709,0,0
3709583258,1488,1704,0,0
3709585258,1497,1705,0,0
3709587258,1500,1709,0,0
3709589258,1492,1700,0,0
3709591258,1493,1703,0,0
3709593258,1496,1706,0,0
3709595258,1499,1702,0,0
3709597258,1496,1702,0,0
3709599258,1495,1697,0,0
3709601258,1494,1706,0,0
3709603258,1500,1705,0,0
3709605258,1497,1703,0,0
3709607258,1496,1706,0,0
3709609258,1495,1705,0,0
3709611258,1498,1705,0,0
3709613258,1497,1704,0,0
3709615258,1492,1715,0,0
3709617258,1500,1713,0,0
3709619258,1491,1694,0,0
3709621258,1495,1715,0,0
3709623258,1488,1705,0,0
3709625258,1498,1705,0,0
3709627258,1490,1698,0,0
3709629258,1492,1706,0,0
3709631258,1489,1710,0,0
3709633258,1495,1701,0,0
3709635258,1501,1710,0,0
3709637258,1496,1707,0,0
3709639258,1492,1699,0,0
3709641258,1492,1705,0,0
3709643258,1497,1702,0,0
3709645258,1496,1705,0,0
3709647258,1492,1705,0,0
3709649258,1499,1706,0,0
3709651258,1504,1709,0,0
3709653258,1498,1707,0,0
3709655258,1497,1700,0,0
3709657258,1492,1705,0,0
3709659258,1491,1704,0,0
3709661258,1493,1699,0,0
3709663258,1491,1710,0,0
3709665258,1496,1702,0,0
3709667258,1499,1705,0,0
3709669258,1495,1707,0,0
3709671258,1496,1702,0,0
3709673258,1491,1706,0,0
3709675258,1492,1697,0,0
3709677258,1497,1709,0,0
3709679258,1498,1698,0,0
3709681258,1495,1700,0,0
3709683258,1492,1700,0,0
3709685258,1497,1707,0,0
3709687258,1497,1706,0,0
3709689258,1497,1704,0,0
3709691258,1500,1709,0,0
3709693258,1497,1702,0,0
3709695258,1499,1706,0,0
3709697258,1491,1709,0,0
3709699258,1500,1710,0,0
3709701258,1499,1705,0,0
3709703258,1500,1706,0,0
3709705258,1496,1704,0,0
3709707258,1492,1710,0,0
3709709258,1503,1704,0,0
3709711258,1500,1704,0,0
3709713258,1496,1709,0,0
3709715258,1499,1705,0,0
3709717258,1502,1699,0,0
3709719258,1496,1705,0,0
3709721258,1495,1709,0,0
3709723258,1493,1701,0,0
3709725258,1497,1709,0,0
3709727258,1496,1705,0,0
3709729258,1492,1705,0,0
3709731258,1496,1696,0,0
3709733258,1500,1706,0,0
3709735258,1497,1704,0,0
3709737258,1497,1705,0,0
3709739258,1499,1707,0,0
3709741258,1496,1705,0,0
3709743258,1495,1713,0,0
3709745258,1501,1705,0,0
3709747258,1501,1701,0,0
3709749258,1499,1705,0,0
3709751258,1499,1706,0,0
3709753258,1497,1718,0,0
3709755258,1497,1709,0,0
3709757258,1492,1704,0,0
3709759258,1495,1705,0,0
3709761258,1499,1703,0,0
3709763258,1494,1706,0,0
3709765258,1501,1706,0,0
3709767258,1502,1704,0,0
3709769258,1500,1702,0,0
3709771258,1495,1707,0,0
3709773258,1495,1705,0,0
3709775258,1497,1708,0,0
3709777258,1495,1699,0,0
3709779258,1496,1702,0,0
3709781258,1499,1701,0,0
3709783258,1498,1713,0,0
3709785258,1495,1702,0,0
3709787258,1500,1707,0,0
3709789258,1497,1703,0,0
3709791258,1497,1700,0,0
3709793258,1498,1716,0,0
3709795258,1500,1704,0,0
3709797258,1497,1705,0,0
3709799258,1500,1705,0,0
3709801258,1499,1713,0,0
3709803258,1497,1706,0,0
3709805258,1494,1693,0,0
3709807258,1498,1705,0,0
3709809258,1495,1693,0,0
3709811258,1498,1694,0,0
3709813258,1496,1704,0,0
3709815258,1495,1709,0,0
3709817258,1500,1704,0,0
3709819258,1498,1700,0,0
3709821258,1499,1705,0,0
3709823258,1489,1704,0,0
3709825258,1500,1705,0,0
3709827258,1501,1706,0,0
3709829258,1497,1706,0,0
3709831258,1492,1700,0,0
3709833258,1496,1709,0,0
3709835258,1501,1709,0,0
3709837258,1502,1701,0,0
3709839258,1500,1704,0,0
3709841258,1491,1705,0,0
3709843258,1497,1707,0,0
3709845258,1499,1710,0,0
3709847258,1495,1705,0,0
3709849258,1498,1713,0,0
3709851258,1496,1705,0,0
3709853258,1500,1704,0,0
3709855258,1501,1713,0,0
3709857258,1503,1706,0,0
3709859258,1504,1705,0,0
3709861258,1505,1705,0,0
3709863258,1499,1703,0,0
3709865258,1498,1701,0,0
3709867258,1499,1705,0,0
3709869258,1496,1705,0,0
3709871258,1496,1701,0,0
3709873258,1497,1704,0,0
3709875258,1496,1697,0,0
3709877258,1496,1705,0,0
3709879258,1500,1704,0,0
3709881258,1504,1701,0,0
3709883258,1500,1706,0,0
3709885258,1494,1705,0,0
3709887258,1491,1704,0,0
3709889258,1499,1697,0,0
3709891258,1496,1709,0,0
3709893258,1492,1697,0,0
3709895258,1497,1703,0,0
3709897258,1495,1703,0,0
3709899258,1498,1702,0,0
3709901258,1494,1706,0,0
3709903258,1500,1709,0,0
3709905258,1495,1706,0,0
3709907258,1494,1705,0,0
3709909258,1500,1694,0,0
3709911258,1498,1708,0,0
3709913258,1500,1708,0,0
3709915258,1497,1717,0,0
3709917258,1496,1707,0,0
3709919258,1495,1702,0,0
3709921258,1499,1714,0,0
3709923258,1498,1705,0,0
3709925258,1497,1709,0,0
3709927258,1499,1704,0,0
3709929258,1494,1714,0,0
3709931258,1501,1707,0,0
3709933258,1497,1704,0,0
3709935258,1496,1704,0,0
3709937258,1502,1706,0,0
3709939258,1499,1694,0,0
3709941258,1497,1703,0,0
3709943258,1498,1702,0,0
3709945258,1500,1705,0,0
3709947258,1498,1705,0,0
3709949258,1499,1693,0,0
3709951258,1499,1707,0,0
3709953258,1489,1706,0,0
3709955258,1504,1710,0,0
3709957258,1503,1704,0,0
3709959258,1497,1710,0,0
3709961258,1496,1706,0,0
3709963258,1500,1712,0,0
3709965258,1496,1705,0,0
3709967258,1498,1709,0,0
3709969258,1497,1705,0,0
3709971258,1499,1705,0,0
3709973258,1499,1706,0,0
3709975258,1494,1703,0,0
3709977258,1494,1700,0,0
3709979258,1502,1698,0,0
3709981258,1496,1705,0,0
3709983258,1497,1704,0,0
3709985258,1502,1709,0,0
3709987258,1499,1705,0,0
3709989258,1500,1717,0,0
3709991258,1498,1705,0,0
3709993258,1508,1701,0,0
3709995258,1498,1709,0,0
3709997258,1504,1705,0,0
3709999258,1504,1707,0,0
3710001258,1499,1705,0,0
3710003258,1505,1700,0,0
3710005258,1497,1706,0,0
3710007258,1495,1707,0,0
3710009258,1499,1703,0,0
3710011258,1502,1706,0,0
3710013258,1504,1707,0,0
3710015258,1497,1693,0,0
3710017258,1500,1707,0,0
3710019258,1500,1714,0,0
3710021258,1499,1704,0,0
3710023258,1498,1709,0,0
3710025258,1495,1713,0,0
3710027258,1502,1697,0,0
3710029258,1500,1711,0,0
3710031258,1499,1709,0,0
3710033258,1500,1705,0,0
3710035258,1502,1712,0,0
3710037258,1507,1708,0,0
3710039258,1500,1702,0,0
3710041258,1501,1705,0,0
3710043258,1501,1705,0,0
3710045258,1497,1699,0,0
3710047258,1494,1702,0,0
3710049258,1498,1705,0,0
3710051258,1492,1697,0,0
3710053258,1508,1710,0,0
3710055258,1500,1703,0,0
3710057258,1500,1709,0,0
3710059258,1502,1709,0,0
3710061258,1501,1710,0,0
3710063258,1505,1705,0,0
3710065258,1504,1704,0,0
3710067258,1501,1704,0,0
3710069258,1496,1702,0,0
3710071258,1501,1701,0,0
3710073258,1492,1709,0,0
3710075258,1500,1705,0,0
3710077258,1496,1706,0,0
3710079258,1499,1704,0,0
3710081258,1497,1706,0,0
3710083258,1496,1706,0,0
3710085258,1497,1704,0,0
3710087258,1501,1712,0,0
3710089258,1500,1701,0,0
3710091258,1496,1707,0,0
3710093258,1498,1703,0,0
3710095258,1495,1705,0,0
3710097258,1496,1706,0,0
3710099258,1499,1706,0,0
3710101258,1500,1702,0,0
3710103258,1501,1705,0,0
3710105258,1504,1712,0,0
3710107258,1500,1704,0,0
3710109258,1502,1713,0,0
3710111258,1501,1701,0,0
3710113258,1505,1702,0,0
3710115258,1502,1693,0,0
3710117258,1500,1697,0,0
3710119258,1499,1699,0,0
3710121258,1497,1697,0,0
3710123258,1499,1701,0,0
3710125258,1501,1709,0,0
3710127258,1497,1704,0,0
3710129258,1495,1708,0,0
3710131258,1499,1709,0,0
3710133258,1500,1701,0,0
3710135258,1498,1703,0,0
3710137258,1500,1707,0,0
3710139258,1492,1705,0,0
3710141258,1500,1709,0,0
3710143258,1496,1707,0,0
3710145258,1496,1707,0,0
3710147258,1502,1704,0,0
3710149258,1500,1705,0,0
3710151258,1502,1708,0,0
3710153258,1503,1703,0,0
3710155258,1496,1707,0,0
3710157258,1505,1704,0,0
3710159258,1501,1709,0,0
3710161258,1500,1703,0,0
3710163258,1495,1712,0,0
3710165258,1498,1705,0,0
3710167258,1497,1701,0,0
3710169258,1499,1706,0,0
3710171258,1488,1702,0,0
3710173258,1498,1713,0,0
3710175258,1499,1706,0,0
3710177258,1502,1704,0,0
3710179258,1498,1707,0,0
3710181258,1500,1708,0,0
3710183258,1496,1709,0,0
3710185258,1493,1701,0,0
3710187258,1496,1703,0,0
3710189258,1497,1709,0,0
3710191258,1500,1705,0,0
3710193258,1494,1707,0,0
3710195258,1498,1702,0,0
3710197258,1495,1705,0,0
3710199258,1499,1696,0,0
3710201258,1496,1702,0,0
3710203258,1497,1697,0,0
3710205258,1498,1698,0,0
3710207258,1496,1709,0,0
3710209258,1499,1706,0,0
3710211258,1492,1707,0,0
3710213258,1499,1705,0,0
3710215258,1497,1709,0,0
3710217258,1496,1709,0,0
3710219258,1500,1712,0,0
3710221258,1497,1709,0,0
3710223258,1496,1693,0,0
3710225258,1492,1704,0,0
3710227258,1496,1705,0,0
3710229258,1499,1704,0,0
3710231258,1492,1702,0,0
3710233258,1489,1705,0,0
3710235258,1498,1705,0,0
3710237258,1495,1707,0,0
3710239258,1497,1709,0,0
3710241258,1496,1706,0,0
3710243258,1496,1705,0,0
3710245258,1495,1709,0,0
3710247258,1499,1703,0,0
3710249258,1500,1701,0,0
3710251258,1497,1712,0,0
3710253258,1500,1706,0,0
3710255258,1496,1703,0,0
3710257258,1500,1705,0,0
3710259258,1492,1704,0,0
3710261258,1504,1710,0,0
3710263258,1496,1705,0,0
3710265258,1497,1693,0,0
3710267258,1499,1697,0,0
3710269258,1497,1709,0,0
3710271258,1502,1703,0,0
3710273258,1504,1706,0,0
3710275258,1498,1704,0,0
3710277258,1496,1699,0,0
3710279258,1500,1697,0,0
3710281258,1500,1705,0,0
3710283258,1499,1710,0,0
3710285258,1498,1704,0,0
3710287258,1499,1704,0,0
3710289258,1496,1700,0,0
3710291258,1496,1712,0,0
3710293258,1496,1705,0,0
3710295258,1499,1697,0,0
3710297258,1500,1715,0,0
3710299258,1498,1707,0,0
3710301258,1494,1705,0,0
3710303258,1498,1712,0,0
3710305258,1499,1704,0,0
3710307258,1498,1707,0,0
3710309258,1500,1709,0,0
3710311258,1499,1692,0,0
3710313258,1496,1697,0,0
3710315258,1498,1708,0,0
3710317258,1496,1702,0,0
3710319258,1496,1703,0,0
3710321258,1497,1701,0,0
3710323258,1497,1713,0,0
3710325258,1494,1701,0,0
3710327258,1498,1701,0,0
3710329258,1497,1707,0,0
3710331258,1500,1701,0,0
3710333258,1496,1713,0,0
3710335258,1494,1704,0,0
3710337258,1499,1702,0,0
3710339258,1500,1707,0,0
3710341258,1498,1700,0,0
3710343258,1494,1700,0,0
3710345258,1502,1702,0,0
3710347258,1495,1708,0,0
3710349258,1497,1707,0,0
3710351258,1498,1706,0,0
3710353258,1498,1705,0,0
3710355258,1500,1706,0,0
3710357258,1499,1703,0,0
3710359258,1503,1708,0,0
3710361258,1495,1700,0,0
3710363258,1497,1701,0,0
3710365258,1500,1702,0,0
3710367258,1499,1700,0,0
3710369258,1498,1710,0,0
3710371258,1494,1700,0,0
3710373258,1492,1704,0,0
3710375258,1500,1705,0,0
3710377258,1501,1701,0,0
3710379258,1494,1707,0,0
3710381258,1494,1709,0,0
3710383258,1500,1707,0,0
3710385258,1497,1709,0,0
3710387258,1498,1709,0,0
3710389258,1498,1705,0,0
3710391258,1501,1713,0,0
3710393258,1499,1697,0,0
3710395258,1496,1705,0,0
3710397258,1495,1703,0,0
3710399258,1500,1704,0,0
3710401258,1496,1702,0,0
3710403258,1500,1697,0,0
3710405258,1502,1705,0,0
3710407258,1503,1707,0,0
3710409258,1496,1710,0,0
3710411258,1497,1702,0,0
3710413258,1500,1709,0,0
3710415258,1495,1705,0,0
3710417258,1498,1699,0,0
3710419258,1496,1697,0,0
3710421258,1490,1705,0,0
3710423258,1499,1711,0,0
3710425258,1492,1705,0,0
3710427258,1500,1705,0,0
3710429258,1499,1716,0,0
3710431258,1497,1699,0,0
3710433258,1495,1707,0,0
3710435258,1496,1707,0,0
3710437258,1500,1702,0,0
3710439258,1500,1708,0,0
3710441258,1504,1701,0,0
3710443258,1500,1703,0,0
3710445258,1502,1701,0,0
3710447258,1501,1706,0,0
3710449258,1502,1705,0,0
3710451258,1504,1704,0,0
3710453258,1508,1706,0,0
3710455258,1502,1707,0,0
3710457258,1498,1709,0,0
3710459258,1504,1710,0,0
3710461258,1497,1704,0,0
3710463258,1494,1709,0,0
3710465258,1494,1712,0,0
3710467258,1492,1703,0,0
3710469258,1498,1703,0,0
3710471258,1499,1706,0,0
3710473258,1492,1710,0,0
3710475258,1494,1711,0,0
3710477258,1496,1709,0,0
3710479258,1496,1705,0,0
3710481258,1497,1697,0,0
3710483258,1496,1712,0,0
3710485258,1492,1702,0,0
3710487258,1495,1703,0,0
3710489258,1498,1702,0,0
3710491258,1495,1707,0,0
3710493258,1492,1704,0,0
3710495258,1492,1705,0,0
3710497258,1500,1712,0,0
3710499258,1494,1705,0,0
3710501258,1497,1705,0,0
3710503258,1500,1702,0,0
3710505258,1496,1709,0,0
3710507258,1505,1709,0,0
3710509258,1500,1707,0,0
3710511258,1496,1712,0,0
3710513258,1501,1706,0,0
3710515258,1497,1700,0,0
3710517258,1499,1706,0,0
3710519258,1496,1705,0,0
3710521258,1496,1704,0,0
3710523258,1495,1707,0,0
3710525258,1495,1701,0,0
3710527258,1499,1699,0,0
3710529258,1494,1713,0,0
3710531258,1499,1705,0,0
3710533258,1497,1701,0,0
3710535258,1500,1709,0,0
3710537258,1496,1709,0,0
3710539258,1502,1707,0,0
3710541258,1502,1709,0,0
3710543258,1505,1710,0,0
3710545258,1501,1705,0,0
3710547258,1496,1710,0,0
3710549258,1500,1705,0,0
3710551258,1501,1693,0,0
3710553258,1504,1705,0,0
3710555258,1502,1705,0,0
3710557258,1500,1704,0,0
3710559258,1497,1706,0,0
3710561258,1500,1705,0,0
3710563258,1497,1709,0,0
3710565258,1496,1710,0,0
3710567258,1492,1701,0,0
3710569258,1497,1715,0,0
3710571258,1498,1696,0,0
3710573258,1506,1708,0,0
3710575258,1496,1707,0,0
3710577258,1496,1706,0,0
3710579258,1497,1706,0,0
3710581258,1496,1697,0,0
3710583258,1492,1703,0,0
3710585258,1496,1705,0,0
3710587258,1499,1707,0,0
3710589258,1496,1706,0,0
3710591258,1499,1703,0,0
3710593258,1496,1703,0,0
3710595258,1491,1704,0,0
3710597258,1500,1705,0,0
3710599258,1499,1705,0,0
3710601258,1502,1707,0,0
3710603258,1499,1709,0,0
3710605258,1497,1701,0,0
3710607258,1504,1702,0,0
3710609258,1500,1705,0,0
3710611258,1502,1705,0,0
3710613258,1498,1702,0,0
3710615258,1502,1704,0,0
3710617258,1496,1707,0,0
3710619258,1496,1692,0,0
3710621258,1497,1701,0,0
3710623258,1496,1707,0,0
3710625258,1500,1706,0,0
3710627258,1496,1701,0,0
3710629258,1498,1704,0,0
3710631258,1501,1709,0,0
3710633258,1500,1701,0,0
3710635258,1495,1704,0,0
3710637258,1497,1704,0,0
3710639258,1500,1707,0,0
3710641258,1496,1701,0,0
3710643258,1491,1705,0,0
3710645258,1496,1705,0,0
3710647258,1496,1700,0,0
3710649258,1494,1701,0,0
3710651258,1495,1701,0,0
3710653258,1492,1701,0,0
3710655258,1497,1699,0,0
3710657258,1494,1694,0,0
3710659258,1495,1712,0,0
3710661258,1498,1709,0,0
3710663258,1500,1700,0,0
3710665258,1497,1705,0,0
3710667258,1496,1705,0,0
3710669258,1496,1709,0,0
3710671258,1498,1694,0,0
3710673258,1495,1705,0,0
3710675258,1495,1702,0,0
3710677258,1498,1699,0,0
3710679258,1502,1700,0,0
3710681258,1504,1708,0,0
3710683258,1498,1713,0,0
3710685258,1504,1705,0,0
3710687258,1501,1701,0,0
3710689258,1499,1706,0,0
3710691258,1501,1709,0,0
3710693258,1503,1704,0,0
3710695258,1489,1702,0,0
3710697258,1500,1713,0,0
3710699258,1502,1703,0,0
3710701258,1497,1714,0,0
3710703258,1497,1705,0,0
3710705258,1497,1709,0,0
3710707258,1495,1706,0,0
3710709258,1492,1707,0,0
3710711258,1497,1705,0,0
3710713258,1500,1701,0,0
3710715258,1497,1702,0,0
3710717258,1497,1702,0,0
3710719258,1496,1702,0,0
3710721258,1497,1703,0,0
3710723258,1492,1708,0,0
3710725258,1495,1705,0,0
3710727258,1497,1707,0,0
3710729258,1495,1700,0,0
3710731258,1497,1705,0,0
3710733258,1496,1706,0,0
3710735258,1496,1709,0,0
3710737258,1500,1707,0,0
3710739258,1495,1701,0,0
3710741258,1491,1706,0,0
3710743258,1494,1709,0,0
3710745258,1496,1705,0,0
3710747258,1500,1701,0,0
3710749258,1496,1713,0,0
3710751258,1500,1703,0,0
3710753258,1500,1713,0,0
3710755258,1496,1701,0,0
3710757258,1499,1706,0,0
3710759258,1500,1704,0,0
3710761258,1501,1701,0,0
3710763258,1493,1713,0,0
3710765258,1494,1709,0,0
3710767258,1496,1705,0,0
3710769258,1503,1705,0,0
3710771258,1498,1706,0,0
3710773258,1495,1705,0,0
3710775258,1497,1705,0,0
3710777258,1497,1701,0,0
3710779258,1496,1700,0,0
3710781258,1494,1708,0,0
3710783258,1494,1697,0,0
3710785258,1497,1700,0,0
3710787258,1497,1703,0,0
3710789258,1497,1699,0,0
3710791258,1490,1705,0,0
3710793258,1495,1713,0,0
3710795258,1492,1703,0,0
3710797258,1494,1702,0,0
3710799258,1494,1707,0,0
3710801258,1491,1713,0,0
3710803258,1499,1703,0,0
3710805258,1496,1710,0,0
3710807258,1496,1704,0,0
3710809258,1495,1709,0,0
3710811258,1495,1709,0,0
3710813258,1496,1703,0,0
3710815258,1501,1699,0,0
3710817258,1495,1702,0,0
3710819258,1495,1703,0,0
3710821258,1494,1707,0,0
3710823258,1492,1705,0,0
3710825258,1499,1702,0,0
3710827258,1497,1697,0,0
3710829258,1492,1709,0,0
3710831258,1499,1703,0,0
3710833258,1490,1703,0,0
3710835258,1496,1705,0,0
3710837258,1499,1704,0,0
3710839258,1499,1699,0,0
3710841258,1496,1709,0,0
3710843258,1495,1697,0,0
3710845258,1497,1705,0,0
3710847258,1494,1705,0,0
3710849258,1495,1701,0,0
3710851258,1492,1713,0,0
3710853258,1496,1707,0,0
3710855258,1499,1697,0,0
3710857258,1496,1702,0,0
3710859258,1501,1705,0,0
3710861258,1495,1700,0,0
3710863258,1492,1710,0,0
3710865258,1501,1702,0,0
3710867258,1498,1701,0,0
3710869258,1499,1704,0,0
3710871258,1497,1706,0,0
3710873258,1496,1713,0,0
3710875258,1491,1709,0,0
3710877258,1492,1701,0,0
3710879258,1494,1704,0,0
3710881258,1496,1706,0,0
3710883258,1499,1709,0,0
3710885258,1500,1702,0,0
3710887258,1496,1697,0,0
3710889258,1492,1702,0,0
3710891258,1497,1705,0,0
3710893258,1492,1705,0,0
3710895258,1499,1700,0,0
3710897258,1494,1707,0,0
3710899258,1495,1702,0,0
3710901258,1497,1705,0,0
3710903258,1491,1708,0,0
3710905258,1496,1705,0,0
3710907258,1492,1699,0,0
3710909258,1500,1700,0,0
3710911258,1497,1709,0,0
3710913258,1498,1705,0,0
3710915258,1496,1701,0,0
3710917258,1500,1705,0,0
3710919258,1496,1705,0,0
3710921258,1495,1702,0,0
3710923258,1492,1702,0,0
3710925258,1497,1702,0,0
3710927258,1492,1697,0,0
3710929258,1499,1705,0,0
3710931258,1493,1699,0,0
3710933258,1492,1702,0,0
3710935258,1496,1703,0,0
3710937258,1492,1697,0,0
3710939258,1496,1705,0,0
3710941258,1496,1705,0,0
3710943258,1491,1708,0,0
3710945258,1492,1704,0,0
3710947258,1499,1704,0,0
3710949258,1497,1701,0,0
3710951258,1494,1702,0,0
3710953258,1494,1701,0,0
3710955258,1492,1702,0,0
3710957258,1491,1705,0,0
3710959258,1494,1697,0,0
3710961258,1496,1701,0,0
3710963258,1500,1703,0,0
3710965258,1495,1701,0,0
3710967258,1496,1705,0,0
3710969258,1492,1706,0,0
3710971258,1489,1706,0,0
3710973258,1496,1701,0,0
3710975258,1492,1712,0,0
3710977258,1497,1707,0,0
3710979258,1497,1703,0,0
3710981258,1494,1704,0,0
3710983258,1495,1707,0,0
3710985258,1496,1699,0,0
3710987258,1499,1705,0,0
3710989258,1499,1705,0,0
3710991258,1496,1707,0,0
3710993258,1500,1707,0,0
3710995258,1492,1703,0,0
3710997258,1497,1707,0,0
3710999258,1492,1701,0,0
3711001258,1497,1705,0,0
3711003258,1492,1704,0,0
3711005258,1494,1705,0,0
3711007258,1498,1704,0,0
3711009258,1492,1702,0,0
3711011258,1496,1704,0,0
3711013258,1492,1701,0,0
3711015258,1500,1713,0,0
3711017258,1494,1704,0,0
3711019258,1499,1700,0,0
3711021258,1491,1705,0,0
3711023258,1492,1707,0,0
3711025258,1497,1699,0,0
3711027258,1492,1703,0,0
3711029258,1492,1703,0,0
3711031258,1492,1709,0,0
3711033258,1499,1699,0,0
3711035258,1498,1705,0,0
3711037258,1496,1707,0,0
3711039258,1496,1701,0,0
3711041258,1492,1700,0,0
3711043258,1496,1701,0,0
3711045258,1496,1700,0,0
3711047258,1492,1707,0,0
3711049258,1491,1697,0,0
3711051258,1492,1704,0,0
3711053258,1491,1701,0,0
3711055258,1492,1709,0,0
3711057258,1495,1707,0,0
3711059258,1492,1699,0,0
3711061258,1495,1708,0,0
3711063258,1498,1697,0,0
3711065258,1492,1704,0,0
3711067258,1495,1703,0,0
3711069258,1500,1706,0,0
3711071258,1496,1710,0,0
3711073258,1499,1708,0,0
3711075258,1490,1715,0,0
3711077258,1498,1697,0,0
3711079258,1491,1705,0,0
3711081258,1497,1705,0,0
3711083258,1496,1705,0,0
3711085258,1496,1704,0,0
3711087258,1497,1707,0,0
3711089258,1495,1697,0,0
3711091258,1496,1704,0,0
3711093258,1500,1709,0,0
3711095258,1496,1705,0,0
3711097258,1495,1704,0,0
3711099258,1500,1710,0,0
3711101258,1492,1703,0,0
3711103258,1495,1709,0,0
3711105258,1495,1707,0,0
3711107258,1494,1707,0,0
3711109258,1491,1705,0,0
3711111258,1492,1701,0,0
3711113258,1496,1709,0,0
3711115258,1492,1706,0,0
3711117258,1496,1699,0,0
3711119258,1496,1703,0,0
3711121258,1492,1709,0,0
3711123258,1499,1702,0,0
3711125258,1497,1704,0,0
3711127258,1498,1709,0,0
3711129258,1495,1702,0,0
3711131258,1495,1707,0,0
3711133258,1495,1705,0,0
3711135258,1496,1705,0,0
3711137258,1497,1707,0,0
3711139258,1492,1707,0,0
3711141258,1499,1706,0,0
3711143258,1496,1705,0,0
3711145258,1492,1702,0,0
3711147258,1498,1705,0,0
3711149258,1498,1705,0,0
3711151258,1499,1702,0,0
3711153258,1501,1697,0,0
3711155258,1501,1710,0,0
3711157258,1502,1697,0,0
3711159258,1496,1717,0,0
3711161258,1499,1702,0,0
3711163258,1497,1696,0,0
3711165258,1499,1707,0,0
3711167258,1504,1709,0,0
3711169258,1500,1705,0,0
3711171258,1500,1704,0,0
3711173258,1500,1702,0,0
3711175258,1501,1713,0,0
3711177258,1505,1709,0,0
3711179258,1501,1704,0,0
3711181258,1500,1706,0,0
3711183258,1500,1705,0,0
3711185258,1500,1706,0,0
3711187258,1505,1701,0,0
3711189258,1502,1709,0,0
3711191258,1497,1704,0,0
3711193258,1502,1709,0,0
3711195258,1501,1701,0,0
3711197258,1498,1702,0,0
3711199258,1502,1704,0,0
3711201258,1500,1706,0,0
3711203258,1503,1705,0,0
3711205258,1500,1707,0,0
3711207258,1498,1709,0,0
3711209258,1501,1697,0,0
3711211258,1502,1705,0,0
3711213258,1502,1706,0,0
3711215258,1504,1702,0,0
3711217258,1500,1706,0,0
3711219258,1505,1701,0,0
3711221258,1503,1709,0,0
3711223258,1504,1703,0,0
3711225258,1495,1705,0,0
3711227258,1508,1699,0,0
3711229258,1501,1710,0,0
3711231258,1500,1700,0,0
3711233258,1504,1711,0,0
3711235258,1504,1709,0,0
3711237258,1500,1697,0,0
3711239258,1503,1703,0,0
3711241258,1499,1704,0,0
3711243258,1497,1697,0,0
3711245258,1503,1709,0,0
3711247258,1502,1704,0,0
3711249258,1496,1700,0,0
3711251258,1503,1706,0,0
3711253258,1501,1697,0,0
3711255258,1497,1712,0,0
3711257258,1498,1706,0,0
3711259258,1496,1709,0,0
3711261258,1500,1701,0,0
3711263258,1499,1707,0,0
3711265258,1496,1701,0,0
3711267258,1499,1705,0,0
3711269258,1504,1709,0,0
3711271258,1501,1708,0,0
3711273258,1499,1703,0,0
3711275258,1500,1703,0,0
3711277258,1495,1706,0,0
3711279258,1501,1705,0,0
3711281258,1503,1707,0,0
3711283258,1502,1705,0,0
3711285258,1500,1707,0,0
3711287258,1505,1710,0,0
3711289258,1508,1697,0,0
3711291258,1498,1697,0,0
3711293258,1508,1700,0,0
3711295258,1504,1705,0,0
3711297258,1508,1713,0,0
3711299258,1499,1700,0,0
3711301258,1500,1701,0,0
3711303258,1501,1701,0,0
3711305258,1498,1697,0,0
3711307258,1501,1705,0,0
3711309258,1505,1705,0,0
3711311258,1503,1701,0,0
3711313258,1504,1703,0,0
3711315258,1504,1694,0,0
3711317258,1500,1701,0,0
3711319258,1502,1697,0,0
3711321258,1504,1693,0,0
3711323258,1499,1705,0,0
3711325258,1505,1701,0,0
3711327258,1502,1700,0,0
3711329258,1502,1703,0,0
3711331258,1504,1697,0,0
3711333258,1507,1704,0,0
3711335258,1508,1704,0,0
3711337258,1504,1710,0,0
3711339258,1507,1705,0,0
3711341258,1504,1701,0,0
3711343258,1501,1696,0,0
3711345258,1507,1703,0,0
3711347258,1507,1705,0,0
3711349258,1508,1715,0,0
3711351258,1505,1705,0,0
3711353258,1508,1709,0,0
3711355258,1505,1700,0,0
3711357258,1504,1706,0,0
3711359258,1502,1707,0,0
3711361258,1505,1700,0,0
3711363258,1510,1702,0,0
3711365258,1504,1708,0,0
3711367258,1507,1703,0,0
3711369258,1505,1713,0,0
3711371258,1508,1699,0,0
3711373258,1499,1700,0,0
3711375258,1508,1697,0,0
3711377258,1508,1696,0,0
3711379258,1505,1713,0,0
3711381258,1504,1701,0,0
3711383258,1504,1709,0,0
3711385258,1501,1712,0,0
3711387258,1499,1710,0,0
3711389258,1498,1705,0,0
3711391258,1500,1713,0,0
3711393258,1500,1697,0,0
3711395258,1497,1710,0,0
3711397258,1501,1707,0,0
3711399258,1501,1713,0,0
3711401258,1496,1705,0,0
3711403258,1497,1707,0,0
3711405258,1498,1707,0,0
3711407258,1498,1701,0,0
3711409258,1499,1702,0,0
3711411258,1498,1705,0,0
3711413258,1496,1704,0,0
3711415258,1497,1702,0,0
3711417258,1498,1710,0,0
3711419258,1501,1699,0,0
3711421258,1502,1704,0,0
3711423258,1504,1700,0,0
3711425258,1500,1703,0,0
3711427258,1499,1705,0,0
3711429258,1496,1705,0,0
3711431258,1498,1697,0,0
3711433258,1500,1697,0,0
3711435258,1503,1704,0,0
3711437258,1499,1707,0,0
3711439258,1499,1705,0,0
3711441258,1502,1706,0,0
3711443258,1501,1697,0,0
3711445258,1501,1709,0,0
3711447258,1499,1703,0,0
3711449258,1505,1704,0,0
3711451258,1501,1714,0,0
3711453258,1504,1705,0,0
3711455258,1500,1702,0,0
3711457258,1501,1704,0,0
3711459258,1496,1707,0,0
3711461258,1502,1706,0,0
3711463258,1504,1705,0,0
3711465258,1500,1708,0,0
3711467258,1500,1696,0,0
3711469258,1503,1694,0,0
3711471258,1501,1705,0,0
3711473258,1501,1701,0,0
3711475258,1501,1700,0,0
3711477258,1499,1713,0,0
3711479258,1505,1706,0,0
3711481258,1502,1705,0,0
3711483258,1503,1709,0,0
3711485258,1500,1707,0,0
3711487258,1501,1710,0,0
3711489258,1503,1706,0,0
3711491258,1500,1706,0,0
3711493258,1498,1713,0,0
3711495258,1503,1712,0,0
3711497258,1499,1704,0,0
3711499258,1502,1701,0,0
3711501258,1497,1710,0,0
3711503258,1498,1705,0,0
3711505258,1501,1709,0,0
3711507258,1500,1706,0,0
3711509258,1495,1697,0,0
3711511258,1500,1705,0,0
3711513258,1502,1697,0,0
3711515258,1500,1707,0,0
3711517258,1498,1693,0,0
3711519258,1500,1707,0,0
3711521258,1500,1707,0,0
3711523258,1500,1701,0,0
3711525258,1501,1705,0,0
3711527258,1500,1705,0,0
3711529258,1500,1700,0,0
3711531258,1500,1701,0,0
3711533258,1498,1707,0,0
3711535258,1499,1703,0,0
3711537258,1500,1709,0,0
3711539258,1500,1709,0,0
3711541258,1498,1705,0,0
3711543258,1496,1704,0,0
3711545258,1496,1705,0,0
3711547258,1499,1709,0,0
3711549258,1497,1712,0,0
3711551258,1499,1705,0,0
3711553258,1497,1705,0,0
3711555258,1497,1701,0,0
3711557258,1498,1709,0,0
3711559258,1498,1704,0,0
3711561258,1502,1701,0,0
3711563258,1499,1705,0,0
3711565258,1496,1697,0,0
3711567258,1498,1705,0,0
3711569258,1500,1697,0,0
3711571258,1502,1702,0,0
3711573258,1500,1703,0,0
3711575258,1499,1710,0,0
3711577258,1498,1710,0,0
3711579258,1496,1708,0,0
3711581258,1498,1716,0,0
3711583258,1500,1706,0,0
3711585258,1501,1701,0,0
3711587258,1498,1708,0,0
3711589258,1496,1697,0,0
3711591258,1496,1699,0,0
3711593258,1500,1707,0,0
3711595258,1492,1705,0,0
3711597258,1502,1701,0,0
3711599258,1504,1704,0,0
3711601258,1507,1710,0,0
3711603258,1501,1695,0,0
3711605258,1500,1705,0,0
3711607258,1499,1706,0,0
3711609258,1498,1703,0,0
3711611258,1497,1704,0,0
3711613258,1498,1699,0,0
3711615258,1492,1709,0,0
3711617258,1496,1693,0,0
3711619258,1496,1700,0,0
3711621258,1497,1705,0,0
3711623258,1500,1705,0,0
3711625258,1500,1708,0,0
3711627258,1499,1704,0,0
3711629258,1502,1705,0,0
3711631258,1501,1706,0,0
3711633258,1488,1705,0,0
3711635258,1494,1701,0,0
3711637258,1500,1709,0,0
3711639258,1499,1701,0,0
3711641258,1496,1697,0,0
3711643258,1496,1705,0,0
3711645258,1500,1708,0,0
3711647258,1495,1702,0,0
3711649258,1494,1701,0,0
3711651258,1499,1706,0,0
3711653258,1497,1709,0,0
3711655258,1500,1702,0,0
3711657258,1497,1699,0,0
3711659258,1494,1697,0,0
3711661258,1500,1710,0,0
3711663258,1489,1701,0,0
3711665258,1497,1699,0,0
3711667258,1494,1700,0,0
3711669258,1495,1704,0,0
3711671258,1500,1710,0,0
3711673258,1504,1700,0,0
3711675258,1494,1702,0,0
3711677258,1500,1700,0,0
3711679258,1499,1704,0,0
3711681258,1496,1709,0,0
3711683258,1496,1707,0,0
3711685258,1500,1701,0,0
3711687258,1501,1705,0,0
3711689258,1499,1707,0,0
3711691258,1502,1702,0,0
3711693258,1498,1713,0,0
3711695258,1505,1709,0,0
3711697258,1500,1701,0,0
3711699258,1500,1702,0,0
3711701258,1500,1705,0,0
3711703258,1496,1701,0,0
3711705258,1501,1704,0,0
3711707258,1503,1697,0,0
3711709258,1492,1704,0,0
3711711258,1489,1706,0,0
3711713258,1502,1709,0,0
3711715258,1495,1709,0,0
3711717258,1496,1709,0,0
3711719258,1495,1710,0,0
3711721258,1497,1700,0,0
3711723258,1498,1702,0,0
3711725258,1495,1697,0,0
3711727258,1495,1707,0,0
3711729258,1497,1703,0,0
3711731258,1497,1704,0,0
3711733258,1494,1702,0,0
3711735258,1496,1704,0,0
3711737258,1496,1697,0,0
3711739258,1500,1709,0,0
3711741258,1498,1712,0,0
3711743258,1497,1694,0,0
3711745258,1497,1703,0,0
3711747258,1498,1701,0,0
3711749258,1493,1704,0,0
3711751258,1494,1706,0,0
3711753258,1489,1706,0,0
3711755258,1497,1709,0,0
3711757258,1496,1705,0,0
3711759258,1492,1702,0,0
3711761258,1499,1700,0,0
3711763258,1499,1707,0,0
3711765258,1499,1710,0,0
3711767258,1498,1716,0,0
3711769258,1497,1705,0,0
3711771258,1497,1704,0,0
3711773258,1493,1710,0,0
3711775258,1498,1707,0,0
3711777258,1492,1704,0,0
3711779258,1494,1713,0,0
3711781258,1497,1707,0,0
3711783258,1500,1710,0,0
3711785258,1494,1713,0,0
3711787258,1492,1705,0,0
3711789258,1500,1705,0,0
3711791258,1498,1705,0,0
3711793258,1489,1704,0,0
3711795258,1495,1706,0,0
3711797258,1497,1708,0,0
3711799258,1492,1710,0,0
3711801258,1496,1703,0,0
3711803258,1492,1706,0,0
3711805258,1499,1703,0,0
3711807258,1495,1703,0,0
3711809258,1498,1703,0,0
3711811258,1494,1713,0,0
3711813258,1496,1703,0,0
3711815258,1498,1705,0,0
3711817258,1495,1702,0,0
3711819258,1493,1707,0,0
3711821258,1502,1712,0,0
3711823258,1498,1707,0,0
3711825258,1495,1710,0,0
3711827258,1490,1702,0,0
3711829258,1488,1704,0,0
3711831258,1494,1706,0,0
3711833258,1492,1704,0,0
3711835258,1494,1705,0,0
3711837258,1496,1702,0,0
3711839258,1495,1709,0,0
3711841258,1496,1704,0,0
3711843258,1492,1702,0,0
3711845258,1497,1707,0,0
3711847258,1491,1709,0,0
3711849258,1490,1703,0,0
3711851258,1498,1716,0,0
3711853258,1497,1702,0,0
3711855258,1500,1701,0,0
3711857258,1492,1710,0,0
3711859258,1494,1697,0,0
3711861258,1499,1709,0,0
3711863258,1498,1709,0,0
3711865258,1491,1701,0,0
3711867258,1495,1700,0,0
3711869258,1497,1707,0,0
3711871258,1496,1702,0,0
3711873258,1494,1713,0,0
3711875258,1489,1701,0,0
3711877258,1494,1706,0,0
3711879258,1492,1704,0,0
3711881258,1496,1710,0,0
3711883258,1489,1697,0,0
3711885258,1496,1699,0,0
3711887258,1492,1709,0,0
3711889258,1492,1706,0,0
3711891258,1497,1709,0,0
3711893258,1495,1694,0,0
3711895258,1496,1703,0,0
3711897258,1488,1702,0,0
3711899258,1497,1707,0,0
3711901258,1498,1705,0,0
3711903258,1491,1707,0,0
3711905258,1496,1702,0,0
3711907258,1492,1704,0,0
3711909258,1495,1717,0,0
3711911258,1489,1713,0,0
3711913258,1496,1707,0,0
3711915258,1492,1705,0,0
3711917258,1496,1699,0,0
3711919258,1492,1704,0,0
3711921258,1492,1700,0,0
3711923258,1496,1705,0,0
3711925258,1498,1705,0,0
3711927258,1492,1706,0,0
3711929258,1495,1702,0,0
3711931258,1503,1699,0,0
3711933258,1496,1704,0,0
3711935258,1497,1703,0,0
3711937258,1488,1710,0,0
3711939258,1492,1705,0,0
3711941258,1496,1705,0,0
3711943258,1492,1709,0,0
3711945258,1492,1699,0,0
3711947258,1496,1705,0,0
3711949258,1494,1704,0,0
3711951258,1494,1697,0,0
3711953258,1497,1713,0,0
3711955258,1491,1706,0,0
3711957258,1492,1697,0,0
3711959258,1496,1708,0,0
3711961258,1491,1704,0,0
3711963258,1497,1705,0,0
3711965258,1498,1701,0,0
3711967258,1494,1702,0,0
3711969258,1496,1709,0,0
3711971258,1491,1697,0,0
3711973258,1492,1709,0,0
3711975258,1492,1705,0,0
3711977258,1496,1701,0,0
3711979258,1497,1705,0,0
3711981258,1499,1705,0,0
3711983258,1499,1709,0,0
3711985258,1498,1712,0,0
3711987258,1492,1705,0,0
3711989258,1491,1697,0,0
3711991258,1496,1701,0,0
3711993258,1492,1713,0,0
3711995258,1493,1708,0,0
3711997258,1492,1706,0,0
3711999258,1498,1704,0,0
3712001258,1500,1714,0,0
3712003258,1504,1708,0,0
3712005258,1497,1705,0,0
3712007258,1496,1706,0,0
3712009258,1501,1701,0,0
3712011258,1497,1700,0,0
3712013258,1497,1699,0,0
3712015258,1498,1702,0,0
3712017258,1502,1705,0,0
3712019258,1497,1704,0,0
3712021258,1501,1700,0,0
3712023258,1499,1693,0,0
3712025258,1498,1700,0,0
3712027258,1501,1707,0,0
3712029258,1498,1702,0,0
3712031258,1500,1705,0,0
3712033258,1501,1704,0,0
3712035258,1501,1709,0,0
3712037258,1497,1705,0,0
3712039258,1496,1701,0,0
3712041258,1496,1709,0,0
3712043258,1496,1704,0,0
3712045258,1495,1710,0,0
3712047258,1496,1700,0,0
3712049258,1497,1697,0,0
3712051258,1496,1706,0,0
3712053258,1498,1705,0,0
3712055258,1499,1705,0,0
3712057258,1496,1704,0,0
3712059258,1492,1711,0,0
3712061258,1494,1709,0,0
3712063258,1502,1706,0,0
3712065258,1502,1709,0,0
3712067258,1491,1709,0,0
3712069258,1500,1697,0,0
3712071258,1504,1700,0,0
3712073258,1499,1696,0,0
3712075258,1502,1705,0,0
3712077258,1497,1705,0,0
3712079258,1501,1708,0,0
3712081258,1498,1703,0,0
3712083258,1502,1709,0,0
3712085258,1499,1701,0,0
3712087258,1497,1702,0,0
3712089258,1497,1704,0,0
3712091258,1496,1707,0,0
3712093258,1499,1708,0,0
3712095258,1499,1701,0,0
3712097258,1498,1705,0,0
3712099258,1500,1705,0,0
3712101258,1501,1710,0,0
3712103258,1499,1717,0,0
3712105258,1497,1703,0,0
3712107258,1500,1706,0,0
3712109258,1498,1697,0,0
3712111258,1494,1705,0,0
3712113258,1499,1702,0,0
3712115258,1495,1706,0,0
3712117258,1498,1703,0,0
3712119258,1501,1702,0,0
3712121258,1499,1704,0,0
3712123258,1500,1707,0,0
3712125258,1500,1705,0,0
3712127258,1503,1705,0,0
3712129258,1502,1707,0,0
3712131258,1498,1706,0,0
3712133258,1498,1705,0,0
3712135258,1500,1701,0,0
3712137258,1499,1703,0,0
3712139258,1501,1710,0,0
3712141258,1500,1702,0,0
3712143258,1496,1703,0,0
3712145258,1496,1709,0,0
3712147258,1500,1704,0,0
3712149258,1500,1708,0,0
3712151258,1504,1704,0,0
3712153258,1504,1706,0,0
3712155258,1500,1705,0,0
3712157258,1501,1700,0,0
3712159258,1502,1706,0,0
3712161258,1501,1705,0,0
3712163258,1500,1696,0,0
3712165258,1503,1705,0,0
3712167258,1499,1702,0,0
3712169258,1500,1707,0,0
3712171258,1498,1705,0,0
3712173258,1505,1693,0,0
3712175258,1500,1705,0,0
3712177258,1494,1700,0,0
3712179258,1498,1705,0,0
3712181258,1496,1705,0,0
3712183258,1500,1709,0,0
3712185258,1501,1701,0,0
3712187258,1500,1709,0,0
3712189258,1502,1701,0,0
3712191258,1500,1710,0,0
3712193258,1498,1710,0,0
3712195258,1501,1713,0,0
3712197258,1492,1693,0,0
3712199258,1494,1704,0,0
3712201258,1500,1705,0,0
3712203258,1496,1705,0,0
3712205258,1501,1707,0,0
3712207258,1500,1704,0,0
3712209258,1499,1707,0,0
3712211258,1500,1709,0,0
3712213258,1499,1713,0,0
3712215258,1499,1705,0,0
3712217258,1501,1707,0,0
3712219258,1500,1702,0,0
3712221258,1501,1702,0,0
3712223258,1502,1705,0,0
3712225258,1498,1709,0,0
3712227258,1496,1703,0,0
3712229258,1499,1709,0,0
3712231258,1499,1704,0,0
3712233258,1499,1704,0,0
3712235258,1501,1707,0,0
3712237258,1504,1705,0,0
3712239258,1505,1701,0,0
3712241258,1512,1706,0,0
3712243258,1510,1707,0,0
3712245258,1504,1705,0,0
3712247258,1502,1705,0,0
3712249258,1504,1705,0,0
3712251258,1500,1703,0,0
3712253258,1496,1705,0,0
3712255258,1501,1709,0,0
3712257258,1491,1709,0,0
3712259258,1495,1709,0,0
3712261258,1495,1705,0,0
3712263258,1497,1704,0,0
3712265258,1500,1704,0,0
3712267258,1502,1706,0,0
3712269258,1496,1707,0,0
3712271258,1494,1702,0,0
3712273258,1498,1716,0,0
3712275258,1496,1701,0,0
3712277258,1497,1705,0,0
3712279258,1500,1709,0,0
3712281258,1496,1706,0,0
3712283258,1496,1710,0,0
3712285258,1500,1699,0,0
3712287258,1495,1702,0,0
3712289258,1496,1699,0,0
3712291258,1499,1701,0,0
3712293258,1500,1701,0,0
3712295258,1500,1710,0,0
3712297258,1497,1710,0,0
3712299258,1492,1712,0,0
3712301258,1493,1706,0,0
3712303258,1496,1700,0,0
3712305258,1492,1706,0,0
3712307258,1500,1704,0,0
3712309258,1496,1709,0,0
3712311258,1494,1712,0,0
3712313258,1499,1713,0,0
3712315258,1491,1701,0,0
3712317258,1498,1706,0,0
3712319258,1499,1702,0,0
3712321258,1499,1704,0,0
3712323258,1492,1707,0,0
3712325258,1496,1701,0,0
3712327258,1500,1710,0,0
3712329258,1502,1706,0,0
3712331258,1500,1706,0,0
3712333258,1500,1706,0,0
3712335258,1492,1705,0,0
3712337258,1503,1705,0,0
3712339258,1498,1700,0,0
3712341258,1498,1702,0,0
3712343258,1497,1705,0,0
3712345258,1492,1703,0,0
3712347258,1495,1707,0,0
3712349258,1500,1705,0,0
3712351258,1498,1707,0,0
3712353258,1498,1709,0,0
3712355258,1496,1700,0,0
3712357258,1496,1707,0,0
3712359258,1492,1703,0,0
3712361258,1502,1697,0,0
3712363258,1496,1713,0,0
3712365258,1498,1703,0,0
3712367258,1500,1708,0,0
3712369258,1501,1706,0,0
3712371258,1499,1709,0,0
3712373258,1497,1707,0,0
3712375258,1500,1707,0,0
3712377258,1496,1704,0,0
3712379258,1500,1705,0,0
3712381258,1496,1709,0,0
3712383258,1495,1707,0,0
3712385258,1498,1705,0,0
3712387258,1500,1705,0,0
3712389258,1503,1707,0,0
3712391258,1496,1699,0,0
3712393258,1496,1697,0,0
3712395258,1498,1707,0,0
3712397258,1502,1705,0,0
3712399258,1503,1707,0,0
3712401258,1496,1701,0,0
3712403258,1498,1702,0,0
3712405258,1501,1697,0,0
3712407258,1496,1709,0,0
3712409258,1496,1693,0,0
3712411258,1499,1709,0,0
3712413258,1498,1693,0,0
3712415258,1500,1700,0,0
3712417258,1500,1697,0,0
3712419258,1500,1694,0,0
3712421258,1501,1705,0,0
3712423258,1497,1705,0,0
3712425258,1499,1702,0,0
3712427258,1500,1709,0,0
3712429258,1500,1703,0,0
3712431258,1499,1713,0,0
3712433258,1497,1703,0,0
3712435258,1501,1706,0,0
3712437258,1502,1700,0,0
3712439258,1502,1705,0,0
3712441258,1500,1707,0,0
3712443258,1497,1699,0,0
3712445258,1499,1702,0,0
3712447258,1496,1705,0,0
3712449258,1500,1713,0,0
3712451258,1499,1705,0,0
3712453258,1500,1707,0,0
3712455258,1498,1700,0,0
3712457258,1492,1697,0,0
3712459258,1494,1705,0,0
3712461258,1499,1704,0,0
3712463258,1498,1699,0,0
3712465258,1504,1709,0,0
3712467258,1500,1710,0,0
3712469258,1497,1701,0,0
3712471258,1502,1703,0,0
3712473258,1500,1707,0,0
3712475258,1499,1705,0,0
3712477258,1501,1707,0,0
3712479258,1500,1707,0,0
3712481258,1495,1708,0,0
3712483258,1500,1706,0,0
3712485258,1501,1702,0,0
3712487258,1500,1706,0,0
3712489258,1499,1707,0,0
3712491258,1500,1700,0,0
3712493258,1500,1713,0,0
3712495258,1497,1712,0,0
3712497258,1500,1701,0,0
3712499258,1504,1704,0,0
3712501258,1501,1709,0,0
3712503258,1503,1703,0,0
3712505258,1501,1705,0,0
3712507258,1501,1703,0,0
3712509258,1507,1702,0,0
3712511258,1496,1702,0,0
3712513258,1500,1709,0,0
3712515258,1497,1703,0,0
3712517258,1502,1708,0,0
3712519258,1501,1709,0,0
3712521258,1499,1704,0,0
3712523258,1500,1700,0,0
3712525258,1500,1707,0,0
3712527258,1499,1709,0,0
3712529258,1500,1697,0,0
3712531258,1499,1707,0,0
3712533258,1498,1707,0,0
3712535258,1499,1707,0,0
3712537258,1500,1705,0,0
3712539258,1496,1704,0,0
3712541258,1500,1703,0,0
3712543258,1500,1702,0,0
3712545258,1496,1709,0,0
3