T_US,HALL_INF_MV,HALL_SUP_MV,PWM,SYNC_PULSE,posição,tempo_video_ms,posicao_video_valida,tracking_interp_gap_ms,sync_pair_index,sync_fit_residual_ms
3699149258,1498,1670,210,1,13.705248805,0.030249867,1,4.166666667,,
3699151258,1499,1624,210,1,13.705248805,2.030196704,1,4.166666667,,
3699153258,1482,1598,210,1,13.705248805,4.030143541,1,4.166666667,,
3699155258,1477,1564,210,1,13.705248805,6.030090377,1,4.166666667,,
3699157258,1468,1532,210,1,13.705248805,8.030037214,1,4.166666667,,
3699159258,1458,1511,210,1,13.704377792,10.029984051,1,4.166666667,,
3699161258,1450,1475,210,1,13.703351076,12.029930888,1,4.166666667,,
3699163258,1449,1449,210,1,13.703109756,14.029877725,1,4.166666667,,
3699165258,1437,1428,210,1,13.703109756,16.029824561,1,4.166666667,,
3699167258,1432,1408,210,1,13.703109756,18.029771398,1,4.166666667,,
3699169258,1425,1371,210,1,13.703109756,20.029718235,1,4.166666667,,
3699171258,1421,1359,210,1,13.703109756,22.029665072,1,4.166666667,,
3699173258,1420,1339,210,1,13.703109756,24.029611909,1,4.166666667,,
3699175258,1420,1329,210,1,13.703557453,26.029558745,1,4.166666667,,
3699177258,1416,1310,210,1,13.704427116,28.029505582,1,4.166666667,,
3699179258,1410,1287,210,1,13.706680243,30.029452419,1,4.166666667,,
3699181258,1403,1274,210,1,13.710756789,32.029399256,1,4.166666667,,
3699183258,1399,1265,210,1,13.713414634,34.029346093,1,4.166666667,,
3699185258,1400,1256,210,1,13.713414634,36.029292929,1,4.166666667,,
3699187258,1398,1244,210,1,13.713414634,38.029239766,1,4.166666667,,
3699189258,1396,1233,210,1,13.713414634,40.029186603,1,4.166666667,,
3699191258,1371,1225,210,1,13.71665999,42.02913344,1,4.166666667,,
3699193258,1389,1212,210,1,13.734566565,44.029080276,1,4.166666667,,
3699195258,1371,1216,210,1,13.751759722,46.029027113,1,4.166666667,,
3699197258,1371,1198,210,1,13.76237532,48.02897395,1,4.166666667,,
3699199258,1371,1190,210,1,13.772855639,50.028920787,1,4.166666667,,
3699201258,1371,1188,210,1,13.774116355,52.028867624,1,4.166666667,,
3699203258,1371,1183,210,1,13.775377072,54.02881446,1,4.166666667,,
3699205258,1371,1175,210,1,13.782727154,56.028761297,1,4.166666667,,
3699207258,1371,1162,210,1,13.790528036,58.028708134,1,4.166666667,,
3699209258,1371,1168,210,1,13.795997097,60.028654971,1,4.166666667,,
3699211258,1370,1166,210,1,13.801047163,62.028601808,1,4.166666667,,
3699213258,1371,1162,210,1,13.81500317,64.028548644,1,4.166666667,,
3699215258,1371,1154,210,1,13.831705735,66.028495481,1,4.166666667,,
3699217258,1371,1153,210,1,13.841852815,68.028442318,1,4.166666667,,
3699219258,1368,1151,210,1,13.848927789,70.028389155,1,4.166666667,,
3699221258,1367,1139,210,1,13.857294965,72.028335991,1,4.166666667,,
3699223258,1369,1141,210,1,13.866532557,74.028282828,1,4.166666667,,
3699225258,1368,1142,210,1,13.877770916,76.028229665,1,4.166666667,,
3699227258,1368,1133,210,1,13.890900075,78.028176502,1,4.166666667,,
3699229258,1368,1136,210,1,13.911586831,80.028123339,1,4.166666667,,
3699231258,1366,1131,210,1,13.942261609,82.028070175,1,4.166666667,,
3699233258,1363,1130,210,1,13.976271359,84.028017012,1,4.166666667,,
3699235258,1359,1128,210,1,14.016547296,86.027963849,1,4.166666667,,
3699237258,1368,1124,210,1,14.059036986,88.027910686,1,4.166666667,,
3699239258,1359,1127,210,1,14.107699551,90.027857523,1,4.166666667,,
3699241258,1355,1127,210,1,14.152336011,92.027804359,1,4.166666667,,
3699243258,1363,1123,210,1,14.178702378,94.027751196,1,4.166666667,,
3699245258,1363,1127,210,1,14.21256545,96.027698033,1,4.166666667,,
3699247258,1359,1117,210,1,14.316070359,98.02764487,1,4.166666667,,
3699249258,1359,1121,210,1,14.419256265,100.027591707,1,4.166666667,,
3699251258,1360,1129,210,1,14.499638644,102.027538543,1,4.166666667,,
3699253258,1348,1120,210,1,14.580021023,104.02748538,1,4.166666667,,
3699255258,1356,1108,210,1,14.638603648,106.027432217,1,4.166666667,,
3699257258,1356,1115,210,1,14.695555699,108.027379054,1,4.166666667,,
3699259258,1350,1111,210,1,14.832167775,110.02732589,1,4.166666667,,
3699261258,1352,1115,210,1,14.983167356,112.027272727,1,4.166666667,,
3699263258,1348,1115,210,1,15.132474587,114.027219564,1,4.166666667,,
3699265258,1339,1108,210,1,15.281257979,116.027166401,1,4.166666667,,
3699267258,1329,1103,210,1,15.455113984,118.027113238,1,4.166666667,,
3699269258,1335,1103,210,1,15.640755784,120.027060074,1,4.166666667,,
3699271258,1332,1094,210,1,15.840731036,122.027006911,1,4.166666667,,
3699273258,1318,1096,210,1,16.050387897,124.026953748,1,4.166666667,,
3699275258,1318,1102,210,1,16.314351524,126.026900585,1,4.166666667,,
3699277258,1312,1096,210,1,16.629773877,128.026847422,1,4.166666667,,
3699279258,1294,1094,210,1,17.006708189,130.026794258,1,4.166666667,,
3699281258,1280,1084,210,1,17.465156586,132.026741095,1,4.166666667,,
3699283258,1282,1084,210,1,17.958014116,134.026687932,1,4.166666667,,
3699285258,1276,1076,210,1,18.515713946,136.026634769,1,4.166666667,,
3699287258,1260,1083,210,1,19.132689962,138.026581606,1,4.166666667,,
3699289258,1248,1101,210,1,19.915519608,140.026528442,1,4.166666667,,
3699291258,1220,1154,210,1,20.801709492,142.026475279,1,4.166666667,,
3699293258,1195,1284,210,1,22.159052845,144.026422116,1,4.166666667,,
3699295258,1192,1318,210,1,23.38908213,146.026368953,1,4.166666667,,
3699297258,1193,1323,0,1,23.427387218,148.026315789,1,4.166666667,,
3699299258,1219,1357,0,1,23.465189297,150.026262626,1,4.166666667,,
3699301258,1243,1395,0,1,23.465189297,152.026209463,1,4.166666667,,
3699303258,1261,1420,0,1,23.465189297,154.0261563,1,4.166666667,,
3699305258,1276,1448,0,1,23.465189297,156.026103137,1,4.166666667,,
3699307258,1290,1461,0,1,23.465189297,158.026049973,1,4.166666667,,
3699309258,1319,1479,0,1,23.465189297,160.02599681,1,4.166666667,,
3699311258,1326,1496,0,1,23.465189297,162.025943647,1,4.166666667,,
3699313258,1346,1512,0,1,23.449716003,164.025890484,1,4.166666667,,
3699315258,1359,1538,0,1,23.429435539,166.025837321,1,4.166666667,,
3699317258,1371,1542,0,1,23.422937208,168.025784157,1,4.166666667,,
3699319258,1371,1563,0,1,23.422937208,170.025730994,1,4.166666667,,
3699321258,1394,1576,0,1,23.422937208,172.025677831,1,4.166666667,,
3699323258,1401,1580,0,1,23.422937208,174.025624668,1,4.166666667,,
3699325258,1411,1594,0,1,23.422937208,176.025571505,1,4.166666667,,
3699327258,1416,1603,0,1,23.422937208,178.025518341,1,4.166666667,,
3699329258,1427,1614,0,1,23.427067991,180.025465178,1,4.166666667,,
3699331258,1424,1610,0,1,23.436687646,182.025412015,1,4.166666667,,
3699333258,1436,1626,0,1,23.444076532,184.025358852,1,4.166666667,,
3699335258,1437,1636,0,1,23.447249286,186.025305688,1,4.166666667,,
3699337258,1448,1640,0,1,23.450386419,188.025252525,1,4.166666667,,
3699339258,1446,1641,0,1,23.453423545,190.025199362,1,4.166666667,,
3699341258,1454,1655,0,1,23.455916282,192.025146199,1,4.166666667,,
3699343258,1460,1652,0,1,23.455916282,194.025093036,1,4.166666667,,
3699345258,1462,1666,0,1,23.455916282,196.025039872,1,4.166666667,,
3699347258,1461,1665,0,0,23.455916282,198.024986709,1,4.166666667,,
3699349258,1468,1669,0,0,23.455916282,200.024933546,1,4.166666667,,
3699351258,1474,1672,0,0,23.455916282,202.024880383,1,4.166666667,,
3699353258,1474,1670,0,0,23.455916282,204.02482722,1,4.166666667,,
3699355258,1480,1674,0,0,23.427586711,206.024774056,1,4.166666667,,
3699357258,1482,1678,0,0,23.39709459,208.024720893,1,4.166666667,,
3699359258,1481,1681,0,0,23.390340784,210.02466773,1,4.166666667,,
3699361258,1479,1692,0,0,23.387918434,212.024614567,1,4.166666667,,
3699363258,1487,1688,0,0,23.380672403,214.024561404,1,4.166666667,,
3699365258,1492,1685,0,0,23.371922263,216.02450824,1,4.166666667,,
3699367258,1487,1689,0,0,23.361096153,218.024455077,1,4.166666667,,
3699369258,1488,1690,0,0,23.349288224,220.024401914,1,4.166666667,,
3699371258,1496,1693,0,0,23.312558123,222.024348751,1,4.166666667,,
3699373258,1498,1699,0,0,23.258901013,224.024295587,1,4.166666667,,
3699375258,1496,1698,0,0,22.705597006,226.024242424,1,4.166666667,,
3699377258,1497,1700,0,0,21.676323961,228.024189261,1,4.166666667,,
3699379258,1496,1679,0,0,20.904486593,230.024136098,1,4.166666667,,
3699381258,1502,1692,0,0,20.475652056,232.024082935,1,4.166666667,,
3699383258,1500,1702,0,0,20.030701409,234.024029771,1,4.166666667,,
3699385258,1489,1703,0,0,19.555201854,236.023976608,1,4.166666667,,
3699387258,1508,1692,0,0,19.060831927,238.023923445,1,4.166666667,,
3699389258,1502,1699,0,0,18.513299444,240.023870282,1,4.166666667,,
3699391258,1504,1701,0,0,17.950287336,242.023817119,1,4.166666667,,
3699393258,1499,1700,0,0,17.316073106,244.023763955,1,4.166666667,,
3699395258,1497,1702,0,0,16.679064455,246.023710792,1,4.166666667,,
3699397258,1505,1703,0,0,16.015494368,248.023657629,1,4.166666667,,
3699399258,1508,1700,0,0,15.357956928,250.023604466,1,4.166666667,,
3699401258,1505,1705,0,0,15.205517822,252.023551302,1,4.166666667,,
3699403258,1504,1710,0,0,15.053078716,254.023498139,1,4.166666667,,
3699405258,1508,1710,0,0,15.042166184,256.023444976,1,4.166666667,,
3699407258,1510,1702,0,0,15.042166184,258.023391813,1,4.166666667,,
3699409258,1512,1697,0,0,15.042166184,260.02333865,1,4.166666667,,
3699411258,1505,1709,0,0,15.042166184,262.023285486,1,4.166666667,,
3699413258,1507,1694,0,0,15.042166184,264.023232323,1,4.166666667,,
3699415258,1510,1693,0,0,15.042166184,266.02317916,1,4.166666667,,
3699417258,1501,1704,0,0,15.117403667,268.023125997,1,4.166666667,,
3699419258,1508,1703,0,0,15.228332879,270.023072834,1,4.166666667,,
3699421258,1508,1709,0,0,15.273274853,272.02301967,1,4.166666667,,
3699423258,1508,1697,0,0,15.273274853,274.022966507,1,4.166666667,,
3699425258,1512,1697,0,0,15.273274853,276.022913344,1,4.166666667,,
3699427258,1510,1717,0,0,15.273274853,278.022860181,1,4.166666667,,
3699429258,1508,1703,0,0,15.273274853,280.022807018,1,4.166666667,,
3699431258,1505,1706,0,0,15.273274853,282.022753854,1,4.166666667,,
3699433258,1500,1701,0,0,15.273274853,284.022700691,1,4.166666667,,
3699435258,1502,1712,0,0,15.273274853,286.022647528,1,4.166666667,,
3699437258,1499,1702,0,0,15.273274853,288.022594365,1,4.166666667,,
3699439258,1504,1705,0,0,15.273274853,290.022541201,1,4.166666667,,
3699441258,1505,1704,0,0,15.273274853,292.022488038,1,4.166666667,,
3699443258,1507,1699,0,0,15.273274853,294.022434875,1,4.166666667,,
3699445258,1504,1703,0,0,15.278409129,296.022381712,1,4.166666667,,
3699447258,1505,1701,0,0,15.332724739,298.022328549,1,4.166666667,,
3699449258,1507,1706,0,0,15.388400271,300.022275385,1,4.166666667,,
3699451258,1510,1697,0,0,15.564813471,302.022222222,1,4.166666667,,
3699453258,1502,1702,0,0,15.741226672,304.022169059,1,4.166666667,,
3699455258,1510,1706,0,0,15.753972653,306.022115896,1,4.166666667,,
3699457258,1504,1712,0,0,15.753972653,308.022062733,1,4.166666667,,
3699459258,1500,1697,0,0,15.753972653,310.022009569,1,4.166666667,,
3699461258,1508,1713,0,0,15.753972653,312.021956406,1,4.166666667,,
3699463258,1504,1697,0,0,15.753972653,314.021903243,1,4.166666667,,
3699465258,1509,1706,0,0,15.753972653,316.02185008,1,4.166666667,,
3699467258,1498,1709,0,0,15.745441366,318.021796917,1,4.166666667,,
3699469258,1510,1706,0,0,15.732850605,320.021743753,1,4.166666667,,
3699471258,1512,1709,0,0,15.720883775,322.02169059,1,4.166666667,,
3699473258,1498,1705,0,0,15.709343057,324.021637427,1,4.166666667,,
3699475258,1505,1709,0,0,15.682925477,326.021584264,1,4.166666667,,
3699477258,1512,1709,0,0,15.642260451,328.0215311,1,4.166666667,,
3699479258,1508,1705,0,0,15.618976349,330.021477937,1,4.166666667,,
3699481258,1512,1705,0,0,15.618976349,332.021424774,1,4.166666667,,
3699483258,1504,1701,0,0,15.627937762,334.021371611,1,4.166666667,,
3699485258,1502,1697,0,0,15.653986239,336.021318448,1,4.166666667,,
3699487258,1507,1700,0,0,15.673245452,338.021265284,1,4.166666667,,
3699489258,1501,1705,0,0,15.673245452,340.021212121,1,4.166666667,,
3699491258,1504,1708,0,0,15.673245452,342.021158958,1,4.166666667,,
3699493258,1507,1704,0,0,15.673245452,344.021105795,1,4.166666667,,
3699495258,1511,1706,0,0,15.670800486,346.021052632,1,4.166666667,,
3699497258,1500,1717,0,0,15.644752009,348.020999468,1,4.166666667,,
3699499258,1508,1709,0,0,15.618708712,350.020946305,1,4.166666667,,
3699501258,1510,1712,0,0,15.593154866,352.020893142,1,4.166666667,,
3699503258,1507,1700,0,0,15.56760102,354.020839979,1,4.166666667,,
3699505258,1512,1705,0,0,15.533364839,356.020786816,1,4.166666667,,
3699507258,1501,1704,0,0,15.498445792,358.020733652,1,4.166666667,,
3699509258,1495,1710,0,0,15.472066971,360.020680489,1,4.166666667,,
3699511258,1505,1710,0,0,15.447270321,362.020627326,1,4.166666667,,
3699513258,1507,1709,0,0,15.436151521,364.020574163,1,4.166666667,,
3699515258,1509,1701,0,0,15.429344767,366.020520999,1,4.166666667,,
3699517258,1504,1709,0,0,15.421199721,368.020467836,1,4.166666667,,
3699519258,1512,1703,0,0,15.412415932,370.020414673,1,4.166666667,,
3699521258,1508,1704,0,0,15.406276896,372.02036151,1,4.166666667,,
3699523258,1515,1705,0,0,15.401949081,374.020308347,1,4.166666667,,
3699525258,1504,1707,0,0,15.391931943,376.020255183,1,4.166666667,,
3699527258,1503,1713,0,0,15.376451679,378.02020202,1,4.166666667,,
3699529258,1504,1713,0,0,15.348757187,380.020148857,1,4.166666667,,
3699531258,1504,1705,0,0,15.304655579,382.020095694,1,4.166666667,,
3699533258,1505,1714,0,0,15.259377098,384.020042531,1,4.166666667,,
3699535258,1500,1703,0,0,15.211848005,386.019989367,1,4.166666667,,
3699537258,1500,1699,0,0,15.152148221,388.019936204,1,4.166666667,,
3699539258,1508,1718,0,0,15.057804276,390.019883041,1,4.166666667,,
3699541258,1499,1701,0,0,14.953625652,392.019829878,1,4.166666667,,
3699543258,1508,1700,0,0,14.803588373,394.019776715,1,4.166666667,,
3699545258,1512,1708,0,0,14.660333013,396.019723551,1,4.166666667,,
3699547258,1502,1706,0,0,14.583064989,398.019670388,1,4.166666667,,
3699549258,1510,1704,0,0,14.505581542,400.019617225,1,4.166666667,,
3699551258,1508,1705,0,0,14.406351364,402.019564062,1,4.166666667,,
3699553258,1505,1707,0,0,14.307121185,404.019510898,1,4.166666667,,
3699555258,1512,1710,0,0,14.212719356,406.019457735,1,4.166666667,,
3699557258,1501,1705,0,0,14.118701013,408.019404572,1,4.166666667,,
3699559258,1497,1703,0,0,14.017539886,410.019351409,1,4.166666667,,
3699561258,1508,1704,0,0,13.915048807,412.019298246,1,4.166666667,,
3699563258,1510,1700,0,0,13.890414331,414.019245082,1,4.166666667,,
3699565258,1505,1709,0,0,13.890414331,416.019191919,1,4.166666667,,
3699567258,1508,1702,0,0,13.890414331,418.019138756,1,4.166666667,,
3699569258,1508,1697,0,0,13.890414331,420.019085593,1,4.166666667,,
3699571258,1508,1701,0,0,13.890414331,422.01903243,1,4.166666667,,
3699573258,1510,1704,0,0,13.890414331,424.018979266,1,4.166666667,,
3699575258,1510,1706,0,0,13.963866878,426.018926103,1,4.166666667,,
3699577258,1510,1701,0,0,14.108039441,428.01887294,1,4.166666667,,
3699579258,1502,1694,0,0,14.235777438,430.018819777,1,4.166666667,,
3699581258,1509,1707,0,0,14.341379163,432.018766614,1,4.166666667,,
3699583258,1508,1700,0,0,14.43292342,434.01871345,1,4.166666667,,
3699585258,1510,1704,0,0,14.497505298,436.018660287,1,4.166666667,,
3699587258,1505,1705,0,0,14.572059404,438.018607124,1,4.166666667,,
3699589258,1508,1709,0,0,14.675097999,440.018553961,1,4.166666667,,
3699591258,1507,1705,0,0,14.771434201,442.018500797,1,4.166666667,,
3699593258,1505,1696,0,0,14.836374082,444.018447634,1,4.166666667,,
3699595258,1505,1702,0,0,14.904236684,446.018394471,1,4.166666667,,
3699597258,1505,1701,0,0,15.000762281,448.018341308,1,4.166666667,,
3699599258,1505,1712,0,0,15.096810057,450.018288145,1,4.166666667,,
3699601258,1502,1706,0,0,15.141082315,452.018234981,1,4.166666667,,
3699603258,1508,1696,0,0,15.185354574,454.018181818,1,4.166666667,,
3699605258,1502,1704,0,0,15.219970411,456.018128655,1,4.166666667,,
3699607258,1504,1707,0,0,15.253811816,458.018075492,1,4.166666667,,
3699609258,1505,1702,0,0,15.275139509,460.018022329,1,4.166666667,,
3699611258,1505,1705,0,0,15.294125498,462.017969165,1,4.166666667,,
3699613258,1502,1701,0,0,15.300244034,464.017916002,1,4.166666667,,
3699615258,1508,1700,0,0,15.302276369,466.017862839,1,4.166666667,,
3699617258,1508,1705,0,0,15.302935681,468.017809676,1,4.166666667,,
3699619258,1510,1705,0,0,15.302935681,470.017756512,1,4.166666667,,
3699621258,1505,1699,0,0,15.302935681,472.017703349,1,4.166666667,,
3699623258,1497,1692,0,0,15.302935681,474.017650186,1,4.166666667,,
3699625258,1505,1705,0,0,15.302935681,476.017597023,1,4.166666667,,
3699627258,1511,1703,0,0,15.302935681,478.01754386,1,4.166666667,,
3699629258,1514,1705,0,0,15.292050698,480.017490696,1,4.166666667,,
3699631258,1509,1710,0,0,15.266464461,482.017437533,1,4.166666667,,
3699633258,1502,1702,0,0,15.24468516,484.01738437,1,4.166666667,,
3699635258,1509,1704,0,0,15.230229189,486.017331207,1,4.166666667,,
3699637258,1507,1706,0,0,15.204326288,488.017278044,1,4.166666667,,
3699639258,1508,1706,0,0,15.145613171,490.01722488,1,4.166666667,,
3699641258,1510,1707,0,0,15.095556298,492.017171717,1,4.166666667,,
3699643258,1508,1704,0,0,15.086234845,494.017118554,1,4.166666667,,
3699645258,1508,1706,0,0,15.072789567,496.017065391,1,4.166666667,,
3699647258,1500,1712,0,0,15.018579749,498.017012228,1,4.166666667,,
3699649258,1508,1709,0,0,14.964492531,500.016959064,1,4.166666667,,
3699651258,1497,1709,0,0,14.92474058,502.016905901,1,4.166666667,,
3699653258,1503,1706,0,0,14.884988629,504.016852738,1,4.166666667,,
3699655258,1508,1709,0,0,14.8490713,506.016799575,1,4.166666667,,
3699657258,1510,1714,0,0,14.813464478,508.016746411,1,4.166666667,,
3699659258,1504,1702,0,0,14.75588524,510.016693248,1,4.166666667,,
3699661258,1500,1700,0,0,14.694173682,512.016640085,1,4.166666667,,
3699663258,1508,1713,0,0,14.643189257,514.016586922,1,4.166666667,,
3699665258,1512,1710,0,0,14.595623736,516.016533759,1,4.166666667,,
3699667258,1504,1703,0,0,14.518087887,518.016480595,1,4.166666667,,
3699669258,1505,1705,0,0,14.426116939,520.016427432,1,4.166666667,,
3699671258,1508,1703,0,0,14.326956206,522.016374269,1,4.166666667,,
3699673258,1511,1703,0,0,14.222830829,524.016321106,1,4.166666667,,
3699675258,1505,1710,0,0,14.131012258,526.016267943,1,4.166666667,,
3699677258,1504,1704,0,0,14.051105848,528.016214779,1,4.166666667,,
3699679258,1512,1702,0,0,14.005140386,530.016161616,1,4.166666667,,
3699681258,1505,1712,0,0,14.005140386,532.016108453,1,4.166666667,,
3699683258,1510,1706,0,0,14.005140386,534.01605529,1,4.166666667,,
3699685258,1504,1712,0,0,14.005140386,536.016002127,1,4.166666667,,
3699687258,1508,1712,0,0,14.005140386,538.015948963,1,4.166666667,,
3699689258,1508,1700,0,0,14.005140386,540.0158958,1,4.166666667,,
3699691258,1511,1702,0,0,14.020202782,542.015842637,1,4.166666667,,
3699693258,1508,1706,0,0,14.106474444,544.015789474,1,4.166666667,,
3699695258,1510,1709,0,0,14.19087373,546.01573631,1,4.166666667,,
3699697258,1510,1713,0,0,14.256615841,548.015683147,1,4.166666667,,
3699699258,1500,1697,0,0,14.322062224,550.015629984,1,4.166666667,,
3699701258,1510,1705,0,0,14.349964433,552.015576821,1,4.166666667,,
3699703258,1508,1700,0,0,14.377866641,554.015523658,1,4.166666667,,
3699705258,1508,1709,0,0,14.393895413,556.015470494,1,4.166666667,,
3699707258,1502,1707,0,0,14.408953511,558.015417331,1,4.166666667,,
3699709258,1504,1709,0,0,14.443735272,560.015364168,1,4.166666667,,
3699711258,1502,1704,0,0,14.482244949,562.015311005,1,4.166666667,,
3699713258,1502,1703,0,0,14.516934425,564.015257842,1,4.166666667,,
3699715258,1508,1702,0,0,14.550401926,566.015204678,1,4.166666667,,
3699717258,1504,1696,0,0,14.57425517,568.015151515,1,4.166666667,,
3699719258,1509,1705,0,0,14.593463702,570.015098352,1,4.166666667,,
3699721258,1511,1705,0,0,14.601322458,572.015045189,1,4.166666667,,
3699723258,1500,1707,0,0,14.601322458,574.014992026,1,4.166666667,,
3699725258,1505,1704,0,0,14.601322458,576.014938862,1,4.166666667,,
3699727258,1508,1705,0,0,14.601322458,578.014885699,1,4.166666667,,
3699729258,1508,1707,0,0,14.601322458,580.014832536,1,4.166666667,,
3699731258,1508,1703,0,0,14.601322458,582.014779373,1,4.166666667,,
3699733258,1504,1704,0,0,14.594763316,584.014726209,1,4.166666667,,
3699735258,1505,1705,0,0,14.57551167,586.014673046,1,4.166666667,,
3699737258,1504,1713,0,0,14.558903352,588.014619883,1,4.166666667,,
3699739258,1504,1704,0,0,14.549924368,590.01456672,1,4.166666667,,
3699741258,1507,1701,0,0,14.535331511,592.014513557,1,4.166666667,,
3699743258,1504,1696,0,0,14.49407555,594.014460393,1,4.166666667,,
3699745258,1508,1702,0,0,14.453893975,596.01440723,1,4.166666667,,
3699747258,1512,1703,0,0,14.424504512,598.014354067,1,4.166666667,,
3699749258,1505,1704,0,0,14.394969432,600.014300904,1,4.166666667,,
3699751258,1505,1705,0,0,14.345215652,602.014247741,1,4.166666667,,
3699753258,1507,1704,0,0,14.295461873,604.014194577,1,4.166666667,,
3699755258,1512,1703,0,0,14.242299251,606.014141414,1,4.166666667,,
3699757258,1509,1703,0,0,14.188855298,608.014088251,1,4.166666667,,
3699759258,1504,1697,0,0,14.149064304,610.014035088,1,4.166666667,,
3699761258,1505,1707,0,0,14.111866656,612.013981925,1,4.166666667,,
3699763258,1508,1701,0,0,14.061727902,614.013928761,1,4.166666667,,
3699765258,1509,1701,0,0,14.007434653,616.013875598,1,4.166666667,,
3699767258,1511,1705,0,0,13.989713108,618.013822435,1,4.166666667,,
3699769258,1505,1709,0,0,13.989713108,620.013769272,1,4.166666667,,
3699771258,1509,1710,0,0,13.989713108,622.013716108,1,4.166666667,,
3699773258,1508,1709,0,0,13.989713108,624.013662945,1,4.166666667,,
3699775258,1508,1703,0,0,13.989713108,626.013609782,1,4.166666667,,
3699777258,1504,1705,0,0,13.989713108,628.013556619,1,4.166666667,,
3699779258,1510,1710,0,0,13.998732489,630.013503456,1,4.166666667,,
3699781258,1512,1706,0,0,14.020033267,632.013450292,1,4.166666667,,
3699783258,1508,1710,0,0,14.055586312,634.013397129,1,4.166666667,,
3699785258,1508,1709,0,0,14.118800474,636.013343966,1,4.166666667,,
3699787258,1512,1709,0,0,14.168652749,638.013290803,1,4.166666667,,
3699789258,1500,1709,0,0,14.179804681,640.01323764,1,4.166666667,,
3699791258,1507,1702,0,0,14.195395934,642.013184476,1,4.166666667,,
3699793258,1500,1713,0,0,14.232169653,644.013131313,1,4.166666667,,
3699795258,1512,1712,0,0,14.268351488,646.01307815,1,4.166666667,,
3699797258,1510,1701,0,0,14.298539564,648.013024987,1,4.166666667,,
3699799258,1507,1697,0,0,14.328815712,650.012971823,1,4.166666667,,
3699801258,1512,1701,0,0,14.372582682,652.01291866,1,4.166666667,,
3699803258,1500,1709,0,0,14.416349652,654.012865497,1,4.166666667,,
3699805258,1508,1696,0,0,14.4563059,656.012812334,1,4.166666667,,
3699807258,1507,1705,0,0,14.49594468,658.012759171,1,4.166666667,,
3699809258,1504,1709,0,0,14.518182411,660.012706007,1,4.166666667,,
3699811258,1508,1693,0,0,14.53709847,662.012652844,1,4.166666667,,
3699813258,1511,1699,0,0,14.550016864,664.012599681,1,4.166666667,,
3699815258,1505,1707,0,0,14.56100286,666.012546518,1,4.166666667,,
3699817258,1511,1707,0,0,14.564596037,668.012493355,1,4.166666667,,
3699819258,1512,1704,0,0,14.564596037,670.012440191,1,4.166666667,,
3699821258,1512,1706,0,0,14.564596037,672.012387028,1,4.166666667,,
3699823258,1504,1705,0,0,14.564596037,674.012333865,1,4.166666667,,
3699825258,1512,1702,0,0,14.564596037,676.012280702,1,4.166666667,,
3699827258,1512,1704,0,0,14.564596037,678.012227539,1,4.166666667,,
3699829258,1504,1702,0,0,14.553414786,680.012174375,1,4.166666667,,
3699831258,1502,1705,0,0,14.526966883,682.012121212,1,4.166666667,,
3699833258,1513,1700,0,0,14.504190049,684.012068049,1,4.166666667,,
3699835258,1511,1702,0,0,14.488559249,686.012014886,1,4.166666667,,
3699837258,1508,1707,0,0,14.46856311,688.011961722,1,4.166666667,,
3699839258,1498,1703,0,0,14.435879383,690.011908559,1,4.166666667,,
3699841258,1512,1704,0,0,14.397158311,692.011855396,1,4.166666667,,
3699843258,1512,1709,0,0,14.32949555,694.011802233,1,4.166666667,,
3699845258,1512,1708,0,0,14.263927183,696.01174907,1,4.166666667,,
3699847258,1505,1703,0,0,14.219741481,698.011695906,1,4.166666667,,
3699849258,1497,1699,0,0,14.175565553,700.011642743,1,4.166666667,,
3699851258,1511,1700,0,0,14.133058565,702.01158958,1,4.166666667,,
3699853258,1512,1699,0,0,14.090551577,704.011536417,1,4.166666667,,
3699855258,1509,1713,0,0,14.032507626,706.011483254,1,4.166666667,,
3699857258,1510,1707,0,0,13.973157175,708.01143009,1,4.166666667,,
3699859258,1508,1704,0,0,13.922527491,710.011376927,1,4.166666667,,
3699861258,1508,1697,0,0,13.873570735,712.011323764,1,4.166666667,,
3699863258,1513,1701,0,0,13.861608415,714.011270601,1,4.166666667,,
3699865258,1512,1701,0,0,13.861608415,716.011217438,1,4.166666667,,
3699867258,1511,1697,0,0,13.861608415,718.011164274,1,4.166666667,,
3699869258,1500,1709,0,0,13.861608415,720.011111111,1,4.166666667,,
3699871258,1512,1716,0,0,13.861608415,722.011057948,1,4.166666667,,
3699873258,1512,1705,0,0,13.861608415,724.011004785,1,4.166666667,,
3699875258,1510,1705,0,0,13.893246284,726.010951621,1,4.166666667,,
3699877258,1502,1702,0,0,13.955834892,728.010898458,1,4.166666667,,
3699879258,1511,1706,0,0,14.001215569,730.010845295,1,4.166666667,,
3699881258,1504,1709,0,0,14.0230368,732.010792132,1,4.166666667,,
3699883258,1512,1706,0,0,14.048712703,734.010738969,1,4.166666667,,
3699885258,1508,1703,0,0,14.081914325,736.010685805,1,4.166666667,,
3699887258,1511,1705,0,0,14.115133734,738.010632642,1,4.166666667,,
3699889258,1511,1701,0,0,14.148405024,740.010579479,1,4.166666667,,
3699891258,1511,1700,0,0,14.18226771,742.010526316,1,4.166666667,,
3699893258,1504,1707,0,0,14.218978665,744.010473153,1,4.166666667,,
3699895258,1512,1706,0,0,14.252439024,746.010419989,1,4.166666667,,
3699897258,1510,1713,0,0,14.252439024,748.010366826,1,4.166666667,,
3699899258,1508,1711,0,0,14.252439024,750.010313663,1,4.166666667,,
3699901258,1504,1706,0,0,14.252439024,752.0102605,1,4.166666667,,
3699903258,1502,1707,0,0,14.252439024,754.010207337,1,4.166666667,,
3699905258,1508,1712,0,0,14.252439024,756.010154173,1,4.166666667,,
3699907258,1511,1706,0,0,14.252439024,758.01010101,1,4.166666667,,
3699909258,1504,1712,0,0,14.23502567,760.010047847,1,4.166666667,,
3699911258,1510,1703,0,0,14.214255417,762.009994684,1,4.166666667,,
3699913258,1511,1700,0,0,14.196188516,764.00994152,1,4.166666667,,
3699915258,1509,1709,0,0,14.178998905,766.009888357,1,4.166666667,,
3699917258,1508,1704,0,0,14.146554201,768.009835194,1,4.166666667,,
3699919258,1510,1709,0,0,14.106650108,770.009782031,1,4.166666667,,
3699921258,1512,1706,0,0,14.08402947,772.009728868,1,4.166666667,,
3699923258,1508,1716,0,0,14.073508343,774.009675704,1,4.166666667,,
3699925258,1510,1708,0,0,14.051903124,776.009622541,1,4.166666667,,
3699927258,1512,1707,0,0,14.019425679,778.009569378,1,4.166666667,,
3699929258,1512,1699,0,0,13.988930745,780.009516215,1,4.166666667,,
3699931258,1507,1716,0,0,13.96115748,782.009463052,1,4.166666667,,
3699933258,1504,1709,0,0,13.930741403,784.009409888,1,4.166666667,,
3699935258,1507,1704,0,0,13.895150261,786.009356725,1,4.166666667,,
3699937258,1505,1703,0,0,13.868622708,788.009303562,1,4.166666667,,
3699939258,1501,1703,0,0,13.868622708,790.009250399,1,4.166666667,,
3699941258,1507,1703,0,0,13.868622708,792.009197236,1,4.166666667,,
3699943258,1503,1705,0,0,13.868622708,794.009144072,1,4.166666667,,
3699945258,1507,1705,0,0,13.868622708,796.009090909,1,4.166666667,,
3699947258,1508,1705,0,0,13.868622708,798.009037746,1,4.166666667,,
3699949258,1507,1705,0,0,13.868755953,800.008984583,1,4.166666667,,
3699951258,1508,1705,0,0,13.898416039,802.008931419,1,4.166666667,,
3699953258,1505,1707,0,0,13.928076124,804.008878256,1,4.166666667,,
3699955258,1511,1703,0,0,13.95224025,806.008825093,1,4.166666667,,
3699957258,1502,1710,0,0,13.975933624,808.00877193,1,4.166666667,,
3699959258,1508,1705,0,0,13.999175333,810.008718767,1,4.166666667,,
3699961258,1512,1699,0,0,14.022329544,812.008665603,1,4.166666667,,
3699963258,1508,1699,0,0,14.03486888,814.00861244,1,4.166666667,,
3699965258,1508,1705,0,0,14.043951098,816.008559277,1,4.166666667,,
3699967258,1508,1713,0,0,14.063545613,818.008506114,1,4.166666667,,
3699969258,1508,1703,0,0,14.088295902,820.008452951,1,4.166666667,,
3699971258,1502,1706,0,0,14.098504188,822.008399787,1,4.166666667,,
3699973258,1505,1701,0,0,14.098504188,824.008346624,1,4.166666667,,
3699975258,1510,1698,0,0,14.098504188,826.008293461,1,4.166666667,,
3699977258,1502,1699,0,0,14.098504188,828.008240298,1,4.166666667,,
3699979258,1509,1706,0,0,14.098504188,830.008187135,1,4.166666667,,
3699981258,1504,1707,0,0,14.098504188,832.008133971,1,4.166666667,,
3699983258,1503,1697,0,0,14.088599778,834.008080808,1,4.166666667,,
3699985258,1511,1706,0,0,14.059243175,836.008027645,1,4.166666667,,
3699987258,1508,1697,0,0,14.026033543,838.007974482,1,4.166666667,,
3699989258,1511,1702,0,0,13.981507175,840.007921318,1,4.166666667,,
3699991258,1508,1707,0,0,13.937401165,842.007868155,1,4.166666667,,
3699993258,1510,1709,0,0,13.895338718,844.007814992,1,4.166666667,,
3699995258,1510,1707,0,0,13.854652205,846.007761829,1,4.166666667,,
3699997258,1508,1704,0,0,13.828365824,848.007708666,1,4.166666667,,
3699999258,1502,1708,0,0,13.802149409,850.007655502,1,4.166666667,,
3700001258,1506,1706,0,0,13.794141032,852.007602339,1,4.166666667,,
3700003258,1507,1709,0,0,13.786132654,854.007549176,1,4.166666667,,
3700005258,1510,1705,0,0,13.785495501,856.007496013,1,4.166666667,,
3700007258,1511,1696,0,0,13.785495501,858.00744285,1,4.166666667,,
3700009258,1504,1705,0,0,13.785495501,860.007389686,1,4.166666667,,
3700011258,1504,1712,0,0,13.785495501,862.007336523,1,4.166666667,,
3700013258,1505,1710,0,0,13.785495501,864.00728336,1,4.166666667,,
3700015258,1507,1693,0,0,13.785495501,866.007230197,1,4.166666667,,
3700017258,1505,1707,0,0,13.804677452,868.007177033,1,4.166666667,,
3700019258,1504,1707,0,0,13.83329557,870.00712387,1,4.166666667,,
3700021258,1508,1705,0,0,13.871787289,872.007070707,1,4.166666667,,
3700023258,1508,1710,0,0,13.917229167,874.007017544,1,4.166666667,,
3700025258,1511,1700,0,0,13.944941559,876.006964381,1,4.166666667,,
3700027258,1510,1697,0,0,13.955170642,878.006911217,1,4.166666667,,
3700029258,1510,1709,0,0,13.964877039,880.006858054,1,4.166666667,,
3700031258,1508,1709,0,0,13.973861947,882.006804891,1,4.166666667,,
3700033258,1504,1705,0,0,13.979821473,884.006751728,1,4.166666667,,
3700035258,1512,1705,0,0,13.979821473,886.006698565,1,4.166666667,,
3700037258,1497,1699,0,0,13.979821473,888.006645401,1,4.166666667,,
3700039258,1505,1699,0,0,13.979821473,890.006592238,1,4.166666667,,
3700041258,1503,1709,0,0,13.979821473,892.006539075,1,4.166666667,,
3700043258,1508,1713,0,0,13.979821473,894.006485912,1,4.166666667,,
3700045258,1507,1703,0,0,13.978922198,896.006432749,1,4.166666667,,
3700047258,1510,1716,0,0,13.968532201,898.006379585,1,4.166666667,,
3700049258,1499,1706,0,0,13.958145118,900.006326422,1,4.166666667,,
3700051258,1509,1704,0,0,13.948676621,902.006273259,1,4.166666667,,
3700053258,1507,1703,0,0,13.939208124,904.006220096,1,4.166666667,,
3700055258,1511,1704,0,0,13.918172359,906.006166932,1,4.166666667,,
3700057258,1505,1697,0,0,13.896127663,908.006113769,1,4.166666667,,
3700059258,1502,1705,0,0,13.868685115,910.006060606,1,4.166666667,,
3700061258,1508,1701,0,0,13.840186637,912.006007443,1,4.166666667,,
3700063258,1508,1706,0,0,13.818522385,914.00595428,1,4.166666667,,
3700065258,1506,1704,0,0,13.799099939,916.005901116,1,4.166666667,,
3700067258,1500,1704,0,0,13.792682927,918.005847953,1,4.166666667,,
3700069258,1499,1708,0,0,13.792682927,920.00579479,1,4.166666667,,
3700071258,1512,1697,0,0,13.792682927,922.005741627,1,4.166666667,,
3700073258,1505,1701,0,0,13.792682927,924.005688464,1,4.166666667,,
3700075258,1500,1709,0,0,13.792682927,926.0056353,1,4.166666667,,
3700077258,1508,1705,0,0,13.792682927,928.005582137,1,4.166666667,,
3700079258,1505,1701,0,0,13.804109481,930.005528974,1,4.166666667,,
3700081258,1510,1712,0,0,13.831351737,932.005475811,1,4.166666667,,
3700083258,1508,1704,0,0,13.852800238,934.005422648,1,4.166666667,,
3700085258,1499,1706,0,0,13.862801925,936.005369484,1,4.166666667,,
3700087258,1502,1713,0,0,13.872584177,938.005316321,1,4.166666667,,
3700089258,1500,1705,0,0,13.881717379,940.005263158,1,4.166666667,,
3700091258,1509,1705,0,0,13.890687665,942.005209995,1,4.166666667,,
3700093258,1510,1706,0,0,13.898858437,944.005156831,1,4.166666667,,
3700095258,1508,1704,0,0,13.906327442,946.005103668,1,4.166666667,,
3700097258,1504,1700,210,1,13.906327442,948.005050505,1,4.166666667,1,-2.171717172
3700099258,1500,1672,210,1,13.906327442,950.004997342,1,4.166666667,,
3700101258,1489,1625,210,1,13.906327442,952.004944179,1,4.166666667,,
3700103258,1476,1598,210,1,13.906327442,954.004891015,1,4.166666667,,
3700105258,1475,1564,210,1,13.906327442,956.004837852,1,4.166666667,,
3700107258,1462,1531,210,1,13.906327442,958.004784689,1,4.166666667,,
3700109258,1461,1502,210,1,13.901435167,960.004731526,1,4.166666667,,
3700111258,1456,1476,210,1,13.895581212,962.004678363,1,4.166666667,,
3700113258,1443,1449,210,0,13.890892663,964.004625199,1,4.166666667,,
3700115258,1444,1423,210,0,13.886587765,966.004572036,1,4.166666667,,
3700117258,1436,1408,210,0,13.879972957,968.004518873,1,4.166666667,,
3700119258,1432,1368,210,0,13.87221499,970.00446571,1,4.166666667,,
3700121258,1423,1351,210,0,13.853548423,972.004412547,1,4.166666667,,
3700123258,1414,1335,210,0,13.827160956,974.004359383,1,4.166666667,,
3700125258,1412,1321,210,0,13.811404792,976.00430622,1,4.166666667,,
3700127258,1410,1308,210,0,13.806188199,978.004253057,1,4.166666667,,
3700129258,1405,1296,210,0,13.80287081,980.004199894,1,4.166666667,,
3700131258,1402,1273,210,0,13.802189331,982.00414673,1,4.166666667,,
3700133258,1399,1264,210,0,13.801623992,984.004093567,1,4.166666667,,
3700135258,1398,1251,210,0,13.801288798,986.004040404,1,4.166666667,,
3700137258,1391,1242,210,0,13.801038073,988.003987241,1,4.166666667,,
3700139258,1396,1224,210,0,13.801038073,990.003934078,1,4.166666667,,
3700141258,1390,1221,210,0,13.801038073,992.003880914,1,4.166666667,,
3700143258,1371,1214,210,0,13.801038073,994.003827751,1,4.166666667,,
3700145258,1371,1205,210,0,13.801038073,996.003774588,1,4.166666667,,
3700147258,1371,1200,210,0,13.801038073,998.003721425,1,4.166666667,,
3700149258,1371,1185,210,0,13.801069972,1000.003668262,1,4.166666667,,
3700151258,1371,1180,210,0,13.818461479,1002.003615098,1,4.166666667,,
3700153258,1371,1179,210,0,13.835852985,1004.003561935,1,4.166666667,,
3700155258,1371,1178,210,0,13.840380578,1006.003508772,1,4.166666667,,
3700157258,1371,1171,210,0,13.843765904,1008.003455609,1,4.166666667,,
3700159258,1369,1171,210,0,13.853938701,1010.003402446,1,4.166666667,,
3700161258,1364,1161,210,0,13.865452183,1012.003349282,1,4.166666667,,
3700163258,1362,1159,210,0,13.870354156,1014.003296119,1,4.166666667,,
3700165258,1359,1159,210,0,13.873071853,1016.003242956,1,4.166666667,,
3700167258,1364,1147,210,0,13.889031103,1018.003189793,1,4.166666667,,
3700169258,1367,1151,210,0,13.911563198,1020.003136629,1,4.166666667,,
3700171258,1371,1147,210,0,13.921475976,1022.003083466,1,4.166666667,,
3700173258,1359,1141,210,0,13.922432555,1024.003030303,1,4.166666667,,
3700175258,1362,1150,210,0,13.927771324,1026.00297714,1,4.166666667,,
3700177258,1364,1134,210,0,13.937466035,1028.002923977,1,4.166666667,,
3700179258,1363,1139,210,0,13.954725938,1030.002870813,1,4.166666667,,
3700181258,1360,1137,210,0,13.982514293,1032.00281765,1,4.166666667,,
3700183258,1361,1133,210,0,14.004703877,1034.002764487,1,4.166666667,,
3700185258,1361,1129,210,0,14.015765723,1036.002711324,1,4.166666667,,
3700187258,1358,1133,210,0,14.033267336,1038.002658161,1,4.166666667,,
3700189258,1359,1127,210,0,14.069951351,1040.002604997,1,4.166666667,,
3700191258,1359,1129,210,0,14.106667164,1042.002551834,1,4.166666667,,
3700193258,1356,1129,210,0,14.143540516,1044.002498671,1,4.166666667,,
3700195258,1355,1127,210,0,14.183489354,1046.002445508,1,4.166666667,,
3700197258,1354,1121,210,0,14.256733882,1048.002392344,1,4.166666667,,
3700199258,1358,1126,210,0,14.32995026,1050.002339181,1,4.166666667,,
3700201258,1355,1123,210,0,14.379127452,1052.002286018,1,4.166666667,,
3700203258,1358,1119,210,0,14.428304643,1054.002232855,1,4.166666667,,
3700205258,1353,1126,210,0,14.524630049,1056.002179692,1,4.166666667,,
3700207258,1357,1115,210,0,14.625179213,1058.002126528,1,4.166666667,,
3700209258,1349,1119,210,0,14.71778304,1060.002073365,1,4.166666667,,
3700211258,1353,1117,210,0,14.8088099,1062.002020202,1,4.166666667,,
3700213258,1351,1116,210,0,14.927177652,1064.001967039,1,4.166666667,,
3700215258,1344,1117,210,0,15.054610326,1066.001913876,1,4.166666667,,
3700217258,1344,1103,210,0,15.199463262,1068.001860712,1,4.166666667,,
3700219258,1335,1115,210,0,15.352989221,1070.001807549,1,4.166666667,,
3700221258,1338,1113,210,0,15.531380919,1072.001754386,1,4.166666667,,
3700223258,1333,1104,210,0,15.727468723,1074.001701223,1,4.166666667,,
3700225258,1334,1104,210,0,15.952788619,1076.00164806,1,4.166666667,,
3700227258,1328,1103,210,0,16.207242862,1078.001594896,1,4.166666667,,
3700229258,1320,1090,210,0,16.493718976,1080.001541733,1,4.166666667,,
3700231258,1312,1089,210,0,16.82488175,1082.00148857,1,4.166666667,,
3700233258,1308,1091,210,0,17.199945123,1084.001435407,1,4.166666667,,
3700235258,1297,1091,210,0,17.662523239,1086.001382243,1,4.166666667,,
3700237258,1289,1083,210,0,18.156610456,1088.00132908,1,4.166666667,,
3700239258,1275,1081,210,0,18.744887501,1090.001275917,1,4.166666667,,
3700241258,1265,1087,210,0,19.557324641,1092.001222754,1,4.166666667,,
3700243258,1255,1099,210,0,21.485610995,1094.001169591,1,4.166666667,,
3700245258,1236,1143,210,0,23.259763739,1096.001116427,1,4.166666667,,
3700247258,1198,1296,0,0,23.350802864,1098.001063264,1,4.166666667,,
3700249258,1220,1350,0,0,23.441804172,1100.001010101,1,4.166666667,,
3700251258,1231,1387,0,0,23.457966903,1102.000956938,1,4.166666667,,
3700253258,1255,1407,0,0,23.474129633,1104.000903775,1,4.166666667,,
3700255258,1272,1436,0,0,23.475469259,1106.000850611,1,4.166666667,,
3700257258,1290,1457,0,0,23.475469259,1108.000797448,1,4.166666667,,
3700259258,1308,1486,0,0,23.475469259,1110.000744285,1,4.166666667,,
3700261258,1326,1502,0,0,23.475469259,1112.000691122,1,4.166666667,,
3700263258,1333,1520,0,0,23.475469259,1114.000637959,1,4.166666667,,
3700265258,1342,1537,0,0,23.475469259,1116.000584795,1,4.166666667,,
3700267258,1355,1536,0,0,23.470892287,1118.000531632,1,4.166666667,,
3700269258,1368,1565,0,0,23.464029747,1120.000478469,1,4.166666667,,
3700271258,1371,1569,0,0,23.461171921,1122.000425306,1,4.166666667,,
3700273258,1392,1578,0,0,23.461171921,1124.000372142,1,4.166666667,,
3700275258,1399,1584,0,0,23.461171921,1126.000318979,1,4.166666667,,
3700277258,1404,1601,0,0,23.461171921,1128.000265816,1,4.166666667,,
3700279258,1410,1601,0,0,23.461171921,1130.000212653,1,4.166666667,,
3700281258,1422,1614,0,0,23.461171921,1132.00015949,1,4.166666667,,
3700283258,1423,1621,0,0,23.468250663,1134.000106326,1,4.166666667,,
3700285258,1424,1628,0,0,23.489482935,1136.000053163,1,4.166666667,,
3700287258,1435,1638,0,0,23.511099622,1138,1,4.166666667,,
3700289258,1444,1640,0,0,23.533869511,1139.999946837,1,4.166666667,,
3700291258,1447,1646,0,0,23.553516479,1141.999893674,1,4.166666667,,
3700293258,1448,1652,0,0,23.557543356,1143.99984051,1,4.166666667,,
3700295258,1460,1661,0,0,23.56123508,1145.999787347,1,4.166666667,,
3700297258,1460,1664,0,0,23.56123508,1147.999734184,1,4.166666667,,
3700299258,1463,1669,0,0,23.56123508,1149.999681021,1,4.166666667,,
3700301258,1465,1671,0,0,23.56123508,1151.999627858,1,4.166666667,,
3700303258,1472,1665,0,0,23.56123508,1153.999574694,1,4.166666667,,
3700305258,1476,1671,0,0,23.56123508,1155.999521531,1,4.166666667,,
3700307258,1472,1680,0,0,23.56123508,1157.999468368,1,4.166666667,,
3700309258,1476,1680,0,0,23.523253954,1159.999415205,1,4.166666667,,
3700311258,1483,1684,0,0,23.477661817,1161.999362041,1,4.166666667,,
3700313258,1483,1689,0,0,23.399625152,1163.999308878,1,4.166666667,,
3700315258,1486,1687,0,0,23.310754854,1165.999255715,1,4.166666667,,
3700317258,1487,1686,0,0,23.266128736,1167.999202552,1,4.166666667,,
3700319258,1490,1690,0,0,23.243662658,1169.999149389,1,4.166666667,,
3700321258,1498,1693,0,0,22.710681534,1171.999096225,1,4.166666667,,
3700323258,1487,1693,0,0,21.8123916,1173.999043062,1,4.166666667,,
3700325258,1495,1695,0,0,21.171362519,1175.998989899,1,4.166666667,,
3700327258,1487,1693,0,0,20.788100845,1177.998936736,1,4.166666667,,
3700329258,1499,1696,0,0,20.380897464,1179.998883573,1,4.166666667,,
3700331258,1496,1696,0,0,19.940100139,1181.998830409,1,4.166666667,,
3700333258,1501,1697,0,0,19.472106633,1183.998777246,1,4.166666667,,
3700335258,1498,1693,0,0,18.94957302,1185.998724083,1,4.166666667,,
3700337258,1500,1691,0,0,18.402934216,1187.99867092,1,4.166666667,,
3700339258,1504,1697,0,0,17.783725425,1189.998617757,1,4.166666667,,
3700341258,1499,1689,0,0,17.157530384,1191.998564593,1,4.166666667,,
3700343258,1502,1700,0,0,16.496223921,1193.99851143,1,4.166666667,,
3700345258,1499,1702,0,0,15.846192844,1195.998458267,1,4.166666667,,
3700347258,1504,1702,0,0,15.321450696,1197.998405104,1,4.166666667,,
3700349258,1502,1706,0,0,14.796708547,1199.99835194,1,4.166666667,,
3700351258,1508,1697,0,0,14.796276132,1201.998298777,1,4.166666667,,
3700353258,1504,1704,0,0,14.796276132,1203.998245614,1,4.166666667,,
3700355258,1504,1700,0,0,14.796276132,1205.998192451,1,4.166666667,,
3700357258,1502,1696,0,0,14.796276132,1207.998139288,1,4.166666667,,
3700359258,1510,1700,0,0,14.77432907,1209.998086124,1,4.166666667,,
3700361258,1504,1700,0,0,14.747963018,1211.998032961,1,4.166666667,,
3700363258,1498,1701,0,0,14.741345397,1213.997979798,1,4.166666667,,
3700365258,1504,1702,0,0,14.741345397,1215.997926635,1,4.166666667,,
3700367258,1507,1705,0,0,14.741345397,1217.997873472,1,4.166666667,,
3700369258,1504,1705,0,0,14.741345397,1219.997820308,1,4.166666667,,
3700371258,1500,1701,0,0,14.756696567,1221.997767145,1,4.166666667,,
3700373258,1503,1697,0,0,14.783062619,1223.997713982,1,4.166666667,,
3700375258,1504,1704,0,0,14.816959297,1225.997660819,1,4.166666667,,
3700377258,1497,1705,0,0,14.858421514,1227.997607656,1,4.166666667,,
3700379258,1504,1705,0,0,14.882658048,1229.997554492,1,4.166666667,,
3700381258,1507,1702,0,0,14.882658048,1231.997501329,1,4.166666667,,
3700383258,1503,1705,0,0,14.928429677,1233.997448166,1,4.166666667,,
3700385258,1502,1712,0,0,15.066268529,1235.997395003,1,4.166666667,,
3700387258,1497,1697,0,0,15.22135711,1237.997341839,1,4.166666667,,
3700389258,1510,1710,0,0,15.428561817,1239.997288676,1,4.166666667,,
3700391258,1504,1709,0,0,15.62258287,1241.997235513,1,4.166666667,,
3700393258,1501,1706,0,0,15.750026259,1243.99718235,1,4.166666667,,
3700395258,1512,1705,0,0,15.869525034,1245.997129187,1,4.166666667,,
3700397258,1500,1703,0,0,15.899964708,1247.997076023,1,4.166666667,,
3700399258,1498,1706,0,0,15.930404382,1249.99702286,1,4.166666667,,
3700401258,1502,1701,0,0,15.937081507,1251.996969697,1,4.166666667,,
3700403258,1504,1703,0,0,15.943723205,1253.996916534,1,4.166666667,,
3700405258,1504,1705,0,0,15.950049774,1255.996863371,1,4.166666667,,
3700407258,1500,1704,0,0,15.956347115,1257.996810207,1,4.166666667,,
3700409258,1494,1702,0,0,15.957406743,1259.996757044,1,4.166666667,,
3700411258,1504,1706,0,0,15.957406743,1261.996703881,1,4.166666667,,
3700413258,1505,1705,0,0,15.952694158,1263.996650718,1,4.166666667,,
3700415258,1504,1712,0,0,15.946396818,1265.996597554,1,4.166666667,,
3700417258,1508,1704,0,0,15.927120217,1267.996544391,1,4.166666667,,
3700419258,1512,1706,0,0,15.901303917,1269.996491228,1,4.166666667,,
3700421258,1505,1704,0,0,15.890501546,1271.996438065,1,4.166666667,,
3700423258,1505,1710,0,0,15.890501546,1273.996384902,1,4.166666667,,
3700425258,1505,1711,0,0,15.874096375,1275.996331738,1,4.166666667,,
3700427258,1502,1709,0,0,15.841166109,1277.996278575,1,4.166666667,,
3700429258,1507,1710,0,0,15.818068227,1279.996225412,1,4.166666667,,
3700431258,1498,1705,0,0,15.808842425,1281.996172249,1,4.166666667,,
3700433258,1502,1706,0,0,15.801723919,1283.996119086,1,4.166666667,,
3700435258,1501,1714,0,0,15.798856853,1285.996065922,1,4.166666667,,
3700437258,1500,1710,0,0,15.794249477,1287.996012759,1,4.166666667,,
3700439258,1504,1709,0,0,15.784365403,1289.995959596,1,4.166666667,,
3700441258,1504,1709,0,0,15.770658771,1291.995906433,1,4.166666667,,
3700443258,1502,1697,0,0,15.737554799,1293.99585327,1,4.166666667,,
3700445258,1507,1704,0,0,15.70310587,1295.995800106,1,4.166666667,,
3700447258,1508,1702,0,0,15.65344563,1297.995746943,1,4.166666667,,
3700449258,1505,1704,0,0,15.60378539,1299.99569378,1,4.166666667,,
3700451258,1512,1704,0,0,15.510979409,1301.995640617,1,4.166666667,,
3700453258,1508,1697,0,0,15.418080328,1303.995587453,1,4.166666667,,
3700455258,1512,1701,0,0,15.361908491,1305.99553429,1,4.166666667,,
3700457258,1499,1699,0,0,15.30917226,1307.995481127,1,4.166666667,,
3700459258,1507,1708,0,0,15.236431247,1309.995427964,1,4.166666667,,
3700461258,1508,1707,0,0,15.159623883,1311.995374801,1,4.166666667,,
3700463258,1508,1709,0,0,15.069594884,1313.995321637,1,4.166666667,,
3700465258,1504,1699,0,0,14.975103989,1315.995268474,1,4.166666667,,
3700467258,1500,1706,0,0,14.88239734,1317.995215311,1,4.166666667,,
3700469258,1500,1710,0,0,14.790592381,1319.995162148,1,4.166666667,,
3700471258,1501,1708,0,0,14.684901886,1321.995108985,1,4.166666667,,
3700473258,1507,1708,0,0,14.569193573,1323.995055821,1,4.166666667,,
3700475258,1498,1705,0,0,14.439575449,1325.995002658,1,4.166666667,,
3700477258,1501,1705,0,0,14.295908537,1327.994949495,1,4.166666667,,
3700479258,1500,1707,0,0,14.179873134,1329.994896332,1,4.166666667,,
3700481258,1507,1701,0,0,14.102928719,1331.994843169,1,4.166666667,,
3700483258,1506,1705,0,0,14.030748629,1333.994790005,1,4.166666667,,
3700485258,1503,1708,0,0,13.968209383,1335.994736842,1,4.166666667,,
3700487258,1500,1696,0,0,13.921139121,1337.994683679,1,4.166666667,,
3700489258,1500,1709,0,0,13.921139121,1339.994630516,1,4.166666667,,
3700491258,1504,1700,0,0,13.921139121,1341.994577352,1,4.166666667,,
3700493258,1505,1701,0,0,13.921139121,1343.994524189,1,4.166666667,,
3700495258,1505,1714,0,0,13.921139121,1345.994471026,1,4.166666667,,
3700497258,1500,1704,0,0,13.921139121,1347.994417863,1,4.166666667,,
3700499258,1507,1702,0,0,13.921139121,1349.9943647,1,4.166666667,,
3700501258,1503,1707,0,0,13.98003702,1351.994311536,1,4.166666667,,
3700503258,1504,1697,0,0,14.039101345,1353.994258373,1,4.166666667,,
3700505258,1496,1706,0,0,14.175573658,1355.99420521,1,4.166666667,,
3700507258,1504,1706,0,0,14.319348568,1357.994152047,1,4.166666667,,
3700509258,1497,1708,0,0,14.447623571,1359.994098884,1,4.166666667,,
3700511258,1504,1707,0,0,14.572732999,1361.99404572,1,4.166666667,,
3700513258,1512,1701,0,0,14.654783245,1363.993992557,1,4.166666667,,
3700515258,1508,1702,0,0,14.722251105,1365.993939394,1,4.166666667,,
3700517258,1504,1713,0,0,14.772293612,1367.993886231,1,4.166666667,,
3700519258,1512,1706,0,0,14.813503736,1369.993833068,1,4.166666667,,
3700521258,1502,1709,0,0,14.876428474,1371.993779904,1,4.166666667,,
3700523258,1499,1704,0,0,14.955062183,1373.993726741,1,4.166666667,,
3700525258,1506,1704,0,0,15.014335554,1375.993673578,1,4.166666667,,
3700527258,1512,1706,0,0,15.054003098,1377.993620415,1,4.166666667,,
3700529258,1500,1705,0,0,15.077269648,1379.993567251,1,4.166666667,,
3700531258,1505,1710,0,0,15.077269648,1381.993514088,1,4.166666667,,
3700533258,1504,1704,0,0,15.077269648,1383.993460925,1,4.166666667,,
3700535258,1511,1694,0,0,15.077269648,1385.993407762,1,4.166666667,,
3700537258,1504,1705,0,0,15.077269648,1387.993354599,1,4.166666667,,
3700539258,1510,1709,0,0,15.077269648,1389.993301435,1,4.166666667,,
3700541258,1504,1709,0,0,15.07278247,1391.993248272,1,4.166666667,,
3700543258,1509,1705,0,0,15.045303525,1393.993195109,1,4.166666667,,
3700545258,1510,1705,0,0,15.016402855,1395.993141946,1,4.166666667,,
3700547258,1510,1715,0,0,14.971131524,1397.993088783,1,4.166666667,,
3700549258,1500,1703,0,0,14.925860193,1399.993035619,1,4.166666667,,
3700551258,1504,1704,0,0,14.86979125,1401.992982456,1,4.166666667,,
3700553258,1511,1705,0,0,14.813684576,1403.992929293,1,4.166666667,,
3700555258,1508,1705,0,0,14.710876904,1405.99287613,1,4.166666667,,
3700557258,1508,1703,0,0,14.603626309,1407.992822967,1,4.166666667,,
3700559258,1502,1705,0,0,14.496092279,1409.992769803,1,4.166666667,,
3700561258,1504,1706,0,0,14.388500088,1411.99271664,1,4.166666667,,
3700563258,1511,1705,0,0,14.269377261,1413.992663477,1,4.166666667,,
3700565258,1497,1706,0,0,14.146335734,1415.992610314,1,4.166666667,,
3700567258,1507,1704,0,0,14.03690885,1417.99255715,1,4.166666667,,
3700569258,1508,1709,0,0,13.93440338,1419.992503987,1,4.166666667,,
3700571258,1505,1701,0,0,13.891307431,1421.992450824,1,4.166666667,,
3700573258,1502,1695,0,0,13.891307431,1423.992397661,1,4.166666667,,
3700575258,1492,1704,0,0,13.891307431,1425.992344498,1,4.166666667,,
3700577258,1507,1705,0,0,13.891307431,1427.992291334,1,4.166666667,,
3700579258,1504,1705,0,0,13.891307431,1429.992238171,1,4.166666667,,
3700581258,1507,1706,0,0,13.891307431,1431.992185008,1,4.166666667,,
3700583258,1512,1697,0,0,13.892819927,1433.992131845,1,4.166666667,,
3700585258,1504,1713,0,0,13.897411487,1435.992078682,1,4.166666667,,
3700587258,1508,1706,0,0,13.922605695,1437.992025518,1,4.166666667,,
3700589258,1512,1704,0,0,14.010941288,1439.991972355,1,4.166666667,,
3700591258,1505,1715,0,0,14.091857142,1441.991919192,1,4.166666667,,
3700593258,1508,1705,0,0,14.134569468,1443.991866029,1,4.166666667,,
3700595258,1499,1713,0,0,14.176172488,1445.991812865,1,4.166666667,,
3700597258,1504,1713,0,0,14.204885816,1447.991759702,1,4.166666667,,
3700599258,1504,1713,0,0,14.233599145,1449.991706539,1,4.166666667,,
3700601258,1510,1700,0,0,14.305806074,1451.991653376,1,4.166666667,,
3700603258,1496,1696,0,0,14.378194114,1453.991600213,1,4.166666667,,
3700605258,1502,1707,0,0,14.466809696,1455.991547049,1,4.166666667,,
3700607258,1512,1705,0,0,14.556982037,1457.991493886,1,4.166666667,,
3700609258,1510,1707,0,0,14.6155239,1459.991440723,1,4.166666667,,
3700611258,1504,1705,0,0,14.667544746,1461.99138756,1,4.166666667,,
3700613258,1508,1707,0,0,14.699328332,1463.991334397,1,4.166666667,,
3700615258,1510,1709,0,0,14.724210098,1465.991281233,1,4.166666667,,
3700617258,1501,1706,0,0,14.740378784,1467.99122807,1,4.166666667,,
3700619258,1496,1701,0,0,14.752104726,1469.991174907,1,4.166666667,,
3700621258,1500,1705,0,0,14.757042408,1471.991121744,1,4.166666667,,
3700623258,1502,1705,0,0,14.757042408,1473.991068581,1,4.166666667,,
3700625258,1500,1706,0,0,14.757042408,1475.991015417,1,4.166666667,,
3700627258,1503,1709,0,0,14.757042408,1477.990962254,1,4.166666667,,
3700629258,1501,1700,0,0,14.757042408,1479.990909091,1,4.166666667,,
3700631258,1499,1705,0,0,14.757042408,1481.990855928,1,4.166666667,,
3700633258,1488,1697,0,0,14.752606404,1483.990802764,1,4.166666667,,
3700635258,1507,1707,0,0,14.739112585,1485.990749601,1,4.166666667,,
3700637258,1505,1709,0,0,14.721357654,1487.990696438,1,4.166666667,,
3700639258,1507,1709,0,0,14.690496686,1489.990643275,1,4.166666667,,
3700641258,1507,1706,0,0,14.654785379,1491.990590112,1,4.166666667,,
3700643258,1507,1702,0,0,14.593977769,1493.990536948,1,4.166666667,,
3700645258,1503,1695,0,0,14.531693144,1495.990483785,1,4.166666667,,
3700647258,1501,1705,0,0,14.452088578,1497.990430622,1,4.166666667,,
3700649258,1510,1704,0,0,14.372484012,1499.990377459,1,4.166666667,,
3700651258,1502,1706,0,0,14.283182773,1501.990324296,1,4.166666667,,
3700653258,1501,1712,0,0,14.193834654,1503.990271132,1,4.166666667,,
3700655258,1505,1707,0,0,14.112042035,1505.990217969,1,4.166666667,,
3700657258,1503,1709,0,0,14.030980275,1507.990164806,1,4.166666667,,
3700659258,1509,1705,0,0,13.973411745,1509.990111643,1,4.166666667,,
3700661258,1499,1701,0,0,13.920709368,1511.99005848,1,4.166666667,,
3700663258,1508,1705,0,0,13.901175846,1513.990005316,1,4.166666667,,
3700665258,1512,1709,0,0,13.89299408,1515.989952153,1,4.166666667,,
3700667258,1505,1706,0,0,13.862915477,1517.98989899,1,4.166666667,,
3700669258,1504,1703,0,0,13.821638607,1519.989845827,1,4.166666667,,
3700671258,1500,1705,0,0,13.804229883,1521.989792663,1,4.166666667,,
3700673258,1500,1705,0,0,13.804229883,1523.9897395,1,4.166666667,,
3700675258,1500,1706,0,0,13.804229883,1525.989686337,1,4.166666667,,
3700677258,1499,1706,0,0,13.804229883,1527.989633174,1,4.166666667,,
3700679258,1504,1703,0,0,13.804229883,1529.989580011,1,4.166666667,,
3700681258,1507,1705,0,0,13.804229883,1531.989526847,1,4.166666667,,
3700683258,1509,1705,0,0,13.837964799,1533.989473684,1,4.166666667,,
3700685258,1508,1710,0,0,13.94079042,1535.989420521,1,4.166666667,,
3700687258,1497,1706,0,0,14.028744231,1537.989367358,1,4.166666667,,
3700689258,1505,1705,0,0,14.070791733,1539.989314195,1,4.166666667,,
3700691258,1504,1706,0,0,14.106539178,1541.989261031,1,4.166666667,,
3700693258,1503,1709,0,0,14.109529031,1543.989207868,1,4.166666667,,
3700695258,1503,1705,0,0,14.114396557,1545.989154705,1,4.166666667,,
3700697258,1500,1712,0,0,14.141486095,1547.989101542,1,4.166666667,,
3700699258,1500,1708,0,0,14.168575633,1549.989048379,1,4.166666667,,
3700701258,1504,1710,0,0,14.218335147,1551.988995215,1,4.166666667,,
3700703258,1502,1703,0,0,14.268219484,1553.988942052,1,4.166666667,,
3700705258,1508,1709,0,0,14.316638695,1555.988888889,1,4.166666667,,
3700707258,1504,1709,0,0,14.364915011,1557.988835726,1,4.166666667,,
3700709258,1499,1702,0,0,14.387399829,1559.988782562,1,4.166666667,,
3700711258,1503,1703,0,0,14.404517459,1561.988729399,1,4.166666667,,
3700713258,1498,1707,0,0,14.42560694,1563.988676236,1,4.166666667,,
3700715258,1502,1703,0,0,14.448060513,1565.988623073,1,4.166666667,,
3700717258,1500,1710,0,0,14.465789965,1567.98856991,1,4.166666667,,
3700719258,1504,1703,0,0,14.481096275,1569.988516746,1,4.166666667,,
3700721258,1510,1697,0,0,14.489037999,1571.988463583,1,4.166666667,,
3700723258,1500,1702,0,0,14.491593557,1573.98841042,1,4.166666667,,
3700725258,1496,1702,0,0,14.492886179,1575.988357257,1,4.166666667,,
3700727258,1500,1705,0,0,14.492886179,1577.988304094,1,4.166666667,,
3700729258,1504,1696,0,0,14.492886179,1579.98825093,1,4.166666667,,
3700731258,1503,1706,0,0,14.492886179,1581.988197767,1,4.166666667,,
3700733258,1504,1705,0,0,14.492886179,1583.988144604,1,4.166666667,,
3700735258,1502,1710,0,0,14.492886179,1585.988091441,1,4.166666667,,
3700737258,1500,1705,0,0,14.486256328,1587.988038278,1,4.166666667,,
3700739258,1504,1703,0,0,14.459087661,1589.987985114,1,4.166666667,,
3700741258,1505,1701,0,0,14.427001133,1591.987931951,1,4.166666667,,
3700743258,1500,1704,0,0,14.369217705,1593.987878788,1,4.166666667,,
3700745258,1497,1697,0,0,14.313412455,1595.987825625,1,4.166666667,,
3700747258,1504,1701,0,0,14.281237104,1597.987772461,1,4.166666667,,
3700749258,1507,1713,0,0,14.249061753,1599.987719298,1,4.166666667,,
3700751258,1496,1702,0,0,14.220318214,1601.987666135,1,4.166666667,,
3700753258,1508,1709,0,0,14.191595879,1603.987612972,1,4.166666667,,
3700755258,1502,1701,0,0,14.143925813,1605.987559809,1,4.166666667,,
3700757258,1512,1707,0,0,14.094392562,1607.987506645,1,4.166666667,,
3700759258,1505,1700,0,0,14.069828295,1609.987453482,1,4.166666667,,
3700761258,1507,1704,0,0,14.05048429,1611.987400319,1,4.166666667,,
3700763258,1505,1704,0,0,13.983859364,1613.987347156,1,4.166666667,,
3700765258,1510,1704,0,0,13.900939529,1615.987293993,1,4.166666667,,
3700767258,1508,1706,0,0,13.851412218,1617.987240829,1,4.166666667,,
3700769258,1504,1705,0,0,13.819063774,1619.987187666,1,4.166666667,,
3700771258,1504,1704,0,0,13.805377663,1621.987134503,1,4.166666667,,
3700773258,1500,1701,0,0,13.805377663,1623.98708134,1,4.166666667,,
3700775258,1504,1707,0,0,13.805377663,1625.987028177,1,4.166666667,,
3700777258,1505,1706,0,0,13.805377663,1627.986975013,1,4.166666667,,
3700779258,1505,1705,0,0,13.805377663,1629.98692185,1,4.166666667,,
3700781258,1505,1702,0,0,13.805377663,1631.986868687,1,4.166666667,,
3700783258,1508,1704,0,0,13.823000916,1633.986815524,1,4.166666667,,
3700785258,1500,1709,0,0,13.876935927,1635.98676236,1,4.166666667,,
3700787258,1503,1709,0,0,13.930050531,1637.986709197,1,4.166666667,,
3700789258,1511,1715,0,0,13.980614391,1639.986656034,1,4.166666667,,
3700791258,1510,1695,0,0,14.024108371,1641.986602871,1,4.166666667,,
3700793258,1504,1707,0,0,14.03047785,1643.986549708,1,4.166666667,,
3700795258,1512,1713,0,0,14.036822379,1645.986496544,1,4.166666667,,
3700797258,1496,1705,0,0,14.042866084,1647.986443381,1,4.166666667,,
3700799258,1508,1709,0,0,14.048909789,1649.986390218,1,4.166666667,,
3700801258,1501,1697,0,0,14.053714394,1651.986337055,1,4.166666667,,
3700803258,1507,1713,0,0,14.05851051,1653.986283892,1,4.166666667,,
3700805258,1510,1704,0,0,14.081132895,1655.986230728,1,4.166666667,,
3700807258,1502,1705,0,0,14.105522491,1657.986177565,1,4.166666667,,
3700809258,1504,1709,0,0,14.109756098,1659.986124402,1,4.166666667,,
3700811258,1508,1702,0,0,14.109756098,1661.986071239,1,4.166666667,,
3700813258,1503,1704,0,0,14.110688095,1663.986018075,1,4.166666667,,
3700815258,1507,1705,0,0,14.111942417,1665.985964912,1,4.166666667,,
3700817258,1499,1706,0,0,14.112369338,1667.985911749,1,4.166666667,,
3700819258,1508,1709,0,0,14.112369338,1669.985858586,1,4.166666667,,
3700821258,1501,1700,0,0,14.111646533,1671.985805423,1,4.166666667,,
3700823258,1508,1710,0,0,14.110392211,1673.985752259,1,4.166666667,,
3700825258,1507,1709,0,0,14.109756098,1675.985699096,1,4.166666667,,
3700827258,1501,1704,0,0,14.109756098,1677.985645933,1,4.166666667,,
3700829258,1506,1699,0,0,14.108366568,1679.98559277,1,4.166666667,,
3700831258,1512,1704,0,0,14.104973119,1681.985539607,1,4.166666667,,
3700833258,1512,1701,0,0,14.093670674,1683.985486443,1,4.166666667,,
3700835258,1512,1705,0,0,14.066022843,1685.98543328,1,4.166666667,,
3700837258,1504,1705,0,0,14.041273452,1687.985380117,1,4.166666667,,
3700839258,1505,1707,0,0,14.025568271,1689.985326954,1,4.166666667,,
3700841258,1507,1710,0,0,14.010833249,1691.985273791,1,4.166666667,,
3700843258,1509,1713,0,0,14.001217903,1693.985220627,1,4.166666667,,
3700845258,1504,1704,0,0,13.990182507,1695.985167464,1,4.166666667,,
3700847258,1499,1713,0,0,13.961862387,1697.985114301,1,4.166666667,,
3700849258,1502,1710,0,0,13.933542267,1699.985061138,1,4.166666667,,
3700851258,1500,1701,0,0,13.9073732,1701.985007974,1,4.166666667,,
3700853258,1500,1701,0,0,13.881220322,1703.984954811,1,4.166666667,,
3700855258,1501,1703,0,0,13.871002374,1705.984901648,1,4.166666667,,
3700857258,1508,1705,0,0,13.86237694,1707.984848485,1,4.166666667,,
3700859258,1512,1707,0,0,13.833846399,1709.984795322,1,4.166666667,,
3700861258,1510,1697,0,0,13.801115561,1711.984742158,1,4.166666667,,
3700863258,1505,1712,0,0,13.792682927,1713.984688995,1,4.166666667,,
3700865258,1507,1713,0,0,13.792682927,1715.984635832,1,4.166666667,,
3700867258,1506,1699,0,0,13.792682927,1717.984582669,1,4.166666667,,
3700869258,1504,1709,0,0,13.792682927,1719.984529506,1,4.166666667,,
3700871258,1504,1707,0,0,13.792682927,1721.984476342,1,4.166666667,,
3700873258,1505,1708,0,0,13.792682927,1723.984423179,1,4.166666667,,
3700875258,1499,1705,0,0,13.799803609,1725.984370016,1,4.166666667,,
3700877258,1500,1716,0,0,13.814270715,1727.984316853,1,4.166666667,,
3700879258,1512,1697,0,0,13.841717343,1729.98426369,1,4.166666667,,
3700881258,1503,1704,0,0,13.887934021,1731.984210526,1,4.166666667,,
3700883258,1508,1706,0,0,13.921011813,1733.984157363,1,4.166666667,,
3700885258,1496,1697,0,0,13.92685341,1735.9841042,1,4.166666667,,
3700887258,1504,1712,0,0,13.931281154,1737.984051037,1,4.166666667,,
3700889258,1507,1703,0,0,13.931281154,1739.983997873,1,4.166666667,,
3700891258,1500,1706,0,0,13.931281154,1741.98394471,1,4.166666667,,
3700893258,1508,1705,0,0,13.931281154,1743.983891547,1,4.166666667,,
3700895258,1508,1702,0,0,13.931281154,1745.983838384,1,4.166666667,,
3700897258,1508,1694,0,0,13.931281154,1747.983785221,1,4.166666667,,
3700899258,1504,1710,0,0,13.931281154,1749.983732057,1,4.166666667,,
3700901258,1505,1697,0,0,13.918329878,1751.983678894,1,4.166666667,,
3700903258,1504,1706,0,0,13.90527239,1753.983625731,1,4.166666667,,
3700905258,1508,1701,0,0,13.90183655,1755.983572568,1,4.166666667,,
3700907258,1507,1709,0,0,13.899370025,1757.983519405,1,4.166666667,,
3700909258,1507,1704,0,0,13.888731239,1759.983466241,1,4.166666667,,
3700911258,1509,1703,0,0,13.876360004,1761.983413078,1,4.166666667,,
3700913258,1501,1704,0,0,13.87316451,1763.983359915,1,4.166666667,,
3700915258,1506,1713,0,0,13.87316451,1765.983306752,1,4.166666667,,
3700917258,1505,1713,0,0,13.87316451,1767.983253589,1,4.166666667,,
3700919258,1508,1707,0,0,13.87316451,1769.983200425,1,4.166666667,,
3700921258,1504,1701,0,0,13.87196166,1771.983147262,1,4.166666667,,
3700923258,1504,1702,0,0,13.869869464,1773.983094099,1,4.166666667,,
3700925258,1507,1703,0,0,13.868805652,1775.983040936,1,4.166666667,,
3700927258,1505,1705,0,0,13.868805652,1777.982987772,1,4.166666667,,
3700929258,1503,1701,0,0,13.868204745,1779.982934609,1,4.166666667,,
3700931258,1499,1704,0,0,13.866732454,1781.982881446,1,4.166666667,,
3700933258,1499,1705,0,0,13.860528639,1783.982828283,1,4.166666667,,
3700935258,1508,1703,0,0,13.844486877,1785.98277512,1,4.166666667,,
3700937258,1505,1704,0,0,13.832317073,1787.982721956,1,4.166666667,,
3700939258,1505,1710,0,0,13.832317073,1789.982668793,1,4.166666667,,
3700941258,1502,1704,0,0,13.831172171,1791.98261563,1,4.166666667,,
3700943258,1508,1701,0,0,13.823924977,1793.982562467,1,4.166666667,,
3700945258,1504,1708,0,0,13.817218351,1795.982509304,1,4.166666667,,
3700947258,1508,1701,0,0,13.817218351,1797.98245614,1,4.166666667,,
3700949258,1499,1706,0,0,13.817218351,1799.982402977,1,4.166666667,,
3700951258,1499,1699,0,0,13.817218351,1801.982349814,1,4.166666667,,
3700953258,1508,1707,0,0,13.817218351,1803.982296651,1,4.166666667,,
3700955258,1500,1706,0,0,13.823797444,1805.982243488,1,4.166666667,,
3700957258,1510,1701,0,0,13.831044639,1807.982190324,1,4.166666667,,
3700959258,1508,1704,0,0,13.832317073,1809.982137161,1,4.166666667,,
3700961258,1499,1697,0,0,13.832317073,1811.982083998,1,4.166666667,,
3700963258,1504,1700,0,0,13.832317073,1813.982030835,1,4.166666667,,
3700965258,1505,1697,0,0,13.832317073,1815.981977671,1,4.166666667,,
3700967258,1504,1710,0,0,13.832317073,1817.981924508,1,4.166666667,,
3700969258,1501,1705,0,0,13.832317073,1819.981871345,1,4.166666667,,
3700971258,1504,1708,0,0,13.832317073,1821.981818182,1,4.166666667,,
3700973258,1510,1706,0,0,13.832317073,1823.981765019,1,4.166666667,,
3700975258,1499,1709,0,0,13.829326851,1825.981711855,1,4.166666667,,
3700977258,1504,1705,0,0,13.823235161,1827.981658692,1,4.166666667,,
3700979258,1512,1695,0,0,13.814882244,1829.981605529,1,4.166666667,,
3700981258,1497,1709,0,0,13.803241264,1831.981552366,1,4.166666667,,
3700983258,1503,1709,0,0,13.784239789,1833.981499203,1,4.166666667,,
3700985258,1501,1702,0,0,13.74988765,1835.981446039,1,4.166666667,,
3700987258,1496,1709,0,0,13.723804168,1837.981392876,1,4.166666667,,
3700989258,1504,1701,0,0,13.723804168,1839.981339713,1,4.166666667,,
3700991258,1507,1708,0,0,13.723804168,1841.98128655,1,4.166666667,,
3700993258,1500,1700,0,0,13.723804168,1843.981233386,1,4.166666667,,
3700995258,1498,1701,0,0,13.723804168,1845.981180223,1,4.166666667,,
3700997258,1512,1707,0,0,13.723804168,1847.98112706,1,4.166666667,,
3700999258,1501,1708,0,0,13.723804168,1849.981073897,1,4.166666667,,
3701001258,1510,1709,0,0,13.727945892,1851.981020734,1,4.166666667,,
3701003258,1512,1697,0,0,13.732127186,1853.98096757,1,4.166666667,,
3701005258,1512,1705,0,0,13.756557133,1855.980914407,1,4.166666667,,
3701007258,1504,1705,0,0,13.78305965,1857.980861244,1,4.166666667,,
3701009258,1505,1709,0,0,13.79065763,1859.980808081,1,4.166666667,,
3701011258,1508,1713,0,0,13.794211042,1861.980754918,1,4.166666667,,
3701013258,1505,1705,0,0,13.795133613,1863.980701754,1,4.166666667,,
3701015258,1512,1714,0,0,13.795133613,1865.980648591,1,4.166666667,,
3701017258,1505,1705,0,0,13.795133613,1867.980595428,1,4.166666667,,
3701019258,1502,1709,0,0,13.795133613,1869.980542265,1,4.166666667,,
3701021258,1504,1700,0,0,13.7930954,1871.980489102,1,4.166666667,,
3701023258,1504,1705,0,0,13.789541987,1873.980435938,1,4.166666667,,
3701025258,1505,1707,0,0,13.786115522,1875.980382775,1,4.166666667,,
3701027258,1504,1702,0,0,13.782821077,1877.980329612,1,4.166666667,,
3701029258,1504,1707,0,0,13.771960434,1879.980276449,1,4.166666667,,
3701031258,1500,1704,0,0,13.750067401,1881.980223285,1,4.166666667,,
3701033258,1510,1705,0,0,13.734153597,1883.980170122,1,4.166666667,,
3701035258,1505,1703,0,0,13.730747671,1885.980116959,1,4.166666667,,
3701037258,1504,1705,0,0,13.728159297,1887.980063796,1,4.166666667,,
3701039258,1504,1706,0,0,13.728159297,1889.980010633,1,4.166666667,,
3701041258,1511,1707,0,0,13.728159297,1891.979957469,1,4.166666667,,
3701043258,1505,1713,0,0,13.728159297,1893.979904306,1,4.166666667,,
3701045258,1510,1705,0,0,13.728159297,1895.979851143,1,4.166666667,,
3701047258,1508,1697,210,1,13.728159297,1897.97979798,1,4.166666667,2,-2.146464646
3701049258,1497,1665,210,1,13.728159297,1899.979744817,1,4.166666667,,
3701051258,1491,1625,210,1,13.722589288,1901.979691653,1,4.166666667,,
3701053258,1488,1601,210,1,13.716962289,1903.97963849,1,4.166666667,,
3701055258,1474,1563,210,1,13.716436071,1905.979585327,1,4.166666667,,
3701057258,1459,1538,210,1,13.716436071,1907.979532164,1,4.166666667,,
3701059258,1461,1505,210,1,13.716436071,1909.979479001,1,4.166666667,,
3701061258,1454,1479,210,1,13.716436071,1911.979425837,1,4.166666667,,
3701063258,1441,1449,210,0,13.715935737,1913.979372674,1,4.166666667,,
3701065258,1436,1424,210,0,13.71525934,1915.979319511,1,4.166666667,,
3701067258,1436,1401,210,0,13.715026874,1917.979266348,1,4.166666667,,
3701069258,1432,1371,210,0,13.715026874,1919.979213184,1,4.166666667,,
3701071258,1421,1356,210,0,13.715026874,1921.979160021,1,4.166666667,,
3701073258,1422,1341,210,0,13.715026874,1923.979106858,1,4.166666667,,
3701075258,1410,1328,210,0,13.715026874,1925.979053695,1,4.166666667,,
3701077258,1412,1305,210,0,13.715026874,1927.979000532,1,4.166666667,,
3701079258,1408,1292,210,0,13.719219739,1929.978947368,1,4.166666667,,
3701081258,1403,1273,210,0,13.729543151,1931.978894205,1,4.166666667,,
3701083258,1396,1264,210,0,13.746972127,1933.978841042,1,4.166666667,,
3701085258,1396,1254,210,0,13.779310382,1935.978787879,1,4.166666667,,
3701087258,1396,1240,210,0,13.804793985,1937.978734716,1,4.166666667,,
3701089258,1387,1231,210,0,13.808496463,1939.978681552,1,4.166666667,,
3701091258,1371,1232,210,0,13.812489483,1941.978628389,1,4.166666667,,
3701093258,1385,1217,210,0,13.818054582,1943.978575226,1,4.166666667,,
3701095258,1384,1205,210,0,13.824698883,1945.978522063,1,4.166666667,,
3701097258,1371,1201,210,0,13.845129791,1947.9784689,1,4.166666667,,
3701099258,1371,1187,210,0,13.865560699,1949.978415736,1,4.166666667,,
3701101258,1371,1187,210,0,13.868710767,1951.978362573,1,4.166666667,,
3701103258,1368,1172,210,0,13.871672299,1953.97830941,1,4.166666667,,
3701105258,1368,1167,210,0,13.878203608,1955.978256247,1,4.166666667,,
3701107258,1371,1163,210,0,13.88510608,1957.978203083,1,4.166666667,,
3701109258,1366,1167,210,0,13.906287457,1959.97814992,1,4.166666667,,
3701111258,1370,1159,210,0,13.930551776,1961.978096757,1,4.166666667,,
3701113258,1371,1155,210,0,13.947035551,1963.978043594,1,4.166666667,,
3701115258,1360,1151,210,0,13.960771984,1965.977990431,1,4.166666667,,
3701117258,1371,1147,210,0,13.978366352,1967.977937267,1,4.166666667,,
3701119258,1364,1143,210,0,13.997986897,1969.977884104,1,4.166666667,,
3701121258,1365,1145,210,0,14.030997774,1971.977830941,1,4.166666667,,
3701123258,1360,1131,210,0,14.07401719,1973.977777778,1,4.166666667,,
3701125258,1359,1136,210,0,14.116949613,1975.977724615,1,4.166666667,,
3701127258,1362,1140,210,0,14.159791086,1977.977671451,1,4.166666667,,
3701129258,1360,1128,210,0,14.201973331,1979.977618288,1,4.166666667,,
3701131258,1358,1131,210,0,14.243189033,1981.977565125,1,4.166666667,,
3701133258,1358,1128,210,0,14.296468685,1983.977511962,1,4.166666667,,
3701135258,1359,1126,210,0,14.375138686,1985.977458799,1,4.166666667,,
3701137258,1364,1126,210,0,14.452615895,1987.977405635,1,4.166666667,,
3701139258,1364,1118,210,0,14.526289054,1989.977352472,1,4.166666667,,
3701141258,1352,1123,210,0,14.602771497,1991.977299309,1,4.166666667,,
3701143258,1360,1121,210,0,14.694531678,1993.977246146,1,4.166666667,,
3701145258,1353,1115,210,0,14.788826919,1995.977192982,1,4.166666667,,
3701147258,1345,1115,210,0,14.9158297,1997.977139819,1,4.166666667,,
3701149258,1352,1117,210,0,15.04283248,1999.977086656,1,4.166666667,,
3701151258,1348,1113,210,0,15.180293236,2001.977033493,1,4.166666667,,
3701153258,1339,1114,210,0,15.317875196,2003.97698033,1,4.166666667,,
3701155258,1334,1107,210,0,15.492557908,2005.976927166,1,4.166666667,,
3701157258,1334,1107,210,0,15.671128184,2007.976874003,1,4.166666667,,
3701159258,1329,1103,210,0,15.888289679,2009.97682084,1,4.166666667,,
3701161258,1320,1094,210,0,16.113821301,2011.976767677,1,4.166666667,,
3701163258,1319,1095,210,0,16.396163342,2013.976714514,1,4.166666667,,
3701165258,1312,1086,210,0,16.69863456,2015.97666135,1,4.166666667,,
3701167258,1308,1094,210,0,17.072837471,2017.976608187,1,4.166666667,,
3701169258,1292,1089,210,0,17.484824702,2019.976555024,1,4.166666667,,
3701171258,1282,1086,210,0,17.973343937,2021.976501861,1,4.166666667,,
3701173258,1272,1078,210,0,18.519222136,2023.976448698,1,4.166666667,,
3701175258,1261,1066,210,0,19.177608271,2025.976395534,1,4.166666667,,
3701177258,1247,1075,210,0,19.953936,2027.976342371,1,4.166666667,,
3701179258,1247,1084,210,0,20.981980732,2029.976289208,1,4.166666667,,
3701181258,1215,1143,210,0,22.380105163,2031.976236045,1,4.166666667,,
3701183258,1179,1302,210,0,23.347106826,2033.976182881,1,4.166666667,,
3701185258,1182,1342,210,0,23.403980233,2035.976129718,1,4.166666667,,
3701187258,1179,1348,210,0,23.447315231,2037.976076555,1,4.166666667,,
3701189258,1178,1351,210,0,23.447315231,2039.976023392,1,4.166666667,,
3701191258,1176,1355,210,0,23.447315231,2041.975970229,1,4.166666667,,
3701193258,1179,1354,210,0,23.447315231,2043.975917065,1,4.166666667,,
3701195258,1181,1355,210,0,23.447315231,2045.975863902,1,4.166666667,,
3701197258,1184,1353,0,0,23.447315231,2047.975810739,1,4.166666667,,
3701199258,1208,1389,0,0,23.447315231,2049.975757576,1,4.166666667,,
3701201258,1219,1416,0,0,23.45494907,2051.975704413,1,4.166666667,,
3701203258,1243,1436,0,0,23.462676578,2053.975651249,1,4.166666667,,
3701205258,1258,1461,0,0,23.45697953,2055.975598086,1,4.166666667,,
3701207258,1284,1488,0,0,23.449864907,2057.975544923,1,4.166666667,,
3701209258,1299,1500,0,0,23.436913475,2059.97549176,1,4.166666667,,
3701211258,1319,1516,0,0,23.422690337,2061.975438596,1,4.166666667,,
3701213258,1332,1533,0,0,23.418959783,2063.975385433,1,4.166666667,,
3701215258,1333,1544,0,0,23.418959783,2065.97533227,1,4.166666667,,
3701217258,1356,1564,0,0,23.424657383,2067.975279107,1,4.166666667,,
3701219258,1366,1570,0,0,23.433365002,2069.975225944,1,4.166666667,,
3701221258,1371,1585,0,0,23.44025014,2071.97517278,1,4.166666667,,
3701223258,1398,1600,0,0,23.445765659,2073.975119617,1,4.166666667,,
3701225258,1400,1601,0,0,23.450867874,2075.975066454,1,4.166666667,,
3701227258,1400,1614,0,0,23.45553567,2077.975013291,1,4.166666667,,
3701229258,1419,1613,0,0,23.456430417,2079.974960128,1,4.166666667,,
3701231258,1416,1628,0,0,23.451762621,2081.974906964,1,4.166666667,,
3701233258,1431,1623,0,0,23.446822902,2083.974853801,1,4.166666667,,
3701235258,1435,1641,0,0,23.441307382,2085.974800638,1,4.166666667,,
3701237258,1434,1641,0,0,23.437101137,2087.974747475,1,4.166666667,,
3701239258,1444,1654,0,0,23.437101137,2089.974694312,1,4.166666667,,
3701241258,1444,1664,0,0,23.434773863,2091.974641148,1,4.166666667,,
3701243258,1451,1661,0,0,23.41966084,2093.974587985,1,4.166666667,,
3701245258,1455,1667,0,0,23.405614837,2095.974534822,1,4.166666667,,
3701247258,1461,1668,0,0,23.405614837,2097.974481659,1,4.166666667,,
3701249258,1461,1679,0,0,23.405614837,2099.974428495,1,4.166666667,,
3701251258,1467,1681,0,0,23.405614837,2101.974375332,1,4.166666667,,
3701253258,1469,1680,0,0,23.405614837,2103.974322169,1,4.166666667,,
3701255258,1467,1681,0,0,23.405614837,2105.974269006,1,4.166666667,,
3701257258,1480,1680,0,0,23.405614837,2107.974215843,1,4.166666667,,
3701259258,1476,1685,0,0,23.397965925,2109.974162679,1,4.166666667,,
3701261258,1480,1688,0,0,23.388642945,2111.974109516,1,4.166666667,,
3701263258,1482,1694,0,0,23.386191447,2113.974056353,1,4.166666667,,
3701265258,1487,1690,0,0,23.386191447,2115.97400319,1,4.166666667,,
3701267258,1487,1699,0,0,23.386191447,2117.973950027,1,4.166666667,,
3701269258,1489,1693,0,0,23.386191447,2119.973896863,1,4.166666667,,
3701271258,1489,1696,0,0,23.321496356,2121.9738437,1,4.166666667,,
3701273258,1489,1696,0,0,23.208050002,2123.973790537,1,4.166666667,,
3701275258,1488,1693,0,0,22.688946305,2125.973737374,1,4.166666667,,
3701277258,1492,1701,0,0,21.74232548,2127.973684211,1,4.166666667,,
3701279258,1496,1693,0,0,21.03338664,2129.973631047,1,4.166666667,,
3701281258,1499,1701,0,0,20.675826925,2131.973577884,1,4.166666667,,
3701283258,1499,1701,0,0,20.293665641,2133.973524721,1,4.166666667,,
3701285258,1499,1698,0,0,19.85925105,2135.973471558,1,4.166666667,,
3701287258,1512,1696,0,0,19.409918169,2137.973418394,1,4.166666667,,
3701289258,1502,1701,0,0,18.912481555,2139.973365231,1,4.166666667,,
3701291258,1498,1701,0,0,18.406667382,2141.973312068,1,4.166666667,,
3701293258,1504,1703,0,0,17.85459218,2143.973258905,1,4.166666667,,
3701295258,1504,1699,0,0,17.294878382,2145.973205742,1,4.166666667,,
3701297258,1501,1705,0,0,16.63358374,2147.973152578,1,4.166666667,,
3701299258,1509,1705,0,0,15.972289097,2149.973099415,1,4.166666667,,
3701301258,1508,1704,0,0,15.349963214,2151.973046252,1,4.166666667,,
3701303258,1511,1704,0,0,14.728168632,2153.972993089,1,4.166666667,,
3701305258,1502,1705,0,0,14.667954441,2155.972939926,1,4.166666667,,
3701307258,1500,1704,0,0,14.667954441,2157.972886762,1,4.166666667,,
3701309258,1499,1701,0,0,14.667954441,2159.972833599,1,4.166666667,,
3701311258,1500,1709,0,0,14.667954441,2161.972780436,1,4.166666667,,
3701313258,1501,1703,0,0,14.667954441,2163.972727273,1,4.166666667,,
3701315258,1502,1704,0,0,14.667954441,2165.97267411,1,4.166666667,,
3701317258,1496,1705,0,0,14.821910971,2167.972620946,1,4.166666667,,
3701319258,1497,1701,0,0,15.057680997,2169.972567783,1,4.166666667,,
3701321258,1509,1694,0,0,15.252563221,2171.97251462,1,4.166666667,,
3701323258,1500,1699,0,0,15.416550615,2173.972461457,1,4.166666667,,
3701325258,1501,1704,0,0,15.500804539,2175.972408293,1,4.166666667,,
3701327258,1499,1704,0,0,15.500804539,2177.97235513,1,4.166666667,,
3701329258,1500,1703,0,0,15.500804539,2179.972301967,1,4.166666667,,
3701331258,1507,1702,0,0,15.500804539,2181.972248804,1,4.166666667,,
3701333258,1506,1709,0,0,15.500804539,2183.972195641,1,4.166666667,,
3701335258,1512,1703,0,0,15.500804539,2185.972142477,1,4.166666667,,
3701337258,1501,1706,0,0,15.483775729,2187.972089314,1,4.166666667,,
3701339258,1497,1708,0,0,15.411635323,2189.972036151,1,4.166666667,,
3701341258,1504,1712,0,0,15.347527671,2191.971982988,1,4.166666667,,
3701343258,1505,1704,0,0,15.328005092,2193.971929825,1,4.166666667,,
3701345258,1508,1703,0,0,15.30983491,2195.971876661,1,4.166666667,,
3701347258,1504,1697,0,0,15.30983491,2197.971823498,1,4.166666667,,
3701349258,1504,1704,0,0,15.30983491,2199.971770335,1,4.166666667,,
3701351258,1504,1699,0,0,15.30983491,2201.971717172,1,4.166666667,,
3701353258,1505,1705,0,0,15.30983491,2203.971664009,1,4.166666667,,
3701355258,1499,1705,0,0,15.30983491,2205.971610845,1,4.166666667,,
3701357258,1502,1705,0,0,15.30983491,2207.971557682,1,4.166666667,,
3701359258,1499,1703,0,0,15.450303074,2209.971504519,1,4.166666667,,
3701361258,1509,1702,0,0,15.621792393,2211.971451356,1,4.166666667,,
3701363258,1501,1705,0,0,15.667113821,2213.971398192,1,4.166666667,,
3701365258,1496,1701,0,0,15.667113821,2215.971345029,1,4.166666667,,
3701367258,1500,1705,0,0,15.667113821,2217.971291866,1,4.166666667,,
3701369258,1508,1706,0,0,15.667113821,2219.971238703,1,4.166666667,,
3701371258,1499,1705,0,0,15.667113821,2221.97118554,1,4.166666667,,
3701373258,1508,1705,0,0,15.667113821,2223.971132376,1,4.166666667,,
3701375258,1501,1705,0,0,15.601961511,2225.971079213,1,4.166666667,,
3701377258,1504,1706,0,0,15.467779712,2227.97102605,1,4.166666667,,
3701379258,1500,1708,0,0,15.367912976,2229.970972887,1,4.166666667,,
3701381258,1501,1697,0,0,15.319057263,2231.970919724,1,4.166666667,,
3701383258,1504,1705,0,0,15.281493727,2233.97086656,1,4.166666667,,
3701385258,1502,1706,0,0,15.268061665,2235.970813397,1,4.166666667,,
3701387258,1498,1705,0,0,15.245438109,2237.970760234,1,4.166666667,,
3701389258,1500,1705,0,0,15.192957507,2239.970707071,1,4.166666667,,
3701391258,1498,1694,0,0,15.146235371,2241.970653907,1,4.166666667,,
3701393258,1503,1704,0,0,15.131640004,2243.970600744,1,4.166666667,,
3701395258,1496,1707,0,0,15.117875045,2245.970547581,1,4.166666667,,
3701397258,1497,1700,0,0,15.115383163,2247.970494418,1,4.166666667,,
3701399258,1500,1702,0,0,15.112891281,2249.970441255,1,4.166666667,,
3701401258,1508,1707,0,0,15.012871611,2251.970388091,1,4.166666667,,
3701403258,1500,1703,0,0,14.911388879,2253.970334928,1,4.166666667,,
3701405258,1504,1705,0,0,14.866121443,2255.970281765,1,4.166666667,,
3701407258,1507,1701,0,0,14.826973299,2257.970228602,1,4.166666667,,
3701409258,1501,1705,0,0,14.780787782,2259.970175439,1,4.166666667,,
3701411258,1504,1706,0,0,14.733041148,2261.970122275,1,4.166666667,,
3701413258,1500,1705,0,0,14.644883114,2263.970069112,1,4.166666667,,
3701415258,1500,1703,0,0,14.542159029,2265.970015949,1,4.166666667,,
3701417258,1504,1706,0,0,14.403837176,2267.969962786,1,4.166666667,,
3701419258,1502,1706,0,0,14.246487252,2269.969909623,1,4.166666667,,
3701421258,1502,1709,0,0,14.124536774,2271.969856459,1,4.166666667,,
3701423258,1500,1707,0,0,14.029479475,2273.969803296,1,4.166666667,,
3701425258,1504,1706,0,0,13.94818843,2275.969750133,1,4.166666667,,
3701427258,1510,1701,0,0,13.881521719,2277.96969697,1,4.166666667,,
3701429258,1498,1701,0,0,13.841621641,2279.969643806,1,4.166666667,,
3701431258,1509,1699,0,0,13.841621641,2281.969590643,1,4.166666667,,
3701433258,1502,1709,0,0,13.841621641,2283.96953748,1,4.166666667,,
3701435258,1500,1702,0,0,13.841621641,2285.969484317,1,4.166666667,,
3701437258,1509,1704,0,0,13.841621641,2287.969431154,1,4.166666667,,
3701439258,1500,1702,0,0,13.841621641,2289.96937799,1,4.166666667,,
3701441258,1500,1703,0,0,13.849462651,2291.969324827,1,4.166666667,,
3701443258,1504,1709,0,0,13.901275569,2293.969271664,1,4.166666667,,
3701445258,1500,1714,0,0,13.954805809,2295.969218501,1,4.166666667,,
3701447258,1505,1702,0,0,14.031894144,2297.969165338,1,4.166666667,,
3701449258,1504,1704,0,0,14.10898248,2299.969112174,1,4.166666667,,
3701451258,1500,1705,0,0,14.160158474,2301.969059011,1,4.166666667,,
3701453258,1504,1705,0,0,14.210927992,2303.969005848,1,4.166666667,,
3701455258,1504,1705,0,0,14.304940769,2305.968952685,1,4.166666667,,
3701457258,1509,1709,0,0,14.403696133,2307.968899522,1,4.166666667,,
3701459258,1509,1702,0,0,14.472966406,2309.968846358,1,4.166666667,,
3701461258,1501,1701,0,0,14.535666653,2311.968793195,1,4.166666667,,
3701463258,1501,1713,0,0,14.586307469,2313.968740032,1,4.166666667,,
3701465258,1508,1705,0,0,14.632586689,2315.968686869,1,4.166666667,,
3701467258,1505,1701,0,0,14.660716513,2317.968633705,1,4.166666667,,
3701469258,1505,1705,0,0,14.679116512,2319.968580542,1,4.166666667,,
3701471258,1502,1694,0,0,14.687072448,2321.968527379,1,4.166666667,,
3701473258,1502,1702,0,0,14.687072448,2323.968474216,1,4.166666667,,
3701475258,1502,1709,0,0,14.687072448,2325.968421053,1,4.166666667,,
3701477258,1495,1701,0,0,14.687072448,2327.968367889,1,4.166666667,,
3701479258,1499,1705,0,0,14.687072448,2329.968314726,1,4.166666667,,
3701481258,1504,1705,0,0,14.687072448,2331.968261563,1,4.166666667,,
3701483258,1502,1699,0,0,14.680167262,2333.9682084,1,4.166666667,,
3701485258,1504,1707,0,0,14.658414943,2335.968155237,1,4.166666667,,
3701487258,1505,1705,0,0,14.636967781,2337.968102073,1,4.166666667,,
3701489258,1504,1699,0,0,14.616519236,2339.96804891,1,4.166666667,,
3701491258,1500,1699,0,0,14.597484524,2341.967995747,1,4.166666667,,
3701493258,1500,1704,0,0,14.586419708,2343.967942584,1,4.166666667,,
3701495258,1501,1706,0,0,14.574928029,2345.967889421,1,4.166666667,,
3701497258,1502,1706,0,0,14.557518612,2347.967836257,1,4.166666667,,
3701499258,1502,1707,0,0,14.540109196,2349.967783094,1,4.166666667,,
3701501258,1501,1706,0,0,14.528781125,2351.967729931,1,4.166666667,,
3701503258,1504,1705,0,0,14.517552623,2353.967676768,1,4.166666667,,
3701505258,1504,1705,0,0,14.501134466,2355.967623604,1,4.166666667,,
3701507258,1500,1701,0,0,14.484142897,2357.967570441,1,4.166666667,,
3701509258,1500,1706,0,0,14.466134699,2359.967517278,1,4.166666667,,
3701511258,1492,1705,0,0,14.447898959,2361.967464115,1,4.166666667,,
3701513258,1494,1702,0,0,14.413488188,2363.967410952,1,4.166666667,,
3701515258,1500,1706,0,0,14.37320736,2365.967357788,1,4.166666667,,
3701517258,1497,1710,0,0,14.32979285,2367.967304625,1,4.166666667,,
3701519258,1504,1717,0,0,14.284693466,2369.967251462,1,4.166666667,,
3701521258,1504,1704,0,0,14.242489834,2371.967198299,1,4.166666667,,
3701523258,1508,1714,0,0,14.202498069,2373.967145136,1,4.166666667,,
3701525258,1499,1708,0,0,14.165874481,2375.967091972,1,4.166666667,,
3701527258,1500,1707,0,0,14.13284811,2377.967038809,1,4.166666667,,
3701529258,1503,1697,0,0,14.089996062,2379.966985646,1,4.166666667,,
3701531258,1495,1713,0,0,14.032415942,2381.966932483,1,4.166666667,,
3701533258,1507,1713,0,0,13.972109728,2383.96687932,1,4.166666667,,
3701535258,1497,1696,0,0,13.905924006,2385.966826156,1,4.166666667,,
3701537258,1502,1701,0,0,13.855185549,2387.966772993,1,4.166666667,,
3701539258,1504,1705,0,0,13.855185549,2389.96671983,1,4.166666667,,
3701541258,1501,1697,0,0,13.855185549,2391.966666667,1,4.166666667,,
3701543258,1496,1707,0,0,13.855185549,2393.966613503,1,4.166666667,,
3701545258,1502,1705,0,0,13.855185549,2395.96656034,1,4.166666667,,
3701547258,1500,1705,0,0,13.855185549,2397.966507177,1,4.166666667,,
3701549258,1505,1705,0,0,13.855185549,2399.966454014,1,4.166666667,,
3701551258,1500,1704,0,0,13.90581869,2401.966400851,1,4.166666667,,
3701553258,1504,1704,0,0,13.95731561,2403.966347687,1,4.166666667,,
3701555258,1500,1705,0,0,14.004481899,2405.966294524,1,4.166666667,,
3701557258,1505,1702,0,0,14.051166139,2407.966241361,1,4.166666667,,
3701559258,1500,1710,0,0,14.10458593,2409.966188198,1,4.166666667,,
3701561258,1502,1705,0,0,14.159519981,2411.966135035,1,4.166666667,,
3701563258,1502,1705,0,0,14.206361588,2413.966081871,1,4.166666667,,
3701565258,1501,1702,0,0,14.250256379,2415.966028708,1,4.166666667,,
3701567258,1500,1703,0,0,14.265633966,2417.965975545,1,4.166666667,,
3701569258,1502,1700,0,0,14.265633966,2419.965922382,1,4.166666667,,
3701571258,1500,1705,0,0,14.265633966,2421.965869219,1,4.166666667,,
3701573258,1502,1704,0,0,14.265633966,2423.965816055,1,4.166666667,,
3701575258,1505,1707,0,0,14.265633966,2425.965762892,1,4.166666667,,
3701577258,1500,1705,0,0,14.265633966,2427.965709729,1,4.166666667,,
3701579258,1504,1705,0,0,14.263184959,2429.965656566,1,4.166666667,,
3701581258,1497,1703,0,0,14.257054864,2431.965603402,1,4.166666667,,
3701583258,1502,1701,0,0,14.240723668,2433.965550239,1,4.166666667,,
3701585258,1502,1704,0,0,14.202323543,2435.965497076,1,4.166666667,,
3701587258,1507,1708,0,0,14.165734731,2437.965443913,1,4.166666667,,
3701589258,1496,1705,0,0,14.135117565,2439.96539075,1,4.166666667,,
3701591258,1501,1696,0,0,14.108199325,2441.965337586,1,4.166666667,,
3701593258,1495,1697,0,0,14.102350738,2443.965284423,1,4.166666667,,
3701595258,1498,1700,0,0,14.096189941,2445.96523126,1,4.166666667,,
3701597258,1498,1696,0,0,14.085607391,2447.965178097,1,4.166666667,,
3701599258,1508,1705,0,0,14.07502484,2449.965124934,1,4.166666667,,
3701601258,1502,1701,0,0,14.05822388,2451.96507177,1,4.166666667,,
3701603258,1502,1701,0,0,14.041312558,2453.965018607,1,4.166666667,,
3701605258,1504,1700,0,0,14.03477118,2455.964965444,1,4.166666667,,
3701607258,1496,1708,0,0,14.029392612,2457.964912281,1,4.166666667,,
3701609258,1501,1709,0,0,14.024496994,2459.964859117,1,4.166666667,,
3701611258,1501,1705,0,0,14.019710433,2461.964805954,1,4.166666667,,
3701613258,1504,1707,0,0,13.999398933,2463.964752791,1,4.166666667,,
3701615258,1499,1710,0,0,13.973414903,2465.964699628,1,4.166666667,,
3701617258,1504,1706,0,0,13.964294694,2467.964646465,1,4.166666667,,
3701619258,1497,1703,0,0,13.964294694,2469.964593301,1,4.166666667,,
3701621258,1497,1703,0,0,13.963940389,2471.964540138,1,4.166666667,,
3701623258,1507,1709,0,0,13.963313986,2473.964486975,1,4.166666667,,
3701625258,1502,1700,0,0,13.9611948,2475.964433812,1,4.166666667,,
3701627258,1507,1712,0,0,13.957472813,2477.964380649,1,4.166666667,,
3701629258,1504,1704,0,0,13.944567612,2479.964327485,1,4.166666667,,
3701631258,1508,1707,0,0,13.917820878,2481.964274322,1,4.166666667,,
3701633258,1498,1709,0,0,13.898730423,2483.964221159,1,4.166666667,,
3701635258,1504,1706,0,0,13.896254489,2485.964167996,1,4.166666667,,
3701637258,1502,1693,0,0,13.901134646,2487.964114833,1,4.166666667,,
3701639258,1502,1704,0,0,13.930357314,2489.964061669,1,4.166666667,,
3701641258,1496,1707,0,0,13.955235307,2491.964008506,1,4.166666667,,
3701643258,1500,1696,0,0,13.955235307,2493.963955343,1,4.166666667,,
3701645258,1501,1707,0,0,13.955235307,2495.96390218,1,4.166666667,,
3701647258,1507,1704,0,0,13.955235307,2497.963849016,1,4.166666667,,
3701649258,1507,1696,0,0,13.955235307,2499.963795853,1,4.166666667,,
3701651258,1499,1700,0,0,13.981794569,2501.96374269,1,4.166666667,,
3701653258,1501,1707,0,0,14.008843485,2503.963689527,1,4.166666667,,
3701655258,1505,1704,0,0,14.024034572,2505.963636364,1,4.166666667,,
3701657258,1505,1716,0,0,14.037886256,2507.9635832,1,4.166666667,,
3701659258,1500,1703,0,0,14.040447154,2509.963530037,1,4.166666667,,
3701661258,1498,1702,0,0,14.040447154,2511.963476874,1,4.166666667,,
3701663258,1510,1702,0,0,14.040447154,2513.963423711,1,4.166666667,,
3701665258,1504,1705,0,0,14.040447154,2515.963370548,1,4.166666667,,
3701667258,1503,1697,0,0,14.040447154,2517.963317384,1,4.166666667,,
3701669258,1510,1707,0,0,14.040447154,2519.963264221,1,4.166666667,,
3701671258,1504,1703,0,0,14.039266336,2521.963211058,1,4.166666667,,
3701673258,1509,1697,0,0,14.037176222,2523.963157895,1,4.166666667,,
3701675258,1505,1703,0,0,14.020240372,2525.963104732,1,4.166666667,,
3701677258,1503,1704,0,0,13.987322166,2527.963051568,1,4.166666667,,
3701679258,1500,1704,0,0,13.96439755,2529.962998405,1,4.166666667,,
3701681258,1500,1701,0,0,13.956577741,2531.962945242,1,4.166666667,,
3701683258,1504,1699,0,0,13.938477047,2533.962892079,1,4.166666667,,
3701685258,1502,1703,0,0,13.897997501,2535.962838915,1,4.166666667,,
3701687258,1512,1701,0,0,13.862469508,2537.962785752,1,4.166666667,,
3701689258,1499,1707,0,0,13.843388295,2539.962732589,1,4.166666667,,
3701691258,1504,1697,0,0,13.824088032,2541.962679426,1,4.166666667,,
3701693258,1504,1703,0,0,13.803526864,2543.962626263,1,4.166666667,,
3701695258,1500,1706,0,0,13.784279017,2545.962573099,1,4.166666667,,
3701697258,1500,1709,0,0,13.784041099,2547.962519936,1,4.166666667,,
3701699258,1498,1707,0,0,13.783803181,2549.962466773,1,4.166666667,,
3701701258,1508,1700,0,0,13.783798716,2551.96241361,1,4.166666667,,
3701703258,1504,1704,0,0,13.783798716,2553.962360447,1,4.166666667,,
3701705258,1501,1701,0,0,13.783798716,2555.962307283,1,4.166666667,,
3701707258,1492,1697,0,0,13.783798716,2557.96225412,1,4.166666667,,
3701709258,1501,1712,0,0,13.783798716,2559.962200957,1,4.166666667,,
3701711258,1500,1705,0,0,13.783798716,2561.962147794,1,4.166666667,,
3701713258,1504,1709,0,0,13.790403169,2563.962094631,1,4.166666667,,
3701715258,1507,1706,0,0,13.799437164,2565.962041467,1,4.166666667,,
3701717258,1499,1707,0,0,13.825676126,2567.961988304,1,4.166666667,,
3701719258,1500,1702,0,0,13.861274194,2569.961935141,1,4.166666667,,
3701721258,1508,1710,0,0,13.883839569,2571.961881978,1,4.166666667,,
3701723258,1504,1712,0,0,13.896341873,2573.961828814,1,4.166666667,,
3701725258,1502,1703,0,0,13.913791981,2575.961775651,1,4.166666667,,
3701727258,1508,1703,0,0,13.936582904,2577.961722488,1,4.166666667,,
3701729258,1500,1705,0,0,13.950314164,2579.961669325,1,4.166666667,,
3701731258,1503,1704,0,0,13.950314164,2581.961616162,1,4.166666667,,
3701733258,1496,1702,0,0,13.950314164,2583.961562998,1,4.166666667,,
3701735258,1508,1703,0,0,13.950314164,2585.961509835,1,4.166666667,,
3701737258,1504,1704,0,0,13.950314164,2587.961456672,1,4.166666667,,
3701739258,1505,1715,0,0,13.950314164,2589.961403509,1,4.166666667,,
3701741258,1507,1707,0,0,13.948408456,2591.961350346,1,4.166666667,,
3701743258,1504,1709,0,0,13.935474876,2593.961297182,1,4.166666667,,
3701745258,1505,1704,0,0,13.922674198,2595.961244019,1,4.166666667,,
3701747258,1508,1702,0,0,13.911818586,2597.961190856,1,4.166666667,,
3701749258,1508,1705,0,0,13.900962975,2599.961137693,1,4.166666667,,
3701751258,1499,1704,0,0,13.876371337,2601.96108453,1,4.166666667,,
3701753258,1495,1707,0,0,13.851507496,2603.961031366,1,4.166666667,,
3701755258,1504,1702,0,0,13.841787845,2605.960978203,1,4.166666667,,
3701757258,1510,1704,0,0,13.833803779,2607.96092504,1,4.166666667,,
3701759258,1504,1706,0,0,13.813884498,2609.960871877,1,4.166666667,,
3701761258,1504,1713,0,0,13.791234239,2611.960818713,1,4.166666667,,
3701763258,1501,1706,0,0,13.776816986,2613.96076555,1,4.166666667,,
3701765258,1501,1693,0,0,13.765438606,2615.960712387,1,4.166666667,,
3701767258,1500,1708,0,0,13.744245097,2617.960659224,1,4.166666667,,
3701769258,1507,1704,0,0,13.717696817,2619.960606061,1,4.166666667,,
3701771258,1504,1705,0,0,13.706111805,2621.960552897,1,4.166666667,,
3701773258,1504,1701,0,0,13.706111805,2623.960499734,1,4.166666667,,
3701775258,1504,1707,0,0,13.706111805,2625.960446571,1,4.166666667,,
3701777258,1508,1704,0,0,13.706111805,2627.960393408,1,4.166666667,,
3701779258,1499,1705,0,0,13.706111805,2629.960340245,1,4.166666667,,
3701781258,1502,1702,0,0,13.706111805,2631.960287081,1,4.166666667,,
3701783258,1504,1702,0,0,13.710815433,2633.960233918,1,4.166666667,,
3701785258,1508,1712,0,0,13.725821012,2635.960180755,1,4.166666667,,
3701787258,1504,1709,0,0,13.741938624,2637.960127592,1,4.166666667,,
3701789258,1505,1707,0,0,13.761777656,2639.960074428,1,4.166666667,,
3701791258,1503,1696,0,0,13.780472,2641.960021265,1,4.166666667,,
3701793258,1512,1706,0,0,13.79250711,2643.959968102,1,4.166666667,,
3701795258,1498,1709,0,0,13.803901418,2645.959914939,1,4.166666667,,
3701797258,1504,1703,0,0,13.805812078,2647.959861776,1,4.166666667,,
3701799258,1500,1699,0,0,13.807722738,2649.959808612,1,4.166666667,,
3701801258,1508,1706,0,0,13.820242886,2651.959755449,1,4.166666667,,
3701803258,1508,1704,0,0,13.832980617,2653.959702286,1,4.166666667,,
3701805258,1502,1705,0,0,13.846767241,2655.959649123,1,4.166666667,,
3701807258,1505,1706,0,0,13.860674939,2657.95959596,1,4.166666667,,
3701809258,1500,1710,0,0,13.863273921,2659.959542796,1,4.166666667,,
3701811258,1505,1705,0,0,13.863273921,2661.959489633,1,4.166666667,,
3701813258,1504,1709,0,0,13.863273921,2663.95943647,1,4.166666667,,
3701815258,1498,1704,0,0,13.863273921,2665.959383307,1,4.166666667,,
3701817258,1503,1713,0,0,13.863273921,2667.959330144,1,4.166666667,,
3701819258,1496,1701,0,0,13.863273921,2669.95927698,1,4.166666667,,
3701821258,1508,1709,0,0,13.863273921,2671.959223817,1,4.166666667,,
3701823258,1496,1709,0,0,13.863273921,2673.959170654,1,4.166666667,,
3701825258,1505,1700,0,0,13.856428737,2675.959117491,1,4.166666667,,
3701827258,1509,1705,0,0,13.842155196,2677.959064327,1,4.166666667,,
3701829258,1495,1712,0,0,13.832402053,2679.959011164,1,4.166666667,,
3701831258,1498,1706,0,0,13.829538393,2681.958958001,1,4.166666667,,
3701833258,1494,1704,0,0,13.826513421,2683.958904838,1,4.166666667,,
3701835258,1503,1700,0,0,13.823134048,2685.958851675,1,4.166666667,,
3701837258,1500,1701,0,0,13.818303511,2687.958798511,1,4.166666667,,
3701839258,1496,1701,0,0,13.808598372,2689.958745348,1,4.166666667,,
3701841258,1493,1696,0,0,13.797218077,2691.958692185,1,4.166666667,,
3701843258,1492,1701,0,0,13.776040578,2693.958639022,1,4.166666667,,
3701845258,1501,1705,0,0,13.755214608,2695.958585859,1,4.166666667,,
3701847258,1495,1697,0,0,13.739650103,2697.958532695,1,4.166666667,,
3701849258,1502,1707,0,0,13.724085597,2699.958479532,1,4.166666667,,
3701851258,1496,1693,0,0,13.716749261,2701.958426369,1,4.166666667,,
3701853258,1505,1701,0,0,13.709587371,2703.958373206,1,4.166666667,,
3701855258,1511,1701,0,0,13.707472897,2705.958320043,1,4.166666667,,
3701857258,1500,1704,0,0,13.705945224,2707.958266879,1,4.166666667,,
3701859258,1508,1707,0,0,13.705658727,2709.958213716,1,4.166666667,,
3701861258,1495,1700,0,0,13.705658727,2711.958160553,1,4.166666667,,
3701863258,1497,1704,0,0,13.705658727,2713.95810739,1,4.166666667,,
3701865258,1492,1707,0,0,13.705658727,2715.958054226,1,4.166666667,,
3701867258,1498,1705,0,0,13.705658727,2717.958001063,1,4.166666667,,
3701869258,1505,1705,0,0,13.705658727,2719.9579479,1,4.166666667,,
3701871258,1500,1704,0,0,13.710560728,2721.957894737,1,4.166666667,,
3701873258,1500,1697,0,0,13.719278562,2723.957841574,1,4.166666667,,
3701875258,1495,1703,0,0,13.728122732,2725.95778841,1,4.166666667,,
3701877258,1498,1702,0,0,13.737104365,2727.957735247,1,4.166666667,,
3701879258,1499,1701,0,0,13.744174361,2729.957682084,1,4.166666667,,
3701881258,1500,1701,0,0,13.748322748,2731.957628921,1,4.166666667,,
3701883258,1497,1701,0,0,13.751176301,2733.957575758,1,4.166666667,,
3701885258,1505,1704,0,0,13.751176301,2735.957522594,1,4.166666667,,
3701887258,1502,1708,0,0,13.751176301,2737.957469431,1,4.166666667,,
3701889258,1497,1705,0,0,13.751176301,2739.957416268,1,4.166666667,,
3701891258,1501,1707,0,0,13.751176301,2741.957363105,1,4.166666667,,
3701893258,1503,1704,0,0,13.751176301,2743.957309942,1,4.166666667,,
3701895258,1504,1703,0,0,13.751083014,2745.957256778,1,4.166666667,,
3701897258,1494,1701,0,0,13.749577496,2747.957203615,1,4.166666667,,
3701899258,1507,1699,0,0,13.748071978,2749.957150452,1,4.166666667,,
3701901258,1497,1701,0,0,13.741317662,2751.957097289,1,4.166666667,,
3701903258,1500,1702,0,0,13.734448426,2753.957044125,1,4.166666667,,
3701905258,1502,1707,0,0,13.722454489,2755.956990962,1,4.166666667,,
3701907258,1499,1701,0,0,13.709860519,2757.956937799,1,4.166666667,,
3701909258,1498,1701,0,0,13.704741078,2759.956884636,1,4.166666667,,
3701911258,1496,1700,0,0,13.701354491,2761.956831473,1,4.166666667,,
3701913258,1502,1706,0,0,13.699653526,2763.956778309,1,4.166666667,,
3701915258,1504,1712,0,0,13.698581056,2765.956725146,1,4.166666667,,
3701917258,1505,1699,0,0,13.69820035,2767.956671983,1,4.166666667,,
3701919258,1505,1702,0,0,13.69820035,2769.95661882,1,4.166666667,,
3701921258,1498,1707,0,0,13.69820035,2771.956565657,1,4.166666667,,
3701923258,1508,1706,0,0,13.69820035,2773.956512493,1,4.166666667,,
3701925258,1502,1710,0,0,13.69820035,2775.95645933,1,4.166666667,,
3701927258,1500,1700,0,0,13.69820035,2777.956406167,1,4.166666667,,
3701929258,1502,1712,0,0,13.698220276,2779.956353004,1,4.166666667,,
3701931258,1507,1702,0,0,13.698270739,2781.956299841,1,4.166666667,,
3701933258,1495,1709,0,0,13.698305484,2783.956246677,1,4.166666667,,
3701935258,1502,1708,0,0,13.698305484,2785.956193514,1,4.166666667,,
3701937258,1504,1713,0,0,13.698398682,2787.956140351,1,4.166666667,,
3701939258,1497,1697,0,0,13.698807305,2789.956087188,1,4.166666667,,
3701941258,1499,1710,0,0,13.699156806,2791.956034024,1,4.166666667,,
3701943258,1497,1701,0,0,13.699156806,2793.955980861,1,4.166666667,,
3701945258,1509,1700,0,0,13.699131758,2795.955927698,1,4.166666667,,
3701947258,1500,1702,0,0,13.698723134,2797.955874535,1,4.166666667,,
3701949258,1499,1696,0,0,13.698314511,2799.955821372,1,4.166666667,,
3701951258,1502,1704,0,0,13.696246499,2801.955768208,1,4.166666667,,
3701953258,1498,1697,0,0,13.694141004,2803.955715045,1,4.166666667,,
3701955258,1495,1708,0,0,13.693402779,2805.955661882,1,4.166666667,,
3701957258,1507,1707,0,0,13.692825779,2807.955608719,1,4.166666667,,
3701959258,1496,1705,0,0,13.687200717,2809.955555556,1,4.166666667,,
3701961258,1505,1702,0,0,13.680400245,2811.955502392,1,4.166666667,,
3701963258,1500,1701,0,0,13.678548775,2813.955449229,1,4.166666667,,
3701965258,1504,1704,0,0,13.678548775,2815.955396066,1,4.166666667,,
3701967258,1500,1710,0,0,13.678516162,2817.955342903,1,4.166666667,,
3701969258,1496,1713,0,0,13.678465549,2819.95528974,1,4.166666667,,
3701971258,1504,1699,0,0,13.677874448,2821.955236576,1,4.166666667,,
3701973258,1500,1702,0,0,13.676860341,2823.955183413,1,4.166666667,,
3701975258,1500,1706,0,0,13.675881598,2825.95513025,1,4.166666667,,
3701977258,1500,1705,0,0,13.67494154,2827.955077087,1,4.166666667,,
3701979258,1498,1707,0,0,13.674372042,2829.955023923,1,4.166666667,,
3701981258,1497,1700,0,0,13.674372042,2831.95497076,1,4.166666667,,
3701983258,1499,1705,0,0,13.674371432,2833.954917597,1,4.166666667,,
3701985258,1500,1707,0,0,13.674369468,2835.954864434,1,4.166666667,,
3701987258,1496,1708,0,0,13.67436795,2837.954811271,1,4.166666667,,
3701989258,1499,1705,0,0,13.67436795,2839.954758107,1,4.166666667,,
3701991258,1500,1703,0,0,13.674250521,2841.954704944,1,4.166666667,,
3701993258,1500,1697,0,0,13.673435166,2843.954651781,1,4.166666667,,
3701995258,1504,1696,0,0,13.67266925,2845.954598618,1,4.166666667,,
3701997258,1492,1697,210,1,13.67266925,2847.954545455,1,4.166666667,3,2.045454545
3701999258,1490,1666,210,1,13.67266925,2849.954492291,1,4.166666667,,
3702001258,1486,1633,210,1,13.671850601,2851.954439128,1,4.166666667,,
3702003258,1475,1589,210,1,13.67101289,2853.954385965,1,4.166666667,,
3702005258,1473,1565,210,1,13.670923973,2855.954332802,1,4.166666667,,
3702007258,1464,1535,210,1,13.670923973,2857.954279638,1,4.166666667,,
3702009258,1457,1502,210,1,13.670923973,2859.954226475,1,4.166666667,,
3702011258,1444,1475,210,1,13.670923973,2861.954173312,1,4.166666667,,
3702013258,1436,1444,210,0,13.670923973,2863.954120149,1,4.166666667,,
3702015258,1436,1428,210,0,13.670923973,2865.954066986,1,4.166666667,,
3702017258,1423,1400,210,0,13.670979133,2867.954013822,1,4.166666667,,
3702019258,1424,1371,210,0,13.671064826,2869.953960659,1,4.166666667,,
3702021258,1416,1358,210,0,13.675592405,2871.953907496,1,4.166666667,,
3702023258,1418,1333,210,0,13.683605761,2873.953854333,1,4.166666667,,
3702025258,1406,1325,210,0,13.68931543,2875.95380117,1,4.166666667,,
3702027258,1405,1304,210,0,13.692498372,2877.953748006,1,4.166666667,,
3702029258,1406,1284,210,0,13.695088657,2879.953694843,1,4.166666667,,
3702031258,1396,1280,210,0,13.696765576,2881.95364168,1,4.166666667,,
3702033258,1398,1267,210,0,13.69815208,2883.953588517,1,4.166666667,,
3702035258,1390,1260,210,0,13.698892587,2885.953535354,1,4.166666667,,
3702037258,1384,1243,210,0,13.699871344,2887.95348219,1,4.166666667,,
3702039258,1387,1219,210,0,13.701662583,2889.953429027,1,4.166666667,,
3702041258,1371,1227,210,0,13.707133054,2891.953375864,1,4.166666667,,
3702043258,1371,1215,210,0,13.734588865,2893.953322701,1,4.166666667,,
3702045258,1371,1201,210,0,13.760632461,2895.953269537,1,4.166666667,,
3702047258,1371,1201,210,0,13.764539475,2897.953216374,1,4.166666667,,
3702049258,1371,1192,210,0,13.768446489,2899.953163211,1,4.166666667,,
3702051258,1371,1187,210,0,13.776815936,2901.953110048,1,4.166666667,,
3702053258,1371,1176,210,0,13.785292396,2903.953056885,1,4.166666667,,
3702055258,1371,1171,210,0,13.788768819,2905.953003721,1,4.166666667,,
3702057258,1364,1169,210,0,13.791647338,2907.952950558,1,4.166666667,,
3702059258,1364,1162,210,0,13.802352881,2909.952897395,1,4.166666667,,
3702061258,1368,1159,210,0,13.814896738,2911.952844232,1,4.166666667,,
3702063258,1361,1158,210,0,13.826256624,2913.952791069,1,4.166666667,,
3702065258,1363,1154,210,0,13.837170599,2915.952737905,1,4.166666667,,
3702067258,1361,1143,210,0,13.850917529,2917.952684742,1,4.166666667,,
3702069258,1364,1143,210,0,13.866237164,2919.952631579,1,4.166666667,,
3702071258,1360,1139,210,0,13.886976917,2921.952578416,1,4.166666667,,
3702073258,1359,1136,210,0,13.911981604,2923.952525253,1,4.166666667,,
3702075258,1359,1139,210,0,13.934419162,2925.952472089,1,4.166666667,,
3702077258,1360,1135,210,0,13.954033537,2927.952418926,1,4.166666667,,
3702079258,1359,1132,210,0,13.973732281,2929.952365763,1,4.166666667,,
3702081258,1358,1129,210,0,13.993561411,2931.9523126,1,4.166666667,,
3702083258,1357,1129,210,0,14.018524329,2933.952259436,1,4.166666667,,
3702085258,1358,1134,210,0,14.054942358,2935.952206273,1,4.166666667,,
3702087258,1353,1128,210,0,14.09269077,2937.95215311,1,4.166666667,,
3702089258,1353,1124,210,0,14.1349933,2939.952099947,1,4.166666667,,
3702091258,1354,1119,210,0,14.180620032,2941.952046784,1,4.166666667,,
3702093258,1347,1127,210,0,14.246218596,2943.95199362,1,4.166666667,,
3702095258,1348,1124,210,0,14.313790919,2945.951940457,1,4.166666667,,
3702097258,1358,1115,210,0,14.412670877,2947.951887294,1,4.166666667,,
3702099258,1358,1113,210,0,14.511550835,2949.951834131,1,4.166666667,,
3702101258,1353,1110,210,0,14.608187329,2951.951780968,1,4.166666667,,
3702103258,1350,1108,210,0,14.704768459,2953.951727804,1,4.166666667,,
3702105258,1346,1113,210,0,14.811968454,2955.951674641,1,4.166666667,,
3702107258,1337,1112,210,0,14.920447103,2957.951621478,1,4.166666667,,
3702109258,1339,1101,210,0,15.07758325,2959.951568315,1,4.166666667,,
3702111258,1328,1104,210,0,15.246196805,2961.951515152,1,4.166666667,,
3702113258,1323,1102,210,0,15.427678631,2963.951461988,1,4.166666667,,
3702115258,1321,1103,210,0,15.614023175,2965.951408825,1,4.166666667,,
3702117258,1316,1097,210,0,15.834796644,2967.951355662,1,4.166666667,,
3702119258,1305,1095,210,0,16.07473861,2969.951302499,1,4.166666667,,
3702121258,1303,1089,210,0,16.364014841,2971.951249335,1,4.166666667,,
3702123258,1296,1082,210,0,16.692215592,2973.951196172,1,4.166666667,,
3702125258,1284,1086,210,0,17.079759293,2975.951143009,1,4.166666667,,
3702127258,1277,1088,210,0,17.532739122,2977.951089846,1,4.166666667,,
3702129258,1272,1077,210,0,18.034388524,2979.951036683,1,4.166666667,,
3702131258,1256,1083,210,0,18.611463561,2981.950983519,1,4.166666667,,
3702133258,1241,1083,210,0,19.633129981,2983.950930356,1,4.166666667,,
3702135258,1223,1128,210,0,21.649912625,2985.950877193,1,4.166666667,,
3702137258,1190,1310,210,0,23.229264314,2987.95082403,1,4.166666667,,
3702139258,1185,1331,210,0,23.305514518,2989.950770867,1,4.166666667,,
3702141258,1182,1339,210,0,23.37606544,2991.950717703,1,4.166666667,,
3702143258,1168,1348,210,0,23.41218813,2993.95066454,1,4.166666667,,
3702145258,1176,1359,210,0,23.446192564,2995.950611377,1,4.166666667,,
3702147258,1165,1352,0,0,23.446192564,2997.950558214,1,4.166666667,,
3702149258,1195,1396,0,0,23.446192564,2999.950505051,1,4.166666667,,
3702151258,1220,1419,0,0,23.446192564,3001.950451887,1,4.166666667,,
3702153258,1248,1438,0,0,23.446192564,3003.950398724,1,4.166666667,,
3702155258,1264,1461,0,0,23.446192564,3005.950345561,1,4.166666667,,
3702157258,1282,1487,0,0,23.446192564,3007.950292398,1,4.166666667,,
3702159258,1292,1505,0,0,23.44732171,3009.950239234,1,4.166666667,,
3702161258,1308,1524,0,0,23.448718348,3011.950186071,1,4.166666667,,
3702163258,1326,1529,0,0,23.442709495,3013.950132908,1,4.166666667,,
3702165258,1333,1552,0,0,23.43389287,3015.950079745,1,4.166666667,,
3702167258,1345,1564,0,0,23.421790807,3017.950026582,1,4.166666667,,
3702169258,1360,1577,0,0,23.407854262,3019.949973418,1,4.166666667,,
3702171258,1368,1588,0,0,23.401698606,3021.949920255,1,4.166666667,,
3702173258,1371,1589,0,0,23.401698606,3023.949867092,1,4.166666667,,
3702175258,1387,1601,0,0,23.406233794,3025.949813929,1,4.166666667,,
3702177258,1397,1606,0,0,23.415783175,3027.949760766,1,4.166666667,,
3702179258,1408,1621,0,0,23.423311388,3029.949707602,1,4.166666667,,
3702181258,1411,1627,0,0,23.427698553,3031.949654439,1,4.166666667,,
3702183258,1424,1638,0,0,23.430733847,3033.949601276,1,4.166666667,,
3702185258,1425,1645,0,0,23.430733847,3035.949548113,1,4.166666667,,
3702187258,1430,1649,0,0,23.429747816,3037.949494949,1,4.166666667,,
3702189258,1434,1656,0,0,23.425360652,3039.949441786,1,4.166666667,,
3702191258,1435,1655,0,0,23.421087904,3041.949388623,1,4.166666667,,
3702193258,1434,1665,0,0,23.417510114,3043.94933546,1,4.166666667,,
3702195258,1442,1666,0,0,23.41413975,3045.949282297,1,4.166666667,,
3702197258,1450,1667,0,0,23.41413975,3047.949229133,1,4.166666667,,
3702199258,1460,1680,0,0,23.41413975,3049.94917597,1,4.166666667,,
3702201258,1461,1681,0,0,23.388160868,3051.949122807,1,4.166666667,,
3702203258,1460,1680,0,0,23.361504578,3053.949069644,1,4.166666667,,
3702205258,1463,1679,0,0,23.358604336,3055.949016481,1,4.166666667,,
3702207258,1472,1689,0,0,23.358604336,3057.948963317,1,4.166666667,,
3702209258,1466,1688,0,0,23.349757873,3059.948910154,1,4.166666667,,
3702211258,1475,1693,0,0,23.338806703,3061.948856991,1,4.166666667,,
3702213258,1473,1687,0,0,23.335460738,3063.948803828,1,4.166666667,,
3702215258,1473,1689,0,0,23.335007889,3065.948750665,1,4.166666667,,
3702217258,1482,1692,0,0,23.331966138,3067.948697501,1,4.166666667,,
3702219258,1488,1691,0,0,23.327474645,3069.948644338,1,4.166666667,,
3702221258,1488,1694,0,0,23.324717289,3071.948591175,1,4.166666667,,
3702223258,1483,1694,0,0,23.323335554,3073.948538012,1,4.166666667,,
3702225258,1484,1697,0,0,23.295488327,3075.948484848,1,4.166666667,,
3702227258,1487,1694,0,0,23.238302244,3077.948431685,1,4.166666667,,
3702229258,1487,1696,0,0,22.774098075,3079.948378522,1,4.166666667,,
3702231258,1489,1700,0,0,21.675588993,3081.948325359,1,4.166666667,,
3702233258,1495,1693,0,0,20.791973923,3083.948272196,1,4.166666667,,
3702235258,1487,1696,0,0,20.392358057,3085.948219032,1,4.166666667,,
3702237258,1492,1705,0,0,19.984356005,3087.948165869,1,4.166666667,,
3702239258,1492,1705,0,0,19.54731666,3089.948112706,1,4.166666667,,
3702241258,1487,1693,0,0,19.097688251,3091.948059543,1,4.166666667,,
3702243258,1488,1709,0,0,18.571174505,3093.94800638,1,4.166666667,,
3702245258,1498,1697,0,0,18.041690935,3095.947953216,1,4.166666667,,
3702247258,1496,1692,0,0,17.463358184,3097.947900053,1,4.166666667,,
3702249258,1491,1705,0,0,16.885025432,3099.94784689,1,4.166666667,,
3702251258,1496,1700,0,0,16.243322736,3101.947793727,1,4.166666667,,
3702253258,1497,1705,0,0,15.59992328,3103.947740564,1,4.166666667,,
3702255258,1488,1716,0,0,15.254844524,3105.9476874,1,4.166666667,,
3702257258,1494,1697,0,0,14.946435858,3107.947634237,1,4.166666667,,
3702259258,1499,1705,0,0,14.886957805,3109.947581074,1,4.166666667,,
3702261258,1502,1702,0,0,14.886957805,3111.947527911,1,4.166666667,,
3702263258,1493,1704,0,0,14.886957805,3113.947474747,1,4.166666667,,
3702265258,1492,1704,0,0,14.886957805,3115.947421584,1,4.166666667,,
3702267258,1492,1704,0,0,14.886957805,3117.947368421,1,4.166666667,,
3702269258,1492,1705,0,0,14.886957805,3119.947315258,1,4.166666667,,
3702271258,1501,1702,0,0,15.000464077,3121.947262095,1,4.166666667,,
3702273258,1489,1705,0,0,15.20425315,3123.947208931,1,4.166666667,,
3702275258,1492,1693,0,0,15.344669673,3125.947155768,1,4.166666667,,
3702277258,1496,1702,0,0,15.414645772,3127.947102605,1,4.166666667,,
3702279258,1494,1709,0,0,15.457317073,3129.947049442,1,4.166666667,,
3702281258,1487,1704,0,0,15.457317073,3131.946996279,1,4.166666667,,
3702283258,1492,1705,0,0,15.457317073,3133.946943115,1,4.166666667,,
3702285258,1488,1705,0,0,15.457317073,3135.946889952,1,4.166666667,,
3702287258,1500,1703,0,0,15.457317073,3137.946836789,1,4.166666667,,
3702289258,1499,1709,0,0,15.457317073,3139.946783626,1,4.166666667,,
3702291258,1505,1705,0,0,15.427177066,3141.946730463,1,4.166666667,,
3702293258,1492,1706,0,0,15.211946058,3143.946677299,1,4.166666667,,
3702295258,1497,1709,0,0,15.008907221,3145.946624136,1,4.166666667,,
3702297258,1498,1707,0,0,15.008907221,3147.946570973,1,4.166666667,,
3702299258,1492,1706,0,0,15.008907221,3149.94651781,1,4.166666667,,
3702301258,1494,1702,0,0,15.008907221,3151.946464646,1,4.166666667,,
3702303258,1501,1709,0,0,15.008907221,3153.946411483,1,4.166666667,,
3702305258,1492,1700,0,0,15.008907221,3155.94635832,1,4.166666667,,
3702307258,1491,1709,0,0,15.008907221,3157.946305157,1,4.166666667,,
3702309258,1497,1710,0,0,15.151946835,3159.946251994,1,4.166666667,,
3702311258,1501,1705,0,0,15.329309544,3161.94619883,1,4.166666667,,
3702313258,1488,1695,0,0,15.403794665,3163.946145667,1,4.166666667,,
3702315258,1495,1705,0,0,15.438882836,3165.946092504,1,4.166666667,,
3702317258,1494,1709,0,0,15.451524986,3167.946039341,1,4.166666667,,
3702319258,1495,1707,0,0,15.451524986,3169.945986178,1,4.166666667,,
3702321258,1495,1697,0,0,15.451524986,3171.945933014,1,4.166666667,,
3702323258,1492,1704,0,0,15.451524986,3173.945879851,1,4.166666667,,
3702325258,1491,1700,0,0,15.451524986,3175.945826688,1,4.166666667,,
3702327258,1496,1709,0,0,15.451524986,3177.945773525,1,4.166666667,,
3702329258,1492,1701,0,0,15.378166001,3179.945720362,1,4.166666667,,
3702331258,1491,1707,0,0,15.189842561,3181.945667198,1,4.166666667,,
3702333258,1489,1708,0,0,15.041634547,3183.945614035,1,4.166666667,,
3702335258,1497,1706,0,0,14.984343686,3185.945560872,1,4.166666667,,
3702337258,1491,1710,0,0,14.928847219,3187.945507709,1,4.166666667,,
3702339258,1492,1702,0,0,14.879611648,3189.945454545,1,4.166666667,,
3702341258,1497,1701,0,0,14.835606645,3191.945401382,1,4.166666667,,
3702343258,1487,1705,0,0,14.82390087,3193.945348219,1,4.166666667,,
3702345258,1491,1702,0,0,14.809799597,3195.945295056,1,4.166666667,,
3702347258,1492,1709,0,0,14.755303579,3197.945241893,1,4.166666667,,
3702349258,1489,1702,0,0,14.700807562,3199.945188729,1,4.166666667,,
3702351258,1489,1702,0,0,14.56285802,3201.945135566,1,4.166666667,,
3702353258,1494,1702,0,0,14.422556872,3203.945082403,1,4.166666667,,
3702355258,1496,1705,0,0,14.339956276,3205.94502924,1,4.166666667,,
3702357258,1494,1712,0,0,14.264545179,3207.944976077,1,4.166666667,,
3702359258,1499,1701,0,0,14.243529895,3209.944922913,1,4.166666667,,
3702361258,1488,1709,0,0,14.235622794,3211.94486975,1,4.166666667,,
3702363258,1487,1702,0,0,14.228958843,3213.944816587,1,4.166666667,,
3702365258,1495,1697,0,0,14.222772537,3215.944763424,1,4.166666667,,
3702367258,1489,1701,0,0,14.160592307,3217.94471026,1,4.166666667,,
3702369258,1492,1707,0,0,14.066783893,3219.944657097,1,4.166666667,,
3702371258,1484,1702,0,0,13.960740317,3221.944603934,1,4.166666667,,
3702373258,1487,1709,0,0,13.844912356,3223.944550771,1,4.166666667,,
3702375258,1491,1712,0,0,13.783785465,3225.944497608,1,4.166666667,,
3702377258,1490,1708,0,0,13.783785465,3227.944444444,1,4.166666667,,
3702379258,1488,1713,0,0,13.783785465,3229.944391281,1,4.166666667,,
3702381258,1496,1697,0,0,13.783785465,3231.944338118,1,4.166666667,,
3702383258,1491,1697,0,0,13.783785465,3233.944284955,1,4.166666667,,
3702385258,1496,1703,0,0,13.783785465,3235.944231792,1,4.166666667,,
3702387258,1495,1702,0,0,13.811471994,3237.944178628,1,4.166666667,,
3702389258,1487,1703,0,0,13.936132618,3239.944125465,1,4.166666667,,
3702391258,1487,1705,0,0,14.053988634,3241.944072302,1,4.166666667,,
3702393258,1484,1706,0,0,14.129591661,3243.944019139,1,4.166666667,,
3702395258,1487,1704,0,0,14.203079195,3245.943965976,1,4.166666667,,
3702397258,1485,1697,0,0,14.240439666,3247.943912812,1,4.166666667,,
3702399258,1465,1709,0,0,14.277800138,3249.943859649,1,4.166666667,,
3702401258,1464,1705,0,0,14.30593361,3251.943806486,1,4.166666667,,
3702403258,1464,1704,0,0,14.333800592,3253.943753323,1,4.166666667,,
3702405258,1461,1704,0,0,14.361290969,3255.943700159,1,4.166666667,,
3702407258,1471,1702,0,0,14.388734105,3257.943646996,1,4.166666667,,
3702409258,1466,1701,0,0,14.433025635,3259.943593833,1,4.166666667,,
3702411258,1461,1696,0,0,14.48139451,3261.94354067,1,4.166666667,,
3702413258,1465,1709,0,0,14.510462012,3263.943487507,1,4.166666667,,
3702415258,1466,1701,0,0,14.532088902,3265.943434343,1,4.166666667,,
3702417258,1467,1708,0,0,14.54219838,3267.94338118,1,4.166666667,,
3702419258,1472,1706,0,0,14.545783483,3269.943328017,1,4.166666667,,
3702421258,1484,1705,0,0,14.550664183,3271.943274854,1,4.166666667,,
3702423258,1472,1717,0,0,14.556583755,3273.943221691,1,4.166666667,,
3702425258,1472,1705,0,0,14.567411024,3275.943168527,1,4.166666667,,
3702427258,1472,1705,0,0,14.58373715,3277.943115364,1,4.166666667,,
3702429258,1473,1704,0,0,14.593725342,3279.943062201,1,4.166666667,,
3702431258,1465,1703,0,0,14.593725342,3281.943009038,1,4.166666667,,
3702433258,1466,1706,0,0,14.593725342,3283.942955875,1,4.166666667,,
3702435258,1472,1705,0,0,14.593725342,3285.942902711,1,4.166666667,,
3702437258,1474,1710,0,0,14.593725342,3287.942849548,1,4.166666667,,
3702439258,1473,1705,0,0,14.593725342,3289.942796385,1,4.166666667,,
3702441258,1473,1706,0,0,14.59317695,3291.942743222,1,4.166666667,,
3702443258,1474,1697,0,0,14.589204301,3293.942690058,1,4.166666667,,
3702445258,1475,1702,0,0,14.583367162,3295.942636895,1,4.166666667,,
3702447258,1475,1703,0,0,14.545279594,3297.942583732,1,4.166666667,,
3702449258,1477,1705,0,0,14.507192026,3299.942530569,1,4.166666667,,
3702451258,1479,1700,0,0,14.477386797,3301.942477406,1,4.166666667,,
3702453258,1473,1708,0,0,14.447826608,3303.942424242,1,4.166666667,,
3702455258,1476,1704,0,0,14.415376469,3305.942371079,1,4.166666667,,
3702457258,1477,1705,0,0,14.382561376,3307.942317916,1,4.166666667,,
3702459258,1476,1709,0,0,14.348083747,3309.942264753,1,4.166666667,,
3702461258,1469,1702,0,0,14.313202074,3311.94221159,1,4.166666667,,
3702463258,1473,1708,0,0,14.261268405,3313.942158426,1,4.166666667,,
3702465258,1473,1696,0,0,14.202739479,3315.942105263,1,4.166666667,,
3702467258,1474,1709,0,0,14.156383868,3317.9420521,1,4.166666667,,
3702469258,1472,1708,0,0,14.11694406,3319.941998937,1,4.166666667,,
3702471258,1476,1706,0,0,14.065773366,3321.941945774,1,4.166666667,,
3702473258,1479,1694,0,0,14.005170934,3323.94189261,1,4.166666667,,
3702475258,1484,1709,0,0,13.95194687,3325.941839447,1,4.166666667,,
3702477258,1483,1702,0,0,13.907012016,3327.941786284,1,4.166666667,,
3702479258,1489,1710,0,0,13.863343618,3329.941733121,1,4.166666667,,
3702481258,1480,1701,0,0,13.821676671,3331.941679957,1,4.166666667,,
3702483258,1487,1703,0,0,13.792682927,3333.941626794,1,4.166666667,,
3702485258,1482,1705,0,0,13.792682927,3335.941573631,1,4.166666667,,
3702487258,1486,1704,0,0,13.792682927,3337.941520468,1,4.166666667,,
3702489258,1478,1703,0,0,13.792682927,3339.941467305,1,4.166666667,,
3702491258,1487,1713,0,0,13.792682927,3341.941414141,1,4.166666667,,
3702493258,1487,1713,0,0,13.792682927,3343.941360978,1,4.166666667,,
3702495258,1482,1704,0,0,13.794993844,3345.941307815,1,4.166666667,,
3702497258,1485,1708,0,0,13.837797584,3347.941254652,1,4.166666667,,
3702499258,1478,1702,0,0,13.880601325,3349.941201489,1,4.166666667,,
3702501258,1483,1694,0,0,13.923818451,3351.941148325,1,4.166666667,,
3702503258,1478,1706,0,0,13.967048099,3353.941095162,1,4.166666667,,
3702505258,1482,1707,0,0,13.974228242,3355.941041999,1,4.166666667,,
3702507258,1486,1705,0,0,13.97682551,3357.940988836,1,4.166666667,,
3702509258,1482,1701,0,0,14.011777973,3359.940935673,1,4.166666667,,
3702511258,1483,1707,0,0,14.054626906,3361.940882509,1,4.166666667,,
3702513258,1483,1702,0,0,14.099052276,3363.940829346,1,4.166666667,,
3702515258,1476,1713,0,0,14.144089386,3365.940776183,1,4.166666667,,
3702517258,1486,1705,0,0,14.169177452,3367.94072302,1,4.166666667,,
3702519258,1483,1704,0,0,14.182899598,3369.940669856,1,4.166666667,,
3702521258,1483,1704,0,0,14.18902439,3371.940616693,1,4.166666667,,
3702523258,1489,1709,0,0,14.18902439,3373.94056353,1,4.166666667,,
3702525258,1478,1702,0,0,14.18902439,3375.940510367,1,4.166666667,,
3702527258,1483,1704,0,0,14.18902439,3377.940457204,1,4.166666667,,
3702529258,1478,1699,0,0,14.18902439,3379.94040404,1,4.166666667,,
3702531258,1483,1705,0,0,14.18902439,3381.940350877,1,4.166666667,,
3702533258,1487,1709,0,0,14.18902439,3383.940297714,1,4.166666667,,
3702535258,1487,1697,0,0,14.18902439,3385.940244551,1,4.166666667,,
3702537258,1483,1707,0,0,14.18902439,3387.940191388,1,4.166666667,,
3702539258,1487,1696,0,0,14.18902439,3389.940138224,1,4.166666667,,
3702541258,1480,1704,0,0,14.186212133,3391.940085061,1,4.166666667,,
3702543258,1489,1713,0,0,14.165641591,3393.940031898,1,4.166666667,,
3702545258,1488,1710,0,0,14.144254853,3395.939978735,1,4.166666667,,
3702547258,1487,1709,0,0,14.108377974,3397.939925572,1,4.166666667,,
3702549258,1479,1707,0,0,14.072501095,3399.939872408,1,4.166666667,,
3702551258,1490,1710,0,0,14.025851347,3401.939819245,1,4.166666667,,
3702553258,1486,1705,0,0,13.978867679,3403.939766082,1,4.166666667,,
3702555258,1486,1704,0,0,13.940893815,3405.939712919,1,4.166666667,,
3702557258,1487,1705,0,0,13.904072955,3407.939659755,1,4.166666667,,
3702559258,1489,1705,0,0,13.873274044,3409.939606592,1,4.166666667,,
3702561258,1487,1705,0,0,13.843951022,3411.939553429,1,4.166666667,,
3702563258,1484,1706,0,0,13.819220557,3413.939500266,1,4.166666667,,
3702565258,1486,1699,0,0,13.79627813,3415.939447103,1,4.166666667,,
3702567258,1485,1706,0,0,13.787935818,3417.939393939,1,4.166666667,,
3702569258,1487,1709,0,0,13.787935818,3419.939340776,1,4.166666667,,
3702571258,1486,1707,0,0,13.787935818,3421.939287613,1,4.166666667,,
3702573258,1496,1700,0,0,13.787935818,3423.93923445,1,4.166666667,,
3702575258,1486,1705,0,0,13.787935818,3425.939181287,1,4.166666667,,
3702577258,1487,1707,0,0,13.787935818,3427.939128123,1,4.166666667,,
3702579258,1495,1707,0,0,13.799751152,3429.93907496,1,4.166666667,,
3702581258,1488,1697,0,0,13.830343831,3431.939021797,1,4.166666667,,
3702583258,1488,1704,0,0,13.863034687,3433.938968634,1,4.166666667,,
3702585258,1489,1707,0,0,13.900556024,3435.93891547,1,4.166666667,,
3702587258,1487,1701,0,0,13.931357319,3437.938862307,1,4.166666667,,
3702589258,1492,1705,0,0,13.938254633,3439.938809144,1,4.166666667,,
3702591258,1486,1703,0,0,13.945296941,3441.938755981,1,4.166666667,,
3702593258,1487,1709,0,0,13.953260012,3443.938702818,1,4.166666667,,
3702595258,1487,1703,0,0,13.962138904,3445.938649654,1,4.166666667,,
3702597258,1489,1702,0,0,13.987493327,3447.938596491,1,4.166666667,,
3702599258,1483,1704,0,0,14.01284775,3449.938543328,1,4.166666667,,
3702601258,1482,1697,0,0,14.028762489,3451.938490165,1,4.166666667,,
3702603258,1493,1705,0,0,14.044377959,3453.938437002,1,4.166666667,,
3702605258,1489,1714,0,0,14.056400463,3455.938383838,1,4.166666667,,
3702607258,1490,1703,0,0,14.067960126,3457.938330675,1,4.166666667,,
3702609258,1492,1709,0,0,14.070243236,3459.938277512,1,4.166666667,,
3702611258,1487,1705,0,0,14.070243236,3461.938224349,1,4.166666667,,
3702613258,1489,1706,0,0,14.070243236,3463.938171186,1,4.166666667,,
3702615258,1488,1705,0,0,14.070243236,3465.938118022,1,4.166666667,,
3702617258,1483,1697,0,0,14.070243236,3467.938064859,1,4.166666667,,
3702619258,1489,1702,0,0,14.070243236,3469.938011696,1,4.166666667,,
3702621258,1488,1710,0,0,14.068810094,3471.937958533,1,4.166666667,,
3702623258,1492,1702,0,0,14.066215361,3473.937905369,1,4.166666667,,
3702625258,1492,1706,0,0,14.057819519,3475.937852206,1,4.166666667,,
3702627258,1489,1705,0,0,14.042854063,3477.937799043,1,4.166666667,,
3702629258,1489,1701,0,0,14.025737108,3479.93774588,1,4.166666667,,
3702631258,1484,1710,0,0,14.005191313,3481.937692717,1,4.166666667,,
3702633258,1483,1697,0,0,13.98510538,3483.937639553,1,4.166666667,,
3702635258,1492,1705,0,0,13.966081495,3485.93758639,1,4.166666667,,
3702637258,1491,1697,0,0,13.946499307,3487.937533227,1,4.166666667,,
3702639258,1499,1704,0,0,13.924923438,3489.937480064,1,4.166666667,,
3702641258,1487,1705,0,0,13.903480975,3491.937426901,1,4.166666667,,
3702643258,1490,1707,0,0,13.882890502,3493.937373737,1,4.166666667,,
3702645258,1492,1709,0,0,13.86185746,3495.937320574,1,4.166666667,,
3702647258,1488,1704,0,0,13.83275522,3497.937267411,1,4.166666667,,
3702649258,1491,1703,0,0,13.803652979,3499.937214248,1,4.166666667,,
3702651258,1491,1700,0,0,13.769840829,3501.937161085,1,4.166666667,,
3702653258,1497,1706,0,0,13.735876025,3503.937107921,1,4.166666667,,
3702655258,1495,1695,0,0,13.731977462,3505.937054758,1,4.166666667,,
3702657258,1488,1694,0,0,13.731977462,3507.937001595,1,4.166666667,,
3702659258,1492,1705,0,0,13.731977462,3509.936948432,1,4.166666667,,
3702661258,1487,1705,0,0,13.731977462,3511.936895268,1,4.166666667,,
3702663258,1487,1704,0,0,13.731977462,3513.936842105,1,4.166666667,,
3702665258,1494,1709,0,0,13.731977462,3515.936788942,1,4.166666667,,
3702667258,1491,1707,0,0,13.75803221,3517.936735779,1,4.166666667,,
3702669258,1492,1706,0,0,13.799059987,3519.936682616,1,4.166666667,,
3702671258,1487,1705,0,0,13.82745618,3521.936629452,1,4.166666667,,
3702673258,1492,1705,0,0,13.845586663,3523.936576289,1,4.166666667,,
3702675258,1494,1704,0,0,13.858986115,3525.936523126,1,4.166666667,,
3702677258,1489,1712,0,0,13.867013473,3527.936469963,1,4.166666667,,
3702679258,1490,1705,0,0,13.877933257,3529.9364168,1,4.166666667,,
3702681258,1489,1709,0,0,13.893475646,3531.936363636,1,4.166666667,,
3702683258,1492,1709,0,0,13.904628875,3533.936310473,1,4.166666667,,
3702685258,1486,1701,0,0,13.905613353,3535.93625731,1,4.166666667,,
3702687258,1491,1703,0,0,13.906691704,3537.936204147,1,4.166666667,,
3702689258,1499,1707,0,0,13.908106577,3539.936150984,1,4.166666667,,
3702691258,1491,1695,0,0,13.90933084,3541.93609782,1,4.166666667,,
3702693258,1492,1709,0,0,13.90933084,3543.936044657,1,4.166666667,,
3702695258,1487,1702,0,0,13.909258214,3545.935991494,1,4.166666667,,
3702697258,1487,1700,0,0,13.907843341,3547.935938331,1,4.166666667,,
3702699258,1495,1708,0,0,13.906428467,3549.935885167,1,4.166666667,,
3702701258,1491,1699,0,0,13.905430191,3551.935832004,1,4.166666667,,
3702703258,1497,1705,0,0,13.904445713,3553.935778841,1,4.166666667,,
3702705258,1496,1705,0,0,13.885997635,3555.935725678,1,4.166666667,,
3702707258,1491,1712,0,0,13.865270305,3557.935672515,1,4.166666667,,
3702709258,1488,1707,0,0,13.853736901,3559.935619351,1,4.166666667,,
3702711258,1488,1703,0,0,13.844485277,3561.935566188,1,4.166666667,,
3702713258,1492,1701,0,0,13.828466851,3563.935513025,1,4.166666667,,
3702715258,1485,1697,0,0,13.809787765,3565.935459862,1,4.166666667,,
3702717258,1496,1707,0,0,13.786523726,3567.935406699,1,4.166666667,,
3702719258,1490,1705,0,0,13.760617263,3569.935353535,1,4.166666667,,
3702721258,1487,1713,0,0,13.745395745,3571.935300372,1,4.166666667,,
3702723258,1488,1705,0,0,13.738881261,3573.935247209,1,4.166666667,,
3702725258,1493,1707,0,0,13.735413011,3575.935194046,1,4.166666667,,
3702727258,1495,1702,0,0,13.735413011,3577.935140883,1,4.166666667,,
3702729258,1491,1704,0,0,13.735413011,3579.935087719,1,4.166666667,,
3702731258,1492,1713,0,0,13.735413011,3581.935034556,1,4.166666667,,
3702733258,1488,1705,0,0,13.735413011,3583.934981393,1,4.166666667,,
3702735258,1492,1705,0,0,13.735413011,3585.93492823,1,4.166666667,,
3702737258,1490,1705,0,0,13.739202848,3587.934875066,1,4.166666667,,
3702739258,1500,1702,0,0,13.756631926,3589.934821903,1,4.166666667,,
3702741258,1489,1703,0,0,13.773073112,3591.93476874,1,4.166666667,,
3702743258,1492,1705,0,0,13.783132863,3593.934715577,1,4.166666667,,
3702745258,1491,1705,0,0,13.793204763,3595.934662414,1,4.166666667,,
3702747258,1497,1705,0,0,13.803504318,3597.93460925,1,4.166666667,,
3702749258,1492,1704,0,0,13.813803874,3599.934556087,1,4.166666667,,
3702751258,1497,1706,0,0,13.825879305,3601.934502924,1,4.166666667,,
3702753258,1496,1709,0,0,13.838014813,3603.934449761,1,4.166666667,,
3702755258,1498,1707,0,0,13.839423886,3605.934396598,1,4.166666667,,
3702757258,1495,1702,0,0,13.839423886,3607.934343434,1,4.166666667,,
3702759258,1504,1705,0,0,13.839423886,3609.934290271,1,4.166666667,,
3702761258,1500,1710,0,0,13.839423886,3611.934237108,1,4.166666667,,
3702763258,1504,1704,0,0,13.839423886,3613.934183945,1,4.166666667,,
3702765258,1496,1704,0,0,13.839423886,3615.934130781,1,4.166666667,,
3702767258,1498,1702,0,0,13.832836576,3617.934077618,1,4.166666667,,
3702769258,1504,1709,0,0,13.822441946,3619.934024455,1,4.166666667,,
3702771258,1501,1700,0,0,13.810512261,3621.933971292,1,4.166666667,,
3702773258,1492,1706,0,0,13.797328316,3623.933918129,1,4.166666667,,
3702775258,1502,1704,0,0,13.787047061,3625.933864965,1,4.166666667,,
3702777258,1505,1706,0,0,13.780079461,3627.933811802,1,4.166666667,,
3702779258,1499,1706,0,0,13.764343162,3629.933758639,1,4.166666667,,
3702781258,1500,1693,0,0,13.734513984,3631.933705476,1,4.166666667,,
3702783258,1498,1701,0,0,13.713638556,3633.933652313,1,4.166666667,,
3702785258,1501,1710,0,0,13.713638556,3635.933599149,1,4.166666667,,
3702787258,1505,1703,0,0,13.713638556,3637.933545986,1,4.166666667,,
3702789258,1504,1707,0,0,13.713638556,3639.933492823,1,4.166666667,,
3702791258,1505,1704,0,0,13.713638556,3641.93343966,1,4.166666667,,
3702793258,1508,1717,0,0,13.713638556,3643.933386497,1,4.166666667,,
3702795258,1505,1709,0,0,13.713909676,3645.933333333,1,4.166666667,,
3702797258,1502,1701,0,0,13.719331937,3647.93328017,1,4.166666667,,
3702799258,1500,1713,0,0,13.724754198,3649.933227007,1,4.166666667,,
3702801258,1502,1708,0,0,13.729684228,3651.933173844,1,4.166666667,,
3702803258,1504,1702,0,0,13.734597257,3653.93312068,1,4.166666667,,
3702805258,1504,1704,0,0,13.754236714,3655.933067517,1,4.166666667,,
3702807258,1508,1705,0,0,13.775823238,3657.933014354,1,4.166666667,,
3702809258,1500,1710,0,0,13.7801441,3659.932961191,1,4.166666667,,
3702811258,1494,1701,0,0,13.7801441,3661.932908028,1,4.166666667,,
3702813258,1505,1700,0,0,13.7801441,3663.932854864,1,4.166666667,,
3702815258,1508,1705,0,0,13.7801441,3665.932801701,1,4.166666667,,
3702817258,1500,1704,0,0,13.7801441,3667.932748538,1,4.166666667,,
3702819258,1502,1705,0,0,13.7801441,3669.932695375,1,4.166666667,,
3702821258,1499,1705,0,0,13.770415171,3671.932642212,1,4.166666667,,
3702823258,1499,1709,0,0,13.752715558,3673.932589048,1,4.166666667,,
3702825258,1504,1700,0,0,13.739445539,3675.932535885,1,4.166666667,,
3702827258,1500,1709,0,0,13.731245778,3677.932482722,1,4.166666667,,
3702829258,1504,1702,0,0,13.723235014,3679.932429559,1,4.166666667,,
3702831258,1504,1709,0,0,13.715528859,3681.932376396,1,4.166666667,,
3702833258,1500,1706,0,0,13.705215177,3683.932323232,1,4.166666667,,
3702835258,1503,1709,0,0,13.688802844,3685.932270069,1,4.166666667,,
3702837258,1508,1704,0,0,13.675937448,3687.932216906,1,4.166666667,,
3702839258,1502,1708,0,0,13.675937448,3689.932163743,1,4.166666667,,
3702841258,1497,1703,0,0,13.675937448,3691.932110579,1,4.166666667,,
3702843258,1504,1705,0,0,13.675937448,3693.932057416,1,4.166666667,,
3702845258,1501,1709,0,0,13.675937448,3695.932004253,1,4.166666667,,
3702847258,1501,1705,0,0,13.675937448,3697.93195109,1,4.166666667,,
3702849258,1502,1713,0,0,13.675937448,3699.931897927,1,4.166666667,,
3702851258,1508,1709,0,0,13.686513556,3701.931844763,1,4.166666667,,
3702853258,1502,1702,0,0,13.697462497,3703.9317916,1,4.166666667,,
3702855258,1507,1700,0,0,13.698748348,3705.931738437,1,4.166666667,,
3702857258,1509,1705,0,0,13.698748348,3707.931685274,1,4.166666667,,
3702859258,1509,1704,0,0,13.698748348,3709.931632111,1,4.166666667,,
3702861258,1501,1716,0,0,13.698748348,3711.931578947,1,4.166666667,,
3702863258,1505,1706,0,0,13.698748348,3713.931525784,1,4.166666667,,
3702865258,1511,1700,0,0,13.698748348,3715.931472621,1,4.166666667,,
3702867258,1507,1702,0,0,13.695670234,3717.931419458,1,4.166666667,,
3702869258,1512,1702,0,0,13.690802828,3719.931366295,1,4.166666667,,
3702871258,1505,1705,0,0,13.68860765,3721.931313131,1,4.166666667,,
3702873258,1508,1697,0,0,13.68860765,3723.931259968,1,4.166666667,,
3702875258,1509,1709,0,0,13.68860765,3725.931206805,1,4.166666667,,
3702877258,1509,1705,0,0,13.68860765,3727.931153642,1,4.166666667,,
3702879258,1500,1703,0,0,13.68860765,3729.931100478,1,4.166666667,,
3702881258,1505,1705,0,0,13.68860765,3731.931047315,1,4.166666667,,
3702883258,1500,1713,0,0,13.688741319,3733.930994152,1,4.166666667,,
3702885258,1507,1705,0,0,13.689188613,3735.930940989,1,4.166666667,,
3702887258,1505,1701,0,0,13.690333488,3737.930887826,1,4.166666667,,
3702889258,1504,1702,0,0,13.694018573,3739.930834662,1,4.166666667,,
3702891258,1508,1705,0,0,13.697444747,3741.930781499,1,4.166666667,,
3702893258,1500,1705,0,0,13.69916928,3743.930728336,1,4.166666667,,
3702895258,1504,1705,0,0,13.700809876,3745.930675173,1,4.166666667,,
3702897258,1499,1701,0,0,13.700809876,3747.93062201,1,4.166666667,,
3702899258,1499,1705,0,0,13.700809876,3749.930568846,1,4.166666667,,
3702901258,1503,1705,0,0,13.700809876,3751.930515683,1,4.166666667,,
3702903258,1507,1707,0,0,13.700809876,3753.93046252,1,4.166666667,,
3702905258,1500,1706,0,0,13.700809876,3755.930409357,1,4.166666667,,
3702907258,1504,1709,0,0,13.700809876,3757.930356194,1,4.166666667,,
3702909258,1504,1709,0,0,13.700284716,3759.93030303,1,4.166666667,,
3702911258,1504,1709,0,0,13.699627037,3761.930249867,1,4.166666667,,
3702913258,1508,1701,0,0,13.693104363,3763.930196704,1,4.166666667,,
3702915258,1500,1707,0,0,13.684245241,3765.930143541,1,4.166666667,,
3702917258,1507,1704,0,0,13.677764618,3767.930090377,1,4.166666667,,
3702919258,1509,1704,0,0,13.672670561,3769.930037214,1,4.166666667,,
3702921258,1508,1702,0,0,13.66503653,3771.929984051,1,4.166666667,,
3702923258,1505,1704,0,0,13.655310359,3773.929930888,1,4.166666667,,
3702925258,1508,1697,0,0,13.650106382,3775.929877725,1,4.166666667,,
3702927258,1504,1697,0,0,13.650106382,3777.929824561,1,4.166666667,,
3702929258,1512,1700,0,0,13.650106382,3779.929771398,1,4.166666667,,
3702931258,1512,1693,0,0,13.650106382,3781.929718235,1,4.166666667,,
3702933258,1504,1705,0,0,13.650106382,3783.929665072,1,4.166666667,,
3702935258,1496,1713,0,0,13.650106382,3785.929611909,1,4.166666667,,
3702937258,1507,1701,0,0,13.650106382,3787.929558745,1,4.166666667,,
3702939258,1508,1705,0,0,13.650106382,3789.929505582,1,4.166666667,,
3702941258,1508,1713,0,0,13.650106382,3791.929452419,1,4.166666667,,
3702943258,1500,1701,0,0,13.650106382,3793.929399256,1,4.166666667,,
3702945258,1505,1705,0,0,13.650269416,3795.929346093,1,4.166666667,,
3702947258,1499,1702,210,1,13.653665417,3797.929292929,1,4.166666667,4,2.070707071
3702949258,1489,1666,210,1,13.657061418,3799.929239766,1,4.166666667,,
3702951258,1484,1623,210,1,13.658319831,3801.929186603,1,4.166666667,,
3702953258,1476,1601,210,1,13.65949984,3803.92913344,1,4.166666667,,
3702955258,1470,1554,210,1,13.661102948,3805.929080276,1,4.166666667,,
3702957258,1466,1533,210,1,13.66276308,3807.929027113,1,4.166666667,,
3702959258,1461,1500,210,1,13.66309869,3809.92897395,1,4.166666667,,
3702961258,1448,1473,210,1,13.66309869,3811.928920787,1,4.166666667,,
3702963258,1448,1444,210,0,13.66309869,3813.928867624,1,4.166666667,,
3702965258,1440,1427,210,0,13.66309869,3815.92881446,1,4.166666667,,
3702967258,1436,1400,210,0,13.66309869,3817.928761297,1,4.166666667,,
3702969258,1428,1371,210,0,13.66309869,3819.928708134,1,4.166666667,,
3702971258,1424,1355,210,0,13.666460107,3821.928654971,1,4.166666667,,
3702973258,1423,1336,210,0,13.672597717,3823.928601808,1,4.166666667,,
3702975258,1412,1319,210,0,13.67479125,3825.928548644,1,4.166666667,,
3702977258,1408,1300,210,0,13.672433944,3827.928495481,1,4.166666667,,
3702979258,1409,1283,210,0,13.671872424,3829.928442318,1,4.166666667,,
3702981258,1399,1272,210,0,13.67422973,3831.928389155,1,4.166666667,,
3702983258,1401,1264,210,0,13.676880362,3833.928335991,1,4.166666667,,
3702985258,1397,1250,210,0,13.680223604,3835.928282828,1,4.166666667,,
3702987258,1397,1246,210,0,13.683431746,3837.928229665,1,4.166666667,,
3702989258,1389,1228,210,0,13.686144035,3839.928176502,1,4.166666667,,
3702991258,1392,1227,210,0,13.688669775,3841.928123339,1,4.166666667,,
3702993258,1371,1213,210,0,13.689955099,3843.928070175,1,4.166666667,,
3702995258,1371,1205,210,0,13.691424415,3845.928017012,1,4.166666667,,
3702997258,1371,1200,210,0,13.696596079,3847.927963849,1,4.166666667,,
3702999258,1371,1191,210,0,13.701767742,3849.927910686,1,4.166666667,,
3703001258,1368,1188,210,0,13.711678783,3851.927857523,1,4.166666667,,
3703003258,1371,1179,210,0,13.721767046,3853.927804359,1,4.166666667,,
3703005258,1371,1175,210,0,13.741502204,3855.927751196,1,4.166666667,,
3703007258,1371,1171,210,0,13.762545806,3857.927698033,1,4.166666667,,
3703009258,1369,1170,210,0,13.77434887,3859.92764487,1,4.166666667,,
3703011258,1371,1154,210,0,13.783800896,3861.927591707,1,4.166666667,,
3703013258,1364,1153,210,0,13.78740812,3863.927538543,1,4.166666667,,
3703015258,1369,1155,210,0,13.788671721,3865.92748538,1,4.166666667,,
3703017258,1369,1144,210,0,13.802665063,3867.927432217,1,4.166666667,,
3703019258,1368,1153,210,0,13.824121796,3869.927379054,1,4.166666667,,
3703021258,1363,1149,210,0,13.836195768,3871.92732589,1,4.166666667,,
3703023258,1370,1139,210,0,13.840499713,3873.927272727,1,4.166666667,,
3703025258,1367,1133,210,0,13.86022131,3875.927219564,1,4.166666667,,
3703027258,1371,1146,210,0,13.897780034,3877.927166401,1,4.166666667,,
3703029258,1363,1141,210,0,13.922922634,3879.927113238,1,4.166666667,,
3703031258,1365,1124,210,0,13.927827402,3881.927060074,1,4.166666667,,
3703033258,1359,1127,210,0,13.941451716,3883.927006911,1,4.166666667,,
3703035258,1361,1128,210,0,13.975730588,3885.926953748,1,4.166666667,,
3703037258,1360,1125,210,0,14.01650124,3887.926900585,1,4.166666667,,
3703039258,1353,1127,210,0,14.08119285,3889.926847422,1,4.166666667,,
3703041258,1364,1123,210,0,14.144463551,3891.926794258,1,4.166666667,,
3703043258,1361,1119,210,0,14.198230743,3893.926741095,1,4.166666667,,
3703045258,1359,1125,210,0,14.253276991,3895.926687932,1,4.166666667,,
3703047258,1363,1115,210,0,14.334445561,3897.926634769,1,4.166666667,,
3703049258,1359,1121,210,0,14.41561413,3899.926581606,1,4.166666667,,
3703051258,1355,1115,210,0,14.498947759,3901.926528442,1,4.166666667,,
3703053258,1355,1115,210,0,14.582363897,3903.926475279,1,4.166666667,,
3703055258,1359,1114,210,0,14.68721064,3905.926422116,1,4.166666667,,
3703057258,1348,1107,210,0,14.794982476,3907.926368953,1,4.166666667,,
3703059258,1347,1102,210,0,14.929554641,3909.926315789,1,4.166666667,,
3703061258,1348,1111,210,0,15.070973572,3911.926262626,1,4.166666667,,
3703063258,1344,1103,210,0,15.229898308,3913.926209463,1,4.166666667,,
3703065258,1336,1101,210,0,15.3958653,3915.9261563,1,4.166666667,,
3703067258,1324,1095,210,0,15.588486816,3917.926103137,1,4.166666667,,
3703069258,1332,1095,210,0,15.79678038,3919.926049973,1,4.166666667,,
3703071258,1316,1103,210,0,16.055548265,3921.92599681,1,4.166666667,,
3703073258,1310,1091,210,0,16.35622705,3923.925943647,1,4.166666667,,
3703075258,1308,1085,210,0,16.686552885,3925.925890484,1,4.166666667,,
3703077258,1290,1092,210,0,17.051270048,3927.925837321,1,4.166666667,,
3703079258,1285,1082,210,0,17.470721601,3929.925784157,1,4.166666667,,
3703081258,1276,1083,210,0,17.979640252,3931.925730994,1,4.166666667,,
3703083258,1267,1075,210,0,18.538730042,3933.925677831,1,4.166666667,,
3703085258,1245,1073,210,0,19.217042705,3935.925624668,1,4.166666667,,
3703087258,1235,1093,210,0,20.117060672,3937.925571505,1,4.166666667,,
3703089258,1214,1162,210,0,21.837263637,3939.925518341,1,4.166666667,,
3703091258,1190,1294,210,0,23.342007936,3941.925465178,1,4.166666667,,
3703093258,1186,1345,210,0,23.397186349,3943.925412015,1,4.166666667,,
3703095258,1182,1350,210,0,23.449825784,3945.925358852,1,4.166666667,,
3703097258,1179,1341,0,0,23.449825784,3947.925305688,1,4.166666667,,
3703099258,1204,1397,0,0,23.449825784,3949.925252525,1,4.166666667,,
3703101258,1231,1425,0,0,23.449825784,3951.925199362,1,4.166666667,,
3703103258,1254,1450,0,0,23.449825784,3953.925146199,1,4.166666667,,
3703105258,1271,1462,0,0,23.449825784,3955.925093036,1,4.166666667,,
3703107258,1291,1479,0,0,23.449825784,3957.925039872,1,4.166666667,,
3703109258,1304,1500,0,0,23.43557147,3959.924986709,1,4.166666667,,
3703111258,1320,1515,0,0,23.417660616,3961.924933546,1,4.166666667,,
3703113258,1333,1533,0,0,23.412510513,3963.924880383,1,4.166666667,,
3703115258,1347,1555,0,0,23.412510513,3965.92482722,1,4.166666667,,
3703117258,1359,1562,0,0,23.405709416,3967.924774056,1,4.166666667,,
3703119258,1363,1577,0,0,23.394898072,3969.924720893,1,4.166666667,,
3703121258,1371,1582,0,0,23.389810723,3971.92466773,1,4.166666667,,
3703123258,1389,1600,0,0,23.389489004,3973.924614567,1,4.166666667,,
3703125258,1401,1602,0,0,23.389464742,3975.924561404,1,4.166666667,,
3703127258,1408,1613,0,0,23.389786461,3977.92450824,1,4.166666667,,
3703129258,1415,1615,0,0,23.394082745,3979.924455077,1,4.166666667,,
3703131258,1422,1630,0,0,23.404894089,3981.924401914,1,4.166666667,,
3703133258,1424,1635,0,0,23.412510513,3983.924348751,1,4.166666667,,
3703135258,1434,1641,0,0,23.412510513,3985.924295587,1,4.166666667,,
3703137258,1440,1652,0,0,23.412088649,3987.924242424,1,4.166666667,,
3703139258,1440,1655,0,0,23.410099916,3989.924189261,1,4.166666667,,
3703141258,1450,1657,0,0,23.407231402,3991.924136098,1,4.166666667,,
3703143258,1453,1666,0,0,23.398408791,3993.924082935,1,4.166666667,,
3703145258,1448,1669,0,0,23.389567295,3995.924029771,1,4.166666667,,
3703147258,1459,1667,0,0,23.380328258,3997.923976608,1,4.166666667,,
3703149258,1461,1677,0,0,23.371089221,3999.923923445,1,4.166666667,,
3703151258,1468,1675,0,0,23.360673334,4001.923870282,1,4.166666667,,
3703153258,1470,1690,0,0,23.350210911,4003.923817119,1,4.166666667,,
3703155258,1474,1687,0,0,23.348940479,4005.923763955,1,4.166666667,,
3703157258,1480,1692,0,0,23.348940479,4007.923710792,1,4.166666667,,
3703159258,1478,1689,0,0,23.337165318,4009.923657629,1,4.166666667,,
3703161258,1485,1685,0,0,23.322357208,4011.923604466,1,4.166666667,,
3703163258,1484,1692,0,0,23.316961006,4013.923551302,1,4.166666667,,
3703165258,1486,1689,0,0,23.315375682,4015.923498139,1,4.166666667,,
3703167258,1487,1692,0,0,23.314188849,4017.923444976,1,4.166666667,,
3703169258,1492,1693,0,0,23.313237655,4019.923391813,1,4.166666667,,
3703171258,1487,1695,0,0,23.312804878,4021.92333865,1,4.166666667,,
3703173258,1487,1697,0,0,23.312804878,4023.923285486,1,4.166666667,,
3703175258,1494,1692,0,0,23.292899088,4025.923232323,1,4.166666667,,
3703177258,1499,1692,0,0,23.249778283,4027.92317916,1,4.166666667,,
3703179258,1498,1696,0,0,22.763066564,4029.923125997,1,4.166666667,,
3703181258,1498,1696,0,0,21.547168572,4031.923072834,1,4.166666667,,
3703183258,1504,1702,0,0,20.567095429,4033.92301967,1,4.166666667,,
3703185258,1504,1692,0,0,20.151007662,4035.922966507,1,4.166666667,,
3703187258,1503,1700,0,0,19.715206701,4037.922913344,1,4.166666667,,
3703189258,1500,1701,0,0,19.205895722,4039.922860181,1,4.166666667,,
3703191258,1500,1697,0,0,18.687488844,4041.922807018,1,4.166666667,,
3703193258,1511,1695,0,0,18.107156975,4043.922753854,1,4.166666667,,
3703195258,1507,1701,0,0,17.526515566,4045.922700691,1,4.166666667,,
3703197258,1505,1701,0,0,16.939256521,4047.922647528,1,4.166666667,,
3703199258,1508,1701,0,0,16.351997477,4049.922594365,1,4.166666667,,
3703201258,1504,1702,0,0,15.682932716,4051.922541201,1,4.166666667,,
3703203258,1507,1692,0,0,15.010574283,4053.922488038,1,4.166666667,,
3703205258,1510,1700,0,0,14.928484321,4055.922434875,1,4.166666667,,
3703207258,1508,1704,0,0,14.928484321,4057.922381712,1,4.166666667,,
3703209258,1512,1706,0,0,14.928484321,4059.922328549,1,4.166666667,,
3703211258,1515,1697,0,0,14.928484321,4061.922275385,1,4.166666667,,
3703213258,1512,1697,0,0,14.928484321,4063.922222222,1,4.166666667,,
3703215258,1514,1698,0,0,14.928484321,4065.922169059,1,4.166666667,,
3703217258,1508,1704,0,0,14.953194545,4067.922115896,1,4.166666667,,
3703219258,1504,1699,0,0,14.992558252,4069.922062733,1,4.166666667,,
3703221258,1505,1711,0,0,15.071721672,4071.922009569,1,4.166666667,,
3703223258,1508,1707,0,0,15.184199227,4073.921956406,1,4.166666667,,
3703225258,1512,1697,0,0,15.250379585,4075.921903243,1,4.166666667,,
3703227258,1508,1701,0,0,15.262421509,4077.92185008,1,4.166666667,,
3703229258,1508,1705,0,0,15.269916702,4079.921796917,1,4.166666667,,
3703231258,1510,1710,0,0,15.269916702,4081.921743753,1,4.166666667,,
3703233258,1509,1715,0,0,15.269916702,4083.92169059,1,4.166666667,,
3703235258,1511,1706,0,0,15.269916702,4085.921637427,1,4.166666667,,
3703237258,1504,1706,0,0,15.269916702,4087.921584264,1,4.166666667,,
3703239258,1508,1716,0,0,15.269916702,4089.9215311,1,4.166666667,,
3703241258,1508,1709,0,0,15.269916702,4091.921477937,1,4.166666667,,
3703243258,1502,1709,0,0,15.269916702,4093.921424774,1,4.166666667,,
3703245258,1502,1702,0,0,15.269916702,4095.921371611,1,4.166666667,,
3703247258,1504,1701,0,0,15.269916702,4097.921318448,1,4.166666667,,
3703249258,1512,1701,0,0,15.269916702,4099.921265284,1,4.166666667,,
3703251258,1508,1705,0,0,15.269916702,4101.921212121,1,4.166666667,,
3703253258,1501,1699,0,0,15.269916702,4103.921158958,1,4.166666667,,
3703255258,1503,1704,0,0,15.381445824,4105.921105795,1,4.166666667,,
3703257258,1504,1693,0,0,15.508581792,4107.921052632,1,4.166666667,,
3703259258,1507,1700,0,0,15.676539667,4109.920999468,1,4.166666667,,
3703261258,1513,1705,0,0,15.855098062,4111.920946305,1,4.166666667,,
3703263258,1512,1713,0,0,15.906796886,4113.920893142,1,4.166666667,,
3703265258,1512,1709,0,0,15.906796886,4115.920839979,1,4.166666667,,
3703267258,1512,1709,0,0,15.906796886,4117.920786816,1,4.166666667,,
3703269258,1509,1704,0,0,15.906796886,4119.920733652,1,4.166666667,,
3703271258,1504,1713,0,0,15.906796886,4121.920680489,1,4.166666667,,
3703273258,1512,1707,0,0,15.906796886,4123.920627326,1,4.166666667,,
3703275258,1509,1705,0,0,15.879002701,4125.920574163,1,4.166666667,,
3703277258,1510,1710,0,0,15.818619849,4127.920520999,1,4.166666667,,
3703279258,1512,1710,0,0,15.768378424,4129.920467836,1,4.166666667,,
3703281258,1512,1700,0,0,15.734902286,4131.920414673,1,4.166666667,,
3703283258,1508,1706,0,0,15.710861821,4133.92036151,1,4.166666667,,
3703285258,1513,1698,0,0,15.709532088,4135.920308347,1,4.166666667,,
3703287258,1512,1703,0,0,15.696164531,4137.920255183,1,4.166666667,,
3703289258,1512,1705,0,0,15.637548158,4139.92020202,1,4.166666667,,
3703291258,1510,1699,0,0,15.586361085,4141.920148857,1,4.166666667,,
3703293258,1509,1705,0,0,15.586361085,4143.920095694,1,4.166666667,,
3703295258,1505,1708,0,0,15.586361085,4145.920042531,1,4.166666667,,
3703297258,1513,1695,0,0,15.586361085,4147.919989367,1,4.166666667,,
3703299258,1508,1709,0,0,15.586361085,4149.919936204,1,4.166666667,,
3703301258,1505,1702,0,0,15.526901227,4151.919883041,1,4.166666667,,
3703303258,1512,1709,0,0,15.464961747,4153.919829878,1,4.166666667,,
3703305258,1510,1699,0,0,15.457317073,4155.919776715,1,4.166666667,,
3703307258,1508,1694,0,0,15.457317073,4157.919723551,1,4.166666667,,
3703309258,1506,1703,0,0,15.402958341,4159.919670388,1,4.166666667,,
3703311258,1508,1700,0,0,15.334426516,4161.919617225,1,4.166666667,,
3703313258,1507,1701,0,0,15.234663511,4163.919564062,1,4.166666667,,
3703315258,1512,1705,0,0,15.122131769,4165.919510898,1,4.166666667,,
3703317258,1508,1704,0,0,14.990926223,4167.919457735,1,4.166666667,,
3703319258,1512,1706,0,0,14.848583753,4169.919404572,1,4.166666667,,
3703321258,1511,1702,0,0,14.750274917,4171.919351409,1,4.166666667,,
3703323258,1510,1705,0,0,14.68902219,4173.919298246,1,4.166666667,,
3703325258,1511,1699,0,0,14.589400396,4175.919245082,1,4.166666667,,
3703327258,1509,1702,0,0,14.444670373,4177.919191919,1,4.166666667,,
3703329258,1508,1715,0,0,14.296900809,4179.919138756,1,4.166666667,,
3703331258,1512,1705,0,0,14.144092186,4181.919085593,1,4.166666667,,
3703333258,1510,1693,0,0,14.022483878,4183.91903243,1,4.166666667,,
3703335258,1512,1709,0,0,13.976212848,4185.918979266,1,4.166666667,,
3703337258,1513,1700,0,0,13.929457307,4187.918926103,1,4.166666667,,
3703339258,1513,1706,0,0,13.880873233,4189.91887294,1,4.166666667,,
3703341258,1512,1706,0,0,13.838414634,4191.918819777,1,4.166666667,,
3703343258,1512,1705,0,0,13.838414634,4193.918766614,1,4.166666667,,
3703345258,1508,1703,0,0,13.838414634,4195.91871345,1,4.166666667,,
3703347258,1511,1712,0,0,13.838414634,4197.918660287,1,4.166666667,,
3703349258,1505,1706,0,0,13.838414634,4199.918607124,1,4.166666667,,
3703351258,1508,1701,0,0,13.838414634,4201.918553961,1,4.166666667,,
3703353258,1501,1705,0,0,13.838414634,4203.918500797,1,4.166666667,,
3703355258,1502,1706,0,0,13.892947299,4205.918447634,1,4.166666667,,
3703357258,1508,1701,0,0,13.955205329,4207.918394471,1,4.166666667,,
3703359258,1510,1701,0,0,14.061726522,4209.918341308,1,4.166666667,,
3703361258,1510,1697,0,0,14.179835359,4211.918288145,1,4.166666667,,
3703363258,1507,1706,0,0,14.303718141,4213.918234981,1,4.166666667,,
3703365258,1503,1703,0,0,14.4299692,4215.918181818,1,4.166666667,,
3703367258,1512,1705,0,0,14.526420899,4217.918128655,1,4.166666667,,
3703369258,1500,1705,0,0,14.605049949,4219.918075492,1,4.166666667,,
3703371258,1506,1697,0,0,14.680964711,4221.918022329,1,4.166666667,,
3703373258,1504,1702,0,0,14.754589165,4223.917969165,1,4.166666667,,
3703375258,1508,1699,0,0,14.801635965,4225.917916002,1,4.166666667,,
3703377258,1510,1705,0,0,14.817353274,4227.917862839,1,4.166666667,,
3703379258,1500,1693,0,0,14.827167452,4229.917809676,1,4.166666667,,
3703381258,1511,1709,0,0,14.827167452,4231.917756512,1,4.166666667,,
3703383258,1512,1694,0,0,14.827167452,4233.917703349,1,4.166666667,,
3703385258,1512,1705,0,0,14.827167452,4235.917650186,1,4.166666667,,
3703387258,1498,1709,0,0,14.827167452,4237.917597023,1,4.166666667,,
3703389258,1511,1705,0,0,14.827167452,4239.91754386,1,4.166666667,,
3703391258,1508,1705,0,0,14.82295038,4241.917490696,1,4.166666667,,
3703393258,1508,1708,0,0,14.789325531,4243.917437533,1,4.166666667,,
3703395258,1508,1705,0,0,14.755960834,4245.91738437,1,4.166666667,,
3703397258,1502,1699,0,0,14.728526154,4247.917331207,1,4.166666667,,
3703399258,1508,1709,0,0,14.701091475,4249.917278044,1,4.166666667,,
3703401258,1504,1705,0,0,14.663740005,4251.91722488,1,4.166666667,,
3703403258,1514,1701,0,0,14.625960658,4253.917171717,1,4.166666667,,
3703405258,1512,1697,0,0,14.605900446,4255.917118554,1,4.166666667,,
3703407258,1511,1703,0,0,14.588365772,4257.917065391,1,4.166666667,,
3703409258,1511,1704,0,0,14.576006623,4259.917012228,1,4.166666667,,
3703411258,1512,1707,0,0,14.565007854,4261.916959064,1,4.166666667,,
3703413258,1508,1709,0,0,14.547552561,4263.916905901,1,4.166666667,,
3703415258,1507,1709,0,0,14.52744048,4265.916852738,1,4.166666667,,
3703417258,1508,1705,0,0,14.519571023,4267.916799575,1,4.166666667,,
3703419258,1505,1711,0,0,14.519044536,4269.916746411,1,4.166666667,,
3703421258,1504,1705,0,0,14.51703834,4271.916693248,1,4.166666667,,
3703423258,1502,1705,0,0,14.513780222,4273.916640085,1,4.166666667,,
3703425258,1505,1707,0,0,14.505715145,4275.916586922,1,4.166666667,,
3703427258,1508,1705,0,0,14.491968481,4277.916533759,1,4.166666667,,
3703429258,1505,1706,0,0,14.46552232,4279.916480595,1,4.166666667,,
3703431258,1501,1702,0,0,14.417902827,4281.916427432,1,4.166666667,,
3703433258,1508,1707,0,0,14.365783935,4283.916374269,1,4.166666667,,
3703435258,1512,1703,0,0,14.302730605,4285.916321106,1,4.166666667,,
3703437258,1512,1700,0,0,14.241338647,4287.916267943,1,4.166666667,,
3703439258,1508,1701,0,0,14.186267329,4289.916214779,1,4.166666667,,
3703441258,1509,1701,0,0,14.126829615,4291.916161616,1,4.166666667,,
3703443258,1510,1701,0,0,14.036757346,4293.916108453,1,4.166666667,,
3703445258,1507,1703,0,0,13.948264685,4295.91605529,1,4.166666667,,
3703447258,1500,1702,0,0,13.896382219,4297.916002127,1,4.166666667,,
3703449258,1505,1707,0,0,13.844499753,4299.915948963,1,4.166666667,,
3703451258,1510,1705,0,0,13.842319308,4301.9158958,1,4.166666667,,
3703453258,1504,1701,0,0,13.842319308,4303.915842637,1,4.166666667,,
3703455258,1505,1706,0,0,13.842319308,4305.915789474,1,4.166666667,,
3703457258,1512,1701,0,0,13.842319308,4307.91573631,1,4.166666667,,
3703459258,1506,1705,0,0,13.842319308,4309.915683147,1,4.166666667,,
3703461258,1504,1702,0,0,13.842319308,4311.915629984,1,4.166666667,,
3703463258,1512,1705,0,0,13.879564719,4313.915576821,1,4.166666667,,
3703465258,1509,1707,0,0,13.932185561,4315.915523658,1,4.166666667,,
3703467258,1508,1705,0,0,13.978457793,4317.915470494,1,4.166666667,,
3703469258,1508,1707,0,0,14.020911401,4319.915417331,1,4.166666667,,
3703471258,1500,1710,0,0,14.076476018,4321.915364168,1,4.166666667,,
3703473258,1505,1697,0,0,14.14316306,4323.915311005,1,4.166666667,,
3703475258,1500,1710,0,0,14.197371726,4325.915257842,1,4.166666667,,
3703477258,1512,1705,0,0,14.236792041,4327.915204678,1,4.166666667,,
3703479258,1508,1710,0,0,14.2794304,4329.915151515,1,4.166666667,,
3703481258,1504,1710,0,0,14.327449308,4331.915098352,1,4.166666667,,
3703483258,1509,1704,0,0,14.361501262,4333.915045189,1,4.166666667,,
3703485258,1508,1705,0,0,14.361501262,4335.914992026,1,4.166666667,,
3703487258,1504,1696,0,0,14.361501262,4337.914938862,1,4.166666667,,
3703489258,1502,1703,0,0,14.361501262,4339.914885699,1,4.166666667,,
3703491258,1500,1701,0,0,14.361501262,4341.914832536,1,4.166666667,,
3703493258,1513,1700,0,0,14.361501262,4343.914779373,1,4.166666667,,
3703495258,1500,1699,0,0,14.360063684,4345.914726209,1,4.166666667,,
3703497258,1511,1705,0,0,14.324740204,4347.914673046,1,4.166666667,,
3703499258,1505,1701,0,0,14.289416725,4349.914619883,1,4.166666667,,
3703501258,1507,1706,0,0,14.239480628,4351.91456672,1,4.166666667,,
3703503258,1500,1704,0,0,14.18889288,4353.914513557,1,4.166666667,,
3703505258,1504,1702,0,0,14.156358816,4355.914460393,1,4.166666667,,
3703507258,1504,1710,0,0,14.126429346,4357.91440723,1,4.166666667,,
3703509258,1512,1706,0,0,14.094971459,4359.914354067,1,4.166666667,,
3703511258,1502,1697,0,0,14.063108585,4361.914300904,1,4.166666667,,
3703513258,1501,1705,0,0,14.012138415,4363.914247741,1,4.166666667,,
3703515258,1499,1707,0,0,13.953255115,4365.914194577,1,4.166666667,,
3703517258,1501,1696,0,0,13.908381385,4367.914141414,1,4.166666667,,
3703519258,1504,1705,0,0,13.871958175,4369.914088251,1,4.166666667,,
3703521258,1504,1709,0,0,13.855216802,4371.914035088,1,4.166666667,,
3703523258,1501,1701,0,0,13.855216802,4373.913981925,1,4.166666667,,
3703525258,1504,1704,0,0,13.855216802,4375.913928761,1,4.166666667,,
3703527258,1508,1709,0,0,13.855216802,4377.913875598,1,4.166666667,,
3703529258,1506,1709,0,0,13.855216802,4379.913822435,1,4.166666667,,
3703531258,1504,1697,0,0,13.855216802,4381.913769272,1,4.166666667,,
3703533258,1508,1705,0,0,13.864103619,4383.913716108,1,4.166666667,,
3703535258,1505,1710,0,0,13.894726788,4385.913662945,1,4.166666667,,
3703537258,1508,1709,0,0,13.930082091,4387.913609782,1,4.166666667,,
3703539258,1505,1705,0,0,13.983586766,4389.913556619,1,4.166666667,,
3703541258,1508,1708,0,0,14.037096877,4391.913503456,1,4.166666667,,
3703543258,1503,1706,0,0,14.090645589,4393.913450292,1,4.166666667,,
3703545258,1504,1694,0,0,14.143562469,4395.913397129,1,4.166666667,,
3703547258,1505,1705,0,0,14.181328403,4397.913343966,1,4.166666667,,
3703549258,1501,1707,0,0,14.219094337,4399.913290803,1,4.166666667,,
3703551258,1512,1705,0,0,14.22822545,4401.91323764,1,4.166666667,,
3703553258,1504,1699,0,0,14.236058814,4403.913184476,1,4.166666667,,
3703555258,1504,1705,0,0,14.23705165,4405.913131313,1,4.166666667,,
3703557258,1508,1705,0,0,14.23705165,4407.91307815,1,4.166666667,,
3703559258,1508,1701,0,0,14.23705165,4409.913024987,1,4.166666667,,
3703561258,1502,1709,0,0,14.23705165,4411.912971823,1,4.166666667,,
3703563258,1508,1708,0,0,14.23705165,4413.91291866,1,4.166666667,,
3703565258,1504,1704,0,0,14.23705165,4415.912865497,1,4.166666667,,
3703567258,1508,1709,0,0,14.230127913,4417.912812334,1,4.166666667,,
3703569258,1510,1704,0,0,14.219015964,4419.912759171,1,4.166666667,,
3703571258,1505,1707,0,0,14.200013111,4421.912706007,1,4.166666667,,
3703573258,1501,1705,0,0,14.174280271,4423.912652844,1,4.166666667,,
3703575258,1510,1711,0,0,14.150423623,4425.912599681,1,4.166666667,,
3703577258,1512,1704,0,0,14.128802426,4427.912546518,1,4.166666667,,
3703579258,1508,1707,0,0,14.114261901,4429.912493355,1,4.166666667,,
3703581258,1502,1709,0,0,14.111627645,4431.912440191,1,4.166666667,,
3703583258,1508,1706,0,0,14.10586306,4433.912387028,1,4.166666667,,
3703585258,1508,1705,0,0,14.092417211,4435.912333865,1,4.166666667,,
3703587258,1508,1707,0,0,14.079453208,4437.912280702,1,4.166666667,,
3703589258,1507,1707,0,0,14.068344767,4439.912227539,1,4.166666667,,
3703591258,1501,1705,0,0,14.057381417,4441.912174375,1,4.166666667,,
3703593258,1511,1700,0,0,14.047454917,4443.912121212,1,4.166666667,,
3703595258,1505,1705,0,0,14.037778781,4445.912068049,1,4.166666667,,
3703597258,1508,1708,0,0,14.034211803,4447.912014886,1,4.166666667,,
3703599258,1504,1710,0,0,14.030644824,4449.911961722,1,4.166666667,,
3703601258,1504,1700,0,0,14.023233102,4451.911908559,1,4.166666667,,
3703603258,1510,1701,0,0,14.015644339,4453.911855396,1,4.166666667,,
3703605258,1511,1697,0,0,13.97852355,4455.911802233,1,4.166666667,,
3703607258,1512,1697,0,0,13.937090722,4457.91174907,1,4.166666667,,
3703609258,1505,1709,0,0,13.898024468,4459.911695906,1,4.166666667,,
3703611258,1504,1699,0,0,13.859590331,4461.911642743,1,4.166666667,,
3703613258,1502,1710,0,0,13.827814022,4463.91158958,1,4.166666667,,
3703615258,1500,1705,0,0,13.798812726,4465.911536417,1,4.166666667,,
3703617258,1501,1701,0,0,13.786038413,4467.911483254,1,4.166666667,,
3703619258,1510,1701,0,0,13.783107707,4469.91143009,1,4.166666667,,
3703621258,1508,1697,0,0,13.781756757,4471.911376927,1,4.166666667,,
3703623258,1508,1696,0,0,13.781756757,4473.911323764,1,4.166666667,,
3703625258,1504,1709,0,0,13.781756757,4475.911270601,1,4.166666667,,
3703627258,1505,1704,0,0,13.781756757,4477.911217438,1,4.166666667,,
3703629258,1503,1701,0,0,13.781756757,4479.911164274,1,4.166666667,,
3703631258,1509,1713,0,0,13.781756757,4481.911111111,1,4.166666667,,
3703633258,1510,1708,0,0,13.791248167,4483.911057948,1,4.166666667,,
3703635258,1505,1709,0,0,13.824105198,4485.911004785,1,4.166666667,,
3703637258,1504,1705,0,0,13.853323919,4487.910951621,1,4.166666667,,
3703639258,1507,1706,0,0,13.868474666,4489.910898458,1,4.166666667,,
3703641258,1504,1710,0,0,13.886008393,4491.910845295,1,4.166666667,,
3703643258,1507,1707,0,0,13.920676965,4493.910792132,1,4.166666667,,
3703645258,1504,1707,0,0,13.955658087,4495.910738969,1,4.166666667,,
3703647258,1500,1708,0,0,13.998402116,4497.910685805,1,4.166666667,,
3703649258,1508,1709,0,0,14.041146144,4499.910632642,1,4.166666667,,
3703651258,1504,1709,0,0,14.059479279,4501.910579479,1,4.166666667,,
3703653258,1498,1704,0,0,14.076670594,4503.910526316,1,4.166666667,,
3703655258,1507,1704,0,0,14.078872347,4505.910473153,1,4.166666667,,
3703657258,1511,1705,0,0,14.078872347,4507.910419989,1,4.166666667,,
3703659258,1505,1709,0,0,14.082061925,4509.910366826,1,4.166666667,,
3703661258,1508,1709,0,0,14.086106854,4511.910313663,1,4.166666667,,
3703663258,1501,1703,0,0,14.087299505,4513.9102605,1,4.166666667,,
3703665258,1508,1716,0,0,14.087299505,4515.910207337,1,4.166666667,,
3703667258,1511,1706,0,0,14.084784529,4517.910154173,1,4.166666667,,
3703669258,1514,1705,0,0,14.080739601,4519.91010101,1,4.166666667,,
3703671258,1512,1711,0,0,14.074400658,4521.910047847,1,4.166666667,,
3703673258,1508,1704,0,0,14.066094706,4523.909994684,1,4.166666667,,
3703675258,1510,1697,0,0,14.05478038,4525.90994152,1,4.166666667,,
3703677258,1511,1706,0,0,14.03986237,4527.909888357,1,4.166666667,,
3703679258,1504,1701,0,0,14.025974482,4529.909835194,1,4.166666667,,
3703681258,1512,1707,0,0,14.013828641,4531.909782031,1,4.166666667,,
3703683258,1508,1702,0,0,13.99603121,4533.909728868,1,4.166666667,,
3703685258,1501,1704,0,0,13.964275778,4535.909675704,1,4.166666667,,
3703687258,1510,1697,0,0,13.935252004,4537.909622541,1,4.166666667,,
3703689258,1507,1707,0,0,13.916833655,4539.909569378,1,4.166666667,,
3703691258,1511,1701,0,0,13.895222948,4541.909516215,1,4.166666667,,
3703693258,1508,1710,0,0,13.850514481,4543.909463052,1,4.166666667,,
3703695258,1508,1704,0,0,13.806386525,4545.909409888,1,4.166666667,,
3703697258,1508,1705,0,0,13.776938921,4547.909356725,1,4.166666667,,
3703699258,1502,1709,0,0,13.747491317,4549.909303562,1,4.166666667,,
3703701258,1507,1705,0,0,13.725246818,4551.909250399,1,4.166666667,,
3703703258,1505,1705,0,0,13.703344492,4553.909197236,1,4.166666667,,
3703705258,1510,1709,0,0,13.700524827,4555.909144072,1,4.166666667,,
3703707258,1504,1704,0,0,13.700524827,4557.909090909,1,4.166666667,,
3703709258,1503,1706,0,0,13.700524827,4559.909037746,1,4.166666667,,
3703711258,1510,1709,0,0,13.700524827,4561.908984583,1,4.166666667,,
3703713258,1504,1704,0,0,13.700524827,4563.908931419,1,4.166666667,,
3703715258,1512,1696,0,0,13.700524827,4565.908878256,1,4.166666667,,
3703717258,1505,1699,0,0,13.710444133,4567.908825093,1,4.166666667,,
3703719258,1508,1696,0,0,13.726414788,4569.90877193,1,4.166666667,,
3703721258,1512,1709,0,0,13.744954496,4571.908718767,1,4.166666667,,
3703723258,1512,1705,0,0,13.765702944,4573.908665603,1,4.166666667,,
3703725258,1512,1707,0,0,13.777024992,4575.90861244,1,4.166666667,,
3703727258,1510,1699,0,0,13.777024992,4577.908559277,1,4.166666667,,
3703729258,1510,1707,0,0,13.777024992,4579.908506114,1,4.166666667,,
3703731258,1505,1705,0,0,13.777024992,4581.908452951,1,4.166666667,,
3703733258,1512,1701,0,0,13.777024992,4583.908399787,1,4.166666667,,
3703735258,1512,1702,0,0,13.777024992,4585.908346624,1,4.166666667,,
3703737258,1515,1702,0,0,13.776406871,4587.908293461,1,4.166666667,,
3703739258,1507,1705,0,0,13.773379122,4589.908240298,1,4.166666667,,
3703741258,1507,1709,0,0,13.767727069,4591.908187135,1,4.166666667,,
3703743258,1512,1696,0,0,13.742968373,4593.908133971,1,4.166666667,,
3703745258,1512,1707,0,0,13.719135026,4595.908080808,1,4.166666667,,
3703747258,1512,1702,0,0,13.719135026,4597.908027645,1,4.166666667,,
3703749258,1512,1694,0,0,13.719135026,4599.907974482,1,4.166666667,,
3703751258,1512,1717,0,0,13.719135026,4601.907921318,1,4.166666667,,
3703753258,1514,1700,0,0,13.719135026,4603.907868155,1,4.166666667,,
3703755258,1510,1702,0,0,13.719135026,4605.907814992,1,4.166666667,,
3703757258,1508,1706,0,0,13.719135026,4607.907761829,1,4.166666667,,
3703759258,1508,1706,0,0,13.720515005,4609.907708666,1,4.166666667,,
3703761258,1510,1705,0,0,13.722268007,4611.907655502,1,4.166666667,,
3703763258,1508,1707,0,0,13.733792174,4613.907602339,1,4.166666667,,
3703765258,1515,1704,0,0,13.749428226,4615.907549176,1,4.166666667,,
3703767258,1509,1709,0,0,13.757451135,4617.907496013,1,4.166666667,,
3703769258,1512,1703,0,0,13.76081646,4619.90744285,1,4.166666667,,
3703771258,1512,1709,0,0,13.763619346,4621.907389686,1,4.166666667,,
3703773258,1508,1702,0,0,13.765937382,4623.907336523,1,4.166666667,,
3703775258,1512,1705,0,0,13.770434471,4625.90728336,1,4.166666667,,
3703777258,1512,1705,0,0,13.777555846,4627.907230197,1,4.166666667,,
3703779258,1512,1701,0,0,13.782489529,4629.907177033,1,4.166666667,,
3703781258,1509,1715,0,0,13.783702457,4631.90712387,1,4.166666667,,
3703783258,1505,1706,0,0,13.786356148,4633.907070707,1,4.166666667,,
3703785258,1508,1702,0,0,13.792591322,4635.907017544,1,4.166666667,,
3703787258,1512,1705,0,0,13.797557715,4637.906964381,1,4.166666667,,
3703789258,1511,1705,0,0,13.797557715,4639.906911217,1,4.166666667,,
3703791258,1512,1705,0,0,13.797557715,4641.906858054,1,4.166666667,,
3703793258,1508,1694,0,0,13.797557715,4643.906804891,1,4.166666667,,
3703795258,1508,1702,0,0,13.797557715,4645.906751728,1,4.166666667,,
3703797258,1514,1701,0,0,13.797557715,4647.906698565,1,4.166666667,,
3703799258,1508,1706,0,0,13.797557715,4649.906645401,1,4.166666667,,
3703801258,1516,1703,0,0,13.797019781,4651.906592238,1,4.166666667,,
3703803258,1511,1705,0,0,13.796455507,4653.906539075,1,4.166666667,,
3703805258,1512,1702,0,0,13.787228779,4655.906485912,1,4.166666667,,
3703807258,1508,1706,0,0,13.776706891,4657.906432749,1,4.166666667,,
3703809258,1505,1707,0,0,13.76373064,4659.906379585,1,4.166666667,,
3703811258,1512,1714,0,0,13.750088312,4661.906326422,1,4.166666667,,
3703813258,1510,1705,0,0,13.736899797,4663.906273259,1,4.166666667,,
3703815258,1508,1705,0,0,13.723902865,4665.906220096,1,4.166666667,,
3703817258,1510,1700,0,0,13.715502727,4667.906166932,1,4.166666667,,
3703819258,1511,1703,0,0,13.709922769,4669.906113769,1,4.166666667,,
3703821258,1512,1705,0,0,13.706386453,4671.906060606,1,4.166666667,,
3703823258,1513,1701,0,0,13.704616573,4673.906007443,1,4.166666667,,
3703825258,1508,1706,0,0,13.701622427,4675.90595428,1,4.166666667,,
3703827258,1510,1701,0,0,13.697149906,4677.905901116,1,4.166666667,,
3703829258,1512,1704,0,0,13.693552804,4679.905847953,1,4.166666667,,
3703831258,1509,1710,0,0,13.691448835,4681.90579479,1,4.166666667,,
3703833258,1508,1705,0,0,13.689947047,4683.905741627,1,4.166666667,,
3703835258,1507,1704,0,0,13.689947047,4685.905688464,1,4.166666667,,
3703837258,1512,1703,0,0,13.689947047,4687.9056353,1,4.166666667,,
3703839258,1507,1713,0,0,13.689947047,4689.905582137,1,4.166666667,,
3703841258,1512,1705,0,0,13.689947047,4691.905528974,1,4.166666667,,
3703843258,1513,1710,0,0,13.689947047,4693.905475811,1,4.166666667,,
3703845258,1512,1709,0,0,13.690008225,4695.905422648,1,4.166666667,,
3703847258,1508,1709,0,0,13.691705442,4697.905369484,1,4.166666667,,
3703849258,1511,1702,0,0,13.69340266,4699.905316321,1,4.166666667,,
3703851258,1512,1705,0,0,13.70111756,4701.905263158,1,4.166666667,,
3703853258,1503,1698,0,0,13.709131515,4703.905209995,1,4.166666667,,
3703855258,1506,1703,0,0,13.711529141,4705.905156831,1,4.166666667,,
3703857258,1510,1704,0,0,13.713082111,4707.905103668,1,4.166666667,,
3703859258,1509,1707,0,0,13.713414634,4709.905050505,1,4.166666667,,
3703861258,1508,1709,0,0,13.713414634,4711.904997342,1,4.166666667,,
3703863258,1508,1709,0,0,13.713414634,4713.904944179,1,4.166666667,,
3703865258,1507,1704,0,0,13.713414634,4715.904891015,1,4.166666667,,
3703867258,1512,1706,0,0,13.713414634,4717.904837852,1,4.166666667,,
3703869258,1505,1705,0,0,13.713414634,4719.904784689,1,4.166666667,,
3703871258,1505,1705,0,0,13.713149234,4721.904731526,1,4.166666667,,
3703873258,1508,1699,0,0,13.712653821,4723.904678363,1,4.166666667,,
3703875258,1504,1703,0,0,13.711904136,4725.904625199,1,4.166666667,,
3703877258,1510,1706,0,0,13.71084658,4727.904572036,1,4.166666667,,
3703879258,1512,1702,0,0,13.709180813,4729.904518873,1,4.166666667,,
3703881258,1508,1707,0,0,13.706474705,4731.90446571,1,4.166666667,,
3703883258,1512,1699,0,0,13.704189423,4733.904412547,1,4.166666667,,
3703885258,1504,1696,0,0,13.702957071,4735.904359383,1,4.166666667,,
3703887258,1510,1707,0,0,13.701176653,4737.90430622,1,4.166666667,,
3703889258,1508,1707,0,0,13.697233229,4739.904253057,1,4.166666667,,
3703891258,1497,1707,0,0,13.693604289,4741.904199894,1,4.166666667,,
3703893258,1503,1710,0,0,13.692308713,4743.90414673,1,4.166666667,,
3703895258,1502,1705,0,0,13.691058975,4745.904093567,1,4.166666667,,
3703897258,1507,1709,210,1,13.691058975,4747.904040404,1,4.166666667,5,-2.070707071
3703899258,1496,1666,210,1,13.691058975,4749.903987241,1,4.166666667,,
3703901258,1488,1632,210,1,13.691058975,4751.903934078,1,4.166666667,,
3703903258,1478,1597,210,1,13.691058975,4753.903880914,1,4.166666667,,
3703905258,1478,1552,210,1,13.691925217,4755.903827751,1,4.166666667,,
3703907258,1470,1532,210,1,13.692922498,4757.903774588,1,4.166666667,,
3703909258,1461,1509,210,1,13.693136699,4759.903721425,1,4.166666667,,
3703911258,1448,1473,210,1,13.693136699,4761.903668262,1,4.166666667,,
3703913258,1441,1448,210,0,13.698222029,4763.903615098,1,4.166666667,,
3703915258,1435,1420,210,0,13.705467884,4765.903561935,1,4.166666667,,
3703917258,1436,1399,210,0,13.711635279,4767.903508772,1,4.166666667,,
3703919258,1428,1371,210,0,13.717137289,4769.903455609,1,4.166666667,,
3703921258,1417,1355,210,0,13.724641627,4771.903402446,1,4.166666667,,
3703923258,1417,1333,210,0,13.733885966,4773.903349282,1,4.166666667,,
3703925258,1406,1319,210,0,13.738955006,4775.903296119,1,4.166666667,,
3703927258,1408,1307,210,0,13.738955006,4777.903242956,1,4.166666667,,
3703929258,1408,1289,210,0,13.739962144,4779.903189793,1,4.166666667,,
3703931258,1400,1274,210,0,13.742696916,4781.903136629,1,4.166666667,,
3703933258,1390,1268,210,0,13.744960239,4783.903083466,1,4.166666667,,
3703935258,1389,1254,210,0,13.746040119,4785.903030303,1,4.166666667,,
3703937258,1389,1242,210,0,13.747315784,4787.90297714,1,4.166666667,,
3703939258,1371,1219,210,0,13.749367327,4789.902923977,1,4.166666667,,
3703941258,1385,1218,210,0,13.752859423,4791.902870813,1,4.166666667,,
3703943258,1371,1210,210,0,13.767108153,4793.90281765,1,4.166666667,,
3703945258,1371,1206,210,0,13.78103016,4795.902764487,1,4.166666667,,
3703947258,1371,1195,210,0,13.785867736,4797.902711324,1,4.166666667,,
3703949258,1371,1198,210,0,13.790705311,4799.902658161,1,4.166666667,,
3703951258,1371,1187,210,0,13.800160945,4801.902604997,1,4.166666667,,
3703953258,1371,1175,210,0,13.809852851,4803.902551834,1,4.166666667,,
3703955258,1366,1177,210,0,13.824461302,4805.902498671,1,4.166666667,,
3703957258,1371,1167,210,0,13.839817828,4807.902445508,1,4.166666667,,
3703959258,1371,1164,210,0,13.856694745,4809.902392344,1,4.166666667,,
3703961258,1371,1160,210,0,13.873989186,4811.902339181,1,4.166666667,,
3703963258,1367,1155,210,0,13.894629843,4813.902286018,1,4.166666667,,
3703965258,1363,1159,210,0,13.916696673,4815.902232855,1,4.166666667,,
3703967258,1368,1154,210,0,13.939835414,4817.902179692,1,4.166666667,,
3703969258,1359,1152,210,0,13.963637363,4819.902126528,1,4.166666667,,
3703971258,1360,1136,210,0,13.987504506,4821.902073365,1,4.166666667,,
3703973258,1364,1142,210,0,14.011428452,4823.902020202,1,4.166666667,,
3703975258,1367,1145,210,0,14.045192844,4825.901967039,1,4.166666667,,
3703977258,1366,1124,210,0,14.090936178,4827.901913876,1,4.166666667,,
3703979258,1363,1135,210,0,14.128937471,4829.901860712,1,4.166666667,,
3703981258,1359,1128,210,0,14.153620148,4831.901807549,1,4.166666667,,
3703983258,1360,1134,210,0,14.188369614,4833.901754386,1,4.166666667,,
3703985258,1358,1131,210,0,14.248471533,4835.901701223,1,4.166666667,,
3703987258,1359,1119,210,0,14.316538979,4837.90164806,1,4.166666667,,
3703989258,1360,1121,210,0,14.416304058,4839.901594896,1,4.166666667,,
3703991258,1357,1119,210,0,14.514738443,4841.901541733,1,4.166666667,,
3703993258,1359,1116,210,0,14.603172742,4843.90148857,1,4.166666667,,
3703995258,1358,1121,210,0,14.69281662,4845.901435407,1,4.166666667,,
3703997258,1354,1120,210,0,14.816772492,4847.901382243,1,4.166666667,,
3703999258,1355,1114,210,0,14.940728365,4849.90132908,1,4.166666667,,
3704001258,1347,1113,210,0,15.080513902,4851.901275917,1,4.166666667,,
3704003258,1341,1114,210,0,15.221120955,4853.901222754,1,4.166666667,,
3704005258,1336,1107,210,0,15.37090625,4855.901169591,1,4.166666667,,
3704007258,1332,1102,210,0,15.522096159,4857.901116427,1,4.166666667,,
3704009258,1331,1103,210,0,15.732619759,4859.901063264,1,4.166666667,,
3704011258,1321,1095,210,0,15.959501421,4861.901010101,1,4.166666667,,
3704013258,1313,1098,210,0,16.235541753,4863.900956938,1,4.166666667,,
3704015258,1309,1101,210,0,16.532600252,4865.900903775,1,4.166666667,,
3704017258,1302,1089,210,0,16.895694784,4867.900850611,1,4.166666667,,
3704019258,1296,1082,210,0,17.299762091,4869.900797448,1,4.166666667,,
3704021258,1278,1083,210,0,17.779619048,4871.900744285,1,4.166666667,,
3704023258,1275,1073,210,0,18.325689085,4873.900691122,1,4.166666667,,
3704025258,1260,1070,210,0,18.957693912,4875.900637959,1,4.166666667,,
3704027258,1249,1078,210,0,19.694589807,4877.900584795,1,4.166666667,,
3704029258,1236,1083,210,0,20.722073585,4879.900531632,1,4.166666667,,
3704031258,1205,1167,210,0,22.250886719,4881.900478469,1,4.166666667,,
3704033258,1183,1304,210,0,23.355054676,4883.900425306,1,4.166666667,,
3704035258,1179,1344,210,0,23.386283959,4885.900372142,1,4.166666667,,
3704037258,1179,1342,210,0,23.411262238,4887.900318979,1,4.166666667,,
3704039258,1179,1348,210,0,23.411262238,4889.900265816,1,4.166666667,,
3704041258,1179,1358,210,0,23.411262238,4891.900212653,1,4.166666667,,
3704043258,1180,1361,210,0,23.411262238,4893.90015949,1,4.166666667,,
3704045258,1182,1350,210,0,23.411262238,4895.900106326,1,4.166666667,,
3704047258,1181,1352,0,0,23.411262238,4897.900053163,1,4.166666667,,
3704049258,1207,1371,0,0,23.411262238,4899.9,1,4.166666667,,
3704051258,1226,1420,0,0,23.434320159,4901.899946837,1,4.166666667,,
3704053258,1252,1445,0,0,23.458591688,4903.899893674,1,4.166666667,,
3704055258,1256,1463,0,0,23.452596947,4905.89984051,1,4.166666667,,
3704057258,1275,1479,0,0,23.441943572,4907.899787347,1,4.166666667,,
3704059258,1302,1501,0,0,23.429811808,4909.899734184,1,4.166666667,,
3704061258,1310,1519,0,0,23.417270858,4911.899681021,1,4.166666667,,
3704063258,1326,1537,0,0,23.412523086,4913.899627858,1,4.166666667,,
3704065258,1342,1539,0,0,23.411117913,4915.899574694,1,4.166666667,,
3704067258,1356,1562,0,0,23.411445161,4917.899521531,1,4.166666667,,
3704069258,1360,1571,0,0,23.412850334,4919.899468368,1,4.166666667,,
3704071258,1371,1577,0,0,23.42019149,4921.899415205,1,4.166666667,,
3704073258,1371,1591,0,0,23.43273244,4923.899362041,1,4.166666667,,
3704075258,1399,1602,0,0,23.439634146,4925.899308878,1,4.166666667,,
3704077258,1400,1604,0,0,23.439634146,4927.899255715,1,4.166666667,,
3704079258,1412,1620,0,0,23.43590212,4929.899202552,1,4.166666667,,
3704081258,1423,1620,0,0,23.425713056,4931.899149389,1,4.166666667,,
3704083258,1423,1633,0,0,23.417741044,4933.899096225,1,4.166666667,,
3704085258,1432,1638,0,0,23.415389157,4935.899043062,1,4.166666667,,
3704087258,1436,1640,0,0,23.41322614,4937.898989899,1,4.166666667,,
3704089258,1444,1649,0,0,23.411820967,4939.898936736,1,4.166666667,,
3704091258,1449,1654,0,0,23.408565855,4941.898883573,1,4.166666667,,
3704093258,1455,1664,0,0,23.391228257,4943.898830409,1,4.166666667,,
3704095258,1458,1664,0,0,23.374457995,4945.898777246,1,4.166666667,,
3704097258,1456,1667,0,0,23.374457995,4947.898724083,1,4.166666667,,
3704099258,1463,1672,0,0,23.374457995,4949.89867092,1,4.166666667,,
3704101258,1466,1680,0,0,23.374457995,4951.898617757,1,4.166666667,,
3704103258,1467,1677,0,0,23.374457995,4953.898564593,1,4.166666667,,
3704105258,1475,1683,0,0,23.374457995,4955.89851143,1,4.166666667,,
3704107258,1480,1689,0,0,23.374457995,4957.898458267,1,4.166666667,,
3704109258,1480,1685,0,0,23.374457995,4959.898405104,1,4.166666667,,
3704111258,1485,1693,0,0,23.374457995,4961.89835194,1,4.166666667,,
3704113258,1483,1692,0,0,23.374457995,4963.898298777,1,4.166666667,,
3704115258,1485,1697,0,0,23.374457995,4965.898245614,1,4.166666667,,
3704117258,1484,1693,0,0,23.374457995,4967.898192451,1,4.166666667,,
3704119258,1492,1692,0,0,23.374457995,4969.898139288,1,4.166666667,,
3704121258,1491,1689,0,0,23.314531373,4971.898086124,1,4.166666667,,
3704123258,1495,1689,0,0,23.20196998,4973.898032961,1,4.166666667,,
3704125258,1500,1699,0,0,23.131280908,4975.897979798,1,4.166666667,,
3704127258,1499,1697,0,0,23.111975974,4977.897926635,1,4.166666667,,
3704129258,1492,1692,0,0,22.650815726,4979.897873472,1,4.166666667,,
3704131258,1491,1693,0,0,21.422978359,4981.897820308,1,4.166666667,,
3704133258,1497,1692,0,0,20.430736071,4983.897767145,1,4.166666667,,
3704135258,1499,1694,0,0,20.037677951,4985.897713982,1,4.166666667,,
3704137258,1495,1699,0,0,19.627245325,4987.897660819,1,4.166666667,,
3704139258,1504,1692,0,0,19.146805987,4989.897607656,1,4.166666667,,
3704141258,1508,1693,0,0,18.65904455,4991.897554492,1,4.166666667,,
3704143258,1504,1696,0,0,18.115181312,4993.897501329,1,4.166666667,,
3704145258,1504,1701,0,0,17.568507459,4995.897448166,1,4.166666667,,
3704147258,1514,1706,0,0,16.93697214,4997.897395003,1,4.166666667,,
3704149258,1500,1692,0,0,16.305436821,4999.897341839,1,4.166666667,,
3704151258,1504,1708,0,0,15.599763293,5001.897288676,1,4.166666667,,
3704153258,1503,1699,0,0,14.890078307,5003.897235513,1,4.166666667,,
3704155258,1510,1700,0,0,14.794470143,5005.89718235,1,4.166666667,,
3704157258,1504,1705,0,0,14.794470143,5007.897129187,1,4.166666667,,
3704159258,1504,1709,0,0,14.794470143,5009.897076023,1,4.166666667,,
3704161258,1511,1700,0,0,14.794470143,5011.89702286,1,4.166666667,,
3704163258,1503,1705,0,0,14.794470143,5013.896969697,1,4.166666667,,
3704165258,1508,1705,0,0,14.794470143,5015.896916534,1,4.166666667,,
3704167258,1503,1704,0,0,14.833661323,5017.896863371,1,4.166666667,,
3704169258,1502,1701,0,0,14.897374937,5019.896810207,1,4.166666667,,
3704171258,1498,1710,0,0,14.981056638,5021.896757044,1,4.166666667,,
3704173258,1508,1709,0,0,15.082323594,5023.896703881,1,4.166666667,,
3704175258,1502,1705,0,0,15.138188799,5025.896650718,1,4.166666667,,
3704177258,1507,1705,0,0,15.138188799,5027.896597554,1,4.166666667,,
3704179258,1499,1700,0,0,15.138188799,5029.896544391,1,4.166666667,,
3704181258,1505,1708,0,0,15.138188799,5031.896491228,1,4.166666667,,
3704183258,1504,1693,0,0,15.138188799,5033.896438065,1,4.166666667,,
3704185258,1509,1703,0,0,15.138188799,5035.896384902,1,4.166666667,,
3704187258,1504,1702,0,0,15.134083311,5037.896331738,1,4.166666667,,
3704189258,1511,1709,0,0,15.113366429,5039.896278575,1,4.166666667,,
3704191258,1508,1705,0,0,15.095027482,5041.896225412,1,4.166666667,,
3704193258,1505,1705,0,0,15.095027482,5043.896172249,1,4.166666667,,
3704195258,1512,1707,0,0,15.095027482,5045.896119086,1,4.166666667,,
3704197258,1505,1712,0,0,15.095027482,5047.896065922,1,4.166666667,,
3704199258,1513,1709,0,0,15.095027482,5049.896012759,1,4.166666667,,
3704201258,1504,1713,0,0,15.095027482,5051.895959596,1,4.166666667,,
3704203258,1502,1703,0,0,15.095027482,5053.895906433,1,4.166666667,,
3704205258,1508,1705,0,0,15.278276116,5055.89585327,1,4.166666667,,
3704207258,1509,1709,0,0,15.490218267,5057.895800106,1,4.166666667,,
3704209258,1512,1705,0,0,15.536585366,5059.895746943,1,4.166666667,,
3704211258,1505,1706,0,0,15.536585366,5061.89569378,1,4.166666667,,
3704213258,1510,1701,0,0,15.536585366,5063.895640617,1,4.166666667,,
3704215258,1512,1701,0,0,15.536585366,5065.895587453,1,4.166666667,,
3704217258,1508,1709,0,0,15.536585366,5067.89553429,1,4.166666667,,
3704219258,1512,1701,0,0,15.536585366,5069.895481127,1,4.166666667,,
3704221258,1512,1705,0,0,15.535762171,5071.895427964,1,4.166666667,,
3704223258,1511,1701,0,0,15.534212076,5073.895374801,1,4.166666667,,
3704225258,1511,1705,0,0,15.530017562,5075.895321637,1,4.166666667,,
3704227258,1512,1713,0,0,15.522560429,5077.895268474,1,4.166666667,,
3704229258,1510,1706,0,0,15.514863912,5079.895215311,1,4.166666667,,
3704231258,1512,1710,0,0,15.506749643,5081.895162148,1,4.166666667,,
3704233258,1505,1705,0,0,15.489053404,5083.895108985,1,4.166666667,,
3704235258,1508,1709,0,0,15.446826884,5085.895055821,1,4.166666667,,
3704237258,1512,1704,0,0,15.412327293,5087.895002658,1,4.166666667,,
3704239258,1504,1709,0,0,15.409223163,5089.894949495,1,4.166666667,,
3704241258,1517,1706,0,0,15.403154002,5091.894896332,1,4.166666667,,
3704243258,1512,1713,0,0,15.374067692,5093.894843169,1,4.166666667,,
3704245258,1508,1704,0,0,15.343127901,5095.894790005,1,4.166666667,,
3704247258,1505,1701,0,0,15.253724899,5097.894736842,1,4.166666667,,
3704249258,1504,1712,0,0,15.164321897,5099.894683679,1,4.166666667,,
3704251258,1513,1702,0,0,15.118266289,5101.894630516,1,4.166666667,,
3704253258,1507,1709,0,0,15.074620221,5103.894577352,1,4.166666667,,
3704255258,1508,1709,0,0,15.037097448,5105.894524189,1,4.166666667,,
3704257258,1512,1709,0,0,15.000538922,5107.894471026,1,4.166666667,,
3704259258,1512,1707,0,0,14.955034007,5109.894417863,1,4.166666667,,
3704261258,1509,1705,0,0,14.907014024,5111.8943647,1,4.166666667,,
3704263258,1512,1713,0,0,14.840879901,5113.894311536,1,4.166666667,,
3704265258,1512,1709,0,0,14.766877693,5115.894258373,1,4.166666667,,
3704267258,1505,1704,0,0,14.700066277,5117.89420521,1,4.166666667,,
3704269258,1512,1706,0,0,14.637779548,5119.894152047,1,4.166666667,,
3704271258,1508,1704,0,0,14.578056081,5121.894098884,1,4.166666667,,
3704273258,1502,1702,0,0,14.520602075,5123.89404572,1,4.166666667,,
3704275258,1508,1707,0,0,14.441457064,5125.893992557,1,4.166666667,,
3704277258,1507,1697,0,0,14.335478204,5127.893939394,1,4.166666667,,
3704279258,1508,1696,0,0,14.230137563,5129.893886231,1,4.166666667,,
3704281258,1508,1706,0,0,14.125913886,5131.893833068,1,4.166666667,,
3704283258,1508,1706,0,0,14.024161872,5133.893779904,1,4.166666667,,
3704285258,1505,1702,0,0,13.928758292,5135.893726741,1,4.166666667,,
3704287258,1512,1706,0,0,13.851975473,5137.893673578,1,4.166666667,,
3704289258,1510,1696,0,0,13.851169376,5139.893620415,1,4.166666667,,
3704291258,1504,1705,0,0,13.850454733,5141.893567251,1,4.166666667,,
3704293258,1504,1703,0,0,13.850454733,5143.893514088,1,4.166666667,,
3704295258,1508,1702,0,0,13.850454733,5145.893460925,1,4.166666667,,
3704297258,1508,1708,0,0,13.850454733,5147.893407762,1,4.166666667,,
3704299258,1504,1701,0,0,13.850454733,5149.893354599,1,4.166666667,,
3704301258,1512,1709,0,0,13.850454733,5151.893301435,1,4.166666667,,
3704303258,1507,1703,0,0,13.850454733,5153.893248272,1,4.166666667,,
3704305258,1504,1706,0,0,13.947273921,5155.893195109,1,4.166666667,,
3704307258,1511,1705,0,0,14.059425695,5157.893141946,1,4.166666667,,
3704309258,1508,1706,0,0,14.159326619,5159.893088783,1,4.166666667,,
3704311258,1500,1704,0,0,14.25577013,5161.893035619,1,4.166666667,,
3704313258,1508,1700,0,0,14.340208065,5163.892982456,1,4.166666667,,
3704315258,1504,1705,0,0,14.419414808,5165.892929293,1,4.166666667,,
3704317258,1512,1700,0,0,14.482490784,5167.89287613,1,4.166666667,,
3704319258,1505,1701,0,0,14.535388256,5169.892822967,1,4.166666667,,
3704321258,1499,1710,0,0,14.588119982,5171.892769803,1,4.166666667,,
3704323258,1508,1703,0,0,14.640704567,5173.89271664,1,4.166666667,,
3704325258,1503,1709,0,0,14.691566522,5175.892663477,1,4.166666667,,
3704327258,1504,1705,0,0,14.74029168,5177.892610314,1,4.166666667,,
3704329258,1505,1703,0,0,14.785653712,5179.89255715,1,4.166666667,,
3704331258,1512,1705,0,0,14.825112908,5181.892503987,1,4.166666667,,
3704333258,1508,1706,0,0,14.855397589,5183.892450824,1,4.166666667,,
3704335258,1504,1710,0,0,14.862039818,5185.892397661,1,4.166666667,,
3704337258,1504,1707,0,0,14.867378992,5187.892344498,1,4.166666667,,
3704339258,1510,1703,0,0,14.867378992,5189.892291334,1,4.166666667,,
3704341258,1511,1704,0,0,14.867378992,5191.892238171,1,4.166666667,,
3704343258,1498,1704,0,0,14.867378992,5193.892185008,1,4.166666667,,
3704345258,1505,1697,0,0,14.867378992,5195.892131845,1,4.166666667,,
3704347258,1506,1703,0,0,14.867378992,5197.892078682,1,4.166666667,,
3704349258,1504,1708,0,0,14.867378992,5199.892025518,1,4.166666667,,
3704351258,1508,1703,0,0,14.838617083,5201.891972355,1,4.166666667,,
3704353258,1512,1703,0,0,14.808213738,5203.891919192,1,4.166666667,,
3704355258,1497,1697,0,0,14.777034516,5205.891866029,1,4.166666667,,
3704357258,1501,1705,0,0,14.745731732,5207.891812865,1,4.166666667,,
3704359258,1496,1697,0,0,14.711073547,5209.891759702,1,4.166666667,,
3704361258,1503,1709,0,0,14.675464737,5211.891706539,1,4.166666667,,
3704363258,1507,1707,0,0,14.636628905,5213.891653376,1,4.166666667,,
3704365258,1507,1712,0,0,14.596382538,5215.891600213,1,4.166666667,,
3704367258,1507,1707,0,0,14.545053799,5217.891547049,1,4.166666667,,
3704369258,1504,1697,0,0,14.486712477,5219.891493886,1,4.166666667,,
3704371258,1501,1693,0,0,14.423838976,5221.891440723,1,4.166666667,,
3704373258,1505,1701,0,0,14.356931303,5223.89138756,1,4.166666667,,
3704375258,1504,1711,0,0,14.285325581,5225.891334397,1,4.166666667,,
3704377258,1507,1704,0,0,14.207876581,5227.891281233,1,4.166666667,,
3704379258,1501,1705,0,0,14.13168076,5229.89122807,1,4.166666667,,
3704381258,1505,1701,0,0,14.057690804,5231.891174907,1,4.166666667,,
3704383258,1507,1704,0,0,13.983835654,5233.891121744,1,4.166666667,,
3704385258,1500,1704,0,0,13.910329041,5235.891068581,1,4.166666667,,
3704387258,1507,1705,0,0,13.83931902,5237.891015417,1,4.166666667,,
3704389258,1513,1713,0,0,13.778581854,5239.890962254,1,4.166666667,,
3704391258,1511,1705,0,0,13.724654794,5241.890909091,1,4.166666667,,
3704393258,1508,1706,0,0,13.724654794,5243.890855928,1,4.166666667,,
3704395258,1508,1709,0,0,13.724654794,5245.890802764,1,4.166666667,,
3704397258,1508,1705,0,0,13.724654794,5247.890749601,1,4.166666667,,
3704399258,1511,1707,0,0,13.724654794,5249.890696438,1,4.166666667,,
3704401258,1501,1704,0,0,13.724654794,5251.890643275,1,4.166666667,,
3704403258,1508,1703,0,0,13.724654794,5253.890590112,1,4.166666667,,
3704405258,1508,1705,0,0,13.807575594,5255.890536948,1,4.166666667,,
3704407258,1511,1696,0,0,13.9037761,5257.890483785,1,4.166666667,,
3704409258,1510,1710,0,0,13.986163382,5259.890430622,1,4.166666667,,
3704411258,1512,1703,0,0,14.064622085,5261.890377459,1,4.166666667,,
3704413258,1504,1702,0,0,14.100774139,5263.890324296,1,4.166666667,,
3704415258,1512,1705,0,0,14.118375783,5265.890271132,1,4.166666667,,
3704417258,1507,1705,0,0,14.152703239,5267.890217969,1,4.166666667,,
3704419258,1510,1704,0,0,14.197643938,5269.890164806,1,4.166666667,,
3704421258,1504,1706,0,0,14.249648008,5271.890111643,1,4.166666667,,
3704423258,1511,1710,0,0,14.307956096,5273.89005848,1,4.166666667,,
3704425258,1510,1704,0,0,14.376011432,5275.890005316,1,4.166666667,,
3704427258,1507,1697,0,0,14.456222737,5277.889952153,1,4.166666667,,
3704429258,1501,1705,0,0,14.507427566,5279.88989899,1,4.166666667,,
3704431258,1508,1703,0,0,14.507427566,5281.889845827,1,4.166666667,,
3704433258,1505,1705,0,0,14.507427566,5283.889792663,1,4.166666667,,
3704435258,1503,1713,0,0,14.507427566,5285.8897395,1,4.166666667,,
3704437258,1508,1705,0,0,14.507427566,5287.889686337,1,4.166666667,,
3704439258,1510,1710,0,0,14.507427566,5289.889633174,1,4.166666667,,
3704441258,1507,1705,0,0,14.503616806,5291.889580011,1,4.166666667,,
3704443258,1501,1709,0,0,14.469427206,5293.889526847,1,4.166666667,,
3704445258,1508,1706,0,0,14.434238279,5295.889473684,1,4.166666667,,
3704447258,1504,1699,0,0,14.364448608,5297.889420521,1,4.166666667,,
3704449258,1502,1697,0,0,14.294658936,5299.889367358,1,4.166666667,,
3704451258,1500,1705,0,0,14.229352345,5301.889314195,1,4.166666667,,
3704453258,1509,1701,0,0,14.164308269,5303.889261031,1,4.166666667,,
3704455258,1508,1709,0,0,14.136463625,5305.889207868,1,4.166666667,,
3704457258,1511,1706,0,0,14.114609741,5307.889154705,1,4.166666667,,
3704459258,1503,1704,0,0,14.080158556,5309.889101542,1,4.166666667,,
3704461258,1512,1703,0,0,14.042110787,5311.889048379,1,4.166666667,,
3704463258,1501,1704,0,0,14.006906862,5313.888995215,1,4.166666667,,
3704465258,1512,1709,0,0,13.972953806,5315.888942052,1,4.166666667,,
3704467258,1510,1699,0,0,13.930517045,5317.888888889,1,4.166666667,,
3704469258,1504,1702,0,0,13.882681932,5319.888835726,1,4.166666667,,
3704471258,1512,1701,0,0,13.828959612,5321.888782562,1,4.166666667,,
3704473258,1505,1710,0,0,13.769968965,5323.888729399,1,4.166666667,,
3704475258,1504,1713,0,0,13.737190808,5325.888676236,1,4.166666667,,
3704477258,1508,1699,0,0,13.737190808,5327.888623073,1,4.166666667,,
3704479258,1501,1707,0,0,13.737190808,5329.88856991,1,4.166666667,,
3704481258,1500,1708,0,0,13.737190808,5331.888516746,1,4.166666667,,
3704483258,1512,1707,0,0,13.737190808,5333.888463583,1,4.166666667,,
3704485258,1507,1712,0,0,13.737190808,5335.88841042,1,4.166666667,,
3704487258,1505,1709,0,0,13.743596972,5337.888357257,1,4.166666667,,
3704489258,1512,1710,0,0,13.776587183,5339.888304094,1,4.166666667,,
3704491258,1502,1704,0,0,13.813885766,5341.88825093,1,4.166666667,,
3704493258,1500,1705,0,0,13.885761937,5343.888197767,1,4.166666667,,
3704495258,1500,1707,0,0,13.956652472,5345.888144604,1,4.166666667,,
3704497258,1507,1706,0,0,13.992564907,5347.888091441,1,4.166666667,,
3704499258,1512,1700,0,0,14.028477342,5349.888038278,1,4.166666667,,
3704501258,1508,1705,0,0,14.079419867,5351.887985114,1,4.166666667,,
3704503258,1502,1707,0,0,14.13125371,5353.887931951,1,4.166666667,,
3704505258,1503,1703,0,0,14.164467185,5355.887878788,1,4.166666667,,
3704507258,1505,1707,0,0,14.19466526,5357.887825625,1,4.166666667,,
3704509258,1502,1709,0,0,14.223949274,5359.887772461,1,4.166666667,,
3704511258,1504,1701,0,0,14.252971315,5361.887719298,1,4.166666667,,
3704513258,1502,1701,0,0,14.289900734,5363.887666135,1,4.166666667,,
3704515258,1501,1709,0,0,14.330319132,5365.887612972,1,4.166666667,,
3704517258,1504,1709,0,0,14.352367694,5367.887559809,1,4.166666667,,
3704519258,1504,1706,0,0,14.362694437,5369.887506645,1,4.166666667,,
3704521258,1507,1705,0,0,14.367578221,5371.887453482,1,4.166666667,,
3704523258,1500,1709,0,0,14.367578221,5373.887400319,1,4.166666667,,
3704525258,1504,1705,0,0,14.367578221,5375.887347156,1,4.166666667,,
3704527258,1507,1710,0,0,14.367578221,5377.887293993,1,4.166666667,,
3704529258,1501,1705,0,0,14.367578221,5379.887240829,1,4.166666667,,
3704531258,1504,1705,0,0,14.367578221,5381.887187666,1,4.166666667,,
3704533258,1504,1704,0,0,14.366868744,5383.887134503,1,4.166666667,,
3704535258,1501,1705,0,0,14.364306605,5385.88708134,1,4.166666667,,
3704537258,1504,1702,0,0,14.358407179,5387.887028177,1,4.166666667,,
3704539258,1508,1708,0,0,14.338599792,5389.886975013,1,4.166666667,,
3704541258,1508,1709,0,0,14.315509812,5391.88692185,1,4.166666667,,
3704543258,1504,1693,0,0,14.265896034,5393.886868687,1,4.166666667,,
3704545258,1508,1703,0,0,14.21673338,5395.886815524,1,4.166666667,,
3704547258,1502,1705,0,0,14.183989239,5397.88676236,1,4.166666667,,
3704549258,1502,1705,0,0,14.151245098,5399.886709197,1,4.166666667,,
3704551258,1500,1705,0,0,14.095551523,5401.886656034,1,4.166666667,,
3704553258,1508,1710,0,0,14.038479869,5403.886602871,1,4.166666667,,
3704555258,1505,1707,0,0,13.997768079,5405.886549708,1,4.166666667,,
3704557258,1503,1697,0,0,13.95972031,5407.886496544,1,4.166666667,,
3704559258,1505,1713,0,0,13.907402705,5409.886443381,1,4.166666667,,
3704561258,1502,1696,0,0,13.850979603,5411.886390218,1,4.166666667,,
3704563258,1508,1707,0,0,13.815588867,5413.886337055,1,4.166666667,,
3704565258,1512,1703,0,0,13.789507314,5415.886283892,1,4.166666667,,
3704567258,1504,1703,0,0,13.760037052,5417.886230728,1,4.166666667,,
3704569258,1497,1705,0,0,13.728398399,5419.886177565,1,4.166666667,,
3704571258,1507,1713,0,0,13.713414634,5421.886124402,1,4.166666667,,
3704573258,1500,1705,0,0,13.713414634,5423.886071239,1,4.166666667,,
3704575258,1505,1701,0,0,13.713414634,5425.886018075,1,4.166666667,,
3704577258,1502,1707,0,0,13.713414634,5427.885964912,1,4.166666667,,
3704579258,1508,1703,0,0,13.713414634,5429.885911749,1,4.166666667,,
3704581258,1500,1698,0,0,13.713414634,5431.885858586,1,4.166666667,,
3704583258,1505,1706,0,0,13.719643369,5433.885805423,1,4.166666667,,
3704585258,1508,1709,0,0,13.742191365,5435.885752259,1,4.166666667,,
3704587258,1508,1707,0,0,13.770717768,5437.885699096,1,4.166666667,,
3704589258,1504,1713,0,0,13.824265311,5439.885645933,1,4.166666667,,
3704591258,1501,1707,0,0,13.876034119,5441.88559277,1,4.166666667,,
3704593258,1500,1704,0,0,13.913332462,5443.885539607,1,4.166666667,,
3704595258,1504,1704,0,0,13.949707595,5445.885486443,1,4.166666667,,
3704597258,1505,1705,0,0,13.951603038,5447.88543328,1,4.166666667,,
3704599258,1502,1709,0,0,13.953498481,5449.885380117,1,4.166666667,,
3704601258,1510,1707,0,0,13.963238789,5451.885326954,1,4.166666667,,
3704603258,1507,1701,0,0,13.973456032,5453.885273791,1,4.166666667,,
3704605258,1507,1703,0,0,13.997823594,5455.885220627,1,4.166666667,,
3704607258,1505,1708,0,0,14.024508103,5457.885167464,1,4.166666667,,
3704609258,1507,1703,0,0,14.033608669,5459.885114301,1,4.166666667,,
3704611258,1497,1701,0,0,14.037630862,5461.885061138,1,4.166666667,,
3704613258,1504,1706,0,0,14.038867596,5463.885007974,1,4.166666667,,
3704615258,1508,1697,0,0,14.038867596,5465.884954811,1,4.166666667,,
3704617258,1507,1705,0,0,14.038867596,5467.884901648,1,4.166666667,,
3704619258,1504,1704,0,0,14.038867596,5469.884848485,1,4.166666667,,
3704621258,1507,1706,0,0,14.038867596,5471.884795322,1,4.166666667,,
3704623258,1505,1704,0,0,14.038867596,5473.884742158,1,4.166666667,,
3704625258,1499,1707,0,0,14.032484391,5475.884688995,1,4.166666667,,
3704627258,1502,1706,0,0,14.018054383,5477.884635832,1,4.166666667,,
3704629258,1510,1706,0,0,14.00033634,5479.884582669,1,4.166666667,,
3704631258,1500,1704,0,0,13.976746633,5481.884529506,1,4.166666667,,
3704633258,1507,1704,0,0,13.953082819,5483.884476342,1,4.166666667,,
3704635258,1502,1705,0,0,13.929224198,5485.884423179,1,4.166666667,,
3704637258,1497,1704,0,0,13.904701198,5487.884370016,1,4.166666667,,
3704639258,1505,1705,0,0,13.877385691,5489.884316853,1,4.166666667,,
3704641258,1508,1701,0,0,13.848549162,5491.88426369,1,4.166666667,,
3704643258,1502,1701,0,0,13.807253857,5493.884210526,1,4.166666667,,
3704645258,1502,1701,0,0,13.766592145,5495.884157363,1,4.166666667,,
3704647258,1507,1704,0,0,13.750228983,5497.8841042,1,4.166666667,,
3704649258,1509,1698,0,0,13.733865822,5499.884051037,1,4.166666667,,
3704651258,1504,1701,0,0,13.732917151,5501.883997873,1,4.166666667,,
3704653258,1509,1705,0,0,13.732917151,5503.88394471,1,4.166666667,,
3704655258,1504,1705,0,0,13.732917151,5505.883891547,1,4.166666667,,
3704657258,1504,1706,0,0,13.732917151,5507.883838384,1,4.166666667,,
3704659258,1504,1701,0,0,13.732917151,5509.883785221,1,4.166666667,,
3704661258,1504,1710,0,0,13.732917151,5511.883732057,1,4.166666667,,
3704663258,1512,1705,0,0,13.752764345,5513.883678894,1,4.166666667,,
3704665258,1510,1705,0,0,13.781451155,5515.883625731,1,4.166666667,,
3704667258,1512,1701,0,0,13.792682927,5517.883572568,1,4.166666667,,
3704669258,1510,1704,0,0,13.792682927,5519.883519405,1,4.166666667,,
3704671258,1511,1702,0,0,13.793703909,5521.883466241,1,4.166666667,,
3704673258,1508,1709,0,0,13.795648339,5523.883413078,1,4.166666667,,
3704675258,1512,1705,0,0,13.810597456,5525.883359915,1,4.166666667,,
3704677258,1504,1704,0,0,13.841984789,5527.883306752,1,4.166666667,,
3704679258,1512,1697,0,0,13.870632021,5529.883253589,1,4.166666667,,
3704681258,1504,1709,0,0,13.894371911,5531.883200425,1,4.166666667,,
3704683258,1502,1707,0,0,13.914477214,5533.883147262,1,4.166666667,,
3704685258,1500,1702,0,0,13.924996303,5535.883094099,1,4.166666667,,
3704687258,1502,1701,0,0,13.933500717,5537.883040936,1,4.166666667,,
3704689258,1512,1709,0,0,13.933500717,5539.882987772,1,4.166666667,,
3704691258,1508,1708,0,0,13.933500717,5541.882934609,1,4.166666667,,
3704693258,1507,1706,0,0,13.933500717,5543.882881446,1,4.166666667,,
3704695258,1507,1701,0,0,13.933500717,5545.882828283,1,4.166666667,,
3704697258,1504,1701,0,0,13.933500717,5547.88277512,1,4.166666667,,
3704699258,1503,1697,0,0,13.933500717,5549.882721956,1,4.166666667,,
3704701258,1510,1703,0,0,13.910012857,5551.882668793,1,4.166666667,,
3704703258,1505,1700,0,0,13.885061856,5553.88261563,1,4.166666667,,
3704705258,1502,1708,0,0,13.880874525,5555.882562467,1,4.166666667,,
3704707258,1512,1705,0,0,13.880124433,5557.882509304,1,4.166666667,,
3704709258,1508,1706,0,0,13.865879911,5559.88245614,1,4.166666667,,
3704711258,1512,1701,0,0,13.847708255,5561.882402977,1,4.166666667,,
3704713258,1505,1704,0,0,13.825850752,5563.882349814,1,4.166666667,,
3704715258,1508,1704,0,0,13.80234651,5565.882296651,1,4.166666667,,
3704717258,1507,1702,0,0,13.781141511,5567.882243488,1,4.166666667,,
3704719258,1511,1705,0,0,13.761420133,5569.882190324,1,4.166666667,,
3704721258,1507,1703,0,0,13.746610397,5571.882137161,1,4.166666667,,
3704723258,1512,1703,0,0,13.736254949,5573.882083998,1,4.166666667,,
3704725258,1500,1709,0,0,13.726368552,5575.882030835,1,4.166666667,,
3704727258,1507,1706,0,0,13.717076647,5577.881977671,1,4.166666667,,
3704729258,1504,1697,0,0,13.708440224,5579.881924508,1,4.166666667,,
3704731258,1507,1700,0,0,13.700981124,5581.881871345,1,4.166666667,,
3704733258,1501,1717,0,0,13.695567679,5583.881818182,1,4.166666667,,
3704735258,1504,1705,0,0,13.695567679,5585.881765019,1,4.166666667,,
3704737258,1512,1705,0,0,13.695567679,5587.881711855,1,4.166666667,,
3704739258,1505,1708,0,0,13.695567679,5589.881658692,1,4.166666667,,
3704741258,1505,1717,0,0,13.695567679,5591.881605529,1,4.166666667,,
3704743258,1500,1713,0,0,13.695567679,5593.881552366,1,4.166666667,,
3704745258,1500,1713,0,0,13.695937771,5595.881499203,1,4.166666667,,
3704747258,1512,1716,0,0,13.711304742,5597.881446039,1,4.166666667,,
3704749258,1504,1707,0,0,13.726671713,5599.881392876,1,4.166666667,,
3704751258,1504,1709,0,0,13.752493261,5601.881339713,1,4.166666667,,
3704753258,1504,1697,0,0,13.778973908,5603.88128655,1,4.166666667,,
3704755258,1504,1700,0,0,13.78373704,5605.881233386,1,4.166666667,,
3704757258,1506,1701,0,0,13.784885413,5607.881180223,1,4.166666667,,
3704759258,1510,1706,0,0,13.78514504,5609.88112706,1,4.166666667,,
3704761258,1512,1709,0,0,13.78514504,5611.881073897,1,4.166666667,,
3704763258,1505,1706,0,0,13.78514504,5613.881020734,1,4.166666667,,
3704765258,1505,1705,0,0,13.78514504,5615.88096757,1,4.166666667,,
3704767258,1510,1706,0,0,13.78514504,5617.880914407,1,4.166666667,,
3704769258,1508,1697,0,0,13.78514504,5619.880861244,1,4.166666667,,
3704771258,1502,1705,0,0,13.781841523,5621.880808081,1,4.166666667,,
3704773258,1504,1701,0,0,13.775534107,5623.880754918,1,4.166666667,,
3704775258,1508,1707,0,0,13.771022518,5625.880701754,1,4.166666667,,
3704777258,1504,1695,0,0,13.768793165,5627.880648591,1,4.166666667,,
3704779258,1500,1703,0,0,13.762904646,5629.880595428,1,4.166666667,,
3704781258,1502,1704,0,0,13.750424778,5631.880542265,1,4.166666667,,
3704783258,1508,1703,0,0,13.737782129,5633.880489102,1,4.166666667,,
3704785258,1510,1701,0,0,13.724707272,5635.880435938,1,4.166666667,,
3704787258,1501,1706,0,0,13.713323531,5637.880382775,1,4.166666667,,
3704789258,1509,1702,0,0,13.709140092,5639.880329612,1,4.166666667,,
3704791258,1504,1709,0,0,13.705394178,5641.880276449,1,4.166666667,,
3704793258,1502,1700,0,0,13.70530712,5643.880223285,1,4.166666667,,
3704795258,1512,1697,0,0,13.705222101,5645.880170122,1,4.166666667,,
3704797258,1504,1707,0,0,13.705222101,5647.880116959,1,4.166666667,,
3704799258,1507,1713,0,0,13.705222101,5649.880063796,1,4.166666667,,
3704801258,1508,1700,0,0,13.705222101,5651.880010633,1,4.166666667,,
3704803258,1509,1699,0,0,13.705222101,5653.879957469,1,4.166666667,,
3704805258,1504,1692,0,0,13.705222101,5655.879904306,1,4.166666667,,
3704807258,1508,1707,0,0,13.705222101,5657.879851143,1,4.166666667,,
3704809258,1504,1705,0,0,13.706041422,5659.87979798,1,4.166666667,,
3704811258,1510,1702,0,0,13.707100999,5661.879744817,1,4.166666667,,
3704813258,1508,1706,0,0,13.708834534,5663.879691653,1,4.166666667,,
3704815258,1512,1701,0,0,13.710871053,5665.87963849,1,4.166666667,,
3704817258,1504,1705,0,0,13.711672474,5667.879585327,1,4.166666667,,
3704819258,1504,1705,0,0,13.711672474,5669.879532164,1,4.166666667,,
3704821258,1509,1713,0,0,13.711672474,5671.879479001,1,4.166666667,,
3704823258,1505,1705,0,0,13.711672474,5673.879425837,1,4.166666667,,
3704825258,1505,1708,0,0,13.711672474,5675.879372674,1,4.166666667,,
3704827258,1510,1709,0,0,13.711672474,5677.879319511,1,4.166666667,,
3704829258,1500,1705,0,0,13.711970425,5679.879266348,1,4.166666667,,
3704831258,1506,1711,0,0,13.71280664,5681.879213184,1,4.166666667,,
3704833258,1511,1705,0,0,13.713186414,5683.879160021,1,4.166666667,,
3704835258,1494,1700,0,0,13.712350199,5685.879106858,1,4.166666667,,
3704837258,1504,1705,0,0,13.711672474,5687.879053695,1,4.166666667,,
3704839258,1505,1709,0,0,13.711672474,5689.879000532,1,4.166666667,,
3704841258,1504,1699,0,0,13.711619339,5691.878947368,1,4.166666667,,
3704843258,1504,1705,0,0,13.71111874,5693.878894205,1,4.166666667,,
3704845258,1508,1702,0,0,13.710570768,5695.878841042,1,4.166666667,,
3704847258,1504,1707,210,1,13.707988254,5697.878787879,1,4.166666667,6,-2.045454545
3704849258,1489,1666,210,1,13.70540574,5699.878734716,1,4.166666667,,
3704851258,1491,1638,210,1,13.705163563,5701.878681552,1,4.166666667,,
3704853258,1478,1590,210,1,13.70507245,5703.878628389,1,4.166666667,,
3704855258,1472,1564,210,1,13.704098075,5705.878575226,1,4.166666667,,
3704857258,1463,1523,210,1,13.702975087,5707.878522063,1,4.166666667,,
3704859258,1457,1495,210,1,13.702708727,5709.8784689,1,4.166666667,,
3704861258,1456,1476,210,1,13.702694517,5711.878415736,1,4.166666667,,
3704863258,1447,1451,210,0,13.699716698,5713.878362573,1,4.166666667,,
3704865258,1436,1424,210,0,13.695402414,5715.87830941,1,4.166666667,,
3704867258,1436,1406,210,0,13.695806041,5717.878256247,1,4.166666667,,
3704869258,1424,1371,210,0,13.69927952,5719.878203083,1,4.166666667,,
3704871258,1414,1356,210,0,13.700938376,5721.87814992,1,4.166666667,,
3704873258,1422,1339,210,0,13.700938376,5723.878096757,1,4.166666667,,
3704875258,1416,1322,210,0,13.700938376,5725.878043594,1,4.166666667,,
3704877258,1411,1301,210,0,13.700938376,5727.877990431,1,4.166666667,,
3704879258,1405,1292,210,0,13.700938376,5729.877937267,1,4.166666667,,
3704881258,1403,1273,210,0,13.700938376,5731.877884104,1,4.166666667,,
3704883258,1399,1262,210,0,13.704507057,5733.877830941,1,4.166666667,,
3704885258,1394,1245,210,0,13.71761487,5735.877777778,1,4.166666667,,
3704887258,1395,1240,210,0,13.731230591,5737.877724615,1,4.166666667,,
3704889258,1385,1233,210,0,13.747027637,5739.877671451,1,4.166666667,,
3704891258,1371,1228,210,0,13.762392619,5741.877618288,1,4.166666667,,
3704893258,1388,1215,210,0,13.774093438,5743.877565125,1,4.166666667,,
3704895258,1371,1203,210,0,13.785731298,5745.877511962,1,4.166666667,,
3704897258,1386,1203,210,0,13.794582047,5747.877458799,1,4.166666667,,
3704899258,1371,1193,210,0,13.803432797,5749.877405635,1,4.166666667,,
3704901258,1371,1187,210,0,13.806736934,5751.877352472,1,4.166666667,,
3704903258,1371,1179,210,0,13.809678868,5753.877299309,1,4.166666667,,
3704905258,1371,1172,210,0,13.820301221,5755.877246146,1,4.166666667,,
3704907258,1371,1171,210,0,13.832222818,5757.877192982,1,4.166666667,,
3704909258,1362,1170,210,0,13.848654324,5759.877139819,1,4.166666667,,
3704911258,1367,1164,210,0,13.866418348,5761.877086656,1,4.166666667,,
3704913258,1371,1166,210,0,13.876270726,5763.877033493,1,4.166666667,,
3704915258,1361,1166,210,0,13.882544199,5765.87698033,1,4.166666667,,
3704917258,1359,1153,210,0,13.899524728,5767.876927166,1,4.166666667,,
3704919258,1360,1151,210,0,13.923491533,5769.876874003,1,4.166666667,,
3704921258,1360,1142,210,0,13.942901892,5771.87682084,1,4.166666667,,
3704923258,1361,1135,210,0,13.958135819,5773.876767677,1,4.166666667,,
3704925258,1360,1141,210,0,13.980092567,5775.876714514,1,4.166666667,,
3704927258,1358,1139,210,0,14.010662484,5777.87666135,1,4.166666667,,
3704929258,1360,1133,210,0,14.04205533,5779.876608187,1,4.166666667,,
3704931258,1358,1134,210,0,14.074943488,5781.876555024,1,4.166666667,,
3704933258,1359,1131,210,0,14.107587678,5783.876501861,1,4.166666667,,
3704935258,1359,1127,210,0,14.13957755,5785.876448698,1,4.166666667,,
3704937258,1354,1127,210,0,14.176021826,5787.876395534,1,4.166666667,,
3704939258,1358,1124,210,0,14.231679815,5789.876342371,1,4.166666667,,
3704941258,1356,1116,210,0,14.292246806,5791.876289208,1,4.166666667,,
3704943258,1357,1128,210,0,14.394740125,5793.876236045,1,4.166666667,,
3704945258,1352,1115,210,0,14.496182523,5795.876182881,1,4.166666667,,
3704947258,1352,1121,210,0,14.549625475,5797.876129718,1,4.166666667,,
3704949258,1350,1116,210,0,14.603068426,5799.876076555,1,4.166666667,,
3704951258,1350,1119,210,0,14.703478762,5801.876023392,1,4.166666667,,
3704953258,1355,1117,210,0,14.806991596,5803.875970229,1,4.166666667,,
3704955258,1347,1114,210,0,14.96124507,5805.875917065,1,4.166666667,,
3704957258,1347,1110,210,0,15.124128129,5807.875863902,1,4.166666667,,
3704959258,1344,1107,210,0,15.294218282,5809.875810739,1,4.166666667,,
3704961258,1344,1105,210,0,15.466445923,5811.875757576,1,4.166666667,,
3704963258,1337,1106,210,0,15.676656395,5813.875704413,1,4.166666667,,
3704965258,1329,1104,210,0,15.904102033,5815.875651249,1,4.166666667,,
3704967258,1329,1107,210,0,16.161496174,5817.875598086,1,4.166666667,,
3704969258,1324,1103,210,0,16.438485907,5819.875544923,1,4.166666667,,
3704971258,1320,1106,210,0,16.768653682,5821.87549176,1,4.166666667,,
3704973258,1316,1100,210,0,17.147694364,5823.875438596,1,4.166666667,,
3704975258,1308,1091,210,0,17.581834872,5825.875385433,1,4.166666667,,
3704977258,1294,1084,210,0,18.086759215,5827.87533227,1,4.166666667,,
3704979258,1284,1086,210,0,18.655018425,5829.875279107,1,4.166666667,,
3704981258,1272,1077,210,0,19.338695443,5831.875225944,1,4.166666667,,
3704983258,1257,1077,210,0,20.297490213,5833.87517278,1,4.166666667,,
3704985258,1244,1092,210,0,21.996635711,5835.875119617,1,4.166666667,,
3704987258,1226,1154,210,0,23.383245983,5837.875066454,1,4.166666667,,
3704989258,1198,1308,210,0,23.415876576,5839.875013291,1,4.166666667,,
3704991258,1187,1344,210,0,23.445108708,5841.874960128,1,4.166666667,,
3704993258,1184,1350,210,0,23.445108708,5843.874906964,1,4.166666667,,
3704995258,1183,1346,210,0,23.445108708,5845.874853801,1,4.166666667,,
3704997258,1180,1348,0,0,23.445108708,5847.874800638,1,4.166666667,,
3704999258,1203,1371,0,0,23.445108708,5849.874747475,1,4.166666667,,
3705001258,1229,1410,0,0,23.445108708,5851.874694312,1,4.166666667,,
3705003258,1243,1433,0,0,23.445108708,5853.874641148,1,4.166666667,,
3705005258,1267,1457,0,0,23.421085437,5855.874587985,1,4.166666667,,
3705007258,1281,1470,0,0,23.392954593,5857.874534822,1,4.166666667,,
3705009258,1299,1495,0,0,23.386220195,5859.874481659,1,4.166666667,,
3705011258,1317,1513,0,0,23.3858555,5861.874428495,1,4.166666667,,
3705013258,1328,1526,0,0,23.385741426,5863.874375332,1,4.166666667,,
3705015258,1339,1540,0,0,23.385741426,5865.874322169,1,4.166666667,,
3705017258,1348,1546,0,0,23.385741426,5867.874269006,1,4.166666667,,
3705019258,1364,1568,0,0,23.385741426,5869.874215843,1,4.166666667,,
3705021258,1371,1578,0,0,23.385931223,5871.874162679,1,4.166666667,,
3705023258,1392,1589,0,0,23.386295919,5873.874109516,1,4.166666667,,
3705025258,1405,1598,0,0,23.402635624,5875.874056353,1,4.166666667,,
3705027258,1408,1605,0,0,23.439553078,5877.87400319,1,4.166666667,,
3705029258,1420,1615,0,0,23.463414634,5879.873950027,1,4.166666667,,
3705031258,1420,1615,0,0,23.463414634,5881.873896863,1,4.166666667,,
3705033258,1428,1632,0,0,23.463414634,5883.8738437,1,4.166666667,,
3705035258,1432,1641,0,0,23.463414634,5885.873790537,1,4.166666667,,
3705037258,1440,1641,0,0,23.463414634,5887.873737374,1,4.166666667,,
3705039258,1436,1647,0,0,23.463414634,5889.873684211,1,4.166666667,,
3705041258,1444,1659,0,0,23.462766312,5891.873631047,1,4.166666667,,
3705043258,1454,1657,0,0,23.456501418,5893.873577884,1,4.166666667,,
3705045258,1459,1658,0,0,23.450345485,5895.873524721,1,4.166666667,,
3705047258,1461,1668,0,0,23.449502501,5897.873471558,1,4.166666667,,
3705049258,1460,1665,0,0,23.448659518,5899.873418394,1,4.166666667,,
3705051258,1467,1677,0,0,23.421939363,5901.873365231,1,4.166666667,,
3705053258,1469,1685,0,0,23.393470711,5903.873312068,1,4.166666667,,
3705055258,1474,1681,0,0,23.386758944,5905.873258905,1,4.166666667,,
3705057258,1464,1684,0,0,23.383787075,5907.873205742,1,4.166666667,,
3705059258,1478,1687,0,0,23.381858559,5909.873152578,1,4.166666667,,
3705061258,1485,1693,0,0,23.380241817,5911.873099415,1,4.166666667,,
3705063258,1488,1688,0,0,23.357263596,5913.873046252,1,4.166666667,,
3705065258,1486,1693,0,0,23.324532227,5915.872993089,1,4.166666667,,
3705067258,1487,1692,0,0,23.31088829,5917.872939926,1,4.166666667,,
3705069258,1488,1690,0,0,23.309803026,5919.872886762,1,4.166666667,,
3705071258,1490,1693,0,0,23.307733733,5921.872833599,1,4.166666667,,
3705073258,1489,1692,0,0,23.304755246,5923.872780436,1,4.166666667,,
3705075258,1494,1696,0,0,22.744123843,5925.872727273,1,4.166666667,,
3705077258,1494,1697,0,0,21.463224728,5927.87267411,1,4.166666667,,
3705079258,1503,1701,0,0,20.479724987,5929.872620946,1,4.166666667,,
3705081258,1501,1696,0,0,20.041349184,5931.872567783,1,4.166666667,,
3705083258,1501,1697,0,0,19.586493593,5933.87251462,1,4.166666667,,
3705085258,1500,1705,0,0,19.086990487,5935.872461457,1,4.166666667,,
3705087258,1502,1702,0,0,18.577129762,5937.872408293,1,4.166666667,,
3705089258,1499,1699,0,0,18.022003063,5939.87235513,1,4.166666667,,
3705091258,1505,1696,0,0,17.458223058,5941.872301967,1,4.166666667,,
3705093258,1496,1694,0,0,16.818936915,5943.872248804,1,4.166666667,,
3705095258,1504,1696,0,0,16.179957751,5945.872195641,1,4.166666667,,
3705097258,1500,1705,0,0,15.556469388,5947.872142477,1,4.166666667,,
3705099258,1508,1703,0,0,14.932981025,5949.872089314,1,4.166666667,,
3705101258,1504,1701,0,0,14.893104553,5951.872036151,1,4.166666667,,
3705103258,1500,1694,0,0,14.893104553,5953.871982988,1,4.166666667,,
3705105258,1501,1692,0,0,14.893104553,5955.871929825,1,4.166666667,,
3705107258,1502,1704,0,0,14.893104553,5957.871876661,1,4.166666667,,
3705109258,1505,1693,0,0,14.893104553,5959.871823498,1,4.166666667,,
3705111258,1500,1693,0,0,14.893104553,5961.871770335,1,4.166666667,,
3705113258,1504,1704,0,0,15.05657301,5963.871717172,1,4.166666667,,
3705115258,1503,1702,0,0,15.294908018,5965.871664009,1,4.166666667,,
3705117258,1500,1707,0,0,15.460693488,5967.871610845,1,4.166666667,,
3705119258,1504,1701,0,0,15.578611949,5969.871557682,1,4.166666667,,
3705121258,1503,1704,0,0,15.635319009,5971.871504519,1,4.166666667,,
3705123258,1502,1701,0,0,15.635319009,5973.871451356,1,4.166666667,,
3705125258,1503,1707,0,0,15.635319009,5975.871398192,1,4.166666667,,
3705127258,1505,1707,0,0,15.635319009,5977.871345029,1,4.166666667,,
3705129258,1502,1699,0,0,15.635319009,5979.871291866,1,4.166666667,,
3705131258,1500,1704,0,0,15.635319009,5981.871238703,1,4.166666667,,
3705133258,1500,1702,0,0,15.595211074,5983.87118554,1,4.166666667,,
3705135258,1504,1705,0,0,15.446073936,5985.871132376,1,4.166666667,,
3705137258,1508,1705,0,0,15.278538928,5987.871079213,1,4.166666667,,
3705139258,1500,1709,0,0,15.030245701,5989.87102605,1,4.166666667,,
3705141258,1507,1708,0,0,14.807317073,5991.870972887,1,4.166666667,,
3705143258,1508,1709,0,0,14.807317073,5993.870919724,1,4.166666667,,
3705145258,1510,1704,0,0,14.807317073,5995.87086656,1,4.166666667,,
3705147258,1510,1705,0,0,14.807317073,5997.870813397,1,4.166666667,,
3705149258,1507,1713,0,0,14.807317073,5999.870760234,1,4.166666667,,
3705151258,1505,1710,0,0,14.807317073,6001.870707071,1,4.166666667,,
3705153258,1502,1705,0,0,14.807317073,6003.870653907,1,4.166666667,,
3705155258,1504,1707,0,0,15.025519339,6005.870600744,1,4.166666667,,
3705157258,1510,1709,0,0,15.281628384,6007.870547581,1,4.166666667,,
3705159258,1505,1704,0,0,15.383843236,6009.870494418,1,4.166666667,,
3705161258,1510,1715,0,0,15.439725897,6011.870441255,1,4.166666667,,
3705163258,1508,1697,0,0,15.457317073,6013.870388091,1,4.166666667,,
3705165258,1508,1703,0,0,15.457317073,6015.870334928,1,4.166666667,,
3705167258,1507,1704,0,0,15.457317073,6017.870281765,1,4.166666667,,
3705169258,1505,1710,0,0,15.457317073,6019.870228602,1,4.166666667,,
3705171258,1509,1703,0,0,15.457317073,6021.870175439,1,4.166666667,,
3705173258,1500,1712,0,0,15.457317073,6023.870122275,1,4.166666667,,
3705175258,1505,1710,0,0,15.382830669,6025.870069112,1,4.166666667,,
3705177258,1508,1693,0,0,15.211615708,6027.870015949,1,4.166666667,,
3705179258,1508,1705,0,0,15.058000303,6029.869962786,1,4.166666667,,
3705181258,1505,1709,0,0,14.936832793,6031.869909623,1,4.166666667,,
3705183258,1511,1711,0,0,14.844403085,6033.869856459,1,4.166666667,,
3705185258,1508,1705,0,0,14.83035878,6035.869803296,1,4.166666667,,
3705187258,1504,1708,0,0,14.814015942,6037.869750133,1,4.166666667,,
3705189258,1505,1702,0,0,14.787539062,6039.86969697,1,4.166666667,,
3705191258,1510,1706,0,0,14.762955425,6041.869643806,1,4.166666667,,
3705193258,1504,1707,0,0,14.75513279,6043.869590643,1,4.166666667,,
3705195258,1510,1701,0,0,14.745213956,6045.86953748,1,4.166666667,,
3705197258,1500,1709,0,0,14.621595513,6047.869484317,1,4.166666667,,
3705199258,1508,1709,0,0,14.497977071,6049.869431154,1,4.166666667,,
3705201258,1511,1707,0,0,14.295879655,6051.86937799,1,4.166666667,,
3705203258,1512,1710,0,0,14.088300786,6053.869324827,1,4.166666667,,
3705205258,1504,1709,0,0,13.989005629,6055.869271664,1,4.166666667,,
3705207258,1512,1705,0,0,13.90862107,6057.869218501,1,4.166666667,,
3705209258,1502,1704,0,0,13.889966741,6059.869165338,1,4.166666667,,
3705211258,1508,1712,0,0,13.889966741,6061.869112174,1,4.166666667,,
3705213258,1505,1704,0,0,13.883834516,6063.869059011,1,4.166666667,,
3705215258,1504,1713,0,0,13.874876448,6065.869005848,1,4.166666667,,
3705217258,1502,1701,0,0,13.871303603,6067.868952685,1,4.166666667,,
3705219258,1504,1699,0,0,13.871303603,6069.868899522,1,4.166666667,,
3705221258,1508,1708,0,0,13.871303603,6071.868846358,1,4.166666667,,
3705223258,1508,1710,0,0,13.871303603,6073.868793195,1,4.166666667,,
3705225258,1504,1699,0,0,13.871303603,6075.868740032,1,4.166666667,,
3705227258,1508,1697,0,0,13.871303603,6077.868686869,1,4.166666667,,
3705229258,1501,1702,0,0,13.871513879,6079.868633705,1,4.166666667,,
3705231258,1512,1707,0,0,13.872112967,6081.868580542,1,4.166666667,,
3705233258,1504,1705,0,0,13.903019824,6083.868527379,1,4.166666667,,
3705235258,1501,1709,0,0,14.01687489,6085.868474216,1,4.166666667,,
3705237258,1512,1709,0,0,14.1133103,6087.868421053,1,4.166666667,,
3705239258,1512,1705,0,0,14.132604026,6089.868367889,1,4.166666667,,
3705241258,1508,1703,0,0,14.150542571,6091.868314726,1,4.166666667,,
3705243258,1508,1702,0,0,14.156395587,6093.868261563,1,4.166666667,,
3705245258,1509,1703,0,0,14.162361845,6095.8682084,1,4.166666667,,
3705247258,1508,1697,0,0,14.174708777,6097.868155237,1,4.166666667,,
3705249258,1505,1707,0,0,14.187055709,6099.868102073,1,4.166666667,,
3705251258,1510,1695,0,0,14.259955395,6101.86804891,1,4.166666667,,
3705253258,1508,1705,0,0,14.337130548,6103.867995747,1,4.166666667,,
3705255258,1507,1703,0,0,14.371615418,6105.867942584,1,4.166666667,,
3705257258,1508,1697,0,0,14.398605708,6107.867889421,1,4.166666667,,
3705259258,1505,1702,0,0,14.406217157,6109.867836257,1,4.166666667,,
3705261258,1510,1702,0,0,14.407950634,6111.867783094,1,4.166666667,,
3705263258,1504,1701,0,0,14.409190932,6113.867729931,1,4.166666667,,
3705265258,1500,1705,0,0,14.410203265,6115.867676768,1,4.166666667,,
3705267258,1504,1709,0,0,14.424410533,6117.867623604,1,4.166666667,,
3705269258,1497,1701,0,0,14.447396318,6119.867570441,1,4.166666667,,
3705271258,1507,1705,0,0,14.46132436,6121.867517278,1,4.166666667,,
3705273258,1511,1705,0,0,14.466793916,6123.867464115,1,4.166666667,,
3705275258,1504,1702,0,0,14.469891233,6125.867410952,1,4.166666667,,
3705277258,1502,1708,0,0,14.469891233,6127.867357788,1,4.166666667,,
3705279258,1508,1713,0,0,14.469891233,6129.867304625,1,4.166666667,,
3705281258,1504,1707,0,0,14.469891233,6131.867251462,1,4.166666667,,
3705283258,1501,1702,0,0,14.468431192,6133.867198299,1,4.166666667,,
3705285258,1510,1699,0,0,14.462961636,6135.867145136,1,4.166666667,,
3705287258,1512,1709,0,0,14.456813218,6137.867091972,1,4.166666667,,
3705289258,1508,1706,0,0,14.447645167,6139.867038809,1,4.166666667,,
3705291258,1508,1702,0,0,14.436273385,6141.866985646,1,4.166666667,,
3705293258,1504,1707,0,0,14.405103706,6143.866932483,1,4.166666667,,
3705295258,1508,1706,0,0,14.373496715,6145.86687932,1,4.166666667,,
3705297258,1508,1705,0,0,14.316255362,6147.866826156,1,4.166666667,,
3705299258,1512,1705,0,0,14.259014009,6149.866772993,1,4.166666667,,
3705301258,1509,1705,0,0,14.239640361,6151.86671983,1,4.166666667,,
3705303258,1511,1695,0,0,14.222969315,6153.866666667,1,4.166666667,,
3705305258,1503,1705,0,0,14.184477031,6155.866613503,1,4.166666667,,
3705307258,1512,1701,0,0,14.142133819,6157.86656034,1,4.166666667,,
3705309258,1508,1705,0,0,14.105246179,6159.866507177,1,4.166666667,,
3705311258,1510,1709,0,0,14.070019481,6161.866454014,1,4.166666667,,
3705313258,1504,1706,0,0,14.045305419,6163.866400851,1,4.166666667,,
3705315258,1507,1706,0,0,14.025465651,6165.866347687,1,4.166666667,,
3705317258,1510,1702,0,0,13.995299533,6167.866294524,1,4.166666667,,
3705319258,1509,1701,0,0,13.958244301,6169.866241361,1,4.166666667,,
3705321258,1502,1708,0,0,13.919270914,6171.866188198,1,4.166666667,,
3705323258,1512,1707,0,0,13.878501502,6173.866135035,1,4.166666667,,
3705325258,1505,1704,0,0,13.850591997,6175.866081871,1,4.166666667,,
3705327258,1505,1710,0,0,13.839518542,6177.866028708,1,4.166666667,,
3705329258,1502,1713,0,0,13.832317073,6179.865975545,1,4.166666667,,
3705331258,1503,1712,0,0,13.832317073,6181.865922382,1,4.166666667,,
3705333258,1508,1700,0,0,13.832317073,6183.865869218,1,4.166666667,,
3705335258,1504,1696,0,0,13.832317073,6185.865816055,1,4.166666667,,
3705337258,1505,1705,0,0,13.832317073,6187.865762892,1,4.166666667,,
3705339258,1507,1708,0,0,13.832317073,6189.865709729,1,4.166666667,,
3705341258,1505,1697,0,0,13.837499375,6191.865656566,1,4.166666667,,
3705343258,1496,1704,0,0,13.88958407,6193.865603402,1,4.166666667,,
3705345258,1512,1709,0,0,13.940852418,6195.865550239,1,4.166666667,,
3705347258,1507,1706,0,0,13.94226024,6197.865497076,1,4.166666667,,
3705349258,1508,1704,0,0,13.943668063,6199.865443913,1,4.166666667,,
3705351258,1502,1703,0,0,13.979707054,6201.86539075,1,4.166666667,,
3705353258,1502,1705,0,0,14.018244092,6203.865337586,1,4.166666667,,
3705355258,1501,1706,0,0,14.060052579,6205.865284423,1,4.166666667,,
3705357258,1500,1709,0,0,14.10244141,6207.86523126,1,4.166666667,,
3705359258,1502,1706,0,0,14.129816159,6209.865178097,1,4.166666667,,
3705361258,1504,1699,0,0,14.152602895,6211.865124934,1,4.166666667,,
3705363258,1503,1701,0,0,14.163533964,6213.86507177,1,4.166666667,,
3705365258,1502,1701,0,0,14.168951134,6215.865018607,1,4.166666667,,
3705367258,1508,1703,0,0,14.171122524,6217.864965444,1,4.166666667,,
3705369258,1500,1709,0,0,14.171122524,6219.864912281,1,4.166666667,,
3705371258,1501,1705,0,0,14.171122524,6221.864859117,1,4.166666667,,
3705373258,1507,1704,0,0,14.171122524,6223.864805954,1,4.166666667,,
3705375258,1501,1709,0,0,14.168780205,6225.864752791,1,4.166666667,,
3705377258,1502,1705,0,0,14.163363035,6227.864699628,1,4.166666667,,
3705379258,1512,1705,0,0,14.150667205,6229.864646465,1,4.166666667,,
3705381258,1511,1703,0,0,14.124394227,6231.864593301,1,4.166666667,,
3705383258,1507,1709,0,0,14.099920804,6233.864540138,1,4.166666667,,
3705385258,1511,1701,0,0,14.080422993,6235.864486975,1,4.166666667,,
3705387258,1504,1701,0,0,14.056047562,6237.864433812,1,4.166666667,,
3705389258,1510,1712,0,0,14.009782251,6239.864380649,1,4.166666667,,
3705391258,1512,1709,0,0,13.965434837,6241.864327485,1,4.166666667,,
3705393258,1508,1705,0,0,13.938574946,6243.864274322,1,4.166666667,,
3705395258,1508,1705,0,0,13.91191179,6245.864221159,1,4.166666667,,
3705397258,1511,1704,0,0,13.897790167,6247.864167996,1,4.166666667,,
3705399258,1512,1703,0,0,13.883668544,6249.864114833,1,4.166666667,,
3705401258,1508,1709,0,0,13.829806788,6251.864061669,1,4.166666667,,
3705403258,1505,1706,0,0,13.773048082,6253.864008506,1,4.166666667,,
3705405258,1510,1705,0,0,13.76445861,6255.863955343,1,4.166666667,,
3705407258,1508,1705,0,0,13.76445861,6257.86390218,1,4.166666667,,
3705409258,1510,1707,0,0,13.76445861,6259.863849016,1,4.166666667,,
3705411258,1505,1706,0,0,13.76445861,6261.863795853,1,4.166666667,,
3705413258,1510,1713,0,0,13.76445861,6263.86374269,1,4.166666667,,
3705415258,1503,1708,0,0,13.76445861,6265.863689527,1,4.166666667,,
3705417258,1511,1704,0,0,13.786156201,6267.863636364,1,4.166666667,,
3705419258,1510,1695,0,0,13.82240944,6269.8635832,1,4.166666667,,
3705421258,1508,1702,0,0,13.861921224,6271.863530037,1,4.166666667,,
3705423258,1511,1701,0,0,13.904500359,6273.863476874,1,4.166666667,,
3705425258,1512,1705,0,0,13.931291025,6275.863423711,1,4.166666667,,
3705427258,1504,1705,0,0,13.937299355,6277.863370548,1,4.166666667,,
3705429258,1510,1704,0,0,13.943775015,6279.863317384,1,4.166666667,,
3705431258,1511,1704,0,0,13.951124956,6281.863264221,1,4.166666667,,
3705433258,1504,1710,0,0,13.960610858,6283.863211058,1,4.166666667,,
3705435258,1512,1707,0,0,13.976022674,6285.863157895,1,4.166666667,,
3705437258,1508,1714,0,0,13.990340681,6287.863104732,1,4.166666667,,
3705439258,1504,1709,0,0,13.999727904,6289.863051568,1,4.166666667,,
3705441258,1513,1702,0,0,14.008786015,6291.862998405,1,4.166666667,,
3705443258,1514,1707,0,0,14.014820714,6293.862945242,1,4.166666667,,
3705445258,1510,1705,0,0,14.020766222,6295.862892079,1,4.166666667,,
3705447258,1508,1699,0,0,14.020766222,6297.862838915,1,4.166666667,,
3705449258,1508,1705,0,0,14.020766222,6299.862785752,1,4.166666667,,
3705451258,1512,1705,0,0,14.020766222,6301.862732589,1,4.166666667,,
3705453258,1504,1697,0,0,14.020766222,6303.862679426,1,4.166666667,,
3705455258,1508,1704,0,0,14.020766222,6305.862626263,1,4.166666667,,
3705457258,1511,1709,0,0,14.020766222,6307.862573099,1,4.166666667,,
3705459258,1509,1700,0,0,14.017534517,6309.862519936,1,4.166666667,,
3705461258,1515,1713,0,0,14.013307931,6311.862466773,1,4.166666667,,
3705463258,1508,1703,0,0,14.003283788,6313.86241361,1,4.166666667,,
3705465258,1501,1701,0,0,13.990546714,6315.862360447,1,4.166666667,,
3705467258,1504,1702,0,0,13.978241802,6317.862307283,1,4.166666667,,
3705469258,1508,1708,0,0,13.966227606,6319.86225412,1,4.166666667,,
3705471258,1508,1697,0,0,13.953002209,6321.862200957,1,4.166666667,,
3705473258,1502,1707,0,0,13.93863364,6323.862147794,1,4.166666667,,
3705475258,1501,1708,0,0,13.917302063,6325.862094631,1,4.166666667,,
3705477258,1505,1706,0,0,13.886780227,6327.862041467,1,4.166666667,,
3705479258,1504,1708,0,0,13.861001294,6329.861988304,1,4.166666667,,
3705481258,1500,1701,0,0,13.844121425,6331.861935141,1,4.166666667,,
3705483258,1502,1702,0,0,13.820346452,6333.861881978,1,4.166666667,,
3705485258,1512,1702,0,0,13.77737657,6335.861828814,1,4.166666667,,
3705487258,1508,1705,0,0,13.742179623,6337.861775651,1,4.166666667,,
3705489258,1509,1705,0,0,13.742179623,6339.861722488,1,4.166666667,,
3705491258,1510,1705,0,0,13.742179623,6341.861669325,1,4.166666667,,
3705493258,1505,1705,0,0,13.742179623,6343.861616162,1,4.166666667,,
3705495258,1508,1706,0,0,13.742179623,6345.861562998,1,4.166666667,,
3705497258,1508,1703,0,0,13.742179623,6347.861509835,1,4.166666667,,
3705499258,1504,1707,0,0,13.742179623,6349.861456672,1,4.166666667,,
3705501258,1495,1702,0,0,13.774378771,6351.861403509,1,4.166666667,,
3705503258,1505,1697,0,0,13.808974485,6353.861350346,1,4.166666667,,
3705505258,1504,1702,0,0,13.821601609,6355.861297182,1,4.166666667,,
3705507258,1502,1706,0,0,13.830270721,6357.861244019,1,4.166666667,,
3705509258,1512,1709,0,0,13.83660878,6359.861190856,1,4.166666667,,
3705511258,1504,1695,0,0,13.842226571,6361.861137693,1,4.166666667,,
3705513258,1505,1701,0,0,13.857036783,6363.86108453,1,4.166666667,,
3705515258,1505,1705,0,0,13.876161709,6365.861031366,1,4.166666667,,
3705517258,1511,1703,0,0,13.883865771,6367.860978203,1,4.166666667,,
3705519258,1505,1708,0,0,13.883865771,6369.86092504,1,4.166666667,,
3705521258,1504,1705,0,0,13.883865771,6371.860871877,1,4.166666667,,
3705523258,1511,1695,0,0,13.883865771,6373.860818713,1,4.166666667,,
3705525258,1508,1706,0,0,13.883865771,6375.86076555,1,4.166666667,,
3705527258,1512,1710,0,0,13.883865771,6377.860712387,1,4.166666667,,
3705529258,1508,1705,0,0,13.879130725,6379.860659224,1,4.166666667,,
3705531258,1505,1709,0,0,13.865485273,6381.860606061,1,4.166666667,,
3705533258,1510,1705,0,0,13.852974491,6383.860552897,1,4.166666667,,
3705535258,1502,1709,0,0,13.843633276,6385.860499734,1,4.166666667,,
3705537258,1505,1705,0,0,13.832453648,6387.860446571,1,4.166666667,,
3705539258,1512,1705,0,0,13.812911953,6389.860393408,1,4.166666667,,
3705541258,1502,1706,0,0,13.792912648,6391.860340245,1,4.166666667,,
3705543258,1508,1710,0,0,13.768645495,6393.860287081,1,4.166666667,,
3705545258,1512,1705,0,0,13.744602084,6395.860233918,1,4.166666667,,
3705547258,1510,1710,0,0,13.7369693,6397.860180755,1,4.166666667,,
3705549258,1512,1705,0,0,13.729336517,6399.860127592,1,4.166666667,,
3705551258,1496,1706,0,0,13.728802695,6401.860074428,1,4.166666667,,
3705553258,1508,1710,0,0,13.728802695,6403.860021265,1,4.166666667,,
3705555258,1512,1703,0,0,13.728802695,6405.859968102,1,4.166666667,,
3705557258,1496,1700,0,0,13.728802695,6407.859914939,1,4.166666667,,
3705559258,1508,1697,0,0,13.728802695,6409.859861776,1,4.166666667,,
3705561258,1500,1700,0,0,13.728802695,6411.859808612,1,4.166666667,,
3705563258,1504,1709,0,0,13.735718279,6413.859755449,1,4.166666667,,
3705565258,1512,1704,0,0,13.745889814,6415.859702286,1,4.166666667,,
3705567258,1509,1705,0,0,13.761612872,6417.859649123,1,4.166666667,,
3705569258,1504,1702,0,0,13.781091124,6419.85959596,1,4.166666667,,
3705571258,1512,1713,0,0,13.795922545,6421.859542796,1,4.166666667,,
3705573258,1510,1697,0,0,13.806344736,6423.859489633,1,4.166666667,,
3705575258,1512,1698,0,0,13.812288202,6425.85943647,1,4.166666667,,
3705577258,1508,1707,0,0,13.812288202,6427.859383307,1,4.166666667,,
3705579258,1509,1701,0,0,13.812288202,6429.859330144,1,4.166666667,,
3705581258,1504,1704,0,0,13.812288202,6431.85927698,1,4.166666667,,
3705583258,1498,1706,0,0,13.812288202,6433.859223817,1,4.166666667,,
3705585258,1507,1713,0,0,13.812288202,6435.859170654,1,4.166666667,,
3705587258,1510,1707,0,0,13.811424756,6437.859117491,1,4.166666667,,
3705589258,1501,1710,0,0,13.806616174,6439.859064327,1,4.166666667,,
3705591258,1504,1697,0,0,13.800980697,6441.859011164,1,4.166666667,,
3705593258,1501,1702,0,0,13.787574293,6443.858958001,1,4.166666667,,
3705595258,1505,1699,0,0,13.774188864,6445.858904838,1,4.166666667,,
3705597258,1505,1701,0,0,13.762423028,6447.858851675,1,4.166666667,,
3705599258,1509,1704,0,0,13.750657191,6449.858798511,1,4.166666667,,
3705601258,1512,1712,0,0,13.730521174,6451.858745348,1,4.166666667,,
3705603258,1504,1705,0,0,13.709749307,6453.858692185,1,4.166666667,,
3705605258,1504,1696,0,0,13.70655062,6455.858639022,1,4.166666667,,
3705607258,1508,1701,0,0,13.70655062,6457.858585859,1,4.166666667,,
3705609258,1508,1705,0,0,13.70655062,6459.858532695,1,4.166666667,,
3705611258,1508,1710,0,0,13.70655062,6461.858479532,1,4.166666667,,
3705613258,1510,1705,0,0,13.70655062,6463.858426369,1,4.166666667,,
3705615258,1508,1705,0,0,13.70655062,6465.858373206,1,4.166666667,,
3705617258,1498,1704,0,0,13.715078926,6467.858320043,1,4.166666667,,
3705619258,1511,1702,0,0,13.729391947,6469.858266879,1,4.166666667,,
3705621258,1512,1701,0,0,13.740893471,6471.858213716,1,4.166666667,,
3705623258,1508,1707,0,0,13.749720148,6473.858160553,1,4.166666667,,
3705625258,1508,1705,0,0,13.755082714,6475.85810739,1,4.166666667,,
3705627258,1508,1707,0,0,13.755835763,6477.858054226,1,4.166666667,,
3705629258,1504,1705,0,0,13.756328501,6479.858001063,1,4.166666667,,
3705631258,1508,1699,0,0,13.756328501,6481.8579479,1,4.166666667,,
3705633258,1498,1703,0,0,13.756328501,6483.857894737,1,4.166666667,,
3705635258,1504,1709,0,0,13.756328501,6485.857841574,1,4.166666667,,
3705637258,1509,1704,0,0,13.756328501,6487.85778841,1,4.166666667,,
3705639258,1508,1705,0,0,13.756328501,6489.857735247,1,4.166666667,,
3705641258,1504,1694,0,0,13.75516064,6491.857682084,1,4.166666667,,
3705643258,1497,1708,0,0,13.742933041,6493.857628921,1,4.166666667,,
3705645258,1512,1701,0,0,13.730721449,6495.857575758,1,4.166666667,,
3705647258,1501,1696,0,0,13.719814421,6497.857522594,1,4.166666667,,
3705649258,1504,1701,0,0,13.708907394,6499.857469431,1,4.166666667,,
3705651258,1500,1706,0,0,13.708130081,6501.857416268,1,4.166666667,,
3705653258,1505,1703,0,0,13.708130081,6503.857363105,1,4.166666667,,
3705655258,1505,1706,0,0,13.708130081,6505.857309942,1,4.166666667,,
3705657258,1505,1697,0,0,13.708130081,6507.857256778,1,4.166666667,,
3705659258,1506,1705,0,0,13.708130081,6509.857203615,1,4.166666667,,
3705661258,1499,1713,0,0,13.708130081,6511.857150452,1,4.166666667,,
3705663258,1496,1703,0,0,13.70889297,6513.857097289,1,4.166666667,,
3705665258,1509,1705,0,0,13.710017234,6515.857044125,1,4.166666667,,
3705667258,1504,1697,0,0,13.710472361,6517.856990962,1,4.166666667,,
3705669258,1506,1707,0,0,13.710472361,6519.856937799,1,4.166666667,,
3705671258,1513,1700,0,0,13.710472361,6521.856884636,1,4.166666667,,
3705673258,1512,1710,0,0,13.710472361,6523.856831473,1,4.166666667,,
3705675258,1510,1701,0,0,13.710472361,6525.856778309,1,4.166666667,,
3705677258,1511,1706,0,0,13.710472361,6527.856725146,1,4.166666667,,
3705679258,1505,1697,0,0,13.707158314,6529.856671983,1,4.166666667,,
3705681258,1502,1708,0,0,13.69755271,6531.85661882,1,4.166666667,,
3705683258,1510,1705,0,0,13.689017986,6533.856565657,1,4.166666667,,
3705685258,1505,1704,0,0,13.683505603,6535.856512493,1,4.166666667,,
3705687258,1499,1706,0,0,13.678975715,6537.85645933,1,4.166666667,,
3705689258,1508,1701,0,0,13.678975715,6539.856406167,1,4.166666667,,
3705691258,1510,1705,0,0,13.678975715,6541.856353004,1,4.166666667,,
3705693258,1505,1706,0,0,13.678975715,6543.856299841,1,4.166666667,,
3705695258,1497,1705,0,0,13.678975715,6545.856246677,1,4.166666667,,
3705697258,1501,1701,0,0,13.678975715,6547.856193514,1,4.166666667,,
3705699258,1507,1708,0,0,13.678975715,6549.856140351,1,4.166666667,,
3705701258,1505,1700,0,0,13.690279258,6551.856087188,1,4.166666667,,
3705703258,1507,1699,0,0,13.702458905,6553.856034024,1,4.166666667,,
3705705258,1505,1700,0,0,13.704350653,6555.855980861,1,4.166666667,,
3705707258,1508,1709,0,0,13.704350653,6557.855927698,1,4.166666667,,
3705709258,1502,1717,0,0,13.704350653,6559.855874535,1,4.166666667,,
3705711258,1504,1701,0,0,13.704350653,6561.855821372,1,4.166666667,,
3705713258,1504,1701,0,0,13.704350653,6563.855768208,1,4.166666667,,
3705715258,1508,1703,0,0,13.704350653,6565.855715045,1,4.166666667,,
3705717258,1500,1705,0,0,13.704202865,6567.855661882,1,4.166666667,,
3705719258,1502,1704,0,0,13.70395428,6569.855608719,1,4.166666667,,
3705721258,1504,1705,0,0,13.703334108,6571.855555556,1,4.166666667,,
3705723258,1505,1704,0,0,13.702358524,6573.855502392,1,4.166666667,,
3705725258,1504,1705,0,0,13.701783619,6575.855449229,1,4.166666667,,
3705727258,1495,1707,0,0,13.701744778,6577.855396066,1,4.166666667,,
3705729258,1507,1699,0,0,13.701596535,6579.855342903,1,4.166666667,,
3705731258,1508,1705,0,0,13.701239983,6581.85528974,1,4.166666667,,
3705733258,1501,1702,0,0,13.699956007,6583.855236576,1,4.166666667,,
3705735258,1504,1705,0,0,13.696045542,6585.855183413,1,4.166666667,,
3705737258,1500,1705,0,0,13.692295922,6587.85513025,1,4.166666667,,
3705739258,1504,1701,0,0,13.689291273,6589.855077087,1,4.166666667,,
3705741258,1512,1708,0,0,13.686438555,6591.855023923,1,4.166666667,,
3705743258,1504,1705,0,0,13.685047089,6593.85497076,1,4.166666667,,
3705745258,1502,1704,0,0,13.683670641,6595.854917597,1,4.166666667,,
3705747258,1504,1709,0,0,13.683670641,6597.854864434,1,4.166666667,,
3705749258,1508,1700,0,0,13.683670641,6599.854811271,1,4.166666667,,
3705751258,1512,1705,0,0,13.683670641,6601.854758107,1,4.166666667,,
3705753258,1505,1701,0,0,13.683670641,6603.854704944,1,4.166666667,,
3705755258,1501,1706,0,0,13.683670641,6605.854651781,1,4.166666667,,
3705757258,1492,1715,0,0,13.683670641,6607.854598618,1,4.166666667,,
3705759258,1503,1705,0,0,13.688018373,6609.854545455,1,4.166666667,,
3705761258,1497,1703,0,0,13.693734362,6611.854492291,1,4.166666667,,
3705763258,1505,1705,0,0,13.695579268,6613.854439128,1,4.166666667,,
3705765258,1505,1706,0,0,13.695579268,6615.854385965,1,4.166666667,,
3705767258,1507,1710,0,0,13.695579268,6617.854332802,1,4.166666667,,
3705769258,1508,1708,0,0,13.695579268,6619.854279638,1,4.166666667,,
3705771258,1501,1709,0,0,13.695579268,6621.854226475,1,4.166666667,,
3705773258,1508,1699,0,0,13.695579268,6623.854173312,1,4.166666667,,
3705775258,1499,1702,0,0,13.694478599,6625.854120149,1,4.166666667,,
3705777258,1508,1706,0,0,13.69190135,6627.854066986,1,4.166666667,,
3705779258,1501,1699,0,0,13.690102976,6629.854013822,1,4.166666667,,
3705781258,1508,1705,0,0,13.68979199,6631.853960659,1,4.166666667,,
3705783258,1502,1710,0,0,13.689561951,6633.853907496,1,4.166666667,,
3705785258,1504,1704,0,0,13.689561951,6635.853854333,1,4.166666667,,
3705787258,1504,1704,0,0,13.689561951,6637.85380117,1,4.166666667,,
3705789258,1508,1704,0,0,13.689561951,6639.853748006,1,4.166666667,,
3705791258,1507,1706,0,0,13.689561951,6641.853694843,1,4.166666667,,
3705793258,1500,1700,0,0,13.689561951,6643.85364168,1,4.166666667,,
3705795258,1508,1704,0,0,13.689561951,6645.853588517,1,4.166666667,,
3705797258,1504,1697,210,1,13.689561951,6647.853535354,1,4.166666667,7,2.146464646
3705799258,1495,1666,210,1,13.689561951,6649.85348219,1,4.166666667,,
3705801258,1490,1637,210,1,13.689838192,6651.853429027,1,4.166666667,,
3705803258,1480,1589,210,1,13.690136271,6653.853375864,1,4.166666667,,
3705805258,1478,1569,210,1,13.690330983,6655.853322701,1,4.166666667,,
3705807258,1461,1534,210,1,13.690506496,6657.853269537,1,4.166666667,,
3705809258,1461,1505,210,1,13.690548625,6659.853216374,1,4.166666667,,
3705811258,1453,1484,210,1,13.690548625,6661.853163211,1,4.166666667,,
3705813258,1436,1453,210,0,13.690548625,6663.853110048,1,4.166666667,,
3705815258,1446,1423,210,0,13.690548625,6665.853056885,1,4.166666667,,
3705817258,1436,1396,210,0,13.689535943,6667.853003721,1,4.166666667,,
3705819258,1423,1371,210,0,13.687828746,6669.852950558,1,4.166666667,,
3705821258,1423,1347,210,0,13.6879029,6671.852897395,1,4.166666667,,
3705823258,1417,1335,210,0,13.689689949,6673.852844232,1,4.166666667,,
3705825258,1412,1321,210,0,13.690733765,6675.852791069,1,4.166666667,,
3705827258,1411,1304,210,0,13.690777802,6677.852737905,1,4.166666667,,
3705829258,1411,1292,210,0,13.690806733,6679.852684742,1,4.166666667,,
3705831258,1410,1274,210,0,13.690806733,6681.852631579,1,4.166666667,,
3705833258,1402,1268,210,0,13.69258428,6683.852578416,1,4.166666667,,
3705835258,1402,1252,210,0,13.699430756,6685.852525253,1,4.166666667,,
3705837258,1396,1249,210,0,13.705776452,6687.852472089,1,4.166666667,,
3705839258,1392,1228,210,0,13.709781481,6689.852418926,1,4.166666667,,
3705841258,1371,1226,210,0,13.713885676,6691.852365763,1,4.166666667,,
3705843258,1385,1212,210,0,13.718958712,6693.8523126,1,4.166666667,,
3705845258,1371,1203,210,0,13.723985286,6695.852259436,1,4.166666667,,
3705847258,1371,1197,210,0,13.724148634,6697.852206273,1,4.166666667,,
3705849258,1371,1187,210,0,13.724311983,6699.85215311,1,4.166666667,,
3705851258,1371,1184,210,0,13.731296021,6701.852099947,1,4.166666667,,
3705853258,1371,1178,210,0,13.738824532,6703.852046784,1,4.166666667,,
3705855258,1371,1171,210,0,13.743739493,6705.85199362,1,4.166666667,,
3705857258,1371,1171,210,0,13.748166553,6707.851940457,1,4.166666667,,
3705859258,1370,1172,210,0,13.751151972,6709.851887294,1,4.166666667,,
3705861258,1363,1164,210,0,13.753680379,6711.851834131,1,4.166666667,,
3705863258,1363,1153,210,0,13.764315783,6713.851780968,1,4.166666667,,
3705865258,1371,1155,210,0,13.778838413,6715.851727804,1,4.166666667,,
3705867258,1367,1145,210,0,13.786308489,6717.851674641,1,4.166666667,,
3705869258,1366,1143,210,0,13.788928473,6719.851621478,1,4.166666667,,
3705871258,1364,1149,210,0,13.803187382,6721.851568315,1,4.166666667,,
3705873258,1361,1146,210,0,13.828667738,6723.851515152,1,4.166666667,,
3705875258,1364,1139,210,0,13.853348166,6725.851461988,1,4.166666667,,
3705877258,1359,1140,210,0,13.876949617,6727.851408825,1,4.166666667,,
3705879258,1357,1127,210,0,13.904597913,6729.851355662,1,4.166666667,,
3705881258,1359,1135,210,0,13.940020023,6731.851302499,1,4.166666667,,
3705883258,1363,1127,210,0,13.975456612,6733.851249335,1,4.166666667,,
3705885258,1363,1126,210,0,14.01093463,6735.851196172,1,4.166666667,,
3705887258,1357,1121,210,0,14.047198589,6737.851143009,1,4.166666667,,
3705889258,1356,1118,210,0,14.087152963,6739.851089846,1,4.166666667,,
3705891258,1368,1127,210,0,14.128892014,6741.851036683,1,4.166666667,,
3705893258,1359,1119,210,0,14.18820561,6743.850983519,1,4.166666667,,
3705895258,1360,1115,210,0,14.247707338,6745.850930356,1,4.166666667,,
3705897258,1359,1121,210,0,14.328402699,6747.850877193,1,4.166666667,,
3705899258,1350,1115,210,0,14.409098061,6749.85082403,1,4.166666667,,
3705901258,1351,1118,210,0,14.506865799,6751.850770867,1,4.166666667,,
3705903258,1352,1115,210,0,14.606009606,6753.850717703,1,4.166666667,,
3705905258,1359,1123,210,0,14.704195753,6755.85066454,1,4.166666667,,
3705907258,1350,1111,210,0,14.802202226,6757.850611377,1,4.166666667,,
3705909258,1340,1112,210,0,14.934336577,6759.850558214,1,4.166666667,,
3705911258,1345,1101,210,0,15.077329093,6761.850505051,1,4.166666667,,
3705913258,1333,1110,210,0,15.238252342,6763.850451887,1,4.166666667,,
3705915258,1333,1100,210,0,15.407799312,6765.850398724,1,4.166666667,,
3705917258,1323,1101,210,0,15.608168052,6767.850345561,1,4.166666667,,
3705919258,1321,1103,210,0,15.829791561,6769.850292398,1,4.166666667,,
3705921258,1320,1094,210,0,16.084666174,6771.850239234,1,4.166666667,,
3705923258,1311,1094,210,0,16.371684564,6773.850186071,1,4.166666667,,
3705925258,1305,1095,210,0,16.701393311,6775.850132908,1,4.166666667,,
3705927258,1287,1089,210,0,17.088841229,6777.850079745,1,4.166666667,,
3705929258,1287,1089,210,0,17.521444128,6779.850026582,1,4.166666667,,
3705931258,1279,1087,210,0,18.041044313,6781.849973418,1,4.166666667,,
3705933258,1260,1086,210,0,18.602598196,6783.849920255,1,4.166666667,,
3705935258,1253,1088,210,0,19.28462054,6785.849867092,1,4.166666667,,
3705937258,1233,1119,210,0,20.14138457,6787.849813929,1,4.166666667,,
3705939258,1201,1323,210,0,21.822435413,6789.849760766,1,4.166666667,,
3705941258,1184,1344,210,0,23.352840589,6791.849707602,1,4.166666667,,
3705943258,1185,1351,210,0,23.387902665,6793.849654439,1,4.166666667,,
3705945258,1183,1355,210,0,23.422679539,6795.849601276,1,4.166666667,,
3705947258,1178,1360,0,0,23.422679539,6797.849548113,1,4.166666667,,
3705949258,1207,1398,0,0,23.422679539,6799.849494949,1,4.166666667,,
3705951258,1223,1423,0,0,23.422679539,6801.849441786,1,4.166666667,,
3705953258,1249,1440,0,0,23.422679539,6803.849388623,1,4.166666667,,
3705955258,1268,1461,0,0,23.422679539,6805.84933546,1,4.166666667,,
3705957258,1282,1489,0,0,23.422679539,6807.849282297,1,4.166666667,,
3705959258,1303,1504,0,0,23.425936485,6809.849229133,1,4.166666667,,
3705961258,1312,1527,0,0,23.430233429,6811.84917597,1,4.166666667,,
3705963258,1325,1538,0,0,23.421715052,6813.849122807,1,4.166666667,,
3705965258,1337,1550,0,0,23.407014496,6815.849069644,1,4.166666667,,
3705967258,1356,1564,0,0,23.401004771,6817.849016481,1,4.166666667,,
3705969258,1364,1576,0,0,23.401004771,6819.848963317,1,4.166666667,,
3705971258,1371,1584,0,0,23.401004771,6821.848910154,1,4.166666667,,
3705973258,1388,1598,0,0,23.401004771,6823.848856991,1,4.166666667,,
3705975258,1400,1605,0,0,23.401123045,6825.848803828,1,4.166666667,,
3705977258,1405,1615,0,0,23.401401724,6827.848750665,1,4.166666667,,
3705979258,1418,1622,0,0,23.406012829,6829.848697501,1,4.166666667,,
3705981258,1423,1628,0,0,23.41899566,6831.848644338,1,4.166666667,,
3705983258,1434,1641,0,0,23.429004399,6833.848591175,1,4.166666667,,
3705985258,1430,1641,0,0,23.430443446,6835.848538012,1,4.166666667,,
3705987258,1437,1641,0,0,23.431380994,6837.848484848,1,4.166666667,,
3705989258,1448,1649,0,0,23.429941946,6839.848431685,1,4.166666667,,
3705991258,1448,1656,0,0,23.428633649,6841.848378522,1,4.166666667,,
3705993258,1456,1664,0,0,23.428633649,6843.848325359,1,4.166666667,,
3705995258,1461,1670,0,0,23.428633649,6845.848272196,1,4.166666667,,
3705997258,1461,1670,0,0,23.428633649,6847.848219032,1,4.166666667,,
3705999258,1462,1680,0,0,23.428633649,6849.848165869,1,4.166666667,,
3706001258,1465,1679,0,0,23.416812259,6851.848112706,1,4.166666667,,
3706003258,1470,1681,0,0,23.404019667,6853.848059543,1,4.166666667,,
3706005258,1472,1679,0,0,23.39928285,6855.84800638,1,4.166666667,,
3706007258,1472,1687,0,0,23.396072569,6857.847953216,1,4.166666667,,
3706009258,1474,1693,0,0,23.395293445,6859.847900053,1,4.166666667,,
3706011258,1482,1690,0,0,23.395293445,6861.84784689,1,4.166666667,,
3706013258,1480,1687,0,0,23.390164769,6863.847793727,1,4.166666667,,
3706015258,1484,1693,0,0,23.382554494,6865.847740564,1,4.166666667,,
3706017258,1484,1693,0,0,23.373019649,6867.8476874,1,4.166666667,,
3706019258,1484,1692,0,0,23.362150296,6869.847634237,1,4.166666667,,
3706021258,1487,1693,0,0,23.355624088,6871.847581074,1,4.166666667,,
3706023258,1490,1693,0,0,23.353318775,6873.847527911,1,4.166666667,,
3706025258,1492,1701,0,0,23.323341784,6875.847474747,1,4.166666667,,
3706027258,1499,1691,0,0,23.255734363,6877.847421584,1,4.166666667,,
3706029258,1495,1697,0,0,22.851054438,6879.847368421,1,4.166666667,,
3706031258,1496,1696,0,0,21.793105674,6881.847315258,1,4.166666667,,
3706033258,1500,1701,0,0,20.89763899,6883.847262095,1,4.166666667,,
3706035258,1497,1697,0,0,20.471987046,6885.847208931,1,4.166666667,,
3706037258,1496,1703,0,0,20.038208362,6887.847155768,1,4.166666667,,
3706039258,1500,1704,0,0,19.565738677,6889.847102605,1,4.166666667,,
3706041258,1503,1702,0,0,19.090799943,6891.847049442,1,4.166666667,,
3706043258,1503,1698,0,0,18.59095533,6893.846996279,1,4.166666667,,
3706045258,1502,1693,0,0,18.090368846,6895.846943115,1,4.166666667,,
3706047258,1501,1701,0,0,17.481506983,6897.846889952,1,4.166666667,,
3706049258,1500,1699,0,0,16.872645119,6899.846836789,1,4.166666667,,
3706051258,1496,1704,0,0,16.249881407,6901.846783626,1,4.166666667,,
3706053258,1502,1704,0,0,15.625964745,6903.846730463,1,4.166666667,,
3706055258,1497,1693,0,0,15.240030129,6905.846677299,1,4.166666667,,
3706057258,1504,1697,0,0,14.899416102,6907.846624136,1,4.166666667,,
3706059258,1498,1703,0,0,14.816523909,6909.846570973,1,4.166666667,,
3706061258,1500,1704,0,0,14.816523909,6911.84651781,1,4.166666667,,
3706063258,1504,1709,0,0,14.816523909,6913.846464646,1,4.166666667,,
3706065258,1498,1712,0,0,14.816523909,6915.846411483,1,4.166666667,,
3706067258,1507,1700,0,0,14.816523909,6917.84635832,1,4.166666667,,
3706069258,1507,1700,0,0,14.816523909,6919.846305157,1,4.166666667,,
3706071258,1500,1705,0,0,14.925391329,6921.846251994,1,4.166666667,,
3706073258,1504,1710,0,0,15.140343486,6923.84619883,1,4.166666667,,
3706075258,1504,1702,0,0,15.311870132,6925.846145667,1,4.166666667,,
3706077258,1505,1705,0,0,15.424181906,6927.846092504,1,4.166666667,,
3706079258,1508,1703,0,0,15.498341891,6929.846039341,1,4.166666667,,
3706081258,1507,1703,0,0,15.498341891,6931.845986178,1,4.166666667,,
3706083258,1505,1707,0,0,15.498341891,6933.845933014,1,4.166666667,,
3706085258,1500,1702,0,0,15.498341891,6935.845879851,1,4.166666667,,
3706087258,1511,1702,0,0,15.498341891,6937.845826688,1,4.166666667,,
3706089258,1513,1710,0,0,15.498341891,6939.845773525,1,4.166666667,,
3706091258,1511,1702,0,0,15.482448737,6941.845720362,1,4.166666667,,
3706093258,1500,1705,0,0,15.304929565,6943.845667198,1,4.166666667,,
3706095258,1502,1709,0,0,15.128500452,6945.845614035,1,4.166666667,,
3706097258,1508,1706,0,0,15.128500452,6947.845560872,1,4.166666667,,
3706099258,1500,1713,0,0,15.128500452,6949.845507709,1,4.166666667,,
3706101258,1511,1702,0,0,15.128500452,6951.845454545,1,4.166666667,,
3706103258,1511,1705,0,0,15.128500452,6953.845401382,1,4.166666667,,
3706105258,1508,1713,0,0,15.128500452,6955.845348219,1,4.166666667,,
3706107258,1508,1704,0,0,15.128500452,6957.845295056,1,4.166666667,,
3706109258,1501,1706,0,0,15.154800081,6959.845241893,1,4.166666667,,
3706111258,1505,1705,0,0,15.189589129,6961.845188729,1,4.166666667,,
3706113258,1502,1697,0,0,15.283733651,6963.845135566,1,4.166666667,,
3706115258,1496,1701,0,0,15.406772385,6965.845082403,1,4.166666667,,
3706117258,1502,1701,0,0,15.457317073,6967.84502924,1,4.166666667,,
3706119258,1502,1699,0,0,15.457317073,6969.844976077,1,4.166666667,,
3706121258,1508,1701,0,0,15.457317073,6971.844922913,1,4.166666667,,
3706123258,1503,1708,0,0,15.457317073,6973.84486975,1,4.166666667,,
3706125258,1503,1707,0,0,15.457317073,6975.844816587,1,4.166666667,,
3706127258,1512,1705,0,0,15.457317073,6977.844763424,1,4.166666667,,
3706129258,1505,1702,0,0,15.393536875,6979.84471026,1,4.166666667,,
3706131258,1504,1696,0,0,15.205411794,6981.844657097,1,4.166666667,,
3706133258,1511,1707,0,0,15.026743142,6983.844603934,1,4.166666667,,
3706135258,1500,1700,0,0,14.875608948,6985.844550771,1,4.166666667,,
3706137258,1503,1704,0,0,14.749649887,6987.844497608,1,4.166666667,,
3706139258,1505,1705,0,0,14.744667441,6989.844444444,1,4.166666667,,
3706141258,1510,1697,0,0,14.736504434,6991.844391281,1,4.166666667,,
3706143258,1499,1709,0,0,14.695730923,6993.844338118,1,4.166666667,,
3706145258,1505,1705,0,0,14.654742066,6995.844284955,1,4.166666667,,
3706147258,1507,1719,0,0,14.574642732,6997.844231792,1,4.166666667,,
3706149258,1508,1705,0,0,14.494543398,6999.844178628,1,4.166666667,,
3706151258,1510,1696,0,0,14.325634372,7001.844125465,1,4.166666667,,
3706153258,1503,1710,0,0,14.149221275,7003.844072302,1,4.166666667,,
3706155258,1500,1709,0,0,14.025376403,7005.844019139,1,4.166666667,,
3706157258,1504,1697,0,0,13.911641638,7007.843965976,1,4.166666667,,
3706159258,1504,1707,0,0,13.880579319,7009.843912812,1,4.166666667,,
3706161258,1508,1709,0,0,13.876299567,7011.843859649,1,4.166666667,,
3706163258,1501,1713,0,0,13.872955263,7013.843806486,1,4.166666667,,
3706165258,1512,1701,0,0,13.870067711,7015.843753323,1,4.166666667,,
3706167258,1513,1704,0,0,13.868879577,7017.843700159,1,4.166666667,,
3706169258,1507,1710,0,0,13.868879577,7019.843646996,1,4.166666667,,
3706171258,1512,1701,0,0,13.868879577,7021.843593833,1,4.166666667,,
3706173258,1504,1709,0,0,13.868879577,7023.84354067,1,4.166666667,,
3706175258,1510,1709,0,0,13.870097417,7025.843487507,1,4.166666667,,
3706177258,1510,1699,0,0,13.872984969,7027.843434343,1,4.166666667,,
3706179258,1508,1702,0,0,13.895411945,7029.84338118,1,4.166666667,,
3706181258,1508,1710,0,0,13.956045874,7031.843328017,1,4.166666667,,
3706183258,1512,1707,0,0,14.013944696,7033.843274854,1,4.166666667,,
3706185258,1512,1704,0,0,14.063851774,7035.843221691,1,4.166666667,,
3706187258,1501,1712,0,0,14.105360615,7037.843168527,1,4.166666667,,
3706189258,1505,1704,0,0,14.106323729,7039.843115364,1,4.166666667,,
3706191258,1507,1704,0,0,14.108998127,7041.843062201,1,4.166666667,,
3706193258,1502,1713,0,0,14.129363525,7043.843009038,1,4.166666667,,
3706195258,1508,1711,0,0,14.150029183,7045.842955875,1,4.166666667,,
3706197258,1508,1707,0,0,14.232800618,7047.842902711,1,4.166666667,,
3706199258,1504,1702,0,0,14.315572052,7049.842849548,1,4.166666667,,
3706201258,1507,1701,0,0,14.36658506,7051.842796385,1,4.166666667,,
3706203258,1507,1709,0,0,14.414889764,7053.842743222,1,4.166666667,,
3706205258,1505,1704,0,0,14.42343837,7055.842690058,1,4.166666667,,
3706207258,1505,1702,0,0,14.424303352,7057.842636895,1,4.166666667,,
3706209258,1504,1701,0,0,14.456349917,7059.842583732,1,4.166666667,,
3706211258,1508,1706,0,0,14.498534423,7061.842530569,1,4.166666667,,
3706213258,1510,1705,0,0,14.539336836,7063.842477406,1,4.166666667,,
3706215258,1508,1700,0,0,14.579462378,7065.842424242,1,4.166666667,,
3706217258,1512,1703,0,0,14.595999405,7067.842371079,1,4.166666667,,
3706219258,1505,1705,0,0,14.595999405,7069.842317916,1,4.166666667,,
3706221258,1504,1703,0,0,14.595999405,7071.842264753,1,4.166666667,,
3706223258,1504,1705,0,0,14.595999405,7073.84221159,1,4.166666667,,
3706225258,1509,1710,0,0,14.595999405,7075.842158426,1,4.166666667,,
3706227258,1511,1697,0,0,14.595999405,7077.842105263,1,4.166666667,,
3706229258,1508,1709,0,0,14.59134484,7079.8420521,1,4.166666667,,
3706231258,1505,1709,0,0,14.577561771,7081.841998937,1,4.166666667,,
3706233258,1510,1708,0,0,14.557674655,7083.841945774,1,4.166666667,,
3706235258,1512,1705,0,0,14.51988948,7085.84189261,1,4.166666667,,
3706237258,1502,1704,0,0,14.480427026,7087.841839447,1,4.166666667,,
3706239258,1508,1705,0,0,14.432828855,7089.841786284,1,4.166666667,,
3706241258,1508,1709,0,0,14.388481415,7091.841733121,1,4.166666667,,
3706243258,1505,1709,0,0,14.378019372,7093.841679957,1,4.166666667,,
3706245258,1512,1704,0,0,14.367447778,7095.841626794,1,4.166666667,,
3706247258,1512,1706,0,0,14.330567929,7097.841573631,1,4.166666667,,
3706249258,1501,1704,0,0,14.293688081,7099.841520468,1,4.166666667,,
3706251258,1511,1703,0,0,14.245658858,7101.841467305,1,4.166666667,,
3706253258,1502,1712,0,0,14.196670102,7103.841414141,1,4.166666667,,
3706255258,1508,1703,0,0,14.154231508,7105.841360978,1,4.166666667,,
3706257258,1508,1694,0,0,14.11306506,7107.841307815,1,4.166666667,,
3706259258,1504,1703,0,0,14.069545938,7109.841254652,1,4.166666667,,
3706261258,1502,1700,0,0,14.025259154,7111.841201489,1,4.166666667,,
3706263258,1504,1707,0,0,13.970700486,7113.841148325,1,4.166666667,,
3706265258,1506,1706,0,0,13.911096066,7115.841095162,1,4.166666667,,
3706267258,1500,1710,0,0,13.868638416,7117.841041999,1,4.166666667,,
3706269258,1504,1706,0,0,13.838234736,7119.840988836,1,4.166666667,,
3706271258,1512,1701,0,0,13.812532164,7121.840935673,1,4.166666667,,
3706273258,1511,1706,0,0,13.791459514,7123.840882509,1,4.166666667,,
3706275258,1504,1700,0,0,13.779246351,7125.840829346,1,4.166666667,,
3706277258,1500,1699,0,0,13.779246351,7127.840776183,1,4.166666667,,
3706279258,1499,1703,0,0,13.779246351,7129.84072302,1,4.166666667,,
3706281258,1500,1704,0,0,13.779246351,7131.840669856,1,4.166666667,,
3706283258,1508,1704,0,0,13.779246351,7133.840616693,1,4.166666667,,
3706285258,1503,1707,0,0,13.779246351,7135.84056353,1,4.166666667,,
3706287258,1504,1707,0,0,13.789845491,7137.840510367,1,4.166666667,,
3706289258,1501,1696,0,0,13.852098271,7139.840457204,1,4.166666667,,
3706291258,1512,1705,0,0,13.911727153,7141.84040404,1,4.166666667,,
3706293258,1500,1704,0,0,13.943775409,7143.840350877,1,4.166666667,,
3706295258,1499,1704,0,0,13.975754699,7145.840297714,1,4.166666667,,
3706297258,1498,1705,0,0,13.987997948,7147.840244551,1,4.166666667,,
3706299258,1511,1704,0,0,14.000241198,7149.840191388,1,4.166666667,,
3706301258,1495,1710,0,0,14.045225344,7151.840138224,1,4.166666667,,
3706303258,1500,1705,0,0,14.093052907,7153.840085061,1,4.166666667,,
3706305258,1497,1697,0,0,14.120351862,7155.840031898,1,4.166666667,,
3706307258,1502,1709,0,0,14.143644361,7157.839978735,1,4.166666667,,
3706309258,1511,1703,0,0,14.160656232,7159.839925572,1,4.166666667,,
3706311258,1502,1707,0,0,14.175611424,7161.839872408,1,4.166666667,,
3706313258,1511,1703,0,0,14.180547723,7163.839819245,1,4.166666667,,
3706315258,1502,1705,0,0,14.180547723,7165.839766082,1,4.166666667,,
3706317258,1498,1703,0,0,14.180547723,7167.839712919,1,4.166666667,,
3706319258,1508,1701,0,0,14.180547723,7169.839659755,1,4.166666667,,
3706321258,1512,1706,0,0,14.180547723,7171.839606592,1,4.166666667,,
3706323258,1504,1707,0,0,14.180547723,7173.839553429,1,4.166666667,,
3706325258,1511,1702,0,0,14.166470331,7175.839500266,1,4.166666667,,
3706327258,1510,1700,0,0,14.13293367,7177.839447103,1,4.166666667,,
3706329258,1508,1702,0,0,14.103609639,7179.839393939,1,4.166666667,,
3706331258,1502,1699,0,0,14.082596681,7181.839340776,1,4.166666667,,
3706333258,1505,1704,0,0,14.06283102,7183.839287613,1,4.166666667,,
3706335258,1504,1705,0,0,14.046748401,7185.83923445,1,4.166666667,,
3706337258,1505,1713,0,0,14.028016529,7187.839181287,1,4.166666667,,
3706339258,1504,1701,0,0,13.996312873,7189.839128123,1,4.166666667,,
3706341258,1508,1707,0,0,13.964209887,7191.83907496,1,4.166666667,,
3706343258,1505,1709,0,0,13.927873972,7193.839021797,1,4.166666667,,
3706345258,1504,1710,0,0,13.89155574,7195.838968634,1,4.166666667,,
3706347258,1511,1704,0,0,13.861495957,7197.83891547,1,4.166666667,,
3706349258,1505,1704,0,0,13.831436174,7199.838862307,1,4.166666667,,
3706351258,1511,1712,0,0,13.798821238,7201.838809144,1,4.166666667,,
3706353258,1500,1712,0,0,13.765982389,7203.838755981,1,4.166666667,,
3706355258,1511,1705,0,0,13.760598142,7205.838702818,1,4.166666667,,
3706357258,1504,1701,0,0,13.760598142,7207.838649654,1,4.166666667,,
3706359258,1512,1697,0,0,13.760598142,7209.838596491,1,4.166666667,,
3706361258,1508,1713,0,0,13.760598142,7211.838543328,1,4.166666667,,
3706363258,1502,1702,0,0,13.760598142,7213.838490165,1,4.166666667,,
3706365258,1510,1701,0,0,13.760598142,7215.838437002,1,4.166666667,,
3706367258,1508,1705,0,0,13.778946684,7217.838383838,1,4.166666667,,
3706369258,1508,1703,0,0,13.810264916,7219.838330675,1,4.166666667,,
3706371258,1510,1702,0,0,13.842022598,7221.838277512,1,4.166666667,,
3706373258,1511,1706,0,0,13.874215384,7223.838224349,1,4.166666667,,
3706375258,1502,1704,0,0,13.893844521,7225.838171186,1,4.166666667,,
3706377258,1506,1709,0,0,13.896059387,7227.838118022,1,4.166666667,,
3706379258,1504,1709,0,0,13.906196733,7229.838064859,1,4.166666667,,
3706381258,1512,1713,0,0,13.932010917,7231.838011696,1,4.166666667,,
3706383258,1509,1706,0,0,13.958459031,7233.837958533,1,4.166666667,,
3706385258,1509,1697,0,0,13.986785623,7235.837905369,1,4.166666667,,
3706387258,1505,1706,0,0,14.011904622,7237.837852206,1,4.166666667,,
3706389258,1504,1701,0,0,14.021243569,7239.837799043,1,4.166666667,,
3706391258,1514,1707,0,0,14.029910197,7241.83774588,1,4.166666667,,
3706393258,1508,1705,0,0,14.031389618,7243.837692717,1,4.166666667,,
3706395258,1512,1700,0,0,14.032865854,7245.837639553,1,4.166666667,,
3706397258,1512,1701,0,0,14.032865854,7247.83758639,1,4.166666667,,
3706399258,1512,1696,0,0,14.032865854,7249.837533227,1,4.166666667,,
3706401258,1507,1699,0,0,14.032865854,7251.837480064,1,4.166666667,,
3706403258,1508,1699,0,0,14.032865854,7253.837426901,1,4.166666667,,
3706405258,1508,1696,0,0,14.031629981,7255.837373737,1,4.166666667,,
3706407258,1508,1696,0,0,14.03015056,7257.837320574,1,4.166666667,,
3706409258,1505,1705,0,0,14.019956599,7259.837267411,1,4.166666667,,
3706411258,1507,1702,0,0,14.006888494,7261.837214248,1,4.166666667,,
3706413258,1508,1703,0,0,13.99623484,7263.837161085,1,4.166666667,,
3706415258,1507,1705,0,0,13.986777949,7265.837107921,1,4.166666667,,
3706417258,1510,1700,0,0,13.973969039,7267.837054758,1,4.166666667,,
3706419258,1504,1701,0,0,13.958784255,7269.837001595,1,4.166666667,,
3706421258,1500,1700,0,0,13.937229866,7271.836948432,1,4.166666667,,
3706423258,1509,1703,0,0,13.909352098,7273.836895268,1,4.166666667,,
3706425258,1511,1707,0,0,13.890430599,7275.836842105,1,4.166666667,,
3706427258,1506,1703,0,0,13.883957182,7277.836788942,1,4.166666667,,
3706429258,1505,1704,0,0,13.871478389,7279.836735779,1,4.166666667,,
3706431258,1501,1705,0,0,13.8470808,7281.836682616,1,4.166666667,,
3706433258,1507,1705,0,0,13.826071957,7283.836629452,1,4.166666667,,
3706435258,1504,1709,0,0,13.815140224,7285.836576289,1,4.166666667,,
3706437258,1496,1705,0,0,13.801522756,7287.836523126,1,4.166666667,,
3706439258,1508,1697,0,0,13.774629786,7289.836469963,1,4.166666667,,
3706441258,1510,1699,0,0,13.750019419,7291.8364168,1,4.166666667,,
3706443258,1504,1704,0,0,13.750019419,7293.836363636,1,4.166666667,,
3706445258,1501,1701,0,0,13.750019419,7295.836310473,1,4.166666667,,
3706447258,1500,1703,0,0,13.750019419,7297.83625731,1,4.166666667,,
3706449258,1502,1704,0,0,13.750019419,7299.836204147,1,4.166666667,,
3706451258,1504,1701,0,0,13.750019419,7301.836150984,1,4.166666667,,
3706453258,1505,1706,0,0,13.750019419,7303.83609782,1,4.166666667,,
3706455258,1512,1709,0,0,13.757306207,7305.836044657,1,4.166666667,,
3706457258,1499,1705,0,0,13.766035919,7307.835991494,1,4.166666667,,
3706459258,1511,1706,0,0,13.78532702,7309.835938331,1,4.166666667,,
3706461258,1511,1704,0,0,13.808113798,7311.835885167,1,4.166666667,,
3706463258,1505,1702,0,0,13.825831109,7313.835832004,1,4.166666667,,
3706465258,1499,1707,0,0,13.841028112,7315.835778841,1,4.166666667,,
3706467258,1500,1705,0,0,13.86485724,7317.835725678,1,4.166666667,,
3706469258,1505,1703,0,0,13.894821498,7319.835672515,1,4.166666667,,
3706471258,1512,1709,0,0,13.914682027,7321.835619351,1,4.166666667,,
3706473258,1510,1704,0,0,13.924485453,7323.835566188,1,4.166666667,,
3706475258,1497,1709,0,0,13.930193324,7325.835513025,1,4.166666667,,
3706477258,1508,1704,0,0,13.930193324,7327.835459862,1,4.166666667,,
3706479258,1504,1708,0,0,13.930193324,7329.835406699,1,4.166666667,,
3706481258,1506,1705,0,0,13.930193324,7331.835353535,1,4.166666667,,
3706483258,1508,1709,0,0,13.930193324,7333.835300372,1,4.166666667,,
3706485258,1512,1710,0,0,13.930193324,7335.835247209,1,4.166666667,,
3706487258,1508,1704,0,0,13.927833539,7337.835194046,1,4.166666667,,
3706489258,1501,1709,0,0,13.913753796,7339.835140883,1,4.166666667,,
3706491258,1501,1702,0,0,13.900327118,7341.835087719,1,4.166666667,,
3706493258,1504,1705,0,0,13.89400231,7343.835034556,1,4.166666667,,
3706495258,1504,1713,0,0,13.887666797,7345.834981393,1,4.166666667,,
3706497258,1505,1697,0,0,13.86835111,7347.83492823,1,4.166666667,,
3706499258,1500,1702,0,0,13.849035422,7349.834875066,1,4.166666667,,
3706501258,1501,1712,0,0,13.826905038,7351.834821903,1,4.166666667,,
3706503258,1503,1693,0,0,13.804521345,7353.83476874,1,4.166666667,,
3706505258,1510,1701,0,0,13.775248982,7355.834715577,1,4.166666667,,
3706507258,1507,1707,0,0,13.744605955,7357.834662414,1,4.166666667,,
3706509258,1500,1694,0,0,13.733217254,7359.83460925,1,4.166666667,,
3706511258,1511,1701,0,0,13.72822416,7361.834556087,1,4.166666667,,
3706513258,1512,1701,0,0,13.726562804,7363.834502924,1,4.166666667,,
3706515258,1500,1704,0,0,13.726562804,7365.834449761,1,4.166666667,,
3706517258,1512,1703,0,0,13.726562804,7367.834396598,1,4.166666667,,
3706519258,1507,1704,0,0,13.726562804,7369.834343434,1,4.166666667,,
3706521258,1504,1707,0,0,13.726562804,7371.834290271,1,4.166666667,,
3706523258,1512,1703,0,0,13.726562804,7373.834237108,1,4.166666667,,
3706525258,1502,1699,0,0,13.733909987,7375.834183945,1,4.166666667,,
3706527258,1500,1703,0,0,13.751524778,7377.834130781,1,4.166666667,,
3706529258,1498,1709,0,0,13.765466191,7379.834077618,1,4.166666667,,
3706531258,1513,1710,0,0,13.772073434,7381.834024455,1,4.166666667,,
3706533258,1503,1701,0,0,13.777155972,7383.833971292,1,4.166666667,,
3706535258,1509,1710,0,0,13.77767233,7385.833918129,1,4.166666667,,
3706537258,1509,1694,0,0,13.780278487,7387.833864965,1,4.166666667,,
3706539258,1510,1705,0,0,13.793313336,7389.833811802,1,4.166666667,,
3706541258,1508,1705,0,0,13.805331365,7391.833758639,1,4.166666667,,
3706543258,1504,1704,0,0,13.806195761,7393.833705476,1,4.166666667,,
3706545258,1502,1705,0,0,13.807060019,7395.833652313,1,4.166666667,,
3706547258,1510,1699,0,0,13.807060019,7397.833599149,1,4.166666667,,
3706549258,1512,1705,0,0,13.807060019,7399.833545986,1,4.166666667,,
3706551258,1512,1705,0,0,13.807060019,7401.833492823,1,4.166666667,,
3706553258,1502,1703,0,0,13.807060019,7403.83343966,1,4.166666667,,
3706555258,1504,1700,0,0,13.807060019,7405.833386497,1,4.166666667,,
3706557258,1504,1708,0,0,13.807060019,7407.833333333,1,4.166666667,,
3706559258,1507,1708,0,0,13.800587378,7409.83328017,1,4.166666667,,
3706561258,1500,1701,0,0,13.791957113,7411.833227007,1,4.166666667,,
3706563258,1508,1697,0,0,13.783125514,7413.833173844,1,4.166666667,,
3706565258,1502,1705,0,0,13.774193221,7415.83312068,1,4.166666667,,
3706567258,1504,1702,0,0,13.764089035,7417.833067517,1,4.166666667,,
3706569258,1507,1699,0,0,13.753147378,7419.833014354,1,4.166666667,,
3706571258,1508,1701,0,0,13.73941088,7421.832961191,1,4.166666667,,
3706573258,1515,1699,0,0,13.722877609,7423.832908028,1,4.166666667,,
3706575258,1510,1707,0,0,13.713229428,7425.832854864,1,4.166666667,,
3706577258,1504,1703,0,0,13.713229428,7427.832801701,1,4.166666667,,
3706579258,1512,1706,0,0,13.713229428,7429.832748538,1,4.166666667,,
3706581258,1508,1700,0,0,13.713229428,7431.832695375,1,4.166666667,,
3706583258,1503,1705,0,0,13.713229428,7433.832642212,1,4.166666667,,
3706585258,1504,1705,0,0,13.713229428,7435.832589048,1,4.166666667,,
3706587258,1507,1700,0,0,13.71611081,7437.832535885,1,4.166666667,,
3706589258,1510,1698,0,0,13.733440102,7439.832482722,1,4.166666667,,
3706591258,1508,1705,0,0,13.749627578,7441.832429559,1,4.166666667,,
3706593258,1502,1704,0,0,13.75318073,7443.832376396,1,4.166666667,,
3706595258,1512,1704,0,0,13.756733883,7445.832323232,1,4.166666667,,
3706597258,1514,1709,0,0,13.765861891,7447.832270069,1,4.166666667,,
3706599258,1508,1705,0,0,13.774992716,7449.832216906,1,4.166666667,,
3706601258,1515,1707,0,0,13.775758735,7451.832163743,1,4.166666667,,
3706603258,1508,1705,0,0,13.775758735,7453.832110579,1,4.166666667,,
3706605258,1505,1702,0,0,13.775758735,7455.832057416,1,4.166666667,,
3706607258,1504,1706,0,0,13.775758735,7457.832004253,1,4.166666667,,
3706609258,1508,1701,0,0,13.774070297,7459.83195109,1,4.166666667,,
3706611258,1508,1697,0,0,13.771817028,7461.831897927,1,4.166666667,,
3706613258,1501,1705,0,0,13.771064302,7463.831844763,1,4.166666667,,
3706615258,1504,1703,0,0,13.771064302,7465.8317916,1,4.166666667,,
3706617258,1505,1701,0,0,13.76847262,7467.831738437,1,4.166666667,,
3706619258,1508,1707,0,0,13.764023775,7469.831685274,1,4.166666667,,
3706621258,1504,1709,0,0,13.751707477,7471.831632111,1,4.166666667,,
3706623258,1506,1705,0,0,13.731497333,7473.831578947,1,4.166666667,,
3706625258,1503,1703,0,0,13.716688435,7475.831525784,1,4.166666667,,
3706627258,1500,1709,0,0,13.709469115,7477.831472621,1,4.166666667,,
3706629258,1502,1701,0,0,13.70464939,7479.831419458,1,4.166666667,,
3706631258,1499,1705,0,0,13.70464939,7481.831366295,1,4.166666667,,
3706633258,1502,1707,0,0,13.70464939,7483.831313131,1,4.166666667,,
3706635258,1508,1706,0,0,13.70464939,7485.831259968,1,4.166666667,,
3706637258,1500,1709,0,0,13.70464939,7487.831206805,1,4.166666667,,
3706639258,1496,1700,0,0,13.70464939,7489.831153642,1,4.166666667,,
3706641258,1500,1713,0,0,13.704747949,7491.831100478,1,4.166666667,,
3706643258,1502,1709,0,0,13.705946689,7493.831047315,1,4.166666667,,
3706645258,1507,1700,0,0,13.707145428,7495.830994152,1,4.166666667,,
3706647258,1506,1704,0,0,13.70714683,7497.830940989,1,4.166666667,,
3706649258,1500,1706,0,0,13.70714683,7499.830887826,1,4.166666667,,
3706651258,1507,1701,0,0,13.70714683,7501.830834662,1,4.166666667,,
3706653258,1504,1703,0,0,13.70714683,7503.830781499,1,4.166666667,,
3706655258,1500,1709,0,0,13.70714683,7505.830728336,1,4.166666667,,
3706657258,1503,1703,0,0,13.70714683,7507.830675173,1,4.166666667,,
3706659258,1502,1701,0,0,13.706404584,7509.83062201,1,4.166666667,,
3706661258,1501,1704,0,0,13.705413156,7511.830568846,1,4.166666667,,
3706663258,1504,1709,0,0,13.700707244,7513.830515683,1,4.166666667,,
3706665258,1514,1708,0,0,13.694132439,7515.83046252,1,4.166666667,,
3706667258,1510,1702,0,0,13.691014529,7517.830409357,1,4.166666667,,
3706669258,1512,1709,0,0,13.69038056,7519.830356194,1,4.166666667,,
3706671258,1502,1709,0,0,13.689465316,7521.83030303,1,4.166666667,,
3706673258,1504,1709,0,0,13.688267102,7523.830249867,1,4.166666667,,
3706675258,1505,1708,0,0,13.687566278,7525.830196704,1,4.166666667,,
3706677258,1512,1699,0,0,13.687566278,7527.830143541,1,4.166666667,,
3706679258,1505,1705,0,0,13.687566278,7529.830090377,1,4.166666667,,
3706681258,1500,1703,0,0,13.687566278,7531.830037214,1,4.166666667,,
3706683258,1509,1716,0,0,13.687863833,7533.829984051,1,4.166666667,,
3706685258,1501,1708,0,0,13.689062047,7535.829930888,1,4.166666667,,
3706687258,1505,1717,0,0,13.689927379,7537.829877725,1,4.166666667,,
3706689258,1502,1713,0,0,13.689107434,7539.829824561,1,4.166666667,,
3706691258,1498,1704,0,0,13.68842649,7541.829771398,1,4.166666667,,
3706693258,1505,1710,0,0,13.689310933,7543.829718235,1,4.166666667,,
3706695258,1504,1700,0,0,13.690195376,7545.829665072,1,4.166666667,,
3706697258,1508,1710,0,0,13.690196998,7547.829611909,1,4.166666667,,
3706699258,1504,1702,0,0,13.690196998,7549.829558745,1,4.166666667,,
3706701258,1507,1697,0,0,13.690196998,7551.829505582,1,4.166666667,,
3706703258,1509,1703,0,0,13.690196998,7553.829452419,1,4.166666667,,
3706705258,1508,1702,0,0,13.690244925,7555.829399256,1,4.166666667,,
3706707258,1508,1702,0,0,13.690302572,7557.829346093,1,4.166666667,,
3706709258,1512,1708,0,0,13.689612416,7559.829292929,1,4.166666667,,
3706711258,1504,1703,0,0,13.688670326,7561.829239766,1,4.166666667,,
3706713258,1503,1701,0,0,13.687674798,7563.829186603,1,4.166666667,,
3706715258,1505,1709,0,0,13.686652302,7565.82913344,1,4.166666667,,
3706717258,1508,1704,0,0,13.685320694,7567.829080276,1,4.166666667,,
3706719258,1502,1706,0,0,13.683766368,7569.829027113,1,4.166666667,,
3706721258,1502,1704,0,0,13.682759253,7571.82897395,1,4.166666667,,
3706723258,1503,1702,0,0,13.682304112,7573.828920787,1,4.166666667,,
3706725258,1502,1705,0,0,13.682037602,7575.828867624,1,4.166666667,,
3706727258,1498,1701,0,0,13.682037602,7577.82881446,1,4.166666667,,
3706729258,1509,1702,0,0,13.682037602,7579.828761297,1,4.166666667,,
3706731258,1508,1693,0,0,13.682037602,7581.828708134,1,4.166666667,,
3706733258,1504,1697,0,0,13.682037602,7583.828654971,1,4.166666667,,
3706735258,1504,1705,0,0,13.682037602,7585.828601808,1,4.166666667,,
3706737258,1508,1697,0,0,13.682414463,7587.828548644,1,4.166666667,,
3706739258,1497,1705,0,0,13.684708497,7589.828495481,1,4.166666667,,
3706741258,1504,1705,0,0,13.686876184,7591.828442318,1,4.166666667,,
3706743258,1505,1704,0,0,13.687608268,7593.828389155,1,4.166666667,,
3706745258,1504,1709,0,0,13.688340351,7595.828335991,1,4.166666667,,
3706747258,1508,1693,210,1,13.68844215,7597.828282828,1,4.166666667,8,2.171717172
3706749258,1490,1666,210,1,13.688542369,7599.828229665,1,4.166666667,,
3706751258,1484,1626,210,1,13.688610979,7601.828176502,1,4.166666667,,
3706753258,1486,1589,210,1,13.688676618,7603.828123339,1,4.166666667,,
3706755258,1468,1556,210,1,13.688687729,7605.828070175,1,4.166666667,,
3706757258,1471,1525,210,1,13.688687729,7607.828017012,1,4.166666667,,
3706759258,1454,1503,210,1,13.688820364,7609.827963849,1,4.166666667,,
3706761258,1454,1476,210,1,13.688997841,7611.827910686,1,4.166666667,,
3706763258,1448,1446,210,0,13.688939647,7613.827857523,1,4.166666667,,
3706765258,1438,1419,210,0,13.68876217,7615.827804359,1,4.166666667,,
3706767258,1434,1397,210,0,13.688687729,7617.827751196,1,4.166666667,,
3706769258,1430,1371,210,0,13.688687729,7619.827698033,1,4.166666667,,
3706771258,1423,1359,210,0,13.688934842,7621.82764487,1,4.166666667,,
3706773258,1416,1337,210,0,13.689431881,7623.827591707,1,4.166666667,,
3706775258,1412,1318,210,0,13.690227871,7625.827538543,1,4.166666667,,
3706777258,1412,1305,210,0,13.691447395,7627.82748538,1,4.166666667,,
3706779258,1403,1284,210,0,13.692263999,7629.827432217,1,4.166666667,,
3706781258,1399,1281,210,0,13.692263999,7631.827379054,1,4.166666667,,
3706783258,1406,1257,210,0,13.692820553,7633.82732589,1,4.166666667,,
3706785258,1395,1249,210,0,13.695073782,7635.827272727,1,4.166666667,,
3706787258,1389,1235,210,0,13.697933858,7637.827219564,1,4.166666667,,
3706789258,1401,1230,210,0,13.703896101,7639.827166401,1,4.166666667,,
3706791258,1371,1217,210,0,13.709592614,7641.827113238,1,4.166666667,,
3706793258,1388,1211,210,0,13.712242573,7643.827060074,1,4.166666667,,
3706795258,1371,1203,210,0,13.714892532,7645.827006911,1,4.166666667,,
3706797258,1371,1198,210,0,13.724785376,7647.826953748,1,4.166666667,,
3706799258,1371,1189,210,0,13.734701204,7649.826900585,1,4.166666667,,
3706801258,1371,1193,210,0,13.746786737,7651.826847422,1,4.166666667,,
3706803258,1371,1179,210,0,13.759077856,7653.826794258,1,4.166666667,,
3706805258,1366,1179,210,0,13.764347837,7655.826741095,1,4.166666667,,
3706807258,1363,1172,210,0,13.768180357,7657.826687932,1,4.166666667,,
3706809258,1371,1166,210,0,13.775555596,7659.826634769,1,4.166666667,,
3706811258,1364,1158,210,0,13.784132804,7661.826581606,1,4.166666667,,
3706813258,1368,1154,210,0,13.796702655,7663.826528442,1,4.166666667,,
3706815258,1368,1151,210,0,13.811299389,7665.826475279,1,4.166666667,,
3706817258,1368,1149,210,0,13.828275133,7667.826422116,1,4.166666667,,
3706819258,1371,1153,210,0,13.846974365,7669.826368953,1,4.166666667,,
3706821258,1364,1145,210,0,13.864550227,7671.826315789,1,4.166666667,,
3706823258,1364,1140,210,0,13.8809869,7673.826262626,1,4.166666667,,
3706825258,1363,1142,210,0,13.900899304,7675.826209463,1,4.166666667,,
3706827258,1364,1142,210,0,13.925749435,7677.8261563,1,4.166666667,,
3706829258,1361,1134,210,0,13.952870133,7679.826103137,1,4.166666667,,
3706831258,1359,1130,210,0,13.984606471,7681.826049973,1,4.166666667,,
3706833258,1364,1132,210,0,14.016961131,7683.82599681,1,4.166666667,,
3706835258,1358,1120,210,0,14.051207519,7685.825943647,1,4.166666667,,
3706837258,1367,1128,210,0,14.088155689,7687.825890484,1,4.166666667,,
3706839258,1360,1127,210,0,14.13898255,7689.825837321,1,4.166666667,,
3706841258,1359,1121,210,0,14.191433176,7691.825784157,1,4.166666667,,
3706843258,1353,1124,210,0,14.262669126,7693.825730994,1,4.166666667,,
3706845258,1359,1121,210,0,14.333905076,7695.825677831,1,4.166666667,,
3706847258,1359,1115,210,0,14.416381197,7697.825624668,1,4.166666667,,
3706849258,1352,1115,210,0,14.49890051,7699.825571505,1,4.166666667,,
3706851258,1352,1123,210,0,14.596938997,7701.825518341,1,4.166666667,,
3706853258,1352,1111,210,0,14.696460342,7703.825465178,1,4.166666667,,
3706855258,1348,1112,210,0,14.815572546,7705.825412015,1,4.166666667,,
3706857258,1346,1115,210,0,14.938714561,7707.825358852,1,4.166666667,,
3706859258,1344,1103,210,0,15.092723774,7709.825305688,1,4.166666667,,
3706861258,1333,1111,210,0,15.257242396,7711.825252525,1,4.166666667,,
3706863258,1333,1105,210,0,15.438899303,7713.825199362,1,4.166666667,,
3706865258,1332,1103,210,0,15.629282455,7715.825146199,1,4.166666667,,
3706867258,1324,1103,210,0,15.851491428,7717.825093036,1,4.166666667,,
3706869258,1325,1099,210,0,16.096819765,7719.825039872,1,4.166666667,,
3706871258,1318,1091,210,0,16.379150696,7721.824986709,1,4.166666667,,
3706873258,1304,1090,210,0,16.699105128,7723.824933546,1,4.166666667,,
3706875258,1300,1082,210,0,17.077586853,7725.824880383,1,4.166666667,,
3706877258,1290,1077,210,0,17.539442435,7727.82482722,1,4.166666667,,
3706879258,1272,1079,210,0,18.041884304,7729.824774056,1,4.166666667,,
3706881258,1267,1075,210,0,18.627079051,7731.824720893,1,4.166666667,,
3706883258,1256,1068,210,0,19.55859947,7733.82466773,1,4.166666667,,
3706885258,1239,1092,210,0,21.553491839,7735.824614567,1,4.166666667,,
3706887258,1211,1159,210,0,23.236389201,7737.824561404,1,4.166666667,,
3706889258,1193,1285,210,0,23.30876884,7739.82450824,1,4.166666667,,
3706891258,1179,1348,210,0,23.378430199,7741.824455077,1,4.166666667,,
3706893258,1178,1346,210,0,23.416356001,7743.824401914,1,4.166666667,,
3706895258,1179,1353,210,0,23.454281803,7745.824348751,1,4.166666667,,
3706897258,1179,1360,0,0,23.454452181,7747.824295587,1,4.166666667,,
3706899258,1198,1400,0,0,23.454452181,7749.824242424,1,4.166666667,,
3706901258,1220,1424,0,0,23.454452181,7751.824189261,1,4.166666667,,
3706903258,1254,1444,0,0,23.454452181,7753.824136098,1,4.166666667,,
3706905258,1270,1461,0,0,23.454452181,7755.824082935,1,4.166666667,,
3706907258,1282,1482,0,0,23.454452181,7757.824029771,1,4.166666667,,
3706909258,1299,1489,0,0,23.444529566,7759.823976608,1,4.166666667,,
3706911258,1319,1517,0,0,23.431216721,7761.823923445,1,4.166666667,,
3706913258,1329,1534,0,0,23.42551642,7763.823870282,1,4.166666667,,
3706915258,1348,1540,0,0,23.423703706,7765.823817119,1,4.166666667,,
3706917258,1358,1564,0,0,23.422939763,7767.823763955,1,4.166666667,,
3706919258,1369,1574,0,0,23.422939763,7769.823710792,1,4.166666667,,
3706921258,1371,1577,0,0,23.42074545,7771.823657629,1,4.166666667,,
3706923258,1392,1589,0,0,23.416314063,7773.823604466,1,4.166666667,,
3706925258,1396,1593,0,0,23.415532247,7775.823551302,1,4.166666667,,
3706927258,1414,1615,0,0,23.419963635,7777.823498139,1,4.166666667,,
3706929258,1420,1615,0,0,23.423535055,7779.823444976,1,4.166666667,,
3706931258,1416,1632,0,0,23.425347768,7781.823391813,1,4.166666667,,
3706933258,1436,1639,0,0,23.42671635,7783.82333865,1,4.166666667,,
3706935258,1436,1642,0,0,23.42671635,7785.823285486,1,4.166666667,,
3706937258,1440,1645,0,0,23.426423379,7787.823232323,1,4.166666667,,
3706939258,1443,1651,0,0,23.424610665,7789.82317916,1,4.166666667,,
3706941258,1453,1653,0,0,23.422593088,7791.823125997,1,4.166666667,,
3706943258,1452,1666,0,0,23.418161701,7793.823072834,1,4.166666667,,
3706945258,1464,1666,0,0,23.413730314,7795.82301967,1,4.166666667,,
3706947258,1464,1671,0,0,23.411487877,7797.822966507,1,4.166666667,,
3706949258,1461,1675,0,0,23.409256787,7799.822913344,1,4.166666667,,
3706951258,1474,1678,0,0,23.400827781,7801.822860181,1,4.166666667,,
3706953258,1470,1683,0,0,23.391796662,7803.822807018,1,4.166666667,,
3706955258,1473,1686,0,0,23.384030159,7805.822753854,1,4.166666667,,
3706957258,1484,1693,0,0,23.376526232,7807.822700691,1,4.166666667,,
3706959258,1487,1696,0,0,23.374610306,7809.822647528,1,4.166666667,,
3706961258,1486,1695,0,0,23.374610306,7811.822594365,1,4.166666667,,
3706963258,1483,1691,0,0,23.369217562,7813.822541201,1,4.166666667,,
3706965258,1486,1693,0,0,23.361062655,7815.822488038,1,4.166666667,,
3706967258,1490,1691,0,0,23.357456191,7817.822434875,1,4.166666667,,
3706969258,1492,1689,0,0,23.357171931,7819.822381712,1,4.166666667,,
3706971258,1499,1692,0,0,23.357028241,7821.822328549,1,4.166666667,,
3706973258,1500,1683,0,0,23.357028241,7823.822275385,1,4.166666667,,
3706975258,1498,1697,0,0,23.328961956,7825.822222222,1,4.166666667,,
3706977258,1498,1700,0,0,23.260694428,7827.822169059,1,4.166666667,,
3706979258,1509,1687,0,0,22.821688808,7829.822115896,1,4.166666667,,
3706981258,1504,1695,0,0,21.622202505,7831.822062733,1,4.166666667,,
3706983258,1504,1692,0,0,20.613267129,7833.822009569,1,4.166666667,,
3706985258,1508,1703,0,0,20.193625835,7835.821956406,1,4.166666667,,
3706987258,1508,1692,0,0,19.769212811,7837.821903243,1,4.166666667,,
3706989258,1504,1694,0,0,19.319925325,7839.82185008,1,4.166666667,,
3706991258,1507,1702,0,0,18.863371257,7841.821796917,1,4.166666667,,
3706993258,1503,1702,0,0,18.320402643,7843.821743753,1,4.166666667,,
3706995258,1511,1693,0,0,17.77743403,7845.82169059,1,4.166666667,,
3706997258,1508,1697,0,0,17.185281801,7847.821637427,1,4.166666667,,
3706999258,1512,1697,0,0,16.592841572,7849.821584264,1,4.166666667,,
3707001258,1511,1693,0,0,15.915071387,7851.8215311,1,4.166666667,,
3707003258,1502,1704,0,0,15.228943285,7853.821477937,1,4.166666667,,
3707005258,1513,1701,0,0,15.055701497,7855.821424774,1,4.166666667,,
3707007258,1499,1699,0,0,14.989449713,7857.821371611,1,4.166666667,,
3707009258,1509,1712,0,0,14.972490074,7859.821318448,1,4.166666667,,
3707011258,1503,1701,0,0,14.972490074,7861.821265284,1,4.166666667,,
3707013258,1513,1699,0,0,14.972490074,7863.821212121,1,4.166666667,,
3707015258,1508,1696,0,0,14.972490074,7865.821158958,1,4.166666667,,
3707017258,1500,1705,0,0,14.972490074,7867.821105795,1,4.166666667,,
3707019258,1508,1705,0,0,14.972490074,7869.821052632,1,4.166666667,,
3707021258,1511,1705,0,0,15.049833912,7871.820999468,1,4.166666667,,
3707023258,1512,1709,0,0,15.206449147,7873.820946305,1,4.166666667,,
3707025258,1512,1704,0,0,15.298780488,7875.820893142,1,4.166666667,,
3707027258,1507,1704,0,0,15.298780488,7877.820839979,1,4.166666667,,
3707029258,1508,1699,0,0,15.298780488,7879.820786816,1,4.166666667,,
3707031258,1499,1705,0,0,15.298780488,7881.820733652,1,4.166666667,,
3707033258,1507,1692,0,0,15.298780488,7883.820680489,1,4.166666667,,
3707035258,1507,1706,0,0,15.298780488,7885.820627326,1,4.166666667,,
3707037258,1505,1703,0,0,15.284091996,7887.820574163,1,4.166666667,,
3707039258,1508,1702,0,0,15.192455784,7889.820520999,1,4.166666667,,
3707041258,1505,1701,0,0,15.107866637,7891.820467836,1,4.166666667,,
3707043258,1505,1701,0,0,15.107866637,7893.820414673,1,4.166666667,,
3707045258,1505,1697,0,0,15.107866637,7895.82036151,1,4.166666667,,
3707047258,1497,1709,0,0,15.107866637,7897.820308347,1,4.166666667,,
3707049258,1502,1706,0,0,15.107866637,7899.820255183,1,4.166666667,,
3707051258,1505,1697,0,0,15.107866637,7901.82020202,1,4.166666667,,
3707053258,1500,1710,0,0,15.107866637,7903.820148857,1,4.166666667,,
3707055258,1504,1697,0,0,15.126977309,7905.820095694,1,4.166666667,,
3707057258,1504,1704,0,0,15.150093105,7907.820042531,1,4.166666667,,
3707059258,1504,1709,0,0,15.25603917,7909.819989367,1,4.166666667,,
3707061258,1500,1709,0,0,15.390583657,7911.819936204,1,4.166666667,,
3707063258,1492,1706,0,0,15.43633429,7913.819883041,1,4.166666667,,
3707065258,1502,1702,0,0,15.43633429,7915.819829878,1,4.166666667,,
3707067258,1502,1705,0,0,15.43633429,7917.819776715,1,4.166666667,,
3707069258,1508,1697,0,0,15.43633429,7919.819723551,1,4.166666667,,
3707071258,1504,1703,0,0,15.43633429,7921.819670388,1,4.166666667,,
3707073258,1504,1705,0,0,15.43633429,7923.819617225,1,4.166666667,,
3707075258,1501,1712,0,0,15.366746286,7925.819564062,1,4.166666667,,
3707077258,1504,1712,0,0,15.196933682,7927.819510898,1,4.166666667,,
3707079258,1504,1712,0,0,15.054330881,7929.819457735,1,4.166666667,,
3707081258,1500,1708,0,0,14.96788057,7931.819404572,1,4.166666667,,
3707083258,1504,1706,0,0,14.900550716,7933.819351409,1,4.166666667,,
3707085258,1507,1706,0,0,14.892780397,7935.819298246,1,4.166666667,,
3707087258,1500,1708,0,0,14.881658347,7937.819245082,1,4.166666667,,
3707089258,1504,1695,0,0,14.852890729,7939.819191919,1,4.166666667,,
3707091258,1500,1697,0,0,14.825717744,7941.819138756,1,4.166666667,,
3707093258,1504,1705,0,0,14.817866617,7943.819085593,1,4.166666667,,
3707095258,1492,1697,0,0,14.81001549,7945.81903243,1,4.166666667,,
3707097258,1504,1705,0,0,14.778120177,7947.818979266,1,4.166666667,,
3707099258,1505,1710,0,0,14.746051694,7949.818926103,1,4.166666667,,
3707101258,1504,1708,0,0,14.690188926,7951.81887294,1,4.166666667,,
3707103258,1494,1705,0,0,14.63195737,7953.818819777,1,4.166666667,,
3707105258,1504,1709,0,0,14.583861697,7955.818766614,1,4.166666667,,
3707107258,1501,1709,0,0,14.537900116,7957.81871345,1,4.166666667,,
3707109258,1501,1707,0,0,14.464019417,7959.818660287,1,4.166666667,,
3707111258,1498,1705,0,0,14.380465607,7961.818607124,1,4.166666667,,
3707113258,1508,1704,0,0,14.290142726,7963.818553961,1,4.166666667,,
3707115258,1508,1704,0,0,14.196321773,7965.818500797,1,4.166666667,,
3707117258,1498,1707,0,0,14.098933705,7967.818447634,1,4.166666667,,
3707119258,1505,1701,0,0,13.99891883,7969.818394471,1,4.166666667,,
3707121258,1504,1703,0,0,13.915088115,7971.818341308,1,4.166666667,,
3707123258,1505,1700,0,0,13.847933337,7973.818288145,1,4.166666667,,
3707125258,1502,1712,0,0,13.808253484,7975.818234981,1,4.166666667,,
3707127258,1505,1713,0,0,13.808253484,7977.818181818,1,4.166666667,,
3707129258,1500,1713,0,0,13.808253484,7979.818128655,1,4.166666667,,
3707131258,1507,1694,0,0,13.808253484,7981.818075492,1,4.166666667,,
3707133258,1500,1703,0,0,13.808253484,7983.818022329,1,4.166666667,,
3707135258,1505,1699,0,0,13.808253484,7985.817969165,1,4.166666667,,
3707137258,1508,1697,0,0,13.828792513,7987.817916002,1,4.166666667,,
3707139258,1508,1706,0,0,13.95799949,7989.817862839,1,4.166666667,,
3707141258,1500,1706,0,0,14.084966572,7991.817809676,1,4.166666667,,
3707143258,1500,1704,0,0,14.184534918,7993.817756512,1,4.166666667,,
3707145258,1504,1700,0,0,14.284103264,7995.817703349,1,4.166666667,,
3707147258,1510,1708,0,0,14.349640668,7997.817650186,1,4.166666667,,
3707149258,1503,1703,0,0,14.414910018,7999.817597023,1,4.166666667,,
3707151258,1496,1703,0,0,14.451524381,8001.81754386,1,4.166666667,,
3707153258,1500,1702,0,0,14.485263021,8003.817490696,1,4.166666667,,
3707155258,1504,1697,0,0,14.506691229,8005.817437533,1,4.166666667,,
3707157258,1508,1708,0,0,14.525515497,8007.81738437,1,4.166666667,,
3707159258,1516,1705,0,0,14.541298842,8009.817331207,1,4.166666667,,
3707161258,1504,1702,0,0,14.556024935,8011.817278044,1,4.166666667,,
3707163258,1500,1701,0,0,14.573094241,8013.81722488,1,4.166666667,,
3707165258,1507,1705,0,0,14.591378043,8015.817171717,1,4.166666667,,
3707167258,1497,1697,0,0,14.599144248,8017.817118554,1,4.166666667,,
3707169258,1500,1701,0,0,14.599144248,8019.817065391,1,4.166666667,,
3707171258,1492,1707,0,0,14.599144248,8021.817012228,1,4.166666667,,
3707173258,1508,1699,0,0,14.599144248,8023.816959064,1,4.166666667,,
3707175258,1499,1703,0,0,14.599144248,8025.816905901,1,4.166666667,,
3707177258,1512,1706,0,0,14.599144248,8027.816852738,1,4.166666667,,
3707179258,1500,1705,0,0,14.593987387,8029.816799575,1,4.166666667,,
3707181258,1504,1709,0,0,14.578123788,8031.816746411,1,4.166666667,,
3707183258,1497,1697,0,0,14.563971494,8033.816693248,1,4.166666667,,
3707185258,1508,1705,0,0,14.555188583,8035.816640085,1,4.166666667,,
3707187258,1504,1704,0,0,14.547098349,8037.816586922,1,4.166666667,,
3707189258,1500,1703,0,0,14.542691231,8039.816533759,1,4.166666667,,
3707191258,1510,1702,0,0,14.538059244,8041.816480595,1,4.166666667,,
3707193258,1507,1707,0,0,14.530650228,8043.816427432,1,4.166666667,,
3707195258,1503,1701,0,0,14.523241212,8045.816374269,1,4.166666667,,
3707197258,1503,1702,0,0,14.516752882,8047.816321106,1,4.166666667,,
3707199258,1507,1701,0,0,14.510272426,8049.816267943,1,4.166666667,,
3707201258,1508,1704,0,0,14.508530102,8051.816214779,1,4.166666667,,
3707203258,1505,1704,0,0,14.507267097,8053.816161616,1,4.166666667,,
3707205258,1502,1705,0,0,14.49235174,8055.816108453,1,4.166666667,,
3707207258,1505,1693,0,0,14.47453527,8057.81605529,1,4.166666667,,
3707209258,1511,1701,0,0,14.439510683,8059.816002127,1,4.166666667,,
3707211258,1500,1701,0,0,14.398482475,8061.815948963,1,4.166666667,,
3707213258,1508,1701,0,0,14.361482697,8063.8158958,1,4.166666667,,
3707215258,1499,1701,0,0,14.326577043,8065.815842637,1,4.166666667,,
3707217258,1508,1705,0,0,14.277483332,8067.815789474,1,4.166666667,,
3707219258,1504,1710,0,0,14.217884618,8069.81573631,1,4.166666667,,
3707221258,1503,1709,0,0,14.165161346,8071.815683147,1,4.166666667,,
3707223258,1507,1705,0,0,14.11956021,8073.815629984,1,4.166666667,,
3707225258,1494,1704,0,0,14.0649337,8075.815576821,1,4.166666667,,
3707227258,1505,1702,0,0,13.99720066,8077.815523658,1,4.166666667,,
3707229258,1504,1702,0,0,13.939550584,8079.815470494,1,4.166666667,,
3707231258,1504,1700,0,0,13.902898422,8081.815417331,1,4.166666667,,
3707233258,1504,1706,0,0,13.867858468,8083.815364168,1,4.166666667,,
3707235258,1508,1701,0,0,13.837895359,8085.815311005,1,4.166666667,,
3707237258,1501,1705,0,0,13.812655428,8087.815257842,1,4.166666667,,
3707239258,1505,1703,0,0,13.812655428,8089.815204678,1,4.166666667,,
3707241258,1497,1705,0,0,13.812655428,8091.815151515,1,4.166666667,,
3707243258,1510,1705,0,0,13.812655428,8093.815098352,1,4.166666667,,
3707245258,1504,1709,0,0,13.812655428,8095.815045189,1,4.166666667,,
3707247258,1504,1703,0,0,13.812655428,8097.814992026,1,4.166666667,,
3707249258,1502,1712,0,0,13.812655428,8099.814938862,1,4.166666667,,
3707251258,1504,1705,0,0,13.871203492,8101.814885699,1,4.166666667,,
3707253258,1504,1705,0,0,13.935721613,8103.814832536,1,4.166666667,,
3707255258,1512,1709,0,0,13.995743896,8105.814779373,1,4.166666667,,
3707257258,1500,1713,0,0,14.054806421,8107.814726209,1,4.166666667,,
3707259258,1507,1696,0,0,14.076441348,8109.814673046,1,4.166666667,,
3707261258,1510,1710,0,0,14.084973124,8111.814619883,1,4.166666667,,
3707263258,1505,1709,0,0,14.100258321,8113.81456672,1,4.166666667,,
3707265258,1500,1705,0,0,14.119064572,8115.814513557,1,4.166666667,,
3707267258,1502,1705,0,0,14.164938439,8117.814460393,1,4.166666667,,
3707269258,1504,1700,0,0,14.230908036,8119.81440723,1,4.166666667,,
3707271258,1500,1705,0,0,14.273029779,8121.814354067,1,4.166666667,,
3707273258,1508,1705,0,0,14.290382215,8123.814300904,1,4.166666667,,
3707275258,1504,1710,0,0,14.300830672,8125.814247741,1,4.166666667,,
3707277258,1504,1706,0,0,14.301225626,8127.814194577,1,4.166666667,,
3707279258,1504,1710,0,0,14.301492715,8129.814141414,1,4.166666667,,
3707281258,1500,1702,0,0,14.301492715,8131.814088251,1,4.166666667,,
3707283258,1509,1704,0,0,14.301492715,8133.814035088,1,4.166666667,,
3707285258,1506,1705,0,0,14.301492715,8135.813981925,1,4.166666667,,
3707287258,1508,1708,0,0,14.301492715,8137.813928761,1,4.166666667,,
3707289258,1508,1697,0,0,14.301492715,8139.813875598,1,4.166666667,,
3707291258,1502,1710,0,0,14.300023754,8141.813822435,1,4.166666667,,
3707293258,1506,1701,0,0,14.280059575,8143.813769272,1,4.166666667,,
3707295258,1504,1703,0,0,14.260095396,8145.813716108,1,4.166666667,,
3707297258,1502,1707,0,0,14.218549103,8147.813662945,1,4.166666667,,
3707299258,1504,1701,0,0,14.176789017,8149.813609782,1,4.166666667,,
3707301258,1502,1694,0,0,14.116181532,8151.813556619,1,4.166666667,,
3707303258,1501,1713,0,0,14.053636985,8153.813503456,1,4.166666667,,
3707305258,1505,1700,0,0,14.015252367,8155.813450292,1,4.166666667,,
3707307258,1498,1706,0,0,13.982049,8157.813397129,1,4.166666667,,
3707309258,1500,1712,0,0,13.953670892,8159.813343966,1,4.166666667,,
3707311258,1500,1707,0,0,13.926987926,8161.813290803,1,4.166666667,,
3707313258,1492,1705,0,0,13.885487286,8163.81323764,1,4.166666667,,
3707315258,1507,1706,0,0,13.83623829,8165.813184476,1,4.166666667,,
3707317258,1504,1700,0,0,13.81522116,8167.813131313,1,4.166666667,,
3707319258,1500,1702,0,0,13.81522116,8169.81307815,1,4.166666667,,
3707321258,1505,1702,0,0,13.81522116,8171.813024987,1,4.166666667,,
3707323258,1501,1700,0,0,13.81522116,8173.812971823,1,4.166666667,,
3707325258,1504,1697,0,0,13.81522116,8175.81291866,1,4.166666667,,
3707327258,1503,1701,0,0,13.81522116,8177.812865497,1,4.166666667,,
3707329258,1501,1709,0,0,13.819833259,8179.812812334,1,4.166666667,,
3707331258,1504,1697,0,0,13.834108604,8181.812759171,1,4.166666667,,
3707333258,1507,1709,0,0,13.853403356,8183.812706007,1,4.166666667,,
3707335258,1508,1703,0,0,13.888619708,8185.812652844,1,4.166666667,,
3707337258,1507,1702,0,0,13.91858267,8187.812599681,1,4.166666667,,
3707339258,1505,1705,0,0,13.920188939,8189.812546518,1,4.166666667,,
3707341258,1502,1695,0,0,13.922831564,8191.812493355,1,4.166666667,,
3707343258,1510,1705,0,0,13.938650992,8193.812440191,1,4.166666667,,
3707345258,1512,1704,0,0,13.95447042,8195.812387028,1,4.166666667,,
3707347258,1504,1703,0,0,13.98965056,8197.812333865,1,4.166666667,,
3707349258,1507,1709,0,0,14.025035619,8199.812280702,1,4.166666667,,
3707351258,1504,1701,0,0,14.035150149,8201.812227539,1,4.166666667,,
3707353258,1512,1707,0,0,14.042647036,8203.812174375,1,4.166666667,,
3707355258,1510,1705,0,0,14.043975865,8205.812121212,1,4.166666667,,
3707357258,1504,1704,0,0,14.043975865,8207.812068049,1,4.166666667,,
3707359258,1505,1704,0,0,14.043975865,8209.812014886,1,4.166666667,,
3707361258,1505,1700,0,0,14.043975865,8211.811961722,1,4.166666667,,
3707363258,1505,1704,0,0,14.043975865,8213.811908559,1,4.166666667,,
3707365258,1508,1694,0,0,14.043975865,8215.811855396,1,4.166666667,,
3707367258,1512,1706,0,0,14.040301134,8217.811802233,1,4.166666667,,
3707369258,1501,1709,0,0,14.033883321,8219.81174907,1,4.166666667,,
3707371258,1501,1702,0,0,14.02694169,8221.811695906,1,4.166666667,,
3707373258,1504,1705,0,0,14.019453099,8223.811642743,1,4.166666667,,
3707375258,1501,1709,0,0,14.014083806,8225.81158958,1,4.166666667,,
3707377258,1501,1707,0,0,14.011817662,8227.811536417,1,4.166666667,,
3707379258,1506,1715,0,0,14.010175752,8229.811483254,1,4.166666667,,
3707381258,1500,1706,0,0,14.009845713,8231.81143009,1,4.166666667,,
3707383258,1504,1709,0,0,14.00750504,8233.811376927,1,4.166666667,,
3707385258,1508,1704,0,0,13.998763297,8235.811323764,1,4.166666667,,
3707387258,1504,1697,0,0,13.987522266,8237.811270601,1,4.166666667,,
3707389258,1503,1707,0,0,13.962722331,8239.811217438,1,4.166666667,,
3707391258,1500,1697,0,0,13.938984263,8241.811164274,1,4.166666667,,
3707393258,1499,1707,0,0,13.928881306,8243.811111111,1,4.166666667,,
3707395258,1497,1702,0,0,13.918778349,8245.811057948,1,4.166666667,,
3707397258,1511,1702,0,0,13.886901812,8247.811004785,1,4.166666667,,
3707399258,1502,1705,0,0,13.854780028,8249.810951621,1,4.166666667,,
3707401258,1501,1705,0,0,13.807730777,8251.810898458,1,4.166666667,,
3707403258,1511,1709,0,0,13.759123176,8253.810845295,1,4.166666667,,
3707405258,1500,1707,0,0,13.750475135,8255.810792132,1,4.166666667,,
3707407258,1505,1704,0,0,13.750475135,8257.810738969,1,4.166666667,,
3707409258,1504,1704,0,0,13.750475135,8259.810685805,1,4.166666667,,
3707411258,1494,1709,0,0,13.750475135,8261.810632642,1,4.166666667,,
3707413258,1497,1710,0,0,13.750475135,8263.810579479,1,4.166666667,,
3707415258,1500,1715,0,0,13.750475135,8265.810526316,1,4.166666667,,
3707417258,1502,1701,0,0,13.766698417,8267.810473153,1,4.166666667,,
3707419258,1501,1701,0,0,13.795064844,8269.810419989,1,4.166666667,,
3707421258,1501,1709,0,0,13.828029109,8271.810366826,1,4.166666667,,
3707423258,1508,1704,0,0,13.865807118,8273.810313663,1,4.166666667,,
3707425258,1503,1704,0,0,13.890145455,8275.8102605,1,4.166666667,,
3707427258,1505,1709,0,0,13.894750639,8277.810207337,1,4.166666667,,
3707429258,1501,1705,0,0,13.902589679,8279.810154173,1,4.166666667,,
3707431258,1504,1703,0,0,13.917245627,8281.81010101,1,4.166666667,,
3707433258,1508,1705,0,0,13.928891389,8283.810047847,1,4.166666667,,
3707435258,1509,1700,0,0,13.930918787,8285.809994684,1,4.166666667,,
3707437258,1506,1703,0,0,13.932631989,8287.80994152,1,4.166666667,,
3707439258,1510,1704,0,0,13.932631989,8289.809888357,1,4.166666667,,
3707441258,1512,1706,0,0,13.932631989,8291.809835194,1,4.166666667,,
3707443258,1508,1709,0,0,13.932631989,8293.809782031,1,4.166666667,,
3707445258,1503,1706,0,0,13.932631989,8295.809728868,1,4.166666667,,
3707447258,1504,1709,0,0,13.930628519,8297.809675704,1,4.166666667,,
3707449258,1500,1709,0,0,13.928601121,8299.809622541,1,4.166666667,,
3707451258,1500,1700,0,0,13.914001666,8301.809569378,1,4.166666667,,
3707453258,1505,1707,0,0,13.898079556,8303.809516215,1,4.166666667,,
3707455258,1500,1699,0,0,13.892122393,8305.809463052,1,4.166666667,,
3707457258,1503,1703,0,0,13.88833165,8307.809409888,1,4.166666667,,
3707459258,1505,1705,0,0,13.874915329,8309.809356725,1,4.166666667,,
3707461258,1506,1704,0,0,13.85808235,8311.809303562,1,4.166666667,,
3707463258,1507,1705,0,0,13.837609715,8313.809250399,1,4.166666667,,
3707465258,1504,1706,0,0,13.815216975,8315.809197236,1,4.166666667,,
3707467258,1499,1704,0,0,13.794832892,8317.809144072,1,4.166666667,,
3707469258,1499,1705,0,0,13.775956377,8319.809090909,1,4.166666667,,
3707471258,1502,1697,0,0,13.753907502,8321.809037746,1,4.166666667,,
3707473258,1511,1717,0,0,13.728528454,8323.808984583,1,4.166666667,,
3707475258,1500,1697,0,0,13.713414634,8325.808931419,1,4.166666667,,
3707477258,1497,1712,0,0,13.713414634,8327.808878256,1,4.166666667,,
3707479258,1507,1704,0,0,13.713414634,8329.808825093,1,4.166666667,,
3707481258,1508,1709,0,0,13.713414634,8331.80877193,1,4.166666667,,
3707483258,1504,1699,0,0,13.713414634,8333.808718767,1,4.166666667,,
3707485258,1513,1700,0,0,13.713414634,8335.808665603,1,4.166666667,,
3707487258,1504,1710,0,0,13.716785477,8337.80861244,1,4.166666667,,
3707489258,1508,1703,0,0,13.738630048,8339.808559277,1,4.166666667,,
3707491258,1505,1704,0,0,13.75914293,8341.808506114,1,4.166666667,,
3707493258,1509,1701,0,0,13.762210589,8343.808452951,1,4.166666667,,
3707495258,1502,1701,0,0,13.765278248,8345.808399787,1,4.166666667,,
3707497258,1508,1701,0,0,13.765576303,8347.808346624,1,4.166666667,,
3707499258,1501,1705,0,0,13.765839393,8349.808293461,1,4.166666667,,
3707501258,1500,1709,0,0,13.770857578,8351.808240298,1,4.166666667,,
3707503258,1500,1701,0,0,13.77637989,8353.808187135,1,4.166666667,,
3707505258,1505,1697,0,0,13.777369734,8355.808133971,1,4.166666667,,
3707507258,1511,1707,0,0,13.777369734,8357.808080808,1,4.166666667,,
3707509258,1508,1704,0,0,13.777369734,8359.808027645,1,4.166666667,,
3707511258,1504,1707,0,0,13.777369734,8361.807974482,1,4.166666667,,
3707513258,1505,1710,0,0,13.777369734,8363.807921318,1,4.166666667,,
3707515258,1505,1706,0,0,13.777369734,8365.807868155,1,4.166666667,,
3707517258,1505,1706,0,0,13.772282363,8367.807814992,1,4.166666667,,
3707519258,1505,1707,0,0,13.76336637,8369.807761829,1,4.166666667,,
3707521258,1510,1697,0,0,13.758274537,8371.807708666,1,4.166666667,,
3707523258,1505,1712,0,0,13.757207795,8373.807655502,1,4.166666667,,
3707525258,1512,1704,0,0,13.742524266,8375.807602339,1,4.166666667,,
3707527258,1505,1705,0,0,13.707736907,8377.807549176,1,4.166666667,,
3707529258,1508,1700,0,0,13.684096225,8379.807496013,1,4.166666667,,
3707531258,1511,1703,0,0,13.684096225,8381.80744285,1,4.166666667,,
3707533258,1508,1704,0,0,13.684096225,8383.807389686,1,4.166666667,,
3707535258,1505,1706,0,0,13.684096225,8385.807336523,1,4.166666667,,
3707537258,1504,1701,0,0,13.684096225,8387.80728336,1,4.166666667,,
3707539258,1508,1697,0,0,13.684096225,8389.807230197,1,4.166666667,,
3707541258,1505,1697,0,0,13.685722971,8391.807177033,1,4.166666667,,
3707543258,1500,1694,0,0,13.708877188,8393.80712387,1,4.166666667,,
3707545258,1504,1702,0,0,13.732031404,8395.807070707,1,4.166666667,,
3707547258,1500,1704,0,0,13.736849593,8397.807017544,1,4.166666667,,
3707549258,1509,1705,0,0,13.741423796,8399.806964381,1,4.166666667,,
3707551258,1504,1703,0,0,13.742069791,8401.806911217,1,4.166666667,,
3707553258,1505,1703,0,0,13.742296129,8403.806858054,1,4.166666667,,
3707555258,1502,1703,0,0,13.746784551,8405.806804891,1,4.166666667,,
3707557258,1504,1707,0,0,13.752207977,8407.806751728,1,4.166666667,,
3707559258,1505,1704,0,0,13.753635953,8409.806698565,1,4.166666667,,
3707561258,1508,1701,0,0,13.753635953,8411.806645401,1,4.166666667,,
3707563258,1510,1706,0,0,13.753635953,8413.806592238,1,4.166666667,,
3707565258,1504,1697,0,0,13.753635953,8415.806539075,1,4.166666667,,
3707567258,1510,1709,0,0,13.750416013,8417.806485912,1,4.166666667,,
3707569258,1505,1706,0,0,13.744766249,8419.806432749,1,4.166666667,,
3707571258,1504,1701,0,0,13.732042423,8421.806379585,1,4.166666667,,
3707573258,1507,1709,0,0,13.711853011,8423.806326422,1,4.166666667,,
3707575258,1510,1704,0,0,13.699802907,8425.806273259,1,4.166666667,,
3707577258,1507,1712,0,0,13.699802907,8427.806220096,1,4.166666667,,
3707579258,1502,1712,0,0,13.699802907,8429.806166932,1,4.166666667,,
3707581258,1500,1707,0,0,13.699802907,8431.806113769,1,4.166666667,,
3707583258,1505,1697,0,0,13.699802907,8433.806060606,1,4.166666667,,
3707585258,1510,1703,0,0,13.699802907,8435.806007443,1,4.166666667,,
3707587258,1502,1701,0,0,13.699908414,8437.80595428,1,4.166666667,,
3707589258,1501,1709,0,0,13.700598087,8439.805901116,1,4.166666667,,
3707591258,1508,1709,0,0,13.701550869,8441.805847953,1,4.166666667,,
3707593258,1500,1707,0,0,13.70602127,8443.80579479,1,4.166666667,,
3707595258,1504,1708,0,0,13.710491671,8445.805741627,1,4.166666667,,
3707597258,1505,1704,0,0,13.710964265,8447.805688464,1,4.166666667,,
3707599258,1501,1705,0,0,13.711380934,8449.8056353,1,4.166666667,,
3707601258,1504,1688,0,0,13.711421428,8451.805582137,1,4.166666667,,
3707603258,1508,1701,0,0,13.711421428,8453.805528974,1,4.166666667,,
3707605258,1505,1701,0,0,13.712205384,8455.805475811,1,4.166666667,,
3707607258,1504,1705,0,0,13.713162098,8457.805422648,1,4.166666667,,
3707609258,1509,1700,0,0,13.712710457,8459.805369484,1,4.166666667,,
3707611258,1509,1702,0,0,13.711753743,8461.805316321,1,4.166666667,,
3707613258,1508,1701,0,0,13.711149489,8463.805263158,1,4.166666667,,
3707615258,1502,1701,0,0,13.710732821,8465.805209995,1,4.166666667,,
3707617258,1504,1707,0,0,13.709398749,8467.805156831,1,4.166666667,,
3707619258,1504,1703,0,0,13.70737051,8469.805103668,1,4.166666667,,
3707621258,1505,1706,0,0,13.706149713,8471.805050505,1,4.166666667,,
3707623258,1503,1701,0,0,13.705783319,8473.804997342,1,4.166666667,,
3707625258,1508,1705,0,0,13.70479922,8475.804944179,1,4.166666667,,
3707627258,1510,1707,0,0,13.702898088,8477.804891015,1,4.166666667,,
3707629258,1509,1704,0,0,13.701327108,8479.804837852,1,4.166666667,,
3707631258,1508,1696,0,0,13.700460631,8481.804784689,1,4.166666667,,
3707633258,1507,1703,0,0,13.698429383,8483.804731526,1,4.166666667,,
3707635258,1512,1705,0,0,13.692621266,8485.804678363,1,4.166666667,,
3707637258,1505,1709,0,0,13.687679516,8487.804625199,1,4.166666667,,
3707639258,1501,1710,0,0,13.687559333,8489.804572036,1,4.166666667,,
3707641258,1502,1713,0,0,13.687349475,8491.804518873,1,4.166666667,,
3707643258,1507,1698,0,0,13.685928277,8493.80446571,1,4.166666667,,
3707645258,1508,1702,0,0,13.68450708,8495.804412547,1,4.166666667,,
3707647258,1504,1705,0,0,13.681519842,8497.804359383,1,4.166666667,,
3707649258,1510,1704,0,0,13.678509626,8499.80430622,1,4.166666667,,
3707651258,1511,1701,0,0,13.674999532,8501.804253057,1,4.166666667,,
3707653258,1505,1705,0,0,13.671435221,8503.804199894,1,4.166666667,,
3707655258,1507,1704,0,0,13.670789231,8505.80414673,1,4.166666667,,
3707657258,1508,1703,0,0,13.670789231,8507.804093567,1,4.166666667,,
3707659258,1504,1699,0,0,13.669534836,8509.804040404,1,4.166666667,,
3707661258,1505,1705,0,0,13.667829042,8511.803987241,1,4.166666667,,
3707663258,1512,1702,0,0,13.659881507,8513.803934078,1,4.166666667,,
3707665258,1506,1709,0,0,13.64860226,8515.803880914,1,4.166666667,,
3707667258,1500,1713,0,0,13.643736345,8517.803827751,1,4.166666667,,
3707669258,1499,1706,0,0,13.643736345,8519.803774588,1,4.166666667,,
3707671258,1505,1707,0,0,13.643131814,8521.803721425,1,4.166666667,,
3707673258,1505,1706,0,0,13.641885891,8523.803668262,1,4.166666667,,
3707675258,1509,1707,0,0,13.641641237,8525.803615098,1,4.166666667,,
3707677258,1501,1705,0,0,13.64288716,8527.803561935,1,4.166666667,,
3707679258,1508,1700,0,0,13.646454819,8529.803508772,1,4.166666667,,
3707681258,1504,1702,0,0,13.654991948,8531.803455609,1,4.166666667,,
3707683258,1504,1705,0,0,13.661522504,8533.803402446,1,4.166666667,,
3707685258,1504,1703,0,0,13.661522504,8535.803349282,1,4.166666667,,
3707687258,1512,1705,0,0,13.661522504,8537.803296119,1,4.166666667,,
3707689258,1507,1703,0,0,13.661522504,8539.803242956,1,4.166666667,,
3707691258,1504,1705,0,0,13.661522504,8541.803189793,1,4.166666667,,
3707693258,1505,1702,0,0,13.661522504,8543.803136629,1,4.166666667,,
3707695258,1508,1707,0,0,13.661522504,8545.803083466,1,4.166666667,,
3707697258,1502,1705,210,1,13.658021683,8547.803030303,1,4.166666667,9,-1.96969697
3707699258,1495,1666,210,1,13.654467096,8549.80297714,1,4.166666667,,
3707701258,1488,1621,210,1,13.655222953,8551.802923977,1,4.166666667,,
3707703258,1480,1600,210,1,13.656449854,8553.802870813,1,4.166666667,,
3707705258,1473,1562,210,1,13.656673031,8555.80281765,1,4.166666667,,
3707707258,1461,1525,210,1,13.656673031,8557.802764487,1,4.166666667,,
3707709258,1461,1504,210,1,13.655771616,8559.802711324,1,4.166666667,,
3707711258,1452,1472,210,1,13.654544716,8561.802658161,1,4.166666667,,
3707713258,1437,1446,210,0,13.65411692,8563.802604997,1,4.166666667,,
3707715258,1444,1427,210,0,13.65411692,8565.802551834,1,4.166666667,,
3707717258,1436,1399,210,0,13.654813715,8567.802498671,1,4.166666667,,
3707719258,1433,1371,210,0,13.656040615,8569.802445508,1,4.166666667,,
3707721258,1424,1359,210,0,13.66121233,8571.802392344,1,4.166666667,,
3707723258,1426,1338,210,0,13.670580549,8573.802339181,1,4.166666667,,
3707725258,1419,1324,210,0,13.676190672,8575.802286018,1,4.166666667,,
3707727258,1411,1304,210,0,13.676190672,8577.802232855,1,4.166666667,,
3707729258,1401,1287,210,0,13.676326071,8579.802179692,1,4.166666667,,
3707731258,1406,1280,210,0,13.676752168,8581.802126528,1,4.166666667,,
3707733258,1396,1257,210,0,13.677111288,8583.802073365,1,4.166666667,,
3707735258,1395,1255,210,0,13.677251614,8585.802020202,1,4.166666667,,
3707737258,1388,1240,210,0,13.677728172,8587.801967039,1,4.166666667,,
3707739258,1394,1228,210,0,13.680095385,8589.801913876,1,4.166666667,,
3707741258,1386,1219,210,0,13.682612325,8591.801860712,1,4.166666667,,
3707743258,1388,1213,210,0,13.687194484,8593.801807549,1,4.166666667,,
3707745258,1385,1205,210,0,13.691776644,8595.801754386,1,4.166666667,,
3707747258,1387,1200,210,0,13.695180289,8597.801701223,1,4.166666667,,
3707749258,1371,1195,210,0,13.698565028,8599.80164806,1,4.166666667,,
3707751258,1371,1187,210,0,13.70251421,8601.801594896,1,4.166666667,,
3707753258,1371,1179,210,0,13.706525536,8603.801541733,1,4.166666667,,
3707755258,1370,1177,210,0,13.7266893,8605.80148857,1,4.166666667,,
3707757258,1371,1169,210,0,13.750460587,8607.801435407,1,4.166666667,,
3707759258,1368,1165,210,0,13.766669038,8609.801382243,1,4.166666667,,
3707761258,1371,1161,210,0,13.780137351,8611.80132908,1,4.166666667,,
3707763258,1363,1155,210,0,13.78890559,8613.801275917,1,4.166666667,,
3707765258,1371,1153,210,0,13.795150302,8615.801222754,1,4.166666667,,
3707767258,1367,1151,210,0,13.80455329,8617.801169591,1,4.166666667,,
3707769258,1370,1154,210,0,13.816365535,8619.801116427,1,4.166666667,,
3707771258,1371,1152,210,0,13.833377587,8621.801063264,1,4.166666667,,
3707773258,1367,1139,210,0,13.855935948,8623.801010101,1,4.166666667,,
3707775258,1368,1138,210,0,13.883507062,8625.800956938,1,4.166666667,,
3707777258,1367,1141,210,0,13.918582003,8627.800903775,1,4.166666667,,
3707779258,1366,1131,210,0,13.952320016,8629.800850611,1,4.166666667,,
3707781258,1369,1136,210,0,13.983178858,8631.800797448,1,4.166666667,,
3707783258,1364,1131,210,0,14.016010104,8633.800744285,1,4.166666667,,
3707785258,1367,1129,210,0,14.055308423,8635.800691122,1,4.166666667,,
3707787258,1360,1127,210,0,14.095390461,8637.800637959,1,4.166666667,,
3707789258,1367,1126,210,0,14.139902352,8639.800584795,1,4.166666667,,
3707791258,1359,1114,210,0,14.186529562,8641.800531632,1,4.166666667,,
3707793258,1367,1116,210,0,14.262644374,8643.800478469,1,4.166666667,,
3707795258,1359,1121,210,0,14.338759187,8645.800425306,1,4.166666667,,
3707797258,1355,1115,210,0,14.44712804,8647.800372142,1,4.166666667,,
3707799258,1347,1121,210,0,14.556036494,8649.800318979,1,4.166666667,,
3707801258,1351,1113,210,0,14.64658935,8651.800265816,1,4.166666667,,
3707803258,1356,1115,210,0,14.735106247,8653.800212653,1,4.166666667,,
3707805258,1351,1113,210,0,14.850362379,8655.80015949,1,4.166666667,,
3707807258,1346,1108,210,0,14.971617128,8657.800106326,1,4.166666667,,
3707809258,1347,1103,210,0,15.136708253,8659.800053163,1,4.166666667,,
3707811258,1340,1107,210,0,15.317736122,8661.8,1,4.166666667,,
3707813258,1338,1103,210,0,15.511489012,8663.799946837,1,4.166666667,,
3707815258,1334,1102,210,0,15.712094115,8665.799893674,1,4.166666667,,
3707817258,1331,1102,210,0,15.945933608,8667.79984051,1,4.166666667,,
3707819258,1324,1101,210,0,16.205194329,8669.799787347,1,4.166666667,,
3707821258,1317,1092,210,0,16.504377066,8671.799734184,1,4.166666667,,
3707823258,1308,1085,210,0,16.846255585,8673.799681021,1,4.166666667,,
3707825258,1303,1094,210,0,17.242452397,8675.799627858,1,4.166666667,,
3707827258,1293,1087,210,0,17.720186238,8677.799574694,1,4.166666667,,
3707829258,1283,1084,210,0,18.248939153,8679.799521531,1,4.166666667,,
3707831258,1270,1084,210,0,18.887903382,8681.799468368,1,4.166666667,,
3707833258,1256,1084,210,0,19.817654385,8683.799415205,1,4.166666667,,
3707835258,1243,1088,210,0,21.704378121,8685.799362041,1,4.166666667,,
3707837258,1231,1139,210,0,23.315290123,8687.799308878,1,4.166666667,,
3707839258,1191,1308,210,0,23.359072182,8689.799255715,1,4.166666667,,
3707841258,1183,1348,210,0,23.400702337,8691.799202552,1,4.166666667,,
3707843258,1179,1358,210,0,23.412012489,8693.799149389,1,4.166666667,,
3707845258,1177,1358,210,0,23.423322642,8695.799096225,1,4.166666667,,
3707847258,1179,1360,0,0,23.42351626,8697.799043062,1,4.166666667,,
3707849258,1214,1397,0,0,23.42351626,8699.798989899,1,4.166666667,,
3707851258,1230,1419,0,0,23.42351626,8701.798936736,1,4.166666667,,
3707853258,1247,1444,0,0,23.42351626,8703.798883573,1,4.166666667,,
3707855258,1268,1470,0,0,23.42351626,8705.798830409,1,4.166666667,,
3707857258,1285,1486,0,0,23.42351626,8707.798777246,1,4.166666667,,
3707859258,1303,1497,0,0,23.419914806,8709.798724083,1,4.166666667,,
3707861258,1319,1515,0,0,23.414999588,8711.79867092,1,4.166666667,,
3707863258,1332,1536,0,0,23.413275949,8713.798617757,1,4.166666667,,
3707865258,1344,1551,0,0,23.413275949,8715.798564593,1,4.166666667,,
3707867258,1351,1558,0,0,23.413275949,8717.79851143,1,4.166666667,,
3707869258,1358,1573,0,0,23.413275949,8719.798458267,1,4.166666667,,
3707871258,1371,1587,0,0,23.413275949,8721.798405104,1,4.166666667,,
3707873258,1371,1601,0,0,23.413275949,8723.79835194,1,4.166666667,,
3707875258,1393,1599,0,0,23.421074112,8725.798298777,1,4.166666667,,
3707877258,1396,1604,0,0,23.440610544,8727.798245614,1,4.166666667,,
3707879258,1416,1614,0,0,23.45583126,8729.798192451,1,4.166666667,,
3707881258,1423,1631,0,0,23.461700466,8731.798139288,1,4.166666667,,
3707883258,1432,1633,0,0,23.466205771,8733.798086124,1,4.166666667,,
3707885258,1436,1641,0,0,23.466205771,8735.798032961,1,4.166666667,,
3707887258,1441,1641,0,0,23.466205771,8737.797979798,1,4.166666667,,
3707889258,1440,1653,0,0,23.466205771,8739.797926635,1,4.166666667,,
3707891258,1452,1661,0,0,23.466205771,8741.797873472,1,4.166666667,,
3707893258,1445,1669,0,0,23.466205771,8743.797820308,1,4.166666667,,
3707895258,1459,1666,0,0,23.466205771,8745.797767145,1,4.166666667,,
3707897258,1461,1664,0,0,23.458862282,8747.797713982,1,4.166666667,,
3707899258,1463,1677,0,0,23.451385835,8749.797660819,1,4.166666667,,
3707901258,1462,1678,0,0,23.448645648,8751.797607656,1,4.166666667,,
3707903258,1474,1679,0,0,23.446438576,8753.797554492,1,4.166666667,,
3707905258,1469,1685,0,0,23.444920401,8755.797501329,1,4.166666667,,
3707907258,1481,1683,0,0,23.443558147,8757.797448166,1,4.166666667,,
3707909258,1483,1687,0,0,23.424832967,8759.797395003,1,4.166666667,,
3707911258,1474,1690,0,0,23.399752499,8761.797341839,1,4.166666667,,
3707913258,1481,1690,0,0,23.386519949,8763.797288676,1,4.166666667,,
3707915258,1484,1690,0,0,23.379704657,8765.797235513,1,4.166666667,,
3707917258,1487,1697,0,0,23.365607481,8767.79718235,1,4.166666667,,
3707919258,1493,1699,0,0,23.345910121,8769.797129187,1,4.166666667,,
3707921258,1488,1692,0,0,23.335177505,8771.797076023,1,4.166666667,,
3707923258,1492,1692,0,0,23.334083668,8773.79702286,1,4.166666667,,
3707925258,1490,1693,0,0,22.921236783,8775.796969697,1,4.166666667,,
3707927258,1492,1693,0,0,21.886873791,8777.796916534,1,4.166666667,,
3707929258,1494,1700,0,0,21.053259132,8779.796863371,1,4.166666667,,
3707931258,1491,1699,0,0,20.655976584,8781.796810207,1,4.166666667,,
3707933258,1497,1694,0,0,20.245576625,8783.796757044,1,4.166666667,,
3707935258,1496,1701,0,0,19.791684705,8785.796703881,1,4.166666667,,
3707937258,1501,1699,0,0,19.328106339,8787.796650718,1,4.166666667,,
3707939258,1499,1697,0,0,18.808910764,8789.796597554,1,4.166666667,,
3707941258,1496,1700,0,0,18.285256899,8791.796544391,1,4.166666667,,
3707943258,1500,1694,0,0,17.697409496,8793.796491228,1,4.166666667,,
3707945258,1503,1707,0,0,17.109562092,8795.796438065,1,4.166666667,,
3707947258,1505,1703,0,0,16.475515361,8797.796384902,1,4.166666667,,
3707949258,1502,1703,0,0,15.840600321,8799.796331738,1,4.166666667,,
3707951258,1500,1709,0,0,15.456704083,8801.796278575,1,4.166666667,,
3707953258,1500,1704,0,0,15.101269222,8803.796225412,1,4.166666667,,
3707955258,1505,1704,0,0,15.035433604,8805.796172249,1,4.166666667,,
3707957258,1508,1704,0,0,15.035433604,8807.796119086,1,4.166666667,,
3707959258,1504,1702,0,0,15.035433604,8809.796065922,1,4.166666667,,
3707961258,1507,1717,0,0,15.035433604,8811.796012759,1,4.166666667,,
3707963258,1507,1703,0,0,15.035433604,8813.795959596,1,4.166666667,,
3707965258,1505,1705,0,0,15.035433604,8815.795906433,1,4.166666667,,
3707967258,1504,1704,0,0,15.149945874,8817.79585327,1,4.166666667,,
3707969258,1505,1704,0,0,15.352763063,8819.795800106,1,4.166666667,,
3707971258,1500,1705,0,0,15.528051292,8821.795746943,1,4.166666667,,
3707973258,1503,1699,0,0,15.673661833,8823.79569378,1,4.166666667,,
3707975258,1504,1704,0,0,15.761344004,8825.795640617,1,4.166666667,,
3707977258,1496,1705,0,0,15.761344004,8827.795587453,1,4.166666667,,
3707979258,1505,1702,0,0,15.761344004,8829.79553429,1,4.166666667,,
3707981258,1503,1705,0,0,15.761344004,8831.795481127,1,4.166666667,,
3707983258,1508,1697,0,0,15.761344004,8833.795427964,1,4.166666667,,
3707985258,1504,1705,0,0,15.761344004,8835.795374801,1,4.166666667,,
3707987258,1504,1706,0,0,15.735335436,8837.795321637,1,4.166666667,,
3707989258,1500,1705,0,0,15.559202883,8839.795268474,1,4.166666667,,
3707991258,1500,1703,0,0,15.377334971,8841.795215311,1,4.166666667,,
3707993258,1500,1704,0,0,15.111972269,8843.795162148,1,4.166666667,,
3707995258,1502,1709,0,0,14.846609568,8845.795108985,1,4.166666667,,
3707997258,1500,1709,0,0,14.841537775,8847.795055821,1,4.166666667,,
3707999258,1502,1703,0,0,14.841537775,8849.795002658,1,4.166666667,,
3708001258,1507,1710,0,0,14.841537775,8851.794949495,1,4.166666667,,
3708003258,1503,1710,0,0,14.841537775,8853.794896332,1,4.166666667,,
3708005258,1503,1701,0,0,14.841537775,8855.794843169,1,4.166666667,,
3708007258,1502,1704,0,0,14.841537775,8857.794790005,1,4.166666667,,
3708009258,1504,1701,0,0,14.934379216,8859.794736842,1,4.166666667,,
3708011258,1492,1705,0,0,15.061433754,8861.794683679,1,4.166666667,,
3708013258,1504,1705,0,0,15.114359262,8863.794630516,1,4.166666667,,
3708015258,1508,1699,0,0,15.126899181,8865.794577352,1,4.166666667,,
3708017258,1510,1698,0,0,15.132367292,8867.794524189,1,4.166666667,,
3708019258,1500,1703,0,0,15.132367292,8869.794471026,1,4.166666667,,
3708021258,1504,1696,0,0,15.132367292,8871.794417863,1,4.166666667,,
3708023258,1505,1702,0,0,15.132367292,8873.7943647,1,4.166666667,,
3708025258,1505,1701,0,0,15.132367292,8875.794311536,1,4.166666667,,
3708027258,1502,1707,0,0,15.132367292,8877.794258373,1,4.166666667,,
3708029258,1503,1693,0,0,15.063232681,8879.79420521,1,4.166666667,,
3708031258,1501,1695,0,0,14.842902713,8881.794152047,1,4.166666667,,
3708033258,1507,1712,0,0,14.619777525,8883.794098884,1,4.166666667,,
3708035258,1498,1704,0,0,14.387314936,8885.79404572,1,4.166666667,,
3708037258,1507,1713,0,0,14.188299368,8887.793992557,1,4.166666667,,
3708039258,1502,1708,0,0,14.18336725,8889.793939394,1,4.166666667,,
3708041258,1504,1697,0,0,14.177852473,8891.793886231,1,4.166666667,,
3708043258,1509,1701,0,0,14.163760706,8893.793833068,1,4.166666667,,
3708045258,1507,1707,0,0,14.14966894,8895.793779904,1,4.166666667,,
3708047258,1512,1701,0,0,14.114481853,8897.793726741,1,4.166666667,,
3708049258,1508,1705,0,0,14.078869141,8899.793673578,1,4.166666667,,
3708051258,1510,1705,0,0,14.057781448,8901.793620415,1,4.166666667,,
3708053258,1505,1696,0,0,14.038364618,8903.793567251,1,4.166666667,,
3708055258,1502,1707,0,0,13.98426512,8905.793514088,1,4.166666667,,
3708057258,1510,1704,0,0,13.922211538,8907.793460925,1,4.166666667,,
3708059258,1508,1707,0,0,13.905460584,8909.793407762,1,4.166666667,,
3708061258,1512,1703,0,0,13.905460584,8911.793354599,1,4.166666667,,
3708063258,1507,1708,0,0,13.905460584,8913.793301435,1,4.166666667,,
3708065258,1508,1709,0,0,13.905460584,8915.793248272,1,4.166666667,,
3708067258,1512,1713,0,0,13.905460584,8917.793195109,1,4.166666667,,
3708069258,1512,1699,0,0,13.905460584,8919.793141946,1,4.166666667,,
3708071258,1513,1709,0,0,13.952518279,8921.793088783,1,4.166666667,,
3708073258,1509,1704,0,0,14.05057752,8923.793035619,1,4.166666667,,
3708075258,1507,1696,0,0,14.111519198,8925.792982456,1,4.166666667,,
3708077258,1504,1705,0,0,14.115965838,8927.792929293,1,4.166666667,,
3708079258,1512,1700,0,0,14.11917281,8929.79287613,1,4.166666667,,
3708081258,1512,1703,0,0,14.119660282,8931.792822967,1,4.166666667,,
3708083258,1510,1707,0,0,14.127642783,8933.792769803,1,4.166666667,,
3708085258,1509,1705,0,0,14.16075644,8935.79271664,1,4.166666667,,
3708087258,1512,1706,0,0,14.190187149,8937.792663477,1,4.166666667,,
3708089258,1511,1703,0,0,14.198132984,8939.792610314,1,4.166666667,,
3708091258,1511,1698,0,0,14.207650044,8941.79255715,1,4.166666667,,
3708093258,1504,1706,0,0,14.24055701,8943.792503987,1,4.166666667,,
3708095258,1512,1709,0,0,14.273463975,8945.792450824,1,4.166666667,,
3708097258,1509,1703,0,0,14.280578826,8947.792397661,1,4.166666667,,
3708099258,1511,1710,0,0,14.287155436,8949.792344498,1,4.166666667,,
3708101258,1508,1697,0,0,14.293143773,8951.792291334,1,4.166666667,,
3708103258,1512,1707,0,0,14.299063951,8953.792238171,1,4.166666667,,
3708105258,1511,1709,0,0,14.303066509,8955.792185008,1,4.166666667,,
3708107258,1512,1704,0,0,14.306627354,8957.792131845,1,4.166666667,,
3708109258,1508,1697,0,0,14.315479026,8959.792078682,1,4.166666667,,
3708111258,1510,1700,0,0,14.326293621,8961.792025518,1,4.166666667,,
3708113258,1512,1710,0,0,14.330121951,8963.791972355,1,4.166666667,,
3708115258,1505,1703,0,0,14.330121951,8965.791919192,1,4.166666667,,
3708117258,1504,1702,0,0,14.330121951,8967.791866029,1,4.166666667,,
3708119258,1508,1706,0,0,14.330121951,8969.791812865,1,4.166666667,,
3708121258,1500,1709,0,0,14.330121951,8971.791759702,1,4.166666667,,
3708123258,1505,1706,0,0,14.330121951,8973.791706539,1,4.166666667,,
3708125258,1512,1697,0,0,14.327011104,8975.791653376,1,4.166666667,,
3708127258,1507,1700,0,0,14.319152197,8977.791600213,1,4.166666667,,
3708129258,1505,1707,0,0,14.304565096,8979.791547049,1,4.166666667,,
3708131258,1504,1706,0,0,14.275172418,8981.791493886,1,4.166666667,,
3708133258,1504,1701,0,0,14.246030332,8983.791440723,1,4.166666667,,
3708135258,1503,1704,0,0,14.217731653,8985.79138756,1,4.166666667,,
3708137258,1508,1705,0,0,14.193226424,8987.791334397,1,4.166666667,,
3708139258,1500,1706,0,0,14.190968945,8989.791281233,1,4.166666667,,
3708141258,1504,1713,0,0,14.186470905,8991.79122807,1,4.166666667,,
3708143258,1504,1709,0,0,14.148239158,8993.791174907,1,4.166666667,,
3708145258,1502,1701,0,0,14.110007412,8995.791121744,1,4.166666667,,
3708147258,1511,1695,0,0,14.107148736,8997.791068581,1,4.166666667,,
3708149258,1503,1709,0,0,14.105052755,8999.791015417,1,4.166666667,,
3708151258,1504,1704,0,0,14.060074673,9001.790962254,1,4.166666667,,
3708153258,1504,1705,0,0,14.010092745,9003.790909091,1,4.166666667,,
3708155258,1496,1703,0,0,13.980327781,9005.790855928,1,4.166666667,,
3708157258,1504,1701,0,0,13.955240027,9007.790802764,1,4.166666667,,
3708159258,1505,1702,0,0,13.922942621,9009.790749601,1,4.166666667,,
3708161258,1502,1712,0,0,13.887961385,9011.790696438,1,4.166666667,,
3708163258,1501,1703,0,0,13.869746908,9013.790643275,1,4.166666667,,
3708165258,1499,1702,0,0,13.860747,9015.790590112,1,4.166666667,,
3708167258,1506,1705,0,0,13.856804591,9017.790536948,1,4.166666667,,
3708169258,1505,1703,0,0,13.856804591,9019.790483785,1,4.166666667,,
3708171258,1508,1704,0,0,13.856804591,9021.790430622,1,4.166666667,,
3708173258,1503,1709,0,0,13.856804591,9023.790377459,1,4.166666667,,
3708175258,1504,1700,0,0,13.856804591,9025.790324296,1,4.166666667,,
3708177258,1505,1706,0,0,13.856804591,9027.790271132,1,4.166666667,,
3708179258,1505,1702,0,0,13.865572069,9029.790217969,1,4.166666667,,
3708181258,1499,1703,0,0,13.893692435,9031.790164806,1,4.166666667,,
3708183258,1504,1707,0,0,13.918459551,9033.790111643,1,4.166666667,,
3708185258,1507,1703,0,0,13.931898127,9035.79005848,1,4.166666667,,
3708187258,1500,1705,0,0,13.952060867,9037.790005316,1,4.166666667,,
3708189258,1503,1701,0,0,14.011870903,9039.789952153,1,4.166666667,,
3708191258,1505,1712,0,0,14.069230674,9041.78989899,1,4.166666667,,
3708193258,1501,1700,0,0,14.089275192,9043.789845827,1,4.166666667,,
3708195258,1500,1703,0,0,14.10931971,9045.789792663,1,4.166666667,,
3708197258,1497,1705,0,0,14.109756098,9047.7897395,1,4.166666667,,
3708199258,1500,1707,0,0,14.109756098,9049.789686337,1,4.166666667,,
3708201258,1497,1705,0,0,14.109756098,9051.789633174,1,4.166666667,,
3708203258,1500,1702,0,0,14.109756098,9053.789580011,1,4.166666667,,
3708205258,1497,1702,0,0,14.109756098,9055.789526847,1,4.166666667,,
3708207258,1499,1701,0,0,14.109756098,9057.789473684,1,4.166666667,,
3708209258,1508,1702,0,0,14.109756098,9059.789420521,1,4.166666667,,
3708211258,1504,1704,0,0,14.109756098,9061.789367358,1,4.166666667,,
3708213258,1501,1704,0,0,14.109756098,9063.789314195,1,4.166666667,,
3708215258,1508,1692,0,0,14.109756098,9065.789261031,1,4.166666667,,
3708217258,1503,1710,0,0,14.092434283,9067.789207868,1,4.166666667,,
3708219258,1504,1703,0,0,14.061573315,9069.789154705,1,4.166666667,,
3708221258,1501,1705,0,0,14.042247299,9071.789101542,1,4.166666667,,
3708223258,1501,1710,0,0,14.035523241,9073.789048379,1,4.166666667,,
3708225258,1508,1705,0,0,14.015336086,9075.788995215,1,4.166666667,,
3708227258,1503,1710,0,0,13.974485737,9077.788942052,1,4.166666667,,
3708229258,1501,1702,0,0,13.935235294,9079.788888889,1,4.166666667,,
3708231258,1502,1713,0,0,13.899527361,9081.788835726,1,4.166666667,,
3708233258,1504,1697,0,0,13.864146697,9083.788782562,1,4.166666667,,
3708235258,1504,1700,0,0,13.829875853,9085.788729399,1,4.166666667,,
3708237258,1505,1709,0,0,13.799291863,9087.788676236,1,4.166666667,,
3708239258,1500,1704,0,0,13.790563516,9089.788623073,1,4.166666667,,
3708241258,1502,1697,0,0,13.78236719,9091.78856991,1,4.166666667,,
3708243258,1504,1697,0,0,13.78236719,9093.788516746,1,4.166666667,,
3708245258,1504,1705,0,0,13.78236719,9095.788463583,1,4.166666667,,
3708247258,1503,1710,0,0,13.78236719,9097.78841042,1,4.166666667,,
3708249258,1500,1710,0,0,13.78236719,9099.788357257,1,4.166666667,,
3708251258,1499,1703,0,0,13.78236719,9101.788304094,1,4.166666667,,
3708253258,1502,1706,0,0,13.78236719,9103.78825093,1,4.166666667,,
3708255258,1507,1703,0,0,13.822766801,9105.788197767,1,4.166666667,,
3708257258,1499,1705,0,0,13.872594446,9107.788144604,1,4.166666667,,
3708259258,1498,1707,0,0,13.896218537,9109.788091441,1,4.166666667,,
3708261258,1508,1707,0,0,13.91002252,9111.788038278,1,4.166666667,,
3708263258,1510,1701,0,0,13.921391523,9113.787985114,1,4.166666667,,
3708265258,1512,1699,0,0,13.931414537,9115.787931951,1,4.166666667,,
3708267258,1504,1706,0,0,13.936407665,9117.787878788,1,4.166666667,,
3708269258,1504,1706,0,0,13.937458689,9119.787825625,1,4.166666667,,
3708271258,1504,1702,0,0,13.93800813,9121.787772461,1,4.166666667,,
3708273258,1507,1706,0,0,13.93800813,9123.787719298,1,4.166666667,,
3708275258,1502,1705,0,0,13.93800813,9125.787666135,1,4.166666667,,
3708277258,1506,1704,0,0,13.93800813,9127.787612972,1,4.166666667,,
3708279258,1508,1704,0,0,13.93800813,9129.787559809,1,4.166666667,,
3708281258,1504,1706,0,0,13.93800813,9131.787506645,1,4.166666667,,
3708283258,1508,1705,0,0,13.933557551,9133.787453482,1,4.166666667,,
3708285258,1511,1705,0,0,13.913957185,9135.787400319,1,4.166666667,,
3708287258,1505,1704,0,0,13.895846748,9137.787347156,1,4.166666667,,
3708289258,1504,1704,0,0,13.886616344,9139.787293993,1,4.166666667,,
3708291258,1500,1701,0,0,13.877769055,9141.787240829,1,4.166666667,,
3708293258,1505,1701,0,0,13.874893352,9143.787187666,1,4.166666667,,
3708295258,1507,1709,0,0,13.872017648,9145.787134503,1,4.166666667,,
3708297258,1508,1696,0,0,13.834886179,9147.78708134,1,4.166666667,,
3708299258,1497,1703,0,0,13.796944688,9149.787028177,1,4.166666667,,
3708301258,1500,1709,0,0,13.792904347,9151.786975013,1,4.166666667,,
3708303258,1508,1699,0,0,13.792904347,9153.78692185,1,4.166666667,,
3708305258,1508,1701,0,0,13.792904347,9155.786868687,1,4.166666667,,
3708307258,1504,1700,0,0,13.792904347,9157.786815524,1,4.166666667,,
3708309258,1501,1705,0,0,13.792904347,9159.78676236,1,4.166666667,,
3708311258,1508,1700,0,0,13.792904347,9161.786709197,1,4.166666667,,
3708313258,1504,1701,0,0,13.798654663,9163.786656034,1,4.166666667,,
3708315258,1502,1705,0,0,13.807592814,9165.786602871,1,4.166666667,,
3708317258,1503,1710,0,0,13.812583259,9167.786549708,1,4.166666667,,
3708319258,1499,1700,0,0,13.814471386,9169.786496544,1,4.166666667,,
3708321258,1505,1706,0,0,13.821761019,9171.786443381,1,4.166666667,,
3708323258,1502,1705,0,0,13.834983331,9173.786390218,1,4.166666667,,
3708325258,1511,1705,0,0,13.846371167,9175.786337055,1,4.166666667,,
3708327258,1505,1708,0,0,13.854927726,9177.786283892,1,4.166666667,,
3708329258,1510,1708,0,0,13.862486693,9179.786230728,1,4.166666667,,
3708331258,1500,1712,0,0,13.867823034,9181.786177565,1,4.166666667,,
3708333258,1504,1702,0,0,13.87195122,9183.786124402,1,4.166666667,,
3708335258,1505,1705,0,0,13.87195122,9185.786071239,1,4.166666667,,
3708337258,1504,1708,0,0,13.87195122,9187.786018075,1,4.166666667,,
3708339258,1500,1693,0,0,13.87195122,9189.785964912,1,4.166666667,,
3708341258,1507,1705,0,0,13.87195122,9191.785911749,1,4.166666667,,
3708343258,1504,1705,0,0,13.87195122,9193.785858586,1,4.166666667,,
3708345258,1504,1705,0,0,13.87195122,9195.785805423,1,4.166666667,,
3708347258,1504,1704,0,0,13.87195122,9197.785752259,1,4.166666667,,
3708349258,1504,1706,0,0,13.87195122,9199.785699096,1,4.166666667,,
3708351258,1500,1701,0,0,13.850333422,9201.785645933,1,4.166666667,,
3708353258,1510,1704,0,0,13.826121205,9203.78559277,1,4.166666667,,
3708355258,1507,1704,0,0,13.812158067,9205.785539607,1,4.166666667,,
3708357258,1500,1697,0,0,13.800607506,9207.785486443,1,4.166666667,,
3708359258,1501,1707,0,0,13.770672843,9209.78543328,1,4.166666667,,
3708361258,1512,1713,0,0,13.733802244,9211.785380117,1,4.166666667,,
3708363258,1501,1705,0,0,13.720627662,9213.785326954,1,4.166666667,,
3708365258,1508,1697,0,0,13.720627662,9215.785273791,1,4.166666667,,
3708367258,1504,1709,0,0,13.720627662,9217.785220627,1,4.166666667,,
3708369258,1498,1704,0,0,13.720627662,9219.785167464,1,4.166666667,,
3708371258,1505,1713,0,0,13.720627662,9221.785114301,1,4.166666667,,
3708373258,1503,1709,0,0,13.720627662,9223.785061138,1,4.166666667,,
3708375258,1500,1693,0,0,13.734203012,9225.785007974,1,4.166666667,,
3708377258,1503,1702,0,0,13.768788619,9227.784954811,1,4.166666667,,
3708379258,1512,1703,0,0,13.792682927,9229.784901648,1,4.166666667,,
3708381258,1504,1705,0,0,13.792682927,9231.784848485,1,4.166666667,,
3708383258,1508,1701,0,0,13.792682927,9233.784795322,1,4.166666667,,
3708385258,1504,1705,0,0,13.792682927,9235.784742158,1,4.166666667,,
3708387258,1504,1703,0,0,13.792682927,9237.784688995,1,4.166666667,,
3708389258,1508,1703,0,0,13.792682927,9239.784635832,1,4.166666667,,
3708391258,1505,1709,0,0,13.792421211,9241.784582669,1,4.166666667,,
3708393258,1505,1709,0,0,13.787982304,9243.784529506,1,4.166666667,,
3708395258,1504,1697,0,0,13.783543398,9245.784476342,1,4.166666667,,
3708397258,1512,1701,0,0,13.780939074,9247.784423179,1,4.166666667,,
3708399258,1504,1703,0,0,13.77838069,9249.784370016,1,4.166666667,,
3708401258,1507,1700,0,0,13.760020071,9251.784316853,1,4.166666667,,
3708403258,1507,1705,0,0,13.739749794,9253.78426369,1,4.166666667,,
3708405258,1499,1702,0,0,13.735873984,9255.784210526,1,4.166666667,,
3708407258,1501,1706,0,0,13.735873984,9257.784157363,1,4.166666667,,
3708409258,1507,1699,0,0,13.735873984,9259.7841042,1,4.166666667,,
3708411258,1502,1704,0,0,13.735873984,9261.784051037,1,4.166666667,,
3708413258,1510,1705,0,0,13.735225445,9263.783997873,1,4.166666667,,
3708415258,1508,1704,0,0,13.734215284,9265.78394471,1,4.166666667,,
3708417258,1508,1700,0,0,13.733769427,9267.783891547,1,4.166666667,,
3708419258,1502,1707,0,0,13.733769427,9269.783838384,1,4.166666667,,
3708421258,1505,1704,0,0,13.733769427,9271.783785221,1,4.166666667,,
3708423258,1504,1704,0,0,13.733769427,9273.783732057,1,4.166666667,,
3708425258,1508,1702,0,0,13.733769427,9275.783678894,1,4.166666667,,
3708427258,1512,1707,0,0,13.733769427,9277.783625731,1,4.166666667,,
3708429258,1510,1701,0,0,13.732066377,9279.783572568,1,4.166666667,,
3708431258,1500,1701,0,0,13.726545259,9281.783519405,1,4.166666667,,
3708433258,1507,1704,0,0,13.721079922,9283.783466241,1,4.166666667,,
3708435258,1504,1705,0,0,13.715806635,9285.783413078,1,4.166666667,,
3708437258,1505,1707,0,0,13.711205573,9287.783359915,1,4.166666667,,
3708439258,1510,1713,0,0,13.710676828,9289.783306752,1,4.166666667,,
3708441258,1504,1701,0,0,13.710178905,9291.783253589,1,4.166666667,,
3708443258,1510,1703,0,0,13.710178905,9293.783200425,1,4.166666667,,
3708445258,1505,1701,0,0,13.710178905,9295.783147262,1,4.166666667,,
3708447258,1505,1701,0,0,13.710694383,9297.783094099,1,4.166666667,,
3708449258,1511,1699,0,0,13.711223128,9299.783040936,1,4.166666667,,
3708451258,1508,1710,0,0,13.711280488,9301.782987772,1,4.166666667,,
3708453258,1507,1696,0,0,13.711280488,9303.782934609,1,4.166666667,,
3708455258,1512,1709,0,0,13.711376458,9305.782881446,1,4.166666667,,
3708457258,1504,1702,0,0,13.711495214,9307.782828283,1,4.166666667,,
3708459258,1504,1697,0,0,13.712552879,9309.78277512,1,4.166666667,,
3708461258,1504,1703,0,0,13.713967146,9311.782721956,1,4.166666667,,
3708463258,1504,1704,0,0,13.715037797,9313.782668793,1,4.166666667,,
3708465258,1501,1707,0,0,13.715916295,9315.78261563,1,4.166666667,,
3708467258,1506,1707,0,0,13.71761285,9317.782562467,1,4.166666667,,
3708469258,1500,1705,0,0,13.719957498,9319.782509304,1,4.166666667,,
3708471258,1508,1709,0,0,13.721189437,9321.78245614,1,4.166666667,,
3708473258,1502,1699,0,0,13.721189437,9323.782402977,1,4.166666667,,
3708475258,1496,1705,0,0,13.720710954,9325.782349814,1,4.166666667,,
3708477258,1500,1709,0,0,13.719487792,9327.782296651,1,4.166666667,,
3708479258,1504,1705,0,0,13.718641115,9329.782243488,1,4.166666667,,
3708481258,1503,1713,0,0,13.718641115,9331.782190324,1,4.166666667,,
3708483258,1499,1710,0,0,13.718389445,9333.782137161,1,4.166666667,,
3708485258,1512,1702,0,0,13.717267959,9335.782083998,1,4.166666667,,
3708487258,1501,1706,0,0,13.715560923,9337.782030835,1,4.166666667,,
3708489258,1512,1703,0,0,13.710287165,9339.781977671,1,4.166666667,,
3708491258,1506,1706,0,0,13.705209604,9341.781924508,1,4.166666667,,
3708493258,1502,1706,0,0,13.70334026,9343.781871345,1,4.166666667,,
3708495258,1505,1703,0,0,13.701470915,9345.781818182,1,4.166666667,,
3708497258,1504,1694,0,0,13.690766036,9347.781765019,1,4.166666667,,
3708499258,1504,1705,0,0,13.679827551,9349.781711855,1,4.166666667,,
3708501258,1500,1705,0,0,13.678633649,9351.781658692,1,4.166666667,,
3708503258,1500,1710,0,0,13.678633649,9353.781605529,1,4.166666667,,
3708505258,1510,1702,0,0,13.678633649,9355.781552366,1,4.166666667,,
3708507258,1500,1706,0,0,13.678633649,9357.781499203,1,4.166666667,,
3708509258,1504,1704,0,0,13.678633649,9359.781446039,1,4.166666667,,
3708511258,1504,1706,0,0,13.678633649,9361.781392876,1,4.166666667,,
3708513258,1502,1700,0,0,13.678633649,9363.781339713,1,4.166666667,,
3708515258,1508,1709,0,0,13.678633649,9365.78128655,1,4.166666667,,
3708517258,1507,1705,0,0,13.678651555,9367.781233386,1,4.166666667,,
3708519258,1500,1701,0,0,13.678683685,9369.781180223,1,4.166666667,,
3708521258,1502,1701,0,0,13.679408897,9371.78112706,1,4.166666667,,
3708523258,1505,1703,0,0,13.680903504,9373.781073897,1,4.166666667,,
3708525258,1505,1699,0,0,13.681990601,9375.781020734,1,4.166666667,,
3708527258,1500,1704,0,0,13.682441703,9377.78096757,1,4.166666667,,
3708529258,1508,1704,0,0,13.683080249,9379.780914407,1,4.166666667,,
3708531258,1500,1707,0,0,13.684141658,9381.780861244,1,4.166666667,,
3708533258,1501,1699,0,0,13.685147725,9383.780808081,1,4.166666667,,
3708535258,1507,1702,0,0,13.685961783,9385.780754918,1,4.166666667,,
3708537258,1505,1705,0,0,13.686951917,9387.780701754,1,4.166666667,,
3708539258,1505,1705,0,0,13.689020478,9389.780648591,1,4.166666667,,
3708541258,1499,1705,0,0,13.691530685,9391.780595428,1,4.166666667,,
3708543258,1504,1704,0,0,13.701352052,9393.780542265,1,4.166666667,,
3708545258,1500,1705,0,0,13.711173419,9395.780489102,1,4.166666667,,
3708547258,1501,1703,0,0,13.712068079,9397.780435938,1,4.166666667,,
3708549258,1499,1703,0,0,13.712720468,9399.780382775,1,4.166666667,,
3708551258,1502,1710,0,0,13.713058101,9401.780329612,1,4.166666667,,
3708553258,1505,1705,0,0,13.713356905,9403.780276449,1,4.166666667,,
3708555258,1505,1708,0,0,13.713414634,9405.780223285,1,4.166666667,,
3708557258,1498,1703,0,0,13.713414634,9407.780170122,1,4.166666667,,
3708559258,1508,1699,0,0,13.713414634,9409.780116959,1,4.166666667,,
3708561258,1504,1709,0,0,13.713414634,9411.780063796,1,4.166666667,,
3708563258,1512,1705,0,0,13.713223393,9413.780010633,1,4.166666667,,
3708565258,1505,1705,0,0,13.712924588,9415.779957469,1,4.166666667,,
3708567258,1500,1710,0,0,13.711420075,9417.779904306,1,4.166666667,,
3708569258,1500,1705,0,0,13.708955199,9419.779851143,1,4.166666667,,
3708571258,1504,1705,0,0,13.70648872,9421.77979798,1,4.166666667,,
3708573258,1504,1704,0,0,13.704020455,9423.779744817,1,4.166666667,,
3708575258,1500,1702,0,0,13.702506942,9425.779691653,1,4.166666667,,
3708577258,1497,1713,0,0,13.702487661,9427.77963849,1,4.166666667,,
3708579258,1504,1708,0,0,13.702457882,9429.779585327,1,4.166666667,,
3708581258,1508,1709,0,0,13.702404341,9431.779532164,1,4.166666667,,
3708583258,1497,1698,0,0,13.702315105,9433.779479001,1,4.166666667,,
3708585258,1508,1705,0,0,13.70210155,9435.779425837,1,4.166666667,,
3708587258,1508,1713,0,0,13.701917826,9437.779372674,1,4.166666667,,
3708589258,1504,1701,0,0,13.701917826,9439.779319511,1,4.166666667,,
3708591258,1503,1701,0,0,13.701487004,9441.779266348,1,4.166666667,,
3708593258,1504,1701,0,0,13.693834944,9443.779213184,1,4.166666667,,
3708595258,1500,1705,0,0,13.686182884,9445.779160021,1,4.166666667,,
3708597258,1500,1713,0,0,13.68597561,9447.779106858,1,4.166666667,,
3708599258,1500,1713,0,0,13.68597561,9449.779053695,1,4.166666667,,
3708601258,1508,1705,0,0,13.68597561,9451.779000532,1,4.166666667,,
3708603258,1504,1705,0,0,13.68597561,9453.778947368,1,4.166666667,,
3708605258,1500,1702,0,0,13.68597561,9455.778894205,1,4.166666667,,
3708607258,1508,1704,0,0,13.68597561,9457.778841042,1,4.166666667,,
3708609258,1496,1705,0,0,13.688534861,9459.778787879,1,4.166666667,,
3708611258,1504,1711,0,0,13.692075869,9461.778734716,1,4.166666667,,
3708613258,1502,1705,0,0,13.693427986,9463.778681552,1,4.166666667,,
3708615258,1502,1707,0,0,13.693545418,9465.778628389,1,4.166666667,,
3708617258,1508,1701,0,0,13.697625472,9467.778575226,1,4.166666667,,
3708619258,1500,1712,0,0,13.704870319,9469.778522063,1,4.166666667,,
3708621258,1501,1706,0,0,13.708691394,9471.7784689,1,4.166666667,,
3708623258,1496,1709,0,0,13.708691394,9473.778415736,1,4.166666667,,
3708625258,1505,1705,0,0,13.708691394,9475.778362573,1,4.166666667,,
3708627258,1500,1702,0,0,13.708691394,9477.77830941,1,4.166666667,,
3708629258,1500,1705,0,0,13.708691394,9479.778256247,1,4.166666667,,
3708631258,1505,1708,0,0,13.708691394,9481.778203083,1,4.166666667,,
3708633258,1510,1700,0,0,13.708691394,9483.77814992,1,4.166666667,,
3708635258,1506,1706,0,0,13.708691394,9485.778096757,1,4.166666667,,
3708637258,1508,1705,0,0,13.708267666,9487.778043594,1,4.166666667,,
3708639258,1505,1707,0,0,13.705219826,9489.777990431,1,4.166666667,,
3708641258,1508,1705,0,0,13.702341558,9491.777937267,1,4.166666667,,
3708643258,1497,1705,0,0,13.702341558,9493.777884104,1,4.166666667,,
3708645258,1500,1701,0,0,13.702341558,9495.777830941,1,4.166666667,,
3708647258,1500,1713,0,1,13.702341558,9497.777777778,1,4.166666667,,
3708649258,1498,1699,0,1,13.702341558,9499.777724615,1,4.166666667,,
3708651258,1504,1701,0,1,13.702341558,9501.777671451,1,4.166666667,,
3708653258,1500,1706,0,1,13.702341558,9503.777618288,1,4.166666667,,
3708655258,1496,1697,0,1,13.703760887,9505.777565125,1,4.166666667,,
3708657258,1495,1701,0,1,13.705522999,9507.777511962,1,4.166666667,,
3708659258,1504,1703,0,1,13.7109403,9509.777458799,1,4.166666667,,
3708661258,1504,1717,0,1,13.717764426,9511.777405635,1,4.166666667,,
3708663258,1504,1713,0,1,13.72023003,9513.777352472,1,4.166666667,,
3708665258,1501,1702,0,1,13.72023003,9515.777299309,1,4.166666667,,
3708667258,1500,1703,0,1,13.722046599,9517.777246146,1,4.166666667,,
3708669258,1504,1709,0,1,13.725317902,9519.777192982,1,4.166666667,,
3708671258,1501,1701,0,1,13.727045425,9521.777139819,1,4.166666667,,
3708673258,1508,1707,0,1,13.727045425,9523.777086656,1,4.166666667,,
3708675258,1504,1705,0,1,13.727045425,9525.777033493,1,4.166666667,,
3708677258,1504,1709,0,1,13.727045425,9527.77698033,1,4.166666667,,
3708679258,1503,1704,0,1,13.727045425,9529.776927166,1,4.166666667,,
3708681258,1509,1707,0,1,13.727045425,9531.776874003,1,4.166666667,,
3708683258,1512,1700,0,1,13.727045425,9533.77682084,1,4.166666667,,
3708685258,1503,1709,0,1,13.727045425,9535.776767677,1,4.166666667,,
3708687258,1512,1704,0,1,13.727045425,9537.776714514,1,4.166666667,,
3708689258,1510,1699,0,1,13.727045425,9539.77666135,1,4.166666667,,
3708691258,1514,1705,0,1,13.727045425,9541.776608187,1,4.166666667,,
3708693258,1510,1704,0,1,13.727045425,9543.776555024,1,4.166666667,,
3708695258,1516,1706,0,1,13.727045425,9545.776501861,1,4.166666667,,
3708697258,1511,1706,0,1,13.727311093,9547.776448697,1,4.166666667,,
3708699258,1508,1705,0,1,13.727584532,9549.776395534,1,4.166666667,,
3708701258,1508,1705,0,1,13.727615104,9551.776342371,1,4.166666667,,
3708703258,1508,1712,0,1,13.727615104,9553.776289208,1,4.166666667,,
3708705258,1508,1709,0,1,13.727615104,9555.776236045,1,4.166666667,,
3708707258,1510,1697,0,1,13.727615104,9557.776182881,1,4.166666667,,
3708709258,1512,1704,0,1,13.727615104,9559.776129718,1,4.166666667,,
3708711258,1509,1702,0,1,13.727615104,9561.776076555,1,4.166666667,,
3708713258,1507,1704,0,1,13.727751975,9563.776023392,1,4.166666667,,
3708715258,1504,1707,0,1,13.727966497,9565.775970229,1,4.166666667,,
3708717258,1512,1706,0,1,13.728062036,9567.775917065,1,4.166666667,,
3708719258,1512,1703,0,1,13.728062036,9569.775863902,1,4.166666667,,
3708721258,1500,1707,0,1,13.728062036,9571.775810739,1,4.166666667,,
3708723258,1510,1704,0,1,13.728062036,9573.775757576,1,4.166666667,,
3708725258,1500,1699,0,1,13.728062036,9575.775704413,1,4.166666667,,
3708727258,1507,1702,0,1,13.728062036,9577.775651249,1,4.166666667,,
3708729258,1499,1705,0,1,13.727625023,9579.775598086,1,4.166666667,,
3708731258,1503,1713,0,1,13.726189717,9581.775544923,1,4.166666667,,
3708733258,1504,1706,0,1,13.724636556,9583.77549176,1,4.166666667,,
3708735258,1500,1709,0,1,13.722668172,9585.775438596,1,4.166666667,,
3708737258,1504,1703,0,1,13.720970827,9587.775385433,1,4.166666667,,
3708739258,1505,1709,0,1,13.720970827,9589.77533227,1,4.166666667,,
3708741258,1501,1702,0,1,13.720970827,9591.775279107,1,4.166666667,,
3708743258,1499,1699,0,1,13.720970827,9593.775225944,1,4.166666667,,
3708745258,1505,1707,0,1,13.720970827,9595.77517278,1,4.166666667,,
3708747258,1500,1704,0,1,13.720970827,9597.775119617,1,4.166666667,,
3708749258,1498,1697,0,1,13.720970827,9599.775066454,1,4.166666667,,
3708751258,1500,1709,0,1,13.721842761,9601.775013291,1,4.166666667,,
3708753258,1505,1709,0,1,13.722825189,9603.774960128,1,4.166666667,,
3708755258,1498,1705,0,1,13.723810454,9605.774906964,1,4.166666667,,
3708757258,1500,1706,0,1,13.72479641,9607.774853801,1,4.166666667,,
3708759258,1505,1703,0,1,13.726032148,9609.774800638,1,4.166666667,,
3708761258,1498,1710,0,1,13.727364661,9611.774747475,1,4.166666667,,
3708763258,1504,1713,0,1,13.727847878,9613.774694312,1,4.166666667,,
3708765258,1502,1700,0,1,13.727847878,9615.774641148,1,4.166666667,,
3708767258,1504,1700,0,1,13.727847878,9617.774587985,1,4.166666667,,
3708769258,1497,1707,0,1,13.727847878,9619.774534822,1,4.166666667,,
3708771258,1500,1697,0,1,13.727847878,9621.774481659,1,4.166666667,,
3708773258,1501,1706,0,1,13.727847878,9623.774428495,1,4.166666667,,
3708775258,1502,1708,0,1,13.727847878,9625.774375332,1,4.166666667,,
3708777258,1499,1700,0,1,13.727847878,9627.774322169,1,4.166666667,,
3708779258,1503,1705,0,1,13.727847878,9629.774269006,1,4.166666667,,
3708781258,1498,1709,0,1,13.727847878,9631.774215843,1,4.166666667,,
3708783258,1501,1709,0,1,13.727782504,9633.774162679,1,4.166666667,,
3708785258,1508,1709,0,1,13.727485913,9635.774109516,1,4.166666667,,
3708787258,1499,1697,0,1,13.72710477,9637.774056353,1,4.166666667,,
3708789258,1502,1705,0,1,13.726191148,9639.77400319,1,4.166666667,,
3708791258,1498,1704,0,1,13.725326536,9641.773950027,1,4.166666667,,
3708793258,1504,1702,0,1,13.725326536,9643.773896863,1,4.166666667,,
3708795258,1503,1705,0,1,13.725326536,9645.7738437,1,4.166666667,,
3708797258,1501,1700,0,1,13.725326536,9647.773790537,1,4.166666667,,
3708799258,1507,1709,0,1,13.725326536,9649.773737374,1,4.166666667,,
3708801258,1504,1705,0,1,13.723923573,9651.773684211,1,4.166666667,,
3708803258,1502,1709,0,1,13.722341639,9653.773631047,1,4.166666667,,
3708805258,1504,1697,0,1,13.722030753,9655.773577884,1,4.166666667,,
3708807258,1500,1706,0,1,13.722030753,9657.773524721,1,4.166666667,,
3708809258,1511,1703,0,1,13.722030753,9659.773471558,1,4.166666667,,
3708811258,1505,1702,0,1,13.722030753,9661.773418394,1,4.166666667,,
3708813258,1509,1706,0,1,13.722030753,9663.773365231,1,4.166666667,,
3708815258,1499,1701,0,1,13.722030753,9665.773312068,1,4.166666667,,
3708817258,1499,1702,0,1,13.722030753,9667.773258905,1,4.166666667,,
3708819258,1504,1713,0,1,13.722030753,9669.773205742,1,4.166666667,,
3708821258,1504,1705,0,1,13.722030753,9671.773152578,1,4.166666667,,
3708823258,1498,1705,0,1,13.722030753,9673.773099415,1,4.166666667,,
3708825258,1492,1701,0,1,13.722030753,9675.773046252,1,4.166666667,,
3708827258,1504,1697,0,1,13.722030753,9677.772993089,1,4.166666667,,
3708829258,1503,1707,0,1,13.722030753,9679.772939926,1,4.166666667,,
3708831258,1499,1707,0,1,13.722030753,9681.772886762,1,4.166666667,,
3708833258,1507,1704,0,1,13.721406468,9683.772833599,1,4.166666667,,
3708835258,1502,1697,0,1,13.718565661,9685.772780436,1,4.166666667,,
3708837258,1505,1701,0,1,13.71600814,9687.772727273,1,4.166666667,,
3708839258,1496,1701,0,1,13.715244714,9689.77267411,1,4.166666667,,
3708841258,1499,1707,0,1,13.714481681,9691.772620946,1,4.166666667,,
3708843258,1504,1707,0,1,13.713725678,9693.772567783,1,4.166666667,,
3708845258,1497,1706,0,1,13.712969675,9695.77251462,1,4.166666667,,
3708847258,1497,1707,0,0,13.712213672,9697.772461457,1,4.166666667,,
3708849258,1500,1707,0,0,13.711457669,9699.772408293,1,4.166666667,,
3708851258,1498,1705,0,0,13.711137139,9701.77235513,1,4.166666667,,
3708853258,1492,1710,0,0,13.71087253,9703.772301967,1,4.166666667,,
