T_US,HALL_INF_MV,HALL_SUP_MV,PWM,SYNC_PULSE
172030555,1489,1701,0,0
172032555,1487,1702,0,0
172034555,1495,1694,0,0
172036555,1492,1707,0,0
172038555,1486,1703,0,0
172040555,1489,1706,0,0
172042555,1489,1701,0,0
172044555,1489,1705,0,0
172046555,1492,1705,0,0
172048555,1491,1704,0,0
172050555,1491,1703,0,0
172052555,1489,1705,0,0
172054555,1487,1706,0,0
172056555,1488,1705,0,0
172058555,1492,1701,0,0
172060555,1491,1706,0,0
172062555,1489,1707,0,0
172064555,1488,1703,0,0
172066555,1494,1705,0,0
172068555,1490,1707,0,0
172070555,1489,1701,0,0
172072555,1490,1706,0,0
172074555,1487,1696,0,0
172076555,1491,1703,0,0
172078555,1487,1702,0,0
172080555,1488,1703,0,0
172082555,1491,1696,0,0
172084555,1487,1702,0,0
172086555,1491,1713,0,0
172088555,1489,1703,0,0
172090555,1496,1707,0,0
172092555,1494,1707,0,0
172094555,1487,1707,0,0
172096555,1489,1701,0,0
172098555,1489,1706,0,0
172100555,1492,1698,0,0
172102555,1491,1704,0,0
172104555,1495,1703,0,0
172106555,1491,1704,0,0
172108555,1492,1707,0,0
172110555,1492,1702,0,0
172112555,1492,1703,0,0
172114555,1487,1706,0,0
172116555,1492,1709,0,0
172118555,1491,1705,0,0
172120555,1487,1705,0,0
172122555,1492,1712,0,0
172124555,1488,1700,0,0
172126555,1494,1702,0,0
172128555,1497,1704,0,0
172130555,1496,1706,0,0
172132555,1486,1705,0,0
172134555,1489,1706,0,0
172136555,1489,1706,0,0
172138555,1492,1713,0,0
172140555,1491,1705,0,0
172142555,1492,1707,0,0
172144555,1491,1704,0,0
172146555,1491,1703,0,0
172148555,1492,1705,0,0
172150555,1492,1706,0,0
172152555,1491,1698,0,0
172154555,1487,1705,0,0
172156555,1494,1710,0,0
172158555,1492,1704,0,0
172160555,1494,1704,0,0
172162555,1494,1701,0,0
172164555,1497,1699,0,0
172166555,1493,1706,0,0
172168555,1495,1704,0,0
172170555,1490,1705,0,0
172172555,1496,1704,0,0
172174555,1492,1707,0,0
172176555,1497,1706,0,0
172178555,1494,1704,0,0
172180555,1497,1697,0,0
172182555,1494,1700,0,0
172184555,1492,1705,0,0
172186555,1492,1704,0,0
172188555,1491,1709,0,0
172190555,1489,1709,0,0
172192555,1492,1699,0,0
172194555,1491,1708,0,0
172196555,1489,1699,0,0
172198555,1495,1702,0,0
172200555,1491,1705,0,0
172202555,1494,1701,0,0
172204555,1492,1703,0,0
172206555,1489,1704,0,0
172208555,1492,1704,0,0
172210555,1496,1704,0,0
172212555,1496,1702,0,0
172214555,1496,1704,0,0
172216555,1492,1707,0,0
172218555,1494,1701,0,0
172220555,1488,1701,0,0
172222555,1494,1699,0,0
172224555,1492,1706,0,0
172226555,1489,1704,0,0
172228555,1489,1704,0,0
172230555,1492,1701,0,0
172232555,1492,1699,0,0
172234555,1494,1701,0,0
172236555,1487,1704,0,0
172238555,1494,1706,0,0
172240555,1489,1704,0,0
172242555,1489,1700,0,0
172244555,1494,1707,0,0
172246555,1489,1701,0,0
172248555,1492,1696,0,0
172250555,1496,1699,0,0
172252555,1497,1704,0,0
172254555,1491,1705,0,0
172256555,1490,1709,0,0
172258555,1492,1702,0,0
172260555,1488,1710,0,0
172262555,1494,1701,0,0
172264555,1492,1708,0,0
172266555,1495,1704,0,0
172268555,1490,1699,0,0
172270555,1492,1702,0,0
172272555,1492,1701,0,0
172274555,1491,1704,0,0
172276555,1495,1708,0,0
172278555,1500,1703,0,0
172280555,1492,1706,0,0
172282555,1488,1705,0,0
172284555,1491,1702,0,0
172286555,1492,1701,0,0
172288555,1497,1704,0,0
172290555,1492,1701,0,0
172292555,1492,1701,0,0
172294555,1492,1700,0,0
172296555,1498,1702,0,0
172298555,1499,1708,0,0
172300555,1490,1709,0,0
172302555,1496,1704,0,0
172304555,1489,1707,0,0
172306555,1489,1700,0,0
172308555,1493,1701,0,0
172310555,1489,1707,0,0
172312555,1494,1706,0,0
172314555,1492,1701,0,0
172316555,1494,1702,0,0
172318555,1496,1699,0,0
172320555,1497,1701,0,0
172322555,1496,1705,0,0
172324555,1500,1705,0,0
172326555,1498,1703,0,0
172328555,1492,1702,0,0
172330555,1495,1705,0,0
172332555,1489,1707,0,0
172334555,1496,1701,0,0
172336555,1492,1697,0,0
172338555,1490,1700,0,0
172340555,1495,1705,0,0
172342555,1495,1706,0,0
172344555,1496,1692,0,0
172346555,1500,1705,0,0
172348555,1497,1701,0,0
172350555,1498,1705,0,0
172352555,1496,1713,0,0
172354555,1496,1703,0,0
172356555,1496,1707,0,0
172358555,1497,1704,0,0
172360555,1497,1705,0,0
172362555,1488,1705,0,0
172364555,1496,1702,0,0
172366555,1497,1707,0,0
172368555,1496,1710,0,0
172370555,1495,1701,0,0
172372555,1488,1710,0,0
172374555,1495,1704,0,0
172376555,1491,1701,0,0
172378555,1496,1710,0,0
172380555,1492,1701,0,0
172382555,1489,1702,0,0
172384555,1497,1709,0,0
172386555,1495,1709,0,0
172388555,1497,1710,0,0
172390555,1491,1704,0,0
172392555,1500,1701,0,0
172394555,1494,1702,0,0
172396555,1497,1705,0,0
172398555,1492,1701,0,0
172400555,1495,1701,0,0
172402555,1495,1705,0,0
172404555,1491,1710,0,0
172406555,1495,1708,0,0
172408555,1491,1702,0,0
172410555,1496,1705,0,0
172412555,1492,1709,0,0
172414555,1487,1694,0,0
172416555,1492,1705,0,0
172418555,1499,1697,0,0
172420555,1492,1704,0,0
172422555,1495,1703,0,0
172424555,1497,1709,0,0
172426555,1491,1705,0,0
172428555,1495,1705,0,0
172430555,1498,1700,0,0
172432555,1497,1700,0,0
172434555,1500,1709,0,0
172436555,1500,1702,0,0
172438555,1495,1697,0,0
172440555,1494,1705,0,0
172442555,1488,1705,0,0
172444555,1496,1710,0,0
172446555,1492,1696,0,0
172448555,1492,1705,0,0
172450555,1498,1703,0,0
172452555,1491,1707,0,0
172454555,1488,1701,0,0
172456555,1491,1708,0,0
172458555,1497,1709,0,0
172460555,1492,1702,0,0
172462555,1489,1704,0,0
172464555,1499,1706,0,0
172466555,1496,1705,0,0
172468555,1499,1701,0,0
172470555,1495,1707,0,0
172472555,1498,1702,0,0
172474555,1495,1702,0,0
172476555,1491,1704,0,0
172478555,1492,1705,0,0
172480555,1496,1700,0,0
172482555,1494,1709,0,0
172484555,1497,1702,0,0
172486555,1491,1703,0,0
172488555,1496,1702,0,0
172490555,1495,1709,0,0
172492555,1496,1700,0,0
172494555,1497,1700,0,0
172496555,1501,1707,0,0
172498555,1497,1703,0,0
172500555,1497,1702,0,0
172502555,1492,1697,0,0
172504555,1497,1714,0,0
172506555,1492,1701,0,0
172508555,1496,1701,0,0
172510555,1492,1705,0,0
172512555,1495,1697,0,0
172514555,1497,1703,0,0
172516555,1492,1706,0,0
172518555,1499,1705,0,0
172520555,1495,1701,0,0
172522555,1496,1705,0,0
172524555,1496,1703,0,0
172526555,1489,1701,0,0
172528555,1496,1717,0,0
172530555,1488,1705,0,0
172532555,1491,1704,0,0
172534555,1496,1701,0,0
172536555,1495,1697,0,0
172538555,1499,1703,0,0
172540555,1496,1707,0,0
172542555,1488,1707,0,0
172544555,1498,1704,0,0
172546555,1499,1705,0,0
172548555,1492,1709,0,0
172550555,1497,1705,0,0
172552555,1496,1701,0,0
172554555,1493,1709,0,0
172556555,1492,1706,0,0
172558555,1494,1707,0,0
172560555,1492,1705,0,0
172562555,1496,1705,0,0
172564555,1499,1705,0,0
172566555,1492,1706,0,0
172568555,1495,1707,0,0
172570555,1496,1705,0,0
172572555,1496,1702,0,0
172574555,1489,1714,0,0
172576555,1495,1702,0,0
172578555,1496,1701,0,0
172580555,1492,1702,0,0
172582555,1492,1703,0,0
172584555,1494,1701,0,0
172586555,1497,1704,0,0
172588555,1496,1705,0,0
172590555,1497,1699,0,0
172592555,1492,1704,0,0
172594555,1491,1703,0,0
172596555,1492,1707,0,0
172598555,1491,1705,0,0
172600555,1491,1703,0,0
172602555,1495,1704,0,0
172604555,1492,1705,0,0
172606555,1492,1700,0,0
172608555,1492,1709,0,0
172610555,1500,1712,0,0
172612555,1495,1702,0,0
172614555,1495,1704,0,0
172616555,1489,1699,0,0
172618555,1495,1703,0,0
172620555,1492,1702,0,0
172622555,1493,1706,0,0
172624555,1493,1700,0,0
172626555,1490,1704,0,0
172628555,1494,1706,0,0
172630555,1494,1704,0,0
172632555,1493,1697,0,0
172634555,1497,1705,0,0
172636555,1492,1704,0,0
172638555,1492,1697,0,0
172640555,1500,1707,0,0
172642555,1497,1704,0,0
172644555,1496,1704,0,0
172646555,1492,1700,0,0
172648555,1497,1705,0,0
172650555,1492,1707,0,0
172652555,1496,1706,0,0
172654555,1494,1709,0,0
172656555,1497,1713,0,0
172658555,1499,1707,0,0
172660555,1492,1701,0,0
172662555,1499,1702,0,0
172664555,1495,1705,0,0
172666555,1488,1705,0,0
172668555,1495,1707,0,0
172670555,1498,1705,0,0
172672555,1492,1702,0,0
172674555,1497,1706,0,0
172676555,1494,1705,0,0
172678555,1497,1705,0,0
172680555,1498,1710,0,0
172682555,1499,1699,0,0
172684555,1496,1707,0,0
172686555,1496,1705,0,0
172688555,1492,1709,0,0
172690555,1495,1701,0,0
172692555,1496,1704,0,0
172694555,1496,1706,0,0
172696555,1492,1702,0,0
172698555,1496,1701,0,0
172700555,1496,1709,0,0
172702555,1491,1698,0,0
172704555,1500,1703,0,0
172706555,1489,1713,0,0
172708555,1492,1707,0,0
172710555,1491,1700,0,0
172712555,1498,1705,0,0
172714555,1488,1716,0,0
172716555,1495,1704,0,0
172718555,1491,1701,0,0
172720555,1502,1704,0,0
172722555,1489,1706,0,0
172724555,1492,1710,0,0
172726555,1496,1701,0,0
172728555,1491,1704,0,0
172730555,1497,1705,0,0
172732555,1500,1701,0,0
172734555,1492,1699,0,0
172736555,1495,1709,0,0
172738555,1493,1705,0,0
172740555,1499,1697,0,0
172742555,1499,1705,0,0
172744555,1492,1702,0,0
172746555,1496,1701,0,0
172748555,1491,1705,0,0
172750555,1487,1705,0,0
172752555,1495,1701,0,0
172754555,1497,1704,0,0
172756555,1492,1697,0,0
172758555,1495,1703,0,0
172760555,1492,1703,0,0
172762555,1492,1705,0,0
172764555,1495,1705,0,0
172766555,1496,1699,0,0
172768555,1489,1704,0,0
172770555,1492,1705,0,0
172772555,1498,1705,0,0
172774555,1498,1712,0,0
172776555,1496,1707,0,0
172778555,1495,1709,0,0
172780555,1497,1700,0,0
172782555,1496,1705,0,0
172784555,1496,1704,0,0
172786555,1494,1699,0,0
172788555,1495,1709,0,0
172790555,1495,1706,0,0
172792555,1499,1701,0,0
172794555,1492,1705,0,0
172796555,1492,1704,0,0
172798555,1495,1701,0,0
172800555,1497,1702,0,0
172802555,1499,1706,0,0
172804555,1492,1703,0,0
172806555,1492,1703,0,0
172808555,1496,1705,0,0
172810555,1491,1703,0,0
172812555,1492,1702,0,0
172814555,1490,1702,0,0
172816555,1492,1706,0,0
172818555,1500,1701,0,0
172820555,1498,1702,0,0
172822555,1494,1709,0,0
172824555,1498,1695,0,0
172826555,1500,1713,0,0
172828555,1495,1699,0,0
172830555,1497,1697,0,0
172832555,1492,1710,0,0
172834555,1496,1702,0,0
172836555,1495,1705,0,0
172838555,1496,1705,0,0
172840555,1490,1705,0,0
172842555,1493,1702,0,0
172844555,1496,1701,0,0
172846555,1494,1707,0,0
172848555,1500,1712,0,0
172850555,1488,1707,0,0
172852555,1500,1707,0,0
172854555,1492,1703,0,0
172856555,1497,1707,0,0
172858555,1496,1697,0,0
172860555,1494,1709,0,0
172862555,1498,1697,0,0
172864555,1494,1705,0,0
172866555,1492,1704,0,0
172868555,1488,1709,0,0
172870555,1496,1706,0,0
172872555,1492,1694,0,0
172874555,1495,1707,0,0
172876555,1494,1702,0,0
172878555,1489,1709,0,0
172880555,1496,1703,0,0
172882555,1497,1705,0,0
172884555,1499,1698,0,0
172886555,1499,1702,0,0
172888555,1497,1706,0,0
172890555,1496,1706,0,0
172892555,1497,1701,0,0
172894555,1499,1705,0,0
172896555,1492,1704,0,0
172898555,1493,1708,0,0
172900555,1496,1705,0,0
172902555,1499,1704,0,0
172904555,1496,1702,0,0
172906555,1497,1714,0,0
172908555,1492,1692,0,0
172910555,1501,1705,0,0
172912555,1495,1701,0,0
172914555,1496,1710,0,0
172916555,1492,1700,0,0
172918555,1492,1709,0,0
172920555,1497,1709,0,0
172922555,1496,1705,0,0
172924555,1496,1697,0,0
172926555,1492,1713,0,0
172928555,1500,1705,0,0
172930555,1494,1705,0,0
172932555,1502,1705,0,0
172934555,1494,1708,0,0
172936555,1497,1707,0,0
172938555,1491,1706,0,0
172940555,1497,1703,0,0
172942555,1499,1705,0,0
172944555,1497,1709,0,0
172946555,1496,1705,0,0
172948555,1498,1699,0,0
172950555,1497,1705,0,0
172952555,1499,1702,0,0
172954555,1496,1701,0,0
172956555,1492,1704,0,0
172958555,1497,1704,0,0
172960555,1491,1702,0,0
172962555,1499,1704,0,0
172964555,1497,1704,0,0
172966555,1500,1709,0,0
172968555,1500,1710,0,0
172970555,1499,1705,0,0
172972555,1496,1702,0,0
172974555,1499,1705,0,0
172976555,1493,1709,0,0
172978555,1498,1704,0,0
172980555,1498,1701,0,0
172982555,1498,1700,0,0
172984555,1496,1701,0,0
172986555,1492,1700,0,0
172988555,1491,1701,0,0
172990555,1498,1699,0,0
172992555,1491,1701,0,0
172994555,1500,1713,0,0
172996555,1496,1701,0,0
172998555,1500,1710,0,0
173000555,1497,1704,0,0
173002555,1494,1705,0,0
173004555,1496,1706,0,0
173006555,1500,1700,0,0
173008555,1499,1710,0,0
173010555,1492,1701,0,0
173012555,1490,1703,0,0
173014555,1497,1714,0,0
173016555,1497,1704,0,0
173018555,1495,1705,0,0
173020555,1496,1705,0,0
173022555,1500,1700,0,0
173024555,1496,1703,0,0
173026555,1500,1704,0,0
173028555,1494,1705,0,0
173030555,1494,1703,0,0
173032555,1492,1700,0,0
173034555,1498,1695,0,0
173036555,1501,1700,0,0
173038555,1494,1701,0,0
173040555,1496,1701,0,0
173042555,1496,1703,0,0
173044555,1496,1702,0,0
173046555,1496,1709,0,0
173048555,1496,1705,0,0
173050555,1498,1703,0,0
173052555,1497,1701,0,0
173054555,1494,1697,0,0
173056555,1499,1700,0,0
173058555,1500,1701,0,0
173060555,1501,1701,0,0
173062555,1500,1705,0,0
173064555,1491,1707,0,0
173066555,1497,1701,0,0
173068555,1498,1712,0,0
173070555,1496,1705,0,0
173072555,1492,1708,0,0
173074555,1492,1704,0,0
173076555,1498,1703,0,0
173078555,1499,1706,0,0
173080555,1502,1705,0,0
173082555,1499,1704,0,0
173084555,1496,1705,0,0
173086555,1500,1703,0,0
173088555,1500,1705,0,0
173090555,1496,1697,0,0
173092555,1495,1704,0,0
173094555,1488,1704,0,0
173096555,1494,1707,0,0
173098555,1498,1704,0,0
173100555,1498,1708,0,0
173102555,1492,1712,0,0
173104555,1500,1703,0,0
173106555,1499,1704,0,0
173108555,1498,1700,0,0
173110555,1493,1707,0,0
173112555,1501,1703,0,0
173114555,1497,1705,0,0
173116555,1489,1705,0,0
173118555,1496,1705,0,0
173120555,1496,1704,0,0
173122555,1492,1705,0,0
173124555,1496,1704,0,0
173126555,1504,1701,0,0
173128555,1496,1704,0,0
173130555,1497,1710,0,0
173132555,1496,1702,0,0
173134555,1500,1701,0,0
173136555,1492,1705,0,0
173138555,1499,1701,0,0
173140555,1494,1704,0,0
173142555,1497,1706,0,0
173144555,1494,1705,0,0
173146555,1496,1700,0,0
173148555,1500,1707,0,0
173150555,1500,1705,0,0
173152555,1495,1706,0,0
173154555,1494,1705,0,0
173156555,1489,1706,0,0
173158555,1497,1706,0,0
173160555,1496,1697,0,0
173162555,1498,1706,0,0
173164555,1491,1704,0,0
173166555,1499,1709,0,0
173168555,1497,1705,0,0
173170555,1492,1703,0,0
173172555,1492,1709,0,0
173174555,1497,1701,0,0
173176555,1497,1706,0,0
173178555,1500,1710,0,0
173180555,1500,1706,0,0
173182555,1496,1707,0,0
173184555,1503,1711,0,0
173186555,1496,1700,0,0
173188555,1496,1705,0,0
173190555,1495,1706,0,0
173192555,1500,1705,0,0
173194555,1492,1705,0,0
173196555,1497,1704,0,0
173198555,1492,1706,0,0
173200555,1497,1710,0,0
173202555,1495,1705,0,0
173204555,1500,1700,0,0
173206555,1498,1702,0,0
173208555,1494,1705,0,0
173210555,1498,1706,0,0
173212555,1497,1703,0,0
173214555,1500,1701,0,0
173216555,1496,1701,0,0
173218555,1497,1704,0,0
173220555,1498,1709,0,0
173222555,1500,1700,0,0
173224555,1494,1701,0,0
173226555,1497,1705,0,0
173228555,1502,1708,210,1
173230555,1484,1668,210,1
173232555,1474,1628,210,1
173234555,1461,1591,210,1
173236555,1452,1568,210,1
173238555,1440,1542,210,1
173240555,1428,1510,210,1
173242555,1430,1488,210,1
173244555,1416,1452,210,1
173246555,1410,1431,210,1
173248555,1398,1403,210,1
173250555,1393,1371,210,1
173252555,1388,1360,210,1
173254555,1371,1344,210,1
173256555,1371,1332,210,1
173258555,1369,1313,210,1
173260555,1364,1303,210,1
173262555,1360,1282,210,1
173264555,1356,1275,210,1
173266555,1353,1264,210,1
173268555,1344,1244,210,1
173270555,1344,1241,210,1
173272555,1340,1235,210,1
173274555,1337,1218,210,1
173276555,1336,1219,210,1
173278555,1332,1207,210,1
173280555,1333,1205,210,1
173282555,1329,1199,210,1
173284555,1325,1195,210,1
173286555,1326,1187,210,1
173288555,1320,1182,210,1
173290555,1320,1179,210,1
173292555,1320,1175,210,1
173294555,1319,1179,210,1
173296555,1316,1166,210,1
173298555,1317,1168,210,1
173300555,1316,1167,210,1
173302555,1318,1163,210,1
173304555,1313,1159,210,1
173306555,1313,1156,210,1
173308555,1311,1153,210,1
173310555,1316,1155,210,1
173312555,1309,1154,210,1
173314555,1308,1142,210,1
173316555,1311,1146,210,1
173318555,1310,1142,210,1
173320555,1311,1145,210,1
173322555,1308,1145,210,1
173324555,1312,1143,210,1
173326555,1312,1142,210,1
173328555,1310,1143,210,1
173330555,1312,1139,210,1
173332555,1308,1134,210,1
173334555,1308,1139,210,1
173336555,1308,1137,210,1
173338555,1308,1143,210,1
173340555,1308,1133,210,1
173342555,1313,1135,210,1
173344555,1304,1134,210,1
173346555,1308,1129,210,1
173348555,1305,1133,210,1
173350555,1308,1131,210,1
173352555,1308,1131,210,1
173354555,1308,1130,210,1
173356555,1304,1128,210,1
173358555,1309,1130,210,1
173360555,1313,1135,210,1
173362555,1308,1131,210,1
173364555,1308,1133,210,1
173366555,1304,1131,210,1
173368555,1303,1128,210,1
173370555,1300,1130,210,1
173372555,1304,1128,210,1
173374555,1308,1131,210,1
173376555,1306,1132,210,1
173378555,1300,1126,0,1
173380555,1324,1175,0,1
173382555,1332,1215,0,1
173384555,1346,1262,0,1
173386555,1360,1301,0,1
173388555,1371,1332,0,1
173390555,1388,1360,0,1
173392555,1392,1395,0,1
173394555,1404,1414,0,1
173396555,1413,1436,0,1
173398555,1421,1466,0,1
173400555,1428,1478,0,1
173402555,1439,1508,0,1
173404555,1440,1515,0,1
173406555,1441,1537,0,1
173408555,1450,1547,0,1
173410555,1456,1565,0,1
173412555,1457,1577,0,1
173414555,1460,1585,0,1
173416555,1461,1600,0,1
173418555,1467,1606,0,1
173420555,1467,1613,0,1
173422555,1470,1625,0,1
173424555,1474,1619,0,1
173426555,1478,1640,0,1
173428555,1479,1655,0,0
173430555,1484,1642,0,0
173432555,1478,1657,0,0
173434555,1487,1665,0,0
173436555,1484,1675,0,0
173438555,1482,1675,0,0
173440555,1487,1679,0,0
173442555,1493,1681,0,0
173444555,1495,1685,0,0
173446555,1494,1694,0,0
173448555,1492,1689,0,0
173450555,1497,1689,0,0
173452555,1495,1705,0,0
173454555,1496,1696,0,0
173456555,1495,1697,0,0
173458555,1499,1696,0,0
173460555,1491,1694,0,0
173462555,1496,1697,0,0
173464555,1492,1700,0,0
173466555,1500,1704,0,0
173468555,1496,1702,0,0
173470555,1496,1706,0,0
173472555,1502,1701,0,0
173474555,1497,1697,0,0
173476555,1499,1703,0,0
173478555,1497,1701,0,0
173480555,1495,1705,0,0
173482555,1500,1702,0,0
173484555,1496,1697,0,0
173486555,1497,1694,0,0
173488555,1495,1707,0,0
173490555,1494,1703,0,0
173492555,1497,1703,0,0
173494555,1502,1703,0,0
173496555,1495,1697,0,0
173498555,1500,1704,0,0
173500555,1498,1706,0,0
173502555,1496,1702,0,0
173504555,1498,1708,0,0
173506555,1494,1704,0,0
173508555,1489,1705,0,0
173510555,1498,1702,0,0
173512555,1494,1702,0,0
173514555,1501,1701,0,0
173516555,1497,1706,0,0
173518555,1496,1709,0,0
173520555,1496,1699,0,0
173522555,1498,1705,0,0
173524555,1497,1705,0,0
173526555,1497,1703,0,0
173528555,1492,1709,0,0
173530555,1504,1700,0,0
173532555,1494,1713,0,0
173534555,1494,1700,0,0
173536555,1497,1704,0,0
173538555,1500,1697,0,0
173540555,1496,1702,0,0
173542555,1494,1701,0,0
173544555,1496,1699,0,0
173546555,1500,1704,0,0
173548555,1499,1703,0,0
173550555,1500,1703,0,0
173552555,1497,1704,0,0
173554555,1500,1701,0,0
173556555,1500,1702,0,0
173558555,1497,1703,0,0
173560555,1498,1705,0,0
173562555,1499,1701,0,0
173564555,1495,1705,0,0
173566555,1500,1700,0,0
173568555,1500,1704,0,0
173570555,1491,1706,0,0
173572555,1496,1702,0,0
173574555,1495,1707,0,0
173576555,1497,1699,0,0
173578555,1499,1701,0,0
173580555,1498,1707,0,0
173582555,1496,1700,0,0
173584555,1500,1702,0,0
173586555,1496,1704,0,0
173588555,1500,1702,0,0
173590555,1500,1706,0,0
173592555,1494,1706,0,0
173594555,1500,1707,0,0
173596555,1500,1702,0,0
173598555,1498,1701,0,0
173600555,1495,1709,0,0
173602555,1493,1700,0,0
173604555,1495,1703,0,0
173606555,1497,1702,0,0
173608555,1500,1704,0,0
173610555,1500,1704,0,0
173612555,1494,1703,0,0
173614555,1500,1708,0,0
173616555,1492,1703,0,0
173618555,1498,1702,0,0
173620555,1492,1701,0,0
173622555,1504,1708,0,0
173624555,1496,1704,0,0
173626555,1501,1713,0,0
173628555,1500,1704,0,0
173630555,1500,1709,0,0
173632555,1495,1708,0,0
173634555,1500,1707,0,0
173636555,1496,1699,0,0
173638555,1498,1709,0,0
173640555,1499,1704,0,0
173642555,1498,1704,0,0
173644555,1499,1702,0,0
173646555,1500,1704,0,0
173648555,1500,1700,0,0
173650555,1499,1701,0,0
173652555,1499,1713,0,0
173654555,1500,1700,0,0
173656555,1500,1707,0,0
173658555,1499,1709,0,0
173660555,1499,1699,0,0
173662555,1500,1710,0,0
173664555,1500,1705,0,0
173666555,1497,1704,0,0
173668555,1501,1696,0,0
173670555,1502,1713,0,0
173672555,1497,1703,0,0
173674555,1498,1705,0,0
173676555,1500,1703,0,0
173678555,1500,1704,0,0
173680555,1496,1702,0,0
173682555,1498,1704,0,0
173684555,1500,1705,0,0
173686555,1500,1704,0,0
173688555,1499,1709,0,0
173690555,1500,1703,0,0
173692555,1496,1705,0,0
173694555,1500,1705,0,0
173696555,1496,1699,0,0
173698555,1497,1701,0,0
173700555,1502,1701,0,0
173702555,1498,1712,0,0
173704555,1500,1705,0,0
173706555,1496,1705,0,0
173708555,1495,1705,0,0
173710555,1500,1704,0,0
173712555,1500,1702,0,0
173714555,1494,1704,0,0
173716555,1501,1707,0,0
173718555,1501,1695,0,0
173720555,1497,1704,0,0
173722555,1503,1704,0,0
173724555,1502,1705,0,0
173726555,1500,1709,0,0
173728555,1504,1705,0,0
173730555,1499,1702,0,0
173732555,1498,1701,0,0
173734555,1500,1709,0,0
173736555,1500,1694,0,0
173738555,1496,1705,0,0
173740555,1502,1707,0,0
173742555,1492,1705,0,0
173744555,1501,1703,0,0
173746555,1500,1705,0,0
173748555,1498,1706,0,0
173750555,1496,1700,0,0
173752555,1498,1704,0,0
173754555,1500,1704,0,0
173756555,1497,1700,0,0
173758555,1496,1701,0,0
173760555,1494,1704,0,0
173762555,1496,1706,0,0
173764555,1497,1710,0,0
173766555,1499,1701,0,0
173768555,1497,1697,0,0
173770555,1504,1706,0,0
173772555,1501,1709,0,0
173774555,1498,1699,0,0
173776555,1500,1701,0,0
173778555,1496,1702,0,0
173780555,1496,1707,0,0
173782555,1491,1705,0,0
173784555,1500,1708,0,0
173786555,1498,1701,0,0
173788555,1498,1704,0,0
173790555,1500,1696,0,0
173792555,1499,1706,0,0
173794555,1494,1704,0,0
173796555,1500,1702,0,0
173798555,1499,1708,0,0
173800555,1499,1705,0,0
173802555,1498,1703,0,0
173804555,1494,1710,0,0
173806555,1500,1705,0,0
173808555,1500,1697,0,0
173810555,1500,1707,0,0
173812555,1502,1707,0,0
173814555,1500,1705,0,0
173816555,1496,1709,0,0
173818555,1500,1705,0,0
173820555,1499,1699,0,0
173822555,1500,1704,0,0
173824555,1500,1702,0,0
173826555,1496,1700,0,0
173828555,1499,1702,0,0
173830555,1494,1701,0,0
173832555,1497,1702,0,0
173834555,1499,1706,0,0
173836555,1500,1705,0,0
173838555,1500,1702,0,0
173840555,1499,1707,0,0
173842555,1500,1703,0,0
173844555,1499,1701,0,0
173846555,1501,1697,0,0
173848555,1500,1705,0,0
173850555,1498,1706,0,0
173852555,1496,1705,0,0
173854555,1496,1705,0,0
173856555,1498,1706,0,0
173858555,1504,1708,0,0
173860555,1501,1702,0,0
173862555,1500,1702,0,0
173864555,1500,1700,0,0
173866555,1499,1709,0,0
173868555,1501,1703,0,0
173870555,1502,1701,0,0
173872555,1498,1705,0,0
173874555,1502,1710,0,0
173876555,1501,1709,0,0
173878555,1497,1705,0,0
173880555,1497,1705,0,0
173882555,1500,1701,0,0
173884555,1499,1700,0,0
173886555,1496,1705,0,0
173888555,1502,1703,0,0
173890555,1497,1705,0,0
173892555,1497,1703,0,0
173894555,1499,1709,0,0
173896555,1497,1705,0,0
173898555,1497,1704,0,0
173900555,1500,1708,0,0
173902555,1500,1704,0,0
173904555,1500,1701,0,0
173906555,1498,1704,0,0
173908555,1499,1705,0,0
173910555,1496,1705,0,0
173912555,1497,1709,0,0
173914555,1501,1702,0,0
173916555,1499,1710,0,0
173918555,1500,1706,0,0
173920555,1500,1704,0,0
173922555,1502,1701,0,0
173924555,1498,1709,0,0
173926555,1496,1706,0,0
173928555,1500,1710,0,0
173930555,1499,1697,0,0
173932555,1498,1700,0,0
173934555,1491,1710,0,0
173936555,1500,1707,0,0
173938555,1495,1704,0,0
173940555,1502,1706,0,0
173942555,1497,1713,0,0
173944555,1496,1700,0,0
173946555,1499,1701,0,0
173948555,1498,1705,0,0
173950555,1500,1701,0,0
173952555,1499,1709,0,0
173954555,1497,1702,0,0
173956555,1501,1707,0,0
173958555,1501,1702,0,0
173960555,1497,1705,0,0
173962555,1499,1704,0,0
173964555,1502,1704,0,0
173966555,1497,1705,0,0
173968555,1501,1705,0,0
173970555,1498,1697,0,0
173972555,1499,1707,0,0
173974555,1499,1705,0,0
173976555,1494,1701,0,0
173978555,1495,1709,0,0
173980555,1498,1702,0,0
173982555,1499,1706,0,0
173984555,1498,1701,0,0
173986555,1500,1707,0,0
173988555,1495,1703,0,0
173990555,1501,1701,0,0
173992555,1498,1709,0,0
173994555,1501,1712,0,0
173996555,1501,1707,0,0
173998555,1501,1704,0,0
174000555,1497,1704,0,0
174002555,1501,1704,0,0
174004555,1495,1708,0,0
174006555,1496,1699,0,0
174008555,1497,1705,0,0
174010555,1500,1713,0,0
174012555,1504,1706,0,0
174014555,1496,1703,0,0
174016555,1494,1709,0,0
174018555,1496,1700,0,0
174020555,1500,1706,0,0
174022555,1500,1707,0,0
174024555,1496,1705,0,0
174026555,1496,1710,0,0
174028555,1500,1705,0,0
174030555,1496,1705,0,0
174032555,1501,1702,0,0
174034555,1500,1700,0,0
174036555,1492,1701,0,0
174038555,1497,1706,0,0
174040555,1500,1701,0,0
174042555,1498,1702,0,0
174044555,1498,1704,0,0
174046555,1499,1707,0,0
174048555,1500,1712,0,0
174050555,1498,1700,0,0
174052555,1503,1709,0,0
174054555,1498,1709,0,0
174056555,1502,1709,0,0
174058555,1501,1706,0,0
174060555,1497,1707,0,0
174062555,1499,1705,0,0
174064555,1496,1705,0,0
174066555,1498,1704,0,0
174068555,1496,1701,0,0
174070555,1498,1703,0,0
174072555,1502,1701,0,0
174074555,1500,1713,0,0
174076555,1496,1706,0,0
174078555,1500,1701,0,0
174080555,1500,1705,0,0
174082555,1500,1704,0,0
174084555,1499,1705,0,0
174086555,1500,1705,0,0
174088555,1501,1704,0,0
174090555,1500,1701,0,0
174092555,1500,1705,0,0
174094555,1498,1709,0,0
174096555,1496,1705,0,0
174098555,1499,1704,0,0
174100555,1504,1704,0,0
174102555,1497,1705,0,0
174104555,1500,1702,0,0
174106555,1501,1702,0,0
174108555,1502,1703,0,0
174110555,1499,1709,0,0
174112555,1499,1708,0,0
174114555,1496,1704,0,0
174116555,1498,1705,0,0
174118555,1500,1704,0,0
174120555,1496,1705,0,0
174122555,1500,1705,0,0
174124555,1499,1702,0,0
174126555,1502,1705,0,0
174128555,1501,1697,0,0
174130555,1501,1705,0,0
174132555,1501,1701,0,0
174134555,1498,1700,0,0
174136555,1497,1701,0,0
174138555,1499,1713,0,0
174140555,1500,1702,0,0
174142555,1501,1705,0,0
174144555,1497,1708,0,0
174146555,1499,1701,0,0
174148555,1492,1699,0,0
174150555,1498,1697,0,0
174152555,1499,1702,0,0
174154555,1499,1694,0,0
174156555,1500,1706,0,0
174158555,1501,1697,0,0
174160555,1502,1705,0,0
174162555,1498,1703,0,0
174164555,1497,1701,0,0
174166555,1496,1702,0,0
174168555,1499,1704,0,0
174170555,1499,1703,0,0
174172555,1495,1709,0,0
174174555,1499,1704,0,0
174176555,1498,1705,0,0
174178555,1495,1705,210,1
174180555,1487,1665,210,1
174182555,1479,1629,210,1
174184555,1465,1592,210,1
174186555,1457,1565,210,1
174188555,1439,1538,210,1
174190555,1435,1508,210,1
174192555,1424,1481,210,1
174194555,1421,1450,210,0
174196555,1410,1432,210,0
174198555,1403,1405,210,0
174200555,1396,1392,210,0
174202555,1395,1360,210,0
174204555,1387,1343,210,0
174206555,1371,1325,210,0
174208555,1371,1309,210,0
174210555,1367,1295,210,0
174212555,1360,1284,210,0
174214555,1358,1270,210,0
174216555,1353,1269,210,0
174218555,1348,1256,210,0
174220555,1347,1245,210,0
174222555,1344,1233,210,0
174224555,1339,1223,210,0
174226555,1336,1218,210,0
174228555,1340,1209,210,0
174230555,1333,1205,210,0
174232555,1333,1194,210,0
174234555,1332,1201,210,0
174236555,1328,1184,210,0
174238555,1326,1187,210,0
174240555,1328,1179,210,0
174242555,1321,1178,210,0
174244555,1324,1167,210,0
174246555,1319,1167,210,0
174248555,1320,1159,210,0
174250555,1316,1159,210,0
174252555,1320,1159,210,0
174254555,1316,1155,210,0
174256555,1312,1155,210,0
174258555,1312,1146,210,0
174260555,1316,1151,210,0
174262555,1316,1154,210,0
174264555,1310,1156,210,0
174266555,1317,1153,210,0
174268555,1308,1151,210,0
174270555,1313,1136,210,0
174272555,1308,1142,210,0
174274555,1308,1145,210,0
174276555,1310,1139,210,0
174278555,1307,1139,210,0
174280555,1312,1137,210,0
174282555,1308,1132,210,0
174284555,1310,1139,210,0
174286555,1308,1137,210,0
174288555,1308,1135,210,0
174290555,1308,1135,210,0
174292555,1308,1129,210,0
174294555,1308,1131,210,0
174296555,1305,1130,210,0
174298555,1308,1131,210,0
174300555,1310,1128,210,0
174302555,1308,1129,210,0
174304555,1308,1128,210,0
174306555,1308,1131,210,0
174308555,1307,1130,210,0
174310555,1307,1128,210,0
174312555,1308,1128,210,0
174314555,1308,1132,210,0
174316555,1308,1134,210,0
174318555,1307,1130,210,0
174320555,1308,1128,210,0
174322555,1306,1124,210,0
174324555,1308,1126,210,0
174326555,1308,1127,210,0
174328555,1308,1124,0,0
174330555,1323,1169,0,0
174332555,1333,1226,0,0
174334555,1352,1265,0,0
174336555,1364,1293,0,0
174338555,1371,1330,0,0
174340555,1371,1359,0,0
174342555,1397,1399,0,0
174344555,1410,1428,0,0
174346555,1412,1436,0,0
174348555,1422,1462,0,0
174350555,1425,1487,0,0
174352555,1436,1498,0,0
174354555,1436,1517,0,0
174356555,1441,1537,0,0
174358555,1448,1544,0,0
174360555,1454,1564,0,0
174362555,1454,1573,0,0
174364555,1462,1582,0,0
174366555,1465,1603,0,0
174368555,1466,1614,0,0
174370555,1467,1617,0,0
174372555,1469,1619,0,0
174374555,1474,1628,0,0
174376555,1476,1638,0,0
174378555,1478,1648,0,0
174380555,1483,1652,0,0
174382555,1483,1658,0,0
174384555,1488,1659,0,0
174386555,1485,1673,0,0
174388555,1488,1670,0,0
174390555,1499,1682,0,0
174392555,1492,1680,0,0
174394555,1491,1688,0,0
174396555,1491,1690,0,0
174398555,1495,1694,0,0
174400555,1500,1697,0,0
174402555,1495,1689,0,0
174404555,1500,1696,0,0
174406555,1495,1692,0,0
174408555,1494,1697,0,0
174410555,1489,1697,0,0
174412555,1495,1697,0,0
174414555,1502,1699,0,0
174416555,1500,1693,0,0
174418555,1500,1707,0,0
174420555,1501,1697,0,0
174422555,1500,1701,0,0
174424555,1498,1712,0,0
174426555,1499,1703,0,0
174428555,1497,1696,0,0
174430555,1497,1699,0,0
174432555,1498,1710,0,0
174434555,1500,1706,0,0
174436555,1497,1702,0,0
174438555,1499,1699,0,0
174440555,1497,1704,0,0
174442555,1496,1701,0,0
174444555,1498,1701,0,0
174446555,1500,1703,0,0
174448555,1498,1707,0,0
174450555,1500,1705,0,0
174452555,1496,1699,0,0
174454555,1498,1706,0,0
174456555,1500,1702,0,0
174458555,1500,1700,0,0
174460555,1497,1700,0,0
174462555,1501,1705,0,0
174464555,1505,1710,0,0
174466555,1492,1717,0,0
174468555,1497,1708,0,0
174470555,1497,1705,0,0
174472555,1497,1706,0,0
174474555,1507,1709,0,0
174476555,1501,1699,0,0
174478555,1496,1705,0,0
174480555,1500,1706,0,0
174482555,1498,1701,0,0
174484555,1500,1706,0,0
174486555,1500,1705,0,0
174488555,1500,1706,0,0
174490555,1496,1706,0,0
174492555,1498,1707,0,0
174494555,1507,1705,0,0
174496555,1499,1706,0,0
174498555,1499,1703,0,0
174500555,1500,1708,0,0
174502555,1496,1707,0,0
174504555,1496,1701,0,0
174506555,1500,1706,0,0
174508555,1503,1701,0,0
174510555,1492,1705,0,0
174512555,1497,1702,0,0
174514555,1499,1709,0,0
174516555,1500,1702,0,0
174518555,1501,1701,0,0
174520555,1504,1710,0,0
174522555,1497,1701,0,0
174524555,1500,1709,0,0
174526555,1500,1703,0,0
174528555,1500,1706,0,0
174530555,1492,1701,0,0
174532555,1500,1701,0,0
174534555,1496,1703,0,0
174536555,1504,1705,0,0
174538555,1495,1701,0,0
174540555,1501,1696,0,0
174542555,1494,1702,0,0
174544555,1503,1702,0,0
174546555,1497,1697,0,0
174548555,1497,1705,0,0
174550555,1500,1705,0,0
174552555,1499,1710,0,0
174554555,1497,1705,0,0
174556555,1502,1702,0,0
174558555,1500,1709,0,0
174560555,1496,1700,0,0
174562555,1500,1705,0,0
174564555,1500,1697,0,0
174566555,1496,1712,0,0
174568555,1497,1703,0,0
174570555,1502,1698,0,0
174572555,1498,1705,0,0
174574555,1504,1707,0,0
174576555,1497,1703,0,0
174578555,1499,1705,0,0
174580555,1500,1705,0,0
174582555,1499,1701,0,0
174584555,1496,1703,0,0
174586555,1496,1705,0,0
174588555,1497,1703,0,0
174590555,1497,1707,0,0
174592555,1498,1705,0,0
174594555,1500,1709,0,0
174596555,1504,1709,0,0
174598555,1500,1701,0,0
174600555,1499,1712,0,0
174602555,1494,1706,0,0
174604555,1498,1707,0,0
174606555,1502,1705,0,0
174608555,1500,1705,0,0
174610555,1504,1706,0,0
174612555,1499,1701,0,0
174614555,1498,1704,0,0
174616555,1501,1699,0,0
174618555,1496,1704,0,0
174620555,1498,1704,0,0
174622555,1500,1703,0,0
174624555,1502,1705,0,0
174626555,1502,1704,0,0
174628555,1500,1704,0,0
174630555,1504,1705,0,0
174632555,1496,1703,0,0
174634555,1497,1704,0,0
174636555,1501,1701,0,0
174638555,1504,1697,0,0
174640555,1500,1704,0,0
174642555,1500,1701,0,0
174644555,1500,1705,0,0
174646555,1498,1701,0,0
174648555,1500,1697,0,0
174650555,1495,1699,0,0
174652555,1500,1702,0,0
174654555,1499,1702,0,0
174656555,1501,1703,0,0
174658555,1497,1702,0,0
174660555,1500,1701,0,0
174662555,1500,1704,0,0
174664555,1500,1697,0,0
174666555,1500,1702,0,0
174668555,1499,1706,0,0
174670555,1496,1701,0,0
174672555,1500,1693,0,0
174674555,1498,1702,0,0
174676555,1501,1697,0,0
174678555,1502,1703,0,0
174680555,1497,1705,0,0
174682555,1501,1704,0,0
174684555,1500,1702,0,0
174686555,1502,1709,0,0
174688555,1498,1700,0,0
174690555,1500,1703,0,0
174692555,1502,1706,0,0
174694555,1503,1701,0,0
174696555,1499,1705,0,0
174698555,1497,1705,0,0
174700555,1500,1710,0,0
174702555,1496,1701,0,0
174704555,1499,1705,0,0
174706555,1497,1702,0,0
174708555,1502,1714,0,0
174710555,1500,1708,0,0
174712555,1503,1713,0,0
174714555,1491,1710,0,0
174716555,1500,1705,0,0
174718555,1500,1707,0,0
174720555,1496,1703,0,0
174722555,1501,1703,0,0
174724555,1500,1705,0,0
174726555,1496,1703,0,0
174728555,1500,1710,0,0
174730555,1500,1704,0,0
174732555,1501,1705,0,0
174734555,1499,1707,0,0
174736555,1501,1706,0,0
174738555,1494,1697,0,0
174740555,1500,1706,0,0
174742555,1496,1701,0,0
174744555,1500,1707,0,0
174746555,1504,1702,0,0
174748555,1497,1703,0,0
174750555,1500,1709,0,0
174752555,1501,1708,0,0
174754555,1500,1705,0,0
174756555,1498,1706,0,0
174758555,1500,1702,0,0
174760555,1502,1701,0,0
174762555,1504,1701,0,0
174764555,1498,1701,0,0
174766555,1501,1707,0,0
174768555,1500,1705,0,0
174770555,1500,1709,0,0
174772555,1501,1704,0,0
174774555,1502,1709,0,0
174776555,1503,1701,0,0
174778555,1494,1696,0,0
174780555,1500,1703,0,0
174782555,1498,1706,0,0
174784555,1492,1699,0,0
174786555,1499,1705,0,0
174788555,1501,1705,0,0
174790555,1500,1705,0,0
174792555,1497,1706,0,0
174794555,1498,1701,0,0
174796555,1499,1701,0,0
174798555,1500,1704,0,0
174800555,1495,1702,0,0
174802555,1491,1702,0,0
174804555,1498,1709,0,0
174806555,1495,1705,0,0
174808555,1497,1706,0,0
174810555,1500,1700,0,0
174812555,1496,1699,0,0
174814555,1500,1703,0,0
174816555,1494,1697,0,0
174818555,1494,1705,0,0
174820555,1499,1712,0,0
174822555,1499,1702,0,0
174824555,1497,1703,0,0
174826555,1496,1703,0,0
174828555,1495,1705,0,0
174830555,1492,1709,0,0
174832555,1502,1695,0,0
174834555,1501,1705,0,0
174836555,1497,1705,0,0
174838555,1497,1703,0,0
174840555,1497,1702,0,0
174842555,1497,1701,0,0
174844555,1501,1709,0,0
174846555,1502,1707,0,0
174848555,1499,1711,0,0
174850555,1499,1697,0,0
174852555,1498,1697,0,0
174854555,1500,1701,0,0
174856555,1500,1709,0,0
174858555,1498,1705,0,0
174860555,1500,1709,0,0
174862555,1497,1705,0,0
174864555,1495,1701,0,0
174866555,1500,1701,0,0
174868555,1496,1704,0,0
174870555,1500,1712,0,0
174872555,1492,1705,0,0
174874555,1500,1705,0,0
174876555,1501,1703,0,0
174878555,1496,1697,0,0
174880555,1500,1704,0,0
174882555,1498,1704,0,0
174884555,1502,1702,0,0
174886555,1503,1707,0,0
174888555,1500,1702,0,0
174890555,1495,1701,0,0
174892555,1496,1701,0,0
174894555,1497,1707,0,0
174896555,1496,1705,0,0
174898555,1496,1697,0,0
174900555,1500,1704,0,0
174902555,1499,1710,0,0
174904555,1497,1705,0,0
174906555,1496,1705,0,0
174908555,1500,1707,0,0
174910555,1500,1707,0,0
174912555,1501,1701,0,0
174914555,1500,1700,0,0
174916555,1501,1709,0,0
174918555,1492,1702,0,0
174920555,1498,1697,0,0
174922555,1498,1705,0,0
174924555,1496,1697,0,0
174926555,1500,1701,0,0
174928555,1495,1705,0,0
174930555,1494,1703,0,0
174932555,1497,1703,0,0
174934555,1499,1701,0,0
174936555,1501,1706,0,0
174938555,1495,1707,0,0
174940555,1500,1704,0,0
174942555,1500,1694,0,0
174944555,1500,1703,0,0
174946555,1502,1697,0,0
174948555,1498,1702,0,0
174950555,1502,1707,0,0
174952555,1501,1700,0,0
174954555,1494,1704,0,0
174956555,1504,1703,0,0
174958555,1498,1701,0,0
174960555,1500,1704,0,0
174962555,1497,1708,0,0
174964555,1497,1704,0,0
174966555,1500,1706,0,0
174968555,1500,1699,0,0
174970555,1496,1699,0,0
174972555,1501,1710,0,0
174974555,1500,1704,0,0
174976555,1502,1706,0,0
174978555,1496,1701,0,0
174980555,1502,1699,0,0
174982555,1496,1707,0,0
174984555,1497,1706,0,0
174986555,1501,1710,0,0
174988555,1496,1701,0,0
174990555,1498,1701,0,0
174992555,1504,1709,0,0
174994555,1504,1710,0,0
174996555,1498,1705,0,0
174998555,1499,1707,0,0
175000555,1500,1712,0,0
175002555,1504,1710,0,0
175004555,1500,1705,0,0
175006555,1502,1702,0,0
175008555,1499,1703,0,0
175010555,1499,1707,0,0
175012555,1497,1709,0,0
175014555,1502,1705,0,0
175016555,1500,1706,0,0
175018555,1500,1704,0,0
175020555,1496,1704,0,0
175022555,1500,1705,0,0
175024555,1498,1706,0,0
175026555,1501,1706,0,0
175028555,1499,1697,0,0
175030555,1498,1701,0,0
175032555,1498,1709,0,0
175034555,1502,1713,0,0
175036555,1499,1706,0,0
175038555,1499,1706,0,0
175040555,1502,1708,0,0
175042555,1500,1706,0,0
175044555,1497,1705,0,0
175046555,1497,1709,0,0
175048555,1502,1705,0,0
175050555,1500,1701,0,0
175052555,1498,1704,0,0
175054555,1499,1707,0,0
175056555,1499,1707,0,0
175058555,1498,1709,0,0
175060555,1500,1702,0,0
175062555,1500,1704,0,0
175064555,1496,1709,0,0
175066555,1498,1699,0,0
175068555,1501,1702,0,0
175070555,1502,1701,0,0
175072555,1492,1702,0,0
175074555,1499,1705,0,0
175076555,1498,1699,0,0
175078555,1498,1701,0,0
175080555,1496,1707,0,0
175082555,1501,1703,0,0
175084555,1496,1701,0,0
175086555,1498,1701,0,0
175088555,1500,1704,0,0
175090555,1500,1704,0,0
175092555,1503,1701,0,0
175094555,1496,1701,0,0
175096555,1500,1702,0,0
175098555,1500,1700,0,0
175100555,1499,1693,0,0
175102555,1499,1702,0,0
175104555,1500,1710,0,0
175106555,1499,1697,0,0
175108555,1500,1708,0,0
175110555,1497,1702,0,0
175112555,1499,1702,0,0
175114555,1500,1702,0,0
175116555,1502,1701,0,0
175118555,1499,1706,0,0
175120555,1496,1710,0,0
175122555,1496,1709,0,0
175124555,1500,1703,0,0
175126555,1500,1696,0,0
175128555,1498,1706,210,1
175130555,1488,1667,210,1
175132555,1473,1630,210,1
175134555,1465,1601,210,1
175136555,1460,1572,210,1
175138555,1448,1533,210,1
175140555,1440,1508,210,1
175142555,1428,1482,210,1
175144555,1420,1456,210,0
175146555,1410,1427,210,0
175148555,1403,1408,210,0
175150555,1398,1384,210,0
175152555,1385,1360,210,0
175154555,1371,1342,210,0
175156555,1371,1329,210,0
175158555,1369,1311,210,0
175160555,1364,1297,210,0
175162555,1360,1281,210,0
175164555,1357,1268,210,0
175166555,1350,1262,210,0
175168555,1352,1247,210,0
175170555,1342,1241,210,0
175172555,1338,1231,210,0
175174555,1339,1229,210,0
175176555,1333,1217,210,0
175178555,1335,1207,210,0
175180555,1332,1205,210,0
175182555,1332,1196,210,0
175184555,1328,1192,210,0
175186555,1326,1195,210,0
175188555,1325,1179,210,0
175190555,1325,1175,210,0
175192555,1320,1177,210,0
175194555,1320,1169,210,0
175196555,1320,1174,210,0
175198555,1320,1167,210,0
175200555,1323,1162,210,0
175202555,1317,1162,210,0
175204555,1316,1161,210,0
175206555,1312,1161,210,0
175208555,1313,1153,210,0
175210555,1313,1147,210,0
175212555,1313,1154,210,0
175214555,1308,1153,210,0
175216555,1311,1145,210,0
175218555,1308,1151,210,0
175220555,1308,1147,210,0
175222555,1310,1141,210,0
175224555,1308,1137,210,0
175226555,1310,1139,210,0
175228555,1310,1140,210,0
175230555,1308,1140,210,0
175232555,1310,1136,210,0
175234555,1308,1138,210,0
175236555,1308,1133,210,0
175238555,1308,1128,210,0
175240555,1307,1134,210,0
175242555,1307,1135,210,0
175244555,1308,1133,210,0
175246555,1304,1127,210,0
175248555,1308,1133,210,0
175250555,1307,1134,210,0
175252555,1308,1131,210,0
175254555,1308,1128,210,0
175256555,1308,1128,210,0
175258555,1308,1133,210,0
175260555,1308,1129,210,0
175262555,1306,1127,210,0
175264555,1308,1130,210,0
175266555,1304,1134,210,0
175268555,1307,1133,210,0
175270555,1308,1137,210,0
175272555,1308,1131,210,0
175274555,1308,1127,210,0
175276555,1304,1123,210,0
175278555,1308,1128,0,0
175280555,1322,1178,0,0
175282555,1335,1226,0,0
175284555,1352,1267,0,0
175286555,1360,1304,0,0
175288555,1371,1331,0,0
175290555,1390,1359,0,0
175292555,1397,1394,0,0
175294555,1410,1415,0,0
175296555,1418,1449,0,0
175298555,1420,1465,0,0
175300555,1428,1487,0,0
175302555,1436,1501,0,0
175304555,1443,1516,0,0
175306555,1444,1536,0,0
175308555,1444,1555,0,0
175310555,1451,1564,0,0
175312555,1456,1576,0,0
175314555,1460,1588,0,0
175316555,1462,1597,0,0
175318555,1475,1601,0,0
175320555,1474,1621,0,0
175322555,1474,1621,0,0
175324555,1479,1626,0,0
175326555,1476,1641,0,0
175328555,1477,1645,0,0
175330555,1482,1649,0,0
175332555,1487,1659,0,0
175334555,1486,1658,0,0
175336555,1485,1666,0,0
175338555,1488,1666,0,0
175340555,1489,1672,0,0
175342555,1491,1677,0,0
175344555,1495,1689,0,0
175346555,1492,1687,0,0
175348555,1497,1692,0,0
175350555,1495,1696,0,0
175352555,1496,1694,0,0
175354555,1497,1700,0,0
175356555,1496,1699,0,0
175358555,1498,1693,0,0
175360555,1500,1709,0,0
175362555,1500,1697,0,0
175364555,1500,1705,0,0
175366555,1499,1705,0,0
175368555,1500,1694,0,0
175370555,1497,1701,0,0
175372555,1500,1709,0,0
175374555,1496,1710,0,0
175376555,1500,1705,0,0
175378555,1496,1702,0,0
175380555,1500,1697,0,0
175382555,1497,1705,0,0
175384555,1498,1703,0,0
175386555,1500,1704,0,0
175388555,1500,1705,0,0
175390555,1499,1700,0,0
175392555,1500,1706,0,0
175394555,1500,1709,0,0
175396555,1500,1703,0,0
175398555,1497,1700,0,0
175400555,1498,1702,0,0
175402555,1497,1705,0,0
175404555,1500,1709,0,0
175406555,1496,1709,0,0
175408555,1497,1707,0,0
175410555,1500,1710,0,0
175412555,1496,1697,0,0
175414555,1497,1697,0,0
175416555,1495,1705,0,0
175418555,1500,1700,0,0
175420555,1497,1705,0,0
175422555,1500,1703,0,0
175424555,1494,1707,0,0
175426555,1499,1693,0,0
175428555,1495,1699,0,0
175430555,1504,1705,0,0
175432555,1500,1697,0,0
175434555,1496,1708,0,0
175436555,1500,1705,0,0
175438555,1502,1702,0,0
175440555,1500,1701,0,0
175442555,1498,1713,0,0
175444555,1500,1703,0,0
175446555,1498,1707,0,0
175448555,1498,1703,0,0
175450555,1507,1705,0,0
175452555,1497,1697,0,0
175454555,1497,1705,0,0
175456555,1500,1702,0,0
175458555,1500,1694,0,0
175460555,1499,1705,0,0
175462555,1498,1701,0,0
175464555,1500,1697,0,0
175466555,1498,1701,0,0
175468555,1501,1704,0,0
175470555,1502,1704,0,0
175472555,1500,1704,0,0
175474555,1494,1705,0,0
175476555,1500,1705,0,0
175478555,1497,1705,0,0
175480555,1500,1709,0,0
175482555,1499,1705,0,0
175484555,1502,1705,0,0
175486555,1496,1703,0,0
175488555,1499,1699,0,0
175490555,1501,1701,0,0
175492555,1494,1705,0,0
175494555,1499,1700,0,0
175496555,1501,1702,0,0
175498555,1496,1705,0,0
175500555,1497,1701,0,0
175502555,1500,1701,0,0
175504555,1496,1704,0,0
175506555,1497,1701,0,0
175508555,1500,1695,0,0
175510555,1497,1704,0,0
175512555,1494,1704,0,0
175514555,1502,1710,0,0
175516555,1500,1701,0,0
175518555,1496,1705,0,0
175520555,1492,1705,0,0
175522555,1498,1706,0,0
175524555,1497,1696,0,0
175526555,1500,1700,0,0
175528555,1499,1704,0,0
175530555,1498,1705,0,0
175532555,1495,1709,0,0
175534555,1496,1709,0,0
175536555,1499,1700,0,0
175538555,1497,1709,0,0
175540555,1496,1707,0,0
175542555,1498,1702,0,0
175544555,1500,1702,0,0
175546555,1497,1706,0,0
175548555,1494,1705,0,0
175550555,1498,1704,0,0
175552555,1495,1704,0,0
175554555,1499,1704,0,0
175556555,1497,1700,0,0
175558555,1500,1701,0,0
175560555,1499,1693,0,0
175562555,1496,1702,0,0
175564555,1493,1706,0,0
175566555,1500,1704,0,0
175568555,1496,1710,0,0
175570555,1504,1705,0,0
175572555,1500,1705,0,0
175574555,1500,1705,0,0
175576555,1501,1703,0,0
175578555,1500,1701,0,0
175580555,1500,1707,0,0
175582555,1500,1701,0,0
175584555,1497,1705,0,0
175586555,1500,1705,0,0
175588555,1500,1707,0,0
175590555,1500,1703,0,0
175592555,1499,1704,0,0
175594555,1499,1702,0,0
175596555,1493,1705,0,0
175598555,1495,1702,0,0
175600555,1497,1696,0,0
175602555,1504,1709,0,0
175604555,1496,1701,0,0
175606555,1496,1705,0,0
175608555,1500,1704,0,0
175610555,1500,1694,0,0
175612555,1497,1704,0,0
175614555,1495,1702,0,0
175616555,1497,1709,0,0
175618555,1499,1702,0,0
175620555,1500,1697,0,0
175622555,1501,1697,0,0
175624555,1501,1702,0,0
175626555,1497,1697,0,0
175628555,1496,1699,0,0
175630555,1499,1703,0,0
175632555,1499,1707,0,0
175634555,1502,1708,0,0
175636555,1500,1715,0,0
175638555,1497,1700,0,0
175640555,1492,1703,0,0
175642555,1500,1709,0,0
175644555,1498,1704,0,0
175646555,1496,1709,0,0
175648555,1498,1702,0,0
175650555,1497,1701,0,0
175652555,1498,1699,0,0
175654555,1496,1709,0,0
175656555,1498,1705,0,0
175658555,1496,1709,0,0
175660555,1500,1701,0,0
175662555,1497,1702,0,0
175664555,1497,1697,0,0
175666555,1501,1703,0,0
175668555,1496,1702,0,0
175670555,1498,1702,0,0
175672555,1500,1706,0,0
175674555,1497,1702,0,0
175676555,1501,1705,0,0
175678555,1500,1701,0,0
175680555,1499,1703,0,0
175682555,1500,1699,0,0
175684555,1498,1705,0,0
175686555,1499,1703,0,0
175688555,1504,1702,0,0
175690555,1492,1709,0,0
175692555,1497,1701,0,0
175694555,1501,1706,0,0
175696555,1498,1707,0,0
175698555,1498,1703,0,0
175700555,1500,1701,0,0
175702555,1497,1704,0,0
175704555,1497,1709,0,0
175706555,1497,1708,0,0
175708555,1496,1705,0,0
175710555,1500,1705,0,0
175712555,1495,1701,0,0
175714555,1501,1706,0,0
175716555,1496,1707,0,0
175718555,1497,1706,0,0
175720555,1496,1700,0,0
175722555,1496,1701,0,0
175724555,1504,1707,0,0
175726555,1500,1697,0,0
175728555,1500,1710,0,0
175730555,1495,1703,0,0
175732555,1497,1701,0,0
175734555,1495,1700,0,0
175736555,1499,1700,0,0
175738555,1500,1702,0,0
175740555,1498,1706,0,0
175742555,1495,1705,0,0
175744555,1504,1709,0,0
175746555,1500,1713,0,0
175748555,1503,1701,0,0
175750555,1498,1716,0,0
175752555,1502,1709,0,0
175754555,1499,1702,0,0
175756555,1500,1704,0,0
175758555,1492,1705,0,0
175760555,1498,1705,0,0
175762555,1497,1704,0,0
175764555,1500,1703,0,0
175766555,1498,1704,0,0
175768555,1500,1709,0,0
175770555,1497,1705,0,0
175772555,1496,1709,0,0
175774555,1496,1705,0,0
175776555,1499,1704,0,0
175778555,1496,1705,0,0
175780555,1502,1701,0,0
175782555,1502,1708,0,0
175784555,1492,1702,0,0
175786555,1502,1700,0,0
175788555,1500,1703,0,0
175790555,1502,1705,0,0
175792555,1500,1709,0,0
175794555,1500,1699,0,0
175796555,1497,1709,0,0
175798555,1500,1705,0,0
175800555,1500,1701,0,0
175802555,1502,1705,0,0
175804555,1501,1704,0,0
175806555,1500,1704,0,0
175808555,1497,1701,0,0
175810555,1498,1701,0,0
175812555,1496,1701,0,0
175814555,1499,1699,0,0
175816555,1500,1707,0,0
175818555,1494,1706,0,0
175820555,1502,1704,0,0
175822555,1497,1701,0,0
175824555,1497,1708,0,0
175826555,1500,1699,0,0
175828555,1496,1697,0,0
175830555,1496,1700,0,0
175832555,1501,1701,0,0
175834555,1499,1699,0,0
175836555,1499,1713,0,0
175838555,1499,1709,0,0
175840555,1495,1704,0,0
175842555,1495,1697,0,0
175844555,1502,1701,0,0
175846555,1496,1704,0,0
175848555,1500,1705,0,0
175850555,1504,1697,0,0
175852555,1502,1710,0,0
175854555,1498,1701,0,0
175856555,1500,1701,0,0
175858555,1502,1712,0,0
175860555,1502,1709,0,0
175862555,1496,1704,0,0
175864555,1498,1700,0,0
175866555,1500,1704,0,0
175868555,1497,1703,0,0
175870555,1498,1709,0,0
175872555,1500,1707,0,0
175874555,1494,1701,0,0
175876555,1499,1713,0,0
175878555,1500,1701,0,0
175880555,1501,1707,0,0
175882555,1495,1705,0,0
175884555,1496,1709,0,0
175886555,1496,1706,0,0
175888555,1500,1709,0,0
175890555,1498,1705,0,0
175892555,1501,1715,0,0
175894555,1500,1703,0,0
175896555,1500,1704,0,0
175898555,1498,1702,0,0
175900555,1500,1701,0,0
175902555,1494,1706,0,0
175904555,1500,1709,0,0
175906555,1496,1706,0,0
175908555,1504,1709,0,0
175910555,1497,1697,0,0
175912555,1498,1705,0,0
175914555,1498,1694,0,0
175916555,1500,1706,0,0
175918555,1499,1708,0,0
175920555,1499,1702,0,0
175922555,1492,1699,0,0
175924555,1500,1705,0,0
175926555,1498,1701,0,0
175928555,1499,1699,0,0
175930555,1502,1701,0,0
175932555,1502,1704,0,0
175934555,1499,1697,0,0
175936555,1497,1693,0,0
175938555,1501,1702,0,0
175940555,1500,1709,0,0
175942555,1502,1705,0,0
175944555,1498,1705,0,0
175946555,1497,1705,0,0
175948555,1504,1701,0,0
175950555,1500,1707,0,0
175952555,1500,1702,0,0
175954555,1499,1704,0,0
175956555,1500,1709,0,0
175958555,1503,1702,0,0
175960555,1500,1701,0,0
175962555,1501,1705,0,0
175964555,1496,1697,0,0
175966555,1495,1705,0,0
175968555,1497,1705,0,0
175970555,1498,1705,0,0
175972555,1501,1704,0,0
175974555,1497,1705,0,0
175976555,1499,1703,0,0
175978555,1500,1710,0,0
175980555,1500,1712,0,0
175982555,1498,1704,0,0
175984555,1500,1709,0,0
175986555,1499,1702,0,0
175988555,1502,1704,0,0
175990555,1500,1697,0,0
175992555,1498,1702,0,0
175994555,1501,1702,0,0
175996555,1497,1709,0,0
175998555,1499,1707,0,0
176000555,1499,1705,0,0
176002555,1495,1703,0,0
176004555,1500,1704,0,0
176006555,1500,1703,0,0
176008555,1500,1707,0,0
176010555,1501,1704,0,0
176012555,1499,1705,0,0
176014555,1504,1706,0,0
176016555,1500,1705,0,0
176018555,1500,1704,0,0
176020555,1498,1705,0,0
176022555,1498,1705,0,0
176024555,1500,1709,0,0
176026555,1500,1705,0,0
176028555,1498,1704,0,0
176030555,1501,1712,0,0
176032555,1496,1699,0,0
176034555,1501,1701,0,0
176036555,1497,1699,0,0
176038555,1500,1704,0,0
176040555,1495,1705,0,0
176042555,1501,1697,0,0
176044555,1500,1705,0,0
176046555,1494,1701,0,0
176048555,1500,1714,0,0
176050555,1496,1702,0,0
176052555,1499,1702,0,0
176054555,1497,1708,0,0
176056555,1500,1710,0,0
176058555,1492,1704,0,0
176060555,1502,1704,0,0
176062555,1498,1704,0,0
176064555,1499,1703,0,0
176066555,1502,1701,0,0
176068555,1499,1705,0,0
176070555,1502,1709,0,0
176072555,1496,1702,0,0
176074555,1499,1702,0,0
176076555,1499,1705,0,0
176078555,1504,1706,210,1
176080555,1484,1667,210,1
176082555,1474,1629,210,1
176084555,1463,1597,210,1
176086555,1456,1565,210,1
176088555,1449,1536,210,1
176090555,1436,1502,210,1
176092555,1426,1481,210,1
176094555,1412,1451,210,0
176096555,1407,1435,210,0
176098555,1406,1410,210,0
176100555,1397,1371,210,0
176102555,1384,1360,210,0
176104555,1371,1337,210,0
176106555,1371,1332,210,0
176108555,1369,1312,210,0
176110555,1366,1297,210,0
176112555,1359,1282,210,0
176114555,1357,1275,210,0
176116555,1347,1260,210,0
176118555,1351,1251,210,0
176120555,1348,1247,210,0
176122555,1338,1235,210,0
176124555,1338,1229,210,0
176126555,1335,1219,210,0
176128555,1334,1191,210,0
176130555,1333,1200,210,0
176132555,1333,1196,210,0
176134555,1328,1187,210,0
176136555,1325,1187,210,0
176138555,1326,1183,210,0
176140555,1320,1178,210,0
176142555,1325,1171,210,0
176144555,1320,1167,210,0
176146555,1320,1174,210,0
176148555,1319,1167,210,0
176150555,1318,1159,210,0
176152555,1319,1155,210,0
176154555,1318,1158,210,0
176156555,1310,1153,210,0
176158555,1316,1155,210,0
176160555,1315,1148,210,0
176162555,1309,1151,210,0
176164555,1313,1152,210,0
176166555,1308,1150,210,0
176168555,1312,1146,210,0
176170555,1309,1143,210,0
176172555,1312,1141,210,0
176174555,1308,1142,210,0
176176555,1308,1140,210,0
176178555,1311,1139,210,0
176180555,1310,1139,210,0
176182555,1309,1134,210,0
176184555,1308,1132,210,0
176186555,1307,1138,210,0
176188555,1308,1135,210,0
176190555,1307,1137,210,0
176192555,1308,1128,210,0
176194555,1308,1139,210,0
176196555,1308,1131,210,0
176198555,1308,1140,210,0
176200555,1308,1129,210,0
176202555,1307,1128,210,0
176204555,1308,1134,210,0
176206555,1308,1131,210,0
176208555,1308,1128,210,0
176210555,1308,1129,210,0
176212555,1307,1127,210,0
176214555,1309,1127,210,0
176216555,1305,1129,210,0
176218555,1309,1128,210,0
176220555,1308,1132,210,0
176222555,1308,1130,210,0
176224555,1308,1127,210,0
176226555,1307,1128,210,0
176228555,1306,1128,0,0
176230555,1322,1180,0,0
176232555,1333,1227,0,0
176234555,1356,1261,0,0
176236555,1364,1304,0,0
176238555,1371,1333,0,0
176240555,1371,1363,0,0
176242555,1399,1388,0,0
176244555,1409,1427,0,0
176246555,1420,1447,0,0
176248555,1423,1470,0,0
176250555,1428,1487,0,0
176252555,1433,1510,0,0
176254555,1436,1524,0,0
176256555,1448,1536,0,0
176258555,1449,1552,0,0
176260555,1456,1564,0,0
176262555,1461,1574,0,0
176264555,1465,1589,0,0
176266555,1464,1590,0,0
176268555,1472,1603,0,0
176270555,1471,1615,0,0
176272555,1475,1625,0,0
176274555,1474,1637,0,0
176276555,1480,1639,0,0
176278555,1484,1642,0,0
176280555,1482,1653,0,0
176282555,1487,1656,0,0
176284555,1485,1666,0,0
176286555,1489,1672,0,0
176288555,1488,1675,0,0
176290555,1487,1675,0,0
176292555,1487,1683,0,0
176294555,1491,1682,0,0
176296555,1488,1684,0,0
176298555,1498,1692,0,0
176300555,1495,1682,0,0
176302555,1498,1701,0,0
176304555,1495,1700,0,0
176306555,1500,1704,0,0
176308555,1500,1692,0,0
176310555,1498,1705,0,0
176312555,1498,1701,0,0
176314555,1500,1703,0,0
176316555,1498,1704,0,0
176318555,1496,1704,0,0
176320555,1496,1697,0,0
176322555,1495,1703,0,0
176324555,1500,1705,0,0
176326555,1497,1704,0,0
176328555,1500,1701,0,0
176330555,1499,1692,0,0
176332555,1499,1705,0,0
176334555,1501,1694,0,0
176336555,1498,1707,0,0
176338555,1500,1710,0,0
176340555,1498,1703,0,0
176342555,1499,1704,0,0
176344555,1495,1696,0,0
176346555,1499,1700,0,0
176348555,1497,1706,0,0
176350555,1503,1700,0,0
176352555,1495,1708,0,0
176354555,1498,1710,0,0
176356555,1500,1704,0,0
176358555,1500,1705,0,0
176360555,1500,1700,0,0
176362555,1499,1706,0,0
176364555,1501,1705,0,0
176366555,1496,1706,0,0
176368555,1503,1712,0,0
176370555,1496,1701,0,0
176372555,1500,1706,0,0
176374555,1498,1705,0,0
176376555,1502,1700,0,0
176378555,1502,1704,0,0
176380555,1498,1699,0,0
176382555,1499,1701,0,0
176384555,1500,1702,0,0
176386555,1504,1697,0,0
176388555,1494,1704,0,0
176390555,1496,1704,0,0
176392555,1498,1704,0,0
176394555,1500,1703,0,0
176396555,1501,1706,0,0
176398555,1497,1700,0,0
176400555,1500,1701,0,0
176402555,1499,1704,0,0
176404555,1500,1705,0,0
176406555,1500,1707,0,0
176408555,1498,1700,0,0
176410555,1501,1706,0,0
176412555,1497,1704,0,0
176414555,1500,1706,0,0
176416555,1500,1705,0,0
176418555,1500,1708,0,0
176420555,1500,1707,0,0
176422555,1502,1705,0,0
176424555,1501,1697,0,0
176426555,1498,1701,0,0
176428555,1501,1704,0,0
176430555,1500,1702,0,0
176432555,1498,1710,0,0
176434555,1499,1697,0,0
176436555,1500,1699,0,0
176438555,1505,1705,0,0
176440555,1496,1706,0,0
176442555,1500,1707,0,0
176444555,1496,1701,0,0
176446555,1498,1704,0,0
176448555,1500,1708,0,0
176450555,1496,1706,0,0
176452555,1496,1704,0,0
176454555,1502,1697,0,0
176456555,1499,1703,0,0
176458555,1502,1709,0,0
176460555,1498,1705,0,0
176462555,1499,1701,0,0
176464555,1499,1709,0,0
176466555,1500,1708,0,0
176468555,1496,1701,0,0
176470555,1494,1705,0,0
176472555,1504,1703,0,0
176474555,1500,1705,0,0
176476555,1498,1705,0,0
176478555,1492,1702,0,0
176480555,1504,1704,0,0
176482555,1499,1708,0,0
176484555,1495,1705,0,0
176486555,1500,1707,0,0
176488555,1501,1707,0,0
176490555,1499,1706,0,0
176492555,1498,1703,0,0
176494555,1496,1701,0,0
176496555,1498,1703,0,0
176498555,1500,1701,0,0
176500555,1500,1701,0,0
176502555,1501,1699,0,0
176504555,1499,1702,0,0
176506555,1492,1709,0,0
176508555,1501,1700,0,0
176510555,1500,1715,0,0
176512555,1500,1705,0,0
176514555,1501,1707,0,0
176516555,1501,1693,0,0
176518555,1502,1710,0,0
176520555,1500,1697,0,0
176522555,1496,1701,0,0
176524555,1500,1705,0,0
176526555,1499,1705,0,0
176528555,1501,1703,0,0
176530555,1496,1702,0,0
176532555,1489,1706,0,0
176534555,1503,1703,0,0
176536555,1492,1705,0,0
176538555,1497,1705,0,0
176540555,1501,1700,0,0
176542555,1496,1713,0,0
176544555,1502,1703,0,0
176546555,1497,1708,0,0
176548555,1500,1702,0,0
176550555,1494,1703,0,0
176552555,1497,1701,0,0
176554555,1498,1705,0,0
176556555,1496,1701,0,0
176558555,1503,1697,0,0
176560555,1496,1704,0,0
176562555,1498,1704,0,0
176564555,1500,1704,0,0
176566555,1501,1709,0,0
176568555,1496,1704,0,0
176570555,1497,1701,0,0
176572555,1496,1709,0,0
176574555,1500,1704,0,0
176576555,1502,1699,0,0
176578555,1497,1699,0,0
176580555,1497,1703,0,0
176582555,1503,1709,0,0
176584555,1498,1703,0,0
176586555,1496,1702,0,0
176588555,1496,1703,0,0
176590555,1492,1701,0,0
176592555,1499,1699,0,0
176594555,1496,1707,0,0
176596555,1496,1694,0,0
176598555,1497,1706,0,0
176600555,1499,1707,0,0
176602555,1497,1706,0,0
176604555,1499,1706,0,0
176606555,1500,1704,0,0
176608555,1500,1705,0,0
176610555,1496,1699,0,0
176612555,1495,1702,0,0
176614555,1499,1701,0,0
176616555,1495,1701,0,0
176618555,1500,1700,0,0
176620555,1494,1697,0,0
176622555,1497,1699,0,0
176624555,1498,1706,0,0
176626555,1500,1701,0,0
176628555,1495,1705,0,0
176630555,1504,1712,0,0
176632555,1497,1709,0,0
176634555,1499,1705,0,0
176636555,1504,1701,0,0
176638555,1496,1702,0,0
176640555,1499,1706,0,0
176642555,1504,1709,0,0
176644555,1498,1709,0,0
176646555,1500,1704,0,0
176648555,1500,1705,0,0
176650555,1499,1703,0,0
176652555,1498,1695,0,0
176654555,1496,1705,0,0
176656555,1500,1705,0,0
176658555,1502,1703,0,0
176660555,1501,1705,0,0
176662555,1497,1705,0,0
176664555,1501,1708,0,0
176666555,1500,1699,0,0
176668555,1500,1697,0,0
176670555,1496,1705,0,0
176672555,1494,1705,0,0
176674555,1501,1699,0,0
176676555,1506,1712,0,0
176678555,1502,1707,0,0
176680555,1499,1701,0,0
176682555,1499,1702,0,0
176684555,1497,1707,0,0
176686555,1501,1707,0,0
176688555,1500,1705,0,0
176690555,1498,1704,0,0
176692555,1496,1702,0,0
176694555,1501,1703,0,0
176696555,1502,1707,0,0
176698555,1496,1703,0,0
176700555,1500,1705,0,0
176702555,1498,1705,0,0
176704555,1502,1705,0,0
176706555,1500,1712,0,0
176708555,1499,1705,0,0
176710555,1502,1705,0,0
176712555,1500,1710,0,0
176714555,1499,1706,0,0
176716555,1497,1699,0,0
176718555,1496,1701,0,0
176720555,1501,1705,0,0
176722555,1502,1705,0,0
176724555,1508,1704,0,0
176726555,1501,1701,0,0
176728555,1499,1704,0,0
176730555,1500,1712,0,0
176732555,1499,1702,0,0
176734555,1494,1708,0,0
176736555,1501,1710,0,0
176738555,1500,1707,0,0
176740555,1496,1702,0,0
176742555,1500,1712,0,0
176744555,1500,1700,0,0
176746555,1500,1705,0,0
176748555,1496,1707,0,0
176750555,1500,1707,0,0
176752555,1497,1704,0,0
176754555,1499,1702,0,0
176756555,1500,1697,0,0
176758555,1498,1709,0,0
176760555,1498,1702,0,0
176762555,1498,1705,0,0
176764555,1500,1707,0,0
176766555,1494,1703,0,0
176768555,1501,1699,0,0
176770555,1503,1702,0,0
176772555,1500,1699,0,0
176774555,1505,1704,0,0
176776555,1502,1701,0,0
176778555,1500,1705,0,0
176780555,1499,1705,0,0
176782555,1491,1704,0,0
176784555,1500,1708,0,0
176786555,1497,1704,0,0
176788555,1499,1713,0,0
176790555,1498,1701,0,0
176792555,1500,1702,0,0
176794555,1496,1711,0,0
176796555,1500,1703,0,0
176798555,1498,1702,0,0
176800555,1498,1703,0,0
176802555,1497,1701,0,0
176804555,1497,1702,0,0
176806555,1498,1706,0,0
176808555,1496,1707,0,0
176810555,1496,1701,0,0
176812555,1497,1709,0,0
176814555,1497,1704,0,0
176816555,1496,1694,0,0
176818555,1497,1703,0,0
176820555,1497,1705,0,0
176822555,1500,1703,0,0
176824555,1497,1704,0,0
176826555,1499,1709,0,0
176828555,1499,1697,0,0
176830555,1499,1707,0,0
176832555,1496,1707,0,0
176834555,1502,1701,0,0
176836555,1495,1708,0,0
176838555,1499,1702,0,0
176840555,1499,1705,0,0
176842555,1495,1699,0,0
176844555,1498,1702,0,0
176846555,1500,1700,0,0
176848555,1500,1702,0,0
176850555,1499,1712,0,0
176852555,1500,1697,0,0
176854555,1497,1700,0,0
176856555,1501,1709,0,0
176858555,1502,1706,0,0
176860555,1498,1707,0,0
176862555,1495,1701,0,0
176864555,1499,1704,0,0
176866555,1497,1699,0,0
176868555,1498,1700,0,0
176870555,1492,1701,0,0
176872555,1503,1694,0,0
176874555,1500,1704,0,0
176876555,1497,1707,0,0
176878555,1500,1703,0,0
176880555,1495,1705,0,0
176882555,1501,1707,0,0
176884555,1499,1703,0,0
176886555,1495,1701,0,0
176888555,1495,1704,0,0
176890555,1502,1701,0,0
176892555,1500,1708,0,0
176894555,1492,1707,0,0
176896555,1501,1702,0,0
176898555,1497,1700,0,0
176900555,1492,1697,0,0
176902555,1498,1705,0,0
176904555,1490,1696,0,0
176906555,1499,1699,0,0
176908555,1496,1695,0,0
176910555,1496,1700,0,0
176912555,1496,1709,0,0
176914555,1502,1701,0,0
176916555,1494,1705,0,0
176918555,1497,1704,0,0
176920555,1502,1702,0,0
176922555,1498,1705,0,0
176924555,1492,1693,0,0
176926555,1496,1701,0,0
176928555,1500,1704,0,0
176930555,1501,1703,0,0
176932555,1500,1704,0,0
176934555,1494,1707,0,0
176936555,1497,1705,0,0
176938555,1492,1706,0,0
176940555,1498,1702,0,0
176942555,1500,1705,0,0
176944555,1501,1706,0,0
176946555,1499,1703,0,0
176948555,1498,1705,0,0
176950555,1500,1704,0,0
176952555,1502,1712,0,0
176954555,1499,1705,0,0
176956555,1500,1707,0,0
176958555,1496,1707,0,0
176960555,1500,1705,0,0
176962555,1498,1701,0,0
176964555,1499,1705,0,0
176966555,1497,1704,0,0
176968555,1500,1705,0,0
176970555,1495,1700,0,0
176972555,1496,1706,0,0
176974555,1499,1701,0,0
176976555,1498,1701,0,0
176978555,1499,1708,0,0
176980555,1494,1706,0,0
176982555,1497,1709,0,0
176984555,1500,1705,0,0
176986555,1500,1699,0,0
176988555,1496,1704,0,0
176990555,1500,1697,0,0
176992555,1496,1701,0,0
176994555,1502,1712,0,0
176996555,1501,1697,0,0
176998555,1492,1705,0,0
177000555,1500,1704,0,0
177002555,1496,1705,0,0
177004555,1496,1706,0,0
177006555,1504,1701,0,0
177008555,1499,1701,0,0
177010555,1500,1712,0,0
177012555,1495,1710,0,0
177014555,1497,1712,0,0
177016555,1499,1697,0,0
177018555,1497,1706,0,0
177020555,1501,1705,0,0
177022555,1504,1694,0,0
177024555,1498,1710,0,0
177026555,1499,1704,0,0
177028555,1499,1705,210,1
177030555,1488,1667,210,1
177032555,1472,1630,210,1
177034555,1463,1597,210,1
177036555,1452,1564,210,1
177038555,1440,1536,210,1
177040555,1436,1512,210,1
177042555,1432,1480,210,1
177044555,1412,1456,210,0
177046555,1404,1429,210,0
177048555,1397,1410,210,0
177050555,1396,1371,210,0
177052555,1392,1361,210,0
177054555,1371,1336,210,0
177056555,1371,1331,210,0
177058555,1369,1312,210,0
177060555,1363,1297,210,0
177062555,1363,1284,210,0
177064555,1352,1280,210,0
177066555,1356,1256,210,0
177068555,1342,1252,210,0
177070555,1342,1247,210,0
177072555,1337,1231,210,0
177074555,1338,1220,210,0
177076555,1335,1228,210,0
177078555,1334,1213,210,0
177080555,1333,1207,210,0
177082555,1333,1195,210,0
177084555,1328,1193,210,0
177086555,1328,1187,210,0
177088555,1328,1187,210,0
177090555,1328,1179,210,0
177092555,1323,1177,210,0
177094555,1320,1167,210,0
177096555,1325,1168,210,0
177098555,1316,1166,210,0
177100555,1319,1164,210,0
177102555,1313,1158,210,0
177104555,1319,1159,210,0
177106555,1316,1154,210,0
177108555,1311,1149,210,0
177110555,1318,1155,210,0
177112555,1312,1151,210,0
177114555,1312,1139,210,0
177116555,1309,1142,210,0
177118555,1312,1147,210,0
177120555,1312,1143,210,0
177122555,1308,1141,210,0
177124555,1310,1140,210,0
177126555,1311,1147,210,0
177128555,1310,1140,210,0
177130555,1309,1135,210,0
177132555,1307,1141,210,0
177134555,1308,1142,210,0
177136555,1308,1135,210,0
177138555,1308,1134,210,0
177140555,1308,1135,210,0
177142555,1305,1137,210,0
177144555,1308,1130,210,0
177146555,1313,1134,210,0
177148555,1308,1134,210,0
177150555,1304,1135,210,0
177152555,1305,1135,210,0
177154555,1309,1136,210,0
177156555,1306,1136,210,0
177158555,1308,1128,210,0
177160555,1308,1129,210,0
177162555,1307,1131,210,0
177164555,1310,1128,210,0
177166555,1304,1128,210,0
177168555,1309,1128,210,0
177170555,1308,1127,210,0
177172555,1308,1132,210,0
177174555,1305,1130,210,0
177176555,1308,1131,210,0
177178555,1307,1128,0,0
177180555,1322,1177,0,0
177182555,1337,1231,0,0
177184555,1351,1265,0,0
177186555,1359,1295,0,0
177188555,1371,1333,0,0
177190555,1388,1369,0,0
177192555,1399,1398,0,0
177194555,1402,1417,0,0
177196555,1417,1443,0,0
177198555,1423,1464,0,0
177200555,1420,1488,0,0
177202555,1436,1504,0,0
177204555,1437,1524,0,0
177206555,1446,1538,0,0
177208555,1450,1551,0,0
177210555,1458,1562,0,0
177212555,1459,1569,0,0
177214555,1460,1589,0,0
177216555,1468,1592,0,0
177218555,1464,1614,0,0
177220555,1474,1617,0,0
177222555,1470,1623,0,0
177224555,1478,1638,0,0
177226555,1476,1641,0,0
177228555,1480,1641,0,0
177230555,1483,1646,0,0
177232555,1488,1658,0,0
177234555,1489,1658,0,0
177236555,1488,1673,0,0
177238555,1488,1666,0,0
177240555,1488,1681,0,0
177242555,1492,1678,0,0
177244555,1492,1691,0,0
177246555,1493,1692,0,0
177248555,1495,1693,0,0
177250555,1494,1693,0,0
177252555,1499,1693,0,0
177254555,1496,1701,0,0
177256555,1496,1693,0,0
177258555,1496,1697,0,0
177260555,1501,1697,0,0
177262555,1496,1702,0,0
177264555,1500,1696,0,0
177266555,1500,1705,0,0
177268555,1498,1705,0,0
177270555,1499,1695,0,0
177272555,1495,1702,0,0
177274555,1497,1696,0,0
177276555,1497,1696,0,0
177278555,1495,1707,0,0
177280555,1497,1699,0,0
177282555,1500,1701,0,0
177284555,1498,1705,0,0
177286555,1500,1709,0,0
177288555,1496,1701,0,0
177290555,1496,1701,0,0
177292555,1500,1703,0,0
177294555,1504,1701,0,0
177296555,1498,1702,0,0
177298555,1496,1706,0,0
177300555,1496,1701,0,0
177302555,1496,1700,0,0
177304555,1502,1701,0,0
177306555,1495,1703,0,0
177308555,1495,1708,0,0
177310555,1496,1704,0,0
177312555,1501,1705,0,0
177314555,1496,1702,0,0
177316555,1500,1703,0,0
177318555,1495,1702,0,0
177320555,1498,1705,0,0
177322555,1498,1705,0,0
177324555,1495,1712,0,0
177326555,1498,1697,0,0
177328555,1499,1707,0,0
177330555,1497,1707,0,0
177332555,1489,1697,0,0
177334555,1500,1707,0,0
177336555,1492,1703,0,0
177338555,1496,1709,0,0
177340555,1504,1699,0,0
177342555,1497,1717,0,0
177344555,1497,1704,0,0
177346555,1499,1703,0,0
177348555,1490,1704,0,0
177350555,1495,1705,0,0
177352555,1496,1705,0,0
177354555,1501,1707,0,0
177356555,1500,1703,0,0
177358555,1498,1705,0,0
177360555,1498,1713,0,0
177362555,1504,1707,0,0
177364555,1499,1703,0,0
177366555,1498,1705,0,0
177368555,1497,1703,0,0
177370555,1495,1705,0,0
177372555,1501,1706,0,0
177374555,1498,1696,0,0
177376555,1498,1703,0,0
177378555,1496,1713,0,0
177380555,1497,1703,0,0
177382555,1499,1707,0,0
177384555,1492,1703,0,0
177386555,1499,1705,0,0
177388555,1500,1712,0,0
177390555,1496,1702,0,0
177392555,1496,1704,0,0
177394555,1492,1710,0,0
177396555,1499,1703,0,0
177398555,1500,1711,0,0
177400555,1499,1697,0,0
177402555,1497,1702,0,0
177404555,1496,1699,0,0
177406555,1498,1704,0,0
177408555,1492,1703,0,0
177410555,1496,1709,0,0
177412555,1495,1697,0,0
177414555,1498,1697,0,0
177416555,1499,1697,0,0
177418555,1496,1697,0,0
177420555,1500,1706,0,0
177422555,1503,1701,0,0
177424555,1492,1709,0,0
177426555,1493,1709,0,0
177428555,1499,1705,0,0
177430555,1499,1707,0,0
177432555,1502,1713,0,0
177434555,1488,1706,0,0
177436555,1495,1707,0,0
177438555,1495,1704,0,0
177440555,1499,1708,0,0
177442555,1499,1709,0,0
177444555,1499,1703,0,0
177446555,1497,1701,0,0
177448555,1499,1700,0,0
177450555,1498,1701,0,0
177452555,1496,1707,0,0
177454555,1500,1705,0,0
177456555,1497,1704,0,0
177458555,1492,1704,0,0
177460555,1499,1701,0,0
177462555,1492,1697,0,0
177464555,1499,1705,0,0
177466555,1492,1704,0,0
177468555,1497,1705,0,0
177470555,1499,1701,0,0
177472555,1492,1707,0,0
177474555,1498,1703,0,0
177476555,1497,1704,0,0
177478555,1500,1706,0,0
177480555,1497,1703,0,0
177482555,1496,1697,0,0
177484555,1499,1709,0,0
177486555,1497,1704,0,0
177488555,1498,1701,0,0
177490555,1495,1709,0,0
177492555,1499,1712,0,0
177494555,1499,1707,0,0
177496555,1501,1705,0,0
177498555,1500,1708,0,0
177500555,1494,1697,0,0
177502555,1488,1706,0,0
177504555,1496,1702,0,0
177506555,1496,1707,0,0
177508555,1499,1693,0,0
177510555,1502,1701,0,0
177512555,1498,1701,0,0
177514555,1500,1705,0,0
177516555,1495,1702,0,0
177518555,1500,1704,0,0
177520555,1499,1702,0,0
177522555,1502,1702,0,0
177524555,1498,1701,0,0
177526555,1498,1701,0,0
177528555,1498,1709,0,0
177530555,1494,1703,0,0
177532555,1498,1696,0,0
177534555,1497,1705,0,0
177536555,1501,1704,0,0
177538555,1501,1695,0,0
177540555,1499,1702,0,0
177542555,1500,1704,0,0
177544555,1496,1713,0,0
177546555,1500,1705,0,0
177548555,1494,1707,0,0
177550555,1500,1707,0,0
177552555,1498,1701,0,0
177554555,1496,1707,0,0
177556555,1495,1699,0,0
177558555,1500,1702,0,0
177560555,1497,1705,0,0
177562555,1494,1701,0,0
177564555,1492,1706,0,0
177566555,1497,1705,0,0
177568555,1497,1705,0,0
177570555,1495,1705,0,0
177572555,1496,1704,0,0
177574555,1493,1701,0,0
177576555,1500,1700,0,0
177578555,1499,1702,0,0
177580555,1500,1699,0,0
177582555,1500,1705,0,0
177584555,1493,1697,0,0
177586555,1499,1707,0,0
177588555,1500,1704,0,0
177590555,1497,1713,0,0
177592555,1500,1707,0,0
177594555,1496,1705,0,0
177596555,1500,1703,0,0
177598555,1496,1707,0,0
177600555,1498,1701,0,0
177602555,1500,1704,0,0
177604555,1501,1701,0,0
177606555,1505,1705,0,0
177608555,1497,1697,0,0
177610555,1498,1705,0,0
177612555,1496,1700,0,0
177614555,1500,1704,0,0
177616555,1499,1705,0,0
177618555,1504,1704,0,0
177620555,1496,1701,0,0
177622555,1496,1705,0,0
177624555,1495,1697,0,0
177626555,1501,1699,0,0
177628555,1500,1705,0,0
177630555,1498,1696,0,0
177632555,1500,1705,0,0
177634555,1497,1702,0,0
177636555,1500,1713,0,0
177638555,1498,1706,0,0
177640555,1495,1709,0,0
177642555,1494,1709,0,0
177644555,1495,1705,0,0
177646555,1503,1713,0,0
177648555,1497,1704,0,0
177650555,1495,1704,0,0
177652555,1496,1703,0,0
177654555,1500,1707,0,0
177656555,1497,1701,0,0
177658555,1501,1705,0,0
177660555,1501,1702,0,0
177662555,1496,1702,0,0
177664555,1499,1709,0,0
177666555,1499,1707,0,0
177668555,1496,1706,0,0
177670555,1501,1698,0,0
177672555,1498,1706,0,0
177674555,1497,1704,0,0
177676555,1497,1704,0,0
177678555,1497,1704,0,0
177680555,1500,1707,0,0
177682555,1494,1702,0,0
177684555,1501,1705,0,0
177686555,1496,1706,0,0
177688555,1497,1705,0,0
177690555,1498,1702,0,0
177692555,1492,1704,0,0
177694555,1492,1705,0,0
177696555,1496,1708,0,0
177698555,1499,1706,0,0
177700555,1498,1700,0,0
177702555,1492,1705,0,0
177704555,1500,1697,0,0
177706555,1498,1706,0,0
177708555,1488,1705,0,0
177710555,1500,1704,0,0
177712555,1501,1705,0,0
177714555,1502,1707,0,0
177716555,1497,1702,0,0
177718555,1494,1710,0,0
177720555,1497,1706,0,0
177722555,1500,1713,0,0
177724555,1496,1703,0,0
177726555,1497,1705,0,0
177728555,1496,1704,0,0
177730555,1500,1705,0,0
177732555,1496,1705,0,0
177734555,1502,1713,0,0
177736555,1500,1697,0,0
177738555,1495,1702,0,0
177740555,1496,1704,0,0
177742555,1496,1705,0,0
177744555,1497,1697,0,0
177746555,1497,1706,0,0
177748555,1498,1705,0,0
177750555,1498,1704,0,0
177752555,1495,1707,0,0
177754555,1498,1701,0,0
177756555,1496,1710,0,0
177758555,1498,1693,0,0
177760555,1502,1701,0,0
177762555,1496,1705,0,0
177764555,1499,1699,0,0
177766555,1499,1709,0,0
177768555,1496,1704,0,0
177770555,1500,1704,0,0
177772555,1501,1705,0,0
177774555,1498,1704,0,0
177776555,1497,1703,0,0
177778555,1504,1702,0,0
177780555,1495,1705,0,0
177782555,1502,1697,0,0
177784555,1497,1706,0,0
177786555,1495,1704,0,0
177788555,1492,1702,0,0
177790555,1500,1706,0,0
177792555,1498,1709,0,0
177794555,1497,1701,0,0
177796555,1500,1705,0,0
177798555,1495,1704,0,0
177800555,1500,1699,0,0
177802555,1500,1703,0,0
177804555,1496,1704,0,0
177806555,1500,1706,0,0
177808555,1495,1694,0,0
177810555,1499,1700,0,0
177812555,1498,1709,0,0
177814555,1498,1705,0,0
177816555,1498,1707,0,0
177818555,1499,1706,0,0
177820555,1492,1709,0,0
177822555,1500,1705,0,0
177824555,1500,1702,0,0
177826555,1488,1705,0,0
177828555,1501,1706,0,0
177830555,1499,1702,0,0
177832555,1500,1708,0,0
177834555,1504,1703,0,0
177836555,1500,1704,0,0
177838555,1501,1709,0,0
177840555,1499,1706,0,0
177842555,1499,1705,0,0
177844555,1499,1704,0,0
177846555,1498,1710,0,0
177848555,1501,1704,0,0
177850555,1499,1704,0,0
177852555,1498,1704,0,0
177854555,1500,1693,0,0
177856555,1491,1704,0,0
177858555,1495,1703,0,0
177860555,1498,1706,0,0
177862555,1498,1705,0,0
177864555,1496,1697,0,0
177866555,1502,1701,0,0
177868555,1499,1704,0,0
177870555,1494,1706,0,0
177872555,1501,1703,0,0
177874555,1499,1704,0,0
177876555,1499,1704,0,0
177878555,1498,1704,0,0
177880555,1497,1705,0,0
177882555,1501,1706,0,0
177884555,1497,1706,0,0
177886555,1497,1699,0,0
177888555,1497,1705,0,0
177890555,1501,1706,0,0
177892555,1496,1709,0,0
177894555,1499,1700,0,0
177896555,1498,1703,0,0
177898555,1500,1702,0,0
177900555,1500,1703,0,0
177902555,1504,1700,0,0
177904555,1496,1708,0,0
177906555,1500,1709,0,0
177908555,1499,1707,0,0
177910555,1497,1700,0,0
177912555,1496,1694,0,0
177914555,1499,1702,0,0
177916555,1496,1694,0,0
177918555,1497,1703,0,0
177920555,1500,1704,0,0
177922555,1501,1701,0,0
177924555,1498,1707,0,0
177926555,1492,1705,0,0
177928555,1498,1706,0,0
177930555,1504,1705,0,0
177932555,1498,1706,0,0
177934555,1499,1713,0,0
177936555,1499,1709,0,0
177938555,1496,1702,0,0
177940555,1498,1709,0,0
177942555,1500,1706,0,0
177944555,1499,1692,0,0
177946555,1500,1706,0,0
177948555,1500,1713,0,0
177950555,1502,1697,0,0
177952555,1498,1705,0,0
177954555,1504,1706,0,0
177956555,1504,1707,0,0
177958555,1497,1705,0,0
177960555,1501,1704,0,0
177962555,1500,1704,0,0
177964555,1505,1704,0,0
177966555,1500,1705,0,0
177968555,1501,1707,0,0
177970555,1504,1706,0,0
177972555,1503,1706,0,0
177974555,1499,1705,0,0
177976555,1504,1705,0,0
177978555,1504,1703,210,1
177980555,1488,1661,210,1
177982555,1480,1635,210,1
177984555,1466,1603,210,1
177986555,1460,1563,210,1
177988555,1449,1534,210,1
177990555,1438,1512,210,1
177992555,1433,1478,210,1
177994555,1423,1445,210,0
177996555,1410,1431,210,0
177998555,1409,1411,210,0
178000555,1403,1371,210,0
178002555,1393,1358,210,0
178004555,1389,1348,210,0
178006555,1371,1332,210,0
178008555,1371,1311,210,0
178010555,1371,1302,210,0
178012555,1369,1282,210,0
178014555,1364,1272,210,0
178016555,1356,1262,210,0
178018555,1347,1252,210,0
178020555,1352,1233,210,0
178022555,1348,1232,210,0
178024555,1348,1220,210,0
178026555,1338,1218,210,0
178028555,1339,1217,210,0
178030555,1339,1206,210,0
178032555,1336,1203,210,0
178034555,1332,1195,210,0
178036555,1331,1183,210,0
178038555,1333,1187,210,0
178040555,1332,1181,210,0
178042555,1330,1163,210,0
178044555,1329,1177,210,0
178046555,1326,1165,210,0
178048555,1323,1166,210,0
178050555,1326,1162,210,0
178052555,1322,1161,210,0
178054555,1322,1164,210,0
178056555,1320,1154,210,0
178058555,1320,1155,210,0
178060555,1323,1154,210,0
178062555,1320,1148,210,0
178064555,1319,1150,210,0
178066555,1320,1155,210,0
178068555,1319,1145,210,0
178070555,1322,1143,210,0
178072555,1318,1143,210,0
178074555,1318,1143,210,0
178076555,1320,1134,210,0
178078555,1320,1136,210,0
178080555,1312,1134,210,0
178082555,1308,1136,210,0
178084555,1313,1139,210,0
178086555,1313,1135,210,0
178088555,1312,1132,210,0
178090555,1312,1137,210,0
178092555,1318,1128,210,0
178094555,1308,1128,210,0
178096555,1312,1128,210,0
178098555,1315,1128,210,0
178100555,1319,1128,210,0
178102555,1316,1129,210,0
178104555,1310,1127,210,0
178106555,1315,1145,210,0
178108555,1312,1128,210,0
178110555,1312,1128,210,0
178112555,1318,1132,210,0
178114555,1315,1128,210,0
178116555,1313,1132,210,0
178118555,1315,1137,210,0
178120555,1314,1128,210,0
178122555,1316,1131,210,0
178124555,1319,1127,210,0
178126555,1310,1128,210,0
178128555,1315,1124,0,0
178130555,1329,1174,0,0
178132555,1348,1222,0,0
178134555,1355,1262,0,0
178136555,1371,1304,0,0
178138555,1371,1335,0,0
178140555,1399,1367,0,0
178142555,1405,1389,0,0
178144555,1415,1423,0,0
178146555,1424,1449,0,0
178148555,1433,1464,0,0
178150555,1436,1488,0,0
178152555,1443,1502,0,0
178154555,1448,1521,0,0
178156555,1459,1525,0,0
178158555,1460,1554,0,0
178160555,1464,1563,0,0
178162555,1469,1571,0,0
178164555,1468,1585,0,0
178166555,1478,1593,0,0
178168555,1483,1610,0,0
178170555,1484,1619,0,0
178172555,1487,1618,0,0
178174555,1484,1628,0,0
178176555,1488,1635,0,0
178178555,1488,1641,0,0
178180555,1492,1655,0,0
178182555,1494,1655,0,0
178184555,1492,1665,0,0
178186555,1496,1669,0,0
178188555,1496,1668,0,0
178190555,1501,1679,0,0
178192555,1500,1680,0,0
178194555,1500,1682,0,0
178196555,1502,1690,0,0
178198555,1502,1691,0,0
178200555,1504,1697,0,0
178202555,1503,1696,0,0
178204555,1504,1692,0,0
178206555,1511,1702,0,0
178208555,1510,1702,0,0
178210555,1508,1700,0,0
178212555,1508,1700,0,0
178214555,1508,1696,0,0
178216555,1505,1704,0,0
178218555,1512,1692,0,0
178220555,1510,1702,0,0
178222555,1508,1701,0,0
178224555,1507,1697,0,0
178226555,1511,1709,0,0
178228555,1512,1697,0,0
178230555,1512,1697,0,0
178232555,1508,1696,0,0
178234555,1508,1701,0,0
178236555,1510,1700,0,0
178238555,1508,1699,0,0
178240555,1511,1701,0,0
178242555,1508,1702,0,0
178244555,1512,1697,0,0
178246555,1504,1704,0,0
178248555,1512,1691,0,0
178250555,1512,1700,0,0
178252555,1508,1701,0,0
178254555,1512,1713,0,0
178256555,1510,1697,0,0
178258555,1513,1705,0,0
178260555,1507,1697,0,0
178262555,1512,1701,0,0
178264555,1512,1697,0,0
178266555,1512,1701,0,0
178268555,1510,1701,0,0
178270555,1508,1703,0,0
178272555,1512,1709,0,0
178274555,1516,1705,0,0
178276555,1512,1707,0,0
178278555,1512,1705,0,0
178280555,1512,1702,0,0
178282555,1515,1701,0,0
178284555,1511,1694,0,0
178286555,1508,1707,0,0
178288555,1510,1702,0,0
178290555,1510,1702,0,0
178292555,1508,1703,0,0
178294555,1512,1694,0,0
178296555,1505,1704,0,0
178298555,1512,1704,0,0
178300555,1512,1705,0,0
178302555,1512,1705,0,0
178304555,1514,1707,0,0
178306555,1504,1704,0,0
178308555,1512,1707,0,0
178310555,1512,1705,0,0
178312555,1512,1703,0,0
178314555,1508,1704,0,0
178316555,1512,1708,0,0
178318555,1512,1709,0,0
178320555,1512,1700,0,0
178322555,1512,1704,0,0
178324555,1511,1698,0,0
178326555,1508,1710,0,0
178328555,1508,1696,0,0
178330555,1512,1706,0,0
178332555,1513,1703,0,0
178334555,1512,1707,0,0
178336555,1512,1705,0,0
178338555,1509,1704,0,0
178340555,1512,1699,0,0
178342555,1512,1706,0,0
178344555,1510,1701,0,0
178346555,1510,1709,0,0
178348555,1513,1705,0,0
178350555,1514,1704,0,0
178352555,1512,1708,0,0
178354555,1512,1702,0,0
178356555,1511,1705,0,0
178358555,1508,1706,0,0
178360555,1511,1709,0,0
178362555,1512,1713,0,0
178364555,1515,1704,0,0
178366555,1509,1704,0,0
178368555,1510,1702,0,0
178370555,1513,1704,0,0
178372555,1508,1699,0,0
178374555,1509,1707,0,0
178376555,1510,1702,0,0
178378555,1505,1704,0,0
178380555,1513,1707,0,0
178382555,1513,1700,0,0
178384555,1512,1709,0,0
178386555,1512,1693,0,0
178388555,1513,1710,0,0
178390555,1514,1697,0,0
178392555,1512,1701,0,0
178394555,1512,1701,0,0
178396555,1512,1704,0,0
178398555,1512,1706,0,0
178400555,1512,1697,0,0
178402555,1512,1705,0,0
178404555,1512,1701,0,0
178406555,1513,1702,0,0
178408555,1516,1697,0,0
178410555,1513,1704,0,0
178412555,1512,1704,0,0
178414555,1512,1715,0,0
178416555,1512,1701,0,0
178418555,1512,1703,0,0
178420555,1515,1705,0,0
178422555,1508,1703,0,0
178424555,1514,1700,0,0
178426555,1513,1700,0,0
178428555,1512,1697,0,0
178430555,1512,1693,0,0
178432555,1512,1705,0,0
178434555,1511,1703,0,0
178436555,1512,1705,0,0
178438555,1512,1705,0,0
178440555,1512,1701,0,0
178442555,1515,1709,0,0
178444555,1512,1696,0,0
178446555,1512,1707,0,0
178448555,1513,1707,0,0
178450555,1513,1709,0,0
178452555,1512,1702,0,0
178454555,1510,1699,0,0
178456555,1515,1701,0,0
178458555,1512,1709,0,0
178460555,1513,1708,0,0
178462555,1512,1705,0,0
178464555,1512,1709,0,0
178466555,1512,1710,0,0
178468555,1513,1700,0,0
178470555,1512,1701,0,0
178472555,1513,1713,0,0
178474555,1514,1704,0,0
178476555,1512,1703,0,0
178478555,1512,1705,0,0
178480555,1517,1702,0,0
178482555,1513,1703,0,0
178484555,1514,1704,0,0
178486555,1514,1704,0,0
178488555,1512,1704,0,0
178490555,1512,1704,0,0
178492555,1510,1696,0,0
178494555,1523,1707,0,0
178496555,1515,1704,0,0
178498555,1517,1705,0,0
178500555,1516,1702,0,0
178502555,1513,1705,0,0
178504555,1513,1702,0,0
178506555,1515,1703,0,0
178508555,1512,1707,0,0
178510555,1512,1702,0,0
178512555,1516,1697,0,0
178514555,1515,1705,0,0
178516555,1512,1708,0,0
178518555,1512,1705,0,0
178520555,1512,1701,0,0
178522555,1514,1705,0,0
178524555,1512,1710,0,0
178526555,1512,1709,0,0
178528555,1512,1701,0,0
178530555,1515,1701,0,0
178532555,1512,1702,0,0
178534555,1515,1710,0,0
178536555,1516,1702,0,0
178538555,1516,1701,0,0
178540555,1515,1705,0,0
178542555,1513,1703,0,0
178544555,1515,1700,0,0
178546555,1514,1706,0,0
178548555,1515,1702,0,0
178550555,1515,1697,0,0
178552555,1512,1704,0,0
178554555,1521,1710,0,0
178556555,1512,1702,0,0
178558555,1512,1705,0,0
178560555,1514,1703,0,0
178562555,1515,1708,0,0
178564555,1515,1703,0,0
178566555,1512,1709,0,0
178568555,1516,1704,0,0
178570555,1515,1700,0,0
178572555,1512,1706,0,0
178574555,1512,1702,0,0
178576555,1512,1709,0,0
178578555,1512,1705,0,0
178580555,1515,1702,0,0
178582555,1509,1705,0,0
178584555,1516,1703,0,0
178586555,1516,1702,0,0
178588555,1512,1701,0,0
178590555,1517,1701,0,0
178592555,1515,1702,0,0
178594555,1512,1703,0,0
178596555,1512,1709,0,0
178598555,1512,1705,0,0
178600555,1513,1700,0,0
178602555,1514,1701,0,0
178604555,1513,1700,0,0
178606555,1517,1703,0,0
178608555,1515,1693,0,0
178610555,1515,1709,0,0
178612555,1514,1706,0,0
178614555,1514,1701,0,0
178616555,1520,1705,0,0
178618555,1517,1707,0,0
178620555,1512,1705,0,0
178622555,1512,1701,0,0
178624555,1517,1701,0,0
178626555,1517,1702,0,0
178628555,1514,1705,0,0
178630555,1513,1704,0,0
178632555,1512,1698,0,0
178634555,1516,1697,0,0
178636555,1512,1706,0,0
178638555,1514,1708,0,0
178640555,1520,1705,0,0
178642555,1512,1701,0,0
178644555,1515,1705,0,0
178646555,1518,1704,0,0
178648555,1516,1697,0,0
178650555,1515,1705,0,0
178652555,1520,1703,0,0
178654555,1516,1708,0,0
178656555,1517,1709,0,0
178658555,1517,1703,0,0
178660555,1512,1705,0,0
178662555,1512,1704,0,0
178664555,1517,1702,0,0
178666555,1517,1699,0,0
178668555,1516,1704,0,0
178670555,1515,1709,0,0
178672555,1520,1704,0,0
178674555,1514,1708,0,0
178676555,1515,1703,0,0
178678555,1515,1702,0,0
178680555,1517,1699,0,0
178682555,1513,1703,0,0
178684555,1515,1704,0,0
178686555,1515,1700,0,0
178688555,1516,1697,0,0
178690555,1516,1701,0,0
178692555,1516,1705,0,0
178694555,1512,1709,0,0
178696555,1512,1699,0,0
178698555,1516,1705,0,0
178700555,1514,1704,0,0
178702555,1512,1702,0,0
178704555,1512,1697,0,0
178706555,1516,1694,0,0
178708555,1520,1705,0,0
178710555,1511,1705,0,0
178712555,1514,1700,0,0
178714555,1520,1705,0,0
178716555,1515,1699,0,0
178718555,1512,1707,0,0
178720555,1516,1705,0,0
178722555,1513,1708,0,0
178724555,1516,1697,0,0
178726555,1517,1706,0,0
178728555,1516,1707,0,0
178730555,1513,1705,0,0
178732555,1514,1703,0,0
178734555,1517,1697,0,0
178736555,1520,1697,0,0
178738555,1518,1705,0,0
178740555,1517,1703,0,0
178742555,1513,1696,0,0
178744555,1512,1703,0,0
178746555,1512,1704,0,0
178748555,1516,1704,0,0
178750555,1516,1702,0,0
178752555,1512,1704,0,0
178754555,1520,1703,0,0
178756555,1517,1704,0,0
178758555,1512,1702,0,0
178760555,1515,1709,0,0
178762555,1516,1710,0,0
178764555,1512,1696,0,0
178766555,1518,1695,0,0
178768555,1514,1705,0,0
178770555,1512,1693,0,0
178772555,1512,1697,0,0
178774555,1513,1699,0,0
178776555,1512,1699,0,0
178778555,1519,1703,0,0
178780555,1515,1701,0,0
178782555,1512,1703,0,0
178784555,1518,1702,0,0
178786555,1517,1701,0,0
178788555,1514,1705,0,0
178790555,1516,1705,0,0
178792555,1515,1702,0,0
178794555,1514,1709,0,0
178796555,1514,1697,0,0
178798555,1518,1709,0,0
178800555,1512,1710,0,0
178802555,1514,1707,0,0
178804555,1513,1706,0,0
178806555,1515,1701,0,0
178808555,1512,1702,0,0
178810555,1512,1705,0,0
178812555,1515,1707,0,0
178814555,1512,1702,0,0
178816555,1515,1702,0,0
178818555,1516,1701,0,0
178820555,1512,1701,0,0
178822555,1514,1706,0,0
178824555,1514,1707,0,0
178826555,1516,1699,0,0
178828555,1516,1707,0,0
178830555,1517,1708,0,0
178832555,1513,1700,0,0
178834555,1517,1705,0,0
178836555,1515,1704,0,0
178838555,1512,1702,0,0
178840555,1516,1705,0,0
178842555,1514,1705,0,0
178844555,1512,1709,0,0
178846555,1517,1701,0,0
178848555,1518,1710,0,0
178850555,1521,1709,0,0
178852555,1515,1707,0,0
178854555,1516,1710,0,0
178856555,1516,1703,0,0
178858555,1516,1701,0,0
178860555,1516,1697,0,0
178862555,1512,1703,0,0
178864555,1512,1702,0,0
178866555,1516,1707,0,0
178868555,1512,1701,0,0
178870555,1516,1705,0,0
178872555,1515,1703,0,0
178874555,1516,1704,0,0
178876555,1517,1701,0,0
178878555,1517,1708,0,0
178880555,1512,1703,0,0
178882555,1517,1705,0,0
178884555,1520,1709,0,0
178886555,1516,1701,0,0
178888555,1518,1696,0,0
178890555,1515,1697,0,0
178892555,1516,1706,0,0
178894555,1515,1706,0,0
178896555,1516,1697,0,0
178898555,1516,1705,0,0
178900555,1516,1702,0,0
178902555,1512,1705,0,0
178904555,1516,1707,0,0
178906555,1520,1707,0,0
178908555,1516,1703,0,0
178910555,1515,1700,0,0
178912555,1516,1701,0,0
178914555,1514,1697,0,0
178916555,1512,1710,0,0
178918555,1516,1705,0,0
178920555,1515,1710,0,0
178922555,1514,1707,0,0
178924555,1516,1701,0,0
178926555,1517,1705,0,0
178928555,1517,1711,210,1
178930555,1504,1661,210,1
178932555,1491,1627,210,1
178934555,1478,1589,210,1
178936555,1470,1563,210,1
178938555,1461,1536,210,1
178940555,1448,1502,210,1
178942555,1438,1474,210,1
178944555,1431,1448,210,0
178946555,1428,1431,210,0
178948555,1422,1409,210,0
178950555,1410,1371,210,0
178952555,1404,1368,210,0
178954555,1398,1352,210,0
178956555,1391,1328,210,0
178958555,1387,1308,210,0
178960555,1371,1303,210,0
178962555,1371,1284,210,0
178964555,1369,1271,210,0
178966555,1369,1257,210,0
178968555,1364,1251,210,0
178970555,1356,1236,210,0
178972555,1361,1236,210,0
178974555,1358,1228,210,0
178976555,1355,1218,210,0
178978555,1348,1207,210,0
178980555,1344,1205,210,0
178982555,1348,1200,210,0
178984555,1340,1195,210,0
178986555,1339,1183,210,0
178988555,1334,1182,210,0
178990555,1336,1175,210,0
178992555,1335,1175,210,0
178994555,1333,1171,210,0
178996555,1333,1171,210,0
178998555,1332,1166,210,0
179000555,1328,1159,210,0
179002555,1329,1158,210,0
179004555,1332,1154,210,0
179006555,1332,1158,210,0
179008555,1329,1154,210,0
179010555,1331,1143,210,0
179012555,1328,1154,210,0
179014555,1323,1146,210,0
179016555,1328,1146,210,0
179018555,1323,1145,210,0
179020555,1324,1142,210,0
179022555,1323,1149,210,0
179024555,1323,1147,210,0
179026555,1326,1150,210,0
179028555,1326,1136,210,0
179030555,1320,1137,210,0
179032555,1322,1139,210,0
179034555,1322,1131,210,0
179036555,1320,1137,210,0
179038555,1319,1130,210,0
179040555,1326,1129,210,0
179042555,1323,1137,210,0
179044555,1321,1132,210,0
179046555,1322,1128,210,0
179048555,1323,1132,210,0
179050555,1316,1131,210,0
179052555,1325,1129,210,0
179054555,1324,1137,210,0
179056555,1322,1133,210,0
179058555,1321,1136,210,0
179060555,1320,1128,210,0
179062555,1316,1128,210,0
179064555,1320,1126,210,0
179066555,1321,1128,210,0
179068555,1318,1127,210,0
179070555,1320,1134,210,0
179072555,1319,1128,210,0
179074555,1320,1128,210,0
179076555,1318,1127,210,0
179078555,1321,1128,0,0
179080555,1333,1172,0,0
179082555,1345,1227,0,0
179084555,1368,1259,0,0
179086555,1371,1296,0,0
179088555,1396,1331,0,0
179090555,1402,1359,0,0
179092555,1411,1393,0,0
179094555,1422,1415,0,0
179096555,1427,1438,0,0
179098555,1436,1468,0,0
179100555,1446,1486,0,0
179102555,1452,1505,0,0
179104555,1457,1514,0,0
179106555,1468,1531,0,0
179108555,1463,1551,0,0
179110555,1470,1569,0,0
179112555,1474,1569,0,0
179114555,1474,1584,0,0
179116555,1487,1607,0,0
179118555,1486,1605,0,0
179120555,1487,1612,0,0
179122555,1492,1621,0,0
179124555,1496,1632,0,0
179126555,1496,1640,0,0
179128555,1497,1649,0,0
179130555,1502,1656,0,0
179132555,1505,1665,0,0
179134555,1501,1666,0,0
179136555,1512,1666,0,0
179138555,1504,1675,0,0
179140555,1510,1677,0,0
179142555,1508,1681,0,0
179144555,1504,1693,0,0
179146555,1512,1689,0,0
179148555,1513,1694,0,0
179150555,1513,1692,0,0
179152555,1514,1705,0,0
179154555,1512,1697,0,0
179156555,1512,1705,0,0
179158555,1513,1699,0,0
179160555,1517,1696,0,0
179162555,1517,1703,0,0
179164555,1514,1699,0,0
179166555,1516,1697,0,0
179168555,1515,1704,0,0
179170555,1516,1697,0,0
179172555,1516,1702,0,0
179174555,1517,1700,0,0
179176555,1515,1701,0,0
179178555,1517,1705,0,0
179180555,1512,1702,0,0
179182555,1516,1709,0,0
179184555,1516,1701,0,0
179186555,1518,1704,0,0
179188555,1514,1701,0,0
179190555,1523,1705,0,0
179192555,1517,1704,0,0
179194555,1515,1704,0,0
179196555,1513,1701,0,0
179198555,1518,1703,0,0
179200555,1516,1704,0,0
179202555,1515,1691,0,0
179204555,1516,1701,0,0
179206555,1512,1701,0,0
179208555,1518,1705,0,0
179210555,1517,1697,0,0
179212555,1516,1700,0,0
179214555,1516,1705,0,0
179216555,1512,1703,0,0
179218555,1520,1701,0,0
179220555,1520,1707,0,0
179222555,1518,1701,0,0
179224555,1520,1709,0,0
179226555,1520,1706,0,0
179228555,1520,1704,0,0
179230555,1520,1709,0,0
179232555,1517,1702,0,0
179234555,1521,1709,0,0
179236555,1520,1705,0,0
179238555,1518,1704,0,0
179240555,1520,1701,0,0
179242555,1517,1713,0,0
179244555,1513,1706,0,0
179246555,1518,1713,0,0
179248555,1516,1705,0,0
179250555,1517,1706,0,0
179252555,1515,1698,0,0
179254555,1521,1708,0,0
179256555,1512,1706,0,0
179258555,1520,1702,0,0
179260555,1512,1704,0,0
179262555,1520,1699,0,0
179264555,1516,1702,0,0
179266555,1524,1707,0,0
179268555,1515,1706,0,0
179270555,1515,1701,0,0
179272555,1516,1705,0,0
179274555,1514,1697,0,0
179276555,1517,1700,0,0
179278555,1516,1701,0,0
179280555,1521,1705,0,0
179282555,1512,1705,0,0
179284555,1515,1706,0,0
179286555,1522,1707,0,0
179288555,1515,1697,0,0
179290555,1512,1710,0,0
179292555,1517,1705,0,0
179294555,1513,1705,0,0
179296555,1521,1709,0,0
179298555,1516,1697,0,0
179300555,1513,1705,0,0
179302555,1515,1697,0,0
179304555,1516,1703,0,0
179306555,1512,1706,0,0
179308555,1521,1701,0,0
179310555,1516,1709,0,0
179312555,1516,1701,0,0
179314555,1516,1706,0,0
179316555,1514,1702,0,0
179318555,1515,1701,0,0
179320555,1516,1702,0,0
179322555,1524,1709,0,0
179324555,1514,1701,0,0
179326555,1516,1712,0,0
179328555,1518,1713,0,0
179330555,1513,1705,0,0
179332555,1516,1707,0,0
179334555,1514,1710,0,0
179336555,1518,1701,0,0
179338555,1517,1701,0,0
179340555,1518,1705,0,0
179342555,1513,1706,0,0
179344555,1520,1712,0,0
179346555,1516,1710,0,0
179348555,1515,1703,0,0
179350555,1518,1699,0,0
179352555,1512,1694,0,0
179354555,1515,1703,0,0
179356555,1521,1712,0,0
179358555,1521,1694,0,0
179360555,1515,1705,0,0
179362555,1517,1703,0,0
179364555,1520,1706,0,0
179366555,1515,1706,0,0
179368555,1518,1701,0,0
179370555,1518,1705,0,0
179372555,1518,1705,0,0
179374555,1515,1702,0,0
179376555,1514,1705,0,0
179378555,1520,1707,0,0
179380555,1517,1705,0,0
179382555,1516,1699,0,0
179384555,1516,1704,0,0
179386555,1520,1697,0,0
179388555,1516,1700,0,0
179390555,1521,1705,0,0
179392555,1515,1701,0,0
179394555,1518,1700,0,0
179396555,1524,1701,0,0
179398555,1516,1703,0,0
179400555,1517,1697,0,0
179402555,1517,1701,0,0
179404555,1517,1704,0,0
179406555,1517,1706,0,0
179408555,1516,1709,0,0
179410555,1515,1698,0,0
179412555,1517,1701,0,0
179414555,1520,1703,0,0
179416555,1521,1709,0,0
179418555,1516,1705,0,0
179420555,1523,1709,0,0
179422555,1520,1705,0,0
179424555,1517,1702,0,0
179426555,1524,1706,0,0
179428555,1520,1706,0,0
179430555,1516,1710,0,0
179432555,1521,1702,0,0
179434555,1523,1695,0,0
179436555,1525,1708,0,0
179438555,1512,1705,0,0
179440555,1515,1705,0,0
179442555,1520,1704,0,0
179444555,1516,1705,0,0
179446555,1524,1700,0,0
179448555,1517,1694,0,0
179450555,1514,1709,0,0
179452555,1520,1701,0,0
179454555,1520,1701,0,0
179456555,1517,1704,0,0
179458555,1520,1706,0,0
179460555,1522,1697,0,0
179462555,1518,1705,0,0
179464555,1520,1701,0,0
179466555,1520,1705,0,0
179468555,1515,1701,0,0
179470555,1517,1700,0,0
179472555,1521,1702,0,0
179474555,1521,1702,0,0
179476555,1516,1703,0,0
179478555,1518,1696,0,0
179480555,1518,1700,0,0
179482555,1514,1707,0,0
179484555,1513,1700,0,0
179486555,1518,1696,0,0
179488555,1517,1701,0,0
179490555,1517,1704,0,0
179492555,1516,1697,0,0
179494555,1518,1707,0,0
179496555,1517,1709,0,0
179498555,1521,1700,0,0
179500555,1520,1703,0,0
179502555,1517,1703,0,0
179504555,1524,1700,0,0
179506555,1524,1709,0,0
179508555,1520,1697,0,0
179510555,1521,1705,0,0
179512555,1517,1705,0,0
179514555,1520,1704,0,0
179516555,1514,1705,0,0
179518555,1518,1709,0,0
179520555,1518,1697,0,0
179522555,1517,1697,0,0
179524555,1516,1707,0,0
179526555,1521,1703,0,0
179528555,1517,1705,0,0
179530555,1517,1705,0,0
179532555,1517,1704,0,0
179534555,1514,1709,0,0
179536555,1521,1701,0,0
179538555,1522,1696,0,0
179540555,1518,1700,0,0
179542555,1517,1696,0,0
179544555,1517,1697,0,0
179546555,1516,1710,0,0
179548555,1521,1704,0,0
179550555,1520,1709,0,0
179552555,1516,1712,0,0
179554555,1514,1700,0,0
179556555,1516,1693,0,0
179558555,1521,1706,0,0
179560555,1516,1701,0,0
179562555,1520,1702,0,0
179564555,1519,1704,0,0
179566555,1518,1702,0,0
179568555,1524,1705,0,0
179570555,1518,1704,0,0
179572555,1520,1699,0,0
179574555,1516,1705,0,0
179576555,1520,1704,0,0
179578555,1516,1700,0,0
179580555,1512,1707,0,0
179582555,1520,1705,0,0
179584555,1517,1700,0,0
179586555,1518,1705,0,0
179588555,1521,1707,0,0
179590555,1517,1703,0,0
179592555,1517,1702,0,0
179594555,1517,1702,0,0
179596555,1524,1706,0,0
179598555,1518,1707,0,0
179600555,1518,1704,0,0
179602555,1516,1705,0,0
179604555,1516,1701,0,0
179606555,1523,1701,0,0
179608555,1517,1707,0,0
179610555,1523,1707,0,0
179612555,1520,1702,0,0
179614555,1523,1706,0,0
179616555,1521,1701,0,0
179618555,1520,1701,0,0
179620555,1518,1705,0,0
179622555,1516,1713,0,0
179624555,1522,1705,0,0
179626555,1520,1707,0,0
179628555,1520,1702,0,0
179630555,1516,1704,0,0
179632555,1517,1705,0,0
179634555,1525,1697,0,0
179636555,1517,1706,0,0
179638555,1520,1705,0,0
179640555,1518,1706,0,0
179642555,1523,1705,0,0
179644555,1520,1701,0,0
179646555,1522,1702,0,0
179648555,1520,1707,0,0
179650555,1521,1707,0,0
179652555,1520,1699,0,0
179654555,1520,1704,0,0
179656555,1515,1699,0,0
179658555,1516,1704,0,0
179660555,1520,1700,0,0
179662555,1521,1702,0,0
179664555,1516,1701,0,0
179666555,1518,1701,0,0
179668555,1516,1710,0,0
179670555,1520,1707,0,0
179672555,1523,1705,0,0
179674555,1516,1703,0,0
179676555,1519,1705,0,0
179678555,1525,1702,0,0
179680555,1523,1705,0,0
179682555,1520,1701,0,0
179684555,1515,1707,0,0
179686555,1524,1707,0,0
179688555,1517,1706,0,0
179690555,1520,1709,0,0
179692555,1524,1709,0,0
179694555,1522,1695,0,0
179696555,1518,1708,0,0
179698555,1515,1710,0,0
179700555,1518,1700,0,0
179702555,1520,1702,0,0
179704555,1520,1701,0,0
179706555,1518,1701,0,0
179708555,1523,1701,0,0
179710555,1518,1698,0,0
179712555,1521,1705,0,0
179714555,1516,1701,0,0
179716555,1520,1704,0,0
179718555,1520,1699,0,0
179720555,1512,1706,0,0
179722555,1516,1701,0,0
179724555,1521,1703,0,0
179726555,1521,1704,0,0
179728555,1516,1703,0,0
179730555,1524,1704,0,0
179732555,1517,1705,0,0
179734555,1521,1701,0,0
179736555,1514,1696,0,0
179738555,1516,1697,0,0
179740555,1523,1702,0,0
179742555,1517,1702,0,0
179744555,1516,1709,0,0
179746555,1525,1705,0,0
179748555,1516,1694,0,0
179750555,1517,1702,0,0
179752555,1520,1703,0,0
179754555,1521,1697,0,0
179756555,1515,1706,0,0
179758555,1518,1712,0,0
179760555,1525,1704,0,0
179762555,1523,1705,0,0
179764555,1520,1705,0,0
179766555,1521,1702,0,0
179768555,1516,1704,0,0
179770555,1520,1709,0,0
179772555,1521,1697,0,0
179774555,1521,1713,0,0
179776555,1520,1705,0,0
179778555,1525,1709,0,0
179780555,1524,1707,0,0
179782555,1521,1709,0,0
179784555,1524,1703,0,0
179786555,1524,1705,0,0
179788555,1522,1699,0,0
179790555,1520,1700,0,0
179792555,1516,1702,0,0
179794555,1525,1705,0,0
179796555,1515,1715,0,0
179798555,1520,1705,0,0
179800555,1520,1710,0,0
179802555,1518,1697,0,0
179804555,1520,1705,0,0
179806555,1515,1713,0,0
179808555,1521,1704,0,0
179810555,1512,1713,0,0
179812555,1524,1710,0,0
179814555,1520,1705,0,0
179816555,1516,1709,0,0
179818555,1520,1705,0,0
179820555,1520,1706,0,0
179822555,1518,1701,0,0
179824555,1524,1702,0,0
179826555,1520,1707,0,0
179828555,1513,1704,0,0
179830555,1516,1706,0,0
179832555,1521,1707,0,0
179834555,1516,1706,0,0
179836555,1524,1709,0,0
179838555,1520,1704,0,0
179840555,1518,1697,0,0
179842555,1524,1697,0,0
179844555,1517,1697,0,0
179846555,1520,1694,0,0
179848555,1522,1701,0,0
179850555,1520,1703,0,0
179852555,1514,1705,0,0
179854555,1520,1701,0,0
179856555,1523,1704,0,0
179858555,1521,1709,0,0
179860555,1518,1713,0,0
179862555,1520,1708,0,0
179864555,1520,1701,0,0
179866555,1521,1703,0,0
179868555,1514,1705,0,0
179870555,1519,1704,0,0
179872555,1516,1707,0,0
179874555,1516,1703,0,0
179876555,1518,1706,0,0
179878555,1524,1704,210,1
179880555,1508,1669,210,1
179882555,1496,1630,210,1
179884555,1482,1593,210,1
179886555,1475,1565,210,1
179888555,1461,1540,210,1
179890555,1460,1503,210,1
179892555,1449,1480,210,1
179894555,1441,1459,210,0
179896555,1428,1432,210,0
179898555,1418,1409,210,0
179900555,1419,1387,210,0
179902555,1404,1360,210,0
179904555,1408,1345,210,0
179906555,1397,1331,210,0
179908555,1392,1311,210,0
179910555,1371,1297,210,0
179912555,1371,1286,210,0
179914555,1371,1268,210,0
179916555,1369,1265,210,0
179918555,1369,1254,210,0
179920555,1360,1249,210,0
179922555,1360,1233,210,0
179924555,1356,1227,210,0
179926555,1350,1222,210,0
179928555,1352,1208,210,0
179930555,1351,1211,210,0
179932555,1348,1204,210,0
179934555,1344,1205,210,0
179936555,1341,1183,210,0
179938555,1342,1180,210,0
179940555,1340,1179,210,0
179942555,1333,1169,210,0
179944555,1341,1174,210,0
179946555,1334,1171,210,0
179948555,1333,1164,210,0
179950555,1335,1163,210,0
179952555,1334,1155,210,0
179954555,1333,1159,210,0
179956555,1335,1154,210,0
179958555,1329,1150,210,0
179960555,1332,1154,210,0
179962555,1332,1148,210,0
179964555,1332,1148,210,0
179966555,1328,1140,210,0
179968555,1328,1146,210,0
179970555,1327,1137,210,0
179972555,1332,1139,210,0
179974555,1328,1142,210,0
179976555,1326,1141,210,0
179978555,1326,1149,210,0
179980555,1328,1136,210,0
179982555,1326,1133,210,0
179984555,1328,1143,210,0
179986555,1326,1141,210,0
179988555,1326,1140,210,0
179990555,1326,1135,210,0
179992555,1321,1133,210,0
179994555,1323,1132,210,0
179996555,1324,1129,210,0
179998555,1326,1129,210,0
180000555,1322,1134,210,0
180002555,1316,1128,210,0
180004555,1320,1128,210,0
180006555,1320,1128,210,0
180008555,1323,1134,210,0
180010555,1323,1128,210,0
180012555,1324,1123,210,0
180014555,1325,1131,210,0
180016555,1325,1128,210,0
180018555,1322,1128,210,0
180020555,1326,1130,210,0
180022555,1326,1129,210,0
180024555,1323,1139,210,0
180026555,1320,1128,210,0
180028555,1323,1123,0,0
180030555,1338,1177,0,0
180032555,1352,1228,0,0
180034555,1369,1260,0,0
180036555,1371,1304,0,0
180038555,1396,1344,0,0
180040555,1410,1371,0,0
180042555,1415,1399,0,0
180044555,1428,1423,0,0
180046555,1430,1448,0,0
180048555,1440,1465,0,0
180050555,1448,1484,0,0
180052555,1448,1497,0,0
180054555,1460,1520,0,0
180056555,1462,1536,0,0
180058555,1472,1550,0,0
180060555,1475,1565,0,0
180062555,1476,1574,0,0
180064555,1482,1587,0,0
180066555,1487,1590,0,0
180068555,1486,1605,0,0
180070555,1488,1615,0,0
180072555,1500,1624,0,0
180074555,1496,1632,0,0
180076555,1496,1641,0,0
180078555,1496,1641,0,0
180080555,1504,1651,0,0
180082555,1504,1657,0,0
180084555,1506,1655,0,0
180086555,1510,1666,0,0
180088555,1512,1672,0,0
180090555,1512,1679,0,0
180092555,1516,1682,0,0
180094555,1513,1689,0,0
180096555,1512,1692,0,0
180098555,1518,1692,0,0
180100555,1515,1693,0,0
180102555,1517,1695,0,0
180104555,1523,1703,0,0
180106555,1516,1697,0,0
180108555,1513,1689,0,0
180110555,1522,1696,0,0
180112555,1515,1694,0,0
180114555,1521,1707,0,0
180116555,1523,1702,0,0
180118555,1524,1704,0,0
180120555,1518,1701,0,0
180122555,1516,1701,0,0
180124555,1524,1703,0,0
180126555,1523,1702,0,0
180128555,1520,1693,0,0
180130555,1520,1705,0,0
180132555,1518,1697,0,0
180134555,1517,1704,0,0
180136555,1520,1702,0,0
180138555,1524,1704,0,0
180140555,1524,1705,0,0
180142555,1521,1697,0,0
180144555,1521,1702,0,0
180146555,1523,1712,0,0
180148555,1524,1702,0,0
180150555,1515,1705,0,0
180152555,1521,1709,0,0
180154555,1519,1710,0,0
180156555,1524,1703,0,0
180158555,1521,1709,0,0
180160555,1516,1705,0,0
180162555,1518,1700,0,0
180164555,1522,1704,0,0
180166555,1521,1706,0,0
180168555,1523,1708,0,0
180170555,1524,1703,0,0
180172555,1517,1697,0,0
180174555,1520,1701,0,0
180176555,1518,1698,0,0
180178555,1518,1706,0,0
180180555,1515,1703,0,0
180182555,1525,1701,0,0
180184555,1525,1704,0,0
180186555,1516,1705,0,0
180188555,1516,1705,0,0
180190555,1521,1703,0,0
180192555,1517,1703,0,0
180194555,1516,1704,0,0
180196555,1525,1701,0,0
180198555,1521,1713,0,0
180200555,1523,1707,0,0
180202555,1523,1704,0,0
180204555,1520,1709,0,0
180206555,1515,1705,0,0
180208555,1521,1712,0,0
180210555,1524,1703,0,0
180212555,1519,1709,0,0
180214555,1521,1704,0,0
180216555,1520,1705,0,0
180218555,1524,1696,0,0
180220555,1523,1704,0,0
180222555,1521,1704,0,0
180224555,1524,1704,0,0
180226555,1518,1709,0,0
180228555,1522,1705,0,0
180230555,1520,1699,0,0
180232555,1518,1704,0,0
180234555,1520,1699,0,0
180236555,1521,1703,0,0
180238555,1524,1707,0,0
180240555,1519,1710,0,0
180242555,1520,1701,0,0
180244555,1525,1710,0,0
180246555,1520,1703,0,0
180248555,1513,1696,0,0
180250555,1515,1702,0,0
180252555,1522,1697,0,0
180254555,1521,1695,0,0
180256555,1520,1703,0,0
180258555,1518,1707,0,0
180260555,1520,1705,0,0
180262555,1513,1696,0,0
180264555,1520,1705,0,0
180266555,1519,1697,0,0
180268555,1515,1696,0,0
180270555,1517,1700,0,0
180272555,1520,1707,0,0
180274555,1524,1703,0,0
180276555,1522,1700,0,0
180278555,1516,1701,0,0
180280555,1516,1704,0,0
180282555,1518,1704,0,0
180284555,1523,1705,0,0
180286555,1524,1706,0,0
180288555,1523,1703,0,0
180290555,1517,1701,0,0
180292555,1524,1703,0,0
180294555,1521,1701,0,0
180296555,1521,1709,0,0
180298555,1524,1701,0,0
180300555,1524,1705,0,0
180302555,1522,1709,0,0
180304555,1520,1702,0,0
180306555,1513,1704,0,0
180308555,1524,1701,0,0
180310555,1520,1705,0,0
180312555,1525,1705,0,0
180314555,1525,1700,0,0
180316555,1525,1705,0,0
180318555,1521,1707,0,0
180320555,1520,1702,0,0
180322555,1524,1704,0,0
180324555,1518,1699,0,0
180326555,1520,1707,0,0
180328555,1521,1702,0,0
180330555,1524,1709,0,0
180332555,1520,1707,0,0
180334555,1518,1702,0,0
180336555,1518,1703,0,0
180338555,1518,1703,0,0
180340555,1516,1700,0,0
180342555,1521,1709,0,0
180344555,1524,1699,0,0
180346555,1521,1700,0,0
180348555,1525,1702,0,0
180350555,1516,1708,0,0
180352555,1516,1702,0,0
180354555,1524,1701,0,0
180356555,1518,1701,0,0
180358555,1518,1698,0,0
180360555,1516,1707,0,0
180362555,1521,1704,0,0
180364555,1521,1702,0,0
180366555,1520,1713,0,0
180368555,1524,1709,0,0
180370555,1520,1706,0,0
180372555,1516,1708,0,0
180374555,1520,1701,0,0
180376555,1522,1709,0,0
180378555,1517,1710,0,0
180380555,1523,1701,0,0
180382555,1522,1702,0,0
180384555,1524,1697,0,0
180386555,1520,1701,0,0
180388555,1519,1704,0,0
180390555,1518,1710,0,0
180392555,1517,1702,0,0
180394555,1521,1706,0,0
180396555,1524,1701,0,0
180398555,1523,1700,0,0
180400555,1523,1702,0,0
180402555,1517,1704,0,0
180404555,1524,1713,0,0
180406555,1521,1705,0,0
180408555,1521,1702,0,0
180410555,1515,1709,0,0
180412555,1520,1704,0,0
180414555,1520,1704,0,0
180416555,1521,1697,0,0
180418555,1526,1697,0,0
180420555,1522,1709,0,0
180422555,1522,1693,0,0
180424555,1518,1702,0,0
180426555,1521,1705,0,0
180428555,1524,1698,0,0
180430555,1517,1706,0,0
180432555,1521,1701,0,0
180434555,1521,1695,0,0
180436555,1523,1697,0,0
180438555,1520,1702,0,0
180440555,1520,1705,0,0
180442555,1524,1704,0,0
180444555,1517,1707,0,0
180446555,1523,1704,0,0
180448555,1517,1702,0,0
180450555,1515,1703,0,0
180452555,1523,1704,0,0
180454555,1524,1703,0,0
180456555,1523,1703,0,0
180458555,1520,1704,0,0
180460555,1524,1712,0,0
180462555,1527,1705,0,0
180464555,1517,1695,0,0
180466555,1526,1699,0,0
180468555,1518,1700,0,0
180470555,1520,1703,0,0
180472555,1524,1701,0,0
180474555,1520,1709,0,0
180476555,1520,1705,0,0
180478555,1525,1703,0,0
180480555,1515,1708,0,0
180482555,1517,1697,0,0
180484555,1523,1702,0,0
180486555,1516,1701,0,0
180488555,1518,1709,0,0
180490555,1523,1708,0,0
180492555,1524,1707,0,0
180494555,1524,1699,0,0
180496555,1516,1704,0,0
180498555,1521,1699,0,0
180500555,1523,1704,0,0
180502555,1524,1701,0,0
180504555,1524,1702,0,0
180506555,1520,1706,0,0
180508555,1521,1709,0,0
180510555,1518,1697,0,0
180512555,1520,1701,0,0
180514555,1516,1713,0,0
180516555,1516,1702,0,0
180518555,1523,1703,0,0
180520555,1517,1702,0,0
180522555,1520,1701,0,0
180524555,1516,1701,0,0
180526555,1521,1697,0,0
180528555,1518,1703,0,0
180530555,1524,1707,0,0
180532555,1520,1702,0,0
180534555,1524,1702,0,0
180536555,1520,1705,0,0
180538555,1520,1709,0,0
180540555,1521,1705,0,0
180542555,1524,1698,0,0
180544555,1523,1708,0,0
180546555,1518,1701,0,0
180548555,1518,1699,0,0
180550555,1525,1701,0,0
180552555,1520,1709,0,0
180554555,1524,1710,0,0
180556555,1524,1705,0,0
180558555,1524,1705,0,0
180560555,1521,1705,0,0
180562555,1523,1705,0,0
180564555,1528,1709,0,0
180566555,1520,1701,0,0
180568555,1524,1704,0,0
180570555,1517,1697,0,0
180572555,1517,1704,0,0
180574555,1520,1707,0,0
180576555,1523,1697,0,0
180578555,1515,1707,0,0
180580555,1516,1703,0,0
180582555,1521,1702,0,0
180584555,1523,1712,0,0
180586555,1521,1705,0,0
180588555,1524,1709,0,0
180590555,1524,1705,0,0
180592555,1523,1703,0,0
180594555,1521,1702,0,0
180596555,1520,1702,0,0
180598555,1518,1706,0,0
180600555,1515,1704,0,0
180602555,1523,1707,0,0
180604555,1524,1704,0,0
180606555,1519,1702,0,0
180608555,1514,1707,0,0
180610555,1523,1707,0,0
180612555,1524,1710,0,0
180614555,1526,1704,0,0
180616555,1517,1706,0,0
180618555,1521,1697,0,0
180620555,1521,1700,0,0
180622555,1523,1707,0,0
180624555,1524,1695,0,0
180626555,1521,1701,0,0
180628555,1524,1703,0,0
180630555,1520,1701,0,0
180632555,1520,1706,0,0
180634555,1516,1707,0,0
180636555,1526,1703,0,0
180638555,1521,1707,0,0
180640555,1518,1701,0,0
180642555,1516,1693,0,0
180644555,1526,1706,0,0
180646555,1519,1704,0,0
180648555,1520,1702,0,0
180650555,1518,1705,0,0
180652555,1523,1697,0,0
180654555,1518,1705,0,0
180656555,1520,1709,0,0
180658555,1518,1707,0,0
180660555,1520,1702,0,0
180662555,1525,1699,0,0
180664555,1520,1707,0,0
180666555,1520,1704,0,0
180668555,1525,1705,0,0
180670555,1522,1701,0,0
180672555,1522,1705,0,0
180674555,1520,1705,0,0
180676555,1523,1704,0,0
180678555,1520,1703,0,0
180680555,1523,1710,0,0
180682555,1521,1697,0,0
180684555,1515,1705,0,0
180686555,1524,1704,0,0
180688555,1523,1702,0,0
180690555,1524,1706,0,0
180692555,1520,1705,0,0
180694555,1517,1706,0,0
180696555,1524,1702,0,0
180698555,1520,1702,0,0
180700555,1520,1704,0,0
180702555,1518,1700,0,0
180704555,1520,1697,0,0
180706555,1526,1704,0,0
180708555,1525,1706,0,0
180710555,1521,1707,0,0
180712555,1520,1703,0,0
180714555,1514,1705,0,0
180716555,1518,1709,0,0
180718555,1521,1701,0,0
180720555,1526,1701,0,0
180722555,1522,1699,0,0
180724555,1523,1706,0,0
180726555,1518,1705,0,0
180728555,1523,1700,0,0
180730555,1520,1705,0,0
180732555,1520,1710,0,0
180734555,1523,1702,0,0
180736555,1524,1705,0,0
180738555,1520,1699,0,0
180740555,1524,1706,0,0
180742555,1518,1704,0,0
180744555,1515,1701,0,0
180746555,1520,1710,0,0
180748555,1520,1704,0,0
180750555,1518,1697,0,0
180752555,1517,1703,0,0
180754555,1522,1705,0,0
180756555,1519,1703,0,0
180758555,1523,1709,0,0
180760555,1523,1701,0,0
180762555,1526,1703,0,0
180764555,1521,1703,0,0
180766555,1515,1704,0,0
180768555,1524,1703,0,0
180770555,1517,1709,0,0
180772555,1520,1703,0,0
180774555,1520,1701,0,0
180776555,1522,1697,0,0
180778555,1524,1699,0,0
180780555,1522,1701,0,0
180782555,1520,1699,0,0
180784555,1521,1709,0,0
180786555,1521,1709,0,0
180788555,1518,1701,0,0
180790555,1522,1702,0,0
180792555,1525,1704,0,0
180794555,1521,1702,0,0
180796555,1520,1701,0,0
180798555,1521,1697,0,0
180800555,1526,1703,0,0
180802555,1524,1705,0,0
180804555,1518,1697,0,0
180806555,1525,1707,0,0
180808555,1517,1704,0,0
180810555,1521,1709,0,0
180812555,1524,1701,0,0
180814555,1523,1709,0,0
180816555,1518,1704,0,0
180818555,1523,1703,0,0
180820555,1524,1710,0,0
180822555,1518,1701,0,0
180824555,1518,1702,0,0
180826555,1517,1701,0,0
180828555,1523,1702,210,1
180830555,1507,1669,210,1
180832555,1500,1633,210,1
180834555,1487,1594,210,1
180836555,1478,1563,210,1
180838555,1463,1539,210,1
180840555,1457,1512,210,1
180842555,1452,1476,210,1
180844555,1438,1451,210,0
180846555,1431,1426,210,0
180848555,1414,1407,210,0
180850555,1412,1387,210,0
180852555,1409,1360,210,0
180854555,1408,1347,210,0
180856555,1395,1326,210,0
180858555,1390,1310,210,0
180860555,1384,1304,210,0
180862555,1385,1283,210,0
180864555,1371,1268,210,0
180866555,1371,1259,210,0
180868555,1368,1256,210,0
180870555,1364,1244,210,0
180872555,1361,1234,210,0
180874555,1357,1219,210,0
180876555,1359,1212,210,0
180878555,1353,1209,210,0
180880555,1347,1203,210,0
180882555,1352,1198,210,0
180884555,1348,1188,210,0
180886555,1347,1187,210,0
180888555,1340,1179,210,0
180890555,1346,1178,210,0
180892555,1342,1174,210,0
180894555,1338,1175,210,0
180896555,1342,1168,210,0
180898555,1338,1167,210,0
180900555,1337,1164,210,0
180902555,1333,1158,210,0
180904555,1332,1159,210,0
180906555,1333,1152,210,0
180908555,1332,1151,210,0
180910555,1336,1151,210,0
180912555,1332,1152,210,0
180914555,1328,1154,210,0
180916555,1332,1138,210,0
180918555,1325,1143,210,0
180920555,1332,1151,210,0
180922555,1326,1139,210,0
180924555,1331,1140,210,0
180926555,1326,1139,210,0
180928555,1331,1143,210,0
180930555,1325,1147,210,0
180932555,1328,1134,210,0
180934555,1328,1129,210,0
180936555,1326,1131,210,0
180938555,1323,1133,210,0
180940555,1328,1129,210,0
180942555,1328,1135,210,0
180944555,1324,1132,210,0
180946555,1323,1128,210,0
180948555,1328,1136,210,0
180950555,1324,1129,210,0
180952555,1323,1127,210,0
180954555,1323,1129,210,0
180956555,1321,1128,210,0
180958555,1327,1133,210,0
180960555,1328,1128,210,0
180962555,1323,1128,210,0
180964555,1325,1128,210,0
180966555,1324,1132,210,0
180968555,1323,1134,210,0
180970555,1320,1127,210,0
180972555,1320,1136,210,0
180974555,1320,1129,210,0
180976555,1322,1128,210,0
180978555,1325,1127,0,0
180980555,1340,1176,0,0
180982555,1356,1226,0,0
180984555,1370,1269,0,0
180986555,1371,1297,0,0
180988555,1406,1326,0,0
180990555,1410,1360,0,0
180992555,1419,1388,0,0
180994555,1432,1423,0,0
180996555,1436,1444,0,0
180998555,1445,1469,0,0
181000555,1447,1487,0,0
181002555,1460,1504,0,0
181004555,1461,1524,0,0
181006555,1464,1531,0,0
181008555,1468,1558,0,0
181010555,1476,1562,0,0
181012555,1476,1587,0,0
181014555,1486,1583,0,0
181016555,1488,1595,0,0
181018555,1487,1610,0,0
181020555,1491,1617,0,0
181022555,1495,1617,0,0
181024555,1504,1629,0,0
181026555,1500,1641,0,0
181028555,1504,1641,0,0
181030555,1510,1649,0,0
181032555,1510,1657,0,0
181034555,1508,1664,0,0
181036555,1512,1662,0,0
181038555,1508,1672,0,0
181040555,1516,1680,0,0
181042555,1512,1683,0,0
181044555,1517,1683,0,0
181046555,1512,1692,0,0
181048555,1512,1689,0,0
181050555,1518,1692,0,0
181052555,1517,1693,0,0
181054555,1518,1697,0,0
181056555,1517,1704,0,0
181058555,1517,1697,0,0
181060555,1520,1692,0,0
181062555,1521,1693,0,0
181064555,1521,1701,0,0
181066555,1522,1693,0,0
181068555,1524,1697,0,0
181070555,1521,1697,0,0
181072555,1522,1703,0,0
181074555,1523,1700,0,0
181076555,1521,1704,0,0
181078555,1524,1703,0,0
181080555,1520,1705,0,0
181082555,1524,1703,0,0
181084555,1520,1704,0,0
181086555,1524,1699,0,0
181088555,1521,1704,0,0
181090555,1518,1706,0,0
181092555,1523,1713,0,0
181094555,1520,1700,0,0
181096555,1518,1701,0,0
181098555,1524,1699,0,0
181100555,1520,1701,0,0
181102555,1524,1699,0,0
181104555,1520,1706,0,0
181106555,1524,1692,0,0
181108555,1524,1697,0,0
181110555,1518,1700,0,0
181112555,1524,1697,0,0
181114555,1521,1705,0,0
181116555,1523,1697,0,0
181118555,1525,1696,0,0
181120555,1525,1700,0,0
181122555,1521,1701,0,0
181124555,1520,1705,0,0
181126555,1527,1694,0,0
181128555,1521,1697,0,0
181130555,1524,1694,0,0
181132555,1524,1705,0,0
181134555,1525,1708,0,0
181136555,1523,1709,0,0
181138555,1516,1701,0,0
181140555,1521,1702,0,0
181142555,1521,1705,0,0
181144555,1516,1702,0,0
181146555,1517,1710,0,0
181148555,1516,1705,0,0
181150555,1524,1701,0,0
181152555,1525,1707,0,0
181154555,1526,1705,0,0
181156555,1520,1705,0,0
181158555,1520,1709,0,0
181160555,1524,1702,0,0
181162555,1524,1696,0,0
181164555,1521,1693,0,0
181166555,1525,1705,0,0
181168555,1520,1701,0,0
181170555,1524,1700,0,0
181172555,1521,1705,0,0
181174555,1520,1710,0,0
181176555,1524,1706,0,0
181178555,1521,1701,0,0
181180555,1523,1700,0,0
181182555,1526,1713,0,0
181184555,1524,1709,0,0
181186555,1521,1701,0,0
181188555,1523,1706,0,0
181190555,1521,1710,0,0
181192555,1524,1704,0,0
181194555,1524,1709,0,0
181196555,1524,1700,0,0
181198555,1524,1703,0,0
181200555,1526,1703,0,0
181202555,1523,1702,0,0
181204555,1518,1697,0,0
181206555,1518,1703,0,0
181208555,1524,1705,0,0
181210555,1517,1706,0,0
181212555,1518,1706,0,0
181214555,1524,1701,0,0
181216555,1523,1707,0,0
181218555,1523,1707,0,0
181220555,1523,1701,0,0
181222555,1524,1710,0,0
181224555,1513,1699,0,0
181226555,1520,1709,0,0
181228555,1518,1704,0,0
181230555,1524,1710,0,0
181232555,1522,1701,0,0
181234555,1520,1701,0,0
181236555,1521,1705,0,0
181238555,1525,1699,0,0
181240555,1516,1706,0,0
181242555,1518,1704,0,0
181244555,1520,1704,0,0
181246555,1524,1704,0,0
181248555,1523,1700,0,0
181250555,1516,1709,0,0
181252555,1526,1702,0,0
181254555,1523,1706,0,0
181256555,1524,1700,0,0
181258555,1521,1710,0,0
181260555,1524,1694,0,0
181262555,1524,1704,0,0
181264555,1521,1701,0,0
181266555,1525,1701,0,0
181268555,1524,1709,0,0
181270555,1521,1709,0,0
181272555,1521,1704,0,0
181274555,1517,1708,0,0
181276555,1521,1703,0,0
181278555,1521,1710,0,0
181280555,1518,1706,0,0
181282555,1523,1706,0,0
181284555,1521,1707,0,0
181286555,1523,1715,0,0
181288555,1518,1705,0,0
181290555,1518,1706,0,0
181292555,1524,1700,0,0
181294555,1522,1704,0,0
181296555,1521,1705,0,0
181298555,1526,1704,0,0
181300555,1521,1705,0,0
181302555,1520,1710,0,0
181304555,1526,1709,0,0
181306555,1516,1702,0,0
181308555,1520,1708,0,0
181310555,1524,1700,0,0
181312555,1520,1707,0,0
181314555,1527,1706,0,0
181316555,1523,1709,0,0
181318555,1521,1708,0,0
181320555,1523,1710,0,0
181322555,1524,1705,0,0
181324555,1520,1704,0,0
181326555,1523,1707,0,0
181328555,1523,1700,0,0
181330555,1522,1705,0,0
181332555,1518,1702,0,0
181334555,1516,1705,0,0
181336555,1525,1703,0,0
181338555,1518,1703,0,0
181340555,1523,1705,0,0
181342555,1524,1704,0,0
181344555,1516,1701,0,0
181346555,1525,1708,0,0
181348555,1526,1702,0,0
181350555,1525,1710,0,0
181352555,1536,1706,0,0
181354555,1525,1707,0,0
181356555,1524,1709,0,0
181358555,1525,1707,0,0
181360555,1524,1707,0,0
181362555,1520,1709,0,0
181364555,1521,1706,0,0
181366555,1517,1706,0,0
181368555,1521,1700,0,0
181370555,1525,1702,0,0
181372555,1518,1697,0,0
181374555,1528,1702,0,0
181376555,1524,1705,0,0
181378555,1517,1697,0,0
181380555,1524,1704,0,0
181382555,1521,1705,0,0
181384555,1524,1705,0,0
181386555,1519,1697,0,0
181388555,1520,1707,0,0
181390555,1518,1705,0,0
181392555,1517,1699,0,0
181394555,1524,1701,0,0
181396555,1521,1705,0,0
181398555,1520,1699,0,0
181400555,1524,1712,0,0
181402555,1524,1705,0,0
181404555,1521,1706,0,0
181406555,1521,1701,0,0
181408555,1527,1703,0,0
181410555,1523,1700,0,0
181412555,1523,1701,0,0
181414555,1525,1713,0,0
181416555,1525,1705,0,0
181418555,1526,1696,0,0
181420555,1524,1701,0,0
181422555,1520,1709,0,0
181424555,1526,1701,0,0
181426555,1524,1704,0,0
181428555,1521,1703,0,0
181430555,1518,1712,0,0
181432555,1524,1709,0,0
181434555,1523,1712,0,0
181436555,1524,1709,0,0
181438555,1521,1704,0,0
181440555,1518,1707,0,0
181442555,1527,1703,0,0
181444555,1524,1708,0,0
181446555,1521,1701,0,0
181448555,1518,1706,0,0
181450555,1525,1696,0,0
181452555,1523,1699,0,0
181454555,1521,1706,0,0
181456555,1521,1704,0,0
181458555,1524,1701,0,0
181460555,1524,1706,0,0
181462555,1521,1706,0,0
181464555,1524,1702,0,0
181466555,1521,1697,0,0
181468555,1524,1694,0,0
181470555,1525,1702,0,0
181472555,1524,1701,0,0
181474555,1523,1702,0,0
181476555,1526,1704,0,0
181478555,1524,1705,0,0
181480555,1521,1702,0,0
181482555,1524,1700,0,0
181484555,1524,1696,0,0
181486555,1521,1701,0,0
181488555,1516,1707,0,0
181490555,1523,1701,0,0
181492555,1523,1705,0,0
181494555,1520,1705,0,0
181496555,1523,1705,0,0
181498555,1517,1708,0,0
181500555,1522,1704,0,0
181502555,1525,1700,0,0
181504555,1518,1705,0,0
181506555,1520,1697,0,0
181508555,1523,1707,0,0
181510555,1524,1701,0,0
181512555,1523,1702,0,0
181514555,1518,1701,0,0
181516555,1523,1697,0,0
181518555,1524,1707,0,0
181520555,1523,1708,0,0
181522555,1525,1701,0,0
181524555,1524,1713,0,0
181526555,1522,1705,0,0
181528555,1524,1703,0,0
181530555,1524,1700,0,0
181532555,1524,1714,0,0
181534555,1520,1704,0,0
181536555,1520,1717,0,0
181538555,1524,1697,0,0
181540555,1523,1708,0,0
181542555,1521,1710,0,0
181544555,1518,1702,0,0
181546555,1524,1706,0,0
181548555,1526,1697,0,0
181550555,1523,1702,0,0
181552555,1524,1699,0,0
181554555,1524,1700,0,0
181556555,1524,1705,0,0
181558555,1521,1704,0,0
181560555,1526,1704,0,0
181562555,1520,1702,0,0
181564555,1521,1702,0,0
181566555,1525,1702,0,0
181568555,1520,1704,0,0
181570555,1529,1702,0,0
181572555,1520,1700,0,0
181574555,1525,1701,0,0
181576555,1523,1705,0,0
181578555,1524,1701,0,0
181580555,1524,1707,0,0
181582555,1527,1699,0,0
181584555,1520,1705,0,0
181586555,1521,1704,0,0
181588555,1521,1702,0,0
181590555,1525,1709,0,0
181592555,1524,1702,0,0
181594555,1524,1700,0,0
181596555,1524,1704,0,0
181598555,1528,1699,0,0
181600555,1523,1699,0,0
181602555,1522,1705,0,0
181604555,1522,1705,0,0
181606555,1521,1704,0,0
181608555,1524,1706,0,0
181610555,1520,1709,0,0
181612555,1521,1712,0,0
181614555,1524,1704,0,0
181616555,1524,1703,0,0
181618555,1523,1712,0,0
181620555,1518,1709,0,0
181622555,1516,1702,0,0
181624555,1518,1706,0,0
181626555,1525,1705,0,0
181628555,1520,1707,0,0
181630555,1524,1713,0,0
181632555,1523,1713,0,0
181634555,1526,1706,0,0
181636555,1522,1703,0,0
181638555,1526,1706,0,0
181640555,1522,1706,0,0
181642555,1527,1707,0,0
181644555,1521,1703,0,0
181646555,1524,1705,0,0
181648555,1524,1701,0,0
181650555,1520,1707,0,0
181652555,1523,1697,0,0
181654555,1524,1703,0,0
181656555,1515,1709,0,0
181658555,1520,1704,0,0
181660555,1521,1710,0,0
181662555,1524,1705,0,0
181664555,1521,1706,0,0
181666555,1521,1705,0,0
181668555,1524,1701,0,0
181670555,1520,1707,0,0
181672555,1523,1705,0,0
181674555,1524,1709,0,0
181676555,1520,1704,0,0
181678555,1523,1702,0,0
181680555,1522,1705,0,0
181682555,1524,1699,0,0
181684555,1524,1700,0,0
181686555,1520,1703,0,0
181688555,1518,1697,0,0
181690555,1523,1701,0,0
181692555,1524,1697,0,0
181694555,1521,1707,0,0
181696555,1520,1704,0,0
181698555,1520,1706,0,0
181700555,1520,1706,0,0
181702555,1525,1702,0,0
181704555,1524,1701,0,0
181706555,1523,1709,0,0
181708555,1525,1710,0,0
181710555,1520,1709,0,0
181712555,1521,1708,0,0
181714555,1518,1709,0,0
181716555,1524,1710,0,0
181718555,1524,1704,0,0
181720555,1523,1702,0,0
181722555,1524,1710,0,0
181724555,1524,1700,0,0
181726555,1525,1701,0,0
181728555,1524,1713,0,0
181730555,1523,1696,0,0
181732555,1521,1704,0,0
181734555,1525,1704,0,0
181736555,1520,1705,0,0
181738555,1523,1709,0,0
181740555,1524,1709,0,0
181742555,1523,1697,0,0
181744555,1521,1702,0,0
181746555,1524,1702,0,0
181748555,1525,1702,0,0
181750555,1520,1699,0,0
181752555,1523,1705,0,0
181754555,1524,1702,0,0
181756555,1524,1707,0,0
181758555,1524,1706,0,0
181760555,1524,1704,0,0
181762555,1520,1700,0,0
181764555,1521,1701,0,0
181766555,1527,1701,0,0
181768555,1524,1702,0,0
181770555,1521,1716,0,0
181772555,1524,1700,0,0
181774555,1530,1701,0,0
181776555,1521,1713,0,0
181778555,1520,1709,210,1
181780555,1507,1665,210,1
181782555,1501,1632,210,1
181784555,1484,1600,210,1
181786555,1478,1560,210,1
181788555,1467,1537,210,1
181790555,1456,1510,210,1
181792555,1448,1477,210,1
181794555,1440,1452,210,0
181796555,1427,1428,210,0
181798555,1424,1409,210,0
181800555,1413,1387,210,0
181802555,1410,1359,210,0
181804555,1399,1348,210,0
181806555,1401,1326,210,0
181808555,1396,1308,210,0
181810555,1387,1300,210,0
181812555,1371,1282,210,0
181814555,1371,1274,210,0
181816555,1371,1265,210,0
181818555,1371,1245,210,0
181820555,1361,1247,210,0
181822555,1360,1230,210,0
181824555,1360,1229,210,0
181826555,1358,1220,210,0
181828555,1354,1207,210,0
181830555,1350,1205,210,0
181832555,1352,1204,210,0
181834555,1346,1193,210,0
181836555,1347,1183,210,0
181838555,1346,1179,210,0
181840555,1344,1174,210,0
181842555,1339,1172,210,0
181844555,1337,1172,210,0
181846555,1342,1163,210,0
181848555,1336,1167,210,0
181850555,1333,1167,210,0
181852555,1338,1159,210,0
181854555,1329,1154,210,0
181856555,1338,1154,210,0
181858555,1336,1153,210,0
181860555,1333,1154,210,0
181862555,1332,1150,210,0
181864555,1333,1152,210,0
181866555,1334,1149,210,0
181868555,1332,1143,210,0
181870555,1330,1142,210,0
181872555,1329,1140,210,0
181874555,1331,1147,210,0
181876555,1333,1132,210,0
181878555,1323,1143,210,0
181880555,1329,1143,210,0
181882555,1330,1136,210,0
181884555,1329,1139,210,0
181886555,1322,1136,210,0
181888555,1328,1130,210,0
181890555,1325,1134,210,0
181892555,1330,1129,210,0
181894555,1323,1130,210,0
181896555,1328,1130,210,0
181898555,1326,1136,210,0
181900555,1329,1128,210,0
181902555,1328,1129,210,0
181904555,1323,1129,210,0
181906555,1331,1128,210,0
181908555,1322,1129,210,0
181910555,1325,1132,210,0
181912555,1331,1127,210,0
181914555,1326,1127,210,0
181916555,1322,1129,210,0
181918555,1324,1129,210,0
181920555,1325,1129,210,0
181922555,1328,1126,210,0
181924555,1321,1128,210,0
181926555,1325,1127,210,0
181928555,1320,1128,0,0
181930555,1344,1185,0,0
181932555,1357,1221,0,0
181934555,1369,1259,0,0
181936555,1387,1298,0,0
181938555,1398,1328,0,0
181940555,1411,1364,0,0
181942555,1421,1394,0,0
181944555,1431,1424,0,0
181946555,1438,1437,0,0
181948555,1444,1461,0,0
181950555,1448,1486,0,0
181952555,1460,1501,0,0
181954555,1460,1526,0,0
181956555,1463,1536,0,0
181958555,1469,1549,0,0
181960555,1477,1561,0,0
181962555,1484,1579,0,0
181964555,1483,1585,0,0
181966555,1487,1601,0,0
181968555,1489,1613,0,0
181970555,1488,1613,0,0
181972555,1499,1620,0,0
181974555,1496,1634,0,0
181976555,1500,1638,0,0
181978555,1504,1646,0,0
181980555,1502,1649,0,0
181982555,1505,1657,0,0
181984555,1512,1665,0,0
181986555,1512,1664,0,0
181988555,1512,1674,0,0
181990555,1513,1681,0,0
181992555,1514,1685,0,0
181994555,1520,1681,0,0
181996555,1523,1688,0,0
181998555,1516,1693,0,0
182000555,1523,1689,0,0
182002555,1521,1697,0,0
182004555,1521,1696,0,0
182006555,1524,1693,0,0
182008555,1525,1703,0,0
182010555,1521,1704,0,0
182012555,1523,1700,0,0
182014555,1521,1707,0,0
182016555,1523,1707,0,0
182018555,1521,1705,0,0
182020555,1522,1701,0,0
182022555,1524,1703,0,0
182024555,1524,1704,0,0
182026555,1524,1703,0,0
182028555,1520,1709,0,0
182030555,1524,1705,0,0
182032555,1521,1708,0,0
182034555,1524,1701,0,0
182036555,1525,1693,0,0
182038555,1523,1704,0,0
182040555,1524,1701,0,0
182042555,1521,1704,0,0
182044555,1522,1703,0,0
182046555,1524,1701,0,0
182048555,1518,1703,0,0
182050555,1526,1705,0,0
182052555,1521,1705,0,0
182054555,1524,1709,0,0
182056555,1522,1713,0,0
182058555,1524,1701,0,0
182060555,1521,1704,0,0
182062555,1525,1699,0,0
182064555,1525,1705,0,0
182066555,1520,1700,0,0
182068555,1524,1705,0,0
182070555,1521,1697,0,0
182072555,1521,1703,0,0
182074555,1523,1705,0,0
182076555,1525,1701,0,0
182078555,1524,1702,0,0
182080555,1523,1700,0,0
182082555,1527,1701,0,0
182084555,1524,1709,0,0
182086555,1525,1706,0,0
182088555,1524,1697,0,0
182090555,1525,1700,0,0
182092555,1521,1697,0,0
182094555,1525,1701,0,0
182096555,1526,1702,0,0
182098555,1522,1704,0,0
182100555,1523,1702,0,0
182102555,1528,1701,0,0
182104555,1525,1705,0,0
182106555,1520,1711,0,0
182108555,1524,1701,0,0
182110555,1524,1705,0,0
182112555,1526,1703,0,0
182114555,1523,1705,0,0
182116555,1524,1706,0,0
182118555,1522,1700,0,0
182120555,1526,1707,0,0
182122555,1522,1712,0,0
182124555,1521,1697,0,0
182126555,1523,1697,0,0
182128555,1528,1709,0,0
182130555,1517,1701,0,0
182132555,1528,1703,0,0
182134555,1523,1697,0,0
182136555,1523,1708,0,0
182138555,1522,1705,0,0
182140555,1529,1700,0,0
182142555,1520,1707,0,0
182144555,1517,1707,0,0
182146555,1524,1705,0,0
182148555,1520,1696,0,0
182150555,1523,1705,0,0
182152555,1524,1706,0,0
182154555,1528,1703,0,0
182156555,1515,1701,0,0
182158555,1523,1707,0,0
182160555,1523,1702,0,0
182162555,1520,1702,0,0
182164555,1523,1705,0,0
182166555,1525,1710,0,0
182168555,1521,1709,0,0
182170555,1526,1705,0,0
182172555,1523,1704,0,0
182174555,1524,1700,0,0
182176555,1524,1702,0,0
182178555,1524,1709,0,0
182180555,1522,1697,0,0
182182555,1514,1709,0,0
182184555,1523,1705,0,0
182186555,1528,1709,0,0
182188555,1522,1708,0,0
182190555,1524,1704,0,0
182192555,1523,1706,0,0
182194555,1518,1701,0,0
182196555,1524,1709,0,0
182198555,1526,1713,0,0
182200555,1524,1704,0,0
182202555,1523,1709,0,0
182204555,1525,1701,0,0
182206555,1520,1704,0,0
182208555,1523,1705,0,0
182210555,1526,1706,0,0
182212555,1524,1701,0,0
182214555,1520,1705,0,0
182216555,1521,1701,0,0
182218555,1521,1706,0,0
182220555,1521,1696,0,0
182222555,1515,1703,0,0
182224555,1520,1707,0,0
182226555,1524,1697,0,0
182228555,1520,1701,0,0
182230555,1524,1701,0,0
182232555,1525,1702,0,0
182234555,1520,1702,0,0
182236555,1522,1700,0,0
182238555,1521,1701,0,0
182240555,1521,1704,0,0
182242555,1524,1699,0,0
182244555,1524,1703,0,0
182246555,1524,1713,0,0
182248555,1525,1707,0,0
182250555,1528,1707,0,0
182252555,1523,1707,0,0
182254555,1521,1696,0,0
182256555,1524,1705,0,0
182258555,1525,1704,0,0
182260555,1523,1706,0,0
182262555,1518,1705,0,0
182264555,1524,1705,0,0
182266555,1520,1707,0,0
182268555,1525,1704,0,0
182270555,1524,1706,0,0
182272555,1526,1702,0,0
182274555,1521,1704,0,0
182276555,1517,1699,0,0
182278555,1521,1700,0,0
182280555,1523,1702,0,0
182282555,1524,1705,0,0
182284555,1525,1705,0,0
182286555,1526,1704,0,0
182288555,1520,1705,0,0
182290555,1523,1697,0,0
182292555,1523,1703,0,0
182294555,1527,1707,0,0
182296555,1520,1702,0,0
182298555,1518,1697,0,0
182300555,1526,1702,0,0
182302555,1523,1705,0,0
182304555,1518,1709,0,0
182306555,1516,1704,0,0
182308555,1525,1700,0,0
182310555,1521,1701,0,0
182312555,1525,1710,0,0
182314555,1524,1697,0,0
182316555,1518,1704,0,0
182318555,1523,1700,0,0
182320555,1521,1705,0,0
182322555,1518,1702,0,0
182324555,1524,1703,0,0
182326555,1518,1709,0,0
182328555,1524,1707,0,0
182330555,1521,1704,0,0
182332555,1521,1702,0,0
182334555,1523,1702,0,0
182336555,1524,1710,0,0
182338555,1524,1705,0,0
182340555,1524,1705,0,0
182342555,1517,1705,0,0
182344555,1525,1709,0,0
182346555,1523,1709,0,0
182348555,1523,1706,0,0
182350555,1520,1704,0,0
182352555,1520,1699,0,0
182354555,1526,1705,0,0
182356555,1518,1705,0,0
182358555,1521,1706,0,0
182360555,1520,1701,0,0
182362555,1524,1705,0,0
182364555,1518,1705,0,0
182366555,1521,1696,0,0
182368555,1526,1707,0,0
182370555,1522,1701,0,0
182372555,1520,1700,0,0
182374555,1520,1703,0,0
182376555,1520,1697,0,0
182378555,1523,1704,0,0
182380555,1518,1705,0,0
182382555,1524,1705,0,0
182384555,1524,1700,0,0
182386555,1525,1703,0,0
182388555,1523,1704,0,0
182390555,1526,1707,0,0
182392555,1524,1705,0,0
182394555,1524,1700,0,0
182396555,1525,1705,0,0
182398555,1516,1706,0,0
182400555,1523,1705,0,0
182402555,1521,1705,0,0
182404555,1516,1702,0,0
182406555,1520,1706,0,0
182408555,1524,1705,0,0
182410555,1523,1705,0,0
182412555,1524,1703,0,0
182414555,1524,1702,0,0
182416555,1520,1705,0,0
182418555,1523,1706,0,0
182420555,1525,1707,0,0
182422555,1524,1705,0,0
182424555,1526,1704,0,0
182426555,1520,1713,0,0
182428555,1520,1707,0,0
182430555,1520,1707,0,0
182432555,1520,1706,0,0
182434555,1522,1707,0,0
182436555,1525,1705,0,0
182438555,1524,1706,0,0
182440555,1518,1699,0,0
182442555,1521,1704,0,0
182444555,1522,1704,0,0
182446555,1526,1703,0,0
182448555,1525,1709,0,0
182450555,1524,1702,0,0
182452555,1525,1706,0,0
182454555,1523,1704,0,0
182456555,1523,1710,0,0
182458555,1521,1709,0,0
182460555,1516,1705,0,0
182462555,1524,1708,0,0
182464555,1520,1709,0,0
182466555,1524,1702,0,0
182468555,1518,1697,0,0
182470555,1526,1710,0,0
182472555,1524,1709,0,0
182474555,1523,1701,0,0
182476555,1524,1701,0,0
182478555,1520,1697,0,0
182480555,1524,1705,0,0
182482555,1524,1707,0,0
182484555,1526,1703,0,0
182486555,1526,1713,0,0
182488555,1527,1700,0,0
182490555,1522,1706,0,0
182492555,1527,1704,0,0
182494555,1525,1697,0,0
182496555,1525,1709,0,0
182498555,1524,1706,0,0
182500555,1522,1697,0,0
182502555,1521,1701,0,0
182504555,1525,1703,0,0
182506555,1524,1707,0,0
182508555,1524,1707,0,0
182510555,1524,1694,0,0
182512555,1524,1705,0,0
182514555,1521,1707,0,0
182516555,1520,1705,0,0
182518555,1523,1708,0,0
182520555,1525,1709,0,0
182522555,1524,1713,0,0
182524555,1523,1701,0,0
182526555,1524,1703,0,0
182528555,1523,1702,0,0
182530555,1520,1706,0,0
182532555,1525,1709,0,0
182534555,1523,1705,0,0
182536555,1521,1701,0,0
182538555,1521,1701,0,0
182540555,1524,1709,0,0
182542555,1524,1699,0,0
182544555,1524,1705,0,0
182546555,1524,1707,0,0
182548555,1518,1706,0,0
182550555,1521,1702,0,0
182552555,1523,1706,0,0
182554555,1520,1705,0,0
182556555,1525,1704,0,0
182558555,1523,1705,0,0
182560555,1524,1700,0,0
182562555,1520,1703,0,0
182564555,1524,1703,0,0
182566555,1524,1705,0,0
182568555,1526,1707,0,0
182570555,1525,1706,0,0
182572555,1521,1717,0,0
182574555,1526,1706,0,0
182576555,1518,1709,0,0
182578555,1526,1708,0,0
182580555,1524,1706,0,0
182582555,1520,1703,0,0
182584555,1524,1708,0,0
182586555,1525,1707,0,0
182588555,1520,1710,0,0
182590555,1524,1705,0,0
182592555,1520,1702,0,0
182594555,1520,1705,0,0
182596555,1526,1705,0,0
182598555,1526,1700,0,0
182600555,1523,1709,0,0
182602555,1527,1706,0,0
182604555,1524,1707,0,0
182606555,1524,1702,0,0
182608555,1524,1706,0,0
182610555,1522,1702,0,0
182612555,1522,1705,0,0
182614555,1521,1699,0,0
182616555,1525,1700,0,0
182618555,1524,1714,0,0
182620555,1521,1705,0,0
182622555,1521,1701,0,0
182624555,1521,1709,0,0
182626555,1518,1710,0,0
182628555,1524,1705,0,0
182630555,1524,1705,0,0
182632555,1525,1705,0,0
182634555,1521,1712,0,0
182636555,1529,1699,0,0
182638555,1525,1702,0,0
182640555,1518,1713,0,0
182642555,1523,1707,0,0
182644555,1517,1702,0,0
182646555,1519,1707,0,0
182648555,1524,1707,0,0
182650555,1524,1709,0,0
182652555,1521,1704,0,0
182654555,1522,1708,0,0
182656555,1524,1702,0,0
182658555,1523,1700,0,0
182660555,1524,1705,0,0
182662555,1520,1709,0,0
182664555,1524,1708,0,0
182666555,1521,1696,0,0
182668555,1516,1712,0,0
182670555,1524,1702,0,0
182672555,1517,1704,0,0
182674555,1525,1707,0,0
182676555,1528,1709,0,0
182678555,1524,1701,0,0
182680555,1518,1712,0,0
182682555,1524,1702,0,0
182684555,1524,1702,0,0
182686555,1524,1705,0,0
182688555,1517,1705,0,0
182690555,1521,1707,0,0
182692555,1524,1717,0,0
182694555,1522,1707,0,0
182696555,1521,1713,0,0
182698555,1518,1701,0,0
182700555,1523,1705,0,0
182702555,1525,1703,0,0
182704555,1525,1705,0,0
182706555,1525,1707,0,0
182708555,1521,1704,0,0
182710555,1523,1701,0,0
182712555,1520,1701,0,0
182714555,1523,1706,0,0
182716555,1525,1701,0,0
182718555,1524,1707,0,0
182720555,1520,1708,0,0
182722555,1521,1699,0,0
182724555,1524,1709,0,0
182726555,1524,1709,0,0
182728555,1520,1702,0,1
182730555,1525,1705,0,1
182732555,1518,1698,0,1
182734555,1525,1706,0,1
182736555,1522,1701,0,1
182738555,1521,1696,0,1
182740555,1524,1703,0,1
182742555,1523,1709,0,1
182744555,1522,1706,0,1
182746555,1524,1705,0,1
182748555,1524,1707,0,1
182750555,1524,1699,0,1
182752555,1518,1707,0,1
182754555,1524,1705,0,1
182756555,1523,1697,0,1
182758555,1523,1706,0,1
182760555,1527,1705,0,1
182762555,1520,1705,0,1
182764555,1524,1701,0,1
182766555,1518,1702,0,1
182768555,1519,1697,0,1
182770555,1526,1705,0,1
182772555,1520,1702,0,1
182774555,1526,1702,0,1
182776555,1524,1706,0,1
182778555,1524,1701,0,1
182780555,1521,1713,0,1
182782555,1522,1699,0,1
182784555,1524,1704,0,1
182786555,1523,1710,0,1
182788555,1525,1705,0,1
182790555,1523,1703,0,1
182792555,1520,1701,0,1
182794555,1525,1710,0,1
182796555,1526,1701,0,1
182798555,1524,1703,0,1
182800555,1513,1703,0,1
182802555,1524,1700,0,1
182804555,1520,1705,0,1
182806555,1517,1713,0,1
182808555,1525,1709,0,1
182810555,1528,1712,0,1
182812555,1523,1708,0,1
182814555,1526,1706,0,1
182816555,1520,1705,0,1
182818555,1522,1705,0,1
182820555,1525,1702,0,1
182822555,1524,1702,0,1
182824555,1525,1702,0,1
182826555,1524,1704,0,1
182828555,1525,1707,0,1
182830555,1524,1707,0,1
182832555,1524,1706,0,1
182834555,1525,1702,0,1
182836555,1527,1703,0,1
182838555,1526,1702,0,1
182840555,1518,1704,0,1
182842555,1520,1706,0,1
182844555,1524,1706,0,1
182846555,1526,1709,0,1
182848555,1524,1710,0,1
182850555,1520,1707,0,1
182852555,1524,1700,0,1
182854555,1525,1702,0,1
182856555,1524,1709,0,1
182858555,1525,1698,0,1
182860555,1524,1707,0,1
182862555,1522,1701,0,1
182864555,1520,1706,0,1
182866555,1525,1701,0,1
182868555,1520,1702,0,1
182870555,1525,1702,0,1
182872555,1525,1711,0,1
182874555,1523,1701,0,1
182876555,1521,1710,0,1
182878555,1515,1701,0,1
182880555,1526,1700,0,1
182882555,1521,1708,0,1
182884555,1522,1701,0,1
182886555,1524,1701,0,1
182888555,1520,1707,0,1
182890555,1524,1700,0,1
182892555,1524,1706,0,1
182894555,1520,1702,0,1
182896555,1521,1705,0,1
182898555,1520,1706,0,1
182900555,1526,1705,0,1
182902555,1524,1701,0,1
182904555,1525,1703,0,1
182906555,1522,1705,0,1
182908555,1526,1707,0,1
182910555,1520,1707,0,1
182912555,1525,1707,0,1
182914555,1525,1710,0,1
182916555,1523,1703,0,1
182918555,1522,1697,0,1
182920555,1525,1713,0,1
182922555,1525,1705,0,1
182924555,1522,1704,0,1
182926555,1522,1701,0,1
182928555,1525,1705,0,0
182930555,1524,1704,0,0
182932555,1523,1704,0,0
182934555,1518,1702,0,0
182936555,1518,1700,0,0
182938555,1524,1695,0,0
182940555,1523,1705,0,0
182942555,1522,1704,0,0
182944555,1525,1703,0,0
182946555,1524,1700,0,0
182948555,1526,1704,0,0
182950555,1524,1705,0,0
182952555,1520,1705,0,0
182954555,1521,1697,0,0
182956555,1524,1704,0,0
182958555,1524,1701,0,0
182960555,1524,1701,0,0
182962555,1525,1703,0,0
182964555,1526,1709,0,0
182966555,1524,1707,0,0
182968555,1524,1709,0,0
182970555,1524,1703,0,0
182972555,1526,1701,0,0
182974555,1524,1705,0,0
182976555,1524,1697,0,0
182978555,1520,1707,0,0
182980555,1525,1706,0,0
182982555,1523,1717,0,0
182984555,1521,1696,0,0
182986555,1525,1705,0,0
182988555,1523,1707,0,0
182990555,1518,1710,0,0
182992555,1523,1700,0,0
182994555,1524,1704,0,0
182996555,1526,1707,0,0
182998555,1519,1706,0,0
183000555,1525,1703,0,0
183002555,1524,1705,0,0
183004555,1518,1704,0,0
183006555,1524,1700,0,0
183008555,1522,1706,0,0
183010555,1524,1704,0,0
183012555,1518,1706,0,0
183014555,1524,1708,0,0
183016555,1524,1700,0,0
183018555,1524,1704,0,0
183020555,1525,1697,0,0
183022555,1517,1707,0,0
183024555,1524,1704,0,0
183026555,1524,1705,0,0
183028555,1523,1699,0,0
183030555,1524,1702,0,0
183032555,1529,1710,0,0
183034555,1520,1709,0,0
183036555,1516,1711,0,0
183038555,1521,1703,0,0
183040555,1524,1705,0,0
183042555,1521,1706,0,0
183044555,1526,1709,0,0
183046555,1524,1703,0,0
183048555,1524,1702,0,0
183050555,1524,1700,0,0
183052555,1523,1707,0,0
183054555,1523,1708,0,0
183056555,1524,1704,0,0
183058555,1523,1713,0,0
183060555,1523,1705,0,0
183062555,1523,1701,0,0
183064555,1525,1704,0,0
183066555,1527,1703,0,0
183068555,1525,1709,0,0
183070555,1517,1701,0,0
183072555,1524,1704,0,0
183074555,1518,1700,0,0
183076555,1521,1703,0,0
183078555,1520,1705,0,0
183080555,1522,1709,0,0
183082555,1515,1704,0,0
183084555,1526,1704,0,0
183086555,1526,1697,0,0
183088555,1518,1699,0,0
183090555,1524,1699,0,0
183092555,1523,1702,0,0
183094555,1518,1708,0,0
183096555,1521,1699,0,0
183098555,1524,1706,0,0
183100555,1520,1700,0,0
183102555,1520,1701,0,0
183104555,1525,1704,0,0
183106555,1524,1702,0,0
183108555,1523,1707,0,0
183110555,1521,1701,0,0
183112555,1516,1697,0,0
183114555,1524,1705,0,0
183116555,1525,1703,0,0
183118555,1525,1704,0,0
183120555,1524,1705,0,0
183122555,1518,1708,0,0
183124555,1524,1701,0,0
183126555,1525,1697,0,0
183128555,1523,1700,0,0
183130555,1526,1705,0,0
183132555,1523,1705,0,0
183134555,1518,1710,0,0
183136555,1520,1710,0,0
183138555,1520,1704,0,0
183140555,1521,1705,0,0
183142555,1523,1707,0,0
183144555,1520,1703,0,0
183146555,1521,1702,0,0
183148555,1525,1700,0,0
183150555,1520,1703,0,0
183152555,1522,1709,0,0
183154555,1525,1706,0,0
183156555,1521,1705,0,0
183158555,1523,1700,0,0
183160555,1516,1706,0,0
183162555,1520,1702,0,0
183164555,1520,1703,0,0
183166555,1518,1707,0,0
183168555,1520,1707,0,0
183170555,1525,1706,0,0
183172555,1522,1703,0,0
183174555,1524,1703,0,0
183176555,1524,1709,0,0
183178555,1524,1704,0,0
183180555,1526,1702,0,0
183182555,1524,1701,0,0
183184555,1522,1693,0,0
183186555,1524,1699,0,0
183188555,1521,1706,0,0
183190555,1517,1702,0,0
183192555,1528,1709,0,0
183194555,1520,1709,0,0
183196555,1526,1700,0,0
183198555,1520,1710,0,0
183200555,1523,1708,0,0
183202555,1520,1706,0,0
183204555,1522,1705,0,0
183206555,1523,1703,0,0
183208555,1523,1701,0,0
183210555,1524,1701,0,0
183212555,1520,1701,0,0
183214555,1524,1708,0,0
183216555,1523,1704,0,0
183218555,1524,1713,0,0
183220555,1524,1705,0,0
183222555,1524,1707,0,0
183224555,1524,1705,0,0
183226555,1523,1710,0,0
183228555,1523,1707,0,0
183230555,1524,1704,0,0
183232555,1522,1705,0,0
183234555,1520,1704,0,0
183236555,1526,1703,0,0
183238555,1520,1709,0,0
183240555,1522,1705,0,0
183242555,1520,1701,0,0
183244555,1525,1705,0,0
183246555,1524,1706,0,0
183248555,1524,1706,0,0
183250555,1524,1705,0,0
183252555,1524,1696,0,0
183254555,1521,1702,0,0
183256555,1524,1703,0,0
183258555,1523,1701,0,0
183260555,1518,1707,0,0
183262555,1518,1704,0,0
183264555,1522,1702,0,0
183266555,1522,1705,0,0
183268555,1524,1699,0,0
183270555,1522,1703,0,0
183272555,1521,1703,0,0
183274555,1523,1700,0,0
183276555,1522,1702,0,0
183278555,1522,1706,0,0
183280555,1522,1706,0,0
183282555,1521,1707,0,0
183284555,1520,1705,0,0
183286555,1523,1695,0,0
183288555,1520,1713,0,0
183290555,1524,1706,0,0
183292555,1528,1702,0,0
183294555,1525,1701,0,0
183296555,1524,1710,0,0
183298555,1524,1710,0,0
183300555,1524,1712,0,0
183302555,1525,1705,0,0
183304555,1517,1707,0,0
183306555,1525,1704,0,0
183308555,1525,1698,0,0
183310555,1521,1702,0,0
183312555,1524,1707,0,0
183314555,1520,1703,0,0
183316555,1518,1705,0,0
183318555,1525,1707,0,0
183320555,1523,1705,0,0
183322555,1524,1696,0,0
183324555,1524,1700,0,0
183326555,1527,1701,0,0
183328555,1523,1704,0,0
183330555,1521,1709,0,0
183332555,1524,1704,0,0
183334555,1527,1709,0,0
183336555,1525,1707,0,0
183338555,1526,1704,0,0
183340555,1526,1705,0,0
183342555,1524,1713,0,0
183344555,1518,1704,0,0
183346555,1524,1714,0,0
183348555,1524,1709,0,0
183350555,1523,1704,0,0
183352555,1524,1709,0,0
183354555,1524,1702,0,0
183356555,1525,1705,0,0
183358555,1524,1705,0,0
183360555,1520,1705,0,0
183362555,1518,1707,0,0
183364555,1525,1708,0,0
183366555,1521,1704,0,0
183368555,1524,1709,0,0
183370555,1523,1697,0,0
183372555,1526,1709,0,0
183374555,1524,1709,0,0
183376555,1521,1705,0,0
183378555,1524,1701,0,0
183380555,1521,1703,0,0
183382555,1525,1709,0,0
183384555,1521,1705,0,0
183386555,1523,1705,0,0
183388555,1524,1704,0,0
183390555,1515,1706,0,0
183392555,1524,1701,0,0
183394555,1525,1711,0,0
183396555,1526,1706,0,0
183398555,1520,1707,0,0
183400555,1521,1700,0,0
183402555,1524,1704,0,0
183404555,1523,1705,0,0
183406555,1523,1707,0,0
183408555,1521,1705,0,0
183410555,1522,1702,0,0
183412555,1516,1709,0,0
183414555,1524,1709,0,0
183416555,1520,1694,0,0
183418555,1524,1706,0,0
183420555,1523,1699,0,0
183422555,1516,1709,0,0
183424555,1524,1701,0,0
183426555,1523,1705,0,0
183428555,1525,1706,0,0
183430555,1520,1705,0,0
183432555,1524,1700,0,0
183434555,1524,1703,0,0
183436555,1524,1704,0,0
183438555,1523,1701,0,0
183440555,1517,1694,0,0
183442555,1522,1705,0,0
183444555,1524,1707,0,0
183446555,1525,1699,0,0
183448555,1515,1703,0,0
183450555,1524,1705,0,0
183452555,1524,1715,0,0
183454555,1524,1700,0,0
183456555,1525,1702,0,0
183458555,1520,1697,0,0
183460555,1524,1699,0,0
183462555,1524,1702,0,0
183464555,1524,1699,0,0
183466555,1524,1706,0,0
183468555,1521,1697,0,0
183470555,1523,1705,0,0
183472555,1520,1707,0,0
183474555,1524,1708,0,0
183476555,1524,1704,0,0
183478555,1517,1700,0,0
183480555,1524,1704,0,0
183482555,1521,1706,0,0
183484555,1520,1700,0,0
183486555,1523,1702,0,0
183488555,1524,1703,0,0
183490555,1526,1701,0,0
183492555,1523,1702,0,0
183494555,1524,1702,0,0
183496555,1517,1704,0,0
183498555,1523,1706,0,0
183500555,1523,1703,0,0
183502555,1523,1706,0,0
183504555,1524,1704,0,0
183506555,1521,1701,0,0
183508555,1526,1697,0,0
183510555,1521,1707,0,0
183512555,1520,1709,0,0
183514555,1524,1704,0,0
183516555,1522,1705,0,0
183518555,1527,1709,0,0
183520555,1525,1707,0,0
183522555,1524,1710,0,0
183524555,1524,1700,0,0
183526555,1524,1700,0,0
183528555,1524,1705,0,0
183530555,1524,1705,0,0
183532555,1522,1699,0,0
183534555,1520,1700,0,0
183536555,1524,1700,0,0
183538555,1524,1706,0,0
183540555,1524,1704,0,0
183542555,1521,1699,0,0
183544555,1522,1704,0,0
183546555,1521,1707,0,0
183548555,1524,1705,0,0
183550555,1520,1703,0,0
183552555,1518,1709,0,0
183554555,1524,1707,0,0
183556555,1524,1709,0,0
183558555,1525,1710,0,0
183560555,1524,1700,0,0
183562555,1521,1705,0,0
183564555,1516,1704,0,0
183566555,1524,1703,0,0
183568555,1525,1705,0,0
183570555,1524,1703,0,0
183572555,1524,1699,0,0
183574555,1525,1704,0,0
183576555,1518,1705,0,0
183578555,1522,1706,0,0
183580555,1524,1700,0,0
183582555,1524,1704,0,0
183584555,1525,1713,0,0
183586555,1521,1705,0,0
183588555,1523,1703,0,0
183590555,1520,1706,0,0
183592555,1525,1709,0,0
183594555,1520,1703,0,0
183596555,1524,1700,0,0
183598555,1524,1715,0,0
183600555,1521,1702,0,0
183602555,1524,1705,0,0
183604555,1525,1713,0,0
183606555,1526,1707,0,0
183608555,1520,1709,0,0
183610555,1524,1702,0,0
183612555,1520,1701,0,0
183614555,1521,1705,0,0
183616555,1524,1705,0,0
183618555,1525,1703,0,0
183620555,1527,1702,0,0
183622555,1521,1709,0,0
183624555,1524,1704,0,0
183626555,1520,1709,0,0
183628555,1525,1706,0,0
183630555,1525,1709,0,0
183632555,1524,1713,0,0
183634555,1516,1710,0,0
183636555,1527,1709,0,0
183638555,1526,1709,0,0
183640555,1516,1701,0,0
183642555,1525,1707,0,0
183644555,1520,1704,0,0
183646555,1525,1703,0,0
183648555,1520,1705,0,0
183650555,1518,1705,0,0
183652555,1521,1710,0,0
183654555,1523,1705,0,0
183656555,1524,1703,0,0
183658555,1520,1706,0,0
183660555,1517,1701,0,0
183662555,1521,1701,0,0
183664555,1525,1709,0,0
183666555,1524,1713,0,0
183668555,1523,1705,0,0
183670555,1517,1709,0,0
183672555,1515,1700,0,0
183674555,1525,1702,0,0
183676555,1520,1704,0,0
183678555,1525,1702,0,0
183680555,1521,1707,0,0
183682555,1525,1700,0,0
183684555,1523,1701,0,0
183686555,1524,1705,0,0
183688555,1524,1707,0,0
183690555,1525,1705,0,0
183692555,1522,1697,0,0
183694555,1523,1700,0,0
183696555,1520,1701,0,0
183698555,1526,1697,0,0
183700555,1521,1709,0,0
183702555,1524,1703,0,0
183704555,1516,1703,0,0
183706555,1526,1704,0,0
183708555,1521,1705,0,0
183710555,1522,1699,0,0
183712555,1524,1705,0,0
183714555,1517,1707,0,0
183716555,1527,1709,0,0
183718555,1520,1696,0,0
183720555,1524,1707,0,0
183722555,1525,1705,0,0
183724555,1521,1704,0,0
183726555,1524,1701,0,0
183728555,1525,1705,0,0
183730555,1525,1701,0,0
183732555,1521,1709,0,0
183734555,1526,1705,0,0
183736555,1520,1701,0,0
183738555,1527,1706,0,0
183740555,1524,1707,0,0
183742555,1524,1704,0,0
183744555,1520,1704,0,0
183746555,1520,1707,0,0
183748555,1524,1705,0,0
183750555,1517,1709,0,0
183752555,1524,1702,0,0
183754555,1520,1705,0,0
183756555,1521,1702,0,0
183758555,1524,1709,0,0
183760555,1524,1697,0,0
183762555,1517,1708,0,0
183764555,1525,1704,0,0
183766555,1520,1704,0,0
183768555,1520,1710,0,0
183770555,1518,1705,0,0
183772555,1518,1710,0,0
183774555,1523,1709,0,0
183776555,1524,1713,0,0
183778555,1521,1707,0,0
183780555,1524,1705,0,0
183782555,1518,1706,0,0
183784555,1520,1700,0,0
183786555,1523,1705,0,0
183788555,1517,1708,0,0
183790555,1522,1705,0,0
183792555,1518,1697,0,0
183794555,1518,1705,0,0
183796555,1524,1696,0,0
183798555,1521,1704,0,0
183800555,1518,1704,0,0
183802555,1525,1700,0,0
183804555,1524,1697,0,0
183806555,1524,1703,0,0
183808555,1521,1701,0,0
183810555,1521,1701,0,0
183812555,1520,1703,0,0
183814555,1522,1705,0,0
183816555,1525,1705,0,0
183818555,1524,1706,0,0
183820555,1524,1702,0,0
183822555,1523,1707,0,0
183824555,1526,1705,0,0
183826555,1521,1706,0,0
183828555,1526,1705,0,0
183830555,1518,1702,0,0
183832555,1525,1705,0,0
183834555,1524,1704,0,0
183836555,1524,1705,0,0
183838555,1524,1703,0,0
183840555,1524,1697,0,0
183842555,1520,1704,0,0
183844555,1520,1702,0,0
183846555,1525,1704,0,0
183848555,1525,1697,0,0
183850555,1521,1707,0,0
183852555,1524,1712,0,0
183854555,1518,1707,0,0
183856555,1526,1700,0,0
183858555,1523,1709,0,0
183860555,1519,1707,0,0
183862555,1521,1701,0,0
183864555,1524,1694,0,0
183866555,1523,1709,0,0
183868555,1520,1700,0,0
183870555,1518,1701,0,0
183872555,1525,1707,0,0
183874555,1523,1709,0,0
183876555,1524,1706,0,0
183878555,1522,1701,0,0
183880555,1523,1706,0,0
183882555,1523,1709,0,0
183884555,1523,1705,0,0
183886555,1524,1702,0,0
183888555,1521,1705,0,0
183890555,1524,1707,0,0
183892555,1524,1709,0,0
183894555,1521,1704,0,0
183896555,1523,1706,0,0
183898555,1524,1702,0,0
183900555,1517,1703,0,0
183902555,1524,1700,0,0
183904555,1524,1706,0,0
183906555,1524,1707,0,0
183908555,1521,1708,0,0
183910555,1524,1705,0,0
183912555,1526,1701,0,0
183914555,1516,1701,0,0
183916555,1522,1704,0,0
183918555,1523,1698,0,0
183920555,1521,1705,0,0
183922555,1521,1697,0,0
183924555,1525,1702,0,0
183926555,1522,1708,0,0
183928555,1520,1705,0,0
183930555,1520,1705,0,0
183932555,1525,1704,0,0
183934555,1522,1712,0,0
183936555,1521,1703,0,0
183938555,1518,1705,0,0
183940555,1518,1705,0,0
183942555,1528,1710,0,0
183944555,1524,1706,0,0
183946555,1524,1714,0,0
183948555,1520,1709,0,0
183950555,1524,1704,0,0
183952555,1521,1707,0,0
183954555,1515,1705,0,0
183956555,1524,1700,0,0
183958555,1525,1701,0,0
183960555,1522,1704,0,0
183962555,1525,1705,0,0
183964555,1523,1696,0,0
183966555,1525,1705,0,0
183968555,1520,1705,0,0
183970555,1528,1702,0,0
183972555,1520,1702,0,0
183974555,1521,1701,0,0
183976555,1520,1697,0,0
183978555,1524,1693,0,0
183980555,1520,1705,0,0
183982555,1525,1702,0,0
183984555,1521,1697,0,0
183986555,1523,1704,0,0
183988555,1529,1707,0,0
183990555,1525,1710,0,0
183992555,1525,1712,0,0
183994555,1524,1701,0,0
183996555,1523,1701,0,0
183998555,1524,1704,0,0
184000555,1522,1703,0,0
184002555,1522,1703,0,0
184004555,1524,1705,0,0
184006555,1523,1715,0,0
184008555,1524,1705,0,0
184010555,1524,1700,0,0
184012555,1524,1705,0,0
184014555,1520,1710,0,0
184016555,1523,1709,0,0
184018555,1521,1701,0,0
184020555,1525,1705,0,0
184022555,1525,1702,0,0
184024555,1517,1702,0,0
184026555,1524,1704,0,0
184028555,1525,1697,0,0
184030555,1516,1696,0,0
184032555,1519,1712,0,0
184034555,1525,1703,0,0
184036555,1524,1704,0,0
184038555,1518,1700,0,0
184040555,1524,1705,0,0
184042555,1523,1709,0,0
184044555,1524,1705,0,0
184046555,1524,1705,0,0
184048555,1524,1705,0,0
184050555,1523,1703,0,0
184052555,1523,1701,0,0
184054555,1524,1702,0,0
184056555,1524,1704,0,0
184058555,1520,1705,0,0
184060555,1524,1704,0,0
184062555,1523,1704,0,0
184064555,1523,1707,0,0
184066555,1524,1703,0,0
184068555,1519,1696,0,0
184070555,1524,1703,0,0
184072555,1521,1705,0,0
184074555,1518,1707,0,0
184076555,1527,1701,0,0
184078555,1524,1705,0,0
184080555,1523,1709,0,0
184082555,1521,1705,0,0
184084555,1524,1704,0,0
184086555,1524,1704,0,0
184088555,1524,1705,0,0
184090555,1524,1705,0,0
184092555,1520,1706,0,0
184094555,1518,1707,0,0
184096555,1524,1704,0,0
184098555,1520,1717,0,0
184100555,1521,1709,0,0
184102555,1522,1707,0,0
184104555,1520,1701,0,0
184106555,1526,1701,0,0
184108555,1525,1702,0,0
184110555,1524,1701,0,0
184112555,1516,1705,0,0
184114555,1526,1705,0,0
184116555,1520,1697,0,0
184118555,1527,1699,0,0
184120555,1525,1709,0,0
184122555,1521,1697,0,0
184124555,1518,1704,0,0
184126555,1520,1705,0,0
184128555,1524,1707,0,0
184130555,1524,1710,0,0
184132555,1526,1709,0,0
184134555,1523,1707,0,0
184136555,1524,1704,0,0
184138555,1523,1696,0,0
184140555,1524,1706,0,0
184142555,1521,1702,0,0
184144555,1523,1707,0,0
184146555,1524,1709,0,0
184148555,1525,1704,0,0
184150555,1523,1701,0,0
184152555,1521,1708,0,0
184154555,1525,1710,0,0
184156555,1516,1706,0,0
184158555,1523,1701,0,0
184160555,1521,1702,0,0
184162555,1524,1701,0,0
184164555,1520,1705,0,0
184166555,1526,1705,0,0
184168555,1525,1705,0,0
184170555,1521,1705,0,0
184172555,1523,1706,0,0
184174555,1520,1696,0,0
184176555,1522,1701,0,0
184178555,1524,1704,0,0
184180555,1523,1702,0,0
184182555,1520,1702,0,0
184184555,1524,1702,0,0
184186555,1525,1705,0,0
184188555,1524,1703,0,0
184190555,1525,1704,0,0
184192555,1525,1701,0,0
184194555,1523,1703,0,0
184196555,1526,1705,0,0
184198555,1525,1701,0,0
184200555,1517,1701,0,0
184202555,1526,1703,0,0
184204555,1520,1706,0,0
184206555,1525,1704,0,0
184208555,1524,1701,0,0
184210555,1520,1705,0,0
184212555,1526,1703,0,0
184214555,1526,1701,0,0
184216555,1524,1705,0,0
184218555,1521,1713,0,0
184220555,1524,1703,0,0
184222555,1522,1709,0,0
184224555,1524,1704,0,0
184226555,1522,1705,0,0
184228555,1523,1701,0,0
184230555,1516,1709,0,0
184232555,1521,1704,0,0
184234555,1518,1702,0,0
184236555,1523,1706,0,0
184238555,1524,1700,0,0
184240555,1525,1700,0,0
184242555,1518,1707,0,0
184244555,1525,1706,0,0
184246555,1522,1709,0,0
184248555,1524,1703,0,0
184250555,1521,1697,0,0
184252555,1520,1704,0,0
184254555,1526,1707,0,0
184256555,1518,1702,0,0
184258555,1518,1697,0,0
184260555,1523,1701,0,0
184262555,1520,1709,0,0
184264555,1520,1704,0,0
184266555,1524,1709,0,0
184268555,1520,1710,0,0
184270555,1525,1705,0,0
184272555,1521,1709,0,0
184274555,1520,1704,0,0
184276555,1521,1713,0,0
184278555,1524,1702,0,0
184280555,1525,1709,0,0
184282555,1524,1713,0,0
184284555,1524,1709,0,0
184286555,1525,1705,0,0
184288555,1517,1705,0,0
184290555,1521,1701,0,0
184292555,1520,1713,0,0
184294555,1524,1704,0,0
184296555,1518,1701,0,0
184298555,1518,1709,0,0
184300555,1522,1701,0,0
184302555,1515,1706,0,0
184304555,1523,1704,0,0
184306555,1526,1704,0,0
184308555,1520,1717,0,0
184310555,1521,1705,0,0
184312555,1524,1700,0,0
184314555,1524,1709,0,0
184316555,1524,1694,0,0
184318555,1521,1697,0,0
184320555,1520,1705,0,0
184322555,1520,1705,0,0
184324555,1518,1701,0,0
184326555,1520,1705,0,0
184328555,1519,1703,0,0
184330555,1516,1703,0,0
184332555,1516,1706,0,0
184334555,1524,1710,0,0
184336555,1524,1705,0,0
184338555,1525,1697,0,0
184340555,1524,1700,0,0
184342555,1523,1702,0,0
184344555,1518,1705,0,0
184346555,1521,1707,0,0
184348555,1520,1707,0,0
184350555,1517,1705,0,0
184352555,1520,1704,0,0
184354555,1524,1700,0,0
184356555,1525,1706,0,0
184358555,1520,1700,0,0
184360555,1516,1703,0,0
184362555,1515,1703,0,0
184364555,1524,1705,0,0
184366555,1516,1697,0,0
184368555,1524,1702,0,0
184370555,1522,1709,0,0
184372555,1520,1705,0,0
184374555,1521,1706,0,0
184376555,1524,1700,0,0
184378555,1525,1695,0,0
184380555,1523,1701,0,0
184382555,1524,1703,0,0
184384555,1523,1701,0,0
184386555,1522,1705,0,0
184388555,1522,1694,0,0
184390555,1523,1705,0,0
184392555,1523,1708,0,0
184394555,1523,1706,0,0
184396555,1523,1705,0,0
184398555,1523,1702,0,0
184400555,1522,1702,0,0
184402555,1525,1709,0,0
184404555,1521,1704,0,0
184406555,1523,1706,0,0
184408555,1521,1705,0,0
184410555,1517,1709,0,0
184412555,1524,1699,0,0
184414555,1520,1712,0,0
184416555,1524,1707,0,0
184418555,1521,1701,0,0
184420555,1524,1701,0,0
184422555,1518,1709,0,0
184424555,1526,1694,0,0
184426555,1525,1703,0,0
184428555,1524,1699,0,0
184430555,1520,1702,0,0
184432555,1520,1708,0,0
184434555,1516,1703,0,0
184436555,1525,1702,0,0
184438555,1523,1704,0,0
184440555,1523,1701,0,0
184442555,1523,1709,0,0
184444555,1518,1694,0,0
184446555,1520,1709,0,0
184448555,1523,1707,0,0
184450555,1521,1707,0,0
184452555,1521,1710,0,0
184454555,1521,1705,0,0
184456555,1521,1697,0,0
184458555,1522,1712,0,0
184460555,1529,1705,0,0
184462555,1524,1705,0,0
184464555,1518,1704,0,0
184466555,1524,1702,0,0
184468555,1525,1695,0,0
184470555,1521,1707,0,0
184472555,1524,1707,0,0
184474555,1521,1697,0,0
184476555,1513,1712,0,0
184478555,1517,1706,0,0
184480555,1524,1707,0,0
184482555,1525,1701,0,0
184484555,1521,1703,0,0
184486555,1523,1704,0,0
184488555,1520,1710,0,0
184490555,1525,1705,0,0
184492555,1521,1713,0,0
184494555,1523,1705,0,0
184496555,1524,1706,0,0
184498555,1524,1709,0,0
184500555,1518,1701,0,0
184502555,1523,1702,0,0
184504555,1523,1705,0,0
184506555,1524,1709,0,0
184508555,1524,1705,0,0
184510555,1524,1704,0,0
184512555,1524,1701,0,0
184514555,1517,1700,0,0
184516555,1523,1701,0,0
184518555,1523,1709,0,0
184520555,1525,1702,0,0
184522555,1524,1704,0,0
184524555,1520,1710,0,0
184526555,1524,1710,0,0
184528555,1527,1704,0,0
184530555,1528,1699,0,0
184532555,1521,1700,0,0
184534555,1521,1702,0,0
184536555,1523,1707,0,0
184538555,1516,1705,0,0
184540555,1524,1697,0,0
184542555,1523,1701,0,0
184544555,1520,1697,0,0
184546555,1521,1704,0,0
184548555,1523,1705,0,0
184550555,1526,1702,0,0
184552555,1524,1705,0,0
184554555,1520,1705,0,0
184556555,1523,1702,0,0
184558555,1520,1707,0,0
184560555,1518,1697,0,0
184562555,1521,1704,0,0
184564555,1523,1706,0,0
184566555,1515,1704,0,0
184568555,1522,1710,0,0
184570555,1518,1701,0,0
184572555,1520,1701,0,0
184574555,1524,1707,0,0
184576555,1520,1704,0,0
184578555,1523,1705,0,0
184580555,1524,1705,0,0
184582555,1524,1695,0,0
184584555,1524,1706,0,0
184586555,1524,1701,0,0
184588555,1520,1706,0,0
184590555,1521,1700,0,0
184592555,1523,1706,0,0
184594555,1524,1705,0,0
184596555,1525,1706,0,0
184598555,1524,1705,0,0
184600555,1523,1701,0,0
184602555,1520,1704,0,0
184604555,1524,1696,0,0
184606555,1525,1696,0,0
184608555,1521,1709,0,0
184610555,1524,1697,0,0
184612555,1521,1707,0,0
184614555,1517,1701,0,0
184616555,1522,1707,0,0
184618555,1520,1710,0,0
184620555,1522,1702,0,0
184622555,1522,1702,0,0
184624555,1521,1704,0,0
184626555,1521,1709,0,0
184628555,1524,1703,0,0
184630555,1524,1707,0,0
184632555,1525,1703,0,0
184634555,1518,1705,0,0
184636555,1525,1703,0,0
184638555,1524,1709,0,0
184640555,1520,1704,0,0
184642555,1520,1705,0,0
184644555,1523,1707,0,0
184646555,1524,1712,0,0
184648555,1525,1701,0,0
184650555,1524,1704,0,0
184652555,1524,1702,0,0
184654555,1522,1703,0,0
184656555,1523,1705,0,0
184658555,1526,1704,0,0
184660555,1522,1702,0,0
184662555,1523,1704,0,0
184664555,1523,1701,0,0
184666555,1525,1706,0,0
184668555,1524,1705,0,0
184670555,1523,1704,0,0
184672555,1524,1701,0,0
184674555,1523,1705,0,0
184676555,1527,1710,0,0
184678555,1520,1693,0,0
184680555,1524,1705,0,0
184682555,1520,1702,0,0
184684555,1520,1709,0,0
184686555,1524,1697,0,0
184688555,1514,1706,0,0
184690555,1523,1700,0,0
184692555,1521,1704,0,0
184694555,1521,1706,0,0
184696555,1517,1705,0,0
184698555,1524,1705,0,0
184700555,1522,1702,0,0
184702555,1524,1704,0,0
184704555,1525,1705,0,0
184706555,1526,1702,0,0
184708555,1524,1693,0,0
184710555,1525,1704,0,0
184712555,1525,1700,0,0
184714555,1521,1704,0,0
184716555,1523,1697,0,0
184718555,1526,1707,0,0
184720555,1521,1706,0,0
184722555,1518,1709,0,0
184724555,1524,1703,0,0
184726555,1520,1697,0,0
184728555,1521,1704,0,0
184730555,1521,1710,0,0
184732555,1520,1701,0,0
184734555,1523,1705,0,0
184736555,1523,1705,0,0
184738555,1520,1707,0,0
184740555,1523,1704,0,0
184742555,1521,1707,0,0
184744555,1524,1706,0,0
184746555,1524,1701,0,0
184748555,1523,1707,0,0
184750555,1524,1697,0,0
184752555,1521,1707,0,0
184754555,1524,1699,0,0
184756555,1522,1709,0,0
184758555,1524,1704,0,0
184760555,1524,1713,0,0
184762555,1522,1707,0,0
184764555,1524,1705,0,0
184766555,1524,1707,0,0
184768555,1522,1702,0,0
184770555,1518,1701,0,0
184772555,1521,1703,0,0
184774555,1525,1708,0,0
184776555,1525,1704,0,0
184778555,1525,1704,0,0
184780555,1525,1709,0,0
184782555,1517,1705,0,0
184784555,1527,1713,0,0
184786555,1516,1703,0,0
184788555,1521,1700,0,0
184790555,1518,1702,0,0
184792555,1524,1702,0,0
184794555,1524,1697,0,0
184796555,1523,1703,0,0
184798555,1524,1697,0,0
184800555,1520,1705,0,0
184802555,1523,1705,0,0
184804555,1524,1697,0,0
184806555,1520,1709,0,0
184808555,1522,1706,0,0
184810555,1521,1705,0,0
184812555,1520,1709,0,0
184814555,1518,1712,0,0
184816555,1523,1709,0,0
184818555,1526,1705,0,0
184820555,1522,1709,0,0
184822555,1524,1695,0,0
184824555,1526,1702,0,0
184826555,1521,1705,0,0
184828555,1518,1706,0,0
184830555,1522,1707,0,0
184832555,1521,1701,0,0
184834555,1524,1706,0,0
184836555,1524,1701,0,0
184838555,1517,1707,0,0
184840555,1524,1703,0,0
184842555,1524,1707,0,0
184844555,1524,1704,0,0
184846555,1520,1709,0,0
184848555,1523,1710,0,0
184850555,1518,1707,0,0
184852555,1525,1707,0,0
184854555,1527,1701,0,0
184856555,1521,1699,0,0
184858555,1524,1703,0,0
184860555,1521,1709,0,0
