frame,frame_sync,tempo_ms,posicao_mm,posicao_raw_mm,valid,confidence,led_on
125,0,0.0,10.876906318082789,10.89089184060721,True,0.8077082477430431,True
126,1,4.166666666666667,10.876906318082789,10.876906318082789,True,0.8071909488402776,True
127,2,8.333333333333334,10.89089184060721,10.866581415174766,True,0.8075255119229411,True
128,3,12.5,10.89089184060721,10.87688731823479,True,0.8072450772034835,True
129,4,16.666666666666668,10.908000901510029,10.908000901510029,True,0.8091427902952177,True
130,5,20.833333333333332,10.969601677148846,10.971251302453346,True,0.8076829424633516,True
131,6,25.0,10.97022512708787,10.981609637318979,True,0.8077139018443241,True
132,7,29.166666666666668,10.970731707317073,10.969601677148846,True,0.8076157913596733,True
133,8,33.333333333333336,10.971251302453346,10.97022512708787,True,0.8067951740205375,True
134,9,37.5,10.981609637318979,10.970731707317073,True,0.8076990551506597,True
135,10,41.666666666666664,10.988673108796947,10.988673108796947,True,0.8074553710344926,True
136,11,45.83333333333333,10.997408158665763,10.997408158665763,True,0.8079066929323111,True
137,12,50.0,11.000380259630733,11.010992275698158,True,0.8076617894620831,True
138,13,54.16666666666667,11.010992275698158,11.000380259630733,True,0.8089677753749909,True
139,14,58.333333333333336,11.011938108576764,11.011938108576764,True,0.8070813745768469,True
140,15,62.5,11.058901338313103,11.058901338313103,True,0.8091489706103178,True
141,16,66.66666666666667,11.062707831670679,11.085403050108932,True,0.8095238620569719,True
142,17,70.83333333333333,11.085403050108932,11.062707831670679,True,0.8105196874112577,True
143,18,75.0,11.130718954248366,11.132741985683161,True,0.8106707605909227,True
144,19,79.16666666666666,11.132741985683161,11.130718954248366,True,0.811739815824869,True
145,20,83.33333333333333,11.180176749062197,11.180176749062197,True,0.8117019248032166,True
146,21,87.5,11.281434796140678,11.281434796140678,True,0.8130290084275257,True
147,22,91.66666666666666,11.39978213507625,11.39978213507625,True,0.8154601116372696,True
148,23,95.83333333333334,11.539884903142998,11.539884903142998,True,0.8174001588047202,True
149,24,100.0,11.712037037037037,11.712037037037037,True,0.8193147073476281,True
150,25,104.16666666666667,11.874033064206074,11.874033064206074,True,0.8202450815582959,True
151,26,108.33333333333334,12.145424836601306,12.145424836601306,True,0.8217570691127103,True
152,27,112.5,12.426470588235293,12.426470588235293,True,0.8235519322026513,True
153,28,116.66666666666667,12.815686274509803,12.815686274509803,True,0.8237277699735841,True
154,29,120.83333333333333,13.372912127814088,13.372912127814088,True,0.8268998932099145,True
155,30,125.0,13.977124183006534,13.977124183006534,True,0.8270960033313199,True
156,31,129.16666666666669,14.699346405228757,14.699346405228757,True,0.817729078177651,True
157,32,133.33333333333334,15.874727668845315,15.874727668845315,True,0.765792958568236,True
158,33,137.5,17.248366013071895,17.248366013071895,True,0.7679245266155937,True
159,34,141.66666666666666,22.438697318007662,22.438697318007662,True,0.601648260423462,True
160,35,145.83333333333334,22.473856209150327,22.473856209150327,True,0.6481198633497086,True
161,36,150.0,23.844296858528356,23.844296858528356,True,0.7926112822263885,True
162,37,154.16666666666669,23.941176470588236,23.941176470588236,True,0.791658543870307,True
163,38,158.33333333333331,23.97337206487533,23.97337206487533,True,0.8046679373472982,True
164,39,162.5,23.996709980288408,23.996709980288408,True,0.8066826539729033,True
165,40,166.66666666666666,23.996709980288408,24.05854791715883,True,0.8075687315464191,True
166,41,170.83333333333334,23.996709980288408,24.05683432793407,True,0.8077100377082681,True
167,42,175.0,24.014001877346683,24.014001877346683,True,0.8082920430966598,True
168,43,179.16666666666666,24.032366371206017,23.935324463118576,True,0.805152217321284,True
169,44,183.33333333333331,24.032366371206017,23.943790849673203,True,0.8035118977155783,True
170,45,187.5,24.032366371206017,24.032366371206017,True,0.8057593812004441,True
171,46,191.66666666666669,24.032366371206017,24.08713215559976,True,0.8082847728300463,True
172,47,195.83333333333334,24.032366371206017,24.06313131313131,True,0.8053718828481401,True
173,48,200.0,24.032366371206017,24.03239962651727,True,0.8050661784931029,False
174,49,204.16666666666666,24.019165947301353,24.019165947301353,True,0.8023818791294487,False
175,50,208.33333333333334,24.013724223539544,24.013724223539544,True,0.8054795904500708,False
176,51,212.5,23.98533042846768,23.98533042846768,True,0.8024175112907295,False
177,52,216.66666666666669,23.862435540253834,23.862435540253834,True,0.8039646088251124,False
178,53,220.83333333333331,23.734479884296057,23.734479884296057,True,0.8022403253596452,False
179,54,225.0,23.635076252723312,23.635076252723312,True,0.7992940075346922,False
180,55,229.16666666666666,23.45098039215686,23.45098039215686,True,0.7868855860428423,False
181,56,233.33333333333334,22.642002448172853,22.642002448172853,True,0.7824815735951647,False
182,57,237.5,22.537549756744802,22.537549756744802,True,0.7765104167999994,False
183,58,241.66666666666666,22.363263824048136,22.32516339869281,True,0.7689366766271855,False
184,59,245.83333333333331,22.32516339869281,22.363263824048136,True,0.7547357759954295,False
185,60,250.0,17.545751633986928,17.545751633986928,True,0.7855391336315068,False
186,61,254.16666666666666,16.016339869281044,16.016339869281044,True,0.7724046049740936,False
187,62,258.33333333333337,14.401960784313724,14.401960784313724,True,0.7998947276751741,False
188,63,262.5,12.759259259259258,12.759259259259258,True,0.7931128480389874,False
189,64,266.6666666666667,11.592884948096884,11.592884948096884,True,0.8229164491023511,False
190,65,270.8333333333333,11.592884948096884,11.38116458704694,True,0.523257897662159,False
191,66,275.0,11.592884948096884,11.19019607843137,True,0.8036081194669499,False
192,67,279.1666666666667,11.38116458704694,10.93954248366013,True,0.7925541843249478,False
193,68,283.3333333333333,11.19019607843137,11.909586056644878,True,0.4873195948614722,False
194,69,287.5,11.19019607843137,12.716775599128539,True,0.48329861548816366,False
195,70,291.6666666666667,11.513071895424837,10.408496732026142,True,0.41797439334748265,False
196,71,295.8333333333333,11.909586056644878,10.986274509803922,True,0.43115191963718963,False
197,72,300.0,11.786640918993859,11.513071895424837,True,0.44459329548022525,False
198,73,304.16666666666663,11.786640918993859,14.436533693937344,True,0.5732254291492542,False
199,74,308.33333333333337,13.38235294117647,14.497124183006536,True,0.5818828859085992,False
200,75,312.5,13.38235294117647,11.786640918993859,True,0.4701465929953095,False
201,76,316.66666666666663,13.38235294117647,13.886290071584186,True,0.5685478511587475,False
202,77,320.83333333333337,12.668627450980392,13.38235294117647,True,0.5477358688804556,False
203,78,325.0,12.304330065359476,12.668627450980392,True,0.5454116740043898,False
204,79,329.1666666666667,12.304330065359476,12.299564270152503,True,0.8037430397701201,False
205,80,333.3333333333333,12.299564270152503,12.270543718003195,True,0.7997515776124843,False
206,81,337.5,12.270543718003195,12.304330065359476,True,0.8105217334323532,False
207,82,341.6666666666667,11.991013071895424,11.991013071895424,True,0.8069476320512121,False
208,83,345.8333333333333,11.57758412006778,11.513071895424837,True,0.8027441579688739,False
209,84,350.0,11.57758412006778,11.258169934640522,True,0.8034680250242309,False
210,85,354.1666666666667,11.52806612841215,11.366576515663736,True,0.8056885705093433,False
211,86,358.3333333333333,11.513071895424837,11.57758412006778,True,0.8062116931911585,False
212,87,362.5,11.375216426193118,11.63108206245461,True,0.8017375788648845,False
213,88,366.66666666666663,11.375758636788046,11.52806612841215,True,0.8063392214980589,False
214,89,370.83333333333337,11.375758636788046,11.374183716039607,True,0.8063453345769459,False
215,90,375.0,11.375216426193118,11.375216426193118,True,0.8056466163328742,False
216,91,379.16666666666663,11.374183716039607,11.375758636788046,True,0.8048364886892666,False
217,92,383.33333333333337,11.15432098765432,11.15432098765432,True,0.5422594698079645,False
218,93,387.5,10.933561231510147,10.882295440170202,True,0.540769956552518,False
219,94,391.6666666666667,10.918836483542364,10.790849673202613,True,0.5341561391063527,False
220,95,395.8333333333333,10.918836483542364,10.857929136566906,True,0.7989812059654134,False
221,96,400.0,10.882295440170202,10.933561231510147,True,0.8021555516105265,False
222,97,404.1666666666667,10.857929136566906,10.918836483542364,True,0.8022758170548132,False
223,98,408.3333333333333,10.857929136566906,10.928599722717369,True,0.802231282432009,False
224,99,412.5,10.790849673202613,10.786297852474323,True,0.7974186330041462,False
225,100,416.6666666666667,10.786297852474323,10.703170629954109,True,0.7960355268629251,False
226,101,420.8333333333333,10.783046551954113,10.730814848461906,True,0.7985500446157268,False
227,102,425.0,10.77116212338594,10.790849673202613,True,0.7978835456973339,False
228,103,429.16666666666663,10.77116212338594,10.783046551954113,True,0.7988687693009096,False
229,104,433.33333333333337,10.778954248366013,10.77116212338594,True,0.8000289542716111,False
230,105,437.5,10.778954248366013,10.770846762176062,True,0.8003235588253335,False
231,106,441.66666666666663,10.77116212338594,10.781998910675382,True,0.799868853383889,False
232,107,445.83333333333337,10.770846762176062,10.778954248366013,True,0.7997994496995592,False
233,108,450.0,10.76040305010893,10.76040305010893,True,0.7984246877233462,False
234,109,454.1666666666667,10.76040305010893,10.759290382819794,True,0.7990616549779883,False
235,110,458.3333333333333,10.76040305010893,10.717320261437909,True,0.7986389058096189,False
236,111,462.5,10.76040305010893,10.754435107376285,True,0.7991050237803677,False
237,112,466.6666666666667,10.77450980392157,10.77450980392157,True,0.7989281120612771,False
238,113,470.8333333333333,10.77521639286345,10.77521639286345,True,0.8000180896559737,False
239,114,475.0,10.779342087185222,10.779342087185222,True,0.799546227504412,False
240,115,479.1666666666667,10.779342087185222,10.78368486133192,True,0.7995902067172215,False
241,116,483.3333333333333,10.779342087185222,10.782324681535583,True,0.7996545026638865,False
242,117,487.5,10.779342087185222,10.78072590738423,True,0.7989545997518318,False
243,118,491.66666666666663,10.777291058267277,10.777291058267277,True,0.7975250170672583,False
244,119,495.83333333333337,10.774376417233558,10.76657329598506,True,0.7974229303105712,False
245,120,500.0,10.76812585499316,10.766149870801033,True,0.7993002887541469,False
246,121,504.16666666666663,10.76657329598506,10.774376417233558,True,0.7993732967619137,False
247,122,508.3333333333333,10.766149870801033,10.76812585499316,True,0.7992192993720553,False
248,123,512.5,10.766149870801033,10.762881263616558,True,0.8000646045238867,False
249,124,516.6666666666667,10.76812585499316,10.765499241859724,True,0.8009440419352221,False
250,125,520.8333333333334,10.76812585499316,10.754030501089323,True,0.8008378661344374,False
251,126,525.0,10.767739566878737,10.779263220439692,True,0.8014129387884671,False
252,127,529.1666666666666,10.772535070938943,10.775458813005745,True,0.7996736054464225,False
253,128,533.3333333333334,10.772535070938943,10.774208608174451,True,0.7993343844545833,False
254,129,537.5,10.772535070938943,10.767739566878737,True,0.799686656553837,False
255,130,541.6666666666666,10.767739566878737,10.772535070938943,True,0.7995027535623113,False
256,131,545.8333333333333,10.764887436456064,10.759730642847224,True,0.7992164057490072,False
257,132,550.0,10.764887436456064,10.743933436066387,True,0.8005989295058475,False
258,133,554.1666666666667,10.759730642847224,10.764887436456064,True,0.8006441290788783,False
259,134,558.3333333333334,10.759730642847224,10.764887436456064,True,0.8006291669021274,False
260,135,562.5,10.764887436456064,10.753098940725716,True,0.8007000041595228,False
261,136,566.6666666666666,10.764887436456064,10.755748844253148,True,0.7993562426997671,False
262,137,570.8333333333333,10.758678539166343,10.777718360071301,True,0.8002414817499328,False
263,138,575.0,10.758678539166343,10.767017376056113,True,0.7993113114960142,False
264,139,579.1666666666667,10.767017376056113,10.75564892623716,True,0.7992594350197884,False
265,140,583.3333333333334,10.777718360071301,10.758678539166343,True,0.7995856906516405,False
266,141,587.5,10.783861771659016,10.793853128683168,True,0.8004812762189346,False
267,142,591.6666666666666,10.783861771659016,10.794013350020858,True,0.8005444600923441,False
268,143,595.8333333333334,10.783861771659016,10.793457669080885,True,0.800682294246405,False
269,144,600.0,10.783861771659016,10.783861771659016,True,0.7999854916565516,False
270,145,604.1666666666666,10.783861771659016,10.773148148148147,True,0.7994647687882518,False
271,146,608.3333333333333,10.780365900544817,10.77934368191721,True,0.7997251716770474,False
272,147,612.5,10.779684095860567,10.776377217553685,True,0.7993951413694536,False
273,148,616.6666666666667,10.779684095860567,10.786803610333022,True,0.7994944697572409,False
274,149,620.8333333333334,10.780365900544817,10.780365900544817,True,0.7999323843696428,False
275,150,625.0,10.780365900544817,10.779684095860567,True,0.7998727594972693,False
276,151,629.1666666666666,10.780365900544817,10.787091774694373,True,0.8002997289815637,False
277,152,633.3333333333333,10.780365900544817,10.787091774694373,True,0.800350400701179,False
278,153,637.5,10.779981760145919,10.776564954147032,True,0.8002789359109226,False
279,154,641.6666666666667,10.780734516028632,10.779981760145919,True,0.8005619165218751,False
280,155,645.8333333333334,10.780734516028632,10.780734516028632,True,0.8005149858814592,False
281,156,650.0,10.779981760145919,10.779981760145919,True,0.8005193461011322,False
282,157,654.1666666666666,10.780734516028632,10.793085655314755,True,0.8003039720989692,False
283,158,658.3333333333334,10.78859798495814,10.788707077262215,True,0.8002544795814085,False
284,159,662.5,10.78859798495814,10.774629296162908,True,0.8000942780901109,False
285,160,666.6666666666666,10.78859798495814,10.78859798495814,True,0.8001771703606542,False
286,161,670.8333333333333,10.78859798495814,10.78859798495814,True,0.800190256590922,False
287,162,675.0,10.78859798495814,10.788944947699678,True,0.8002149877269016,False
288,163,679.1666666666667,10.788944947699678,10.787581699346404,True,0.8004539156256235,False
289,164,683.3333333333334,10.788944947699678,10.789276204308884,True,0.8004484919535032,False
290,165,687.5,10.788944947699678,10.789276204308884,True,0.8003495805817827,False
291,166,691.6666666666666,10.787581699346404,10.789276204308884,True,0.8001528615000683,False
292,167,695.8333333333333,10.784052287581698,10.780228758169933,True,0.8001648599878054,False
293,168,700.0,10.782679738562091,10.777222838821062,True,0.8000847159489468,False
294,169,704.1666666666667,10.780228758169933,10.784052287581698,True,0.8001698306425613,False
295,170,708.3333333333334,10.777222838821062,10.782679738562091,True,0.8002365619693468,False
296,171,712.5,10.777222838821062,10.771341870081365,True,0.8001608336043637,False
297,172,716.6666666666666,10.77450980392157,10.75954592363261,True,0.8000974114226634,False
298,173,720.8333333333334,10.772378516624041,10.77450980392157,True,0.8005125569073007,False
299,174,725.0,10.772378516624041,10.77918749199026,True,0.8004515291030656,False
300,175,729.1666666666666,10.77323449705085,10.772378516624041,True,0.7991198436640626,False
301,176,733.3333333333333,10.77450980392157,10.772378516624041,True,0.799132239711246,False
302,177,737.5,10.77761008450105,10.77323449705085,True,0.7977965710024244,False
303,178,741.6666666666667,10.77761008450105,10.784694633118317,True,0.7997761645595574,False
304,179,745.8333333333334,10.784694633118317,10.785898747216237,True,0.7990906179378694,False
305,180,750.0,10.784694633118317,10.77761008450105,True,0.8000281968763452,False
306,181,754.1666666666666,10.784694633118317,10.790433166730745,True,0.800250020004704,False
307,182,758.3333333333333,10.77761008450105,10.786684608483915,True,0.800553368547626,False
308,183,762.5,10.775555555555554,10.775555555555554,True,0.8002006973254845,False
309,184,766.6666666666667,10.775555555555554,10.770908363345336,True,0.800175871077746,False
310,185,770.8333333333334,10.775555555555554,10.771867612293144,True,0.8002472727414869,False
311,186,775.0,10.771867612293144,10.771867612293144,True,0.8002982956684932,False
312,187,779.1666666666666,10.771867612293144,10.78436911487759,True,0.8003774533574362,False
313,188,783.3333333333334,10.771867612293144,10.784989858012171,True,0.8006765372440405,False
314,189,787.5,10.78436911487759,10.769135802469135,True,0.8011243499393104,False
315,190,791.6666666666666,10.784989858012171,10.769135802469135,True,0.8005048496005549,False
316,191,795.8333333333333,10.784989858012171,10.789002557544757,True,0.8006210906223187,False
317,192,800.0,10.78352490421456,10.789002557544757,True,0.8005591134717743,False
318,193,804.1666666666667,10.78352490421456,10.789002557544757,True,0.8006372148209849,False
319,194,808.3333333333334,10.78352490421456,10.78352490421456,True,0.8006144972191562,False
320,195,812.5,10.766067538126359,10.762872628726285,True,0.8001903596855182,False
321,196,816.6666666666666,10.762872628726285,10.75996616140546,True,0.8003326796946724,False
322,197,820.8333333333333,10.762872628726285,10.766067538126359,True,0.8003673599780231,False
323,198,825.0,10.762872628726285,10.752885551383676,True,0.8003694096278681,False
324,199,829.1666666666667,10.765326544054314,10.752983802216537,True,0.800262940192521,False
325,200,833.3333333333334,10.765326544054314,10.765326544054314,True,0.8003766231261725,False
326,201,837.5,10.765326544054314,10.776633986928102,True,0.8004613447391338,False
327,202,841.6666666666666,10.768823841593374,10.768823841593374,True,0.8004735639041418,False
328,203,845.8333333333334,10.768823841593374,10.760749548046169,True,0.8004507568107077,False
329,204,850.0,10.768823841593374,10.77008276210213,True,0.8004324191831054,False
330,205,854.1666666666666,10.768823841593374,10.77108983128135,True,0.8004827909805472,False
331,206,858.3333333333333,10.77008276210213,10.763453475705527,True,0.8004540307434103,False
332,207,862.5,10.77108983128135,10.763453475705527,True,0.8004484052587983,False
333,208,866.6666666666667,10.77108983128135,10.77163087457205,True,0.8005728248821757,False
334,209,870.8333333333334,10.763453475705527,10.771976270182869,True,0.8006120596687414,False
335,210,875.0,10.766497432306258,10.771976270182869,True,0.8005472406086636,False
336,211,879.1666666666666,10.766497432306258,10.757806826434276,True,0.8004320142087039,False
337,212,883.3333333333333,10.766497432306258,10.757806826434276,True,0.8004296437696118,False
338,213,887.5,10.766497432306258,10.766497432306258,True,0.8005009221867502,False
339,214,891.6666666666667,10.766497432306258,10.764550264550264,True,0.8006646803959079,False
340,215,895.8333333333334,10.768684285308325,10.768684285308325,True,0.8005824690169943,False
341,216,900.0,10.771023965141612,10.771023965141612,True,0.8006171273748852,False
342,217,904.1666666666666,10.771023965141612,10.771023965141612,True,0.8005949818428262,False
343,218,908.3333333333334,10.771023965141612,10.776688453159041,True,0.8006229641556137,False
344,219,912.5,10.771023965141612,10.77450980392157,True,0.8006375180427557,False
345,220,916.6666666666666,10.771023965141612,10.776688453159041,True,0.8006901186458615,False
346,221,920.8333333333333,10.76657329598506,10.753221288515405,True,0.8006131640096201,False
347,222,925.0,10.76657329598506,10.753221288515405,True,0.8005403443245627,False
348,223,929.1666666666667,10.76657329598506,10.760433630816669,True,0.8005929915765985,False
349,224,933.3333333333334,10.76657329598506,10.76657329598506,True,0.8006164722670736,False
350,225,937.5,10.771867612293144,10.773148148148147,True,0.8007039492697704,False
351,226,941.6666666666666,10.77299253034547,10.771867612293144,True,0.8007415412097534,False
352,227,945.8333333333333,10.773148148148147,10.774278032726093,True,0.800822258204846,False
353,228,950.0,10.774278032726093,10.774800290486565,True,0.8007477964843945,True
354,229,954.1666666666667,10.774800290486565,10.77299253034547,True,0.8006811984151527,True
355,230,958.3333333333334,10.787953060011883,10.793300653594772,True,0.8007127455261739,True
356,231,962.5,10.788841516998955,10.788841516998955,True,0.8010284229092703,True
357,232,966.6666666666666,10.790849673202613,10.787953060011883,True,0.8012258911720312,False
358,233,970.8333333333334,10.793300653594772,10.790849673202613,True,0.80098384714803,False
359,234,975.0,10.808737530099759,10.808737530099759,True,0.8010304715810489,False
360,235,979.1666666666666,10.836074214632088,10.851775103980986,True,0.7995373670983409,False
361,236,983.3333333333333,10.845471521942109,10.836074214632088,True,0.7998449888659654,False
362,237,987.5,10.851775103980986,10.845471521942109,True,0.8010646840983661,False
363,238,991.6666666666667,10.861116092778575,10.861116092778575,True,0.8010995272348534,False
364,239,995.8333333333334,10.875816993464051,10.875816993464051,True,0.8020820098701616,False
365,240,1000.0,10.940320572673512,10.940320572673512,True,0.7999910120960411,False
366,241,1004.1666666666666,10.961156977410846,10.961156977410846,True,0.8004289463296984,False
367,242,1008.3333333333333,11.022149600580972,11.022149600580972,True,0.8016024732296598,False
368,243,1012.5,11.039682539682538,11.039682539682538,True,0.801563928096195,False
369,244,1016.6666666666666,11.109477124183005,11.109477124183005,True,0.8024559448414932,False
370,245,1020.8333333333333,11.147240377632535,11.147240377632535,True,0.8025696614081141,False
371,246,1025.0,11.23944832170156,11.23944832170156,True,0.7998012306829742,False
372,247,1029.1666666666665,11.387643946467474,11.387643946467474,True,0.8033533433031445,False
373,248,1033.3333333333335,11.463374028856824,11.463374028856824,True,0.8058490795358159,False
374,249,1037.5,11.640522875816993,11.640522875816993,True,0.8058211299568964,False
375,250,1041.6666666666667,11.83986928104575,11.83986928104575,True,0.8050731855977533,False
376,251,1045.8333333333335,12.11350762527233,12.11350762527233,True,0.8055009769928324,False
377,252,1050.0,12.41736694677871,12.41736694677871,True,0.8075813786048978,False
378,253,1054.1666666666667,12.85838779956427,12.85838779956427,True,0.810989733410024,False
379,254,1058.3333333333333,13.198257080610022,13.198257080610022,True,0.8113393865355951,False
380,255,1062.5,13.83914306463326,13.83914306463326,True,0.5836346869712843,False
381,256,1066.6666666666667,14.699346405228757,14.699346405228757,True,0.45827231022623344,False
382,257,1070.8333333333333,15.718954248366012,15.718954248366012,True,0.4933054872622792,False
383,258,1075.0,17.0359477124183,17.0359477124183,True,0.49808145901099243,False
384,259,1079.1666666666665,22.4677385620915,22.4677385620915,True,0.5805916738913851,False
385,260,1083.3333333333333,22.537865159964458,22.537865159964458,True,0.5963750765063243,False
386,261,1087.5,23.87810399263686,23.87810399263686,True,0.7117214955688724,False
387,262,1091.6666666666665,23.905368520573845,23.969601677148844,True,0.6024609783454434,False
388,263,1095.8333333333335,23.905368520573845,23.989797545034275,True,0.7224442043200994,False
389,264,1100.0,23.905368520573845,23.967581699346404,True,0.730795437257876,False
390,265,1104.1666666666667,23.905368520573845,23.905368520573845,True,0.722696739516972,False
391,266,1108.3333333333335,23.861655773420477,23.861655773420477,True,0.7263178543994996,False
392,267,1112.5,23.86161843335444,23.86056644880174,True,0.601015016213694,False
393,268,1116.6666666666667,23.86161843335444,23.772642390289448,True,0.7832517095835781,False
394,269,1120.8333333333333,23.86161843335444,23.778084762663667,True,0.7841102885038986,False
395,270,1125.0,23.86161843335444,23.86161843335444,True,0.7846123514916195,False
396,271,1129.1666666666667,23.871657754010695,23.940036479708162,True,0.7837488317723975,False
397,272,1133.3333333333333,23.871657754010695,23.917152446564206,True,0.7834657315907358,False
398,273,1137.5,23.871770930594458,23.871770930594458,True,0.7850131016307362,False
399,274,1141.6666666666665,23.871770930594458,23.871657754010695,True,0.783334306642249,False
400,275,1145.8333333333333,23.871657754010695,23.867604059167522,True,0.7242542981551456,False
401,276,1150.0,23.867604059167522,23.887499999999996,True,0.6056869551310013,False
402,277,1154.1666666666665,23.81937969874161,23.81937969874161,True,0.6046444253176595,False
403,278,1158.3333333333335,23.78179132349457,23.723311546840954,True,0.7821095580537657,False
404,279,1162.5,23.768781458943728,23.721786492374726,True,0.7734121207981037,False
405,280,1166.6666666666667,23.747691669260295,23.768781458943728,True,0.7816599366931929,False
406,281,1170.8333333333335,23.723311546840954,23.78179132349457,True,0.7237258870703042,False
407,282,1175.0,23.721786492374726,23.747691669260295,True,0.605076758265375,False
408,283,1179.1666666666667,23.6308389132442,23.6308389132442,True,0.5975222815279055,False
409,284,1183.3333333333333,23.30853517877739,23.30853517877739,True,0.5951215976957824,False
410,285,1187.5,22.577049343910595,22.577049343910595,True,0.5907984617618198,False
411,286,1191.6666666666667,22.41513895531112,22.41513895531112,True,0.5928634377703111,False
412,287,1195.8333333333333,22.357881636672932,22.357881636672932,True,0.594103069054961,False
413,288,1200.0,18.720728291316526,18.720728291316526,True,0.5043206639252159,False
414,289,1204.1666666666665,17.333333333333332,17.333333333333332,True,0.4965151484615544,False
415,290,1208.3333333333333,15.710457516339869,15.710457516339869,True,0.4806184412865641,False
416,291,1212.5,13.849673202614378,13.849673202614378,True,0.5969541791520165,False
417,292,1216.6666666666665,12.306100217864923,12.306100217864923,True,0.5925038753708197,False
418,293,1220.8333333333335,11.937908496732025,11.937908496732025,True,0.813615444722681,False
419,294,1225.0,11.937908496732025,11.810457516339868,True,0.557828971570725,False
420,295,1229.1666666666667,11.937908496732025,11.674783892051444,True,0.507570538559292,False
421,296,1233.3333333333335,11.937908496732025,11.707282913165265,True,0.5156360204234757,False
422,297,1237.5,12.299019607843137,12.299019607843137,True,0.4886220021010511,False
423,298,1241.6666666666667,13.261982570806097,13.261982570806097,True,0.4891071907869331,False
424,299,1245.8333333333333,13.68483660130719,13.68483660130719,True,0.49024295337212315,False
425,300,1250.0,14.042810457516339,14.042810457516339,True,0.5009240161583174,False
426,301,1254.1666666666667,14.301544860368388,14.301544860368388,True,0.4999253531114716,False
427,302,1258.3333333333333,14.541307189542481,14.541307189542481,True,0.4922189121308027,False
428,303,1262.5,14.776001705029838,14.776001705029838,True,0.4971582553913475,False
429,304,1266.6666666666665,15.110651174049865,15.110651174049865,True,0.5022918380451136,False
430,305,1270.8333333333333,15.209150326797385,15.213012477718358,True,0.5124407221312623,False
431,306,1275.0,15.209150326797385,15.209150326797385,True,0.5118556605902462,False
432,307,1279.1666666666665,15.209150326797385,15.249134948096884,True,0.5116962925686135,False
433,308,1283.3333333333335,15.209150326797385,15.321246263363225,True,0.5221571552113266,False
434,309,1287.5,15.166666666666666,15.166666666666666,True,0.5309675018834484,False
435,310,1291.6666666666667,14.969040247678016,14.969040247678016,True,0.5424338960944544,False
436,311,1295.8333333333335,14.711737472766881,14.711737472766881,True,0.5517855557969656,False
437,312,1300.0,14.514256303406876,14.514256303406876,True,0.46353866599660964,False
438,313,1304.1666666666667,14.232026143790849,14.232026143790849,True,0.5662661109662475,False
439,314,1308.3333333333333,13.94216155361666,13.94216155361666,True,0.5719409904775924,False
440,315,1312.5,13.606512180629826,13.606512180629826,True,0.5777092991405159,False
441,316,1316.6666666666667,13.245929118773944,13.245929118773944,True,0.5883458384128206,False
442,317,1320.8333333333333,12.65446623093682,12.65446623093682,True,0.5704890774991412,False
443,318,1325.0,12.215468409586055,12.215468409586055,True,0.5753051271552213,False
444,319,1329.1666666666665,11.72673971549404,11.72673971549404,True,0.5774530185406793,False
445,320,1333.3333333333333,11.493853096794272,11.05,True,0.5647496954436069,False
446,321,1337.5,11.493853096794272,10.952703182722363,True,0.5651202544970498,False
447,322,1341.6666666666665,11.493853096794272,11.210291524017014,True,0.5562804418311446,False
448,323,1345.8333333333335,11.493853096794272,11.493853096794272,True,0.5678506563955528,False
449,324,1350.0,11.749766573295984,11.749766573295984,True,0.573934726127361,False
450,325,1354.1666666666667,11.964460784313724,11.964460784313724,True,0.5838168253549675,False
451,326,1358.3333333333335,11.964460784313724,12.068014705882351,True,0.5877787317736286,False
452,327,1362.5,11.964460784313724,12.065359477124183,True,0.5904551344198786,False
453,328,1366.6666666666667,11.964460784313724,11.991721132897602,True,0.593369902030427,False
454,329,1370.8333333333333,11.895424836601306,11.895424836601306,True,0.5953145438071767,False
455,330,1375.0,11.836221595084812,11.836221595084812,True,0.5904023614238411,False
456,331,1379.1666666666667,11.593567251461987,11.593567251461987,True,0.5717835032288359,False
457,332,1383.3333333333333,11.37715195010466,11.37715195010466,True,0.5633226892273915,False
458,333,1387.5,11.088235294117647,11.088235294117647,True,0.5547493261426699,False
459,334,1391.6666666666665,11.088235294117647,10.790849673202613,True,0.5646924323695965,False
460,335,1395.8333333333333,11.088235294117647,10.845767575322812,True,0.5663421060606785,False
461,336,1400.0,11.025810324129651,11.024147138530209,True,0.5669876777385245,False
462,337,1404.1666666666665,11.024147138530209,11.113302630993918,True,0.572397893840922,False
463,338,1408.3333333333335,11.024147138530209,11.10580434324267,True,0.5716425025987953,False
464,339,1412.5,11.024147138530209,11.025810324129651,True,0.816849319530198,False
465,340,1416.6666666666667,10.99407560295073,10.99407560295073,True,0.8167636639195753,False
466,341,1420.8333333333335,10.964246809835045,10.96108531131751,True,0.8158927967567914,False
467,342,1425.0,10.96108531131751,10.964246809835045,True,0.8162017011703023,False
468,343,1429.1666666666667,10.956264775413711,10.956264775413711,True,0.8154031737975194,False
469,344,1433.3333333333333,10.956264775413711,10.937538537427548,True,0.8162187311848541,False
470,345,1437.5,10.956264775413711,10.935833592696337,True,0.8162050514456408,False
471,346,1441.6666666666667,10.956264775413711,10.935833592696337,True,0.8160903838274737,False
472,347,1445.8333333333333,10.961669389978214,10.961669389978214,True,0.8160534364816371,False
473,348,1450.0,10.961764705882352,10.961764705882352,True,0.815554073313563,False
474,349,1454.1666666666665,10.97276688453159,10.978163992869874,True,0.8159782275192238,False
475,350,1458.3333333333333,10.97276688453159,10.978088264420442,True,0.8147884414407858,False
476,351,1462.5,10.97276688453159,10.97671568627451,True,0.8157152474665116,False
477,352,1466.6666666666665,10.97276688453159,10.97276688453159,True,0.8162952685675695,False
478,353,1470.8333333333335,10.962301587301587,10.956991129785246,True,0.8160443762945699,False
479,354,1475.0,10.961986681465039,10.952585712647632,True,0.8162160952457128,False
480,355,1479.1666666666667,10.960784313725489,10.962301587301587,True,0.8161100673911674,False
481,356,1483.3333333333335,10.960784313725489,10.960784313725489,True,0.8161062669984372,False
482,357,1487.5,10.960784313725489,10.961986681465039,True,0.8160419202558427,False
483,358,1491.6666666666667,10.960784313725489,10.957650273224042,True,0.8161772196449022,False
484,359,1495.8333333333333,10.960784313725489,10.962820567587963,True,0.8170264079212518,False
485,360,1500.0,10.961986681465039,10.958379578246392,True,0.8169090429257592,False
486,361,1504.1666666666667,10.962820567587963,10.950669156551509,True,0.8173274475568304,False
487,362,1508.3333333333333,10.963020295837632,10.96609477124183,True,0.8178114019038067,False
488,363,1512.5,10.963020295837632,10.965359477124183,True,0.8165585445078685,False
489,364,1516.6666666666665,10.963020295837632,10.966644128915933,True,0.8165444600692092,False
490,365,1520.8333333333333,10.965359477124183,10.963020295837632,True,0.8155320311449643,False
491,366,1525.0,10.965359477124183,10.963020295837632,True,0.8152967288095772,False
492,367,1529.1666666666665,10.963020295837632,10.954924498535046,True,0.8160012701192071,False
493,368,1533.3333333333335,10.963020295837632,10.970726980850818,True,0.8164401305587328,False
494,369,1537.5,10.954924498535046,10.969989106753813,True,0.81643176802405,False
495,370,1541.6666666666667,10.954924498535046,10.918488495865061,True,0.5756925920789795,False
496,371,1545.8333333333335,10.969989106753813,10.921994884910484,True,0.5759410473830022,False
497,372,1550.0,10.969989106753813,10.91600423953365,True,0.5776189841613782,False
498,373,1554.1666666666667,10.95016339869281,10.971405228758169,True,0.5771712953089769,False
499,374,1558.3333333333333,10.963650274924783,10.970077614379084,True,0.5780013183959993,False
500,375,1562.5,10.963650274924783,10.971747838920514,True,0.577094956524042,False
501,376,1566.6666666666667,10.963650274924783,10.95016339869281,True,0.5768662115371821,False
502,377,1570.8333333333333,10.955947959407348,10.963650274924783,True,0.576418451869937,False
503,378,1575.0,10.95547385620915,10.955947959407348,True,0.5766659097426257,False
504,379,1579.1666666666665,10.95547385620915,10.950485244602891,True,0.5774901589777195,False
505,380,1583.3333333333333,10.95547385620915,10.947551698274937,True,0.5794177768249076,False
506,381,1587.5,10.950485244602891,10.95547385620915,True,0.8171014079603511,False
507,382,1591.6666666666665,10.947551698274937,10.957244008714596,True,0.8183901719446234,False
508,383,1595.8333333333335,10.945663010967097,10.945663010967097,True,0.8170288023997416,False
509,384,1600.0,10.945663010967097,10.945663010967097,True,0.8162317790486682,False
510,385,1604.1666666666667,10.945663010967097,10.93954248366013,True,0.8166072297405947,False
511,386,1608.3333333333335,10.945663010967097,10.940660474716202,True,0.8165994251506562,False
512,387,1612.5,10.945663010967097,10.956345722368548,True,0.8156302900767836,False
513,388,1616.6666666666667,10.956345722368548,10.961366281672486,True,0.8154849225534235,False
514,389,1620.8333333333333,10.960185952315198,10.961366281672486,True,0.8156454042494821,False
515,390,1625.0,10.960185952315198,10.94527440605872,True,0.8148164711392017,False
516,391,1629.1666666666667,10.960185952315198,10.960185952315198,True,0.8156958981895525,False
517,392,1633.3333333333333,10.94527440605872,10.962071697365813,True,0.8161540996682456,False
518,393,1637.5,10.944707163911316,10.943291041906956,True,0.8166871137614433,False
519,394,1641.6666666666665,10.943291041906956,10.939958990132,True,0.8160888534674411,False
520,395,1645.8333333333333,10.943291041906956,10.939958990132,True,0.576994741921224,False
521,396,1650.0,10.943291041906956,10.944707163911316,True,0.5768948057701694,False
522,397,1654.1666666666665,10.944707163911316,10.942577030812323,True,0.5760668134801182,False
523,398,1658.3333333333335,10.946338514140372,10.946338514140372,True,0.5779882669740718,False
524,399,1662.5,10.95751633986928,10.95751633986928,True,0.8167571539895224,False
525,400,1666.6666666666667,10.95751633986928,10.95751633986928,True,0.8153450183294513,False
526,401,1670.8333333333335,10.957705787629061,10.957705787629061,True,0.8165480173729858,False
527,402,1675.0,10.961480767170254,10.961480767170254,True,0.8165795788434933,False
528,403,1679.1666666666667,10.962071697365813,10.962071697365813,True,0.8155212574763967,False
529,404,1683.3333333333333,10.963616557734204,10.963616557734204,True,0.8155554411783281,False
530,405,1687.5,10.963616557734204,10.965933848286788,True,0.8167931904028436,False
531,406,1691.6666666666667,10.963616557734204,10.96550472040668,True,0.5759610681270408,False
532,407,1695.8333333333333,10.964425770308123,10.964767156862745,True,0.8158790837244567,False
533,408,1700.0,10.964425770308123,10.955686274509803,True,0.8157385533109889,False
534,409,1704.1666666666665,10.963283352556708,10.955686274509803,True,0.815460426151333,False
535,410,1708.3333333333333,10.962154754374868,10.964425770308123,True,0.8156909969007186,False
536,411,1712.5,10.955686274509803,10.963283352556708,True,0.8160742352409031,False
537,412,1716.6666666666665,10.955686274509803,10.962154754374868,True,0.816045851104758,False
538,413,1720.8333333333335,10.955686274509803,10.955686274509803,True,0.815982241609819,False
539,414,1725.0,10.953986928104573,10.95256166982922,True,0.8161809377254248,False
540,415,1729.1666666666667,10.953986928104573,10.953986928104573,True,0.8159347368072044,False
541,416,1733.3333333333335,10.953986928104573,10.953986928104573,True,0.815830079041359,False
542,417,1737.5,10.953986928104573,10.953986928104573,True,0.8155610820468552,False
543,418,1741.6666666666667,10.953986928104573,10.956091969537084,True,0.816059268566986,False
544,419,1745.8333333333333,10.953986928104573,10.95339585109406,True,0.8157003792327809,False
545,420,1750.0,10.953986928104573,10.951933551198257,True,0.8159560637566567,False
546,421,1754.1666666666667,10.95339585109406,10.951933551198257,True,0.815907279708745,False
547,422,1758.3333333333333,10.952649144764289,10.957613891327675,True,0.8156635534094908,False
548,423,1762.5,10.951933551198257,10.957613891327675,True,0.8157388598563678,False
549,424,1766.6666666666665,10.951933551198257,10.952649144764289,True,0.8157135274324753,False
550,425,1770.8333333333333,10.950841329439577,10.950669156551509,True,0.8159779498233308,False
551,426,1775.0,10.950669156551509,10.950399419026867,True,0.8157981119927887,False
552,427,1779.1666666666665,10.950399419026867,10.950841329439577,True,0.815628769674511,False
553,428,1783.3333333333335,10.950399419026867,10.942348008385745,True,0.815692150110286,False
554,429,1787.5,10.950399419026867,10.942348008385745,True,0.8158652433129384,False
555,430,1791.6666666666667,10.950841329439577,10.94281045751634,True,0.8155518824537784,False
556,431,1795.8333333333335,10.954456960088999,10.954456960088999,True,0.8150423910752569,False
557,432,1800.0,10.954456960088999,10.956209150326796,True,0.8152539320638494,False
558,433,1804.1666666666667,10.954456960088999,10.956209150326796,True,0.8158533718899561,False
559,434,1808.3333333333333,10.954456960088999,10.956801470588234,True,0.8158285765707778,False
560,435,1812.5,10.943951165371807,10.943951165371807,True,0.8147997935161744,False
561,436,1816.6666666666667,10.942348008385745,10.942348008385745,True,0.8157447044998009,False
562,437,1820.8333333333333,10.941176470588236,10.941176470588236,True,0.8157728210579914,False
563,438,1825.0,10.938186622166597,10.938186622166597,True,0.8159802398598912,False
564,439,1829.1666666666665,10.938186622166597,10.912440838404327,True,0.815221497149197,False
565,440,1833.3333333333333,10.938186622166597,10.912440838404327,True,0.81497018873609,False
566,441,1837.5,10.938186622166597,10.912440838404327,True,0.8148367922962675,False
567,442,1841.6666666666665,10.939141694413614,10.939141694413614,True,0.8150256903007272,False
568,443,1845.8333333333335,10.958285274894271,10.958285274894271,True,0.8153802539551829,False
569,444,1850.0,10.9588820602868,10.959496930085166,True,0.8151191967733621,False
570,445,1854.1666666666667,10.9588820602868,10.9588820602868,True,0.8152454817384253,False
571,446,1858.3333333333335,10.9588820602868,10.9588820602868,True,0.8151485896443144,False
572,447,1862.5,10.9588820602868,10.9588820602868,True,0.8151657768566408,False
573,448,1866.6666666666667,10.9588820602868,10.958285274894271,True,0.8149934842385536,False
574,449,1870.8333333333333,10.9588820602868,10.950337512054002,True,0.8154164922878697,False
575,450,1875.0,10.95848789966437,10.959604212055192,True,0.8151727849354345,False
576,451,1879.1666666666667,10.95848789966437,10.959534794309882,True,0.8150784141091926,False
577,452,1883.3333333333333,10.95848789966437,10.95848789966437,True,0.8153131352346544,False
578,453,1887.5,10.95848789966437,10.95848789966437,True,0.8161868659796431,False
579,454,1891.6666666666665,10.95848789966437,10.95848789966437,True,0.8162130787731213,False
580,455,1895.8333333333333,10.95848789966437,10.95848789966437,True,0.8160965433306232,False
581,456,1900.0,10.95848789966437,10.95306001188354,True,0.8158891646820753,True
582,457,1904.1666666666665,10.954305698887742,10.946623093681918,True,0.8157549934946234,True
583,458,1908.3333333333335,10.954305698887742,10.960784313725489,True,0.815884043236668,True
584,459,1912.5,10.95306001188354,10.954305698887742,True,0.5694186334616621,True
585,460,1916.6666666666667,10.954305698887742,10.949698427758198,True,0.5697903569984135,False
586,461,1920.8333333333335,10.960436087003107,10.960436087003107,True,0.5701523774737062,False
587,462,1925.0,10.960436087003107,10.931900605770762,True,0.8149613745911295,False
588,463,1929.1666666666667,11.010065359477123,11.010065359477123,True,0.8164236236039392,False
589,464,1933.3333333333333,11.012677884392527,11.02633544149038,True,0.8156547724542365,False
590,465,1937.5,11.02633544149038,11.012677884392527,True,0.569617192333543,False
591,466,1941.6666666666667,11.028090037184464,11.028090037184464,True,0.567863400681621,False
592,467,1945.8333333333333,11.031480240517062,11.031480240517062,True,0.8157033110576393,False
593,468,1950.0,11.050792068239724,11.050792068239724,True,0.5694295711464414,False
594,469,1954.1666666666665,11.075801052128167,11.075801052128167,True,0.8166089115485139,False
595,470,1958.3333333333333,11.111099227569813,11.111099227569813,True,0.568420488813525,False
596,471,1962.5,11.173202614379084,11.173202614379084,True,0.8160334075047935,False
597,472,1966.6666666666665,11.21908496732026,11.21908496732026,True,0.5712209901818064,False
598,473,1970.8333333333335,11.304023885134718,11.304023885134718,True,0.8161490977604742,False
599,474,1975.0,11.385620915032678,11.385620915032678,True,0.8183975588447859,False
600,475,1979.1666666666667,11.510604410114212,11.510604410114212,True,0.5763240511713491,False
601,476,1983.3333333333335,11.63141923436041,11.63141923436041,True,0.821235037192423,False
602,477,1987.5,11.829304434191979,11.829304434191979,True,0.8232696188618072,False
603,478,1991.6666666666667,12.025805724588686,12.025805724588686,True,0.8226591457882158,False
604,479,1995.8333333333333,12.35220403951054,12.35220403951054,True,0.6139666471142137,False
605,480,2000.0,12.709694989106751,12.709694989106751,True,0.6324745969780442,False
606,481,2004.166666666667,13.092047930283222,13.092047930283222,True,0.6491840273435715,False
607,482,2008.3333333333333,13.685807656395891,13.685807656395891,True,0.6464455510357219,False
608,483,2012.5000000000002,14.234386347131444,14.234386347131444,True,0.6637242845811772,False
609,484,2016.6666666666665,15.031427015250543,15.031427015250543,True,0.6531489334921323,False
610,485,2020.8333333333335,16.18627450980392,16.18627450980392,True,0.7792670629494541,False
611,486,2025.0,17.673202614379083,17.673202614379083,True,0.5474539169886211,False
612,487,2029.1666666666667,22.38809480178364,22.38809480178364,True,0.5935468317606206,False
613,488,2033.3333333333333,23.852237545735996,23.860679137555405,True,0.6664491796601909,False
614,489,2037.5,23.860679137555405,23.852237545735996,True,0.700216673146052,False
615,490,2041.6666666666665,23.97847484891961,23.97847484891961,True,0.6900497902030867,False
616,491,2045.8333333333335,23.97847484891961,24.08621226268285,True,0.7181373045867123,False
617,492,2050.0,23.97847484891961,24.102941176470583,True,0.725327661708371,False
618,493,2054.1666666666665,23.97847484891961,24.04018282988871,True,0.8003906085326097,False
619,494,2058.333333333333,23.951404804345977,23.951404804345977,True,0.7982762551704682,False
620,495,2062.5,23.951404804345977,23.876475114679856,True,0.7997653006494527,False
621,496,2066.666666666667,23.951404804345977,23.814451706608565,True,0.7996679711358274,False
622,497,2070.8333333333335,23.951404804345977,23.871210331522164,True,0.8008985164413192,False
623,498,2075.0,23.947779111644653,23.997518081566422,True,0.8010976140490302,False
624,499,2079.1666666666665,23.947779111644653,24.058957698426386,True,0.8024115684285615,False
625,500,2083.3333333333335,23.947779111644653,23.98725963815478,True,0.8046003060696483,False
626,501,2087.5,23.95205479452055,23.947779111644653,True,0.8029795559529825,False
627,502,2091.666666666667,23.947779111644653,23.880058026279173,True,0.7999388475829842,False
628,503,2095.833333333333,23.899008556723818,23.899008556723818,True,0.8013254170041227,False
629,504,2100.0,23.880058026279173,23.95205479452055,True,0.8022276256806832,False
630,505,2104.1666666666665,23.864353148666876,23.864353148666876,True,0.7999593177739457,False
631,506,2108.3333333333335,23.780228758169933,23.780228758169933,True,0.7989943507934156,False
632,507,2112.5,23.7681665176267,23.752968409586057,True,0.7992341920288376,False
633,508,2116.6666666666665,23.752968409586057,23.7681665176267,True,0.7983653367281612,False
634,509,2120.833333333333,23.70989024540634,23.70989024540634,True,0.7981916841233753,False
635,510,2125.0,23.67669642382698,23.67669642382698,True,0.7250091826710188,False
636,511,2129.166666666667,23.56812283737024,23.56812283737024,True,0.7096772208793585,False
637,512,2133.3333333333335,22.617647058823525,22.617647058823525,True,0.690672148735662,False
638,513,2137.5,22.400394880174293,22.400394880174293,True,0.6820358811226233,False
639,514,2141.6666666666665,22.343137254901958,22.289337625597504,True,0.7726758676099021,False
640,515,2145.8333333333335,22.289337625597504,22.343137254901958,True,0.7601732528873332,False
641,516,2150.0,17.673202614379083,17.673202614379083,True,0.8345864349961375,False
642,517,2154.166666666667,16.18627450980392,16.18627450980392,True,0.8018801133764674,False
643,518,2158.333333333333,14.52941176470588,14.52941176470588,True,0.6529866256023197,False
644,519,2162.5,12.585784313725489,12.585784313725489,True,0.6472855364938289,False
645,520,2166.6666666666665,12.415447050279806,12.186631016042782,True,0.8080160652349709,False
646,521,2170.8333333333335,12.31653318604437,12.31653318604437,True,0.6270809157133201,False
647,522,2175.0,12.31653318604437,12.415447050279806,True,0.8229098762283632,False
648,523,2179.1666666666665,12.31653318604437,12.19281045751634,True,0.5284377466400645,False
649,524,2183.333333333333,12.415447050279806,12.237418300653594,True,0.8023154997085645,False
650,525,2187.5,12.985838779956428,12.985838779956428,True,0.5201271823052651,False
651,526,2191.666666666667,13.807189542483659,13.807189542483659,True,0.526070426328585,False
652,527,2195.8333333333335,14.508169934640522,14.508169934640522,True,0.5402225590340689,False
653,528,2200.0,14.869281045751633,14.869281045751633,True,0.545896855865971,False
654,529,2204.1666666666665,14.869281045751633,15.042755991285402,True,0.5477443644052581,False
655,530,2208.3333333333335,14.869281045751633,15.05337690631808,True,0.5476156821561332,False
656,531,2212.5,14.869281045751633,15.027583255524432,True,0.5386879990677487,False
657,532,2216.666666666667,14.771439889086949,14.771439889086949,True,0.537074104399357,False
658,533,2220.833333333333,14.274027035056447,14.274027035056447,True,0.4994037318671117,False
659,534,2225.0,13.722222222222221,13.722222222222221,True,0.5020736779619875,False
660,535,2229.1666666666665,13.297385620915032,13.281937017231133,True,0.5073156348896153,False
661,536,2233.3333333333335,13.281937017231133,13.249507210291524,True,0.4984760323671527,False
662,537,2237.5,13.254901960784313,13.297385620915032,True,0.5054176199874527,False
663,538,2241.6666666666665,13.249507210291524,13.254901960784313,True,0.5053305322857681,False
664,539,2245.833333333333,13.107220666044194,13.107220666044194,True,0.5172503919970814,False
665,540,2250.0,12.826797385620914,12.826797385620914,True,0.5276706391514666,False
666,541,2254.166666666667,12.418709150326796,12.418709150326796,True,0.5372326220171295,False
667,542,2258.3333333333335,11.94026870007262,11.94026870007262,True,0.5751758576940366,False
668,543,2262.5,11.755489622749682,11.755489622749682,True,0.5570801573334854,False
669,544,2266.6666666666665,11.689803921568627,11.689803921568627,True,0.8116758939210079,False
670,545,2270.8333333333335,11.689803921568627,11.465325619737383,True,0.8153421133197118,False
671,546,2275.0,11.689803921568627,11.32661583151779,True,0.8154868936094803,False
672,547,2279.166666666667,11.574142156862745,11.561671624274062,True,0.8169679071296159,False
673,548,2283.333333333333,11.561671624274062,11.737531019537938,True,0.8166666449781025,False
674,549,2287.5,11.561671624274062,11.83326453388373,True,0.8151982672763073,False
675,550,2291.6666666666665,11.561671624274062,11.574142156862745,True,0.5326036526855442,False
676,551,2295.8333333333335,11.386470588235293,11.257936507936508,True,0.529401342993227,False
677,552,2300.0,11.385620915032678,11.152972300031122,True,0.5255564303955821,False
678,553,2304.1666666666665,11.291641909288968,11.385620915032678,True,0.5364493996264278,False
679,554,2308.333333333333,11.257936507936508,11.386470588235293,True,0.5456726306766507,False
680,555,2312.5,11.152972300031122,11.291641909288968,True,0.5677985331967585,False
681,556,2316.666666666667,11.164548535463569,11.134765017117957,True,0.8045164972481079,False
682,557,2320.8333333333335,11.14682949203073,11.124449743861506,True,0.8053042494602894,False
683,558,2325.0,11.141103848946987,11.141103848946987,True,0.805480138242038,False
684,559,2329.1666666666665,11.134765017117957,11.164548535463569,True,0.8084245144943693,False
685,560,2333.3333333333335,11.124449743861506,11.14682949203073,True,0.8068348007169844,False
686,561,2337.5,11.119346236993296,11.119346236993296,True,0.8049541103083963,False
687,562,2341.666666666667,11.091365669074648,11.080730789482581,True,0.8045414854545672,False
688,563,2345.833333333333,11.080730789482581,11.070279680186799,True,0.804874632953317,False
689,564,2350.0,11.076997680792747,11.091365669074648,True,0.8048832842141392,False
690,565,2354.1666666666665,11.076997680792747,11.076997680792747,True,0.8041077963839667,False
691,566,2358.3333333333335,11.076997680792747,11.071259985475672,True,0.8044959727690559,False
692,567,2362.5,11.091365669074648,11.070179738562093,True,0.8039452819464081,False
693,568,2366.6666666666665,11.12072279892349,11.12908496732026,True,0.8043929414809585,False
694,569,2370.833333333333,11.12072279892349,11.123886786683483,True,0.805779974471143,False
695,570,2375.0,11.12072279892349,11.12074938444297,True,0.8057839971491939,False
696,571,2379.166666666667,11.12074938444297,11.12072279892349,True,0.8050082388617341,False
697,572,2383.3333333333335,11.12074938444297,11.109477124183005,True,0.8052722169957041,False
698,573,2387.5,11.12072279892349,11.10765639589169,True,0.8056878737151343,False
699,574,2391.6666666666665,11.112751556485572,11.123907008743931,True,0.8055280165355018,False
700,575,2395.8333333333335,11.112751556485572,11.122994652406415,True,0.804496892690798,False
701,576,2400.0,11.112751556485572,11.112212814418696,True,0.8020959573721526,False
702,577,2404.166666666667,11.112751556485572,11.112751556485572,True,0.8025129836990951,False
703,578,2408.333333333333,11.112212814418696,11.123966288269692,True,0.8025683157238881,False
704,579,2412.5,11.108639632675052,11.088235294117647,True,0.8039346750217997,False
705,580,2416.6666666666665,11.108639632675052,11.083642465995405,True,0.8035757187918975,False
706,581,2420.8333333333335,11.097676107480028,11.097676107480028,True,0.8048386802357778,False
707,582,2425.0,11.088235294117647,11.108639632675052,True,0.8056449109208215,False
708,583,2429.1666666666665,11.090777051561366,11.112394204993826,True,0.8049737692962518,False
709,584,2433.333333333333,11.090777051561366,11.081403126552765,True,0.8048283253462724,False
710,585,2437.5,11.090777051561366,11.075617283950617,True,0.8056671275874571,False
711,586,2441.666666666667,11.090777051561366,11.090777051561366,True,0.8059755849615267,False
712,587,2445.8333333333335,11.090777051561366,11.077716503267972,True,0.8035890315112636,False
713,588,2450.0,11.105650581745701,11.105650581745701,True,0.8043036407425513,False
714,589,2454.1666666666665,11.105728565936179,11.126856803327389,True,0.8051434816852702,False
715,590,2458.3333333333335,11.10787059922008,11.108070197776078,True,0.8049626780995778,False
716,591,2462.5,11.108070197776078,11.10787059922008,True,0.8049885218371254,False
717,592,2466.666666666667,11.126856803327389,11.105728565936179,True,0.8035557375026191,False
718,593,2470.833333333333,11.126856803327392,11.126856803327392,True,0.8040679560815774,False
719,594,2475.0,11.130718954248366,11.130718954248366,True,0.8050139334626407,False
720,595,2479.1666666666665,11.131968473663974,11.13265002970885,True,0.8051129754972647,False
721,596,2483.3333333333335,11.13265002970885,11.131968473663974,True,0.806352145736374,False
722,597,2487.5,11.133422459893048,11.133422459893048,True,0.8064222142807889,False
723,598,2491.6666666666665,11.133551198257079,11.13612596553773,True,0.80647802346945,False
724,599,2495.833333333333,11.133551198257079,11.133551198257079,True,0.8049969007560295,False
725,600,2500.0,11.133551198257079,11.145083240843507,True,0.8055342993624143,False
726,601,2504.166666666667,11.133551198257079,11.135439360929555,True,0.8058113696111541,False
727,602,2508.3333333333335,11.130718954248366,11.130718954248366,True,0.8054948223795448,False
728,603,2512.5,11.130718954248366,11.130718954248366,True,0.8053959716910075,False
729,604,2516.6666666666665,11.130718954248366,11.130718954248366,True,0.805589921610053,False
730,605,2520.8333333333335,11.129145485354636,11.11341756194697,True,0.8054030721879508,False
731,606,2525.0,11.12694076313002,11.129145485354636,True,0.8051097863315553,False
732,607,2529.166666666667,11.12694076313002,11.12694076313002,True,0.8048090106286169,False
733,608,2533.333333333333,11.123822256175195,11.12694076313002,True,0.8050649312292936,False
734,609,2537.5,11.12568046086359,11.120058458165875,True,0.8058487645938532,False
735,610,2541.6666666666665,11.123822256175195,11.119294565738036,True,0.8047493669635949,False
736,611,2545.8333333333335,11.123822256175195,11.123822256175195,True,0.804898186572494,False
737,612,2550.0,11.123822256175195,11.12568046086359,True,0.8050443770006482,False
738,613,2554.1666666666665,11.123822256175195,11.119339402427638,True,0.8046500758796993,False
739,614,2558.333333333333,11.123822256175195,11.129254000450754,True,0.8048137080885287,False
740,615,2562.5,11.12568046086359,11.130718954248366,True,0.8050754472090154,False
741,616,2566.666666666667,11.12736498108015,11.121583481877598,True,0.8050125050580155,False
742,617,2570.8333333333335,11.129254000450754,11.122222222222222,True,0.8061097038437752,False
743,618,2575.0,11.130718954248366,11.12736498108015,True,0.8060742371497346,False
744,619,2579.1666666666665,11.131642512077292,11.131642512077292,True,0.806194468170492,False
745,620,2583.3333333333335,11.131808278867103,11.133101983540028,True,0.804991464324479,False
746,621,2587.5,11.131808278867103,11.134128495599485,True,0.8046897755358059,False
747,622,2591.666666666667,11.131808278867103,11.133235981731193,True,0.8044589384365162,False
748,623,2595.833333333333,11.131808278867103,11.131808278867103,True,0.8049311068744425,False
749,624,2600.0,11.130718954248366,11.127450980392155,True,0.8047762127388026,False
750,625,2604.1666666666665,11.1282794163417,11.127450980392155,True,0.8046618133082223,False
751,626,2608.3333333333335,11.127450980392155,11.130718954248366,True,0.8046456840707708,False
752,627,2612.5,11.127450980392155,11.1282794163417,True,0.8046539326203357,False
753,628,2616.6666666666665,11.101237116028996,11.097338935574228,True,0.8042556005936727,False
754,629,2620.833333333333,11.09984520123839,11.101237116028996,True,0.804228479312104,False
755,630,2625.0,11.09984520123839,11.096230624094401,True,0.8042128307034603,False
756,631,2629.166666666667,11.09984520123839,11.079828778358191,True,0.8035509232860728,False
757,632,2633.3333333333335,11.101237116028996,11.09984520123839,True,0.8035217028049672,False
758,633,2637.5,11.102801120448179,11.122222222222222,True,0.8037256262320647,False
759,634,2641.6666666666665,11.1118373275236,11.102801120448179,True,0.804858421525387,False
760,635,2645.8333333333335,11.114939309056956,11.124346405228758,True,0.8055726230918991,False
761,636,2650.0,11.114939309056956,11.1118373275236,True,0.8049810884272243,False
762,637,2654.166666666667,11.113495848789965,11.114939309056956,True,0.8050530486762231,False
763,638,2658.333333333333,11.113495848789965,11.116557734204793,True,0.8057014389115358,False
764,639,2662.5,11.113495848789965,11.113495848789965,True,0.8057539947982876,False
765,640,2666.6666666666665,11.114939309056956,11.113495848789965,True,0.8056835449507392,False
766,641,2670.8333333333335,11.116557734204793,11.113495848789965,True,0.8049455994766629,False
767,642,2675.0,11.117124183006535,11.117124183006535,True,0.8040148705060037,False
768,643,2679.1666666666665,11.128787878787877,11.130718954248366,True,0.8049020824141038,False
769,644,2683.333333333333,11.128787878787877,11.130718954248366,True,0.8049560265233648,False
770,645,2687.5,11.128787878787877,11.128787878787877,True,0.8046318980990295,False
771,646,2691.666666666667,11.128787878787877,11.130718954248366,True,0.8105515211729004,False
772,647,2695.8333333333335,11.106886657101864,11.105814739688977,True,0.8103980411880619,False
773,648,2700.0,11.105814739688977,11.106886657101864,True,0.8043936268043044,False
774,649,2704.1666666666665,11.105814739688977,11.10073048827374,True,0.8046687346448997,False
775,650,2708.3333333333335,11.105814739688977,11.100036310820624,True,0.8045573897528828,False
776,651,2712.5,11.106886657101864,11.086056644880173,True,0.8046569290767868,False
777,652,2716.666666666667,11.130718954248366,11.130718954248366,True,0.8044548554700508,False
778,653,2720.833333333333,11.130718954248366,11.130718954248366,True,0.8043626888231596,False
779,654,2725.0,11.130718954248366,11.136788048552754,True,0.8056653941053636,False
780,655,2729.1666666666665,11.130718954248366,11.137972262075563,True,0.8046428873829835,False
781,656,2733.3333333333335,11.130718954248366,11.130718954248366,True,0.8046001562301581,False
782,657,2737.5,11.130718954248366,11.130718954248366,True,0.8046148518838072,False
783,658,2741.6666666666665,11.126470588235293,11.125538020086083,True,0.8046433492977726,False
784,659,2745.833333333333,11.126470588235293,11.126470588235293,True,0.8050161669481347,False
785,660,2750.0,11.126470588235293,11.109971120231037,True,0.8044682831142378,False
786,661,2754.166666666667,11.126470588235293,11.121775025799792,True,0.8046068643672536,False
787,662,2758.3333333333335,11.130718954248366,11.139610883112935,True,0.8041867986715394,False
788,663,2762.5,11.130718954248366,11.130718954248366,True,0.8051504915215846,False
789,664,2766.6666666666665,11.130718954248366,11.130718954248366,True,0.8050612672171558,False
790,665,2770.8333333333335,11.130718954248366,11.130718954248366,True,0.8050144198349045,False
791,666,2775.0,11.109477124183005,11.10073048827374,True,0.8034073287273322,False
792,667,2779.166666666667,11.109477124183005,11.095032679738562,True,0.804866346440906,False
793,668,2783.333333333333,11.109477124183005,11.108903020667727,True,0.8049415894431695,False
794,669,2787.5,11.109477124183005,11.109477124183005,True,0.805011037917839,False
795,670,2791.6666666666665,11.116557734204793,11.116557734204793,True,0.8048161924255521,False
796,671,2795.8333333333335,11.127468363231817,11.128117913832199,True,0.8048563122785963,False
797,672,2800.0,11.127468363231817,11.129044545840697,True,0.804720220883051,False
798,673,2804.1666666666665,11.127468363231817,11.127468363231817,True,0.8039213144954881,False
799,674,2808.333333333333,11.127468363231817,11.127543092400359,True,0.8038585741033512,False
800,675,2812.5,11.127468363231817,11.106123151014792,True,0.8041906870755767,False
801,676,2816.666666666667,11.116557734204793,11.116557734204793,True,0.8042629401328558,False
802,677,2820.8333333333335,11.116557734204793,11.116557734204793,True,0.8051642432780928,False
803,678,2825.0,11.116557734204793,11.130718954248366,True,0.8050694750343614,False
804,679,2829.1666666666665,11.117534370069865,11.116557734204793,True,0.8040730426707992,False
805,680,2833.3333333333335,11.117534370069865,11.117534370069865,True,0.8042030380526264,False
806,681,2837.5,11.12262682850918,11.12262682850918,True,0.8052597678965875,False
807,682,2841.666666666667,11.12262682850918,11.128787878787877,True,0.805099218509125,False
808,683,2845.833333333333,11.128787878787877,11.106969408133624,True,0.8052519999461106,True
809,684,2850.0,11.128787878787879,11.128787878787879,True,0.8054053851167505,True
810,685,2854.1666666666665,11.130718954248366,11.130718954248366,True,0.8052287596680658,True
811,686,2858.3333333333335,11.13162286191072,11.13162286191072,True,0.8051509814797141,True
812,687,2862.5,11.139736509260915,11.140834111422347,True,0.8054045375251465,False
813,688,2866.6666666666665,11.140834111422347,11.142992011619462,True,0.8046362011091,False
814,689,2870.833333333333,11.14154812251698,11.14154812251698,True,0.8047973830898444,False
815,690,2875.0,11.142992011619462,11.139736509260915,True,0.8053860328698135,False
816,691,2879.166666666667,11.16230936819172,11.16230936819172,True,0.8039250015594971,False
817,692,2883.3333333333335,11.225305697854717,11.225305697854717,True,0.8052949692036888,False
818,693,2887.5,11.228181468665898,11.228181468665898,True,0.8050590234212194,False
819,694,2891.6666666666665,11.288262527233115,11.288262527233115,True,0.8063443641323993,False
820,695,2895.8333333333335,11.311194653299918,11.311194653299918,True,0.8067891597244985,False
821,696,2900.0,11.375864493084055,11.375864493084055,True,0.8064421496195762,False
822,697,2904.166666666667,11.418663761801016,11.418663761801016,True,0.8085235116050049,False
823,698,2908.333333333333,11.489955786236065,11.489955786236065,True,0.8091027561055495,False
824,699,2912.5,11.598039215686274,11.598039215686274,True,0.8115220010365306,False
825,700,2916.6666666666665,11.720206971677559,11.720206971677559,True,0.8134511179993273,False
826,701,2920.8333333333335,11.90392156862745,11.90392156862745,True,0.8142490074915428,False
827,702,2925.0,12.1232917409388,12.1232917409388,True,0.8141651743615509,False
828,703,2929.1666666666665,12.34929193899782,12.34929193899782,True,0.8166931795097653,False
829,704,2933.333333333333,12.68542199488491,12.68542199488491,True,0.8185903822697687,False
830,705,2937.5,13.099257278669041,13.099257278669041,True,0.8199120526457899,False
831,706,2941.666666666667,13.637254901960784,13.637254901960784,True,0.8177148403355505,False
832,707,2945.8333333333335,14.260348583877995,14.260348583877995,True,0.6559879717978114,False
833,708,2950.0,15.18082788671024,15.18082788671024,True,0.5384451087150764,False
834,709,2954.1666666666665,16.169281045751635,16.169281045751635,True,0.5369301448202929,False
835,710,2958.3333333333335,17.65904139433551,17.65904139433551,True,0.5411337799926647,False
836,711,2962.5,22.445533769063182,22.445533769063182,True,0.6083323706026185,False
837,712,2966.666666666667,23.888463292293658,23.888463292293658,True,0.6202162841580711,False
838,713,2970.833333333333,23.965256277949777,23.965256277949777,True,0.7113120596280734,False
839,714,2975.0,23.97058823529412,24.038789598774116,True,0.7120172249690654,False
840,715,2979.1666666666665,23.97058823529412,24.054977883409254,True,0.7119054805750147,False
841,716,2983.3333333333335,23.97058823529412,24.055192447349306,True,0.7142656067397165,False
842,717,2987.5,23.97058823529412,23.97058823529412,True,0.712234061779643,False
843,718,2991.6666666666665,23.91641249092229,23.91641249092229,True,0.7108870735841674,False
844,719,2995.833333333333,23.91641249092229,23.878433289249223,True,0.7141009597505895,False
845,720,3000.0,23.91641249092229,23.85919295254333,True,0.7140550688131735,False
846,721,3004.166666666667,23.91641249092229,23.890857162471892,True,0.7166714069844926,False
847,722,3008.3333333333335,23.93163917418819,23.982302011713774,True,0.7172443104108663,False
848,723,3012.5,23.93163917418819,23.995629036162452,True,0.7158255126404491,False
849,724,3016.6666666666665,23.948039215686276,23.971624738925776,True,0.7246385754917382,False
850,725,3020.8333333333335,23.948039215686276,23.93163917418819,True,0.725082660575664,False
851,726,3025.0,23.93163917418819,23.92361111111111,True,0.717781391254172,False
852,727,3029.166666666667,23.92361111111111,23.948039215686276,True,0.7204016851050772,False
853,728,3033.333333333333,23.89564987176305,23.89564987176305,True,0.7157600812047599,False
854,729,3037.5,23.870889551402104,23.836480271120795,True,0.7193983155288026,False
855,730,3041.6666666666665,23.870889551402104,23.792968611312833,True,0.7129231131489886,False
856,731,3045.8333333333335,23.870889551402104,23.82493572673034,True,0.7340311392791773,False
857,732,3050.0,23.870889551402104,23.870889551402104,True,0.7142734344662893,False
858,733,3054.1666666666665,23.87847222222222,23.903696895424837,True,0.7165168096637128,False
859,734,3058.333333333333,23.87847222222222,23.932461873638346,True,0.7135335327168322,False
860,735,3062.5,23.87847222222222,23.89705882352941,True,0.7275713090359889,False
861,736,3066.666666666667,23.87847222222222,23.87847222222222,True,0.7132952139887798,False
862,737,3070.8333333333335,23.842436974789912,23.842436974789912,True,0.7346915231274576,False
863,738,3075.0,23.77196804647785,23.77196804647785,True,0.7134246119039183,False
864,739,3079.1666666666665,23.68363854975952,23.68363854975952,True,0.7116725135820614,False
865,740,3083.3333333333335,23.60196761631482,23.60196761631482,True,0.6377278033338519,False
866,741,3087.5,23.370733478576614,23.370733478576614,True,0.6365092706432222,False
867,742,3091.666666666667,22.464746279780044,22.464746279780044,True,0.6250812626414619,False
868,743,3095.833333333333,22.445939198235266,22.445939198235266,True,0.6184591107700924,False
869,744,3100.0,22.44329672964197,22.44329672964197,True,0.6106868266539901,False
870,745,3104.1666666666665,18.331699346405227,18.331699346405227,True,0.5445511466813846,False
871,746,3108.3333333333335,16.681917211328972,16.681917211328972,True,0.5192516052371238,False
872,747,3112.5,15.05337690631808,15.05337690631808,True,0.6329668985687906,False
873,748,3116.6666666666665,13.246405228758169,13.246405228758169,True,0.6636875674605074,False
874,749,3120.833333333333,12.700042999656002,12.153680770553834,True,0.8202588799049279,False
875,750,3125.0,12.109953630575035,12.066226490596238,True,0.6036678415536443,False
876,751,3129.166666666667,12.109953630575035,12.05062024809924,True,0.4285393838606111,False
877,752,3133.3333333333335,12.109953630575035,,False,0.0,False
878,753,3137.5,12.282459650526876,11.818954248366012,True,0.5099009870709228,False
879,754,3141.6666666666665,12.965305010893244,12.498692810457515,True,0.5169368761764074,False
880,755,3145.8333333333335,13.784767610748002,13.431917211328974,True,0.4950148988405302,False
881,756,3150.0,14.137618010167028,14.137618010167028,True,0.49429846272920946,False
882,757,3154.166666666667,14.60830999066293,14.60830999066293,True,0.49982262543573186,False
883,758,3158.333333333333,14.857952069716776,14.857952069716776,True,0.5095626839641992,False
884,759,3162.5,14.965834818775994,14.97017973856209,True,0.5065774132455673,False
885,760,3166.6666666666665,14.97017973856209,14.965834818775994,True,0.5111605453131258,False
886,761,3170.8333333333335,15.07670126874279,15.07670126874279,True,0.52111110025975,False
887,762,3175.0,15.265795206971676,15.265795206971676,True,0.527028568822162,False
888,763,3179.1666666666665,15.548096050014209,15.561002178649236,True,0.5314564035467211,False
889,764,3183.333333333333,15.548096050014209,15.65735294117647,True,0.5364980808695401,False
890,765,3187.5,15.548096050014209,15.657588961510529,True,0.5374624742083715,False
891,766,3191.666666666667,15.548096050014209,15.548096050014209,True,0.5215794902706821,False
892,767,3195.8333333333335,15.469539760348583,15.469539760348583,True,0.5219486691532256,False
893,768,3200.0,15.43498452012384,15.43498452012384,True,0.5163931171138176,False
894,769,3204.1666666666665,15.362460926399546,15.362460926399546,True,0.5054883475078082,False
895,770,3208.3333333333335,15.269841269841269,15.269841269841269,True,0.5134079634949156,False
896,771,3212.5,15.055555555555554,15.055555555555554,True,0.5179931167369608,False
897,772,3216.666666666667,14.789279348102877,14.789279348102877,True,0.5033038378687318,False
898,773,3220.833333333333,14.508169934640522,14.508169934640522,True,0.503774737855478,False
899,774,3225.0,14.143840364428598,14.143840364428598,True,0.5640153675446775,False
900,775,3229.1666666666665,13.722222222222221,13.722222222222221,True,0.5508433516265548,False
901,776,3233.3333333333335,13.297385620915032,13.297385620915032,True,0.5384570413105437,False
902,777,3237.5,12.730936819172113,12.730936819172113,True,0.5380955313219352,False
903,778,3241.6666666666665,12.136165577342048,12.136165577342048,True,0.7998579815368116,False
904,779,3245.833333333333,11.357298474945535,11.357298474945535,True,0.8002732263258542,False
905,780,3250.0,11.357298474945535,11.145724878645414,True,0.5277883048137815,False
906,781,3254.166666666667,11.357298474945535,11.165919701213818,True,0.8050241187543781,False
907,782,3258.3333333333335,11.357298474945535,11.14892623716153,True,0.8043197213352358,False
908,783,3262.5,11.50920974450386,11.50920974450386,True,0.5424852945169804,False
909,784,3266.6666666666665,12.073704481792715,12.073704481792715,True,0.5523449312971025,False
910,785,3270.8333333333335,12.073704481792715,12.320261437908496,True,0.561643864933035,False
911,786,3275.0,12.073704481792715,12.41826684696867,True,0.5638285779386257,False
912,787,3279.166666666667,12.073704481792715,12.322487449085912,True,0.5602862622343201,False
913,788,3283.333333333333,12.06687675070028,12.06687675070028,True,0.5504295917535301,False
914,789,3287.5,11.598039215686274,11.598039215686274,True,0.5399595120705033,False
915,790,3291.6666666666665,11.092187262501898,11.07609710550887,True,0.534366726770004,False
916,791,3295.8333333333335,11.092187262501898,10.875816993464051,True,0.5331426739080086,False
917,792,3300.0,11.092187262501898,10.936740369906827,True,0.5318686869336229,False
918,793,3304.1666666666665,11.092187262501898,11.092187262501898,True,0.5336931708763637,False
919,794,3308.333333333333,11.120464277665087,11.134201221472194,True,0.5279085660805445,False
920,795,3312.5,11.120464277665087,11.145793801391525,True,0.5199769964356858,False
921,796,3316.666666666667,11.120464277665087,11.150544662309366,True,0.5170743577993162,False
922,797,3320.8333333333335,11.120464277665087,11.120464277665087,True,0.517330330124228,False
923,798,3325.0,11.099564270152504,11.073772771519955,True,0.5155505926223459,False
924,799,3329.1666666666665,11.097676107480028,11.047911820095269,True,0.5145547473741534,False
925,800,3333.3333333333335,11.073772771519955,11.099564270152504,True,0.5137058582111634,False
926,801,3337.5,11.07124183006536,11.097676107480028,True,0.5157913551928143,False
927,802,3341.666666666667,11.059432812673093,11.07124183006536,True,0.5155489003819891,False
928,803,3345.833333333333,11.059432812673093,11.054686519029586,True,0.5154825934502757,False
929,804,3350.0,11.056834327934071,11.059432812673093,True,0.5160370051239209,False
930,805,3354.1666666666665,11.054686519029586,11.056834327934071,True,0.5183731809622822,False
931,806,3358.3333333333335,11.042252979623221,11.042252979623221,True,0.517808013266875,False
932,807,3362.5,11.038027332144978,11.038027332144978,True,0.5191870927582682,False
933,808,3366.6666666666665,11.028754146860765,11.021505908760812,True,0.5218481582380927,False
934,809,3370.833333333333,11.028609104460498,11.028754146860765,True,0.522726054549388,False
935,810,3375.0,11.023928404858196,11.023928404858196,True,0.5277147063361125,False
936,811,3379.166666666667,11.022768670309652,11.022768670309652,True,0.5263441488490819,False
937,812,3383.3333333333335,11.022768670309652,11.028609104460498,True,0.5275478098420648,False
938,813,3387.5,11.022768670309652,11.017696386730792,True,0.5269579780468989,False
939,814,3391.6666666666665,11.022768670309652,11.01791751183232,True,0.5269315201525329,False
940,815,3395.8333333333335,11.02399171050534,11.01742919389978,True,0.526879485129108,False
941,816,3400.0,11.01791751183232,11.025521319638965,True,0.5273352450065805,False
942,817,3404.166666666667,11.01791751183232,11.026440879382056,True,0.5253332380739762,False
943,818,3408.333333333333,11.01742919389978,11.02399171050534,True,0.5254344700981288,False
944,819,3412.5,11.01237161531279,11.00326797385621,True,0.5269497112387244,False
945,820,3416.6666666666665,11.00326797385621,11.01237161531279,True,0.5256833966516844,False
946,821,3420.8333333333335,10.987945998071359,10.982026143790849,True,0.5253956991070038,False
947,822,3425.0,10.987945998071359,10.97694007180337,True,0.5260918290039373,False
948,823,3429.1666666666665,10.987945998071359,10.975778546712803,True,0.5258202031828325,False
949,824,3433.333333333333,10.983442265795208,10.987945998071359,True,0.5267554020426957,False
950,825,3437.5,10.987945998071359,11.029411764705882,True,0.5281351852856323,False
951,826,3441.666666666667,11.009127789046651,11.031944444444445,True,0.528076428075239,False
952,827,3445.8333333333335,11.009127789046651,10.983442265795208,True,0.5288582106808991,False
953,828,3450.0,11.009127789046651,11.011908718289574,True,0.5288442943729315,False
954,829,3454.1666666666665,11.009127789046651,11.009127789046651,True,0.5295855066543649,False
955,830,3458.3333333333335,11.009127789046651,10.983353758169933,True,0.5301150996307683,False
956,831,3462.5,11.009447415329767,10.986113225848289,True,0.5271919306191835,False
957,832,3466.666666666667,11.009127789046651,11.009447415329767,True,0.5281084248590435,False
958,833,3470.833333333333,11.007902554961378,11.01742919389978,True,0.5290401399237924,False
959,834,3475.0,11.007902554961378,11.027544351073761,True,0.5316780321918868,False
960,835,3479.1666666666665,11.007902554961378,11.007902554961378,True,0.5292871387220835,False
961,836,3483.3333333333335,11.007902554961378,10.992045874953755,True,0.5298578363310666,False
962,837,3487.5,11.007902554961378,11.00326797385621,True,0.5301035255384746,False
963,838,3491.6666666666665,11.00550395596835,11.00550395596835,True,0.5301781336276081,False
964,839,3495.833333333333,11.00550395596835,11.019452225334579,True,0.529300376529105,False
965,840,3500.0,11.00550395596835,11.018342820999367,True,0.5299775168526749,False
966,841,3504.166666666667,11.005695611577964,11.00326797385621,True,0.5300495356788212,False
967,842,3508.3333333333335,11.018342820999367,11.018342820999367,True,0.5304171096159929,False
968,843,3512.5,11.018342820999367,11.001089324618736,True,0.5303100379523547,False
969,844,3516.6666666666665,11.018342820999367,11.005695611577964,True,0.5295373067522832,False
970,845,3520.8333333333335,11.024183006535948,11.032821824381926,True,0.5301115147269814,False
971,846,3525.0,11.032821824381926,11.037659508247742,True,0.5307019595790585,False
972,847,3529.166666666667,11.033613445378151,11.035130718954248,True,0.5309410502614337,False
973,848,3533.333333333333,11.033950617283951,11.024183006535948,True,0.5305552901109131,False
974,849,3537.5,11.034694242994,11.033613445378151,True,0.53055239787179,False
975,850,3541.6666666666665,11.034694242994,11.034694242994,True,0.5300455967324097,False
976,851,3545.8333333333335,11.034694242994,11.033950617283951,True,0.5297137204494539,False
977,852,3550.0,11.034694242994,11.034694242994,True,0.5300542930780495,False
978,853,3554.1666666666665,11.034694242994,11.036807705538354,True,0.5308618717197965,False
979,854,3558.333333333333,11.034694242994,11.041232095675149,True,0.5311183545413222,False
980,855,3562.5,11.034694242994,11.041232095675149,True,0.5311382361296436,False
981,856,3566.666666666667,11.034269563681327,11.034269563681327,True,0.5313999967148203,False
982,857,3570.8333333333335,11.033950617283951,11.033950617283951,True,0.5316560403348871,False
983,858,3575.0,11.031590413943356,11.031590413943356,True,0.531856706535224,False
984,859,3579.1666666666665,11.03030303030303,11.029015646662705,True,0.531460998611857,False
985,860,3583.3333333333335,11.029015646662705,11.03030303030303,True,0.5313874589853574,False
986,861,3587.5,10.99673202614379,10.99673202614379,True,0.5314092629665171,False
987,862,3591.666666666667,10.99361259655377,10.99361259655377,True,0.5306673312496231,False
988,863,3595.833333333333,10.978485838779957,10.978485838779957,True,0.5310956460727287,False
989,864,3600.0,10.978485838779957,10.977005347593582,True,0.5315531396700183,False
990,865,3604.1666666666665,10.978136794623952,10.976898805499209,True,0.5313090070789546,False
991,866,3608.3333333333335,10.978136794623952,10.978136794623952,True,0.5333726872867952,False
992,867,3612.5,10.978136794623952,10.980440932591941,True,0.5331163723633608,False
993,868,3616.6666666666665,10.978277585544022,10.977124183006534,True,0.5339831109462181,False
994,869,3620.833333333333,10.978277585544022,10.978277585544022,True,0.5339440715899899,False
995,870,3625.0,10.980440932591941,10.978277585544022,True,0.5339269684391346,False
996,871,3629.166666666667,10.980698529411764,10.980698529411764,True,0.5334539054092367,False
997,872,3633.3333333333335,10.986577964519139,11.0224541429475,True,0.5337950036581635,False
998,873,3637.5,11.008123249299718,11.010348583877995,True,0.5335083802937102,False
999,874,3641.6666666666665,11.010348583877995,11.010348583877995,True,0.5312349262363686,False
1000,875,3645.8333333333335,11.010348583877995,10.986577964519139,True,0.5311969849921309,False
1001,876,3650.0,11.010348583877995,11.008123249299718,True,0.5336486916825907,False
1002,877,3654.166666666667,11.010348583877995,11.024201951311923,True,0.5342076646621373,False
1003,878,3658.333333333333,11.015406162464984,11.01015721603957,True,0.5339966381731505,False
1004,879,3662.5,11.015406162464984,11.020526960784313,True,0.5342379445076995,False
1005,880,3666.6666666666665,11.016013071895424,11.015406162464984,True,0.5336890126649882,False
1006,881,3670.8333333333335,11.016013071895424,11.020549462722942,True,0.5335875317488726,False
1007,882,3675.0,11.01844070961718,10.997957516339868,True,0.5314362771224733,False
1008,883,3679.1666666666665,11.01844070961718,11.016013071895424,True,0.5344515803121882,False
1009,884,3683.333333333333,11.019957983193278,11.01844070961718,True,0.5323883905472306,False
1010,885,3687.5,11.019957983193278,11.024869834939624,True,0.5321363108952085,False
1011,886,3691.666666666667,11.021677559912854,11.021677559912854,True,0.5322789147164243,False
1012,887,3695.8333333333335,11.024869834939624,11.019957983193278,True,0.5319389784799851,False
1013,888,3700.0,11.027896182627641,11.028492647058822,True,0.5323402802474533,False
1014,889,3704.1666666666665,11.028399153088465,11.028399153088465,True,0.5322356410941409,False
1015,890,3708.3333333333335,11.028492647058822,11.02875816993464,True,0.532342080111855,False
1016,891,3712.5,11.028492647058822,11.027896182627641,True,0.5322257974572329,False
1017,892,3716.666666666667,11.028399153088465,11.032234105763518,True,0.5321946653551454,False
1018,893,3720.833333333333,11.027896182627641,11.032234105763518,True,0.5325130302065043,False
1019,894,3725.0,11.027008842752787,11.027008842752787,True,0.5334022926677794,False
1020,895,3729.1666666666665,11.02084741942754,11.001533946912097,True,0.5330717739357529,False
1021,896,3733.3333333333335,11.02084741942754,11.02084741942754,True,0.5336953463090806,False
1022,897,3737.5,11.02084741942754,11.02084741942754,True,0.5336419532274415,False
1023,898,3741.6666666666665,11.02084741942754,11.019665176011925,True,0.5336763956753663,False
1024,899,3745.833333333333,11.02084741942754,11.02084741942754,True,0.5329100484733946,False
1025,900,3750.0,11.019665176011925,11.022149600580972,True,0.5340116549989915,False
1026,901,3754.166666666667,11.000612745098039,11.000612745098039,True,0.533140660387025,False
1027,902,3758.3333333333335,11.000612745098039,11.000612745098039,True,0.5331746471573058,False
1028,903,3762.5,10.99811843929491,10.99811843929491,True,0.5330710806731982,False
1029,904,3766.6666666666665,10.989939766756375,10.986274509803922,True,0.5329058794641209,False
1030,905,3770.8333333333335,10.989939766756375,10.980440932591941,True,0.5350116794017427,False
1031,906,3775.0,10.989939766756375,10.979370915032678,True,0.5348471046519607,False
1032,907,3779.166666666667,10.989939766756375,10.989939766756375,True,0.534963492739172,False
1033,908,3783.333333333333,10.99044271796769,10.99044271796769,True,0.5331506759669064,False
1034,909,3787.5,10.999573742540495,10.999799919967987,True,0.5337253026467265,False
1035,910,3791.6666666666665,10.999727668845315,11.000612745098039,True,0.5334329411063192,False
1036,911,3795.8333333333335,10.999799919967987,10.999727668845315,True,0.5333560752407546,False
1037,912,3800.0,11.000612745098039,10.999573742540495,True,0.5355122338066763,True
1038,913,3804.1666666666665,11.025490196078431,11.025490196078431,True,0.5362048736691338,True
1039,914,3808.333333333333,11.032399626517273,11.032399626517273,True,0.5357674824439795,True
1040,915,3812.5,11.033186044370801,11.033186044370801,True,0.5362713903066746,True
1041,916,3816.666666666667,11.036305717482186,11.036305717482186,True,0.5363177994697492,False
1042,917,3820.8333333333335,11.037574238218877,11.037574238218877,True,0.5356591086769898,False
1043,918,3825.0,11.038126361655772,11.045233540570699,True,0.534844306207873,False
1044,919,3829.1666666666665,11.043096405228757,11.043096405228757,True,0.5322465647109815,False
1045,920,3833.3333333333335,11.045233540570699,11.038126361655772,True,0.5346794476915546,False
1046,921,3837.5,11.04762591311034,11.04762591311034,True,0.5360490293721945,False
1047,922,3841.666666666667,11.090684561735248,11.090684561735248,True,0.5356772560900507,False
1048,923,3845.833333333333,11.163492063492061,11.163492063492061,True,0.5382009985355399,False
1049,924,3850.0,11.229123469012883,11.229123469012883,True,0.5390470129789968,False
1050,925,3854.1666666666665,11.286028072431156,11.286028072431156,True,0.5384707384771553,False
1051,926,3858.3333333333335,11.357222134136673,11.357222134136673,True,0.5424282077017999,False
1052,927,3862.5,11.413943355119827,11.413943355119827,True,0.5437006283780887,False
1053,928,3866.6666666666665,11.481071216365335,11.481071216365335,True,0.5454654481165275,False
1054,929,3870.833333333333,11.585680332739155,11.585680332739155,True,0.5479315138333296,False
1055,930,3875.0,11.692333775615507,11.692333775615507,True,0.5599160000417652,False
1056,931,3879.166666666667,11.837946943483274,11.837946943483274,True,0.563063829290775,False
1057,932,3883.3333333333335,12.061921296296298,12.061921296296298,True,0.565944485195832,False
1058,933,3887.5,12.320261437908496,12.320261437908496,True,0.8094815996564094,False
1059,934,3891.6666666666665,12.660130718954248,12.660130718954248,True,0.8083735785760698,False
1060,935,3895.8333333333335,13.11531279178338,13.11531279178338,True,0.8120185567670363,False
1061,936,3900.0,13.76470588235294,13.76470588235294,True,0.8140992337379874,False
1062,937,3904.166666666667,14.37186819172113,14.37186819172113,True,0.8134623399862703,False
1063,938,3908.333333333333,15.336601307189541,15.336601307189541,True,0.5900914908112022,False
1064,939,3912.5,16.174136321195142,16.174136321195142,True,0.5259200539139937,False
1065,940,3916.6666666666665,17.80065359477124,17.80065359477124,True,0.5025438750781743,False
1066,941,3920.8333333333335,22.41721132897603,22.41721132897603,True,0.6068193901389509,False
1067,942,3925.0,23.87728194726166,23.87728194726166,True,0.6663300176987502,False
1068,943,3929.1666666666665,24.012108239522224,24.012108239522224,True,0.7243218336480204,False
1069,944,3933.333333333333,24.012108239522224,24.111244800950683,True,0.7218747383946036,False
1070,945,3937.5,24.012108239522224,24.09531590413943,True,0.7177682815304516,False
1071,946,3941.666666666667,24.012108239522224,24.0273631840796,True,0.7153034038350358,False
1072,947,3945.8333333333335,23.980276816608995,23.980276816608995,True,0.7248804941839737,False
1073,948,3950.0,23.963020295837634,23.963020295837634,True,0.7242938974689588,False
1074,949,3954.1666666666665,23.963020295837634,23.894721027182555,True,0.7261965661751095,False
1075,950,3958.3333333333335,23.963020295837634,23.829272983518578,True,0.7188413452036267,False
1076,951,3962.5,23.963020295837634,23.9100780096985,True,0.765090118653003,False
1077,952,3966.666666666667,23.937417555064613,24.020615468409584,True,0.7282657712504823,False
1078,953,3970.833333333333,23.956524932070206,24.020969498910674,True,0.7219082415822772,False
1079,954,3975.0,23.965490196078427,23.97237076648841,True,0.6978179134228406,False
1080,955,3979.1666666666665,23.965490196078427,23.937417555064613,True,0.7649817237289727,False
1081,956,3983.3333333333335,23.956524932070206,23.956524932070206,True,0.7656826439704358,False
1082,957,3987.5,23.937417555064613,23.965490196078427,True,0.7223563713734916,False
1083,958,3991.6666666666665,23.92198847131445,23.92198847131445,True,0.7237868814680501,False
1084,959,3995.833333333333,23.896912454329993,23.826008564345276,True,0.7250920500531631,False
1085,960,4000.0,23.896912454329993,23.798167432842355,True,0.718918236807467,False
1086,961,4004.1666666666665,23.896912454329993,23.867854568340068,True,0.7216211039472376,False
1087,962,4008.333333333334,23.896912454329993,23.896912454329993,True,0.7245204937207472,False
1088,963,4012.5,23.896912454329993,23.93572984749455,True,0.7199047547466069,False
1089,964,4016.6666666666665,23.896912454329993,23.9588820602868,True,0.7250959898905484,False
1090,965,4020.833333333333,23.896912454329993,23.94006510011412,True,0.7244218153161283,False
1091,966,4025.0000000000005,23.892952543336175,23.892952543336175,True,0.7246704344580396,False
1092,967,4029.166666666667,23.797662601626012,23.797662601626012,True,0.7210713401602821,False
1093,968,4033.333333333333,23.703281312525007,23.703281312525007,True,0.7076595551038767,False
1094,969,4037.4999999999995,23.538728461081398,23.538728461081398,True,0.6766687878425578,False
1095,970,4041.666666666667,23.053633217993077,23.053633217993077,True,0.6594655466500131,False
1096,971,4045.8333333333335,22.536510972952865,22.536510972952865,True,0.647717616347326,False
1097,972,4050.0,22.37216303844372,22.32516339869281,True,0.6474177554795535,False
1098,973,4054.166666666666,22.32516339869281,22.37216303844372,True,0.6310571944484384,False
1099,974,4058.3333333333335,17.120915032679736,17.120915032679736,True,0.5446393933585565,False
1100,975,4062.5,15.812418300653594,15.812418300653594,True,0.5947474954151456,False
1101,976,4066.6666666666665,14.001906318082789,14.001906318082789,True,0.6076221015452705,False
1102,977,4070.833333333334,12.291938997821351,12.291938997821351,True,0.5808603856959152,False
1103,978,4075.0,11.2390522875817,11.2390522875817,True,0.8158708885134828,False
1104,979,4079.1666666666665,11.2390522875817,11.146719293778117,True,0.5184837671933015,False
1105,980,4083.333333333333,11.2390522875817,11.154102817597625,True,0.49357985973793406,False
1106,981,4087.5000000000005,11.2390522875817,11.219977553310883,True,0.49314376259243453,False
1107,982,4091.666666666667,11.891133557800226,11.891133557800226,True,0.4932869828300972,False
1108,983,4095.833333333333,12.617647058823529,12.617647058823529,True,0.5026530637894623,False
1109,984,4100.0,13.254901960784313,13.254901960784313,True,0.5147613863574889,False
1110,985,4104.166666666667,13.977124183006534,13.977124183006534,True,0.5243563015866178,False
1111,986,4108.333333333333,14.302469135802466,14.302469135802466,True,0.5411540347854236,False
1112,987,4112.5,14.302469135802466,14.548722519310752,True,0.5638694153645145,False
1113,988,4116.666666666666,14.302469135802466,14.567311661506706,True,0.5606684632195591,False
1114,989,4120.833333333334,14.302469135802466,14.37282913165266,True,0.5198654237912774,False
1115,990,4125.0,14.209860755896559,14.019607843137253,True,0.5090127696193608,False
1116,991,4129.166666666666,14.209860755896559,13.875816993464053,True,0.5717386287171837,False
1117,992,4133.333333333334,14.080298786181139,14.019607843137253,True,0.565765883023934,False
1118,993,4137.5,14.019607843137253,14.209860755896559,True,0.5662662223779593,False
1119,994,4141.666666666667,14.019607843137253,14.26780185758514,True,0.5713131381558476,False
1120,995,4145.833333333333,14.019607843137253,14.080298786181139,True,0.5736514383847888,False
1121,996,4150.0,13.696732026143788,13.696732026143788,True,0.5770186664903704,False
1122,997,4154.166666666667,13.271895424836599,13.271895424836599,True,0.5825194741331577,False
1123,998,4158.333333333333,13.071615312791783,13.071615312791783,True,0.5761415562427513,False
1124,999,4162.5,13.037763253449528,13.037763253449528,True,0.5770632720492106,False
1125,1000,4166.666666666667,12.896339869281045,12.896339869281045,True,0.5766307967404104,False
1126,1001,4170.833333333333,12.652847805788982,12.652847805788982,True,0.5869127728063216,False
1127,1002,4175.0,12.242374727668842,12.242374727668842,True,0.8118863337006657,False
1128,1003,4179.166666666666,11.742226183402652,11.742226183402652,True,0.8101212191278132,False
1129,1004,4183.333333333334,11.20152505446623,10.972113289760347,True,0.8067367255932327,False
1130,1005,4187.5,11.20152505446623,10.861655773420479,True,0.8081772767952957,False
1131,1006,4191.666666666666,11.20152505446623,10.983321377331418,True,0.8069170462169203,False
1132,1007,4195.833333333334,11.20152505446623,11.20152505446623,True,0.8050518658787147,False
1133,1008,4200.0,11.273420479302832,11.273420479302832,True,0.8055722410580163,False
1134,1009,4204.166666666667,11.273420479302832,11.386524822695034,True,0.8036342347916768,False
1135,1010,4208.333333333333,11.273420479302832,11.392945684020733,True,0.8034803708128191,False
1136,1011,4212.5,11.273420479302832,11.30119825708061,True,0.8037927316908787,False
1137,1012,4216.666666666667,11.088235294117647,11.088235294117647,True,0.802841186015087,False
1138,1013,4220.833333333333,10.803410059676043,10.803410059676043,True,0.8024899136064129,False
1139,1014,4225.0,10.79702850741974,10.65517604891419,True,0.8023530614198087,False
1140,1015,4229.166666666667,10.794845233690959,10.70033346672002,True,0.8022436477503514,False
1141,1016,4233.333333333333,10.746558197747182,10.79702850741974,True,0.8028826793496162,False
1142,1017,4237.5,10.716329154612664,10.794845233690959,True,0.8023761672001161,False
1143,1018,4241.666666666666,10.746558197747182,10.746558197747182,True,0.8021612169111091,False
1144,1019,4245.833333333334,10.766389384036442,10.716329154612664,True,0.8011179694882391,False
1145,1020,4250.0,10.766389384036442,10.713606654783124,True,0.8018594759076204,False
1146,1021,4254.166666666666,10.766389384036442,10.780734516028632,True,0.8021647695720323,False
1147,1022,4258.333333333334,10.780734516028632,10.766389384036442,True,0.8025818276061115,False
1148,1023,4262.5,10.780734516028632,10.78857303687025,True,0.8031920831590688,False
1149,1024,4266.666666666667,10.780734516028632,10.781045751633986,True,0.8033321057454604,False
1150,1025,4270.833333333333,10.773923643531486,10.78168653082148,True,0.8033608385667187,False
1151,1026,4275.0,10.773923643531486,10.763616557734204,True,0.8015916653288946,False
1152,1027,4279.166666666667,10.769607843137255,10.769607843137255,True,0.8014204842884625,False
1153,1028,4283.333333333333,10.763616557734204,10.773923643531486,True,0.8015082247600468,False
1154,1029,4287.5,10.73015873015873,10.723660130718955,True,0.8021545811530527,False
1155,1030,4291.666666666667,10.73015873015873,10.723660130718955,True,0.8021725765637561,False
1156,1031,4295.833333333333,10.73015873015873,10.727908496732027,True,0.8034435778035858,False
1157,1032,4300.0,10.73015873015873,10.73015873015873,True,0.8021921765060183,False
1158,1033,4304.166666666666,10.750544662309368,10.782714504241413,True,0.802169371272329,False
1159,1034,4308.333333333334,10.750544662309368,10.782714504241413,True,0.80199867182366,False
1160,1035,4312.5,10.750544662309368,10.782714504241413,True,0.8022384550823314,False
1161,1036,4316.666666666666,10.750544662309368,10.750544662309368,True,0.802438144675437,False
1162,1037,4320.833333333334,10.732104223803342,10.723819898329701,True,0.8024217025822263,False
1163,1038,4325.0,10.726862798715329,10.726862798715329,True,0.8030809889857436,False
1164,1039,4329.166666666667,10.726862798715329,10.732104223803342,True,0.8020936236038033,False
1165,1040,4333.333333333333,10.726862798715329,10.706767429193901,True,0.8022771978330153,False
1166,1041,4337.5,10.732104223803342,10.705882352941176,True,0.8026544111011413,False
1167,1042,4341.666666666667,10.746477850399419,10.746477850399419,True,0.802555894333671,False
1168,1043,4345.833333333333,10.746477850399419,10.765056022408963,True,0.8029478970599007,False
1169,1044,4350.0,10.746477850399419,10.761295822676896,True,0.8032230377729588,False
1170,1045,4354.166666666667,10.746477850399419,10.750793650793652,True,0.8030501408169431,False
1171,1046,4358.333333333333,10.72274388016076,10.72274388016076,True,0.8016047371769227,False
1172,1047,4362.5,10.72274388016076,10.717818238406473,True,0.8016169002309337,False
1173,1048,4366.666666666666,10.72274388016076,10.704993646351074,True,0.8015338213675471,False
1174,1049,4370.833333333334,10.72274388016076,10.715380509057246,True,0.8015862648086816,False
1175,1050,4375.0,10.740462076303388,10.780907844808853,True,0.8031589395755301,False
1176,1051,4379.166666666666,10.740462076303388,10.786330134890836,True,0.8034756554404383,False
1177,1052,4383.333333333334,10.780907844808853,10.784448025785656,True,0.8034937939442104,False
1178,1053,4387.5,10.780907844808853,10.740462076303388,True,0.8029244758306532,False
1179,1054,4391.666666666667,10.768419489007723,10.733260711692084,True,0.8029194856707756,False
1180,1055,4395.833333333333,10.768419489007723,10.788248632786448,True,0.8032182451489016,False
1181,1056,4400.0,10.768419489007723,10.768419489007723,True,0.8031272398052947,False
1182,1057,4404.166666666667,10.77696744458653,10.768419489007723,True,0.8030030599799136,False
1183,1058,4408.333333333333,10.781794341164138,10.781794341164138,True,0.8034534781356637,False
1184,1059,4412.5,10.777463510656787,10.77696744458653,True,0.8033866099216095,False
1185,1060,4416.666666666667,10.781045751633986,10.784358459131584,True,0.8031106938699692,False
1186,1061,4420.833333333333,10.781794341164138,10.784358459131584,True,0.8032102004655042,False
1187,1062,4425.0,10.781045751633986,10.777463510656787,True,0.8032402772649516,False
1188,1063,4429.166666666666,10.781045751633986,10.781045751633986,True,0.803415114588231,False
1189,1064,4433.333333333334,10.777463510656787,10.78513071895425,True,0.803490393043547,False
1190,1065,4437.5,10.748366013071895,10.731741972151179,True,0.8032233731119438,False
1191,1066,4441.666666666666,10.748366013071895,10.72549019607843,True,0.801946350386585,False
1192,1067,4445.833333333334,10.748366013071895,10.748366013071895,True,0.802056557878952,False
1193,1068,4450.0,10.748366013071895,10.748366013071895,True,0.8019903972002553,False
1194,1069,4454.166666666667,10.748366013071895,10.755918663761802,True,0.8022035497298551,False
1195,1070,4458.333333333333,10.755918663761802,10.755918663761802,True,0.8017964301233979,False
1196,1071,4462.5,10.755918663761802,10.748366013071895,True,0.8033557271493568,False
1197,1072,4466.666666666667,10.755918663761802,10.783635466765322,True,0.8035243431907032,False
1198,1073,4470.833333333333,10.759916258169936,10.779013429584106,True,0.8034758919818384,False
1199,1074,4475.0,10.765109573241059,10.748366013071895,True,0.8033464258037755,False
1200,1075,4479.166666666667,10.773397369233773,10.783649287084167,True,0.8023865508886431,False
1201,1076,4483.333333333333,10.773397369233773,10.759916258169936,True,0.8021918716090846,False
1202,1077,4487.5,10.765109573241059,10.765109573241059,True,0.8022007585645891,False
1203,1078,4491.666666666666,10.765109573241059,10.773397369233773,True,0.802226142905038,False
1204,1079,4495.833333333334,10.759916258169936,10.773397369233773,True,0.8036824246578204,False
1205,1080,4500.0,10.743645606390706,10.732759770574898,True,0.8036364969226643,False
1206,1081,4504.166666666666,10.738486092111263,10.743645606390706,True,0.8036004196509147,False
1207,1082,4508.333333333334,10.732759770574898,10.738486092111263,True,0.8036224604573187,False
1208,1083,4512.5,10.730831847890672,10.730831847890672,True,0.8035699750548163,False
1209,1084,4516.666666666667,10.730831847890672,10.729492079317602,True,0.8022614761243906,False
1210,1085,4520.833333333333,10.730831847890672,10.729492079317602,True,0.8022368713709617,False
1211,1086,4525.0,10.730831847890672,10.728730707969461,True,0.8022592618083023,False
1212,1087,4529.166666666667,10.752707978336172,10.752707978336172,True,0.8023955149910589,False
1213,1088,4533.333333333333,10.773248125813831,10.775694240632818,True,0.8026113299766753,False
1214,1089,4537.5,10.773707143676184,10.775694240632818,True,0.802666864529243,False
1215,1090,4541.666666666667,10.773707143676184,10.773707143676184,True,0.802748477538778,False
1216,1091,4545.833333333333,10.773707143676184,10.773248125813831,True,0.8027469315920189,False
1217,1092,4550.0,10.773248125813831,10.77482269503546,True,0.8027552548110012,False
1218,1093,4554.166666666666,10.76658171748502,10.76658171748502,True,0.804010836446082,False
1219,1094,4558.333333333334,10.76658171748502,10.76658171748502,True,0.803995396270221,False
1220,1095,4562.5,10.76658171748502,10.76658171748502,True,0.8040000414078742,False
1221,1096,4566.666666666666,10.76658171748502,10.766444166319012,True,0.8039819509448043,False
1222,1097,4570.833333333334,10.766444166319012,10.721813725490195,True,0.8036253187201278,False
1223,1098,4575.0,10.763164873404417,10.763164873404417,True,0.8039406069427624,False
1224,1099,4579.166666666667,10.758481170245876,10.774924463660382,True,0.8039919138533592,False
1225,1100,4583.333333333333,10.739761313330364,10.758481170245876,True,0.8026599566653865,False
1226,1101,4587.5,10.758481170245876,10.739761313330364,True,0.8024958627855369,False
1227,1102,4591.666666666667,10.748366013071895,10.739761313330364,True,0.802479894260259,False
1228,1103,4595.833333333333,10.740540075679395,10.719332974129516,True,0.8023603818951447,False
1229,1104,4600.0,10.740540075679395,10.769188044124105,True,0.8027247267845996,False
1230,1105,4604.166666666667,10.740540075679395,10.748366013071895,True,0.8026228325357547,False
1231,1106,4608.333333333333,10.746875358330465,10.740540075679395,True,0.8025535081224595,False
1232,1107,4612.5,10.748366013071895,10.740540075679395,True,0.8025265305992739,False
1233,1108,4616.666666666666,10.748366013071895,10.746875358330465,True,0.8025687000768694,False
1234,1109,4620.833333333334,10.750793650793652,10.750793650793652,True,0.8026246596631973,False
1235,1110,4625.0,10.772156862745097,10.772156862745097,True,0.8027687093619075,False
1236,1111,4629.166666666666,10.772156862745097,10.778825995807129,True,0.8028424604429575,False
1237,1112,4633.333333333334,10.772156862745097,10.775619681834996,True,0.8028123710455196,False
1238,1113,4637.5,10.772156862745097,10.775619681834996,True,0.8028103629163331,False
1239,1114,4641.666666666667,10.775421677354766,10.771241830065359,True,0.8027939226457326,False
1240,1115,4645.833333333333,10.774185380366834,10.760504201680671,True,0.8027711228011418,False
1241,1116,4650.0,10.771241830065359,10.766021042563368,True,0.8027823824441588,False
1242,1117,4654.166666666667,10.769584267299223,10.775421677354766,True,0.8028137559911762,False
1243,1118,4658.333333333333,10.769584267299223,10.774185380366834,True,0.8027139482389938,False
1244,1119,4662.5,10.769584267299223,10.761753721096282,True,0.802672333133359,False
1245,1120,4666.666666666667,10.769584267299223,10.769584267299223,True,0.8027500965965302,False
1246,1121,4670.833333333333,10.761753721096282,10.769584267299223,True,0.8028064372492001,False
1247,1122,4675.0,10.759611687812379,10.759611687812379,True,0.8028258869947862,False
1248,1123,4679.166666666666,10.758294428882664,10.758294428882664,True,0.8028534117019018,False
1249,1124,4683.333333333334,10.751509492685962,10.751509492685962,True,0.8026935531855197,False
1250,1125,4687.5,10.74052287581699,10.73889148251893,True,0.802624562859675,False
1251,1126,4691.666666666666,10.73986928104575,10.74052287581699,True,0.8026808658463295,False
1252,1127,4695.833333333334,10.73889148251893,10.731164748508098,True,0.802612874871745,False
1253,1128,4700.0,10.738554229497197,10.73986928104575,True,0.802657602111213,False
1254,1129,4704.166666666667,10.736834733893556,10.736834733893556,True,0.8027018871133552,False
1255,1130,4708.333333333333,10.736834733893556,10.736834733893556,True,0.8027086476098814,False
1256,1131,4712.5,10.736834733893556,10.738554229497197,True,0.8027496429518679,False
1257,1132,4716.666666666667,10.736834733893556,10.727408746529868,True,0.8027313362769175,False
1258,1133,4720.833333333333,10.732300763442632,10.7317824790735,True,0.8027709851588231,False
1259,1134,4725.0,10.732300763442632,10.745402036783705,True,0.8028391035106304,False
1260,1135,4729.166666666667,10.7317824790735,10.732300763442632,True,0.8028117629287318,False
1261,1136,4733.333333333333,10.7317824790735,10.72940300002504,True,0.8028205509146442,False
1262,1137,4737.5,10.72940300002504,10.7330425876367,True,0.8028177465752898,False
1263,1138,4741.666666666666,10.729128129239117,10.711053707564174,True,0.8027665235490454,False
1264,1139,4745.833333333334,10.729128129239117,10.70781342840166,True,0.802710764615905,False
1265,1140,4750.0,10.729128129239117,10.711924750349796,True,0.8026492981199214,True
1266,1141,4754.166666666666,10.729128129239117,10.729128129239117,True,0.8026939666118098,True
1267,1142,4758.333333333334,10.752837977296181,10.77254954585162,True,0.8045164448366541,True
1268,1143,4762.5,10.77254954585162,10.752837977296181,True,0.8040031956756976,True
1269,1144,4766.666666666667,10.778354479046518,10.789150326797383,True,0.8042704077806868,False
1270,1145,4770.833333333333,10.786092120464003,10.778354479046518,True,0.8044273691739987,False
1271,1146,4775.0,10.789150326797383,10.786092120464003,True,0.8038319495453403,False
1272,1147,4779.166666666667,10.793681917211329,10.793681917211329,True,0.803936979658321,False
1273,1148,4783.333333333333,10.827264239028944,10.827264239028944,True,0.8028940050305765,False
1274,1149,4787.5,10.82971770268391,10.82971770268391,True,0.8033030667445792,False
1275,1150,4791.666666666667,10.871568627450978,10.871568627450978,True,0.8036142712637345,False
1276,1151,4795.833333333333,10.875071666093339,10.875071666093339,True,0.8046110531671906,False
1277,1152,4800.0,10.894024276377218,10.894024276377218,True,0.8050884688663653,False
1278,1153,4804.166666666666,10.924517774589509,10.924517774589509,True,0.8047965740754256,False
1279,1154,4808.333333333334,10.95290513866365,10.95290513866365,True,0.8059707501562311,False
1280,1155,4812.5,10.98930646332607,10.98930646332607,True,0.8058559326775819,False
1281,1156,4816.666666666666,11.045751633986928,11.045751633986928,True,0.8081800080566353,False
1282,1157,4820.833333333334,11.106561578879917,11.106561578879917,True,0.8072857677179963,False
1283,1158,4825.0,11.179419735373823,11.179419735373823,True,0.8094289956274667,False
1284,1159,4829.166666666667,11.277051561365287,11.277051561365287,True,0.8105564158106897,False
1285,1160,4833.333333333333,11.361215408149075,11.361215408149075,True,0.812234181797308,False
1286,1161,4837.5,11.531369682375873,11.531369682375873,True,0.8125769644867981,False
1287,1162,4841.666666666667,11.764826918421688,11.764826918421688,True,0.8147503473601345,False
1288,1163,4845.833333333333,12.007298474945532,12.007298474945532,True,0.8138633221713821,False
1289,1164,4850.0,12.324433940242763,12.324433940242763,True,0.8141486012385767,False
1290,1165,4854.166666666667,12.809789067142006,12.809789067142006,True,0.813501089902693,False
1291,1166,4858.333333333333,13.135175282234105,13.135175282234105,True,0.8138507323972931,False
1292,1167,4862.5,13.769426289034131,13.769426289034131,True,0.803332941280728,False
1293,1168,4866.666666666666,14.606034080298786,14.606034080298786,True,0.8006687954527812,False
1294,1169,4870.833333333334,15.476797385620914,15.476797385620914,True,0.7725754120724206,False
1295,1170,4875.0,16.91557734204793,16.91557734204793,True,0.8078366717334972,False
1296,1171,4879.166666666666,22.441176470588236,22.555491477636803,True,0.5771904330195875,False
1297,1172,4883.333333333334,22.555491477636803,22.441176470588236,True,0.5785860720519188,False
1298,1173,4887.5,23.81706299541093,23.81706299541093,True,0.707399716398211,False
1299,1174,4891.666666666667,23.82692070538907,23.879426716220255,True,0.7068053513933421,False
1300,1175,4895.833333333333,23.82692070538907,23.927741466957148,True,0.7078995131357777,False
1301,1176,4900.0,23.82692070538907,23.871505119225763,True,0.7054099581850459,False
1302,1177,4904.166666666667,23.82692070538907,23.82692070538907,True,0.706681339247581,False
1303,1178,4908.333333333333,23.820148749154836,23.820148749154836,True,0.707705810746445,False
1304,1179,4912.5,23.76646090534979,23.764297385620914,True,0.78601710480659,False
1305,1180,4916.666666666667,23.76646090534979,23.679292929292927,True,0.7065128859680654,False
1306,1181,4920.833333333333,23.76646090534979,23.677418935053698,True,0.7056130345650842,False
1307,1182,4925.0,23.76646090534979,23.76646090534979,True,0.707297936827442,False
1308,1183,4929.166666666666,23.79084967320261,23.850912778904664,True,0.7859855054074283,False
1309,1184,4933.333333333334,23.79084967320261,23.846361655773418,True,0.7121323293104613,False
1310,1185,4937.5,23.79084967320261,23.813725490196077,True,0.7110123597175789,False
1311,1186,4941.666666666666,23.79084967320261,23.79084967320261,True,0.7096533071674758,False
1312,1187,4945.833333333334,23.789600153787003,23.789600153787003,True,0.71116903855427,False
1313,1188,4950.0,23.781312525010005,23.781312525010005,True,0.7142840084152767,False
1314,1189,4954.166666666667,23.722597682633168,23.722597682633168,True,0.7133542864381331,False
1315,1190,4958.333333333333,23.722597682633168,23.687286811469818,True,0.7852019350334333,False
1316,1191,4962.5,23.722597682633168,23.683188997821347,True,0.7844700590688523,False
1317,1192,4966.666666666667,23.722597682633168,23.711472308221534,True,0.7851492154057174,False
1318,1193,4970.833333333333,23.738438708816858,23.751246261216348,True,0.7848272310182745,False
1319,1194,4975.0,23.738438708816858,23.775832934799936,True,0.7859498945157756,False
1320,1195,4979.166666666667,23.738438708816858,23.767156862745097,True,0.7858841741074729,False
1321,1196,4983.333333333333,23.738438708816858,23.738438708816858,True,0.7870956884956817,False
1322,1197,4987.5,23.711805555555554,23.711805555555554,True,0.7166843212944685,False
1323,1198,4991.666666666666,23.619450078882124,23.619450078882124,True,0.704159051210698,False
1324,1199,4995.833333333334,23.45098039215686,23.45098039215686,True,0.70487337576372,False
1325,1200,5000.0,22.57223942208462,22.57223942208462,True,0.6922749598994397,False
1326,1201,5004.166666666666,22.42287581699346,22.3484814978623,True,0.686563756252317,False
1327,1202,5008.333333333334,22.3484814978623,22.42287581699346,True,0.7550158206940292,False
1328,1203,5012.5,18.714052287581698,18.714052287581698,True,0.8117137185946323,False
1329,1204,5016.666666666667,17.404139433551194,17.404139433551194,True,0.7730363449685602,False
1330,1205,5020.833333333333,15.931372549019606,15.931372549019606,True,0.7924082385031173,False
1331,1206,5025.0,14.210784313725489,14.210784313725489,True,0.816783447106292,False
1332,1207,5029.166666666667,12.891241830065358,12.745098039215685,True,0.8055394251548623,False
1333,1208,5033.333333333333,12.833605664488015,12.688453159041394,True,0.8053627315334767,False
1334,1209,5037.5,12.768577847805789,12.768577847805789,True,0.812299843346589,False
1335,1210,5041.666666666667,12.768577847805789,12.891241830065358,True,0.5581783142755733,False
1336,1211,5045.833333333333,12.833605664488015,12.833605664488015,True,0.5178988736811737,False
1337,1212,5050.0,12.891241830065358,12.665871754107048,True,0.5002211877143357,False
1338,1213,5054.166666666666,13.084967320261438,13.084967320261438,True,0.4985112092727787,False
1339,1214,5058.333333333334,13.79946524064171,13.79946524064171,True,0.5029690200586554,False
1340,1215,5062.5,14.581336238198983,14.581336238198983,True,0.5209145366028646,False
1341,1216,5066.666666666666,15.027629233511586,15.027629233511586,True,0.5344386952803563,False
1342,1217,5070.833333333334,15.027629233511586,15.381362646068528,True,0.5414962486336268,False
1343,1218,5075.0,15.027629233511586,15.561879690147665,True,0.5397969235817696,False
1344,1219,5079.166666666667,15.213469498910674,15.375222816399287,True,0.5117645655696998,False
1345,1220,5083.333333333333,15.375222816399287,14.991881883126752,True,0.5204576222584615,False
1346,1221,5087.5,15.375222816399287,14.97549019607843,True,0.5230008434713826,False
1347,1222,5091.666666666667,15.375222816399287,15.213469498910674,True,0.5234107281481274,False
1348,1223,5095.833333333333,15.213469498910674,15.487587269756386,True,0.5524000220335321,False
1349,1224,5100.0,15.213469498910674,15.558635474650217,True,0.560198555494024,False
1350,1225,5104.166666666667,15.213469498910674,15.385232028353373,True,0.5629576545078636,False
1351,1226,5108.333333333333,15.182850918145036,15.182850918145036,True,0.5831317106086665,False
1352,1227,5112.5,14.860534409842366,14.860534409842366,True,0.5855492719612413,False
1353,1228,5116.666666666666,14.70308816252874,14.70308816252874,True,0.5892216441836485,False
1354,1229,5120.833333333334,14.63420479302832,14.63420479302832,True,0.5143977996227265,False
1355,1230,5125.0,14.585517902813297,14.585517902813297,True,0.5288634268308032,False
1356,1231,5129.166666666666,14.55442567097761,14.55442567097761,True,0.6173477361607332,False
1357,1232,5133.333333333334,14.456939638600538,14.456939638600538,True,0.6246654315485708,False
1358,1233,5137.5,14.29476020795607,14.29476020795607,True,0.621855501395245,False
1359,1234,5141.666666666667,14.021241830065359,14.021241830065359,True,0.6200844992945355,False
1360,1235,5145.833333333333,13.58359133126935,13.58359133126935,True,0.6257337495420333,False
1361,1236,5150.0,13.025490196078431,13.025490196078431,True,0.6285342372524176,False
1362,1237,5154.166666666667,12.43456271397448,12.43456271397448,True,0.6359934267754406,False
1363,1238,5158.333333333333,11.900145243282497,11.900145243282497,True,0.600064399411342,False
1364,1239,5162.5,11.65305261889702,11.34313725490196,True,0.5812319438958878,False
1365,1240,5166.666666666667,11.65305261889702,11.30065359477124,True,0.5678224058106158,False
1366,1241,5170.833333333333,11.65305261889702,11.517117958294428,True,0.5479845462840114,False
1367,1242,5175.0,11.65305261889702,11.65305261889702,True,0.5407395101998095,False
1368,1243,5179.166666666666,11.751511437908496,11.751511437908496,True,0.5498634246921311,False
1369,1244,5183.333333333334,11.933617217930944,11.933617217930944,True,0.5551848881689052,False
1370,1245,5187.5,12.065359477124183,12.20225127087872,True,0.5596227862905548,False
1371,1246,5191.666666666666,12.065359477124183,12.357851993552616,True,0.5689680490830836,False
1372,1247,5195.833333333334,12.065359477124183,12.337962962962964,True,0.5661798611576253,False
1373,1248,5200.0,12.065359477124183,12.065359477124183,True,0.5593969420333668,False
1374,1249,5204.166666666667,11.674509803921568,11.674509803921568,True,0.5397361432691096,False
1375,1250,5208.333333333333,11.294584500466852,11.294584500466852,True,0.5471084135765341,False
1376,1251,5212.5,11.100969123281494,11.100969123281494,True,0.5455127265486764,False
1377,1252,5216.666666666667,10.911069392295925,10.911069392295925,True,0.5666491342645412,False
1378,1253,5220.833333333333,10.85794845069811,10.794895736072204,True,0.5787249851472381,False
1379,1254,5225.0,10.85794845069811,10.758169934640522,True,0.5805074745351327,False
1380,1255,5229.166666666667,10.854575163398692,10.80312273057371,True,0.583529956868871,False
1381,1256,5233.333333333333,10.854575163398692,10.85794845069811,True,0.5729460390127806,False
1382,1257,5237.5,10.85794845069811,10.87395580454404,True,0.571694728585189,False
1383,1258,5241.666666666666,10.865978672170623,10.854575163398692,True,0.5695029801606981,False
1384,1259,5245.833333333334,10.871371029031769,10.865978672170623,True,0.5675880816102383,False
1385,1260,5250.0,10.873046319977265,10.955526891607706,True,0.5698342530965089,False
1386,1261,5254.166666666666,10.871690458483732,10.884667755991284,True,0.5659821199174788,False
1387,1262,5258.333333333334,10.871690458483732,10.871371029031769,True,0.5698271309643443,False
1388,1263,5262.5,10.873046319977265,10.873046319977265,True,0.5692105397357757,False
1389,1264,5266.666666666667,10.873046319977265,10.871690458483732,True,0.5708109081225831,False
1390,1265,5270.833333333333,10.873046319977265,10.865190589586394,True,0.5692594414059593,False
1391,1266,5275.0,10.873885918003566,10.873885918003566,True,0.5696788470320869,False
1392,1267,5279.166666666667,10.873885918003566,10.878193935835432,True,0.569219503906928,False
1393,1268,5283.333333333333,10.878193935835432,10.882243093315756,True,0.5710741244642156,False
1394,1269,5287.5,10.878193935835432,10.88217213114754,True,0.572437773832258,False
1395,1270,5291.666666666667,10.878193935835432,10.870967639088155,True,0.5723779791343391,False
1396,1271,5295.833333333333,10.879241433947318,10.879241433947318,True,0.5750247993497748,False
1397,1272,5300.0,10.879241433947318,10.875816993464051,True,0.5736892542975683,False
1398,1273,5304.166666666666,10.875816993464051,10.861655773420479,True,0.5742972948106793,False
1399,1274,5308.333333333334,10.875816993464051,10.879424096682696,True,0.5719464116182185,False
1400,1275,5312.5,10.875816993464051,10.884358681744303,True,0.5720495377337675,False
1401,1276,5316.666666666666,10.879424096682696,10.875816993464051,True,0.5721941507380516,False
1402,1277,5320.833333333334,10.879424096682696,10.87358101135191,True,0.5730767916620374,False
1403,1278,5325.0,10.877748068924538,10.879890769093025,True,0.5759650534167875,False
1404,1279,5329.166666666667,10.877748068924538,10.88714596949891,True,0.5740802895639485,False
1405,1280,5333.333333333333,10.877748068924538,10.873456790123457,True,0.5756382973693904,False
1406,1281,5337.5,10.879890769093025,10.877748068924538,True,0.5751996862567033,False
1407,1282,5341.666666666667,10.882360529351057,10.877748068924538,True,0.574140236651262,False
1408,1283,5345.833333333333,10.882360529351057,10.882360529351057,True,0.5727827802055162,False
1409,1284,5350.0,10.901176352183386,10.901176352183386,True,0.5732360217518362,False
1410,1285,5354.166666666667,10.903875968992248,10.912372701018393,True,0.5734655632125065,False
1411,1286,5358.333333333333,10.903875968992248,10.903875968992248,True,0.573353074533268,False
1412,1287,5362.5,10.912372701018393,10.903875968992248,True,0.5732558936078069,False
1413,1288,5366.666666666666,10.912943613117761,10.933415892672858,True,0.5735033074589831,False
1414,1289,5370.833333333334,10.912943613117761,10.945877766311202,True,0.5750864365269867,False
1415,1290,5375.0,10.912943613117761,10.923080065359475,True,0.57556958924162,False
1416,1291,5379.166666666666,10.912943613117761,10.912943613117761,True,0.574744841015858,False
1417,1292,5383.333333333334,10.908741830065358,10.908741830065358,True,0.5712513139310039,False
1418,1293,5387.5,10.902455683984064,10.884313725490195,True,0.5732802171750292,False
1419,1294,5391.666666666667,10.902455683984064,10.902455683984064,True,0.5718078407686025,False
1420,1295,5395.833333333333,10.902455683984064,10.895198859685717,True,0.5714574763046482,False
1421,1296,5400.0,10.902455683984064,10.897736754276178,True,0.5721288219495134,False
1422,1297,5404.166666666667,10.904950093732582,10.906448328123519,True,0.5725758607233469,False
1423,1298,5408.333333333333,10.906448328123519,10.906448328123519,True,0.5722100490297917,False
1424,1299,5412.5,10.906448328123519,10.904950093732582,True,0.5725668191641688,False
1425,1300,5416.666666666667,10.909104727162182,10.909104727162182,True,0.5730674702876087,False
1426,1301,5420.833333333333,10.921469597940186,10.921469597940186,True,0.5727195380786516,False
1427,1302,5425.0,10.921469597940186,10.921469597940186,True,0.5727031518517889,False
1428,1303,5429.166666666666,10.921469597940186,10.921469597940186,True,0.5729874072082335,False
1429,1304,5433.333333333334,10.921469597940186,10.921469597940186,True,0.5729629796492544,False
1430,1305,5437.5,10.904425711584421,10.904425711584421,True,0.575754664585057,False
1431,1306,5441.666666666666,10.89462410450339,10.892414552439853,True,0.5729494858412986,False
1432,1307,5445.833333333334,10.892414552439853,10.892414552439853,True,0.573587856398221,False
1433,1308,5450.0,10.892414552439853,10.89462410450339,True,0.5726344182583469,False
1434,1309,5454.166666666667,10.892414552439853,10.88186783734817,True,0.5729829309713917,False
1435,1310,5458.333333333333,10.892414552439853,10.885270774976657,True,0.5728822868675583,False
1436,1311,5462.5,10.89462410450339,10.898956241901262,True,0.5727992749538711,False
1437,1312,5466.666666666667,10.898123228957521,10.898123228957521,True,0.573090901084565,False
1438,1313,5470.833333333333,10.898956241901262,10.882217289431495,True,0.5734768416740131,False
1439,1314,5475.0,10.898956241901262,10.91141141141141,True,0.5736796753388755,False
1440,1315,5479.166666666667,10.91141141141141,10.921942110177403,True,0.5736027378720644,False
1441,1316,5483.333333333333,10.914052287581697,10.914052287581697,True,0.5731325133788536,False
1442,1317,5487.5,10.914052287581697,10.888237465528848,True,0.5729860430855591,False
1443,1318,5491.666666666666,10.914052287581697,10.919971922679377,True,0.5733154332419438,False
1444,1319,5495.833333333334,10.905643673769529,10.91503267973856,True,0.5731023816293788,False
1445,1320,5500.0,10.905643673769529,10.892908634041852,True,0.5737439728919571,False
1446,1321,5504.166666666666,10.905643673769529,10.89863961088311,True,0.5740909952376697,False
1447,1322,5508.333333333334,10.899183006535948,10.905643673769529,True,0.573435378547099,False
1448,1323,5512.5,10.899183006535948,10.905643673769529,True,0.5732126742215119,False
1449,1324,5516.666666666667,10.9041394335512,10.899183006535948,True,0.5738590300302305,False
1450,1325,5520.833333333333,10.9041394335512,10.897908496732025,True,0.5740261510237413,False
1451,1326,5525.0,10.901348039215685,10.9041394335512,True,0.5746550213834468,False
1452,1327,5529.166666666667,10.901348039215685,10.9130407718643,True,0.5745634891342976,False
1453,1328,5533.333333333333,10.902201403437191,10.901348039215685,True,0.575694650411992,False
1454,1329,5537.5,10.902201403437191,10.90015058310906,True,0.5777778280155482,False
1455,1330,5541.666666666667,10.901348039215685,10.902201403437191,True,0.5772685165030353,False
1456,1331,5545.833333333333,10.90015058310906,10.902377617713753,True,0.5753858152141208,False
1457,1332,5550.0,10.90015058310906,10.891230566300594,True,0.5760092214604434,False
1458,1333,5554.166666666666,10.902201403437191,10.898721913007625,True,0.5758108336828939,False
1459,1334,5558.333333333334,10.902377617713753,10.89914456348577,True,0.5743033875336041,False
1460,1335,5562.5,10.905409532233946,10.905409532233946,True,0.5748057045360369,False
1461,1336,5566.666666666666,10.905409532233946,10.91098661686897,True,0.5747399844879906,False
1462,1337,5570.833333333334,10.905409532233946,10.91060766649002,True,0.574573473089364,False
1463,1338,5575.0,10.905409532233946,10.906493577319674,True,0.5744442546303553,False
1464,1339,5579.166666666667,10.887061550899544,10.879243095087498,True,0.5738554123462012,False
1465,1340,5583.333333333333,10.887061550899544,10.887061550899544,True,0.5726133237354138,False
1466,1341,5587.5,10.887061550899544,10.879292929292928,True,0.5725894576688279,False
1467,1342,5591.666666666667,10.887061550899544,10.879292929292928,True,0.5727981051578538,False
1468,1343,5595.833333333333,10.897874562011182,10.898424706172193,True,0.5727127643738925,False
1469,1344,5600.0,10.897874562011182,10.903095214262676,True,0.5733557203035061,False
1470,1345,5604.166666666667,10.898424706172193,10.903449763743879,True,0.5736203549644057,False
1471,1346,5608.333333333333,10.903095214262676,10.897874562011182,True,0.5736398018121582,False
1472,1347,5612.5,10.903449763743879,10.8976723658498,True,0.5735922524293463,False
1473,1348,5616.666666666666,10.9060553633218,10.912083532600032,True,0.5735403181732855,False
1474,1349,5620.833333333334,10.9060553633218,10.911928104575164,True,0.573556369776511,False
1475,1350,5625.0,10.9060553633218,10.91370782547253,True,0.5736603173821962,False
1476,1351,5629.166666666666,10.9060553633218,10.9060553633218,True,0.5734924839455112,False
1477,1352,5633.333333333334,10.899056642708041,10.87424352457032,True,0.5745664493770183,False
1478,1353,5637.5,10.899056642708041,10.884870888246008,True,0.5752281444566179,False
1479,1354,5641.666666666667,10.899056642708041,10.899056642708041,True,0.5751160984108054,False
1480,1355,5645.833333333333,10.899056642708041,10.897100474176598,True,0.5751667775743801,False
1481,1356,5650.0,10.903385772913818,10.903385772913818,True,0.5749431388469539,False
1482,1357,5654.166666666667,10.909491332764992,10.921250907770515,True,0.5752927316919914,False
1483,1358,5658.333333333333,10.909491332764992,10.909491332764992,True,0.5746084367869437,False
1484,1359,5662.5,10.909491332764992,10.909491332764992,True,0.5740882053914267,False
1485,1360,5666.666666666667,10.909491332764992,10.910498734028142,True,0.5760661033121862,False
1486,1361,5670.833333333333,10.909491332764992,10.91060766649002,True,0.5760324517918359,False
1487,1362,5675.0,10.906493577319674,10.906493577319674,True,0.574475124431863,False
1488,1363,5679.166666666666,10.902714542989536,10.893829191378682,True,0.5727910986051372,False
1489,1364,5683.333333333334,10.898310138231537,10.895019209869739,True,0.5729908293396293,False
1490,1365,5687.5,10.895907788402717,10.895907788402717,True,0.5732907717342339,False
1491,1366,5691.666666666666,10.895907788402717,10.902714542989536,True,0.5732000071892175,False
1492,1367,5695.833333333334,10.898310138231537,10.898310138231537,True,0.5735061404314724,True
1493,1368,5700.0,10.902714542989536,10.882810966433292,True,0.5730633893980966,True
1494,1369,5704.166666666667,10.908172779105195,10.908172779105195,True,0.5745629666851227,True
1495,1370,5708.333333333333,10.923228095656716,10.923228095656716,True,0.5747338022889327,True
1496,1371,5712.5,10.925276624059585,10.935551594375122,True,0.5741382305289334,True
1497,1372,5716.666666666667,10.935551594375122,10.936324024559319,True,0.5727363196551163,False
1498,1373,5720.833333333333,10.936324024559319,10.953159041394334,True,0.5728358431480879,False
1499,1374,5725.0,10.953159041394334,10.925276624059585,True,0.57280583418733,False
1500,1375,5729.166666666667,10.981102585961919,10.984796817277635,True,0.5726225989198208,False
1501,1376,5733.333333333333,10.984796817277635,10.981102585961919,True,0.5751241720795143,False
1502,1377,5737.5,10.986274509803922,10.986274509803922,True,0.5709332491450243,False
1503,1378,5741.666666666666,11.018044899119067,11.018044899119067,True,0.5721200615612817,False
1504,1379,5745.833333333334,11.042787657698739,11.042787657698739,True,0.5723062378253976,False
1505,1380,5750.0,11.045751633986928,11.045751633986928,True,0.5753074678708132,False
1506,1381,5754.166666666666,11.08521843642951,11.08521843642951,True,0.5732319823789044,False
1507,1382,5758.333333333334,11.134765017117957,11.134765017117957,True,0.5727621883065458,False
1508,1383,5762.5,11.168482207697894,11.168482207697894,True,0.5734063268058196,False
1509,1384,5766.666666666667,11.218954248366012,11.218954248366012,True,0.5752044258547232,False
1510,1385,5770.833333333333,11.30869104398516,11.30869104398516,True,0.5796691949165321,False
1511,1386,5775.0,11.420380273321449,11.420380273321449,True,0.5830099563664091,False
1512,1387,5779.166666666667,11.575381263616556,11.575381263616556,True,0.5873927428293841,False
1513,1388,5783.333333333333,11.72549019607843,11.72549019607843,True,0.6056712736115374,False
1514,1389,5787.5,11.919215686274509,11.919215686274509,True,0.6263835153318337,False
1515,1390,5791.666666666667,12.168781237985389,12.168781237985389,True,0.8177653181016887,False
1516,1391,5795.833333333333,12.561002178649238,12.561002178649238,True,0.8186895177767217,False
1517,1392,5800.0,12.987962962962964,12.987962962962964,True,0.8165880418549368,False
1518,1393,5804.166666666666,13.505555555555553,13.505555555555553,True,0.8205657943545892,False
1519,1394,5808.333333333334,14.019607843137253,14.019607843137253,True,0.8241138281017419,False
1520,1395,5812.5,14.826797385620914,14.826797385620914,True,0.6437593795825213,False
1521,1396,5816.666666666666,15.988017429193897,15.988017429193897,True,0.6075806260520815,False
1522,1397,5820.833333333334,17.400700280112044,17.400700280112044,True,0.555072456661112,False
1523,1398,5825.0,22.415028330655023,22.415028330655023,True,0.6302747152392034,False
1524,1399,5829.166666666667,23.940553999377528,23.9608731297397,True,0.6286730330284692,False
1525,1400,5833.333333333333,23.9608731297397,23.940553999377528,True,0.7065948647265288,False
1526,1401,5837.5,23.9608731297397,24.018562091503266,True,0.714246291181982,False
1527,1402,5841.666666666667,23.9608731297397,23.98856209150327,True,0.7023337078283098,False
1528,1403,5845.833333333333,23.953261165577338,24.036985164436146,True,0.705738128944688,False
1529,1404,5850.0,23.953261165577338,23.953261165577338,True,0.7038675792251614,False
1530,1405,5854.166666666667,23.95066915655151,23.95066915655151,True,0.7059432062503276,False
1531,1406,5858.333333333333,23.904645191409898,23.868360071301243,True,0.7093072290938339,False
1532,1407,5862.5,23.904645191409898,23.796066964797614,True,0.7088303626989769,False
1533,1408,5866.666666666666,23.904645191409898,23.82444490798683,True,0.7080943066357372,False
1534,1409,5870.833333333334,23.904645191409898,23.904645191409898,True,0.7164134069888148,False
1535,1410,5875.0,23.904645191409898,23.98627450980392,True,0.7182948355143569,False
1536,1411,5879.166666666666,23.904645191409898,23.984036778553225,True,0.709466531431358,False
1537,1412,5883.333333333334,23.904645191409898,23.93564092303588,True,0.7094698911493286,False
1538,1413,5887.5,23.904139433551194,23.901585770920388,True,0.7158237978824619,False
1539,1414,5891.666666666667,23.901585770920388,23.904139433551194,True,0.7104880255214968,False
1540,1415,5895.833333333333,23.884322216561507,23.884322216561507,True,0.7199184639106418,False
1541,1416,5900.0,23.86397728490303,23.86397728490303,True,0.7115270355221527,False
1542,1417,5904.166666666667,23.847734574055607,23.794643708587063,True,0.7193897484196018,False
1543,1418,5908.333333333333,23.82841552782729,23.788090993973345,True,0.7122763196120548,False
1544,1419,5912.5,23.82287581699346,23.82287581699346,True,0.7199055232705487,False
1545,1420,5916.666666666667,23.794643708587063,23.847734574055607,True,0.7107933060254921,False
1546,1421,5920.833333333333,23.788090993973345,23.82841552782729,True,0.7140880815803597,False
1547,1422,5925.0,23.711687573580157,23.711687573580157,True,0.711263586334391,False
1548,1423,5929.166666666666,23.524389657823914,23.524389657823914,True,0.7200909737541334,False
1549,1424,5933.333333333334,22.954831932773107,22.954831932773107,True,0.7137549856746227,False
1550,1425,5937.5,22.420669057453907,22.420669057453907,True,0.7038702936231682,False
1551,1426,5941.666666666666,22.33044087200097,22.28339806131792,True,0.7051530945097855,False
1552,1427,5945.833333333334,22.28339806131792,22.33044087200097,True,0.6965035626667296,False
1553,1428,5950.0,17.88562091503268,17.88562091503268,True,0.6274746123941651,False
1554,1429,5954.166666666667,16.441176470588236,16.441176470588236,True,0.6611988607975998,False
1555,1430,5958.333333333333,14.628540305010892,14.628540305010892,True,0.6834359903026759,False
1556,1431,5962.5,12.943355119825707,12.943355119825707,True,0.8264120067535399,False
1557,1432,5966.666666666667,11.969771241830065,11.969771241830065,True,0.8257848661093974,False
1558,1433,5970.833333333333,11.959150326797385,11.73761502644589,True,0.8214495134102514,False
1559,1434,5975.0,11.959150326797385,11.728809849521202,True,0.515630141334443,False
1560,1435,5979.166666666667,11.959150326797385,11.688641210870312,True,0.5103379419040056,False
1561,1436,5983.333333333333,11.959150326797385,11.959150326797385,True,0.5113323828533793,False
1562,1437,5987.5,12.681372549019606,12.681372549019606,True,0.5156396547337788,False
1563,1438,5991.666666666666,13.586274509803921,13.586274509803921,True,0.5310390308494217,False
1564,1439,5995.833333333334,13.989262371615311,13.989262371615311,True,0.5385598637649148,False
1565,1440,6000.0,14.393838908112263,14.393838908112263,True,0.5441212079479534,False
1566,1441,6004.166666666666,14.46265172735761,14.736519607843137,True,0.5403056961814561,False
1567,1442,6008.333333333334,14.46265172735761,14.880460956312348,True,0.5346930549479608,False
1568,1443,6012.5,14.543572984749453,14.714640522875817,True,0.5364601345481205,False
1569,1444,6016.666666666667,14.714640522875817,14.46265172735761,True,0.5353778861469248,False
1570,1445,6020.833333333333,14.714640522875817,14.311683006535947,True,0.5380603259450443,False
1571,1446,6025.0,14.68720821661998,14.543572984749453,True,0.540494069816297,False
1572,1447,6029.166666666667,14.543572984749453,14.789348825950132,True,0.543712959798895,False
1573,1448,6033.333333333333,14.543572984749453,14.837418300653594,True,0.5504887331224934,False
1574,1449,6037.5,14.543572984749453,14.68720821661998,True,0.5538265028728305,False
1575,1450,6041.666666666667,14.40802987861811,14.40802987861811,True,0.564869647621703,False
1576,1451,6045.833333333333,14.244164332399626,14.244164332399626,True,0.5736868671075415,False
1577,1452,6050.0,14.143196672608438,14.143196672608438,True,0.5757003750897105,False
1578,1453,6054.166666666666,13.968989014045334,13.968989014045334,True,0.5864800833983461,False
1579,1454,6058.333333333334,13.79963316024697,13.79963316024697,True,0.597294477937338,False
1580,1455,6062.5,13.367576015913611,13.367576015913611,True,0.8103585221918331,False
1581,1456,6066.666666666666,12.985838779956428,12.985838779956428,True,0.8143071078440135,False
1582,1457,6070.833333333334,12.642429193899783,12.642429193899783,True,0.8134360665912288,False
1583,1458,6075.0,12.169208424110385,12.169208424110385,True,0.6081268945953807,False
1584,1459,6079.166666666667,11.601307189542483,11.601307189542483,True,0.8173568047486734,False
1585,1460,6083.333333333333,11.601307189542483,11.213326071169208,True,0.8058054972443817,False
1586,1461,6087.5,11.601307189542483,11.172150638032988,True,0.8193925461622964,False
1587,1462,6091.666666666667,11.601307189542483,11.398692810457517,True,0.8178934735792392,False
1588,1463,6095.833333333333,11.628027681660898,11.635802469135802,True,0.8172381499704195,False
1589,1464,6100.0,11.635802469135802,11.628027681660898,True,0.8143620652635967,False
1590,1465,6104.166666666667,11.715686274509803,11.715686274509803,True,0.8156334256744163,False
1591,1466,6108.333333333333,11.957681997530194,11.957681997530194,True,0.8166776124198741,False
1592,1467,6112.5,11.957681997530194,12.119981325863678,True,0.8193543611608756,False
1593,1468,6116.666666666666,11.957681997530194,12.093956005341203,True,0.8208721062711265,False
1594,1469,6120.833333333334,11.957681997530194,12.009171410499683,True,0.8219842215692479,False
1595,1470,6125.0,11.890522875816991,11.890522875816991,True,0.8240307896496805,False
1596,1471,6129.166666666666,11.714731347084285,11.714731347084285,True,0.8257288616449668,False
1597,1472,6133.333333333334,11.428104575163397,11.428104575163397,True,0.8259621602743905,False
1598,1473,6137.5,11.010348583877995,11.010348583877995,True,0.8265420175507247,False
1599,1474,6141.666666666667,10.810685514515884,10.627300225645811,True,0.8276395077918902,False
1600,1475,6145.833333333333,10.810685514515884,10.526506899055917,True,0.8263521462905444,False
1601,1476,6150.0,10.810685514515884,10.586658367050525,True,0.8233824977694479,False
1602,1477,6154.166666666667,10.810685514515884,10.810685514515884,True,0.8232509377146883,False
1603,1478,6158.333333333333,10.946819478965296,10.949916400668794,True,0.8217035403407941,False
1604,1479,6162.5,10.946819478965296,10.952287581699347,True,0.8213812137322679,False
1605,1480,6166.666666666667,10.946819478965296,10.946819478965296,True,0.8205644361708522,False
1606,1481,6170.833333333333,10.946819478965296,10.9547152194211,True,0.8202331198778812,False
1607,1482,6175.0,10.877840024898846,10.877840024898846,True,0.8202312917224808,False
1608,1483,6179.166666666666,10.794711824123587,10.794711824123587,True,0.8208352780942997,False
1609,1484,6183.333333333334,10.782717176547878,10.782717176547878,True,0.823192548927031,False
1610,1485,6187.5,10.772999395836766,10.769911297852474,True,0.8230183912307102,False
1611,1486,6191.666666666666,10.769911297852474,10.772999395836766,True,0.8234548127655801,False
1612,1487,6195.833333333334,10.748366013071895,10.748366013071895,True,0.8235907487992162,False
1613,1488,6200.0,10.740443528266542,10.732856105405123,True,0.8232943266286731,False
1614,1489,6204.166666666667,10.732856105405123,10.72597424934886,True,0.8235281628932465,False
1615,1490,6208.333333333333,10.732856105405123,10.71814224091264,True,0.8230463718965183,False
1616,1491,6212.5,10.72948438634713,10.740443528266542,True,0.8227487205896051,False
1617,1492,6216.666666666667,10.72597424934886,10.723271498141738,True,0.8231533948499442,False
1618,1493,6220.833333333333,10.724815288434211,10.748366013071895,True,0.8232637327898493,False
1619,1494,6225.0,10.72948438634713,10.72948438634713,True,0.8231279682968945,False
1620,1495,6229.166666666667,10.72948438634713,10.723474945533768,True,0.8227383354054735,False
1621,1496,6233.333333333333,10.73066448801743,10.724815288434211,True,0.8226224154287214,False
1622,1497,6237.5,10.73066448801743,10.746808278867103,True,0.8225045076072935,False
1623,1498,6241.666666666666,10.746808278867103,10.750128738364031,True,0.8224432497326747,False
1624,1499,6245.833333333334,10.74757927862503,10.73066448801743,True,0.8226394067183552,False
1625,1500,6250.0,10.748076112165297,10.767285643070789,True,0.8214824898070628,False
1626,1501,6254.166666666666,10.748076112165297,10.769999876912472,True,0.8224842200458243,False
1627,1502,6258.333333333334,10.74757927862503,10.74757927862503,True,0.8223544395329923,False
1628,1503,6262.5,10.748076112165297,10.748076112165297,True,0.822048779031848,False
1629,1504,6266.666666666667,10.748076112165297,10.744681050436903,True,0.822242572549917,False
1630,1505,6270.833333333333,10.748076112165297,10.744943416411745,True,0.8220866606279311,False
1631,1506,6275.0,10.754579609621624,10.754579609621624,True,0.8223420579366889,False
1632,1507,6279.166666666667,10.754579609621624,10.784780578898225,True,0.8224772654257567,False
1633,1508,6283.333333333333,10.765091722963696,10.774053807569537,True,0.8223245374443148,False
1634,1509,6287.5,10.765091722963696,10.765782391387928,True,0.8222127900823964,False
1635,1510,6291.666666666667,10.765091722963696,10.753221288515407,True,0.8221250459486678,False
1636,1511,6295.833333333333,10.753221288515407,10.765091722963696,True,0.8224275504295243,False
1637,1512,6300.0,10.753221288515407,10.750186741363212,True,0.822460504492408,False
1638,1513,6304.166666666666,10.753221288515407,10.75005187260089,True,0.8227255044812913,False
1639,1514,6308.333333333334,10.759737579242222,10.75005187260089,True,0.8227145198852195,False
1640,1515,6312.5,10.755446623093679,10.762272075997567,True,0.822972203091034,False
1641,1516,6316.666666666666,10.759737579242222,10.771527370638177,True,0.8229887722455765,False
1642,1517,6320.833333333334,10.762272075997567,10.759737579242222,True,0.8228705662474838,False
1643,1518,6325.0,10.762272075997567,10.755446623093679,True,0.8225628827987377,False
1644,1519,6329.166666666667,10.76642836238973,10.766692297834163,True,0.8225265271610014,False
1645,1520,6333.333333333333,10.76642836238973,10.766894600977645,True,0.8222442975175008,False
1646,1521,6337.5,10.766692297834163,10.75564892623716,True,0.8222420618768904,False
1647,1522,6341.666666666667,10.766692297834163,10.76642836238973,True,0.822439936660101,False
1648,1523,6345.833333333333,10.76642836238973,10.771743016004132,True,0.822464054286928,False
1649,1524,6350.0,10.75564892623716,10.769803749343389,True,0.8221915256362875,False
1650,1525,6354.166666666667,10.760030386423574,10.755073959408323,True,0.8220748191780127,False
1651,1526,6358.333333333333,10.755073959408323,10.753406447324691,True,0.8220238070673207,False
1652,1527,6362.5,10.755073959408323,10.753406447324691,True,0.8221969341082735,False
1653,1528,6366.666666666666,10.755073959408323,10.760030386423574,True,0.8224286831366531,False
1654,1529,6370.833333333334,10.755255255255255,10.755073959408323,True,0.822307900373656,False
1655,1530,6375.0,10.757270416584142,10.755255255255255,True,0.822274518651548,False
1656,1531,6379.166666666666,10.757635175282235,10.757635175282235,True,0.8222130427377167,False
1657,1532,6383.333333333334,10.757635175282235,10.757270416584142,True,0.8223804654832342,False
1658,1533,6387.5,10.765275971158323,10.765275971158323,True,0.8224608725632453,False
1659,1534,6391.666666666667,10.767276422764226,10.768172584349056,True,0.8222141434949448,False
1660,1535,6395.833333333333,10.768172584349056,10.767276422764226,True,0.8222305920878165,False
1661,1536,6400.0,10.776250264697556,10.77670811469329,True,0.822362617847537,False
1662,1537,6404.166666666667,10.776250264697556,10.776250264697556,True,0.8221836266241973,False
1663,1538,6408.333333333333,10.776250264697556,10.776309134765015,True,0.8220793412775128,False
1664,1539,6412.5,10.776250264697556,10.776309134765015,True,0.8220885205365734,False
1665,1540,6416.666666666667,10.775736438366195,10.767782180622925,True,0.8222813354452403,False
1666,1541,6420.833333333333,10.77440666188956,10.775736438366195,True,0.8212729646960717,False
1667,1542,6425.0,10.77440666188956,10.767782180622925,True,0.8212023472745715,False
1668,1543,6429.166666666666,10.77440666188956,10.767782180622925,True,0.8211724181795521,False
1669,1544,6433.333333333334,10.775736438366195,10.77440666188956,True,0.8211022211771225,False
1670,1545,6437.5,10.785443899782136,10.78611828153247,True,0.8221702481230806,False
1671,1546,6441.666666666666,10.785443899782136,10.785443899782136,True,0.8221592137008201,False
1672,1547,6445.833333333334,10.785443899782136,10.78611828153247,True,0.8221058698891772,False
1673,1548,6450.0,10.785443899782136,10.78611828153247,True,0.8220739749922279,False
1674,1549,6454.166666666667,10.782999297066537,10.779701478700225,True,0.8218038447103456,False
1675,1550,6458.333333333333,10.780466950053933,10.780466950053933,True,0.8220522710591105,False
1676,1551,6462.5,10.780466950053933,10.780466950053933,True,0.8218989061771222,False
1677,1552,6466.666666666667,10.779701478700225,10.782999297066537,True,0.8220817093370363,False
1678,1553,6470.833333333333,10.776327197545685,10.775567356572259,True,0.8219141322750412,False
1679,1554,6475.0,10.775567356572259,10.775567356572259,True,0.8218799103459904,False
1680,1555,6479.166666666667,10.775567356572259,10.776327197545685,True,0.8218749340629152,False
1681,1556,6483.333333333333,10.775567356572259,10.7703151436013,True,0.8217925634218394,False
1682,1557,6487.5,10.776327197545685,10.770812028515108,True,0.8215510948788878,False
1683,1558,6491.666666666666,10.776327197545685,10.786862936768058,True,0.8219602001178403,False
1684,1559,6495.833333333334,10.770812028515108,10.786433808887951,True,0.8219534713211774,False
1685,1560,6500.0,10.770812028515108,10.778615572655749,True,0.8216550657541029,False
1686,1561,6504.166666666666,10.767165893623476,10.767165893623476,True,0.8215804285215897,False
1687,1562,6508.333333333334,10.767165893623476,10.767165893623476,True,0.8215907338177624,False
1688,1563,6512.5,10.767165893623476,10.767165893623476,True,0.8215669227977829,False
1689,1564,6516.666666666667,10.767165893623476,10.764954870837222,True,0.8215667810136361,False
1690,1565,6520.833333333333,10.767165893623476,10.775005357334189,True,0.8215465011529084,False
1691,1566,6525.0,10.765652467883703,10.773960425921208,True,0.8214717953323276,False
1692,1567,6529.166666666667,10.765000512400082,10.765652467883703,True,0.8214479576344048,False
1693,1568,6533.333333333333,10.765000512400082,10.765000512400082,True,0.8216077781961063,False
1694,1569,6537.5,10.733867621122522,10.728453036988215,True,0.8213988968191956,False
1695,1570,6541.666666666667,10.733867621122522,10.725405428657462,True,0.8213565194735816,False
1696,1571,6545.833333333333,10.733867621122522,10.725775495383338,True,0.8212794263145707,False
1697,1572,6550.0,10.733867621122522,10.733867621122522,True,0.8213346428507653,False
1698,1573,6554.166666666666,10.738355495454886,10.738355495454886,True,0.8213642569277727,False
1699,1574,6558.333333333334,10.738355495454886,10.738355495454886,True,0.8212735456183272,False
1700,1575,6562.5,10.738614081996433,10.738614081996433,True,0.8213239082292031,False
1701,1576,6566.666666666666,10.752474402969003,10.752474402969003,True,0.8213507863787584,False
1702,1577,6570.833333333334,10.752509527946373,10.769253812636165,True,0.8214548971840049,False
1703,1578,6575.0,10.767285643070789,10.752509527946373,True,0.8213458629908071,False
1704,1579,6579.166666666667,10.769253812636165,10.767285643070789,True,0.8215916146392336,False
1705,1580,6583.333333333333,10.772105904508694,10.774331550802138,True,0.8214089899098086,False
1706,1581,6587.5,10.772105904508694,10.775179340028693,True,0.8215940907885351,False
1707,1582,6591.666666666667,10.772105904508694,10.772105904508694,True,0.8215979504913856,False
1708,1583,6595.833333333333,10.772105904508694,10.772105904508694,True,0.8215761018382909,False
1709,1584,6600.0,10.771580186975307,10.771580186975307,True,0.8212450441452975,False
1710,1585,6604.166666666667,10.763845889232886,10.763578022523358,True,0.82121965940489,False
1711,1586,6608.333333333333,10.763578022523358,10.763845889232886,True,0.821226408346823,False
1712,1587,6612.5,10.763110342176086,10.748338568847004,True,0.8211837682729707,False
1713,1588,6616.666666666666,10.763110342176086,10.761251682045366,True,0.8214286729586625,False
1714,1589,6620.833333333334,10.763110342176086,10.763110342176086,True,0.8210265998295528,False
1715,1590,6625.0,10.763110342176086,10.763110342176086,True,0.8209752602324004,False
1716,1591,6629.166666666666,10.763110342176086,10.763130826100932,True,0.8210601784288019,False
1717,1592,6633.333333333334,10.763130826100932,10.763110342176086,True,0.8213483559965061,False
1718,1593,6637.5,10.765965356148119,10.769000933706815,True,0.8208931976072328,False
1719,1594,6641.666666666667,10.769000933706815,10.774312722164888,True,0.8209086968409496,False
1720,1595,6645.833333333333,10.77142857142857,10.774773469994058,True,0.8209470242385111,True
1721,1596,6650.0,10.774312722164888,10.765965356148119,True,0.8210920047921525,True
1722,1597,6654.166666666667,10.774773469994058,10.782154187210947,True,0.8214538871632885,True
1723,1598,6658.333333333333,10.777533899131791,10.77142857142857,True,0.8209671830675591,True
1724,1599,6662.5,10.782154187210947,10.78698752228164,True,0.821171458587559,False
1725,1600,6666.666666666667,10.78698752228164,10.777533899131791,True,0.8209448747235836,False
1726,1601,6670.833333333333,10.790849673202613,10.790849673202613,True,0.8204758229952016,False
1727,1602,6675.0,10.790849673202613,10.790849673202613,True,0.8192539316633491,False
1728,1603,6679.166666666666,10.811326293703377,10.811326293703377,True,0.8195160424054119,False
1729,1604,6683.333333333334,10.844450810627281,10.844450810627281,True,0.8200441964730255,False
1730,1605,6687.5,10.850248123940935,10.850248123940935,True,0.8211949882678473,False
1731,1606,6691.666666666666,10.867786211258696,10.867786211258696,True,0.8220953509805904,False
1732,1607,6695.833333333334,10.883314109957709,10.883314109957709,True,0.8225372136316557,False
1733,1608,6700.0,10.899829497016198,10.899829497016198,True,0.8238468220287278,False
1734,1609,6704.166666666667,10.939024390243903,10.939024390243903,True,0.8232823438778792,False
1735,1610,6708.333333333333,10.959997579278626,10.959997579278626,True,0.8240498560415698,False
1736,1611,6712.5,11.028443476155894,11.028443476155894,True,0.826454364241054,False
1737,1612,6716.666666666667,11.098856209150327,11.098856209150327,True,0.8271736932454506,False
1738,1613,6720.833333333333,11.182418300653595,11.182418300653595,True,0.827817713127934,False
1739,1614,6725.0,11.232422261834024,11.232422261834024,True,0.8291460012910161,False
1740,1615,6729.166666666667,11.391264879542799,11.391264879542799,True,0.8316984677610555,False
1741,1616,6733.333333333333,11.555555555555555,11.555555555555555,True,0.832078943332407,False
1742,1617,6737.5,11.781307189542483,11.781307189542483,True,0.8347341876986392,False
1743,1618,6741.666666666666,12.032919508383062,12.032919508383062,True,0.8376041300448329,False
1744,1619,6745.833333333334,12.379738562091502,12.379738562091502,True,0.83835376960154,False
1745,1620,6750.0,12.702614379084967,12.702614379084967,True,0.8361799814265461,False
1746,1621,6754.166666666666,12.722676107480028,12.722676107480028,True,0.8363335206041315,False
1747,1622,6758.333333333334,13.271241830065357,13.271241830065357,True,0.8359669822709516,False
1748,1623,6762.5,13.861535523300226,13.861535523300226,True,0.832123850049559,False
1749,1624,6766.666666666667,14.61437908496732,14.61437908496732,True,0.8218568480418191,False
1750,1625,6770.833333333333,15.633986928104575,15.633986928104575,True,0.7929946496578262,False
1751,1626,6775.0,16.866013071895424,16.866013071895424,True,0.6012796923577731,False
1752,1627,6779.166666666667,22.435285517715858,22.436092955700797,True,0.6099671602672927,False
1753,1628,6783.333333333333,22.436092955700797,22.435285517715858,True,0.5986676987271813,False
1754,1629,6787.5,23.801116557734204,23.801116557734204,True,0.7241794755685744,False
1755,1630,6791.666666666667,23.86428273192979,23.86428273192979,True,0.7446506283341616,False
1756,1631,6795.833333333333,23.86428273192979,23.91182695300342,True,0.747731888369165,False
1757,1632,6800.0,23.86428273192979,23.931895424836597,True,0.7459111170755456,False
1758,1633,6804.166666666666,23.86428273192979,23.87314924004193,True,0.7473047301806124,False
1759,1634,6808.333333333334,23.79349800526271,23.79349800526271,True,0.746511843329473,False
1760,1635,6812.5,23.789350249903883,23.710861412043254,True,0.7876002162365929,False
1761,1636,6816.666666666666,23.789350249903883,23.64592352996896,True,0.7470541141699468,False
1762,1637,6820.833333333334,23.789350249903883,23.699981844589686,True,0.7872188938528537,False
1763,1638,6825.0,23.78633631856498,23.789350249903883,True,0.7880813932992684,False
1764,1639,6829.166666666667,23.78633631856498,23.86970659407138,True,0.7905429945201826,False
1765,1640,6833.333333333333,23.78633631856498,23.842602495543673,True,0.7466678374765698,False
1766,1641,6837.5,23.78823500882966,23.78633631856498,True,0.747206554823459,False
1767,1642,6841.666666666667,23.78633631856498,23.76178190574475,True,0.7478777104936534,False
1768,1643,6845.833333333333,23.769565969633884,23.769565969633884,True,0.7881166089002619,False
1769,1644,6850.0,23.76178190574475,23.78823500882966,True,0.7477979980247735,False
1770,1645,6854.166666666667,23.757679247875323,23.757679247875323,True,0.7475636945365176,False
1771,1646,6858.333333333333,23.753794173036447,23.669973544973544,True,0.788241343825558,False
1772,1647,6862.5,23.753794173036447,23.646058423369347,True,0.7470232076621153,False
1773,1648,6866.666666666666,23.753794173036447,23.708778966131902,True,0.7477663758481558,False
1774,1649,6870.833333333334,23.708778966131902,23.753794173036447,True,0.7485259110725777,False
1775,1650,6875.0,23.708778966131902,23.78645481180978,True,0.7455728577562212,False
1776,1651,6879.166666666666,23.708778966131902,23.777665089024115,True,0.7469895380210266,False
1777,1652,6883.333333333334,23.697615262321143,23.697615262321143,True,0.7465796494229329,False
1778,1653,6887.5,23.555166511048863,23.555166511048863,True,0.7391831018628485,False
1779,1654,6891.666666666667,22.700435729847495,22.700435729847495,True,0.7201915250831912,False
1780,1655,6895.833333333333,22.480392156862745,22.480392156862745,True,0.7072781261553701,False
1781,1656,6900.0,22.41788567278763,22.24019607843137,True,0.7101909711143342,False
1782,1657,6904.166666666667,22.24019607843137,22.41788567278763,True,0.7055808805912835,False
1783,1658,6908.333333333333,17.83302209772798,17.83302209772798,True,0.6243806528800966,False
1784,1659,6912.5,16.32222222222222,16.32222222222222,True,0.6548989635604163,False
1785,1660,6916.666666666667,14.605882352941176,14.605882352941176,True,0.8236046037782798,False
1786,1661,6920.833333333333,12.773420479302832,12.773420479302832,True,0.8341844286212062,False
1787,1662,6925.0,11.470588235294116,11.470588235294116,True,0.8340522362416303,False
1788,1663,6929.166666666666,11.470588235294116,11.215686274509803,True,0.8285499109195538,False
1789,1664,6933.333333333334,11.470588235294116,11.078347792654998,True,0.8183847302608551,False
1790,1665,6937.5,11.470588235294116,11.156512605042018,True,0.8086091478007575,False
1791,1666,6941.666666666666,12.116339869281044,12.116339869281044,True,0.8159321950890017,False
1792,1667,6945.833333333334,13.110457516339869,13.110457516339869,True,0.8232366011316762,False
1793,1668,6950.0,13.925081699346403,13.925081699346403,True,0.8272948085243119,False
1794,1669,6954.166666666667,14.524101307189541,14.524101307189541,True,0.8245268541731475,False
1795,1670,6958.333333333333,14.996732026143789,14.996732026143789,True,0.8216379436166905,False
1796,1671,6962.5,14.996732026143789,15.209150326797385,True,0.8198627237759438,False
1797,1672,6966.666666666667,14.996732026143789,15.324400871459693,True,0.8115595795828321,False
1798,1673,6970.833333333333,14.996732026143789,15.203081232492995,True,0.8189167852999046,False
1799,1674,6975.0,14.784313725490195,14.784313725490195,True,0.8264520737985227,False
1800,1675,6979.166666666667,14.09076797385621,14.09076797385621,True,0.6079473212823066,False
1801,1676,6983.333333333333,13.446895424836601,13.446895424836601,True,0.5765123222066884,False
1802,1677,6987.5,12.594382197323373,12.594382197323373,True,0.5598584261032294,False
1803,1678,6991.666666666666,11.585901027077497,11.585901027077497,True,0.5529950864014541,False
1804,1679,6995.833333333334,11.585901027077497,11.133217993079585,True,0.820910616280836,False
1805,1680,7000.0,11.585901027077497,11.088235294117647,True,0.8217171206997314,False
1806,1681,7004.166666666666,11.585901027077497,11.36437908496732,True,0.8217631749801216,False
1807,1682,7008.333333333334,11.676937441643325,11.676937441643325,True,0.8258457277101883,False
1808,1683,7012.5,11.712745098039214,11.810457516339868,True,0.8276329509084017,False
1809,1684,7016.666666666667,11.712745098039214,11.897786862492744,True,0.8279581978212067,False
1810,1685,7020.833333333333,11.712745098039214,11.894750492789708,True,0.8288240804686905,False
1811,1686,7025.0,11.712745098039214,11.712745098039214,True,0.8260710464623902,False
1812,1687,7029.166666666667,11.45437736498108,11.45437736498108,True,0.824501604786977,False
1813,1688,7033.333333333333,11.206245461147422,11.206245461147422,True,0.8209771367163673,False
1814,1689,7037.5,11.20460358056266,11.130718954248366,True,0.8211676401701355,False
1815,1690,7041.666666666667,11.19934640522876,11.185294737755948,True,0.8216020091563184,False
1816,1691,7045.833333333333,11.19934640522876,11.19934640522876,True,0.8222624176994813,False
1817,1692,7050.0,11.188196847366397,11.20460358056266,True,0.8204332751990286,False
1818,1693,7054.166666666666,11.19934640522876,11.15746792544178,True,0.8204784244021662,False
1819,1694,7058.333333333334,11.200034399724801,11.210811100396441,True,0.8211021121501021,False
1820,1695,7062.5,11.203794480755263,11.188196847366397,True,0.8219201929873825,False
1821,1696,7066.666666666666,11.203794480755263,11.200034399724801,True,0.8217372467414368,False
1822,1697,7070.833333333334,11.210811100396441,11.203794480755263,True,0.8222474253992957,False
1823,1698,7075.0,11.215686274509803,11.215686274509803,True,0.8234458283387114,False
1824,1699,7079.166666666667,11.22549019607843,11.22549019607843,True,0.8217427355318571,False
1825,1700,7083.333333333333,11.233893557422968,11.233893557422968,True,0.8226255594340135,False
1826,1701,7087.5,11.233893557422968,11.234012559272072,True,0.8232726583588046,False
1827,1702,7091.666666666667,11.233893557422968,11.249673202614378,True,0.8231457528252353,False
1828,1703,7095.833333333333,11.233893557422968,11.238344226579521,True,0.8227525699238686,False
1829,1704,7100.0,11.234012559272072,11.232994432340837,True,0.8222368501977892,False
1830,1705,7104.166666666667,11.232994432340837,11.190084462903934,True,0.8212774837060315,False
1831,1706,7108.333333333333,11.229038281979456,11.179789696817561,True,0.8222974465312578,False
1832,1707,7112.5,11.218341503267974,11.240146563675975,True,0.8205577161360726,False
1833,1708,7116.666666666666,11.218341503267974,11.229038281979456,True,0.8202792592469675,False
1834,1709,7120.833333333334,11.229038281979456,11.218341503267974,True,0.8197956321131747,False
1835,1710,7125.0,11.240146563675975,11.215686274509803,True,0.822968232328914,False
1836,1711,7129.166666666666,11.249614872646234,11.258169934640522,True,0.8217553490458421,False
1837,1712,7133.333333333334,11.24988043998087,11.24988043998087,True,0.8222183006944218,False
1838,1713,7137.5,11.258169934640522,11.249614872646234,True,0.8223202310403631,False
1839,1714,7141.666666666667,11.258169934640522,11.258169934640522,True,0.8223321109465184,False
1840,1715,7145.833333333333,11.254629629629628,11.261437908496731,True,0.8228088034065262,False
1841,1716,7150.0,11.254629629629628,11.258169934640522,True,0.8219734524500809,False
1842,1717,7154.166666666667,11.254629629629628,11.254629629629628,True,0.8218953292280178,False
1843,1718,7158.333333333333,11.251815541031227,11.24366211130917,True,0.8221435964367068,False
1844,1719,7162.5,11.251755022996853,11.251815541031227,True,0.8219981212841319,False
1845,1720,7166.666666666667,11.247119060084556,11.23174114607083,True,0.8216248636531991,False
1846,1721,7170.833333333333,11.247119060084556,11.247119060084556,True,0.8223728912607492,False
1847,1722,7175.0,11.249624370821126,11.251755022996853,True,0.822477709950722,False
1848,1723,7179.166666666666,11.249624370821126,11.245545591190826,True,0.8216929643905543,False
1849,1724,7183.333333333334,11.251755022996853,11.249624370821126,True,0.8217098822096096,False
1850,1725,7187.5,11.251755022996853,11.252673796791441,True,0.822569383059622,False
1851,1726,7191.666666666666,11.249624370821126,11.254901960784313,True,0.8213281583870131,False
1852,1727,7195.833333333334,11.249624370821126,11.25462962962963,True,0.8211183974807299,False
1853,1728,7200.0,11.237660581473968,11.237660581473968,True,0.8208239994683028,False
1854,1729,7204.166666666667,11.231465919701213,11.231465919701213,True,0.8233076635447137,False
1855,1730,7208.333333333333,11.231465919701213,11.223642443835358,True,0.8220981046236951,False
1856,1731,7212.5,11.231465919701213,11.217102396514159,True,0.8218353691965993,False
1857,1732,7216.666666666667,11.231465919701213,11.22912420643287,True,0.8221556054843685,False
1858,1733,7220.833333333333,11.237911936704506,11.237911936704506,True,0.8222081133363212,False
1859,1734,7225.0,11.240282077743377,11.240282077743377,True,0.8225749129299731,False
1860,1735,7229.166666666667,11.243653415169332,11.253697970416235,True,0.8221743801540328,False
1861,1736,7233.333333333333,11.253697970416235,11.253697970416235,True,0.8210648201649776,False
1862,1737,7237.5,11.253697970416235,11.243653415169332,True,0.8227396610268208,False
1863,1738,7241.666666666666,11.253697970416235,11.258169934640522,True,0.8233864380763604,False
1864,1739,7245.833333333334,11.250672818146866,11.254475703324808,True,0.8233694069066648,False
1865,1740,7250.0,11.250672818146866,11.250672818146866,True,0.8233620559112984,False
1866,1741,7254.166666666666,11.254475703324808,11.249673202614378,True,0.8233258879711562,False
1867,1742,7258.333333333334,11.254475703324808,11.23817762399077,True,0.8232671074895443,False
1868,1743,7262.5,11.257307947333523,11.274354186118892,True,0.8234862537265618,False
1869,1744,7266.666666666667,11.257307947333523,11.274354186118892,True,0.8235090598829552,False
1870,1745,7270.833333333333,11.257307947333523,11.258169934640522,True,0.8234832962784117,False
1871,1746,7275.0,11.257307947333523,11.257307947333523,True,0.8229177282147807,False
1872,1747,7279.166666666667,11.223795840175148,11.209364301276066,True,0.8223603491442312,False
1873,1748,7283.333333333333,11.223795840175148,11.221350762527232,True,0.822451403133553,False
1874,1749,7287.5,11.223795840175148,11.215569078205995,True,0.8227136781843685,False
1875,1750,7291.666666666667,11.223795840175148,11.223795840175148,True,0.8228336204817854,False
1876,1751,7295.833333333333,11.236928104575163,11.236928104575163,True,0.8230112826947696,False
1877,1752,7300.0,11.236928104575163,11.258169934640522,True,0.823370784408331,False
1878,1753,7304.166666666666,11.238550207961971,11.240468409586056,True,0.8234029157894618,False
1879,1754,7308.333333333334,11.238550207961971,11.242095036212682,True,0.8233998741651563,False
1880,1755,7312.5,11.238550207961971,11.225648323845668,True,0.8223352200739322,False
1881,1756,7316.666666666666,11.225648323845668,11.238550207961971,True,0.8219767936085217,False
1882,1757,7320.833333333334,11.222860934380076,11.22233083523406,True,0.822222605961941,False
1883,1758,7325.0,11.222860934380076,11.222860934380076,True,0.8221780754279988,False
1884,1759,7329.166666666667,11.222860934380076,11.217509897440692,True,0.8221551687339445,False
1885,1760,7333.333333333333,11.222766884531588,11.220194050259408,True,0.8222351745734611,False
1886,1761,7337.5,11.222766884531588,11.22341057635175,True,0.822245267552854,False
1887,1762,7341.666666666667,11.222766884531588,11.23041394335512,True,0.8222910005150398,False
1888,1763,7345.833333333333,11.22341057635175,11.222766884531588,True,0.8222045097956294,False
1889,1764,7350.0,11.23041394335512,11.21674836601307,True,0.8219881865488496,False
1890,1765,7354.166666666667,11.231134878193702,11.231134878193702,True,0.8215729343462519,False
1891,1766,7358.333333333333,11.238307444189797,11.24481792717087,True,0.8216772759162809,False
1892,1767,7362.5,11.238307444189797,11.24481792717087,True,0.8216189846908097,False
1893,1768,7366.666666666666,11.238307444189797,11.254307783719547,True,0.8222372384627299,False
1894,1769,7370.833333333334,11.238307444189797,11.238307444189797,True,0.8222882395396259,False
1895,1770,7375.0,11.236875395319418,11.236875395319418,True,0.8219947223181148,False
1896,1771,7379.166666666666,11.225898692810459,11.215686274509803,True,0.8218312811303845,False
1897,1772,7383.333333333334,11.223173816142038,11.2168663761801,True,0.8217723382214985,False
1898,1773,7387.5,11.223173816142038,11.216804265565873,True,0.8220464219327596,False
1899,1774,7391.666666666667,11.223173816142038,11.225898692810459,True,0.8221700506652426,False
1900,1775,7395.833333333333,11.223173816142038,11.223173816142038,True,0.8232824362627217,False
1901,1776,7400.0,11.225898692810459,11.223173816142038,True,0.8232322804247459,False
1902,1777,7404.166666666667,11.251089324618738,11.262793156478278,True,0.8224989436289464,False
1903,1778,7408.333333333333,11.251089324618738,11.258169934640522,True,0.822183162298833,False
1904,1779,7412.5,11.251089324618738,11.251089324618738,True,0.8221111910757152,False
1905,1780,7416.666666666667,11.251089324618738,11.251089324618738,True,0.8221662873770615,False
1906,1781,7420.833333333333,11.251089324618738,11.250887021475256,True,0.822073195674165,False
1907,1782,7425.0,11.251089324618738,11.250132485426603,True,0.8224140485219197,False
1908,1783,7429.166666666666,11.258169934640522,11.258169934640522,True,0.8221573293883006,False
1909,1784,7433.333333333334,11.258169934640522,11.258169934640522,True,0.8222390568056647,False
1910,1785,7437.5,11.258169934640522,11.268404634581104,True,0.8222288401175066,False
1911,1786,7441.666666666666,11.258169934640522,11.262032085561497,True,0.8221529391460924,False
1912,1787,7445.833333333334,11.258169934640522,11.283511065244811,True,0.8222912607331363,False
1913,1788,7450.0,11.258169934640522,11.258169934640522,True,0.8221505143805291,False
1914,1789,7454.166666666667,11.235673582078809,11.235486351403306,True,0.8222353989570863,False
1915,1790,7458.333333333333,11.235673582078809,11.235673582078809,True,0.8222353494719464,False
1916,1791,7462.5,11.235673582078809,11.232589826053879,True,0.8220413514224774,False
1917,1792,7466.666666666667,11.235486351403306,11.232122260668973,True,0.8219986905014861,False
1918,1793,7470.833333333333,11.232589826053879,11.241250263546277,True,0.8219584137782138,False
1919,1794,7475.0,11.232122260668973,11.238925199709513,True,0.822028671411421,False
1920,1795,7479.166666666667,11.232122260668973,11.224501541389586,True,0.8219316165844296,False
1921,1796,7483.333333333333,11.238925199709513,11.224501541389586,True,0.8219663834166614,False
1922,1797,7487.5,11.238925199709513,11.230872962211704,True,0.8219999076060801,False
1923,1798,7491.666666666666,11.230872962211704,11.24838782379841,True,0.8220716295202142,False
1924,1799,7495.833333333334,11.241451827644637,11.247206409445498,True,0.822020384500805,False
1925,1800,7500.0,11.241451827644637,11.274986383442267,True,0.8218284864281513,False
1926,1801,7504.166666666666,11.247206409445498,11.219934640522876,True,0.8221418798614495,False
1927,1802,7508.333333333334,11.241451827644637,11.241451827644637,True,0.8219968040495428,False
1928,1803,7512.5,11.240883479828714,11.240883479828714,True,0.8219920426128848,False
1929,1804,7516.666666666667,11.240883479828714,11.250835913312692,True,0.8220082910490102,False
1930,1805,7520.833333333333,11.241451827644637,11.231103731815306,True,0.8219394270239132,False
1931,1806,7525.0,11.247742127153892,11.215686274509803,True,0.8219060831947975,False
1932,1807,7529.166666666667,11.250835913312692,11.256238859180037,True,0.8221186057711004,False
1933,1808,7533.333333333333,11.25355804305545,11.247742127153892,True,0.8220019017558081,False
1934,1809,7537.5,11.253722753469205,11.25355804305545,True,0.8219574373793029,False
1935,1810,7541.666666666667,11.256238859180037,11.25670498084291,True,0.8220214623894808,False
1936,1811,7545.833333333333,11.253722753469205,11.253722753469205,True,0.8219852474992934,False
1937,1812,7550.0,11.25670498084291,11.263188608776844,True,0.8219878027845816,False
1938,1813,7554.166666666666,11.26067405281896,11.27056947180786,True,0.8220278492763707,False
1939,1814,7558.333333333334,11.26067405281896,11.25327159688709,True,0.8218466500397822,False
1940,1815,7562.5,11.26067405281896,11.262798235825496,True,0.8220004279819187,False
1941,1816,7566.666666666666,11.25327159688709,11.26067405281896,True,0.821901176186823,False
1942,1817,7570.833333333334,11.25327159688709,11.246031746031745,True,0.8218734128245642,False
1943,1818,7575.0,11.246031746031745,11.230598906229158,True,0.8217901248291349,False
1944,1819,7579.166666666667,11.233893557422968,11.224697959992076,True,0.8217779711164024,False
1945,1820,7583.333333333333,11.233893557422968,11.260825163398692,True,0.8220284379256946,False
1946,1821,7587.5,11.233893557422968,11.228431372549016,True,0.8218735591327222,False
1947,1822,7591.666666666667,11.2443742895709,11.233893557422968,True,0.8219603985297848,False
1948,1823,7595.833333333333,11.258169934640522,11.263267973856209,True,0.8220321868622262,False
1949,1824,7600.0,11.253314659197011,11.2443742895709,True,0.821852287199211,True
1950,1825,7604.166666666667,11.258169934640522,11.258169934640522,True,0.8219069909746769,True
1951,1826,7608.333333333333,11.263267973856209,11.274354186118892,True,0.8211981881943166,True
1952,1827,7612.5,11.269252628587665,11.253314659197011,True,0.8204840455294027,True
1953,1828,7616.666666666666,11.273164167627835,11.273164167627835,True,0.8192968738037778,False
1954,1829,7620.833333333334,11.27361853832442,11.269252628587665,True,0.8197485908840572,False
1955,1830,7625.0,11.27361853832442,11.27361853832442,True,0.8200857108773585,False
1956,1831,7629.166666666666,11.350420168067226,11.350420168067226,True,0.8223296931013627,False
1957,1832,7633.333333333334,11.354723707664883,11.354723707664883,True,0.8221980785577885,False
1958,1833,7637.5,11.375816993464051,11.375816993464051,True,0.8214086245689965,False
1959,1834,7641.666666666667,11.424410343847683,11.462863933452168,True,0.822023352103797,False
1960,1835,7645.833333333333,11.426804753033794,11.426804753033794,True,0.8217838673120466,False
1961,1836,7650.0,11.462863933452168,11.424410343847683,True,0.820742558858392,False
1962,1837,7654.166666666667,11.486255968108283,11.486255968108283,True,0.8216000298401318,False
1963,1838,7658.333333333333,11.557229653273884,11.557229653273884,True,0.8218751091225044,False
1964,1839,7662.5,11.627450980392155,11.627450980392155,True,0.8237285481128002,False
1965,1840,7666.666666666667,11.74099018692444,11.74099018692444,True,0.8214102024732816,False
1966,1841,7670.833333333333,11.808758169934638,11.808758169934638,True,0.8260079084242603,False
1967,1842,7675.0,11.977801689781602,11.977801689781602,True,0.8256123629375974,False
1968,1843,7679.166666666666,12.146078431372548,12.146078431372548,True,0.8291683390962709,False
1969,1844,7683.333333333334,12.346670199611374,12.346670199611374,True,0.8297227401503512,False
1970,1845,7687.5,12.69047619047619,12.69047619047619,True,0.8327355324525726,False
1971,1846,7691.666666666666,13.057932263814616,13.057932263814616,True,0.8341613130529056,False
1972,1847,7695.833333333334,13.474216959511077,13.474216959511077,True,0.8349820045893269,False
1973,1848,7700.0,13.937908496732026,13.937908496732026,True,0.8334729780152167,False
1974,1849,7704.166666666667,14.646241830065359,14.646241830065359,True,0.8328432951053643,False
1975,1850,7708.333333333333,15.655228758169933,15.655228758169933,True,0.8067573557106009,False
1976,1851,7712.5,16.75828664799253,16.75828664799253,True,0.6097447197934066,False
1977,1852,7716.666666666667,18.565359477124183,18.565359477124183,True,0.5654503229162103,False
1978,1853,7720.833333333333,22.437995422635943,22.437995422635943,True,0.6280711246250308,False
1979,1854,7725.0,23.726868257343096,23.726868257343096,True,0.8055538396974733,False
1980,1855,7729.166666666667,23.751295920667115,23.782483325811143,True,0.8031479296667692,False
1981,1856,7733.333333333333,23.751295920667115,23.77952765030362,True,0.802310726549357,False
1982,1857,7737.5,23.751295920667115,23.753267973856207,True,0.8034344208699726,False
1983,1858,7741.666666666666,23.751295920667115,23.751295920667115,True,0.8030116395043695,False
1984,1859,7745.833333333334,23.72704088171216,23.72704088171216,True,0.8004903809034926,False
1985,1860,7750.0,23.69797841617267,23.69797841617267,True,0.8020135015905995,False
1986,1861,7754.166666666666,23.69797841617267,23.5921357790428,True,0.7995675086122159,False
1987,1862,7758.333333333334,23.69797841617267,23.5921357790428,True,0.7993779639555562,False
1988,1863,7762.5,23.69797841617267,23.657916930212945,True,0.8008918800332365,False
1989,1864,7766.666666666667,23.70185758513932,23.75559727437074,True,0.8033885715313603,False
1990,1865,7770.833333333333,23.70185758513932,23.762527233115467,True,0.8010002277179586,False
1991,1866,7775.0,23.70185758513932,23.726324759294396,True,0.8031262779754611,False
1992,1867,7779.166666666667,23.70185758513932,23.70185758513932,True,0.8006184750147304,False
1993,1868,7783.333333333333,23.68258486190175,23.681823237902357,True,0.7994353670178067,False
1994,1869,7787.5,23.681823237902357,23.68258486190175,True,0.8007251000412097,False
1995,1870,7791.666666666667,23.639548216947595,23.639548216947595,True,0.8011360760371325,False
1996,1871,7795.833333333333,23.639548216947595,23.57954936360509,True,0.7989997512303888,False
1997,1872,7800.0,23.639548216947595,23.581978420998027,True,0.8002960213910504,False
1998,1873,7804.166666666666,23.639548216947595,23.621247112164067,True,0.8012146433475481,False
1999,1874,7808.333333333334,23.676726899910285,23.67950005439649,True,0.8004006080161841,False
2000,1875,7812.5,23.676726899910285,23.71330013486876,True,0.8009309979524486,False
2001,1876,7816.666666666666,23.676726899910285,23.699445434739552,True,0.8012387097960711,False
2002,1877,7820.833333333334,23.676726899910285,23.676726899910285,True,0.7996182039473745,False
2003,1878,7825.0,23.591615956727516,23.591615956727516,True,0.7994175585137214,False
2004,1879,7829.166666666667,23.511848794098533,23.511848794098533,True,0.7990110595966219,False
2005,1880,7833.333333333333,22.69712531477237,22.69712531477237,True,0.7908526846580367,False
2006,1881,7837.5,22.54987960096319,22.404337492572786,True,0.7865367967197163,False
2007,1882,7841.666666666667,22.404337492572786,22.266468868249053,True,0.7732400532210973,False
2008,1883,7845.833333333333,22.266468868249053,22.54987960096319,True,0.6773928741436425,False
2009,1884,7850.0,18.06971677559913,18.06971677559913,True,0.6201793515330427,False
2010,1885,7854.166666666667,16.663035584604213,16.663035584604213,True,0.8040268830780651,False
2011,1886,7858.333333333333,15.027629233511586,15.027629233511586,True,0.8321927132297575,False
2012,1887,7862.5,13.254901960784313,13.254901960784313,True,0.8299080693706979,False
2013,1888,7866.666666666666,12.107843137254902,12.107843137254902,True,0.8381646007238379,False
2014,1889,7870.833333333334,12.107843137254902,11.899286987522279,True,0.8280404605240747,False
2015,1890,7875.0,12.107843137254902,11.685302950008833,True,0.8203003424430052,False
2016,1891,7879.166666666666,12.107843137254902,11.62302960399846,True,0.815649467850976,False
2017,1892,7883.333333333334,12.19281045751634,12.19281045751634,True,0.8152624341009225,False
2018,1893,7887.5,12.75748910675381,12.75748910675381,True,0.5363866884088939,False
2019,1894,7891.666666666667,13.424836601307188,13.424836601307188,True,0.5313017351842344,False
2020,1895,7895.833333333333,13.847742127153893,13.847742127153893,True,0.52911607465625,False
2021,1896,7900.0,14.140989729225025,14.140989729225025,True,0.5341913858738829,False
2022,1897,7904.166666666667,14.30209339774557,14.30209339774557,True,0.5301959625083116,False
2023,1898,7908.333333333333,14.304652972300032,14.377684407096172,True,0.5365438366598214,False
2024,1899,7912.5,14.353408029878617,14.375408496732025,True,0.5331481977292687,False
2025,1900,7916.666666666667,14.353408029878617,14.377684407096172,True,0.5172704982525727,False
2026,1901,7920.833333333333,14.353408029878617,14.304652972300032,True,0.5212137875050207,False
2027,1902,7925.0,14.327310924369746,14.353408029878617,True,0.5143809486653689,False
2028,1903,7929.166666666666,14.304652972300032,14.327310924369746,True,0.5279253739535649,False
2029,1904,7933.333333333334,14.18954248366013,14.18954248366013,True,0.5387389403840868,False
2030,1905,7937.5,13.945261437908496,13.945261437908496,True,0.5390800927737046,False
2031,1906,7941.666666666666,13.769426289034131,13.769426289034131,True,0.5456286862190471,False
2032,1907,7945.833333333334,13.396386005382544,13.396386005382544,True,0.554085268161405,False
2033,1908,7950.0,13.08720330237358,13.08720330237358,True,0.5643286235111644,False
2034,1909,7954.166666666667,12.563576945929887,12.563576945929887,True,0.5892772828160204,False
2035,1910,7958.333333333333,12.054738562091503,12.054738562091503,True,0.5883693988545331,False
2036,1911,7962.5,11.421909041394333,11.421909041394333,True,0.5795015714950408,False
2037,1912,7966.666666666667,11.421909041394333,10.966474089635852,True,0.5768526872462519,False
2038,1913,7970.833333333333,11.421909041394333,10.88380932082978,True,0.6048182275872538,False
2039,1914,7975.0,11.421909041394333,11.215686274509803,True,0.5979426649871782,False
2040,1915,7979.166666666667,11.555555555555555,11.555555555555555,True,0.5965032335951777,False
2041,1916,7983.333333333333,11.726638403108991,11.76797385620915,True,0.5956747685026231,False
2042,1917,7987.5,11.733986928104574,11.777425962410481,True,0.5909148675606108,False
2043,1918,7991.666666666666,11.733986928104574,11.765232974910393,True,0.5911988386072479,False
2044,1919,7995.833333333334,11.733986928104574,11.726638403108991,True,0.5876253077928455,False
2045,1920,8000.0,11.726638403108991,11.733986928104574,True,0.5840000312283062,False
2046,1921,8004.166666666666,11.5718954248366,11.5718954248366,True,0.581711120334835,False
2047,1922,8008.333333333333,11.333141099577084,11.333141099577084,True,0.5782309525812964,False
2048,1923,8012.499999999999,10.962470173254486,10.91830065359477,True,0.5772378269316217,False
2049,1924,8016.666666666668,10.962470173254486,10.721243676378272,True,0.5802583615380328,False
2050,1925,8020.833333333334,10.962470173254486,10.79297385620915,True,0.5847593528352227,False
2051,1926,8025.0,10.926523297491038,10.962470173254486,True,0.5883762965838838,False
2052,1927,8029.166666666667,10.926523297491038,11.100308917893399,True,0.5864635422662625,False
2053,1928,8033.333333333333,10.926523297491038,11.046954001726476,True,0.5871501792086636,False
2054,1929,8037.5,10.926523297491038,10.926523297491038,True,0.585722721313235,False
2055,1930,8041.666666666666,10.916228279929857,10.889443827845602,True,0.5818576033433058,False
2056,1931,8045.833333333332,10.916228279929857,10.901610644257701,True,0.5827593457873772,False
2057,1932,8050.000000000001,10.916228279929857,10.905475397706253,True,0.5822680978317518,False
2058,1933,8054.166666666667,10.916228279929857,10.916228279929857,True,0.583812682733274,False
2059,1934,8058.333333333334,10.916228279929857,10.91830065359477,True,0.5857003754916855,False
2060,1935,8062.5,10.916228279929857,10.937721755368813,True,0.5850579418720666,False
2061,1936,8066.666666666666,10.916228279929857,10.916324669402645,True,0.5846656110322762,False
2062,1937,8070.833333333333,10.900547851395308,10.887807539958196,True,0.5857936322180103,False
2063,1938,8074.999999999999,10.900547851395308,10.885005656273156,True,0.585591220937205,False
2064,1939,8079.166666666668,10.900547851395308,10.88955714436705,True,0.5859430429403222,False
2065,1940,8083.333333333334,10.900547851395308,10.900547851395308,True,0.5860510291888246,False
2066,1941,8087.5,10.900547851395308,10.900547851395308,True,0.5859863685561466,False
2067,1942,8091.666666666667,10.914292000979307,10.914760348583878,True,0.5862288640338864,False
2068,1943,8095.833333333333,10.914760348583878,10.914292000979307,True,0.5861805532670638,False
2069,1944,8100.0,10.914760348583878,10.934962413393784,True,0.5882241691678332,False
2070,1945,8104.166666666666,10.914760348583878,10.92091226174271,True,0.5880296808592496,False
2071,1946,8108.333333333332,10.914292000979307,10.920928281222398,True,0.587784902865435,False
2072,1947,8112.500000000001,10.911314451706605,10.911314451706605,True,0.5870658894366799,False
2073,1948,8116.666666666667,10.907695830857595,10.907695830857595,True,0.5871888596558567,False
2074,1949,8120.833333333334,10.901610644257701,10.901610644257701,True,0.5862853586728722,False
2075,1950,8125.0,10.901610644257701,10.885110294117647,True,0.5848371052098087,False
2076,1951,8129.166666666666,10.901610644257701,10.885110294117647,True,0.5853944775165345,False
2077,1952,8133.333333333333,10.901610644257701,10.898576097105508,True,0.5860553879429335,False
2078,1953,8137.499999999999,10.90537084398977,10.908420732634138,True,0.5861343629782476,False
2079,1954,8141.666666666668,10.908420732634138,10.90537084398977,True,0.5876381916238036,False
2080,1955,8145.833333333334,10.91830065359477,10.91830065359477,True,0.587719600329189,False
2081,1956,8150.0,10.91830065359477,10.91830065359477,True,0.5865700786129194,False
2082,1957,8154.166666666667,10.92021454484649,10.921041534893526,True,0.5873059976290627,False
2083,1958,8158.333333333333,10.921041534893526,10.92021454484649,True,0.5862927517213802,False
2084,1959,8162.5,10.939871304558974,10.939871304558974,True,0.5868830009779598,False
2085,1960,8166.666666666666,10.939871304558974,10.942909078525027,True,0.5866911292502501,False
2086,1961,8170.833333333332,10.939871304558974,10.952069286212508,True,0.5869120036152791,False
2087,1962,8175.000000000001,10.939871304558974,10.950249493066693,True,0.5861503044371256,False
2088,1963,8179.166666666667,10.929110384894699,10.925027233115467,True,0.5867379768394563,False
2089,1964,8183.333333333334,10.925027233115467,10.925027233115467,True,0.5867065790861412,False
2090,1965,8187.5,10.925027233115467,10.929110384894699,True,0.5863417392838955,False
2091,1966,8191.666666666666,10.919389978213506,10.919336840427226,True,0.5852696179198498,False
2092,1967,8195.833333333332,10.919389978213506,10.919389978213506,True,0.586184957230289,False
2093,1968,8200.0,10.919389978213506,10.919389978213506,True,0.5869357431492607,False
2094,1969,8204.166666666668,10.919389978213506,10.908707569049124,True,0.5871346391281482,False
2095,1970,8208.333333333334,10.919389978213506,10.925381263616558,True,0.5877042285554691,False
2096,1971,8212.5,10.919389978213506,10.925381263616558,True,0.5883904325702464,False
2097,1972,8216.666666666666,10.914968601819814,10.914968601819814,True,0.5886435913615207,False
2098,1973,8220.833333333334,10.914968601819814,10.920536635706913,True,0.587647110172754,False
2099,1974,8225.0,10.914968601819814,10.914968601819814,True,0.5864908448231378,False
2100,1975,8229.166666666666,10.91374883286648,10.912338034629055,True,0.586448609857258,False
2101,1976,8233.333333333332,10.91374883286648,10.912338034629055,True,0.5857964563770283,False
2102,1977,8237.5,10.91374883286648,10.91374883286648,True,0.5862302795789759,False
2103,1978,8241.666666666668,10.91374883286648,10.912636165577341,True,0.5859856159897764,False
2104,1979,8245.833333333334,10.916324669402645,10.916324669402645,True,0.5860786610432956,False
2105,1980,8250.0,10.916809998853342,10.92059706765589,True,0.5858495879653624,False
2106,1981,8254.166666666666,10.916809998853342,10.920536635706913,True,0.5863606015238568,False
2107,1982,8258.333333333332,10.920536635706913,10.916809998853342,True,0.5861193099574786,False
2108,1983,8262.5,10.92059706765589,10.916809998853342,True,0.5859069581471128,False
2109,1984,8266.666666666668,10.92955882352941,10.92955882352941,True,0.5859143166882693,False
2110,1985,8270.833333333334,10.932358882947119,10.932358882947119,True,0.5859008154308462,False
2111,1986,8275.0,10.932542794895735,10.932542794895735,True,0.585777702778714,False
2112,1987,8279.166666666666,10.932542794895735,10.942014260249554,True,0.5859928311935265,False
2113,1988,8283.333333333334,10.933749257278668,10.942014260249554,True,0.5854865583706963,False
2114,1989,8287.5,10.933749257278668,10.939363407613815,True,0.5870615920676386,False
2115,1990,8291.666666666666,10.933749257278668,10.92602495543672,True,0.5862259213950999,False
2116,1991,8295.833333333332,10.92602495543672,10.933749257278668,True,0.5849401291549668,False
2117,1992,8300.0,10.920323685029565,10.920323685029565,True,0.5849405265441532,False
2118,1993,8304.166666666668,10.916530501089323,10.916530501089323,True,0.5849158839145548,False
2119,1994,8308.333333333334,10.913905792201936,10.908859840232388,True,0.5850645432223468,False
2120,1995,8312.5,10.913905792201936,10.908859840232388,True,0.5853298550185849,False
2121,1996,8316.666666666666,10.908859840232388,10.906638472382417,True,0.5856120609293014,False
2122,1997,8320.833333333332,10.908859840232388,10.913905792201936,True,0.5858603667611318,False
2123,1998,8325.0,10.911220043572984,10.92059706765589,True,0.5856379694046255,False
2124,1999,8329.166666666668,10.911220043572984,10.908859840232388,True,0.5859271112431851,False
2125,2000,8333.333333333334,10.911220043572984,10.916277622159974,True,0.5852464076391154,False
2126,2001,8337.5,10.908859840232388,10.911220043572984,True,0.5854504589241926,False
2127,2002,8341.666666666666,10.908859840232388,10.901903451439054,True,0.5853194401397142,False
2128,2003,8345.833333333334,10.909555172865243,10.906162464985995,True,0.5848549672409711,False
2129,2004,8350.0,10.909555172865243,10.906162464985995,True,0.5845552991081249,False
2130,2005,8354.166666666666,10.909555172865243,10.909555172865243,True,0.5847798993025713,False
2131,2006,8358.333333333332,10.909555172865243,10.913104213708904,True,0.5848630045614216,False
2132,2007,8362.5,10.913104213708904,10.921197266785502,True,0.5845772599126062,False
2133,2008,8366.666666666668,10.914052287581697,10.931001188354129,True,0.5845683087513965,False
2134,2009,8370.833333333334,10.914052287581697,10.909031491384432,True,0.5857048681385022,False
2135,2010,8375.0,10.914700343414202,10.914052287581697,True,0.5855894750724033,False
2136,2011,8379.166666666666,10.914700343414202,10.914700343414202,True,0.5860452952333599,False
2137,2012,8383.333333333332,10.914700343414202,10.913776785585272,True,0.5855897210146493,False
2138,2013,8387.5,10.915420405450316,10.915936971693613,True,0.5857434765340152,False
2139,2014,8391.666666666668,10.915420405450316,10.915420405450316,True,0.5860027948807588,False
2140,2015,8395.833333333334,10.915420405450316,10.915420405450316,True,0.58603207988878,False
2141,2016,8400.0,10.915420405450316,10.915420405450316,True,0.5860665934363304,False
2142,2017,8404.166666666666,10.915420405450316,10.912818890997258,True,0.5856611415794736,False
2143,2018,8408.333333333334,10.915420405450316,10.91830065359477,True,0.5849036914411595,False
2144,2019,8412.5,10.916176470588233,10.91830065359477,True,0.5849913141509392,False
2145,2020,8416.666666666666,10.916228279929857,10.916176470588233,True,0.5857281094833071,False
2146,2021,8420.833333333332,10.91830065359477,10.901307189542484,True,0.5851352989344789,False
2147,2022,8425.0,10.916228279929857,10.916228279929857,True,0.5860820418073837,False
2148,2023,8429.166666666668,10.916228279929857,10.91830065359477,True,0.585876652714075,False
2149,2024,8433.333333333334,10.916228279929857,10.91830065359477,True,0.5860588577787694,False
2150,2025,8437.5,10.916228279929857,10.916064671482628,True,0.5856574112304402,False
2151,2026,8441.666666666666,10.916064671482628,10.91830065359477,True,0.586358283243242,False
2152,2027,8445.833333333332,10.909803921568628,10.909803921568628,True,0.585780503072687,False
2153,2028,8450.0,10.909803921568628,10.909803921568628,True,0.5858905793302198,False
2154,2029,8454.166666666668,10.900192864030856,10.883821161314767,True,0.5855088756453763,False
2155,2030,8458.333333333334,10.900192864030856,10.882398968977261,True,0.5851312671182181,False
2156,2031,8462.5,10.900192864030856,10.900192864030856,True,0.5849365107584784,False
2157,2032,8466.666666666666,10.900192864030856,10.883006535947711,True,0.5851923905869069,False
2158,2033,8470.833333333334,10.902186161821051,10.902186161821051,True,0.5847311072117329,False
2159,2034,8475.0,10.902186161821051,10.91830065359477,True,0.5852630246782725,False
2160,2035,8479.166666666666,10.91600423953365,10.902186161821051,True,0.5844467187277913,False
2161,2036,8483.333333333332,10.91830065359477,10.91600423953365,True,0.5847988248178794,False
2162,2037,8487.5,10.91830065359477,10.91830065359477,True,0.5852156983479114,False
2163,2038,8491.666666666668,10.91830065359477,10.91830065359477,True,0.5849502221193911,False
2164,2039,8495.833333333334,10.91830065359477,10.91830065359477,True,0.5847134634731669,False
2165,2040,8500.0,10.91830065359477,10.901903451439054,True,0.5849065850847259,False
2166,2041,8504.166666666666,10.925236761371215,10.925236761371215,True,0.5847168666778111,False
2167,2042,8508.333333333332,10.929629629629629,10.929629629629629,True,0.5854619672850474,False
2168,2043,8512.5,10.929629629629629,10.929629629629629,True,0.5853056555445351,False
2169,2044,8516.666666666668,10.930101670297748,10.930101670297748,True,0.5850966304357992,False
2170,2045,8520.833333333334,10.930101670297748,10.930101670297748,True,0.5851243616068553,False
2171,2046,8525.0,10.930101670297748,10.930101670297748,True,0.584783708910515,False
2172,2047,8529.166666666666,10.930101670297748,10.930101670297748,True,0.5846519261945256,False
2173,2048,8533.333333333334,10.930101670297748,10.930101670297748,True,0.5848819236543354,False
2174,2049,8537.5,10.91830065359477,10.908859840232388,True,0.5852712965794452,False
2175,2050,8541.666666666666,10.91830065359477,10.91830065359477,True,0.5858260753395993,False
2176,2051,8545.833333333332,10.91830065359477,10.91830065359477,True,0.5862149998432521,False
2177,2052,8550.0,10.91830065359477,10.91830065359477,True,0.5860465252098209,True
2178,2053,8554.166666666668,10.91830065359477,10.928011204481791,True,0.5856249332210668,True
2179,2054,8558.333333333334,10.928011204481791,10.929474927225792,True,0.5846174453216078,True
2180,2055,8562.5,10.929474927225792,10.915319931677834,True,0.5839273156290774,True
2181,2056,8566.666666666666,10.960784313725489,10.960784313725489,True,0.5829567883372248,False
2182,2057,8570.833333333332,10.960784313725489,10.960784313725489,True,0.5826420554631225,False
2183,2058,8575.0,10.97288814897028,10.97288814897028,True,0.5835017389513989,False
2184,2059,8579.166666666668,10.982026143790849,11.015123879008966,True,0.5833802774604052,False
2185,2060,8583.333333333334,11.015123879008966,10.982026143790849,True,0.584605615199033,False
2186,2061,8587.5,11.024230022978458,11.024230022978458,True,0.5844937173954199,False
2187,2062,8591.666666666666,11.046655541649283,11.046655541649283,True,0.584485104385207,False
2188,2063,8595.833333333334,11.066332088390912,11.075445346200608,True,0.5857224647380004,False
2189,2064,8600.0,11.075445346200608,11.098639455782312,True,0.5867714250312157,False
2190,2065,8604.166666666666,11.098639455782312,11.066332088390912,True,0.5859334555031592,False
2191,2066,8608.333333333332,11.196888472986926,11.196888472986926,True,0.5898788563350812,False
2192,2067,8612.5,11.227705461269474,11.227705461269474,True,0.5884834517048099,False
2193,2068,8616.666666666668,11.28320935079383,11.28320935079383,True,0.5937295113573257,False
2194,2069,8620.833333333334,11.369886226095375,11.369886226095375,True,0.5908227040619358,False
2195,2070,8625.0,11.428104575163397,11.428104575163397,True,0.591708726513102,False
2196,2071,8629.166666666666,11.506107954545454,11.506107954545454,True,0.5944897106158072,False
2197,2072,8633.333333333332,11.639511360099595,11.639511360099595,True,0.6041223328053857,False
2198,2073,8637.5,11.874183006535947,11.874183006535947,True,0.6097418235614758,False
2199,2074,8641.666666666668,12.117052498418722,12.117052498418722,True,0.7974104618203475,False
2200,2075,8645.833333333334,12.334422657952068,12.334422657952068,True,0.7908664871341208,False
2201,2076,8650.0,12.683006535947712,12.683006535947712,True,0.8143754761542646,False
2202,2077,8654.166666666666,13.178431372549019,13.178431372549019,True,0.8217517654823359,False
2203,2078,8658.333333333334,13.656372549019606,13.656372549019606,True,0.8241422724543772,False
2204,2079,8662.5,14.28867102396514,14.28867102396514,True,0.8167331935922979,False
2205,2080,8666.666666666666,15.217647058823529,15.217647058823529,True,0.8150976873249751,False
2206,2081,8670.833333333332,16.39565826330532,16.39565826330532,True,0.5967698093952236,False
2207,2082,8675.0,18.02723311546841,18.02723311546841,True,0.5787054916748136,False
2208,2083,8679.166666666668,22.448680706850638,22.448680706850638,True,0.6059769076334619,False
2209,2084,8683.333333333334,23.86842853083262,23.86842853083262,True,0.7941998202654753,False
2210,2085,8687.5,23.998910675381264,23.998910675381264,True,0.7332033260485833,False
2211,2086,8691.666666666666,24.11368228647391,24.144880174291938,True,0.7448907795808042,False
2212,2087,8695.833333333332,24.11368228647391,24.20209394135464,True,0.692970126578825,False
2213,2088,8700.0,24.11368228647391,24.2006757505262,True,0.7447440403900942,False
2214,2089,8704.166666666668,24.11368228647391,24.11368228647391,True,0.8050321235356929,False
2215,2090,8708.333333333334,23.99594320486815,23.989939766756375,True,0.689808239332829,False
2216,2091,8712.5,23.99594320486815,23.901249591312293,True,0.8030375694496072,False
2217,2092,8716.666666666666,23.99594320486815,23.885878912968693,True,0.7445258713125225,False
2218,2093,8720.833333333334,23.99594320486815,23.99594320486815,True,0.8030834883321074,False
2219,2094,8725.0,23.99594320486815,24.162209035661046,True,0.8052453184976154,False
2220,2095,8729.166666666666,23.99594320486815,24.1300848697688,True,0.8037633595850635,False
2221,2096,8733.333333333332,24.027207179167963,24.03075740099961,True,0.6919177066553839,False
2222,2097,8737.5,24.03075740099961,23.978344226579516,True,0.7441968519370359,False
2223,2098,8741.666666666668,24.027207179167963,23.974945533769063,True,0.8032945880894293,False
2224,2099,8745.833333333334,23.978344226579516,24.027207179167963,True,0.7463851100912299,False
2225,2100,8750.0,23.974945533769063,24.03137353039314,True,0.7465096434898616,False
2226,2101,8754.166666666666,23.968572984749457,23.968572984749457,True,0.8041693408790231,False
2227,2102,8758.333333333332,23.968572984749457,23.872648130290365,True,0.8033710105695349,False
2228,2103,8762.5,23.968572984749457,23.88900157764255,True,0.8045428074429456,False
2229,2104,8766.666666666668,23.951908833708924,23.951908833708924,True,0.805188894330923,False
2230,2105,8770.833333333334,23.88900157764255,23.98778025978324,True,0.8055570182358656,False
2231,2106,8775.0,23.88900157764255,23.98524460289166,True,0.7985349736028565,False
2232,2107,8779.166666666666,23.881092498429826,23.881092498429826,True,0.7959502174179647,False
2233,2108,8783.333333333334,23.6917211328976,23.6917211328976,True,0.7419651676402834,False
2234,2109,8787.5,23.50290486564996,23.50290486564996,True,0.7367774555330622,False
2235,2110,8791.666666666666,22.589311707991936,22.589311707991936,True,0.7306369920797068,False
2236,2111,8795.833333333332,22.39661319073084,22.354668872379868,True,0.7255315906555084,False
2237,2112,8800.0,22.354668872379868,22.39661319073084,True,0.7661487228461314,False
2238,2113,8804.166666666668,18.367102396514163,18.367102396514163,True,0.8265432371205084,False
2239,2114,8808.333333333334,16.761928104575162,16.761928104575162,True,0.7912905899327359,False
2240,2115,8812.5,15.166666666666666,15.166666666666666,True,0.813153417273942,False
2241,2116,8816.666666666666,13.33986928104575,13.33986928104575,True,0.8245387268682375,False
2242,2117,8820.833333333332,11.72549019607843,11.72549019607843,True,0.8209909146157511,False
2243,2118,8825.0,11.72549019607843,11.385620915032678,True,0.8051730204873794,False
2244,2119,8829.166666666668,11.72549019607843,11.291684822076979,True,0.5421183972074394,False
2245,2120,8833.333333333334,11.72549019607843,11.224161751421436,True,0.5368331982380691,False
2246,2121,8837.5,11.787091503267973,11.787091503267973,True,0.5522954274142361,False
2247,2122,8841.666666666666,12.579883805374,12.579883805374,True,0.5175750568372952,False
2248,2123,8845.833333333334,13.259622367465504,13.259622367465504,True,0.5180452361328804,False
2249,2124,8850.0,13.825212913448206,13.825212913448206,True,0.5250956808449266,False
2250,2125,8854.166666666666,14.18954248366013,14.18954248366013,True,0.5290609663031339,False
2251,2126,8858.333333333332,14.18954248366013,14.367174512081254,True,0.5200283615250325,False
2252,2127,8862.5,14.18954248366013,14.41435185185185,True,0.5242309769587543,False
2253,2128,8866.666666666668,14.367174512081254,14.466697790227201,True,0.5006780266356395,False
2254,2129,8870.833333333334,14.367174512081254,12.211692084241104,True,0.39774049288000435,False
2255,2130,8875.0,13.32547965422728,12.379738562091502,True,0.4037939807456231,False
2256,2131,8879.166666666666,13.32547965422728,14.865286855482934,True,0.5299265702644967,False
2257,2132,8883.333333333332,13.32547965422728,13.212418300653594,True,0.41104410093933264,False
2258,2133,8887.5,14.518790849673202,13.32547965422728,True,0.4130071462105962,False
2259,2134,8891.666666666668,14.518790849673202,14.770553835569316,True,0.5245771002779452,False
2260,2135,8895.833333333334,14.335741314069487,14.656862745098039,True,0.523583264635537,False
2261,2136,8900.0,14.335741314069487,14.518790849673202,True,0.521210499943256,False
2262,2137,8904.166666666666,14.335741314069487,14.335741314069487,True,0.5220136201068147,False
2263,2138,8908.333333333334,14.033769063180825,14.033769063180825,True,0.5292351533454703,False
2264,2139,8912.5,13.659912854030498,13.659912854030498,True,0.5236477455039983,False
2265,2140,8916.666666666666,13.227928208320366,13.227928208320366,True,0.5305419069757863,False
2266,2141,8920.833333333332,12.660130718954248,12.660130718954248,True,0.5358285214344661,False
2267,2142,8925.0,11.937908496732025,11.937908496732025,True,0.5305285680770745,False
2268,2143,8929.166666666668,11.30065359477124,11.30065359477124,True,0.5387146064558547,False
2269,2144,8933.333333333334,11.30065359477124,11.107843137254902,True,0.5422385974457442,False
2270,2145,8937.5,11.30065359477124,11.130718954248366,True,0.5461663725805661,False
2271,2146,8941.666666666666,11.30065359477124,11.22176066009083,True,0.5868588498377565,False
2272,2147,8945.833333333332,11.555555555555555,11.62636165577342,True,0.5783457111989555,False
2273,2148,8950.0,11.555555555555555,11.838291638494477,True,0.5730612076527986,False
2274,2149,8954.166666666668,11.555555555555555,11.720179738562091,True,0.5668120862319601,False
2275,2150,8958.333333333334,11.555555555555555,11.555555555555555,True,0.5546985288828357,False
2276,2151,8962.5,11.258169934640522,11.258169934640522,True,0.5473322160669843,False
2277,2152,8966.666666666666,11.258169934640522,11.078794480755263,True,0.5476271481222112,False
2278,2153,8970.833333333334,11.258169934640522,11.069532717301481,True,0.5589405525534836,False
2279,2154,8975.0,11.258169934640522,11.195368002273373,True,0.5634082400831267,False
2280,2155,8979.166666666666,11.195368002273373,11.325718232963816,True,0.5671363858134097,False
2281,2156,8983.333333333332,11.195368002273373,11.329864581998377,True,0.5646887532052326,False
2282,2157,8987.5,11.195368002273373,11.265250544662306,True,0.5585328983334985,False
2283,2158,8991.666666666668,11.131270690094219,11.104014939309057,True,0.5592988841231149,False
2284,2159,8995.833333333334,11.115655683886947,11.069353667392882,True,0.5584602409355182,False
2285,2160,9000.0,11.115655683886947,11.083523991403052,True,0.5580981017893689,False
2286,2161,9004.166666666666,11.115655683886947,11.131270690094219,True,0.5578106075020458,False
2287,2162,9008.333333333332,11.123793156183325,11.115655683886947,True,0.5565958976709335,False
2288,2163,9012.5,11.130718954248366,11.123793156183325,True,0.5559499162831693,False
2289,2164,9016.666666666668,11.131270690094219,11.14078087375301,True,0.5550051300460684,False
2290,2165,9020.833333333334,11.130718954248366,11.141227556156563,True,0.5567285901717675,False
2291,2166,9025.0,11.13324138886071,11.130718954248366,True,0.5558072950735304,False
2292,2167,9029.166666666666,11.135063874034463,11.13324138886071,True,0.5580252586915847,False
2293,2168,9033.333333333334,11.135063874034463,11.130718954248366,True,0.5572117914624815,False
2294,2169,9037.5,11.135063874034463,11.140865115735522,True,0.5577228837859798,False
2295,2170,9041.666666666666,11.139841951427393,11.135063874034463,True,0.5590381070301648,False
2296,2171,9045.833333333332,11.140499143254491,11.139841951427393,True,0.5585232818893162,False
2297,2172,9050.0,11.140539530944038,11.140539530944038,True,0.5589770329497212,False
2298,2173,9054.166666666668,11.140499143254491,11.140499143254491,True,0.5589654327666612,False
2299,2174,9058.333333333334,11.140539530944038,11.1460348583878,True,0.5587870036763736,False
2300,2175,9062.5,11.140539530944038,11.144122889797629,True,0.5585906881269828,False
2301,2176,9066.666666666666,11.140499143254491,11.134436274509802,True,0.5588071654210519,False
2302,2177,9070.833333333332,11.134436274509802,11.147499080440257,True,0.5593453249239586,False
2303,2178,9075.0,11.134072927416579,11.134072927416579,True,0.5586748218327217,False
2304,2179,9079.166666666668,11.133827514745734,11.130718954248366,True,0.5590403142456711,False
2305,2180,9083.333333333334,11.133827514745734,11.125753331635684,True,0.5588364766135638,False
2306,2181,9087.5,11.133827514745734,11.12869592281357,True,0.5576290877674516,False
2307,2182,9091.666666666666,11.133827514745734,11.133827514745734,True,0.5580329970423178,False
2308,2183,9095.833333333334,11.134371512832777,11.134371512832777,True,0.5582350505695305,False
2309,2184,9100.0,11.137201075527248,11.137201075527248,True,0.5596579866076385,False
2310,2185,9104.166666666666,11.13789152024446,11.13789152024446,True,0.5585015412715387,False
2311,2186,9108.333333333332,11.140598875208997,11.140598875208997,True,0.5589590476654042,False
2312,2187,9112.5,11.14131728760486,11.14131728760486,True,0.559017140229727,False
2313,2188,9116.666666666668,11.142389164501141,11.145066506134615,True,0.5589552899313974,False
2314,2189,9120.833333333334,11.142575153665335,11.142389164501141,True,0.5587979473971515,False
2315,2190,9125.0,11.143119405727486,11.142575153665335,True,0.557910441782127,False
2316,2191,9129.166666666666,11.143251213911183,11.143119405727486,True,0.5583745433387114,False
2317,2192,9133.333333333332,11.143251213911183,11.143251213911183,True,0.5586196586626243,False
2318,2193,9137.5,11.149132132244146,11.149691127772183,True,0.5587276183248222,False
2319,2194,9141.666666666668,11.149132132244146,11.149132132244146,True,0.5585380692422841,False
2320,2195,9145.833333333334,11.149132132244146,11.149132132244146,True,0.5589999185809496,False
2321,2196,9150.0,11.149132132244146,11.149132132244146,True,0.5591670273600666,False
2322,2197,9154.166666666666,11.149132132244146,11.149891261973577,True,0.5590578091898001,False
2323,2198,9158.333333333334,11.145423832923832,11.145423832923832,True,0.5588781535557032,False
2324,2199,9162.5,11.143582062454612,11.143582062454612,True,0.5584345161793184,False
2325,2200,9166.666666666666,11.141220731472202,11.141220731472202,True,0.5586732954061937,False
2326,2201,9170.833333333332,11.140522875816993,11.139861007694217,True,0.5590128690867513,False
2327,2202,9175.0,11.139861007694217,11.140522875816993,True,0.5596430224418111,False
2328,2203,9179.166666666668,11.139861007694217,11.139008448908017,True,0.5585141972417597,False
2329,2204,9183.333333333334,11.139841801699582,11.139861007694217,True,0.5587883037751914,False
2330,2205,9187.5,11.139822595704949,11.139822595704949,True,0.5603857876861299,False
2331,2206,9191.666666666666,11.139426989001759,11.13921568627451,True,0.5606747896648108,False
2332,2207,9195.833333333332,11.139822595704949,11.139841801699582,True,0.5597616979866294,False
2333,2208,9200.0,11.139822595704949,11.139426989001759,True,0.5603584822547083,False
2334,2209,9204.166666666668,11.139841801699582,11.138787010788251,True,0.5590877032725432,False
2335,2210,9208.333333333334,11.140913663343392,11.140913663343392,True,0.5593515478127609,False
2336,2211,9212.5,11.14307014930994,11.14307014930994,True,0.5593159771793387,False
2337,2212,9216.666666666666,11.145523866112102,11.145523866112102,True,0.5582792654228923,False
2338,2213,9220.833333333334,11.147493256561884,11.149291845252156,True,0.5590620299142772,False
2339,2214,9225.0,11.147493256561884,11.148957288341691,True,0.5588931691661415,False
2340,2215,9229.166666666666,11.147493256561884,11.1483575190222,True,0.5588445149338103,False
2341,2216,9233.333333333332,11.147493256561884,11.147493256561884,True,0.5581581970906556,False
2342,2217,9237.5,11.147276969932387,11.145740573962597,True,0.5581920796247628,False
2343,2218,9241.666666666668,11.147276969932387,11.147276969932387,True,0.5583566792808546,False
2344,2219,9245.833333333334,11.145740573962597,11.147276969932387,True,0.5588693513097122,False
2345,2220,9250.0,11.14476617520393,11.14476617520393,True,0.5590054123032642,False
2346,2221,9254.166666666666,11.142349381997024,11.142349381997024,True,0.5592557614825622,False
2347,2222,9258.333333333332,11.141540016274247,11.141540016274247,True,0.558709016002863,False
2348,2223,9262.5,11.141136598179942,11.141136598179942,True,0.558738363546197,False
2349,2224,9266.666666666668,11.140210735456973,11.138438766957124,True,0.5589359465133287,False
2350,2225,9270.833333333334,11.139389194986707,11.140210735456973,True,0.5585361653733809,False
2351,2226,9275.0,11.138852499812185,11.138670051353873,True,0.5582912315455265,False
2352,2227,9279.166666666666,11.138670051353873,11.138852499812185,True,0.558056606724478,False
2353,2228,9283.333333333334,11.138852499812185,11.139389194986707,True,0.5583098411487261,False
2354,2229,9287.5,11.138852499812185,11.13777170978541,True,0.5584392035836602,False
2355,2230,9291.666666666666,11.138852499812185,11.13736199848229,True,0.5599811079649503,False
2356,2231,9295.833333333332,11.138931841447786,11.139684456992429,True,0.5599852854091716,False
2357,2232,9300.0,11.138931841447786,11.140178337267244,True,0.5610548948860807,False
2358,2233,9304.166666666668,11.138931841447786,11.13816118888822,True,0.559536763317126,False
2359,2234,9308.333333333334,11.139684456992429,11.138931841447786,True,0.5595345157786304,False
2360,2235,9312.5,11.140178337267244,11.142119716974847,True,0.5593886444954652,False
2361,2236,9316.666666666666,11.14096937224502,11.136120368217554,True,0.5589536753696479,False
2362,2237,9320.833333333332,11.142098506069091,11.143041595723256,True,0.5595761376242256,False
2363,2238,9325.0,11.142098506069091,11.142727762939801,True,0.5590487848353962,False
2364,2239,9329.166666666668,11.14096937224502,11.14096937224502,True,0.55873181184973,False
2365,2240,9333.333333333334,11.14096937224502,11.142098506069091,True,0.558268711364507,False
2366,2241,9337.5,11.131568627450978,11.130718954248366,True,0.5609145425811624,False
2367,2242,9341.666666666666,11.131568627450978,11.130718954248366,True,0.5610386663327229,False
2368,2243,9345.833333333334,11.131568627450978,11.131568627450978,True,0.5598370847556409,False
2369,2244,9350.0,11.131568627450978,11.131568627450978,True,0.5597254013996293,False
2370,2245,9354.166666666666,11.13696303155341,11.13696303155341,True,0.5600673085675105,False
2371,2246,9358.333333333332,11.141269738514138,11.141269738514138,True,0.5593835983957062,False
2372,2247,9362.5,11.141395756045117,11.14339661790642,True,0.5599257453993306,False
2373,2248,9366.666666666668,11.142032537652742,11.141395756045117,True,0.5594164373497557,False
2374,2249,9370.833333333334,11.14339661790642,11.142032537652742,True,0.559079263907951,False
2375,2250,9375.0,11.14339661790642,11.143852310245286,True,0.5713972685463126,False
2376,2251,9379.166666666666,11.143852310245286,11.143852310245286,True,0.5720457979049346,False
2377,2252,9383.333333333332,11.143852310245286,11.144102085278554,True,0.5599606657731524,False
2378,2253,9387.5,11.143983894542345,11.14267433881183,True,0.5600951520274653,False
2379,2254,9391.666666666668,11.143983894542345,11.144880174291938,True,0.5596607370185964,False
2380,2255,9395.833333333334,11.143983894542345,11.143983894542345,True,0.5610543315819267,False
2381,2256,9400.0,11.14267433881183,11.145234204793029,True,0.5598513351084103,False
2382,2257,9404.166666666666,11.141854978373086,11.13425925925926,True,0.5608342513733243,False
2383,2258,9408.333333333334,11.140743188661231,11.140743188661231,True,0.5589951396997457,False
2384,2259,9412.5,11.140743188661231,11.141854978373086,True,0.5589173000181161,False
2385,2260,9416.666666666666,11.140529325765396,11.140743188661231,True,0.5597195539247564,False
2386,2261,9420.833333333332,11.140529325765396,11.134967320261438,True,0.5591652171319118,False
2387,2262,9425.0,11.140208075866257,11.140529325765396,True,0.5602552934942765,False
2388,2263,9429.166666666668,11.140161206759126,11.140161206759126,True,0.5600144844736619,False
2389,2264,9433.333333333334,11.139161220043572,11.140208075866257,True,0.5718345016954091,False
2390,2265,9437.5,11.139161220043572,11.139161220043572,True,0.5595496781453129,False
2391,2266,9441.666666666666,11.13727802120987,11.13425925925926,True,0.5593928306616289,False
2392,2267,9445.833333333332,11.13425925925926,11.13727802120987,True,0.560071687665231,False
2393,2268,9450.0,11.134045987873062,11.133753501400559,True,0.5592901257611027,False
2394,2269,9454.166666666668,11.134045987873062,11.134045987873062,True,0.5597290887252865,False
2395,2270,9458.333333333334,11.133753501400559,11.128901972311557,True,0.559818903231921,False
2396,2271,9462.5,11.133688242322018,11.133688242322018,True,0.5596321359963564,False
2397,2272,9466.666666666666,11.133688242322018,11.139024748476169,True,0.5595370694584675,False
2398,2273,9470.833333333334,11.133688242322018,11.1283370702309,True,0.5587606400664834,False
2399,2274,9475.0,11.139024748476169,11.129164673999682,True,0.5594208668044514,False
2400,2275,9479.166666666666,11.141341374726125,11.141463368293051,True,0.5590158770450092,False
2401,2276,9483.333333333332,11.141341374726125,11.141463368293051,True,0.559208014345023,False
2402,2277,9487.5,11.141341374726125,11.141463368293051,True,0.55866474558343,False
2403,2278,9491.666666666668,11.141341374726125,11.141341374726125,True,0.5585050531507554,False
2404,2279,9495.833333333334,11.141341374726125,11.141341374726125,True,0.5591898705804528,True
2405,2280,9500.0,11.141341374726125,11.141341374726125,True,0.5594403034101976,True
2406,2281,9504.166666666666,11.141341374726125,11.14109287125703,True,0.5584864222106887,True
2407,2282,9508.333333333332,11.141527349708914,11.141527349708914,True,0.5582720422594845,True
2408,2283,9512.5,11.141527349708914,11.141527349708914,True,0.5579753806956042,True
2409,2284,9516.666666666668,11.141576356750848,11.141981318272567,True,0.5597045824558461,True
2410,2285,9520.833333333334,11.141576356750848,11.141576356750848,True,0.5586354293685385,True
2411,2286,9525.0,11.141576356750848,11.141576356750848,True,0.5594347375140525,True
2412,2287,9529.166666666666,11.141576356750848,11.141900700088515,True,0.5593629870291328,True
2413,2288,9533.333333333334,11.141576356750848,11.14158686730506,True,0.5600377258348723,True
2414,2289,9537.5,11.141527349708914,11.141527349708914,True,0.5594852536148069,True
2415,2290,9541.666666666666,11.141094274085564,11.141094274085564,True,0.5595501165084128,True
2416,2291,9545.833333333332,11.140185663258684,11.138815946943687,True,0.5590650833404599,True
2417,2292,9550.0,11.138956338349294,11.140185663258684,True,0.559565209561877,True
2418,2293,9554.166666666668,11.138815946943687,11.138956338349294,True,0.5584117939786692,True
2419,2294,9558.333333333334,11.134778706553313,11.134778706553313,True,0.5582352328283736,True
2420,2295,9562.5,11.130718954248366,11.127835447904651,True,0.6028108840263375,True
2421,2296,9566.666666666666,11.130718954248366,11.130718954248366,True,0.6053161227853041,True
2422,2297,9570.833333333332,11.130718954248366,11.130718954248366,True,0.6061854938084992,True
2423,2298,9575.0,11.130718954248366,11.130718954248366,True,0.6070751156122265,True
2424,2299,9579.166666666668,11.130718954248366,11.130718954248366,True,0.6100226313895771,True
2425,2300,9583.333333333334,11.130718954248366,11.133986928104575,True,0.6098172314150861,True
2426,2301,9587.5,11.133986928104575,11.130718954248366,True,0.6108901680945789,True
2427,2302,9591.666666666666,11.134436274509802,11.134436274509802,True,0.6105937177447921,True
2428,2303,9595.833333333334,11.137102903176775,11.141716247222403,True,0.8243463283655593,True
2429,2304,9600.0,11.141087989873155,11.141087989873155,True,0.824832176448067,True
2430,2305,9604.166666666666,11.141716247222403,11.137102903176775,True,0.8256600033806035,True
2431,2306,9608.333333333332,11.143671289654073,11.144521662392101,True,0.8258261990987166,True
2432,2307,9612.5,11.143968329879376,11.144521662392101,True,0.8258584189063614,True
2433,2308,9616.666666666668,11.143968329879376,11.14453477868112,True,0.8258686759782241,True
2434,2309,9620.833333333334,11.143968329879376,11.143671289654073,True,0.8260535059766068,True
2435,2310,9625.0,11.143671289654073,11.143968329879376,True,0.8261951365981774,True
2436,2311,9629.166666666666,11.143212867284074,11.143212867284074,True,0.8260498368867262,True
2437,2312,9633.333333333332,11.140548134975964,11.135762123779553,True,0.8314335263398609,True
2438,2313,9637.5,11.140548134975964,11.140548134975964,True,0.8308824146126756,True
2439,2314,9641.666666666668,11.139281045751634,11.140548134975964,True,0.8309014110376325,True
2440,2315,9645.833333333334,11.138185158936398,11.138185158936398,True,0.8309294371707121,True
2441,2316,9650.0,11.139281045751634,11.139281045751634,True,0.8309341034784526,True
2442,2317,9654.166666666666,11.139281045751634,11.130718954248366,True,0.8309230728877053,True
2443,2318,9658.333333333334,11.138185158936398,11.130718954248366,True,0.8309056241113328,True
2444,2319,9662.5,11.130718954248366,11.139914047810906,True,0.8309441836399699,True
2445,2320,9666.666666666666,11.130718954248366,11.13971006134764,True,0.8332631851525044,True
2446,2321,9670.833333333332,11.13324774354186,11.130718954248366,True,0.8338511822613899,True
2447,2322,9675.0,11.13324774354186,11.130718954248366,True,0.8341079459517713,True
2448,2323,9679.166666666668,11.132352941176471,11.13324774354186,True,0.8342014055467823,True
2449,2324,9683.333333333334,11.132352941176471,11.133585289252435,True,0.8343901878716125,True
2450,2325,9687.5,11.13324774354186,11.130718954248366,True,0.8344754318972885,True
2451,2326,9691.666666666666,11.133416516397148,11.132352941176471,True,0.8345845855433026,True
2452,2327,9695.833333333332,11.133585289252435,11.13996107969107,True,0.8356633696589151,True
2453,2328,9700.0,11.134800966800222,11.137248992423974,True,0.8360991597931076,False
