frame,frame_sync,tempo_ms,posicao_mm,posicao_raw_mm,valid,confidence,led_on
85,0,0.0,13.385928785928785,13.385928785928785,True,0.8549994450736086,True
86,1,4.166666666666667,13.386458400846891,13.386458400846891,True,0.855194729272198,True
87,2,8.333333333333334,13.386458400846891,13.403003003003002,True,0.8552001768303175,True
88,3,12.5,13.399653891179316,13.386458400846891,True,0.8547557209410526,True
89,4,16.666666666666668,13.403003003003002,13.403003003003002,True,0.83582271192019,True
90,5,20.833333333333332,13.403003003003002,13.399653891179316,True,0.8357619669015542,True
91,6,25.0,13.407241774148247,13.40844312520613,True,0.8355428753876631,True
92,7,29.166666666666668,13.40844312520613,13.409149409149409,True,0.8357078497671002,True
93,8,33.333333333333336,13.40844312520613,13.409146576744343,True,0.8356458544685027,True
94,9,37.5,13.408698353525939,13.407241774148247,True,0.8545718529311321,True
95,10,41.666666666666664,13.409146576744343,13.408698353525939,True,0.8546713001319787,True
96,11,45.83333333333333,13.409146576744343,13.405615699733346,True,0.83645546693752,True
97,12,50.0,13.42064053582378,13.42064053582378,True,0.8365959820701716,True
98,13,54.16666666666667,13.430268978656073,13.430268978656073,True,0.8562057646950397,True
99,14,58.333333333333336,13.44017732017732,13.442102817102818,True,0.8547702889517219,True
100,15,62.5,13.442102817102818,13.44017732017732,True,0.8364701613444554,True
101,16,66.66666666666667,13.44376501440751,13.44376501440751,True,0.8567126674997341,True
102,17,70.83333333333333,13.453480286606508,13.453480286606508,True,0.8581387263995187,True
103,18,75.0,13.468468468468467,13.468468468468467,True,0.8386212799884998,True
104,19,79.16666666666666,13.49436200906789,13.49436200906789,True,0.8584280649861635,True
105,20,83.33333333333333,13.507303114632958,13.507303114632958,True,0.8383909587533858,True
106,21,87.5,13.520711888358946,13.528864508720623,True,0.8597095510757478,True
107,22,91.66666666666666,13.528864508720623,13.520711888358946,True,0.860513902552341,True
108,23,95.83333333333334,13.54833459413612,13.54833459413612,True,0.8602191669849336,True
109,24,100.0,13.576716844232768,13.576716844232768,True,0.8553179873931902,True
110,25,104.16666666666667,13.606065081474917,13.606065081474917,True,0.8392203908455287,True
111,26,108.33333333333334,13.626824058478734,13.626824058478734,True,0.8399569461713657,True
112,27,112.5,13.663663663663662,13.663663663663662,True,0.8371424571384862,True
113,28,116.66666666666667,13.663663663663662,13.663663663663662,True,0.8407901662089265,True
114,29,120.83333333333333,13.723249565354829,13.723249565354829,True,0.8357391648769856,True
115,30,125.0,13.741741741741741,13.741741741741741,True,0.8676133310349659,True
116,31,129.16666666666669,13.833409358725813,13.833409358725813,True,0.8729333876153065,True
117,32,133.33333333333334,13.876667039710519,13.876667039710519,True,0.8703144683454986,True
118,33,137.5,13.949755725875129,13.949755725875129,True,0.8401904692812945,True
119,34,141.66666666666666,13.975975975975976,13.975975975975976,True,0.8716983930233752,True
120,35,145.83333333333334,14.044984378317713,14.044984378317713,True,0.8691191722217383,True
121,36,150.0,14.11452629099688,14.11452629099688,True,0.8697450871632973,True
122,37,154.16666666666669,14.167471336920054,14.167471336920054,True,0.8636567070171417,True
123,38,158.33333333333331,14.297711504608056,14.297711504608056,True,0.855267175734705,True
124,39,162.5,14.428142428142428,14.428142428142428,True,0.8518513205309786,True
125,40,166.66666666666666,14.592153557065838,14.592153557065838,True,0.8468642572046468,True
126,41,170.83333333333334,14.806576746237763,14.806576746237763,True,0.8387165962140326,True
127,42,175.0,14.968647893176195,14.968647893176195,True,0.8637037005995015,True
128,43,179.16666666666666,15.176002089045568,15.176002089045568,True,0.867095218945201,True
129,44,183.33333333333331,15.46848253771731,15.46848253771731,True,0.8673214424352654,True
130,45,187.5,15.852520941994626,15.852520941994626,True,0.8785036148109524,True
131,46,191.66666666666669,16.321174833369955,16.321174833369955,True,0.8799187706372842,True
132,47,195.83333333333334,16.888288288288287,16.888288288288287,True,0.8776381575434369,True
133,48,200.0,17.645645645645644,17.645645645645644,True,0.8637950486455472,False
134,49,204.16666666666666,18.671049200460963,18.671049200460963,True,0.8650238033862958,False
135,50,208.33333333333334,20.124624624624623,20.124624624624623,True,0.8747754856081904,False
136,51,212.5,23.145812479145814,23.145812479145814,True,0.9013980787924599,False
137,52,216.66666666666669,23.226018471301487,23.266295218760007,True,0.9056070037829378,False
138,53,220.83333333333331,23.226018471301487,23.35290128838516,True,0.9059857852653601,False
139,54,225.0,23.226018471301487,23.300436639469655,True,0.9076215546514204,False
140,55,229.16666666666666,23.226018471301487,23.226018471301487,True,0.904837241722692,False
141,56,233.33333333333334,23.194679841131453,23.191380854538746,True,0.8958718253200214,False
142,57,237.5,23.191380854538746,23.18918918918919,True,0.892922960563898,False
143,58,241.66666666666666,23.191380854538746,23.194679841131453,True,0.8987109857728273,False
144,59,245.83333333333331,23.191380854538746,23.113187655740845,True,0.8962515630273791,False
145,60,250.0,23.194679841131453,23.180405405405402,True,0.892388479563974,False
146,61,254.16666666666666,23.23101673101673,23.23101673101673,True,0.8929847316643791,False
147,62,258.33333333333337,23.24060178114232,23.267802048623967,True,0.8992269321766371,False
148,63,262.5,23.25321765577811,23.327994661327992,True,0.8998618424470586,False
149,64,266.6666666666667,23.253911806543382,23.253911806543382,True,0.8976177829465977,False
150,65,270.8333333333333,23.260227440555308,23.24060178114232,True,0.8928186265583434,False
151,66,275.0,23.260227440555308,23.25321765577811,True,0.8941735890989965,False
152,67,279.1666666666667,23.260227440555308,23.26057486057486,True,0.8965367764015731,False
153,68,283.3333333333333,23.26057486057486,23.260227440555308,True,0.8986555613327116,False
154,69,287.5,23.261036928269522,23.261285692472132,True,0.8929718017577574,False
155,70,291.6666666666667,23.261285692472132,23.261036928269522,True,0.8934248252111372,False
156,71,295.8333333333333,23.280729004866934,23.298530728871288,True,0.8987979876657086,False
157,72,300.0,23.280729004866934,23.342247008913674,True,0.9069349360319561,False
158,73,304.16666666666663,23.280729004866934,23.344156055462534,True,0.9059728114919613,False
159,74,308.33333333333337,23.280729004866934,23.280729004866934,True,0.8917935115693352,False
160,75,312.5,23.258503401360546,23.257739882739884,True,0.8996060590046748,False
161,76,316.66666666666663,23.258503401360546,23.240085480217058,True,0.8874637939055676,False
162,77,320.83333333333337,23.257739882739884,23.25298469200908,True,0.8839283973751204,False
163,78,325.0,23.25298469200908,23.258503401360546,True,0.888909963143434,False
164,79,329.1666666666667,23.240085480217058,23.25916482520256,True,0.8782279696896099,False
165,80,333.3333333333333,20.707928707928705,20.707928707928705,True,0.8927678820611588,False
166,81,337.5,19.817979269592172,19.817979269592172,True,0.880815375088311,False
167,82,341.6666666666667,18.816816816816814,18.816816816816814,True,0.8684606607436928,False
168,83,345.8333333333333,17.634491634491635,17.634491634491635,True,0.8650467219788859,False
169,84,350.0,16.27927927927928,16.27927927927928,True,0.8721584609200632,False
170,85,354.1666666666667,14.795795795795796,14.795795795795796,True,0.8643676518221113,False
171,86,358.3333333333333,14.795795795795796,13.944556856321562,True,0.8670871994234723,False
172,87,362.5,14.795795795795796,14.016516516516516,True,0.8616778636660637,False
173,88,366.66666666666663,14.795795795795796,14.596750917584249,True,0.8585979595132759,False
174,89,370.83333333333337,15.03003003003003,15.03003003003003,True,0.8768850502817346,False
175,90,375.0,15.03003003003003,15.206217645146083,True,0.8731614979891701,False
176,91,379.16666666666663,15.03003003003003,15.213212053752592,True,0.844280105946365,False
177,92,383.33333333333337,15.03003003003003,15.076727019797936,True,0.8470222925058319,False
178,93,387.5,14.75241908575242,14.75241908575242,True,0.8427562686821016,False
179,94,391.6666666666667,14.75241908575242,14.219719719719718,True,0.8383509554513048,False
180,95,395.8333333333333,14.75241908575242,13.970819876480254,True,0.8326647004617838,False
181,96,400.0,14.75241908575242,14.231701398368065,True,0.8359778975991186,False
182,97,404.1666666666667,14.834834834834835,14.834834834834835,True,0.8368922809745581,False
183,98,408.3333333333333,15.261571916744328,15.261571916744328,True,0.837687460332397,False
184,99,412.5,15.261571916744328,15.444049312470364,True,0.8351285251042214,False
185,100,416.6666666666667,15.261571916744328,15.445338955977254,True,0.8333712131369022,False
186,101,420.8333333333333,15.261571916744328,15.312440099674141,True,0.8274784145175975,False
187,102,425.0,15.011658717541069,15.011658717541069,True,0.8251568256666618,False
188,103,429.16666666666663,14.895527204222855,14.64019282440335,True,0.8232412432362017,False
189,104,433.33333333333337,14.895527204222855,14.543715143715144,True,0.8220374960572288,False
190,105,437.5,14.751620041093723,14.735564135564134,True,0.8218137471574942,False
191,106,441.66666666666663,14.735564135564134,14.895527204222855,True,0.8233257518695275,False
192,107,445.83333333333337,14.735564135564134,14.919865070550003,True,0.8242893254547795,False
193,108,450.0,14.735564135564134,14.751620041093723,True,0.8209773606812175,False
194,109,454.1666666666667,14.6006006006006,14.6006006006006,True,0.8172352901873257,False
195,110,458.3333333333333,14.564040230706896,14.564040230706896,True,0.8196133385938311,False
196,111,462.5,14.533682860398685,14.533682860398685,True,0.8202737876174118,False
197,112,466.6666666666667,14.42207375915241,14.42207375915241,True,0.8206878683219132,False
198,113,470.8333333333333,14.258888518147778,14.258888518147778,True,0.821676576135539,False
199,114,475.0,14.135360924834607,14.135360924834607,True,0.8221316990814064,False
200,115,479.1666666666667,14.055653479566523,14.055653479566523,True,0.8235424440203566,False
201,116,483.3333333333333,13.912410236323279,13.912410236323279,True,0.8269147187328681,False
202,117,487.5,13.7563188095981,13.7563188095981,True,0.8310771287957084,False
203,118,491.66666666666663,13.665999332665997,13.624624624624625,True,0.8323940024282733,False
204,119,495.83333333333337,13.665999332665997,13.559266294560413,True,0.8810947182716974,False
205,120,500.0,13.665999332665997,13.5469532032032,True,0.8716372324699441,False
206,121,504.16666666666663,13.665999332665997,13.665999332665997,True,0.8708366044772882,False
207,122,508.3333333333333,13.81981981981982,13.81981981981982,True,0.8587698258882258,False
208,123,512.5,13.968583238410824,13.968583238410824,True,0.8316726981154372,False
209,124,516.6666666666667,14.08996996996997,14.08996996996997,True,0.8281791831773538,False
210,125,520.8333333333334,14.241704888562031,14.241704888562031,True,0.8225260899485298,False
211,126,525.0,14.308365508365508,14.308365508365508,True,0.8193937570283734,False
212,127,529.1666666666666,14.421096347758109,14.421096347758109,True,0.8325804537738252,False
213,128,533.3333333333334,14.522522522522522,14.522522522522522,True,0.8595676429982346,False
214,129,537.5,14.642826499969356,14.642826499969356,True,0.8595778090206482,False
215,130,541.6666666666666,14.681335786047827,14.697613781446117,True,0.8260307596347859,False
216,131,545.8333333333333,14.685364922933983,14.700604714303344,True,0.824341038058166,False
217,132,550.0,14.685364922933983,14.688486516072722,True,0.860730241568396,False
218,133,554.1666666666667,14.685364922933983,14.681335786047827,True,0.8530741420829635,False
219,134,558.3333333333334,14.681335786047827,14.685364922933983,True,0.8524746675477743,False
220,135,562.5,14.680306114975105,14.680306114975105,True,0.8573647441556154,False
221,136,566.6666666666666,14.620633791686421,14.620633791686421,True,0.8300002792061867,False
222,137,570.8333333333333,14.524720672707087,14.524720672707087,True,0.8313727382943742,False
223,138,575.0,14.358558558558558,14.358558558558558,True,0.8218887672955189,False
224,139,579.1666666666667,14.21021021021021,14.21021021021021,True,0.8610772740240854,False
225,140,583.3333333333334,14.106606606606606,14.106606606606606,True,0.866369924572175,False
226,141,587.5,13.999611856754711,13.999611856754711,True,0.870117106541195,False
227,142,591.6666666666666,13.85305177879435,13.85305177879435,True,0.8693462810069921,False
228,143,595.8333333333334,13.779753437648175,13.779753437648175,True,0.8686416170084822,False
229,144,600.0,13.65065065065065,13.65065065065065,True,0.8650093622285165,False
230,145,604.1666666666666,13.65065065065065,13.593267461009395,True,0.8727275000000396,False
231,146,608.3333333333333,13.65065065065065,13.519771587345367,True,0.8750697039805068,False
232,147,612.5,13.65065065065065,13.516119060236708,True,0.8335969048017,False
233,148,616.6666666666667,13.653209703308283,13.653209703308283,True,0.8299406214180419,False
234,149,620.8333333333334,13.870668988316046,13.870668988316046,True,0.8314540022282821,False
235,150,625.0,13.906862417973528,13.906862417973528,True,0.8290414028701076,False
236,151,629.1666666666666,13.979142275916468,13.979142275916468,True,0.8290700639999473,False
237,152,633.3333333333333,14.07123123123123,14.07123123123123,True,0.8299715320422323,False
238,153,637.5,14.171914771914771,14.171914771914771,True,0.8325104914258944,False
239,154,641.6666666666667,14.184516633421742,14.191354619926047,True,0.832048210844282,False
240,155,645.8333333333334,14.184516633421742,14.21146953405018,True,0.8340391559996065,False
241,156,650.0,14.184516633421742,14.21021021021021,True,0.8330248541257376,False
242,157,654.1666666666666,14.184516633421742,14.184516633421742,True,0.8340417052976252,False
243,158,658.3333333333334,14.134186818397342,14.134186818397342,True,0.8342223985474552,False
244,159,662.5,14.096125251465057,14.096125251465057,True,0.8327569215073019,False
245,160,666.6666666666666,14.088723993756986,14.088723993756986,True,0.8322049509180294,False
246,161,670.8333333333333,14.06190452179258,14.06190452179258,True,0.8294371126164635,False
247,162,675.0,13.989542734223585,13.989542734223585,True,0.8291335869766775,False
248,163,679.1666666666667,13.902474888681786,13.902474888681786,True,0.8296140757083607,False
249,164,683.3333333333334,13.81559938316695,13.81559938316695,True,0.8328945729688474,False
250,165,687.5,13.652280768573451,13.652280768573451,True,0.8314947506943875,False
251,166,691.6666666666666,13.5849124987056,13.574476915940329,True,0.8752480954820862,False
252,167,695.8333333333333,13.5849124987056,13.487004990602111,True,0.8743597645883103,False
253,168,700.0,13.5849124987056,13.507507507507507,True,0.8773029686179037,False
254,169,704.1666666666667,13.5849124987056,13.5849124987056,True,0.8646612137310683,False
255,170,708.3333333333334,13.709137709137709,13.709137709137709,True,0.8678442968161808,False
256,171,712.5,13.739372320297175,13.739372320297175,True,0.864113868151015,False
257,172,716.6666666666666,13.833452500119165,13.833452500119165,True,0.8644664294874291,False
258,173,720.8333333333334,13.943919529285383,13.943919529285383,True,0.8565931250233635,False
259,174,725.0,13.948029997210325,13.983112144402467,True,0.857103939186739,False
260,175,729.1666666666666,13.983112144402467,13.948029997210325,True,0.8532978255929003,False
261,176,733.3333333333333,14.022869166252802,14.022869166252802,True,0.8536631523360759,False
262,177,737.5,14.022869166252802,14.034199914199913,True,0.8544939701347967,False
263,178,741.6666666666667,14.022869166252802,14.04679553925785,True,0.8548096837069245,False
264,179,745.8333333333334,14.022869166252802,14.03200352862515,True,0.8579747021964086,False
265,180,750.0,13.975975975975976,13.975975975975976,True,0.8602262541635449,False
266,181,754.1666666666666,13.947424470025089,13.947424470025089,True,0.8615988594496956,False
267,182,758.3333333333333,13.903155088077769,13.903155088077769,True,0.8658409086616345,False
268,183,762.5,13.802227776365706,13.802227776365706,True,0.865846481350836,False
269,184,766.6666666666667,13.716224406224406,13.716224406224406,True,0.8651109251284819,False
270,185,770.8333333333334,13.660928444367935,13.660928444367935,True,0.8768852600166479,False
271,186,775.0,13.628013363823843,13.628013363823843,True,0.8646544303602985,False
272,187,779.1666666666666,13.605162317918785,13.596919500145306,True,0.8796737999238096,False
273,188,783.3333333333334,13.605162317918785,13.533799105227677,True,0.878264702427183,False
274,189,787.5,13.605162317918785,13.520520520520519,True,0.8720774235286651,False
275,190,791.6666666666666,13.605162317918785,13.605162317918785,True,0.833144780570984,False
276,191,795.8333333333333,13.727459166483555,13.727459166483555,True,0.8724601502579997,False
277,192,800.0,13.81006006006006,13.81006006006006,True,0.8299442272774078,False
278,193,804.1666666666667,13.814425901779595,13.814425901779595,True,0.8294040705300254,False
279,194,808.3333333333334,13.830423015608199,13.834520734326558,True,0.8284101150244003,False
280,195,812.5,13.830423015608199,13.84941393005909,True,0.8303436623811625,False
281,196,816.6666666666666,13.830423015608199,13.841208768656962,True,0.8310601047935788,False
282,197,820.8333333333333,13.830423015608199,13.830423015608199,True,0.8321249541330709,False
283,198,825.0,13.824871930754282,13.824871930754282,True,0.8309931135333987,False
284,199,829.1666666666667,13.790686208596656,13.790686208596656,True,0.8301944439963622,False
285,200,833.3333333333334,13.70213278972403,13.70213278972403,True,0.8701106360433454,False
286,201,837.5,13.649917377695155,13.649917377695155,True,0.8684368592146887,False
287,202,841.6666666666666,13.625206929618692,13.59473536036036,True,0.8758513702957547,False
288,203,845.8333333333334,13.625206929618692,13.58273185466168,True,0.8745144913001643,False
289,204,850.0,13.625206929618692,13.625206929618692,True,0.8775508177915712,False
290,205,854.1666666666666,13.625206929618692,13.601727162702772,True,0.8772435751409359,False
291,206,858.3333333333333,13.647614280947614,13.647614280947614,True,0.8799355767830781,False
292,207,862.5,13.659026934707498,13.659026934707498,True,0.8741129512531334,False
293,208,866.6666666666667,13.674923741242226,13.674923741242226,True,0.8687296659150205,False
294,209,870.8333333333334,13.693386568386567,13.693386568386567,True,0.868989095686469,False
295,210,875.0,13.717700751599056,13.752310321371095,True,0.8720661200021241,False
296,211,879.1666666666666,13.730330330330329,13.747318747318747,True,0.8692226104044498,False
297,212,883.3333333333333,13.747318747318747,13.730330330330329,True,0.8628433760238365,False
298,213,887.5,13.747318747318747,13.717700751599056,True,0.8637798311092315,False
299,214,891.6666666666667,13.731285044422625,13.75056966514253,True,0.8696598587614297,False
300,215,895.8333333333334,13.730330330330329,13.76007499211919,True,0.8673806935898034,False
301,216,900.0,13.717700751599056,13.731285044422625,True,0.8703438406440162,False
302,217,904.1666666666666,13.663663663663662,13.663663663663662,True,0.8702765110530977,False
303,218,908.3333333333334,13.663663663663662,13.663663663663662,True,0.869809742627069,False
304,219,912.5,13.614924313392505,13.614924313392505,True,0.8706451346533381,False
305,220,916.6666666666666,13.586805555555555,13.585585585585585,True,0.8731789017971497,False
306,221,920.8333333333333,13.585585585585585,13.586805555555555,True,0.878419222375503,False
307,222,925.0,13.585585585585585,13.565474565474565,True,0.8705627441200391,False
308,223,929.1666666666667,13.585585585585585,13.55100815100815,True,0.8681089890676504,False
309,224,933.3333333333334,13.586805555555555,13.55283335283335,True,0.8728465999618078,False
310,225,937.5,13.613539465391316,13.613539465391316,True,0.8729899179747133,False
311,226,941.6666666666666,13.648129338895888,13.648129338895888,True,0.8704556096059346,False
312,227,945.8333333333333,13.6513013013013,13.663663663663662,True,0.8700525609416514,False
313,228,950.0,13.6513013013013,13.663663663663662,True,0.8697555040476501,False
314,229,954.1666666666667,13.6513013013013,13.663663663663662,True,0.8694999007626167,False
315,230,958.3333333333334,13.6513013013013,13.6513013013013,True,0.8719735208874064,False
316,231,962.5,13.590439087736385,13.590439087736385,True,0.8710857142757414,False
317,232,966.6666666666666,13.573073073073072,13.573073073073072,True,0.8718076878704054,False
318,233,970.8333333333334,13.573073073073072,13.532843843843843,True,0.8677311477969271,False
319,234,975.0,13.573073073073072,13.528527462310524,True,0.8684266733972591,False
320,235,979.1666666666666,13.573073073073072,13.54719181991909,True,0.8682208278168668,False
321,236,983.3333333333333,13.571643783722434,13.585476537990504,True,0.8699868852843213,False
322,237,987.5,13.571643783722434,13.585585585585585,True,0.8712644519886056,False
323,238,991.6666666666667,13.580214647630735,13.580214647630735,True,0.8729592863369303,False
324,239,995.8333333333334,13.58178178178178,13.571643783722434,True,0.8716881196760583,False
325,240,1000.0,13.580214647630735,13.56135445790618,True,0.8786366219606448,False
326,241,1004.1666666666666,13.571643783722434,13.58178178178178,True,0.8764699708016971,False
327,242,1008.3333333333333,13.564689689689686,13.58178178178178,True,0.8760901761276899,False
328,243,1012.5,13.56135445790618,13.560528175234056,True,0.8678948765706272,False
329,244,1016.6666666666666,13.560528175234056,13.564689689689686,True,0.8765745925929295,False
330,245,1020.8333333333333,13.553644553644553,13.553644553644553,True,0.8662153870198027,False
331,246,1025.0,13.507507507507507,13.507507507507507,True,0.8698839296433483,False
332,247,1029.1666666666665,13.507507507507507,13.506639973306639,True,0.8698397615782079,False
333,248,1033.3333333333335,13.507507507507507,13.498629171042962,True,0.8670552310402188,False
334,249,1037.5,13.507507507507507,13.507507507507507,True,0.8673203595235572,False
335,250,1041.6666666666667,13.51623992413466,13.51623992413466,True,0.8690546885260274,False
336,251,1045.8333333333335,13.556075491549944,13.557418177671341,True,0.8715987440496573,True
337,252,1050.0,13.556075491549944,13.556075491549944,True,0.870127762709789,True
338,253,1054.1666666666667,13.556075491549944,13.559388335704124,True,0.8697367088498543,True
339,254,1058.3333333333333,13.556075491549944,13.558686536016403,True,0.8698941563198197,True
340,255,1062.5,13.532796947891287,13.532796947891287,True,0.8720764262423494,True
341,256,1066.6666666666667,13.532796947891287,13.52408214042856,True,0.8709476124551462,True
342,257,1070.8333333333333,13.532796947891287,13.522901682564576,True,0.8688009175579352,True
343,258,1075.0,13.532796947891287,13.529269382376725,True,0.8684258987191723,False
344,259,1079.1666666666665,13.54069069069069,13.54069069069069,True,0.8700628597935688,False
345,260,1083.3333333333333,13.560239703162921,13.560239703162921,True,0.8697726797520124,False
346,261,1087.5,13.568005805893192,13.570015101807009,True,0.8683982976943226,False
347,262,1091.6666666666665,13.570015101807009,13.570248820248821,True,0.8636914934774058,False
348,263,1095.8333333333335,13.570248820248821,13.578948948948948,True,0.8665387836508701,False
349,264,1100.0,13.578948948948948,13.568005805893192,True,0.8675393136754201,False
350,265,1104.1666666666667,13.615342615342614,13.615342615342614,True,0.8728534617403165,False
351,266,1108.3333333333335,13.625170625170625,13.630453915675306,True,0.8732580112119969,False
352,267,1112.5,13.630453915675306,13.625170625170625,True,0.8628438914925182,False
353,268,1116.6666666666667,13.668556153052275,13.668556153052275,True,0.8682859752334183,False
354,269,1120.8333333333333,13.686599099099098,13.686599099099098,True,0.8683481327754224,False
355,270,1125.0,13.691457762109936,13.691521053951991,True,0.8702585869106603,False
356,271,1129.1666666666667,13.691521053951991,13.691457762109936,True,0.870413907162209,False
357,272,1133.3333333333333,13.757159333246289,13.757159333246289,True,0.8687357682783211,False
358,273,1137.5,13.77341492435832,13.77341492435832,True,0.8698929913858775,False
359,274,1141.6666666666665,13.78078078078078,13.78078078078078,True,0.8716459085800802,False
360,275,1145.8333333333333,13.791984949430304,13.791984949430304,True,0.8646927544713818,False
361,276,1150.0,13.855199315322013,13.855199315322013,True,0.8624591252996957,False
362,277,1154.1666666666665,13.901071689983288,13.901071689983288,True,0.8643884424335642,False
363,278,1158.3333333333335,13.964774064160567,13.964774064160567,True,0.8623717071732901,False
364,279,1162.5,14.026268793710653,14.026268793710653,True,0.8647606742496898,False
365,280,1166.6666666666667,14.113461287374331,14.113461287374331,True,0.8620060004478526,False
366,281,1170.8333333333335,14.188406978886363,14.188406978886363,True,0.8601797594096919,False
367,282,1175.0,14.215356340164966,14.215356340164966,True,0.8564718718076523,False
368,283,1179.1666666666667,14.318497068497068,14.318497068497068,True,0.867957501168527,False
369,284,1183.3333333333333,14.426013018668383,14.426013018668383,True,0.8633227027554217,False
370,285,1187.5,14.602040952242564,14.602040952242564,True,0.8744696855622678,False
371,286,1191.6666666666667,14.74547277712495,14.74547277712495,True,0.868381060778715,False
372,287,1195.8333333333333,14.976413339945449,14.976413339945449,True,0.86086277642146,False
373,288,1200.0,15.24003313658486,15.24003313658486,True,0.8649278857813383,False
374,289,1204.1666666666665,15.540845930676438,15.540845930676438,True,0.8655347064427803,False
375,290,1208.3333333333333,15.935615922828198,15.935615922828198,True,0.8797811788493097,False
376,291,1212.5,16.454954954954953,16.454954954954953,True,0.8839180763904705,False
377,292,1216.6666666666665,17.040157804863686,17.040157804863686,True,0.8688479140049412,False
378,293,1220.8333333333335,17.864796614796614,17.864796614796614,True,0.8815650305419017,False
379,294,1225.0,18.99843321582452,18.99843321582452,True,0.8799093375366841,False
380,295,1229.1666666666667,23.11708178767002,23.11708178767002,True,0.8550053211608116,False
381,296,1233.3333333333335,23.183234081539165,23.183234081539165,True,0.8919112615469987,False
382,297,1237.5,23.280905198984296,23.304237661574618,True,0.8939714589165375,False
383,298,1241.6666666666667,23.280905198984296,23.357975622681504,True,0.896445672845319,False
384,299,1245.8333333333333,23.280905198984296,23.324140429468045,True,0.8959171595084549,False
385,300,1250.0,23.280905198984296,23.280905198984296,True,0.8915715903407481,False
386,301,1254.1666666666667,23.246246246246244,23.246246246246244,True,0.8926374169208946,False
387,302,1258.3333333333333,23.22149735942839,23.22149735942839,True,0.8951671759147048,False
388,303,1262.5,23.22149735942839,23.19078914980554,True,0.892420295410177,False
389,304,1266.6666666666665,23.22149735942839,23.20568395436701,True,0.8957121288885694,False
390,305,1270.8333333333333,23.22149735942839,23.218313551646887,True,0.8929411090112075,False
391,306,1275.0,23.263866138866135,23.263866138866135,True,0.8921029475246297,False
392,307,1279.1666666666665,23.27432824128476,23.276748176748175,True,0.8956317214220273,False
393,308,1283.3333333333335,23.27432824128476,23.28258258258258,True,0.8956961541181974,False
394,309,1287.5,23.27432824128476,23.27432824128476,True,0.8957192889343661,False
395,310,1291.6666666666667,23.27432824128476,23.27629701047422,True,0.9070629517940703,False
396,311,1295.8333333333335,23.258062039312037,23.258062039312037,True,0.9018800272434333,False
397,312,1300.0,23.258062039312037,23.25326250561688,True,0.9015008809091201,False
398,313,1304.1666666666667,23.258062039312037,23.239666984057227,True,0.8917019836958279,False
399,314,1308.3333333333333,23.258062039312037,23.2395438917178,True,0.8941236377075312,False
400,315,1312.5,23.287177177177174,23.287177177177174,True,0.8950542187420345,False
401,316,1316.6666666666667,23.287177177177174,23.313404313404316,True,0.8991464564641023,False
402,317,1320.8333333333333,23.287177177177174,23.340892113779955,True,0.8949649989392215,False
403,318,1325.0,23.287177177177174,23.31374231374231,True,0.8937003588231036,False
404,319,1329.1666666666665,23.27842127842128,23.27842127842128,True,0.8930464151043577,False
405,320,1333.3333333333333,23.27842127842128,23.27207371530217,True,0.8958656005207828,False
406,321,1337.5,23.27842127842128,23.245297245297245,True,0.8948766823659878,False
407,322,1341.6666666666665,23.27842127842128,23.257760195468475,True,0.8960216859611829,False
408,323,1345.8333333333335,23.287674037674037,23.287674037674037,True,0.8946874916460547,False
409,324,1350.0,23.306365762655737,23.306365762655737,True,0.8923590131985281,False
410,325,1354.1666666666667,23.306365762655737,23.339308380545496,True,0.9037370087074733,False
411,326,1358.3333333333335,23.306365762655737,23.335682216870335,True,0.9074864558386305,False
412,327,1362.5,23.306365762655737,23.307444056077937,True,0.8970055644941628,False
413,328,1366.6666666666667,23.285916932975756,23.285916932975756,True,0.9037163678308199,False
414,329,1370.8333333333333,23.26188186071907,23.26188186071907,True,0.8984856656826888,False
415,330,1375.0,23.21294461617042,23.19709163709164,True,0.8914958938879364,False
416,331,1379.1666666666667,23.19709163709164,23.19334227844866,True,0.8950999301734541,False
417,332,1383.3333333333333,23.19334227844866,23.21294461617042,True,0.880222079239708,False
418,333,1387.5,20.87229451673896,20.87229451673896,True,0.8794588086788042,False
419,334,1391.6666666666665,20.157157157157158,20.157157157157158,True,0.8731818208335056,False
420,335,1395.8333333333333,19.112862862862862,19.112862862862862,True,0.8767392648790612,False
421,336,1400.0,17.910700173858068,17.910700173858068,True,0.8836178406833856,False
422,337,1404.1666666666665,16.623741388447268,16.623741388447268,True,0.8617502662866191,False
423,338,1408.3333333333335,15.219061166429588,15.219061166429588,True,0.8641318414722947,False
424,339,1412.5,14.947881214547882,14.027327327327326,True,0.8735666998923683,False
425,340,1416.6666666666667,14.947881214547882,14.025089605734767,True,0.8121767616150485,False
426,341,1420.8333333333335,14.947881214547882,14.43627348278511,True,0.8211434647147988,False
427,342,1425.0,14.947881214547882,14.947881214547882,True,0.8254098264554459,False
428,343,1429.1666666666667,14.947881214547882,15.288663663663662,True,0.8294282497528714,False
429,344,1433.3333333333333,14.947881214547882,15.346146625093992,True,0.8799137759365263,False
430,345,1437.5,14.947881214547882,15.264264264264263,True,0.8839234077234049,False
431,346,1441.6666666666667,14.912912912912912,14.912912912912912,True,0.8834190285360686,False
432,347,1445.8333333333333,14.864114114114113,14.44537220146976,True,0.8296474910145968,False
433,348,1450.0,14.864114114114113,14.177135468802136,True,0.88648166655768,False
434,349,1454.1666666666665,14.864114114114113,14.296096096096095,True,0.8844663097802421,False
435,350,1458.3333333333333,14.864114114114113,14.864114114114113,True,0.8845855740430916,False
436,351,1462.5,15.444959244959245,15.444959244959245,True,0.8862061161040768,False
437,352,1466.6666666666665,15.445076655602971,15.693693693693692,True,0.8874758830219039,False
438,353,1470.8333333333335,15.445076655602971,15.832571998578649,True,0.8863270608383242,False
439,354,1475.0,15.445076655602971,15.760868977085194,True,0.8849173299315636,False
440,355,1479.1666666666667,15.445076655602971,15.445076655602971,True,0.8684687027848266,False
441,356,1483.3333333333335,15.145412078745412,15.063063063063064,True,0.8706205200536616,False
442,357,1487.5,15.090327951714091,14.892245186362834,True,0.8746398419322571,False
443,358,1491.6666666666667,15.063063063063064,14.99944944944945,True,0.8237860169759389,False
444,359,1495.8333333333333,14.99944944944945,15.145412078745412,True,0.8227844198105734,False
445,360,1500.0,14.91403903903904,15.090327951714091,True,0.82203678280671,False
446,361,1504.1666666666667,14.91403903903904,14.91403903903904,True,0.8158594666350975,False
447,362,1508.3333333333333,14.759384301684367,14.759384301684367,True,0.8163082346192938,False
448,363,1512.5,14.677606177606178,14.677606177606178,True,0.8156019609961793,False
449,364,1516.6666666666665,14.629966249435276,14.629966249435276,True,0.8083679901939045,False
450,365,1520.8333333333333,14.494516064886435,14.494516064886435,True,0.8112061113644395,False
451,366,1525.0,14.388922255588922,14.388922255588922,True,0.8105206585221322,False
452,367,1529.1666666666665,14.250136500136499,14.250136500136499,True,0.8104055022747381,False
453,368,1533.3333333333335,14.132132132132131,14.132132132132131,True,0.8087495457509732,False
454,369,1537.5,13.951668649781857,13.951668649781857,True,0.8083557863722686,False
455,370,1541.6666666666667,13.69947441047185,13.69947441047185,True,0.8094095620671281,False
456,371,1545.8333333333335,13.674527360694025,13.517068088496659,True,0.852164011001699,False
457,372,1550.0,13.674527360694025,13.466483432585127,True,0.8480939119445683,False
458,373,1554.1666666666667,13.674527360694025,13.569015058223691,True,0.8593737288394371,False
459,374,1558.3333333333333,13.674527360694025,13.674527360694025,True,0.8599576696196198,False
460,375,1562.5,13.857675857675858,13.857675857675858,True,0.8565500906584492,False
461,376,1566.6666666666667,13.992668620961958,13.992668620961958,True,0.8557520953207818,False
462,377,1570.8333333333333,14.16076076076076,14.16076076076076,True,0.8512362451164944,False
463,378,1575.0,14.288288288288287,14.288288288288287,True,0.8519793749888367,False
464,379,1579.1666666666665,14.37904100138737,14.37904100138737,True,0.8352759384123141,False
465,380,1583.3333333333333,14.538022961266911,14.538022961266911,True,0.8583623722156263,False
466,381,1587.5,14.654313808932281,14.654313808932281,True,0.8573639350552781,False
467,382,1591.6666666666665,14.708031339610285,14.708031339610285,True,0.8545239142509309,False
468,383,1595.8333333333335,14.720433476955215,14.753622812446341,True,0.8099010383990791,False
469,384,1600.0,14.720433476955215,14.740817740817741,True,0.8316843176250283,False
470,385,1604.1666666666667,14.720433476955215,14.720433476955215,True,0.8342977907315945,False
471,386,1608.3333333333335,14.720433476955215,14.74259041650346,True,0.8125361225568353,False
472,387,1612.5,14.69628672451253,14.69628672451253,True,0.8389018040944886,False
473,388,1616.6666666666667,14.69361307616341,14.69361307616341,True,0.848233297924536,False
474,389,1620.8333333333333,14.616489930215419,14.616489930215419,True,0.8603036947255932,False
475,390,1625.0,14.513554094635175,14.513554094635175,True,0.8608988081088331,False
476,391,1629.1666666666667,14.40604018652799,14.40604018652799,True,0.8401603356621022,False
477,392,1633.3333333333333,14.24881183704713,14.24881183704713,True,0.8525269390089552,False
478,393,1637.5,14.073573573573572,14.073573573573572,True,0.8596283243340397,False
479,394,1641.6666666666665,13.969693114377367,13.969693114377367,True,0.8567548336929515,False
480,395,1645.8333333333333,13.856656145365536,13.856656145365536,True,0.8126152578169084,False
481,396,1650.0,13.740023041909835,13.740023041909835,True,0.8636584366572688,False
482,397,1654.1666666666665,13.623334077879532,13.623334077879532,True,0.8519883629391573,False
483,398,1658.3333333333335,13.623334077879532,13.543601534293392,True,0.8514045412633956,False
484,399,1662.5,13.623334077879532,13.536454822169107,True,0.8542698711434952,False
485,400,1666.6666666666667,13.623334077879532,13.593437257482199,True,0.8506325994711552,False
486,401,1670.8333333333335,13.702702702702702,13.702702702702702,True,0.8480198688505185,False
487,402,1675.0,13.838211738339167,13.838211738339167,True,0.8074352222355943,False
488,403,1679.1666666666667,13.954287620954288,13.954287620954288,True,0.8029643647887024,False
489,404,1683.3333333333333,14.065208065208065,14.065208065208065,True,0.8029243943649361,False
490,405,1687.5,14.180030030030029,14.180030030030029,True,0.8065071075309205,False
491,406,1691.6666666666667,14.276808164096298,14.276808164096298,True,0.8053127096965279,False
492,407,1695.8333333333333,14.304814016470457,14.304814016470457,True,0.803730154970339,False
493,408,1700.0,14.304814016470457,14.31687044187044,True,0.804547197587015,False
494,409,1704.1666666666665,14.304814016470457,14.342024377318495,True,0.8055072871393779,False
495,410,1708.3333333333333,14.304814016470457,14.333943116242857,True,0.8044738851428966,False
496,411,1712.5,14.275091993401851,14.275091993401851,True,0.8060699893391885,False
497,412,1716.6666666666665,14.21985703157352,14.21985703157352,True,0.8060125007425645,False
498,413,1720.8333333333335,14.18102388102388,14.18102388102388,True,0.8047139527608488,False
499,414,1725.0,14.124389886069276,14.124389886069276,True,0.8060134953006167,False
500,415,1729.1666666666667,14.046896896896897,14.046896896896897,True,0.8060496636762233,False
501,416,1733.3333333333335,13.93218218218218,13.93218218218218,True,0.8065618761820308,False
502,417,1737.5,13.813495059305115,13.813495059305115,True,0.808170979502585,False
503,418,1741.6666666666667,13.666364315810984,13.666364315810984,True,0.8074421551029918,False
504,419,1745.8333333333333,13.527872027872029,13.508053845925133,True,0.8564520870447256,False
505,420,1750.0,13.527872027872029,13.434070434070433,True,0.8514796406718343,False
506,421,1754.1666666666667,13.527872027872029,13.425407225407223,True,0.8494208935143993,False
507,422,1758.3333333333333,13.527872027872029,13.527872027872029,True,0.8530596589084507,False
508,423,1762.5,13.64463213213213,13.64463213213213,True,0.8616419863172198,False
509,424,1766.6666666666665,13.78078078078078,13.78078078078078,True,0.8587780989286485,False
510,425,1770.8333333333333,13.906430001206353,13.906430001206353,True,0.8614424704626633,False
511,426,1775.0,13.987734722674482,13.987734722674482,True,0.8596366327770808,False
512,427,1779.1666666666665,14.06010172130246,14.06010172130246,True,0.8590264274740166,False
513,428,1783.3333333333335,14.150410526133069,14.150410526133069,True,0.8607145262655793,False
514,429,1787.5,14.190236748376282,14.190236748376282,True,0.8576945743543711,False
515,430,1791.6666666666667,14.209359872517767,14.209359872517767,True,0.8584405226429235,False
516,431,1795.8333333333335,14.21021021021021,14.280065387011913,True,0.8580216239750564,False
517,432,1800.0,14.21021021021021,14.255255255255253,True,0.8575414597861764,False
518,433,1804.1666666666667,14.21021021021021,14.224492785468394,True,0.8580232014299514,False
519,434,1808.3333333333333,14.21021021021021,14.21021021021021,True,0.8595077344514109,False
520,435,1812.5,14.19829388211741,14.19829388211741,True,0.8580828865033912,False
521,436,1816.6666666666667,14.120339966134358,14.120339966134358,True,0.8586337888583904,False
522,437,1820.8333333333333,14.039774774774775,14.039774774774775,True,0.8587409756638559,False
523,438,1825.0,13.917975117975118,13.917975117975118,True,0.8594325248937671,False
524,439,1829.1666666666665,13.824956010141195,13.824956010141195,True,0.8607302058062012,False
525,440,1833.3333333333333,13.718626521258098,13.718626521258098,True,0.8600140249570848,False
526,441,1837.5,13.624624624624625,13.624624624624625,True,0.8611281906677465,False
527,442,1841.6666666666665,13.521041041041041,13.521041041041041,True,0.850688258329154,False
528,443,1845.8333333333335,13.521041041041041,13.518110703295887,True,0.8501372547801077,False
529,444,1850.0,13.521041041041041,13.490455973214592,True,0.8510174826469851,False
530,445,1854.1666666666667,13.521041041041041,13.504438761417896,True,0.8501893759154008,False
531,446,1858.3333333333335,13.589040088145405,13.589040088145405,True,0.8563050696093206,False
532,447,1862.5,13.71293362327845,13.71293362327845,True,0.8552493167165482,False
533,448,1866.6666666666667,13.750979843732487,13.750979843732487,True,0.8611400430837591,False
534,449,1870.8333333333333,13.85863113113113,13.85863113113113,True,0.8591007689812603,False
535,450,1875.0,13.93429936946292,13.93429936946292,True,0.8110658600086755,False
536,451,1879.1666666666667,13.93429936946292,13.945613641793106,True,0.8105691994633641,False
537,452,1883.3333333333333,13.93429936946292,13.96239391206388,True,0.8501727304045059,False
538,453,1887.5,13.93429936946292,13.93594231173849,True,0.8075919293650792,False
539,454,1891.6666666666665,13.891825158491825,13.891825158491825,True,0.8090046395382914,False
540,455,1895.8333333333333,13.82265089516998,13.82265089516998,True,0.810937888348594,False
541,456,1900.0,13.755935780741982,13.755935780741982,True,0.8582073419974234,False
542,457,1904.1666666666665,13.687751581368602,13.687751581368602,True,0.8531685857416544,False
543,458,1908.3333333333335,13.62687147579234,13.62687147579234,True,0.8543787509695254,False
544,459,1912.5,13.526831334016277,13.52074683379031,True,0.8559659711766393,False
545,460,1916.6666666666667,13.526831334016277,13.49085449085449,True,0.8545420981978543,False
546,461,1920.8333333333335,13.526831334016277,13.493073956600574,True,0.8544074840209491,False
547,462,1925.0,13.526831334016277,13.526831334016277,True,0.8549302772338105,False
548,463,1929.1666666666667,13.529897544603426,13.529897544603426,True,0.8551418279015389,False
549,464,1933.3333333333333,13.604077761972498,13.604077761972498,True,0.8539506182749502,False
550,465,1937.5,13.67256730414625,13.67256730414625,True,0.8644191126206501,False
551,466,1941.6666666666667,13.738628198750899,13.738628198750899,True,0.8521100336106301,False
552,467,1945.8333333333333,13.780151118860797,13.780151118860797,True,0.867521370505033,False
553,468,1950.0,13.792105082181418,13.800417183650715,True,0.8647091767041448,False
554,469,1954.1666666666665,13.800417183650715,13.824795232757392,True,0.8651093465337595,False
555,470,1958.3333333333333,13.809947878913396,13.848071755966492,True,0.8643565116802805,False
556,471,1962.5,13.809947878913396,13.792105082181418,True,0.8596445124757602,False
557,472,1966.6666666666665,13.809947878913396,13.821363736617974,True,0.8608641617500882,False
558,473,1970.8333333333335,13.792105082181418,13.809947878913396,True,0.8654569015164382,False
559,474,1975.0,13.70210668683951,13.70210668683951,True,0.8617651636549555,False
560,475,1979.1666666666667,13.670552905847023,13.667491020432196,True,0.8645408346063977,False
561,476,1983.3333333333335,13.667491020432196,13.670552905847023,True,0.8556331423727619,False
562,477,1987.5,13.587282935109021,13.587282935109021,True,0.8547062386083238,False
563,478,1991.6666666666667,13.521433714416169,13.521433714416169,True,0.8516472826682843,False
564,479,1995.8333333333333,13.521433714416169,13.474361153606436,True,0.8499732885851191,False
565,480,2000.0,13.521433714416169,13.434076934076932,True,0.8538548854829467,False
566,481,2004.166666666667,13.521433714416169,13.475904475904477,True,0.8512282034952305,False
567,482,2008.3333333333333,13.545469607538571,13.545469607538571,True,0.8545930764220081,False
568,483,2012.5000000000002,13.612364430546249,13.612364430546249,True,0.8552448816531524,False
569,484,2016.6666666666665,13.655797540634707,13.655797540634707,True,0.8532908893448944,False
570,485,2020.8333333333335,13.661720544073484,13.694187888676078,True,0.8576587150015932,False
571,486,2025.0,13.661720544073484,13.69812627753804,True,0.8536512857761342,False
572,487,2029.1666666666667,13.661720544073484,13.699810922033144,True,0.8568350157091807,False
573,488,2033.3333333333333,13.661720544073484,13.661720544073484,True,0.8557478859635772,False
574,489,2037.5,13.603941690034405,13.603941690034405,True,0.8544338184725455,False
575,490,2041.6666666666665,13.565136565136564,13.565136565136564,True,0.8544782846735702,False
576,491,2045.8333333333335,13.516004239533652,13.516004239533652,True,0.8512814366954682,False
577,492,2050.0,13.516004239533652,13.477530502078304,True,0.8532411957132223,False
578,493,2054.1666666666665,13.516004239533652,13.456252170537885,True,0.8530208403389515,False
579,494,2058.333333333333,13.516004239533652,13.486111711231615,True,0.8526226490154695,False
580,495,2062.5,13.527421672727579,13.527421672727579,True,0.8523379486029731,False
581,496,2066.666666666667,13.559554702145219,13.559805088106975,True,0.8538553642860955,False
582,497,2070.8333333333335,13.559805088106975,13.559554702145219,True,0.8542088623477417,False
583,498,2075.0,13.59490668906463,13.59490668906463,True,0.8551342278932125,False
584,499,2079.1666666666665,13.620098359228793,13.624624624624625,True,0.8556028408461801,False
585,500,2083.3333333333335,13.624624624624625,13.624624624624625,True,0.8547022560135155,False
586,501,2087.5,13.624624624624625,13.62567265251829,True,0.854541830732635,False
587,502,2091.666666666667,13.624624624624625,13.620098359228793,True,0.8545536789204344,False
588,503,2095.833333333333,13.620098359228793,13.639780957428014,True,0.8551680419668404,True
589,504,2100.0,13.613079867856936,13.613079867856936,True,0.8551165769643155,True
590,505,2104.1666666666665,13.585979919313251,13.585979919313251,True,0.8541074867579359,True
591,506,2108.3333333333335,13.556361952703417,13.556361952703417,True,0.8547637050911928,True
592,507,2112.5,13.53078544382892,13.53078544382892,True,0.8561213105467923,True
593,508,2116.6666666666665,13.512247444585146,13.512247444585146,True,0.854365848736022,True
594,509,2120.833333333333,13.496084325006384,13.496084325006384,True,0.854481546476282,True
595,510,2125.0,13.496084325006384,13.486341763450195,True,0.8521892892889665,False
596,511,2129.166666666667,13.496084325006384,13.473673673673673,True,0.8524863988629714,False
597,512,2133.3333333333335,13.496084325006384,13.485233699957625,True,0.853192682108912,False
598,513,2137.5,13.497816160996077,13.497816160996077,True,0.8513464152798018,False
599,514,2141.6666666666665,13.509618648062062,13.509618648062062,True,0.8545459228982097,False
600,515,2145.8333333333335,13.522175354545295,13.522531834159741,True,0.8525723640138989,False
601,516,2150.0,13.522531834159741,13.522175354545295,True,0.8524142258832903,False
602,517,2154.166666666667,13.525775775775776,13.525775775775776,True,0.852282168961743,False
603,518,2158.333333333333,13.525775775775776,13.529889889889889,True,0.8524665690460383,False
604,519,2162.5,13.525775775775776,13.527027027027026,True,0.8555772213215317,False
605,520,2166.6666666666665,13.525775775775776,13.528768747834624,True,0.854516380549069,False
606,521,2170.8333333333335,13.511896511896511,13.511896511896511,True,0.8523924241708294,False
607,522,2175.0,13.511896511896511,13.507507507507507,True,0.8515795735236504,False
608,523,2179.1666666666665,13.511896511896511,13.502485620541176,True,0.8535299975953754,False
609,524,2183.333333333333,13.511896511896511,13.508278840383207,True,0.854340148893737,False
610,525,2187.5,13.527566240273423,13.527566240273423,True,0.8516681848403846,False
611,526,2191.666666666667,13.544509727118422,13.544509727118422,True,0.8520087045695324,False
612,527,2195.8333333333335,13.571880391029326,13.571880391029326,True,0.8523096675588064,False
613,528,2200.0,13.5960582146219,13.5960582146219,True,0.8522968738587843,False
614,529,2204.1666666666665,13.661947661947663,13.661947661947663,True,0.8550220384438304,False
615,530,2208.3333333333335,13.681253859106208,13.681253859106208,True,0.8548564128642098,False
616,531,2212.5,13.741741741741741,13.741741741741741,True,0.8618864458185418,False
617,532,2216.666666666667,13.810785188692163,13.810785188692163,True,0.8617114273711274,False
618,533,2220.833333333333,13.886358823067685,13.886358823067685,True,0.8616248055873291,False
619,534,2225.0,13.90788462881486,13.90788462881486,True,0.8613650165514883,False
620,535,2229.1666666666665,14.003932965223287,14.003932965223287,True,0.8599636978622073,False
621,536,2233.3333333333335,14.128414128414128,14.128414128414128,True,0.862013740646617,False
622,537,2237.5,14.22984984984985,14.22984984984985,True,0.8621532046320596,False
623,538,2241.6666666666665,14.348876959879796,14.348876959879796,True,0.861877155056437,False
624,539,2245.833333333333,14.484206428650873,14.484206428650873,True,0.8580998957809515,False
625,540,2250.0,14.653089762572087,14.653089762572087,True,0.844195540369474,False
626,541,2254.166666666667,14.847327327327326,14.847327327327326,True,0.8609023724282294,False
627,542,2258.3333333333335,15.08975004148046,15.08975004148046,True,0.8516529194096604,False
628,543,2262.5,15.361081081081082,15.361081081081082,True,0.854768615684028,False
629,544,2266.6666666666665,15.705405405405404,15.705405405405404,True,0.8548650264033593,False
630,545,2270.8333333333335,16.113001890779667,16.113001890779667,True,0.7919795238202176,False
631,546,2275.0,16.61241241241241,16.61241241241241,True,0.7859656392547567,False
632,547,2279.166666666667,17.287196287196284,17.287196287196284,True,0.8618965524640525,False
633,548,2283.333333333333,18.145345345345344,18.145345345345344,True,0.8591488017085069,False
634,549,2287.5,19.45066885066885,19.45066885066885,True,0.8874778184313304,False
635,550,2291.6666666666665,23.118168168168165,23.118168168168165,True,0.866733047848238,False
636,551,2295.8333333333335,23.178542178542177,23.178542178542177,True,0.8838236243952331,False
637,552,2300.0,23.268760445589713,23.268760445589713,True,0.881196712729698,False
638,553,2304.1666666666665,23.268760445589713,23.339181286549707,True,0.8880871573873697,False
639,554,2308.333333333333,23.268760445589713,23.31087188883799,True,0.8891005115766147,False
640,555,2312.5,23.268760445589713,23.31056511056511,True,0.8880351315021302,False
641,556,2316.666666666667,23.199115782449113,23.17942942942943,True,0.8880629577260504,False
642,557,2320.8333333333335,23.195498528831862,23.199115782449113,True,0.8908589562879984,False
643,558,2325.0,23.195498528831862,23.195498528831862,True,0.8895007481122778,False
644,559,2329.1666666666665,23.195498528831862,23.145418145418144,True,0.8894508597237809,False
645,560,2333.3333333333335,23.199115782449113,23.13826870348609,True,0.8877901835462285,False
646,561,2337.5,23.238398061927473,23.238398061927473,True,0.8905050763832966,False
647,562,2341.666666666667,23.267267267267265,23.342247008913674,True,0.8901322776199416,False
648,563,2345.833333333333,23.267267267267265,23.354037055923847,True,0.892735068513604,False
649,564,2350.0,23.267267267267265,23.301426426426424,True,0.8923648051015083,False
650,565,2354.1666666666665,23.267267267267265,23.267267267267265,True,0.8905361346707598,False
651,566,2358.3333333333335,23.249149149149144,23.24124124124124,True,0.8926662193382185,False
652,567,2362.5,23.249149149149144,23.216509192118945,True,0.8910203153555919,False
653,568,2366.6666666666665,23.249149149149144,23.246058558558556,True,0.8899773298819615,False
654,569,2370.833333333333,23.249149149149144,23.249149149149144,True,0.8913996553386353,False
655,570,2375.0,23.256113256113252,23.256113256113252,True,0.8895695305752219,False
656,571,2379.166666666667,23.269563681328385,23.269563681328385,True,0.8913625477052968,False
657,572,2383.3333333333335,23.269563681328385,23.309993326659992,True,0.891079817328119,False
658,573,2387.5,23.269563681328385,23.328614328614325,True,0.8919089049916284,False
659,574,2391.6666666666665,23.276671252533323,23.335922129025573,True,0.8912025644558932,False
660,575,2395.8333333333335,23.281119829506927,23.254254254254253,True,0.8900280687747137,False
661,576,2400.0,23.281119829506927,23.243459368459366,True,0.8928342226382345,False
662,577,2404.166666666667,23.281119829506927,23.276671252533323,True,0.8904142438449315,False
663,578,2408.333333333333,23.281119829506927,23.281119829506927,True,0.8908625999186947,False
664,579,2412.5,23.28375041708375,23.306306306306304,True,0.8907007168747075,False
665,580,2416.6666666666665,23.28375041708375,23.333454324590505,True,0.8902575313462006,False
666,581,2420.8333333333335,23.28375041708375,23.322621128591276,True,0.8809291856563026,False
667,582,2425.0,23.28375041708375,23.28375041708375,True,0.8735243310959534,False
668,583,2429.1666666666665,23.203115396097854,23.203115396097854,True,0.8551714181272693,False
669,584,2433.333333333333,20.68232518232518,20.68232518232518,True,0.852011713393617,False
670,585,2437.5,19.81361361361361,19.81361361361361,True,0.850478423184514,False
671,586,2441.666666666667,18.766417210861654,18.766417210861654,True,0.8464457244821317,False
672,587,2445.8333333333335,17.59241059241059,17.59241059241059,True,0.8114025056428167,False
673,588,2450.0,16.25975975975976,16.25975975975976,True,0.8084258909116641,False
674,589,2454.1666666666665,14.773487773487773,14.773487773487773,True,0.8127632973018526,False
675,590,2458.3333333333335,14.773487773487773,13.793793793793792,True,0.8303796904426903,False
676,591,2462.5,14.773487773487773,13.890090090090089,True,0.8098164192656159,False
677,592,2466.666666666667,14.773487773487773,14.421559490525006,True,0.8156461620277693,False
678,593,2470.833333333333,14.795795795795796,14.795795795795796,True,0.8160627100144566,False
679,594,2475.0,14.914474474474474,15.042040468141098,True,0.8134545812767281,False
680,595,2479.1666666666665,14.914474474474474,15.204917670891522,True,0.813842883728236,False
681,596,2483.3333333333335,14.914474474474474,15.213487206883432,True,0.8177957604514189,False
682,597,2487.5,14.914474474474474,14.914474474474474,True,0.8159097780653484,False
683,598,2491.6666666666665,14.914474474474474,14.414080747414081,True,0.8088975739862847,False
684,599,2495.833333333333,14.914474474474474,14.36186186186186,True,0.8103328125461592,False
685,600,2500.0,14.914474474474474,14.728871728871727,True,0.8093465391993344,False
686,601,2504.166666666667,15.253990832938202,15.253990832938202,True,0.8112710498452316,False
687,602,2508.3333333333335,15.664693264693264,15.682570992044676,True,0.870374672340248,False
688,603,2512.5,15.664693264693264,15.91066066066066,True,0.8674346157627264,False
689,604,2516.6666666666665,15.664693264693264,15.919070330835037,True,0.8631889967284408,False
690,605,2520.8333333333335,15.664693264693264,15.664693264693264,True,0.8615495881298391,False
691,606,2525.0,15.430804205740268,15.346935170464581,True,0.8227943888919866,False
692,607,2529.166666666667,15.405548405548403,15.225530217717717,True,0.8242753835235576,False
693,608,2533.333333333333,15.346935170464581,15.319702072893563,True,0.8241503857610181,False
694,609,2537.5,15.319702072893563,15.430804205740268,True,0.824135789500793,False
695,610,2541.6666666666665,15.251771771771772,15.405548405548403,True,0.8234818882381442,False
696,611,2545.8333333333335,15.251771771771772,15.251771771771772,True,0.8226753409858528,False
697,612,2550.0,15.19623252568989,15.19623252568989,True,0.8181484991092006,False
698,613,2554.1666666666665,15.176741257386418,15.176741257386418,True,0.8151757702925017,False
699,614,2558.333333333333,15.119392518922844,15.119392518922844,True,0.8130834105441342,False
700,615,2562.5,15.040099623432956,15.040099623432956,True,0.8111529859617499,False
701,616,2566.666666666667,14.907554613436966,14.907554613436966,True,0.816214628588628,False
702,617,2570.8333333333335,14.821821821821821,14.821821821821821,True,0.8171111592493929,False
703,618,2575.0,14.609504241083187,14.609504241083187,True,0.8122570962302129,False
704,619,2579.1666666666665,14.353047164811871,14.353047164811871,True,0.8158924354931016,False
705,620,2583.3333333333335,14.054275628596843,14.054275628596843,True,0.8132137407813893,False
706,621,2587.5,13.76104947623935,13.76104947623935,True,0.8066789308334656,False
707,622,2591.666666666667,13.716966966966968,13.716966966966968,True,0.8583270287954197,False
708,623,2595.833333333333,13.716386913229018,13.716386913229018,True,0.8048612048409771,False
709,624,2600.0,13.677361572098414,13.65086115527292,True,0.803555199267667,False
710,625,2604.1666666666665,13.677361572098414,13.518257387822604,True,0.80567098374639,False
711,626,2608.3333333333335,13.677361572098414,13.510378025083906,True,0.8003329100391388,False
712,627,2612.5,13.677361572098414,13.677361572098414,True,0.7993065339252438,False
713,628,2616.6666666666665,14.049549549549548,14.049549549549548,True,0.8037321997425864,False
714,629,2620.833333333333,14.21021021021021,14.21021021021021,True,0.8021411619458098,False
715,630,2625.0,14.295735041399782,14.295735041399782,True,0.8023053555591617,False
716,631,2629.166666666667,14.372232335962906,14.372232335962906,True,0.7980449129270971,False
717,632,2633.3333333333335,14.456700886933444,14.456700886933444,True,0.8365413320664841,False
718,633,2637.5,14.531001093425822,14.55738945051922,True,0.8590499801659209,False
719,634,2641.6666666666665,14.555848531458288,14.555848531458288,True,0.8584244453715482,False
720,635,2645.8333333333335,14.55738945051922,14.531001093425822,True,0.85386929580453,False
721,636,2650.0,14.55738945051922,14.562964802326503,True,0.8506303641608902,False
722,637,2654.166666666667,14.555848531458288,14.62045136849625,True,0.849411884515464,False
723,638,2658.333333333333,14.544938486873969,14.61531380626858,True,0.8551840705110644,False
724,639,2662.5,14.544938486873969,14.544938486873969,True,0.8559373793242769,False
725,640,2666.6666666666665,14.444444444444443,14.444444444444443,True,0.8388046746162251,False
726,641,2670.8333333333335,14.395330814685654,14.395330814685654,True,0.8435318851150566,False
727,642,2675.0,14.304161304161303,14.304161304161303,True,0.8459323760339725,False
728,643,2679.1666666666665,14.181722262803342,14.181722262803342,True,0.8458554002981686,False
729,644,2683.333333333333,14.06866375578032,14.06866375578032,True,0.8479614138231109,False
730,645,2687.5,13.948908908908908,13.948908908908908,True,0.8499368770689717,False
731,646,2691.666666666667,13.863688132577021,13.863688132577021,True,0.8572772579551874,False
732,647,2695.8333333333335,13.68108108108108,13.68108108108108,True,0.8056361985857449,False
733,648,2700.0,13.68108108108108,13.51262738147984,True,0.8001359970758471,False
734,649,2704.1666666666665,13.68108108108108,13.51249745986588,True,0.8034598088792613,False
735,650,2708.3333333333335,13.68108108108108,13.662080999918837,True,0.800100798845734,False
736,651,2712.5,13.72402189423466,13.72402189423466,True,0.8070240440182015,False
737,652,2716.666666666667,13.730621530621532,13.730621530621532,True,0.8016636151693931,False
738,653,2720.833333333333,13.800157822055633,13.800157822055633,True,0.800282112524255,False
739,654,2725.0,13.883173127465366,13.883173127465366,True,0.8012064638449696,False
740,655,2729.1666666666665,13.962343295676629,13.962343295676629,True,0.8045310640371617,False
741,656,2733.3333333333335,13.974454974454975,13.975566475566476,True,0.8027063607080294,False
742,657,2737.5,13.974454974454975,13.978928508340273,True,0.8061466062333763,False
743,658,2741.6666666666665,13.974454974454975,13.975975975975976,True,0.8039702990790815,False
744,659,2745.833333333333,13.974454974454975,13.974454974454975,True,0.8048576291142835,False
745,660,2750.0,13.916424899475746,13.916424899475746,True,0.8027163059292977,False
746,661,2754.166666666667,13.891101332898744,13.891101332898744,True,0.8025145804290426,False
747,662,2758.3333333333335,13.881942812377595,13.881942812377595,True,0.8042340163789757,False
748,663,2762.5,13.873970744938486,13.873970744938486,True,0.8041220650793194,False
749,664,2766.6666666666665,13.873970744938486,13.823003854918749,True,0.8012353048588473,False
750,665,2770.8333333333335,13.873970744938486,13.817579777292007,True,0.793183859331058,False
751,666,2775.0,13.873970744938486,13.850693831085987,True,0.7970582380975048,False
752,667,2779.166666666667,13.881349798996856,13.881349798996856,True,0.8451325811252784,False
753,668,2783.333333333333,13.902745883138039,13.902745883138039,True,0.7991389436154126,False
754,669,2787.5,13.90809643620095,13.91230382681532,True,0.849263167102642,False
755,670,2791.6666666666665,13.90809643620095,13.910335254085254,True,0.8522895321442279,False
756,671,2795.8333333333335,13.90809643620095,13.90809643620095,True,0.8526580562634027,False
757,672,2800.0,13.90809643620095,13.90809643620095,True,0.8526720587527343,False
758,673,2804.1666666666665,13.897897897897897,13.897897897897897,True,0.8544253984257115,False
759,674,2808.333333333333,13.897897897897897,13.88567010225398,True,0.8562215237556167,False
760,675,2812.5,13.892498881860583,13.892498881860583,True,0.8544814776678898,False
761,676,2816.666666666667,13.88567010225398,13.897897897897897,True,0.8564364038301717,False
762,677,2820.8333333333335,13.842592592592592,13.842592592592592,True,0.8542889582161093,False
763,678,2825.0,13.842174433653131,13.832937482937483,True,0.8528166525982154,False
764,679,2829.1666666666665,13.832937482937483,13.842174433653131,True,0.8501501018363004,False
765,680,2833.3333333333335,13.829243036139587,13.823647176588354,True,0.8055619275160707,False
766,681,2837.5,13.823647176588354,13.829243036139587,True,0.808144636625966,False
767,682,2841.666666666667,13.807581856762184,13.807581856762184,True,0.8083990581884093,False
768,683,2845.833333333333,13.772972972972973,13.772972972972973,True,0.8083868850236301,False
769,684,2850.0,13.77102102102102,13.77102102102102,True,0.8103424351432127,False
770,685,2854.1666666666665,13.734436709436709,13.714097675387999,True,0.8106433814060061,False
771,686,2858.3333333333335,13.731530841780627,13.734436709436709,True,0.8134535727492418,False
772,687,2862.5,13.714097675387999,13.731530841780627,True,0.8145022231012954,False
773,688,2866.6666666666665,13.663663663663662,13.663663663663662,True,0.8181830686240186,False
774,689,2870.833333333333,13.650887844366105,13.650887844366105,True,0.8194898843169587,False
775,690,2875.0,13.644960564078211,13.60743762630555,True,0.8187685447633513,False
776,691,2879.166666666667,13.644960564078211,13.607511621210252,True,0.8186735139487652,False
777,692,2883.3333333333335,13.644960564078211,13.609442776109441,True,0.821386413533083,False
778,693,2887.5,13.644960564078211,13.644960564078211,True,0.8663431284686232,False
779,694,2891.6666666666665,13.688021980345566,13.688021980345566,True,0.8718386851951839,False
780,695,2895.8333333333335,13.716898716898717,13.723134349302573,True,0.8728153697431128,False
781,696,2900.0,13.723134349302573,13.716898716898717,True,0.8710582604500933,False
782,697,2904.166666666667,13.740295851406962,13.740295851406962,True,0.8718180547429345,False
783,698,2908.333333333333,13.740508929982614,13.740508929982614,True,0.8704744884472949,False
784,699,2912.5,13.740508929982614,13.745146840056051,True,0.8696796524861476,False
785,700,2916.6666666666665,13.740508929982614,13.753724021050754,True,0.8662865291503752,False
786,701,2920.8333333333335,13.740508929982614,13.744896411563078,True,0.8662441389381824,False
787,702,2925.0,13.736399075131468,13.736399075131468,True,0.870465895002562,False
788,703,2929.1666666666665,13.710779745262503,13.710779745262503,True,0.8279123148519091,False
789,704,2933.333333333333,13.667567567567568,13.667567567567568,True,0.8706478261727607,False
790,705,2937.5,13.658147277712494,13.658147277712494,True,0.8271674989870154,False
791,706,2941.666666666667,13.592236182112512,13.592236182112512,True,0.8275786659988074,False
792,707,2945.8333333333335,13.578545758873625,13.578545758873625,True,0.8685082185663988,False
793,708,2950.0,13.578545758873625,13.554387067159064,True,0.8211534489061713,False
794,709,2954.1666666666665,13.578545758873625,13.568854568854567,True,0.823140008647013,False
795,710,2958.3333333333335,13.578545758873625,13.567334114507211,True,0.830531427963836,False
796,711,2962.5,13.585585585585585,13.608104282931127,True,0.8308703662943924,False
797,712,2966.666666666667,13.585585585585585,13.613821368538348,True,0.8306973609450109,False
798,713,2970.833333333333,13.585585585585585,13.592507971889415,True,0.8291227664489887,False
799,714,2975.0,13.585585585585585,13.585585585585585,True,0.8237100742694087,False
800,715,2979.1666666666665,13.5768983419122,13.5700513013013,True,0.8321878910956331,False
801,716,2983.3333333333335,13.5700513013013,13.5768983419122,True,0.8251820039200078,False
802,717,2987.5,13.549929929929931,13.539620265426716,True,0.8295064561977524,False
803,718,2991.6666666666665,13.549929929929931,13.514800514800514,True,0.866535395162783,False
804,719,2995.833333333333,13.549929929929931,13.50916170407696,True,0.8298118273287247,False
805,720,3000.0,13.549929929929931,13.549929929929931,True,0.825122896284239,False
806,721,3004.166666666667,13.592673460179011,13.592673460179011,True,0.8588037796872048,False
807,722,3008.3333333333335,13.592673460179011,13.637356217273005,True,0.8638860781595653,False
808,723,3012.5,13.592673460179011,13.60546357678433,True,0.8641380511874792,False
809,724,3016.6666666666665,13.592673460179011,13.626262626262625,True,0.866438584184142,False
810,725,3020.8333333333335,13.583552302302301,13.583552302302301,True,0.8628807785157349,False
811,726,3025.0,13.553467192682877,13.553467192682877,True,0.8653194113931836,False
812,727,3029.166666666667,13.53718279142008,13.53718279142008,True,0.8635867439260839,False
813,728,3033.333333333333,13.53718279142008,13.53421948341303,True,0.8594198848489673,False
814,729,3037.5,13.53718279142008,13.520520520520519,True,0.8271867548344133,False
815,730,3041.6666666666665,13.53718279142008,13.535143261987432,True,0.8642539555106903,False
816,731,3045.8333333333335,13.542853664475286,13.542853664475286,True,0.8254840812010911,False
817,732,3050.0,13.542853664475286,13.545276984301372,True,0.8630141206066382,False
818,733,3054.1666666666665,13.542853664475286,13.549276549276549,True,0.8285924336492959,False
819,734,3058.333333333333,13.545276984301372,13.549335049335047,True,0.8272225954036101,False
820,735,3062.5,13.549257590924258,13.533836161743139,True,0.8284318153938979,False
821,736,3066.666666666667,13.549276549276549,13.538869962399374,True,0.8640531383977682,False
822,737,3070.8333333333335,13.549335049335047,13.550854302578442,True,0.8266926198731066,False
823,738,3075.0,13.550854302578442,13.549257590924258,True,0.8627781439684652,False
824,739,3079.1666666666665,13.550854302578442,13.563207267501747,True,0.8583836251143193,False
825,740,3083.3333333333335,13.550854302578442,13.56196698928094,True,0.8628708827333467,False
826,741,3087.5,13.549257590924258,13.555601055601056,True,0.8633226400376863,False
827,742,3091.666666666667,13.544089305429761,13.544089305429761,True,0.8621740324406751,False
828,743,3095.833333333333,13.54007650127011,13.539417274417275,True,0.858570814916199,False
829,744,3100.0,13.539490785948997,13.539490785948997,True,0.8624774027268052,False
830,745,3104.1666666666665,13.539417274417275,13.54007650127011,True,0.8273793950055284,False
831,746,3108.3333333333335,13.52939329333796,13.52939329333796,True,0.826825021704677,False
832,747,3112.5,13.527010255060558,13.523195525293806,True,0.8265156066950898,False
833,748,3116.6666666666665,13.523195525293806,13.527010255060558,True,0.8634569287553318,False
834,749,3120.833333333333,13.523195525293806,13.518976779327097,True,0.8633933633447198,False
835,750,3125.0,13.519835696945984,13.517403484721015,True,0.8625675187362977,False
836,751,3129.166666666667,13.519835696945984,13.519508639073857,True,0.8286730532222443,False
837,752,3133.3333333333335,13.519835696945984,13.528269329563274,True,0.8280138813684674,False
838,753,3137.5,13.528269329563274,13.519835696945984,True,0.8286250774826727,False
839,754,3141.6666666666665,13.54008899181313,13.54469301234007,True,0.8276555769373751,False
840,755,3145.8333333333335,13.540130334416048,13.545404345175513,True,0.8275336009025216,False
841,756,3150.0,13.540634081987465,13.540130334416048,True,0.8277836659381085,True
842,757,3154.166666666667,13.540634081987465,13.54008899181313,True,0.826970770454912,True
843,758,3158.333333333333,13.540130334416048,13.543869899985006,True,0.827985915783722,True
844,759,3162.5,13.54008899181313,13.540634081987465,True,0.8277847731903075,True
845,760,3166.6666666666665,13.53658346819594,13.53658346819594,True,0.8274922254741696,True
846,761,3170.8333333333335,13.532266937555288,13.532266937555288,True,0.8630373478595971,True
847,762,3175.0,13.532266937555288,13.522147147147146,True,0.8618060908840133,True
848,763,3179.1666666666665,13.532266937555288,13.52107722695958,True,0.8268416932879945,False
849,764,3183.333333333333,13.532266937555288,13.521862068253819,True,0.8637247491950124,False
850,765,3187.5,13.5341578064551,13.5341578064551,True,0.8271373543485279,False
851,766,3191.666666666667,13.535076893764709,13.535076893764709,True,0.8639922293975704,False
852,767,3195.8333333333335,13.547147147147147,13.547147147147147,True,0.8637102512272897,False
853,768,3200.0,13.547720652983811,13.547720652983811,True,0.8634129222255553,False
854,769,3204.1666666666665,13.550342008675342,13.550342008675342,True,0.8630232673230337,False
855,770,3208.3333333333335,13.55196863530197,13.55196863530197,True,0.8642260603909426,False
856,771,3212.5,13.554459865270676,13.554459865270676,True,0.864629753798095,False
857,772,3216.666666666667,13.555162058610334,13.555162058610334,True,0.8633939018218099,False
858,773,3220.833333333333,13.564081592643305,13.564081592643305,True,0.8637591082505824,False
859,774,3225.0,13.570363738054995,13.570363738054995,True,0.827430683802347,False
860,775,3229.1666666666665,13.576876894367718,13.576876894367718,True,0.8279652049611727,False
861,776,3233.3333333333335,13.584558242452978,13.584558242452978,True,0.8288720188393581,False
862,777,3237.5,13.591162591162592,13.591162591162592,True,0.8659536279184544,False
863,778,3241.6666666666665,13.598598598598597,13.603534382497795,True,0.8270095511299065,False
864,779,3245.833333333333,13.603534382497795,13.598598598598597,True,0.827716741383653,False
865,780,3250.0,13.61870961870962,13.61870961870962,True,0.828883083617891,False
866,781,3254.166666666667,13.652540808965389,13.652540808965389,True,0.8284246126608291,False
867,782,3258.3333333333335,13.670472798379775,13.670472798379775,True,0.8654721437362232,False
868,783,3262.5,13.684138684138683,13.684138684138683,True,0.839942598414961,False
869,784,3266.6666666666665,13.709018967264642,13.709018967264642,True,0.8405723941646093,False
870,785,3270.8333333333335,13.73440357650884,13.73440357650884,True,0.8435604723955371,False
871,786,3275.0,13.75330967432914,13.75330967432914,True,0.8293876429788652,False
872,787,3279.166666666667,13.785893662503454,13.785893662503454,True,0.8422518905983108,False
873,788,3283.333333333333,13.84645822292881,13.84645822292881,True,0.8420759049605643,False
874,789,3287.5,13.897897897897897,13.897897897897897,True,0.8423632670233432,False
875,790,3291.6666666666665,13.936336336336336,13.936336336336336,True,0.8404800133059143,False
876,791,3295.8333333333335,13.989284739284738,13.989284739284738,True,0.8441711135522945,False
877,792,3300.0,14.076430088625209,14.076430088625209,True,0.8409035075113598,False
878,793,3304.1666666666665,14.132132132132131,14.132132132132131,True,0.8610048194133704,False
879,794,3308.333333333333,14.215388858246001,14.215388858246001,True,0.8398869208292621,False
880,795,3312.5,14.288288288288287,14.288288288288287,True,0.8403839414627801,False
881,796,3316.666666666667,14.384248764893925,14.384248764893925,True,0.840188336375855,False
882,797,3320.8333333333335,14.450720200720202,14.450720200720202,True,0.8369916837385724,False
883,798,3325.0,14.614896586727571,14.614896586727571,True,0.8450106669316235,False
884,799,3329.1666666666665,14.766375070722896,14.766375070722896,True,0.8614869430215947,False
885,800,3333.3333333333335,14.926126126126126,14.926126126126126,True,0.8544247946100536,False
886,801,3337.5,15.174666469748438,15.174666469748438,True,0.8532456930949843,False
887,802,3341.666666666667,15.487341676353774,15.487341676353774,True,0.8488751995943862,False
888,803,3345.833333333333,15.849099099099098,15.849099099099098,True,0.8621133632513021,False
889,804,3350.0,16.272538376886203,16.272538376886203,True,0.871274293738141,False
890,805,3354.1666666666665,16.8009828009828,16.8009828009828,True,0.8731136878668708,False
891,806,3358.3333333333335,17.567567567567565,17.567567567567565,True,0.8834330506518971,False
892,807,3362.5,18.543543543543542,18.543543543543542,True,0.7723315600441674,False
893,808,3366.6666666666665,19.95870870870871,19.95870870870871,True,0.7522065206856257,False
894,809,3370.833333333333,23.15015015015015,23.15015015015015,True,0.8568231746592867,False
895,810,3375.0,23.20113991542563,23.20113991542563,True,0.9003309726761599,False
896,811,3379.166666666667,23.20113991542563,23.284444444444446,True,0.8990121219902975,False
897,812,3383.3333333333335,23.20113991542563,23.333633633633635,True,0.8913154001606447,False
898,813,3387.5,23.24124124124124,23.24124124124124,True,0.8923353974177198,False
899,814,3391.6666666666665,23.24124124124124,23.154936754936752,True,0.8888276758250875,False
900,815,3395.8333333333335,23.191485603250307,23.183510783510783,True,0.8887785388079592,False
901,816,3400.0,23.18430930930931,23.24341007674341,True,0.8894297030941908,False
902,817,3404.166666666667,23.18430930930931,23.191485603250307,True,0.8910048975794747,False
903,818,3408.333333333333,23.191485603250307,23.103603603603602,True,0.8922427034319522,False
904,819,3412.5,23.24341007674341,23.18430930930931,True,0.8920264916025958,False
905,820,3416.6666666666665,23.255437255437258,23.328061807937967,True,0.8903649501907227,False
906,821,3420.8333333333335,23.257507507507505,23.353153153153155,True,0.8932953476535344,False
907,822,3425.0,23.262948054437413,23.255437255437258,True,0.8920019684525313,False
908,823,3429.1666666666665,23.262948054437413,23.257507507507505,True,0.8924395877468514,False
909,824,3433.333333333333,23.257507507507505,23.334077980419444,True,0.89504785708762,False
910,825,3437.5,23.255437255437258,23.262948054437413,True,0.8901323654391617,False
911,826,3441.666666666667,23.257507507507505,23.17245817245817,True,0.8900139969301071,False
912,827,3445.8333333333335,23.262948054437413,23.178778778778778,True,0.8927154350463585,False
913,828,3450.0,23.262948054437413,23.234734734734733,True,0.8973386843781918,False
914,829,3454.1666666666665,23.30841652463274,23.30841652463274,True,0.8984006493796939,False
915,830,3458.3333333333335,23.30841652463274,23.31255255255255,True,0.8996792482799681,False
916,831,3462.5,23.30841652463274,23.32029355558767,True,0.9006486947349911,False
917,832,3466.666666666667,23.30841652463274,23.32897413542575,True,0.9002195239719247,False
918,833,3470.833333333333,23.286786786786784,23.27754069859333,True,0.9032963596114358,False
919,834,3475.0,23.27754069859333,23.286786786786784,True,0.891866892192722,False
920,835,3479.1666666666665,23.193565154239312,23.193565154239312,True,0.8830901059923355,False
921,836,3483.3333333333335,20.8978978978979,20.8978978978979,True,0.8822215280896661,False
922,837,3487.5,20.08168168168168,20.08168168168168,True,0.8736271862567778,False
923,838,3491.6666666666665,19.088588588588586,19.088588588588586,True,0.8701368640538787,False
924,839,3495.833333333333,17.887687687687688,17.887687687687688,True,0.8638458266757705,False
925,840,3500.0,16.59159159159159,16.59159159159159,True,0.8216278684562236,False
926,841,3504.166666666667,15.139339339339339,15.139339339339339,True,0.7934615418918185,False
927,842,3508.3333333333335,14.860429966390232,14.161728801972703,True,0.8052341949147654,False
928,843,3512.5,14.860429966390232,14.216374269005847,True,0.8125352214813323,False
929,844,3516.6666666666665,14.860429966390232,14.585581045898506,True,0.8190730443520794,False
930,845,3520.8333333333335,14.860429966390232,14.860429966390232,True,0.8276894523480799,False
931,846,3525.0,14.860429966390232,14.997197197197197,True,0.8365371165298104,False
932,847,3529.166666666667,14.860429966390232,15.039579147492816,True,0.8358668441965981,False
933,848,3533.333333333333,14.860429966390232,14.886366366366365,True,0.8362163784737175,False
934,849,3537.5,14.886366366366365,14.444444444444443,True,0.829457736113243,False
935,850,3541.6666666666665,14.886366366366365,14.378914628914627,True,0.8251704519722445,False
936,851,3545.8333333333335,14.886366366366365,14.756756756756756,True,0.8235117999919233,False
937,852,3550.0,15.322822822822822,15.322822822822822,True,0.8549038067713919,False
938,853,3554.1666666666665,15.697067437808176,15.697067437808176,True,0.8251918734682107,False
939,854,3558.333333333333,15.697067437808176,15.93617561223195,True,0.8263920278717419,False
940,855,3562.5,15.697067437808176,15.863497925609725,True,0.829246913399784,False
941,856,3566.666666666667,15.787006518713834,15.787006518713834,True,0.7984703656580227,False
942,857,3570.8333333333335,15.823823823823822,15.573852922690131,True,0.8000147694141233,False
943,858,3575.0,15.787006518713834,15.693908193908195,True,0.7992539909719442,False
944,859,3579.1666666666665,15.707521732258574,15.823823823823822,True,0.7992286162509156,False
945,860,3583.3333333333335,15.693908193908195,15.824715126084987,True,0.7808303207030195,False
946,861,3587.5,15.693908193908195,15.707521732258574,True,0.7924199374358798,False
947,862,3591.666666666667,15.62613918266092,15.612170994523936,True,0.7899600225493387,False
948,863,3595.833333333333,15.612170994523936,15.605929237508184,True,0.8819650280191481,False
949,864,3600.0,15.605929237508184,15.62613918266092,True,0.8810064194201958,False
950,865,3604.1666666666665,15.584502592654767,15.584502592654767,True,0.8314910842623682,False
951,866,3608.3333333333335,15.47125963682981,15.47125963682981,True,0.8335432282830916,False
952,867,3612.5,15.382066276803117,15.382066276803117,True,0.8297799563573932,False
953,868,3616.6666666666665,15.252649343558433,15.252649343558433,True,0.8293468039788562,False
954,869,3620.833333333333,15.00639171281373,15.00639171281373,True,0.8274929028407543,False
955,870,3625.0,14.899293558791767,14.899293558791767,True,0.844317948599895,False
956,871,3629.166666666667,14.78924517738077,14.78924517738077,True,0.8367553304487817,False
957,872,3633.3333333333335,14.775761633254126,14.755341192596791,True,0.8385412822411207,False
958,873,3637.5,14.755341192596791,14.775761633254126,True,0.8384039483419927,False
959,874,3641.6666666666665,14.675660196278754,14.675660196278754,True,0.8240267617562556,False
960,875,3645.8333333333335,14.504107881466371,14.504107881466371,True,0.821357497569279,False
961,876,3650.0,14.230603738066424,14.230603738066424,True,0.8157079943702701,False
962,877,3654.166666666667,13.975975975975976,13.975975975975976,True,0.8172423551093658,False
963,878,3658.333333333333,13.836432176857707,13.81981981981982,True,0.8162846599963608,False
964,879,3662.5,13.836432176857707,13.650119507262364,True,0.8047092722047596,False
965,880,3666.6666666666665,13.836432176857707,13.5864934702144,True,0.8043707703370413,False
966,881,3670.8333333333335,13.836432176857707,13.836432176857707,True,0.8095618383365861,False
967,882,3675.0,14.167132649891268,14.167132649891268,True,0.8106862754372335,False
968,883,3679.1666666666665,14.288288288288287,14.288288288288287,True,0.8185631790865509,False
969,884,3683.333333333333,14.367970710436461,14.367970710436461,True,0.8205867431075998,False
970,885,3687.5,14.548218826935042,14.548218826935042,True,0.862267005220067,False
971,886,3691.666666666667,14.741998747573863,14.741998747573863,True,0.8217368073587406,False
972,887,3695.8333333333335,14.875405929184998,14.875405929184998,True,0.8639211570780818,False
973,888,3700.0,14.990529238916336,14.990529238916336,True,0.8656338590512676,False
974,889,3704.1666666666665,15.083179565107274,15.083179565107274,True,0.860899790657036,False
975,890,3708.3333333333335,15.157005490338822,15.157005490338822,True,0.8586183573404573,False
976,891,3712.5,15.157005490338822,15.195464324222122,True,0.8726021288244138,False
977,892,3716.666666666667,15.157005490338822,15.19990582917412,True,0.8729765609828929,False
978,893,3720.833333333333,15.157005490338822,15.164497831164498,True,0.8722321267164802,False
979,894,3725.0,15.09709095598666,15.09709095598666,True,0.8735818712139707,False
980,895,3729.1666666666665,14.983400066733399,14.983400066733399,True,0.8564113840360069,False
981,896,3733.3333333333335,14.912912912912912,14.912912912912912,True,0.8575747041771582,False
982,897,3737.5,14.781228990184212,14.781228990184212,True,0.8651195573011106,False
983,898,3741.6666666666665,14.686781120743385,14.686781120743385,True,0.8595000510336382,False
984,899,3745.833333333333,14.603057603057602,14.603057603057602,True,0.8562122527672991,False
985,900,3750.0,14.46225172540962,14.46225172540962,True,0.8599536915775983,False
986,901,3754.166666666667,14.275866775866776,14.275866775866776,True,0.8145954935343073,False
987,902,3758.3333333333335,14.008447700036486,14.008447700036486,True,0.8292463646149029,False
988,903,3762.5,13.76224680562916,13.76224680562916,True,0.818932521773636,False
989,904,3766.6666666666665,13.76224680562916,13.585585585585585,True,0.8264176849349617,False
990,905,3770.8333333333335,13.76224680562916,13.507507507507507,True,0.8164503094352189,False
991,906,3775.0,13.76224680562916,13.585585585585585,True,0.8134253214884789,False
992,907,3779.166666666667,13.773318520891335,13.773318520891335,True,0.815505429781789,False
993,908,3783.333333333333,13.901393931244678,13.901393931244678,True,0.8171178789623461,False
994,909,3787.5,14.094538983427872,14.094538983427872,True,0.8187771959789257,False
995,910,3791.6666666666665,14.219776509250194,14.219776509250194,True,0.8244195690688703,False
996,911,3795.8333333333335,14.288288288288287,14.288288288288287,True,0.8269236492163066,False
997,912,3800.0,14.300822881705233,14.300822881705233,True,0.8290360201525455,False
998,913,3804.1666666666665,14.359484761923785,14.375479296410505,True,0.8297751857844543,False
999,914,3808.333333333333,14.366366366366366,14.390437235264821,True,0.8319769650512676,False
1000,915,3812.5,14.375479296410505,14.366366366366366,True,0.8304114485000396,False
1001,916,3816.666666666667,14.390437235264821,14.359484761923785,True,0.8242525066573305,False
1002,917,3820.8333333333335,14.390437235264821,14.413533921298155,True,0.8228684328488596,False
1003,918,3825.0,14.366366366366366,14.43529685599578,True,0.8285499402904091,False
1004,919,3829.1666666666665,14.359484761923785,14.432432432432432,True,0.8657135308002674,False
1005,920,3833.3333333333335,14.317083040487296,14.317083040487296,True,0.8647123696232482,False
1006,921,3837.5,14.236711163718462,14.236711163718462,True,0.8679348714571146,False
1007,922,3841.666666666667,14.147545603856283,14.147545603856283,True,0.8553540784006272,False
1008,923,3845.833333333333,14.125459464841185,14.118918918918917,True,0.8565232654545548,False
1009,924,3850.0,14.118918918918917,14.125459464841185,True,0.8552309599697053,False
1010,925,3854.1666666666665,14.10094204274532,14.10094204274532,True,0.846246788925431,False
1011,926,3858.3333333333335,13.976269502585291,13.976269502585291,True,0.8509190397792019,False
1012,927,3862.5,13.864496741391827,13.864496741391827,True,0.8465991967310047,False
1013,928,3866.6666666666665,13.762776751907188,13.751284617951285,True,0.8510388972173957,False
1014,929,3870.833333333333,13.762776751907188,13.7253276003276,True,0.8501205010767194,False
1015,930,3875.0,13.762776751907188,13.692679165652137,True,0.8506145085130317,False
1016,931,3879.166666666667,13.762776751907188,13.762776751907188,True,0.8547324823709965,False
1017,932,3883.3333333333335,13.92029104967036,13.92029104967036,True,0.8509386840266715,False
1018,933,3887.5,13.996643702526054,13.996643702526054,True,0.8471603435735225,False
1019,934,3891.6666666666665,14.037889830824614,14.037889830824614,True,0.8470444896591037,False
1020,935,3895.8333333333335,14.064021468276787,14.064021468276787,True,0.8448050692372819,False
1021,936,3900.0,14.064021468276787,14.121691458900761,True,0.8016294022247807,False
1022,937,3904.166666666667,14.064021468276787,14.132132132132131,True,0.802313373482775,False
1023,938,3908.333333333333,14.064021468276787,14.11884787197978,True,0.8018627848176451,False
1024,939,3912.5,14.060784922853887,14.060784922853887,True,0.8008495877102937,False
1025,940,3916.6666666666665,14.012179234276461,14.012179234276461,True,0.8039546714578976,False
1026,941,3920.8333333333335,13.923512491714838,13.923512491714838,True,0.8049158781944242,False
1027,942,3925.0,13.81981981981982,13.81981981981982,True,0.8054975354708768,False
1028,943,3929.1666666666665,13.732541458656108,13.732541458656108,True,0.804754908339222,False
1029,944,3933.333333333333,13.604545362934623,13.604545362934623,True,0.802411598645273,False
1030,945,3937.5,13.604545362934623,13.503698820771989,True,0.842380929718206,False
1031,946,3941.666666666667,13.604545362934623,13.482930386600112,True,0.8437802139777153,False
1032,947,3945.8333333333335,13.604545362934623,13.591299302186108,True,0.8482841960859252,False
1033,948,3950.0,13.711447447447446,13.711447447447446,True,0.8524513192131178,False
1034,949,3954.1666666666665,13.892671359884474,13.892671359884474,True,0.8540200740932956,False
1035,950,3958.3333333333335,13.967211747266392,13.967211747266392,True,0.8566185462640469,False
1036,951,3962.5,14.051218816581944,14.051218816581944,True,0.8596543525128054,False
1037,952,3966.666666666667,14.117870617870617,14.117870617870617,True,0.8611629152271053,False
1038,953,3970.833333333333,14.145727817369606,14.156933403992227,True,0.8617344304301521,False
1039,954,3975.0,14.145727817369606,14.145727817369606,True,0.8593308713050086,False
1040,955,3979.1666666666665,14.145727817369606,14.184434434434433,True,0.8476761516906008,False
1041,956,3983.3333333333335,14.145727817369606,14.19359785317232,True,0.8619745632106854,False
1042,957,3987.5,14.128763281047544,14.128763281047544,True,0.8445967881706336,False
1043,958,3991.6666666666665,14.10936767970016,14.10936767970016,True,0.8603087126017126,False
1044,959,3995.833333333333,14.032963998481238,14.032963998481238,True,0.8602373105196613,False
1045,960,4000.0,13.963404082048148,13.963404082048148,True,0.8590502720433768,False
1046,961,4004.1666666666665,13.81981981981982,13.81981981981982,True,0.852995283949291,False
1047,962,4008.333333333334,13.71123937236469,13.71123937236469,True,0.8505056249904129,False
1048,963,4012.5,13.69148880424048,13.68281946542816,True,0.8471379263639628,False
1049,964,4016.6666666666665,13.68281946542816,13.69148880424048,True,0.8475011240987441,False
1050,965,4020.833333333333,13.664939449253174,13.63824439252539,True,0.8415096674212511,False
1051,966,4025.0000000000005,13.664939449253174,13.583205156375888,True,0.8417396726329223,False
1052,967,4029.166666666667,13.664939449253174,13.585585585585585,True,0.8431368771740663,False
1053,968,4033.333333333333,13.664939449253174,13.664939449253174,True,0.8447741593894378,False
1054,969,4037.4999999999995,13.701545990434878,13.727339699249812,True,0.847445900736868,False
1055,970,4041.666666666667,13.716289819230996,13.76046454617883,True,0.8484601935846234,False
1056,971,4045.8333333333335,13.727339699249812,13.743243243243242,True,0.8457256559763116,False
1057,972,4050.0,13.727339699249812,13.701545990434878,True,0.8511883492722225,False
1058,973,4054.166666666666,13.716289819230996,13.716289819230996,True,0.851403236722605,False
1059,974,4058.3333333333335,13.71290898741879,13.742903617903618,True,0.8461764618158827,False
1060,975,4062.5,13.708279708279708,13.685578956439883,True,0.8517344157597638,False
1061,976,4066.6666666666665,13.708279708279708,13.702702702702702,True,0.8522524727857643,False
1062,977,4070.833333333334,13.702702702702702,13.71290898741879,True,0.8526491638937982,False
1063,978,4075.0,13.685578956439883,13.708279708279708,True,0.8501138011027198,False
1064,979,4079.1666666666665,13.671532240775397,13.671532240775397,True,0.848627895624188,False
1065,980,4083.333333333333,13.657526506867374,13.657526506867374,True,0.8489700798972686,False
1066,981,4087.5000000000005,13.642815859257732,13.585585585585585,True,0.8464702910281966,False
1067,982,4091.666666666667,13.642815859257732,13.585585585585585,True,0.8460976950203513,False
1068,983,4095.833333333333,13.642815859257732,13.606538742131962,True,0.8442753589035376,False
1069,984,4100.0,13.642815859257732,13.642815859257732,True,0.8441186606770066,False
1070,985,4104.166666666667,13.663663663663662,13.663663663663662,True,0.8434362852368511,False
1071,986,4108.333333333333,13.666320771032812,13.666320771032812,True,0.8429099316534787,False
1072,987,4112.5,13.666320771032812,13.695854326114931,True,0.841399118416482,False
1073,988,4116.666666666666,13.666320771032812,13.705596327620137,True,0.8401994056307593,False
1074,989,4120.833333333334,13.666320771032812,13.69624511729775,True,0.8410288611801556,False
1075,990,4125.0,13.663663663663662,13.663663663663662,True,0.84362715159193,False
1076,991,4129.166666666666,13.6432038350643,13.6432038350643,True,0.8440507587213566,False
1077,992,4133.333333333334,13.585585585585585,13.585585585585585,True,0.8437092730464558,False
1078,993,4137.5,13.57737112112112,13.546546546546546,True,0.8457014047037137,False
1079,994,4141.666666666667,13.57737112112112,13.505648505648505,True,0.8483926492922654,False
1080,995,4145.833333333333,13.57735573411249,13.509782788923891,True,0.8489041104854835,False
1081,996,4150.0,13.57735573411249,13.57737112112112,True,0.8491488689063441,False
1082,997,4154.166666666667,13.57737112112112,13.587959387959389,True,0.8495196062629683,False
1083,998,4158.333333333333,13.587959387959389,13.57735573411249,True,0.8492729641127416,False
1084,999,4162.5,13.610135820247683,13.610135820247683,True,0.8480616277152765,False
1085,1000,4166.666666666667,13.610135820247683,13.647520403209025,True,0.8486525839322459,False
1086,1001,4170.833333333333,13.610135820247683,13.628714055420883,True,0.8474870486719217,False
1087,1002,4175.0,13.610135820247683,13.623532623532622,True,0.8462416767047034,False
1088,1003,4179.166666666666,13.608574964003477,13.608574964003477,True,0.8482621616388234,False
1089,1004,4183.333333333334,13.589725550865445,13.589725550865445,True,0.8485133818007476,False
1090,1005,4187.5,13.567452698600238,13.567452698600238,True,0.849292483435485,False
1091,1006,4191.666666666666,13.555116091701457,13.507507507507507,True,0.8483906427902628,False
1092,1007,4195.833333333334,13.555116091701457,13.51937019892821,True,0.8483951056359832,False
1093,1008,4200.0,13.555116091701457,13.464126288450613,True,0.8477959439444739,True
1094,1009,4204.166666666667,13.555116091701457,13.555116091701457,True,0.8471317295404495,True
1095,1010,4208.333333333333,13.583328226185369,13.583328226185369,True,0.8468241697241982,True
1096,1011,4212.5,13.616760645537623,13.624046268490712,True,0.8445786132816363,True
1097,1012,4216.666666666667,13.624046268490712,13.624624624624625,True,0.8443036216579288,True
1098,1013,4220.833333333333,13.624624624624625,13.624624624624625,True,0.8450536704660719,True
1099,1014,4225.0,13.624624624624625,13.616760645537623,True,0.8449406826923216,False
1100,1015,4229.166666666667,13.624624624624625,13.630275011853959,True,0.8462191969809632,False
1101,1016,4233.333333333333,13.616760645537623,13.632084313612976,True,0.8450768710904303,False
1102,1017,4237.5,13.613328228646646,13.593223658441048,True,0.8456870612913011,False
1103,1018,4241.666666666666,13.604604504843692,13.613328228646646,True,0.8458264203271572,False
1104,1019,4245.833333333334,13.602637119878498,13.583829861607638,True,0.8470275729221031,False
1105,1020,4250.0,13.593223658441048,13.604604504843692,True,0.8487875075877127,False
1106,1021,4254.166666666666,13.586771854727655,13.602637119878498,True,0.8492505589755246,False
1107,1022,4258.333333333334,13.586771854727655,13.585585585585585,True,0.848927045031543,False
1108,1023,4262.5,13.602637119878498,13.586771854727655,True,0.8493829906887149,False
1109,1024,4266.666666666667,13.602637119878498,13.585585585585585,True,0.8492901170213717,False
1110,1025,4270.833333333333,13.661587119033927,13.661587119033927,True,0.8480957539851034,False
1111,1026,4275.0,13.668953585701503,13.668953585701503,True,0.8478017793337753,False
1112,1027,4279.166666666667,13.732838101259153,13.732838101259153,True,0.8473600160533025,False
1113,1028,4283.333333333333,13.77423229681294,13.77423229681294,True,0.8472570065338818,False
1114,1029,4287.5,13.845345345345343,13.845345345345343,True,0.8521008108039626,False
1115,1030,4291.666666666667,13.946473190747998,13.946473190747998,True,0.8505329191748565,False
1116,1031,4295.833333333333,14.035510510510509,14.035510510510509,True,0.8512324287209823,False
1117,1032,4300.0,14.121473854807187,14.121473854807187,True,0.8522853523891598,False
1118,1033,4304.166666666666,14.206703709697722,14.206703709697722,True,0.852788354458943,False
1119,1034,4308.333333333334,14.289316439080588,14.289316439080588,True,0.845327831107877,False
1120,1035,4312.5,14.37965787403855,14.37965787403855,True,0.8432857925384022,False
1121,1036,4316.666666666666,14.466302526810795,14.466302526810795,True,0.841171848310363,False
1122,1037,4320.833333333334,14.59638016394773,14.59638016394773,True,0.8345611334155025,False
1123,1038,4325.0,14.734599464329193,14.734599464329193,True,0.8361378503575683,False
1124,1039,4329.166666666667,14.897528998978272,14.897528998978272,True,0.8404318620115969,False
1125,1040,4333.333333333333,15.078905048045996,15.078905048045996,True,0.8347669210505367,False
1126,1041,4337.5,15.315809801441986,15.315809801441986,True,0.8452729701584502,False
1127,1042,4341.666666666667,15.628072467186362,15.628072467186362,True,0.8325095783381179,False
1128,1043,4345.833333333333,15.968361218361217,15.968361218361217,True,0.8381526122904553,False
1129,1044,4350.0,16.358918918918917,16.358918918918917,True,0.8456251838073476,False
1130,1045,4354.166666666667,16.90948090948091,16.90948090948091,True,0.840006674432596,False
1131,1046,4358.333333333333,17.645645645645644,17.645645645645644,True,0.8731475242742961,False
1132,1047,4362.5,18.634634634634637,18.634634634634637,True,0.8798056539834421,False
1133,1048,4366.666666666666,19.877377377377375,19.877377377377375,True,0.8531408088996372,False
1134,1049,4370.833333333334,23.169270293311214,23.169270293311214,True,0.8692009630997203,False
1135,1050,4375.0,23.187237237237238,23.187237237237238,True,0.8829678467536399,False
1136,1051,4379.166666666666,23.187794937794934,23.222651222651223,True,0.8845688583272273,False
1137,1052,4383.333333333334,23.187794937794934,23.265212581002054,True,0.882014457295849,False
1138,1053,4387.5,23.187794937794934,23.212891462891463,True,0.8831992831698432,False
1139,1054,4391.666666666667,23.187794937794934,23.187794937794934,True,0.8818546307901262,False
1140,1055,4395.833333333333,23.1398232457056,23.1398232457056,True,0.8810844318100175,False
1141,1056,4400.0,23.1398232457056,23.12972972972973,True,0.8843310796009326,False
1142,1057,4404.166666666667,23.1398232457056,23.13475447278264,True,0.8840483243533956,False
1143,1058,4408.333333333333,23.1398232457056,23.13479052823315,True,0.8813500377635777,False
1144,1059,4412.5,23.195966236506774,23.195966236506774,True,0.8840250940930188,False
1145,1060,4416.666666666667,23.210649245736963,23.22302302302302,True,0.8815292423919463,False
1146,1061,4420.833333333333,23.210649245736963,23.226755056943734,True,0.882510321913604,False
1147,1062,4425.0,23.210649245736963,23.226755056943734,True,0.8829851691840159,False
1148,1063,4429.166666666666,23.210649245736963,23.210649245736963,True,0.8820691550766006,False
1149,1064,4433.333333333334,23.193873873873873,23.193873873873873,True,0.8802599495437063,False
1150,1065,4437.5,23.170518344431386,23.1413111224432,True,0.8795087468524562,False
1151,1066,4441.666666666666,23.170518344431386,23.131778837661187,True,0.8800216562535872,False
1152,1067,4445.833333333334,23.170518344431386,23.125363458696793,True,0.8803804809800363,False
1153,1068,4450.0,23.170518344431386,23.170518344431386,True,0.8818700448249909,False
1154,1069,4454.166666666667,23.197427947427947,23.197427947427947,True,0.8834801788381657,False
1155,1070,4458.333333333333,23.197427947427947,23.217269901480428,True,0.885237827061897,False
1156,1071,4462.5,23.197427947427947,23.217817817817817,True,0.8846264303752177,False
1157,1072,4466.666666666667,23.197427947427947,23.199140316787375,True,0.8830291613717574,False
1158,1073,4470.833333333333,23.19424130012365,23.19424130012365,True,0.8821660442211421,False
1159,1074,4475.0,23.19424130012365,23.15015015015015,True,0.8824649620772569,False
1160,1075,4479.166666666667,23.19424130012365,23.143052143052138,True,0.8814141101998559,False
1161,1076,4483.333333333333,23.19424130012365,23.191109141928813,True,0.8822794613032916,False
1162,1077,4487.5,23.195195195195197,23.195195195195197,True,0.8842960359390636,False
1163,1078,4491.666666666666,23.198000961183197,23.224528598365808,True,0.8837237162244755,False
1164,1079,4495.833333333334,23.198000961183197,23.22511017511017,True,0.8826147218739359,False
1165,1080,4500.0,23.198000961183197,23.215634989828533,True,0.8833895970411395,False
1166,1081,4504.166666666666,23.203937270603934,23.198000961183197,True,0.8845089807558981,False
1167,1082,4508.333333333334,23.200407303855577,23.190635079523968,True,0.8821586363484601,False
1168,1083,4512.5,23.198000961183197,23.19438473468166,True,0.8795893058209603,False
1169,1084,4516.666666666667,23.19438473468166,23.203937270603934,True,0.8767001738227429,False
1170,1085,4520.833333333333,23.190635079523968,23.200407303855577,True,0.8699275494585443,False
1171,1086,4525.0,21.08108108108108,21.08108108108108,True,0.8647768549385233,False
1172,1087,4529.166666666667,20.250804375804375,20.250804375804375,True,0.8602552544203991,False
1173,1088,4533.333333333333,19.268205705705704,19.268205705705704,True,0.8512484257948307,False
1174,1089,4537.5,18.153153153153152,18.153153153153152,True,0.8732920613364143,False
1175,1090,4541.666666666667,16.88073788073788,16.88073788073788,True,0.8707993255454831,False
1176,1091,4545.833333333333,15.498498498498497,15.498498498498497,True,0.8195352004556947,False
1177,1092,4550.0,14.758501963879537,14.327327327327327,True,0.8251295631819731,False
1178,1093,4554.166666666666,14.748816613223394,14.272625919332505,True,0.8369002242860781,False
1179,1094,4558.333333333334,14.583836228573071,14.51912782347565,True,0.8040572204900669,False
1180,1095,4562.5,14.51912782347565,14.758501963879537,True,0.8112912671134523,False
1181,1096,4566.666666666666,14.51912782347565,14.748816613223394,True,0.8097062999159189,False
1182,1097,4570.833333333334,14.51912782347565,14.583836228573071,True,0.8123608628721113,False
1183,1098,4575.0,14.277641277641278,14.277641277641278,True,0.8097991492911141,False
1184,1099,4579.166666666667,14.277641277641278,13.815836244407674,True,0.8084916311182789,False
1185,1100,4583.333333333333,14.277641277641278,13.739108971985685,True,0.8044017685661956,False
1186,1101,4587.5,14.277641277641278,14.164073164073162,True,0.821664997779602,False
1187,1102,4591.666666666667,14.756756756756756,14.756756756756756,True,0.8267906134424212,False
1188,1103,4595.833333333333,15.293001334668,15.293001334668,True,0.8271364364206697,False
1189,1104,4600.0,15.379579579579579,15.546616383825686,True,0.8319538271184076,False
1190,1105,4604.166666666667,15.40918190918191,15.650706886661942,True,0.8382744001807886,False
1191,1106,4608.333333333333,15.546616383825686,15.54836089959929,True,0.8466716626845622,False
1192,1107,4612.5,15.54836089959929,15.379579579579579,True,0.8624135757917454,False
1193,1108,4616.666666666666,15.615615615615615,15.40918190918191,True,0.7890941664017568,False
1194,1109,4620.833333333334,15.615615615615615,15.615615615615615,True,0.7951243223890823,False
1195,1110,4625.0,15.615615615615615,15.698898898898898,True,0.7993475533470407,False
1196,1111,4629.166666666666,15.615615615615615,15.668968968968969,True,0.7915303989786072,False
1197,1112,4633.333333333334,15.639948326222834,15.639948326222834,True,0.7919670400122252,False
1198,1113,4637.5,15.668968968968969,15.612612612612612,True,0.7916475008112381,False
1199,1114,4641.666666666667,15.668968968968969,15.615615615615615,True,0.7905085883917793,False
1200,1115,4645.833333333333,15.639948326222834,15.674319842230288,True,0.7899414954634866,False
1201,1116,4650.0,15.615615615615615,15.699889035308424,True,0.7880590365058247,False
1202,1117,4654.166666666667,15.615615615615615,15.692845018931974,True,0.7864065925535589,False
1203,1118,4658.333333333333,15.615615615615615,15.615615615615615,True,0.847271577821956,False
1204,1119,4662.5,15.586186186186186,15.586186186186186,True,0.8475777122454283,False
1205,1120,4666.666666666667,15.538243990865178,15.538243990865178,True,0.8448340765403078,False
1206,1121,4670.833333333333,15.502075605016781,15.502075605016781,True,0.8637941715887516,False
1207,1122,4675.0,15.439524631013992,15.439524631013992,True,0.8602945717801875,False
1208,1123,4679.166666666666,15.357446732446732,15.357446732446732,True,0.8550423146494938,False
1209,1124,4683.333333333334,15.227394730327733,15.227394730327733,True,0.845593280995826,False
1210,1125,4687.5,15.087027027027025,15.087027027027025,True,0.8396136944542667,False
1211,1126,4691.666666666666,14.886665074165073,14.886665074165073,True,0.8358759239188429,False
1212,1127,4695.833333333334,14.692027441507257,14.692027441507257,True,0.8294326947796951,False
1213,1128,4700.0,14.457174565870218,14.457174565870218,True,0.8194834792550996,False
1214,1129,4704.166666666667,14.262986670881407,14.262986670881407,True,0.8045211251265413,False
1215,1130,4708.333333333333,14.053496353496351,14.053496353496351,True,0.8046698469358642,False
1216,1131,4712.5,13.949203720609846,13.949203720609846,True,0.8104291341045339,False
1217,1132,4716.666666666667,13.775050018807821,13.775050018807821,True,0.8055378380672513,False
1218,1133,4720.833333333333,13.775050018807821,13.662317489903696,True,0.8050613688702931,False
1219,1134,4725.0,13.775050018807821,13.565415415415416,True,0.839409385960438,False
1220,1135,4729.166666666667,13.775050018807821,13.663663663663662,True,0.8400165471061636,False
1221,1136,4733.333333333333,14.009369997174874,14.009369997174874,True,0.8426230428421145,False
1222,1137,4737.5,14.310294921056625,14.310294921056625,True,0.8440791572874936,False
1223,1138,4741.666666666666,14.53033033033033,14.53033033033033,True,0.8443363945276339,False
1224,1139,4745.833333333334,14.637588029087627,14.637588029087627,True,0.8383219040422328,False
1225,1140,4750.0,14.69255676608081,14.69255676608081,True,0.8428194506866341,False
1226,1141,4754.166666666666,14.834834834834835,14.834834834834835,True,0.8535671462382112,False
1227,1142,4758.333333333334,15.069069069069068,15.069069069069068,True,0.8560934630278626,False
1228,1143,4762.5,15.186186186186186,15.24067372499428,True,0.8587603840875028,False
1229,1144,4766.666666666667,15.186186186186186,15.301957129543336,True,0.8460664447188446,False
1230,1145,4770.833333333333,15.186186186186186,15.288148396844049,True,0.8392613822248856,False
1231,1146,4775.0,15.186186186186186,15.186186186186186,True,0.8445831952406326,False
1232,1147,4779.166666666667,15.065058159483781,15.065058159483781,True,0.8481566609467548,False
1233,1148,4783.333333333333,14.906966569218223,14.906966569218223,True,0.860908961740746,False
1234,1149,4787.5,14.708206545415846,14.708206545415846,True,0.8617788089472382,False
1235,1150,4791.666666666667,14.514166798377326,14.514166798377326,True,0.8597745658481225,False
1236,1151,4795.833333333333,14.367501222152384,14.367501222152384,True,0.8591663186739106,False
1237,1152,4800.0,14.327327327327327,14.327327327327327,True,0.8401661146205779,False
1238,1153,4804.166666666666,14.241309105715885,14.241309105715885,True,0.8431648161562193,False
1239,1154,4808.333333333334,14.086793311901953,14.086793311901953,True,0.8388425027781897,False
1240,1155,4812.5,13.865956865956866,13.865956865956866,True,0.8417929573780902,False
1241,1156,4816.666666666666,13.78078078078078,13.652218728901046,True,0.8099579145384491,False
1242,1157,4820.833333333334,13.78078078078078,13.585585585585585,True,0.8108873558769675,False
1243,1158,4825.0,13.78078078078078,13.596459885811736,True,0.8061541946660138,False
1244,1159,4829.166666666667,13.78078078078078,13.78078078078078,True,0.8049900623600451,False
1245,1160,4833.333333333333,13.855856363462854,13.855856363462854,True,0.8029867355454192,False
1246,1161,4837.5,13.969914651493598,13.969914651493598,True,0.8351770838209681,False
1247,1162,4841.666666666667,14.068341811198954,14.068341811198954,True,0.805199747782886,False
1248,1163,4845.833333333333,14.256347256347256,14.256347256347256,True,0.8078943836572845,False
1249,1164,4850.0,14.425049055414716,14.425049055414716,True,0.811250042608591,False
1250,1165,4854.166666666667,14.553141376670789,14.553141376670789,True,0.809428266801199,False
1251,1166,4858.333333333333,14.657808717808717,14.657808717808717,True,0.8107530133387533,False
1252,1167,4862.5,14.687815198790808,14.715296692040878,True,0.812656157079817,False
1253,1168,4866.666666666666,14.687815198790808,14.744641192917054,True,0.8134639133182597,False
1254,1169,4870.833333333334,14.687815198790808,14.744806030520316,True,0.8143633394026633,False
1255,1170,4875.0,14.687815198790808,14.687815198790808,True,0.8116665343975307,False
1256,1171,4879.166666666666,14.618884707492303,14.618884707492303,True,0.8124649132053984,False
1257,1172,4883.333333333334,14.501264697533353,14.501264697533353,True,0.8118043202050393,False
1258,1173,4887.5,14.357554594372354,14.357554594372354,True,0.8096126382654086,False
1259,1174,4891.666666666667,14.19927927927928,14.19927927927928,True,0.8520001756565205,False
1260,1175,4895.833333333333,14.076696696696695,14.076696696696695,True,0.8463969785299693,False
1261,1176,4900.0,13.95987237237237,13.95987237237237,True,0.816072321245722,False
1262,1177,4904.166666666667,13.880854735332345,13.880854735332345,True,0.8221610690332699,False
1263,1178,4908.333333333333,13.720901352480299,13.720901352480299,True,0.8263844267284314,False
1264,1179,4912.5,13.720901352480299,13.58160201017344,True,0.8311002631082934,False
1265,1180,4916.666666666667,13.720901352480299,13.520520520520519,True,0.8283460212115722,False
1266,1181,4920.833333333333,13.720901352480299,13.549002840678515,True,0.8289033504011533,False
1267,1182,4925.0,13.752015173067804,13.752015173067804,True,0.8285654824738424,False
1268,1183,4929.166666666666,13.909856496813019,13.909856496813019,True,0.8278627403831977,False
1269,1184,4933.333333333334,13.971221778217009,13.971221778217009,True,0.8271888266454173,False
1270,1185,4937.5,14.028935912656841,14.028935912656841,True,0.8264092558181095,False
1271,1186,4941.666666666666,14.1221489561851,14.1221489561851,True,0.8269607662891166,False
1272,1187,4945.833333333334,14.158723941332637,14.158723941332637,True,0.8232612993470929,False
1273,1188,4950.0,14.197197197197196,14.197197197197196,True,0.8226804482371399,False
1274,1189,4954.166666666667,14.197197197197196,14.201957109665736,True,0.8221097286574864,False
1275,1190,4958.333333333333,14.197197197197196,14.263526383526381,True,0.8218876480563753,False
1276,1191,4962.5,14.197197197197196,14.242781242781241,True,0.821716687472802,False
1277,1192,4966.666666666667,14.189257053663832,14.189257053663832,True,0.8234149552707627,False
1278,1193,4970.833333333333,14.178882586289992,14.178882586289992,True,0.824164319825945,False
1279,1194,4975.0,14.172844272844273,14.172844272844273,True,0.8284628218253144,False
1280,1195,4979.166666666667,14.139204926345998,14.139204926345998,True,0.8244360309242282,False
1281,1196,4983.333333333333,14.057563181158686,14.057563181158686,True,0.8267329821285864,False
1282,1197,4987.5,13.952256053521877,13.952256053521877,True,0.8287925262268677,False
1283,1198,4991.666666666666,13.888020550671152,13.888020550671152,True,0.8252269950045993,False
1284,1199,4995.833333333334,13.742717717717715,13.742717717717715,True,0.8251543442583725,False
1285,1200,5000.0,13.66751258300554,13.619377091854156,True,0.8250341426920864,False
1286,1201,5004.166666666666,13.66751258300554,13.57150334274517,True,0.8172111687463645,False
1287,1202,5008.333333333334,13.66751258300554,13.591851110369628,True,0.8203298472657042,False
1288,1203,5012.5,13.66751258300554,13.66751258300554,True,0.8188765398407166,False
1289,1204,5016.666666666667,13.82398903758127,13.82398903758127,True,0.8130191113706071,False
1290,1205,5020.833333333333,13.870769074158904,13.870769074158904,True,0.8123772855640343,False
1291,1206,5025.0,13.947069206611191,13.947069206611191,True,0.8109972676869005,False
1292,1207,5029.166666666667,13.980159091020965,13.980159091020965,True,0.8056936171663545,False
1293,1208,5033.333333333333,14.064961963462713,14.064961963462713,True,0.8074296027724264,False
1294,1209,5037.5,14.07093580066553,14.07093580066553,True,0.8057974186654504,False
1295,1210,5041.666666666667,14.07093580066553,14.116698093442277,True,0.8062327371642047,False
1296,1211,5045.833333333333,14.07093580066553,14.112703401075493,True,0.8061646282412231,False
1297,1212,5050.0,14.07093580066553,14.108462793502163,True,0.8061553916295102,False
1298,1213,5054.166666666666,14.044227901370757,14.044227901370757,True,0.8044986487597358,False
1299,1214,5058.333333333334,14.030788364121697,14.030788364121697,True,0.8042452306516438,False
1300,1215,5062.5,13.975975975975976,13.975975975975976,True,0.8034145277042207,False
1301,1216,5066.666666666666,13.889825872384012,13.889825872384012,True,0.8015689610615813,False
1302,1217,5070.833333333334,13.845986597081486,13.845986597081486,True,0.804707237204374,False
1303,1218,5075.0,13.813963963963964,13.813963963963964,True,0.7996710747553384,False
1304,1219,5079.166666666667,13.800973387180283,13.800973387180283,True,0.8004630395450316,False
1305,1220,5083.333333333333,13.735594997718,13.735594997718,True,0.8053722146016464,False
1306,1221,5087.5,13.684259062211817,13.684259062211817,True,0.8013966756463535,False
1307,1222,5091.666666666667,13.65083655083655,13.65083655083655,True,0.8077818271236643,False
1308,1223,5095.833333333333,13.65083655083655,13.585585585585585,True,0.8103532865778132,False
1309,1224,5100.0,13.65083655083655,13.58272603814005,True,0.8473977737012961,False
1310,1225,5104.166666666667,13.65083655083655,13.644526879820996,True,0.8513304728526784,False
1311,1226,5108.333333333333,13.817009455139813,13.817009455139813,True,0.8535150766489175,False
1312,1227,5112.5,13.915447557649392,13.916407787097441,True,0.854237202047083,False
1313,1228,5116.666666666666,13.915447557649392,13.936936936936936,True,0.8545806306162878,False
1314,1229,5120.833333333334,13.915447557649392,13.943687384863855,True,0.8477907147364284,False
1315,1230,5125.0,13.915447557649392,13.915447557649392,True,0.8498983594597689,False
1316,1231,5129.166666666666,13.897897897897897,13.897897897897897,True,0.8489022871463456,False
1317,1232,5133.333333333334,13.873760339839038,13.873760339839038,True,0.847699416752506,False
1318,1233,5137.5,13.83197952050411,13.83197952050411,True,0.8528054328265905,False
1319,1234,5141.666666666667,13.745179457808323,13.745179457808323,True,0.8517425152037907,False
1320,1235,5145.833333333333,13.663663663663662,13.663663663663662,True,0.8154352312028479,False
1321,1236,5150.0,13.663663663663662,13.569885102493796,True,0.8088696276966686,False
1322,1237,5154.166666666667,13.663663663663662,13.590311136563509,True,0.8097591918194244,False
1323,1238,5158.333333333333,13.663663663663662,13.622126126126124,True,0.8089536429481158,False
1324,1239,5162.5,13.663663663663662,13.663663663663662,True,0.8046674328622216,False
1325,1240,5166.666666666667,13.663663663663662,13.677977977977978,True,0.8120821969526915,False
1326,1241,5170.833333333333,13.677977977977978,13.680743243243242,True,0.8044886469050788,False
1327,1242,5175.0,13.680743243243242,13.663663663663662,True,0.8103650601615444,False
1328,1243,5179.166666666666,13.727197786021314,13.727197786021314,True,0.80871776850939,False
1329,1244,5183.333333333334,13.80053547523427,13.80053547523427,True,0.8045615510894284,False
1330,1245,5187.5,13.812720675494047,13.812720675494047,True,0.8106973184328075,False
1331,1246,5191.666666666666,13.812720675494047,13.832451160638872,True,0.8046402132510216,False
1332,1247,5195.833333333334,13.812720675494047,13.82772879586904,True,0.8047063627507862,False
1333,1248,5200.0,13.812720675494047,13.822331527736933,True,0.8098567685876346,False
1334,1249,5204.166666666667,13.759646864910021,13.759646864910021,True,0.804567668493481,False
1335,1250,5208.333333333333,13.75523671819968,13.75324714958861,True,0.8048492967266625,False
1336,1251,5212.5,13.75324714958861,13.75523671819968,True,0.8051060338102582,False
1337,1252,5216.666666666667,13.695047989165635,13.695047989165635,True,0.8092786609491986,False
1338,1253,5220.833333333333,13.68450422966319,13.68450422966319,True,0.8123379381986011,False
1339,1254,5225.0,13.644490644490643,13.644490644490643,True,0.8068216605003035,False
1340,1255,5229.166666666667,13.631664451336583,13.631664451336583,True,0.8126091950225685,False
1341,1256,5233.333333333333,13.631664451336583,13.60598048874996,True,0.8006211069736089,False
1342,1257,5237.5,13.631664451336583,13.598752598752597,True,0.8074321860933982,False
1343,1258,5241.666666666666,13.631664451336583,13.603737495457239,True,0.8127870428640829,False
1344,1259,5245.833333333334,13.640904974238305,13.640904974238305,True,0.8315952305586742,True
1345,1260,5250.0,13.663663663663662,13.663663663663662,True,0.846681933165434,True
1346,1261,5254.166666666666,13.67147147147147,13.67147147147147,True,0.8168081666112275,True
1347,1262,5258.333333333334,13.67147147147147,13.69774255253552,True,0.8169713766091534,True
1348,1263,5262.5,13.67147147147147,13.69774255253552,True,0.848316382871347,True
1349,1264,5266.666666666667,13.67147147147147,13.69348088245726,True,0.816872382650604,True
1350,1265,5270.833333333333,13.653903903903903,13.653816552268562,True,0.8157613565992392,True
1351,1266,5275.0,13.653816552268562,13.653903903903903,True,0.8478237763275472,False
1352,1267,5279.166666666667,13.632612952990101,13.623914823914824,True,0.8475796922150609,False
1353,1268,5283.333333333333,13.632612952990101,13.621259190224706,True,0.8174852744640565,False
1354,1269,5287.5,13.632612952990101,13.628383939495048,True,0.8155529918597879,False
1355,1270,5291.666666666667,13.632612952990101,13.632612952990101,True,0.8179928251002957,False
1356,1271,5295.833333333333,13.634105534105533,13.634105534105533,True,0.819395273166555,False
1357,1272,5300.0,13.635915571665542,13.64789031455698,True,0.8188622126068686,False
1358,1273,5304.166666666666,13.64789031455698,13.635915571665542,True,0.8201445427992873,False
1359,1274,5308.333333333334,13.663663663663662,13.663663663663662,True,0.8204768946452117,False
1360,1275,5312.5,13.663663663663662,13.663663663663662,True,0.8195595138713032,False
1361,1276,5316.666666666666,13.663663663663662,13.667323573573572,True,0.8200869078389672,False
1362,1277,5320.833333333334,13.663663663663662,13.665521136109371,True,0.820156186967375,False
1363,1278,5325.0,13.665521136109371,13.634234234234233,True,0.8481784195079065,False
1364,1279,5329.166666666667,13.667323573573572,13.663663663663662,True,0.8203443950010039,False
1365,1280,5333.333333333333,13.686028630208199,13.686028630208199,True,0.8521722036168075,False
1366,1281,5337.5,13.73789852028194,13.73789852028194,True,0.8185084806555015,False
1367,1282,5341.666666666667,13.741840825597171,13.741840825597171,True,0.849680829607844,False
1368,1283,5345.833333333333,13.82970312084236,13.82970312084236,True,0.8487274225566558,False
1369,1284,5350.0,13.85743202441572,13.85743202441572,True,0.8535800529653863,False
1370,1285,5354.166666666667,13.888472365704773,13.888472365704773,True,0.857407635537562,False
1371,1286,5358.333333333333,13.90841810828627,13.90841810828627,True,0.8556446840578945,False
1372,1287,5362.5,13.936936936936936,13.936936936936936,True,0.8559566197510862,False
1373,1288,5366.666666666666,13.974482679400712,13.974482679400712,True,0.8591963436075232,False
1374,1289,5370.833333333334,14.050080020139898,14.050080020139898,True,0.8573228172106269,False
1375,1290,5375.0,14.088037677965735,14.088037677965735,True,0.860690917313027,False
1376,1291,5379.166666666666,14.132132132132131,14.132132132132131,True,0.8223566818425323,False
1377,1292,5383.333333333334,14.194166769509234,14.194166769509234,True,0.8250096550424666,False
1378,1293,5387.5,14.214144714470024,14.214144714470024,True,0.8244590324899593,False
1379,1294,5391.666666666667,14.369836503169836,14.369836503169836,True,0.8244489841953623,False
1380,1295,5395.833333333333,14.49658045141916,14.49658045141916,True,0.8257949280237409,False
1381,1296,5400.0,14.601801801801802,14.601801801801802,True,0.8517585129730137,False
1382,1297,5404.166666666667,14.790717324967092,14.790717324967092,True,0.8451559480948265,False
1383,1298,5408.333333333333,14.97589351365095,14.97589351365095,True,0.8557722896661766,False
1384,1299,5412.5,15.234260937767035,15.234260937767035,True,0.850728136901295,False
1385,1300,5416.666666666667,15.52173602173602,15.52173602173602,True,0.8591391902016454,False
1386,1301,5420.833333333333,15.876764388855426,15.876764388855426,True,0.8310274744328234,False
1387,1302,5425.0,16.27927927927928,16.27927927927928,True,0.8696311333200917,False
1388,1303,5429.166666666666,16.86178906178906,16.86178906178906,True,0.8706409985787149,False
1389,1304,5433.333333333334,17.6481916699308,17.6481916699308,True,0.872161111100812,False
1390,1305,5437.5,18.638972305638973,18.638972305638973,True,0.8521430018567093,False
1391,1306,5441.666666666666,20.144144144144143,20.144144144144143,True,0.7663132642660172,False
1392,1307,5445.833333333334,23.112226512226513,23.112226512226513,True,0.8894774262004831,False
1393,1308,5450.0,23.188134080025968,23.19548580838903,True,0.8870786539561648,False
1394,1309,5454.166666666667,23.188134080025968,23.312812812812812,True,0.8892003839861393,False
1395,1310,5458.333333333333,23.188134080025968,23.346906906906906,True,0.8929541699197991,False
1396,1311,5462.5,23.188134080025968,23.188134080025968,True,0.8924074104296446,False
1397,1312,5466.666666666667,23.18773213367808,23.16894672450228,True,0.8957935723774345,False
1398,1313,5470.833333333333,23.18570624539816,23.18773213367808,True,0.8953905430272024,False
1399,1314,5475.0,23.18570624539816,23.18570624539816,True,0.895578715337758,False
1400,1315,5479.166666666667,23.18570624539816,23.10404267904268,True,0.8914317171545659,False
1401,1316,5483.333333333333,23.18773213367808,23.110359269152873,True,0.8921993563356599,False
1402,1317,5487.5,23.193247010451312,23.193247010451312,True,0.8954536951454406,False
1403,1318,5491.666666666666,23.205920205920204,23.326755326755325,True,0.892467702269322,False
1404,1319,5495.833333333334,23.246395746395745,23.205920205920204,True,0.8960111342366157,False
1405,1320,5500.0,23.246395746395745,23.246395746395745,True,0.8914929392027279,False
1406,1321,5504.166666666666,23.246395746395745,23.286156054013194,True,0.8923597412946895,False
1407,1322,5508.333333333334,23.238205751390336,23.254334643523833,True,0.8912567925338938,False
1408,1323,5512.5,23.246395746395745,23.183025130393553,True,0.8888161890218795,False
1409,1324,5516.666666666667,23.254334643523833,23.20173745173745,True,0.8925817683498651,False
1410,1325,5520.833333333333,23.254334643523833,23.238205751390336,True,0.8907770108413591,False
1411,1326,5525.0,23.26803273862097,23.26803273862097,True,0.8900463507675163,False
1412,1327,5529.166666666667,23.281341625313253,23.281341625313253,True,0.8901372465631023,False
1413,1328,5533.333333333333,23.281341625313253,23.307944307944307,True,0.8940173161836331,False
1414,1329,5537.5,23.281341625313253,23.307725907725906,True,0.8944429873554507,False
1415,1330,5541.666666666667,23.281341625313253,23.29045629715988,True,0.8912545915241786,False
1416,1331,5545.833333333333,23.26437399829062,23.26437399829062,True,0.893045031674593,False
1417,1332,5550.0,23.259211592544926,23.259211592544926,True,0.8908226800393082,False
1418,1333,5554.166666666666,23.259211592544926,23.21893321893322,True,0.8910215324719951,False
1419,1334,5558.333333333334,23.259211592544926,23.238638638638637,True,0.8947878142730128,False
1420,1335,5562.5,23.259211592544926,23.25396825396825,True,0.8947378860964605,False
1421,1336,5566.666666666666,23.25396825396825,23.281906906906904,True,0.8900765266596803,False
1422,1337,5570.833333333334,23.25396825396825,23.344738071404738,True,0.8835465211768327,False
1423,1338,5575.0,23.25396825396825,23.284040187728714,True,0.8768851595885329,False
1424,1339,5579.166666666667,20.9543901043901,20.9543901043901,True,0.8880437119852604,False
1425,1340,5583.333333333333,20.183183183183182,20.183183183183182,True,0.8826752578397508,False
1426,1341,5587.5,19.188536362449405,19.188536362449405,True,0.8570629892668181,False
1427,1342,5591.666666666667,18.0956219377272,18.0956219377272,True,0.859849317179243,False
1428,1343,5595.833333333333,16.924724724724722,16.924724724724722,True,0.8545394950120145,False
1429,1344,5600.0,15.478341086184221,15.478341086184221,True,0.848552439316755,False
1430,1345,5604.166666666667,14.989517819706498,14.216282949616282,True,0.8469256990202968,False
1431,1346,5608.333333333333,14.989517819706498,14.158843053579895,True,0.8636801696483065,False
1432,1347,5612.5,14.989517819706498,14.587080587080587,True,0.8627690629953064,False
1433,1348,5616.666666666666,14.989517819706498,14.989517819706498,True,0.8197867974094997,False
1434,1349,5620.833333333334,15.058725392058724,15.189817724701443,True,0.8299902367483704,False
1435,1350,5625.0,15.058725392058724,15.317172435593488,True,0.8303201256858054,False
1436,1351,5629.166666666666,15.058725392058724,15.34131771889884,True,0.8305160559486966,False
1437,1352,5633.333333333334,15.058725392058724,15.058725392058724,True,0.828505189453376,False
1438,1353,5637.5,14.618345618345616,14.618345618345616,True,0.8257680506758857,False
1439,1354,5641.666666666667,14.618345618345616,14.106871577459813,True,0.8167655248724867,False
1440,1355,5645.833333333333,14.618345618345616,14.073573573573572,True,0.8118404421492946,False
1441,1356,5650.0,14.618345618345616,14.605080490326392,True,0.8153870725368588,False
1442,1357,5654.166666666667,15.161881236074784,15.161881236074784,True,0.8155353500909762,False
1443,1358,5658.333333333333,15.527138062432181,15.527138062432181,True,0.8165042803084804,False
1444,1359,5662.5,15.527138062432181,15.673251039689395,True,0.8575848808471587,False
1445,1360,5666.666666666667,15.527138062432181,15.70820854885026,True,0.8188189061250076,False
1446,1361,5670.833333333333,15.527138062432181,15.615615615615615,True,0.8163534565497412,False
1447,1362,5675.0,15.275975975975976,15.275975975975976,True,0.8121933114012325,False
1448,1363,5679.166666666666,14.785192600007415,14.778445111778444,True,0.8086954249203268,False
1449,1364,5683.333333333334,14.778445111778444,14.6006006006006,True,0.8062788359487894,False
1450,1365,5687.5,14.726486486486486,14.71233302267785,True,0.8225571382512209,False
1451,1366,5691.666666666666,14.71233302267785,14.785192600007415,True,0.8084464643281215,False
1452,1367,5695.833333333334,14.6006006006006,14.726486486486486,True,0.8201265687902235,False
1453,1368,5700.0,14.524874271862224,14.524874271862224,True,0.8127945180848348,False
1454,1369,5704.166666666667,14.280285511992828,14.280285511992828,True,0.8065180790234566,False
1455,1370,5708.333333333333,14.213723723723724,14.213723723723724,True,0.8004959420536384,False
1456,1371,5712.5,14.145199422571686,14.145199422571686,True,0.8021937252268646,False
1457,1372,5716.666666666667,14.06096785361261,14.06096785361261,True,0.8040571910799067,False
1458,1373,5720.833333333333,13.973095802224243,13.973095802224243,True,0.7996137311019942,False
1459,1374,5725.0,13.82922237467692,13.82922237467692,True,0.8031093054039051,False
1460,1375,5729.166666666667,13.82922237467692,13.69344244110599,True,0.8062678336921785,False
1461,1376,5733.333333333333,13.82922237467692,13.60246052504117,True,0.8455434816459926,False
1462,1377,5737.5,13.82922237467692,13.654326081806998,True,0.8473359164360539,False
1463,1378,5741.666666666666,13.856197106197106,13.856197106197106,True,0.8492314248813452,False
1464,1379,5745.833333333334,14.13545460353971,14.13545460353971,True,0.8526996303967915,False
1465,1380,5750.0,14.255755755755755,14.255755755755755,True,0.8491270578513068,False
1466,1381,5754.166666666666,14.372327993017647,14.372327993017647,True,0.8504380875077181,False
1467,1382,5758.333333333334,14.40714047380714,14.40714047380714,True,0.8517258078503098,False
1468,1383,5762.5,14.48294127460794,14.48294127460794,True,0.8538176046696678,False
1469,1384,5766.666666666667,14.57145145145145,14.57145145145145,True,0.8567889993016764,False
1470,1385,5770.833333333333,14.57145145145145,14.58804549015139,True,0.855942913936917,False
1471,1386,5775.0,14.57145145145145,14.588758765788638,True,0.8528937600632369,False
1472,1387,5779.166666666667,14.57145145145145,14.578964506675348,True,0.8531882930974509,False
1473,1388,5783.333333333333,14.532432082765522,14.532432082765522,True,0.8486678096949923,False
1474,1389,5787.5,14.490402071341862,14.490402071341862,True,0.8070957019516328,False
1475,1390,5791.666666666667,14.454893486557738,14.454893486557738,True,0.8081883369718468,False
1476,1391,5795.833333333333,14.422744837861115,14.409597516980066,True,0.8138804423794311,False
1477,1392,5800.0,14.409597516980066,14.422744837861115,True,0.8335514501106607,False
1478,1393,5804.166666666666,14.390879251344368,14.390879251344368,True,0.8126742079021944,False
1479,1394,5808.333333333334,14.345461590622879,14.345461590622879,True,0.815880669201525,False
1480,1395,5812.5,14.28207753207753,14.28207753207753,True,0.8181478879781916,False
1481,1396,5816.666666666666,14.201608388049065,14.201608388049065,True,0.8203704685587881,False
1482,1397,5820.833333333334,14.091431857389303,14.091431857389303,True,0.8194590890078525,False
1483,1398,5825.0,13.974601361925306,13.974601361925306,True,0.8210355774020508,False
1484,1399,5829.166666666667,13.817567567567567,13.817567567567567,True,0.8232120655436038,False
1485,1400,5833.333333333333,13.693584095043947,13.693584095043947,True,0.827231444655952,False
1486,1401,5837.5,13.691483539614381,13.624624624624625,True,0.8299738496006431,False
1487,1402,5841.666666666667,13.691483539614381,13.688201381653762,True,0.8264188925803868,False
1488,1403,5845.833333333333,13.691483539614381,13.589044740943475,True,0.8276854180148948,False
1489,1404,5850.0,13.691483539614381,13.691483539614381,True,0.8238196445925932,False
1490,1405,5854.166666666667,13.824777158110491,13.824777158110491,True,0.8194443525338353,False
1491,1406,5858.333333333333,13.943948136442692,13.943948136442692,True,0.822615981944916,False
1492,1407,5862.5,14.01578048636872,14.01578048636872,True,0.8240792807987007,False
1493,1408,5866.666666666666,14.04954324071971,14.04954324071971,True,0.8221977707228805,False
1494,1409,5870.833333333334,14.161245991754466,14.161245991754466,True,0.8235051468656329,False
1495,1410,5875.0,14.216102329874785,14.26193353632378,True,0.8517825468571175,False
1496,1411,5879.166666666666,14.216102329874785,14.28190008190008,True,0.8254648115089434,False
1497,1412,5883.333333333334,14.216102329874785,14.267406066811027,True,0.8252375538262957,False
1498,1413,5887.5,14.216102329874785,14.216102329874785,True,0.8253413666388462,False
1499,1414,5891.666666666667,14.137012012012011,14.137012012012011,True,0.8247083189338292,False
1500,1415,5895.833333333333,14.034917270211388,14.034917270211388,True,0.8237642654729587,False
1501,1416,5900.0,13.923499586543063,13.923499586543063,True,0.8235306801844142,False
1502,1417,5904.166666666667,13.863451686981099,13.863451686981099,True,0.8217210126892753,False
1503,1418,5908.333333333333,13.746268007137571,13.746268007137571,True,0.8268012259505038,False
1504,1419,5912.5,13.681502694747728,13.681502694747728,True,0.8307518474992892,False
1505,1420,5916.666666666667,13.681502694747728,13.645842030098361,True,0.8327414816904651,False
1506,1421,5920.833333333333,13.681502694747728,13.645018152480837,True,0.8394211362318166,False
1507,1422,5925.0,13.681502694747728,13.663663663663662,True,0.8349181363508931,False
1508,1423,5929.166666666666,13.731981981981981,13.741741741741741,True,0.8295272037915962,False
1509,1424,5933.333333333334,13.741741741741741,13.731981981981981,True,0.8272523093420752,False
1510,1425,5937.5,13.741741741741741,13.741741741741741,True,0.8669234653117608,False
1511,1426,5941.666666666666,13.897897897897897,13.897897897897897,True,0.8197097578756576,False
1512,1427,5945.833333333334,13.975975975975976,13.975975975975976,True,0.8199274554002286,False
1513,1428,5950.0,13.975975975975976,13.975975975975976,True,0.8423701570212466,False
1514,1429,5954.166666666667,13.975975975975976,13.975975975975976,True,0.8577819907297547,False
1515,1430,5958.333333333333,13.975975975975976,14.06311281845344,True,0.8279870048150945,False
1516,1431,5962.5,13.975975975975976,14.065004028418661,True,0.8266872204374144,False
1517,1432,5966.666666666667,13.975975975975976,14.050450450450448,True,0.8555318041908753,False
1518,1433,5970.833333333333,13.960405492197399,13.960405492197399,True,0.8556569912523527,False
1519,1434,5975.0,13.942877660268964,13.942877660268964,True,0.842397248624551,False
1520,1435,5979.166666666667,13.920353982300885,13.920353982300885,True,0.8153941767283093,False
1521,1436,5983.333333333333,13.814826454361338,13.814826454361338,True,0.8084172583809055,False
1522,1437,5987.5,13.729966662779482,13.729966662779482,True,0.8095814119153854,False
1523,1438,5991.666666666666,13.668328706064555,13.61347401125856,True,0.8416783070279732,False
1524,1439,5995.833333333334,13.668328706064555,13.610039793488069,True,0.8393363244749845,False
1525,1440,6000.0,13.668328706064555,13.627359843920352,True,0.841659664256175,False
1526,1441,6004.166666666666,13.668328706064555,13.668328706064555,True,0.848796858216464,False
1527,1442,6008.333333333334,13.736773136773136,13.736773136773136,True,0.8501036470501813,False
1528,1443,6012.5,13.758793276034655,13.758793276034655,True,0.8483766192484716,False
1529,1444,6016.666666666667,13.78078078078078,13.78078078078078,True,0.8407279818769867,False
1530,1445,6020.833333333333,13.790548392318303,13.790548392318303,True,0.8405546729217259,False
1531,1446,6025.0,13.815549924924925,13.826769022863779,True,0.839723053464561,False
1532,1447,6029.166666666667,13.826769022863779,13.815549924924925,True,0.841199340779269,False
1533,1448,6033.333333333333,13.826769022863779,13.893616196842002,True,0.8087847394636188,False
1534,1449,6037.5,13.826769022863779,13.881089422756089,True,0.8092561593392413,False
1535,1450,6041.666666666667,13.815549924924925,13.881089422756089,True,0.8409311057341053,False
1536,1451,6045.833333333333,13.814503913391961,13.788435494317847,True,0.8083892443439686,False
1537,1452,6050.0,13.800806390754536,13.800806390754536,True,0.8507729339843251,False
1538,1453,6054.166666666666,13.788435494317847,13.814503913391961,True,0.8125984517485881,False
1539,1454,6058.333333333334,13.777465997184306,13.777465997184306,True,0.8128795850271662,False
1540,1455,6062.5,13.699199888498882,13.699199888498882,True,0.8497742941093711,False
1541,1456,6066.666666666666,13.663663663663662,13.663663663663662,True,0.8487004002501484,False
1542,1457,6070.833333333334,13.634785470401907,13.634785470401907,True,0.8490483229702614,False
1543,1458,6075.0,13.634785470401907,13.598598598598597,True,0.8483598457714896,False
1544,1459,6079.166666666667,13.634785470401907,13.599395313681025,True,0.8362645087413356,False
1545,1460,6083.333333333333,13.634785470401907,13.603687730760791,True,0.8414850577233031,False
1546,1461,6087.5,13.663663663663662,13.663663663663662,True,0.8586713799171448,False
1547,1462,6091.666666666667,13.699863499863499,13.699863499863499,True,0.8089555353505171,False
1548,1463,6095.833333333333,13.706781408273946,13.706781408273946,True,0.8099637044253306,False
1549,1464,6100.0,13.722100982970549,13.727408580237052,True,0.8130966561056873,False
1550,1465,6104.166666666667,13.722100982970549,13.729693782940894,True,0.8131924004592042,False
1551,1466,6108.333333333333,13.722100982970549,13.745030745030745,True,0.8106544808468555,False
1552,1467,6112.5,13.722100982970549,13.722100982970549,True,0.8252180056033938,False
1553,1468,6116.666666666666,13.67779906057723,13.663663663663662,True,0.8282492288203254,False
1554,1469,6120.833333333334,13.663663663663662,13.67779906057723,True,0.8302636851421505,False
1555,1470,6125.0,13.663663663663662,13.663663663663662,True,0.8283670203293185,False
1556,1471,6129.166666666666,13.663663663663662,13.663663663663662,True,0.8285114110052749,False
1557,1472,6133.333333333334,13.66276621449035,13.659836306895128,True,0.8307038914742491,False
1558,1473,6137.5,13.659836306895128,13.66276621449035,True,0.8306332902976882,False
1559,1474,6141.666666666667,13.647378807378807,13.647378807378807,True,0.8346071801828363,False
1560,1475,6145.833333333333,13.640824717811473,13.638458613053206,True,0.8329175670793667,False
1561,1476,6150.0,13.640824717811473,13.598357616876134,True,0.8323097546989618,False
1562,1477,6154.166666666667,13.640824717811473,13.586239871156073,True,0.8330466349037511,False
1563,1478,6158.333333333333,13.640824717811473,13.640824717811473,True,0.8330120479104304,False
1564,1479,6162.5,13.670328865450816,13.670328865450816,True,0.831583854354178,False
1565,1480,6166.666666666667,13.701023604249409,13.701023604249409,True,0.868987854642066,False
1566,1481,6170.833333333333,13.701023604249409,13.750921673647056,True,0.8265106381060897,False
1567,1482,6175.0,13.701023604249409,13.755420024387787,True,0.8265660505068412,False
1568,1483,6179.166666666666,13.701023604249409,13.729016309126807,True,0.8252480283425332,False
1569,1484,6183.333333333334,13.678873678873677,13.678873678873677,True,0.8263479349748429,False
1570,1485,6187.5,13.655855855855856,13.655855855855856,True,0.8314480160652146,False
1571,1486,6191.666666666666,13.64914625608267,13.64914625608267,True,0.8288598715817229,False
1572,1487,6195.833333333334,13.643890643890645,13.637170307397387,True,0.8296546095486511,False
1573,1488,6200.0,13.637170307397387,13.625772831655183,True,0.8327499385719166,False
1574,1489,6204.166666666667,13.625772831655183,13.643890643890645,True,0.8327724003161574,False
1575,1490,6208.333333333333,13.613499405445713,13.613499405445713,True,0.8317171651559352,False
1576,1491,6212.5,13.60838019227281,13.60838019227281,True,0.8282758834030218,False
1577,1492,6216.666666666667,13.60838019227281,13.585585585585585,True,0.8281090181283454,False
1578,1493,6220.833333333333,13.60838019227281,13.587963038658742,True,0.8238631798767685,False
1579,1494,6225.0,13.60838019227281,13.594291213075742,True,0.8228647257903282,False
1580,1495,6229.166666666667,13.615900817018135,13.615900817018135,True,0.866859309300319,False
1581,1496,6233.333333333333,13.615900817018135,13.653114816944603,True,0.8669874723663047,False
1582,1497,6237.5,13.615900817018135,13.640095353610986,True,0.82298597147446,False
1583,1498,6241.666666666666,13.615900817018135,13.659565642991055,True,0.8691935132113178,False
1584,1499,6245.833333333334,13.60868732613421,13.608585508585508,True,0.8671412736127208,False
1585,1500,6250.0,13.60868732613421,13.60868732613421,True,0.8256968848030516,False
1586,1501,6254.166666666666,13.608585508585508,13.602459577030574,True,0.8687169714349664,False
1587,1502,6258.333333333334,13.602459577030574,13.59459609793769,True,0.8250889883857527,False
1588,1503,6262.5,13.595995995995995,13.612785696980355,True,0.8260931266091053,False
1589,1504,6266.666666666667,13.595008801905353,13.595995995995995,True,0.825663915805944,False
1590,1505,6270.833333333333,13.595008801905353,13.587195442865546,True,0.8264547467496236,False
1591,1506,6275.0,13.595995995995995,13.585585585585585,True,0.8315965895871452,False
1592,1507,6279.166666666667,13.595995995995995,13.595008801905353,True,0.8252436166269371,False
1593,1508,6283.333333333333,13.597557557557554,13.597557557557554,True,0.8306064162116394,False
1594,1509,6287.5,13.597557557557554,13.599314314314315,True,0.8294237593220531,False
1595,1510,6291.666666666667,13.597557557557554,13.604661479661479,True,0.8296488304224122,False
1596,1511,6295.833333333333,13.597557557557554,13.601401401401402,True,0.8271046571816162,False
1597,1512,6300.0,13.594125375375375,13.591791791791792,True,0.8293203994352456,True
1598,1513,6304.166666666666,13.594125375375375,13.586416203437478,True,0.8261120024886213,True
1599,1514,6308.333333333334,13.591791791791792,13.594125375375375,True,0.8299192507447725,True
1600,1515,6312.5,13.586416203437478,13.586179657918786,True,0.8301655630093416,True
1601,1516,6316.666666666666,13.586179657918786,13.604522167889105,True,0.8299339670426162,True
1602,1517,6320.833333333334,13.583334019634194,13.583334019634194,True,0.8303828591577871,True
1603,1518,6325.0,13.583334019634194,13.57868484021024,True,0.830350213375135,True
1604,1519,6329.166666666667,13.583334019634194,13.57868484021024,True,0.8264515951639437,False
1605,1520,6333.333333333333,13.583334019634194,13.582507796585746,True,0.8262639933197606,False
1606,1521,6337.5,13.591343240511456,13.601341475787612,True,0.8258007445315999,False
1607,1522,6341.666666666667,13.595744916186906,13.595744916186906,True,0.8254076917358001,False
1608,1523,6345.833333333333,13.601341475787612,13.591343240511456,True,0.8259709534090616,False
1609,1524,6350.0,13.607596958660789,13.607596958660789,True,0.8249419402183772,False
1610,1525,6354.166666666667,13.611536391883211,13.611536391883211,True,0.8271670576268763,False
1611,1526,6358.333333333333,13.622947458390495,13.63623372476419,True,0.8286454132525191,False
1612,1527,6362.5,13.63623372476419,13.622947458390495,True,0.8265839210012312,False
1613,1528,6366.666666666666,13.642705863758495,13.642705863758495,True,0.8244311310105528,False
1614,1529,6370.833333333334,13.645552769264109,13.645552769264109,True,0.8248314211799987,False
1615,1530,6375.0,13.663663663663662,13.663663663663662,True,0.8686245881133081,False
1616,1531,6379.166666666666,13.687244706695994,13.687244706695994,True,0.8253654945367479,False
1617,1532,6383.333333333334,13.695772695772696,13.695772695772696,True,0.8248848383768473,False
1618,1533,6387.5,13.722802347802348,13.722802347802348,True,0.8253603658319592,False
1619,1534,6391.666666666667,13.753037301260651,13.753037301260651,True,0.869287000360571,False
1620,1535,6395.833333333333,13.77911954507699,13.77911954507699,True,0.8676649149525228,False
1621,1536,6400.0,13.825295224987936,13.825295224987936,True,0.8689593014020507,False
1622,1537,6404.166666666667,13.923526883099727,13.923526883099727,True,0.8682919517069326,False
1623,1538,6408.333333333333,13.96647999350702,13.96647999350702,True,0.8674994366469636,False
1624,1539,6412.5,13.995833159447809,13.995833159447809,True,0.839537183598878,False
1625,1540,6416.666666666667,14.0308872996373,14.0308872996373,True,0.8323373085224928,False
1626,1541,6420.833333333333,14.08273667575138,14.08273667575138,True,0.8188552700602987,False
1627,1542,6425.0,14.15052151388029,14.15052151388029,True,0.8416492978981579,False
1628,1543,6429.166666666666,14.22663523365612,14.22663523365612,True,0.855597287725257,False
1629,1544,6433.333333333334,14.275514859121415,14.275514859121415,True,0.8596996525425034,False
1630,1545,6437.5,14.355221244734665,14.355221244734665,True,0.8605936166620862,False
1631,1546,6441.666666666666,14.427325462108072,14.427325462108072,True,0.8603786654675984,False
1632,1547,6445.833333333334,14.59094578449417,14.59094578449417,True,0.8569783553448357,False
1633,1548,6450.0,14.74849301856601,14.74849301856601,True,0.8673848620561747,False
1634,1549,6454.166666666667,14.891739196823941,14.891739196823941,True,0.8603906981621198,False
1635,1550,6458.333333333333,15.091516516516515,15.091516516516515,True,0.8556234326832745,False
1636,1551,6462.5,15.37376400791035,15.37376400791035,True,0.8648150718414082,False
1637,1552,6466.666666666667,15.667667667667667,15.667667667667667,True,0.8676333376972257,False
1638,1553,6470.833333333333,16.022340176989132,16.022340176989132,True,0.8804602068095,False
1639,1554,6475.0,16.532571280958376,16.532571280958376,True,0.8789317604726374,False
1640,1555,6479.166666666667,17.225975975975974,17.225975975975974,True,0.8831207550857503,False
1641,1556,6483.333333333333,18.019282440335072,18.019282440335072,True,0.8872213386928782,False
1642,1557,6487.5,19.234136914692467,19.234136914692467,True,0.8660562788969742,False
1643,1558,6491.666666666666,23.138996138996134,23.138996138996134,True,0.8688382304132467,False
1644,1559,6495.833333333334,23.185285285285282,23.185285285285282,True,0.8983499106633029,False
1645,1560,6500.0,23.185285285285282,23.28828828828829,True,0.895739032652819,False
1646,1561,6504.166666666666,23.185285285285282,23.3326008935765,True,0.8971942088624442,False
1647,1562,6508.333333333334,23.23352727064286,23.246246246246244,True,0.9005433406954304,False
1648,1563,6512.5,23.23352727064286,23.104468104468104,True,0.8951524717510957,False
1649,1564,6516.666666666667,23.193950047608585,23.17431717431717,True,0.8966383622203987,False
1650,1565,6520.833333333333,23.17431717431717,23.23352727064286,True,0.8978149899380697,False
1651,1566,6525.0,23.17431717431717,23.193950047608585,True,0.8969154198599927,False
1652,1567,6529.166666666667,23.193950047608585,23.15015015015015,True,0.8978153125905362,False
1653,1568,6533.333333333333,23.23352727064286,23.15015015015015,True,0.8982497319074696,False
1654,1569,6537.5,23.235297459621783,23.235297459621783,True,0.8967832303974985,False
1655,1570,6541.666666666667,23.2369035702369,23.322258715115858,True,0.8977887392705705,False
1656,1571,6545.833333333333,23.2369035702369,23.240240240240237,True,0.8979115026546088,False
1657,1572,6550.0,23.2369035702369,23.2369035702369,True,0.8973780613574958,False
1658,1573,6554.166666666666,23.2369035702369,23.284767526146833,True,0.8951437156392869,False
1659,1574,6558.333333333334,23.2369035702369,23.2274315131458,True,0.8961582726273238,False
1660,1575,6562.5,23.2369035702369,23.18918918918919,True,0.8956828865142468,False
1661,1576,6566.666666666666,23.2408070355492,23.19853155041834,True,0.8973261662714316,False
1662,1577,6570.833333333334,23.2408070355492,23.2408070355492,True,0.8966238398313765,False
1663,1578,6575.0,23.263724084937863,23.263724084937863,True,0.9011483291702121,False
1664,1579,6579.166666666667,23.264574919747332,23.30379765326002,True,0.8977519914310713,False
1665,1580,6583.333333333333,23.264574919747332,23.31622348154606,True,0.8976230393346569,False
1666,1581,6587.5,23.264574919747332,23.290690690690692,True,0.8988007018042897,False
1667,1582,6591.666666666667,23.264574919747332,23.264574919747332,True,0.8979058681752469,False
1668,1583,6595.833333333333,23.264574919747332,23.243462975170292,True,0.8993553346282248,False
1669,1584,6600.0,23.264574919747332,23.234120913366198,True,0.8956344896948735,False
1670,1585,6604.166666666667,23.264574919747332,23.247756457930485,True,0.8986835437532965,False
1671,1586,6608.333333333333,23.266490881125026,23.266490881125026,True,0.9007432626822676,False
1672,1587,6612.5,23.28028028028028,23.28028028028028,True,0.900521823100378,False
1673,1588,6616.666666666666,23.28028028028028,23.308537108537106,True,0.8985526202856983,False
1674,1589,6620.833333333334,23.28028028028028,23.313189505294766,True,0.8926361192774741,False
1675,1590,6625.0,23.28028028028028,23.291574593461384,True,0.8878222034302816,False
1676,1591,6629.166666666666,23.278749337572865,23.278749337572865,True,0.8770829452851678,False
1677,1592,6633.333333333334,20.85552218885552,20.85552218885552,True,0.8799923343918137,False
1678,1593,6637.5,20.015873015873016,20.015873015873016,True,0.8719121444619653,False
1679,1594,6641.666666666667,19.125458792125457,19.125458792125457,True,0.8796870421947984,False
1680,1595,6645.833333333333,18.024553965730437,18.024553965730437,True,0.8711267932036473,False
1681,1596,6650.0,16.786786786786784,16.786786786786784,True,0.8837346989297145,False
1682,1597,6654.166666666667,15.37045045045045,15.37045045045045,True,0.8589332220453684,False
1683,1598,6658.333333333333,15.001362473584695,14.11111111111111,True,0.8690599835977691,False
1684,1599,6662.5,15.001362473584695,14.119633343020437,True,0.8699587177339074,False
1685,1600,6666.666666666667,15.001362473584695,14.588452088452089,True,0.8671961908840519,False
1686,1601,6670.833333333333,15.001362473584695,15.001362473584695,True,0.8639358187234312,False
1687,1602,6675.0,15.062244969221712,15.228805728805726,True,0.8530255234752238,False
1688,1603,6679.166666666666,15.062244969221712,15.362600674582756,True,0.8340187894533435,False
1689,1604,6683.333333333334,15.062244969221712,15.303303303303302,True,0.831980250538822,False
1690,1605,6687.5,15.062244969221712,15.062244969221712,True,0.8416092075833927,False
1691,1606,6691.666666666666,14.64923619271445,14.55040755040755,True,0.8402145567189236,False
1692,1607,6695.833333333334,14.64923619271445,14.186447316882099,True,0.824731932370742,False
1693,1608,6700.0,14.64923619271445,14.140234574196839,True,0.8518485721700684,False
1694,1609,6704.166666666667,14.64923619271445,14.64923619271445,True,0.8226216493900831,False
1695,1610,6708.333333333333,15.222436722436722,15.222436722436722,True,0.864673534066387,False
1696,1611,6712.5,15.458344058344059,15.458344058344059,True,0.8648739207020294,False
1697,1612,6716.666666666667,15.458344058344059,15.640712140712141,True,0.8713676186693206,False
1698,1613,6720.833333333333,15.458344058344059,15.657942152678995,True,0.8682223769944143,False
1699,1614,6725.0,15.458344058344059,15.516246156871155,True,0.8691943982653761,False
1700,1615,6729.166666666667,15.103228228228227,15.103228228228227,True,0.81575948242287,False
1701,1616,6733.333333333333,14.88967538967539,14.702535869202535,True,0.8148320422328942,False
1702,1617,6737.5,14.860489060489058,14.664826116439018,True,0.8147116631579913,False
1703,1618,6741.666666666666,14.795795795795796,14.860489060489058,True,0.8168181443737715,False
1704,1619,6745.833333333334,14.702535869202535,14.88967538967539,True,0.8134412064784721,False
1705,1620,6750.0,14.664826116439018,14.795795795795796,True,0.8122962508080596,False
1706,1621,6754.166666666666,14.522028357471395,14.522028357471395,True,0.8075870530206748,False
1707,1622,6758.333333333334,14.288288288288287,14.288288288288287,True,0.8072882336912619,False
1708,1623,6762.5,14.190544114179088,14.190544114179088,True,0.803624303263219,False
1709,1624,6766.666666666667,14.125426192476,14.125426192476,True,0.8030025204621694,False
1710,1625,6770.833333333333,14.052882882882884,14.052882882882884,True,0.8032676161082754,False
1711,1626,6775.0,13.910043376710043,13.910043376710043,True,0.7996084789047556,False
1712,1627,6779.166666666667,13.76931977849409,13.76931977849409,True,0.8061738899600619,False
1713,1628,6783.333333333333,13.76931977849409,13.61577040958484,True,0.808013876716005,False
1714,1629,6787.5,13.76931977849409,13.56986856986857,True,0.8479423887364911,False
1715,1630,6791.666666666667,13.76931977849409,13.686847373689478,True,0.8532297081842872,False
1716,1631,6795.833333333333,13.928645459618911,13.928645459618911,True,0.8145403673024703,False
1717,1632,6800.0,14.17117117117117,14.17117117117117,True,0.8506212375227356,False
1718,1633,6804.166666666666,14.215384615384613,14.215384615384613,True,0.8543869386341869,False
1719,1634,6808.333333333334,14.254909245980672,14.254909245980672,True,0.8572090809621344,False
1720,1635,6812.5,14.310664322859443,14.310664322859443,True,0.821987728446107,False
1721,1636,6816.666666666666,14.405405405405405,14.405405405405405,True,0.8479560670278626,False
1722,1637,6820.833333333334,14.461773969091041,14.461773969091041,True,0.8470706798727147,False
1723,1638,6825.0,14.467616453131964,14.565839812415154,True,0.845857266915461,False
1724,1639,6829.166666666667,14.467616453131964,14.551200248874668,True,0.8424679667044619,False
1725,1640,6833.333333333333,14.467616453131964,14.546777546777545,True,0.8422932413446427,False
1726,1641,6837.5,14.467616453131964,14.467616453131964,True,0.856630740062167,False
1727,1642,6841.666666666667,14.414756073438708,14.414756073438708,True,0.8616765253630073,False
1728,1643,6845.833333333333,14.378056022123818,14.378056022123818,True,0.8658119014366692,False
1729,1644,6850.0,14.332534578603761,14.332534578603761,True,0.8657760266849881,False
1730,1645,6854.166666666667,14.280286497677801,14.280286497677801,True,0.8453696532311039,False
1731,1646,6858.333333333333,14.217921625329032,14.217921625329032,True,0.851627554803821,False
1732,1647,6862.5,14.163576474521083,14.163576474521083,True,0.8558714650052672,False
1733,1648,6866.666666666666,14.122547697397996,14.122547697397996,True,0.8563872475047065,False
1734,1649,6870.833333333334,13.963994482287164,13.963994482287164,True,0.8528906453183288,False
1735,1650,6875.0,13.812369621529927,13.812369621529927,True,0.8669241401839232,False
1736,1651,6879.166666666666,13.67163642515755,13.67163642515755,True,0.8323378296076568,False
1737,1652,6883.333333333334,13.661336833522261,13.605105105105105,True,0.8337841721249077,False
1738,1653,6887.5,13.661336833522261,13.650988650988651,True,0.8311533850414444,False
1739,1654,6891.666666666667,13.661336833522261,13.65755632933547,True,0.8319709977115278,False
1740,1655,6895.833333333333,13.661336833522261,13.661336833522261,True,0.8312650550821581,False
1741,1656,6900.0,13.830671349315416,13.830671349315416,True,0.8346836764871883,False
1742,1657,6904.166666666667,13.98676356798619,13.98676356798619,True,0.8278078530769076,False
1743,1658,6908.333333333333,14.117122883497963,14.117122883497963,True,0.8290680224533922,False
1744,1659,6912.5,14.11911911911912,14.11911911911912,True,0.8305152885948147,False
1745,1660,6916.666666666667,14.147471142640223,14.165165165165165,True,0.8287485071716872,False
1746,1661,6920.833333333333,14.147471142640223,14.217848597557907,True,0.8327879450746362,False
1747,1662,6925.0,14.147471142640223,14.211973263586167,True,0.8332878633088276,False
1748,1663,6929.166666666666,14.147471142640223,14.147471142640223,True,0.826574527265679,False
1749,1664,6933.333333333334,14.09380940573601,14.09380940573601,True,0.8285249482971766,False
1750,1665,6937.5,14.052984491340656,14.052984491340656,True,0.8264848087232748,False
1751,1666,6941.666666666666,14.033753753753754,14.033753753753754,True,0.8251930020634586,False
1752,1667,6945.833333333334,13.920461746149819,13.920461746149819,True,0.8271534619240523,False
1753,1668,6950.0,13.886124219457553,13.886124219457553,True,0.833068455634165,False
1754,1669,6954.166666666667,13.774432969554919,13.774432969554919,True,0.8289636049782774,False
1755,1670,6958.333333333333,13.74267879673285,13.74267879673285,True,0.8343777931142493,False
1756,1671,6962.5,13.729193479193478,13.675627240143369,True,0.8322343847470905,False
1757,1672,6966.666666666667,13.70930085014592,13.701354033507723,True,0.831450650440978,False
1758,1673,6970.833333333333,13.70930085014592,13.729193479193478,True,0.8300106894729463,False
1759,1674,6975.0,13.70930085014592,13.672535169426068,True,0.8308011102293156,False
1760,1675,6979.166666666667,13.729193479193478,13.70930085014592,True,0.8298827394333574,False
1761,1676,6983.333333333333,13.753721975944195,13.753721975944195,True,0.8328238916712937,False
1762,1677,6987.5,13.883383383383382,13.883383383383382,True,0.8172058254487372,False
1763,1678,6991.666666666666,13.949863771055822,13.954439131961218,True,0.8404373000810308,False
1764,1679,6995.833333333334,13.954439131961218,13.949863771055822,True,0.8389825303880737,False
1765,1680,7000.0,13.971726098912503,13.975975975975976,True,0.8427426391697387,False
1766,1681,7004.166666666666,13.975975975975976,13.971726098912503,True,0.8500134806798694,False
1767,1682,7008.333333333334,14.020298493982704,14.04841065555351,True,0.8454473572189495,False
1768,1683,7012.5,14.020298493982704,14.054054054054053,True,0.8449506921998845,False
1769,1684,7016.666666666667,14.020298493982704,14.054601330302264,True,0.8446458252114987,False
1770,1685,7020.833333333333,14.020298493982704,14.020298493982704,True,0.8459555862990351,False
1771,1686,7025.0,13.975975975975976,13.975975975975976,True,0.8469759068892534,False
1772,1687,7029.166666666667,13.829271376639797,13.829271376639797,True,0.8392745062218668,False
1773,1688,7033.333333333333,13.739579266460986,13.739579266460986,True,0.8142622212487942,False
1774,1689,7037.5,13.66172519294386,13.66172519294386,True,0.8119000029370238,False
1775,1690,7041.666666666667,13.66172519294386,13.628507981665875,True,0.8037614805049982,False
1776,1691,7045.833333333333,13.66172519294386,13.590781532978065,True,0.8112608434143773,False
1777,1692,7050.0,13.66172519294386,13.603859178327264,True,0.8141744972106014,False
1778,1693,7054.166666666666,13.668095735386661,13.668095735386661,True,0.8157443865866786,False
1779,1694,7058.333333333334,13.749704991377564,13.749704991377564,True,0.8513102307722477,False
1780,1695,7062.5,13.752177371910156,13.752177371910156,True,0.8158155366529023,False
1781,1696,7066.666666666666,13.777834438211794,13.812003575047722,True,0.8159696895518755,False
1782,1697,7070.833333333334,13.801106892015982,13.777834438211794,True,0.8185319495807956,False
1783,1698,7075.0,13.812003575047722,13.801106892015982,True,0.8500614814969182,False
1784,1699,7079.166666666667,13.81981981981982,13.8206006006006,True,0.816879627082758,False
1785,1700,7083.333333333333,13.8206006006006,13.81981981981982,True,0.8156388734906393,False
1786,1701,7087.5,13.8206006006006,13.827344992050874,True,0.8467534355824642,False
1787,1702,7091.666666666667,13.8206006006006,13.829464758876522,True,0.8159770488394009,False
1788,1703,7095.833333333333,13.81981981981982,13.837358150424764,True,0.8491676412820793,False
1789,1704,7100.0,13.81981981981982,13.81981981981982,True,0.8193431760611779,False
1790,1705,7104.166666666667,13.77252767717884,13.77252767717884,True,0.8175969551106201,False
1791,1706,7108.333333333333,13.742245737801293,13.742245737801293,True,0.8184617106824607,False
1792,1707,7112.5,13.703347976075246,13.703347976075246,True,0.8215370097014476,False
1793,1708,7116.666666666666,13.643766868571287,13.643766868571287,True,0.8213760926880366,False
1794,1709,7120.833333333334,13.622150923161245,13.587326179682867,True,0.8206132415260041,False
1795,1710,7125.0,13.622150923161245,13.585585585585585,True,0.8213791353620549,False
1796,1711,7129.166666666666,13.622150923161245,13.59034644400498,True,0.8200830325218994,False
1797,1712,7133.333333333334,13.622150923161245,13.622150923161245,True,0.8248805324374853,False
1798,1713,7137.5,13.687111185259333,13.687111185259333,True,0.8139988700143893,False
1799,1714,7141.666666666667,13.717161606050494,13.717161606050494,True,0.8140410816138262,False
1800,1715,7145.833333333333,13.730083463351619,13.730083463351619,True,0.8144491991297592,False
1801,1716,7150.0,13.730083463351619,13.742170742170742,True,0.8153839619433275,False
1802,1717,7154.166666666667,13.730083463351619,13.752895752895752,True,0.8136828483265226,False
1803,1718,7158.333333333333,13.730083463351619,13.736369396919855,True,0.8301043819682498,False
1804,1719,7162.5,13.708385600790661,13.708385600790661,True,0.8305159262639878,False
1805,1720,7166.666666666667,13.663949315168827,13.663949315168827,True,0.8287043151218219,False
1806,1721,7170.833333333333,13.642995937113584,13.642995937113584,True,0.8272474644935061,False
1807,1722,7175.0,13.608904206219641,13.600881451159356,True,0.8277621828901134,False
1808,1723,7179.166666666666,13.600881451159356,13.608904206219641,True,0.8274018086668191,False
1809,1724,7183.333333333334,13.591993408980263,13.591993408980263,True,0.8683819620645773,False
1810,1725,7187.5,13.591993408980263,13.585585585585585,True,0.8241637607784188,False
1811,1726,7191.666666666666,13.591993408980263,13.580341535565415,True,0.8274065920389055,False
1812,1727,7195.833333333334,13.591993408980263,13.586081004862729,True,0.8284590713580046,False
1813,1728,7200.0,13.628603125418412,13.628603125418412,True,0.8277337215151932,False
1814,1729,7204.166666666667,13.642683499826356,13.663663663663662,True,0.8278146340937409,False
1815,1730,7208.333333333333,13.642683499826356,13.642683499826356,True,0.8287950626962174,False
1816,1731,7212.5,13.642683499826356,13.642683499826356,True,0.8271170373923117,False
1817,1732,7216.666666666667,13.642683499826356,13.650389783723115,True,0.8267049314673064,False
1818,1733,7220.833333333333,13.63072718335175,13.63072718335175,True,0.8253733453967906,False
1819,1734,7225.0,13.615024045079162,13.615024045079162,True,0.8233372702304667,False
1820,1735,7229.166666666667,13.61297761850248,13.61297761850248,True,0.8223345095951333,False
1821,1736,7233.333333333333,13.610255573279135,13.610255573279135,True,0.8627456021404452,False
1822,1737,7237.5,13.600454178335797,13.59603150791865,True,0.8252452663502334,False
1823,1738,7241.666666666666,13.600454178335797,13.600454178335797,True,0.8272471969922499,False
1824,1739,7245.833333333334,13.600454178335797,13.598463651121458,True,0.8667326027265951,False
1825,1740,7250.0,13.600454178335797,13.593111862796608,True,0.8279845920119948,False
1826,1741,7254.166666666666,13.615900817018135,13.615900817018135,True,0.8284652930813474,False
1827,1742,7258.333333333334,13.638242241090342,13.638242241090342,True,0.8291662629820713,False
1828,1743,7262.5,13.638242241090342,13.638242241090342,True,0.829446438135635,False
1829,1744,7266.666666666667,13.638242241090342,13.640957431419858,True,0.8294250868893425,False
1830,1745,7270.833333333333,13.638242241090342,13.644144144144143,True,0.8285348972353521,False
1831,1746,7275.0,13.623193682404208,13.623193682404208,True,0.8308159727729443,False
1832,1747,7279.166666666667,13.604148265912972,13.598598598598597,True,0.8309178795750596,False
1833,1748,7283.333333333333,13.601799660623188,13.601799660623188,True,0.8303903788718643,False
1834,1749,7287.5,13.598598598598597,13.604148265912972,True,0.8296789237909072,False
1835,1750,7291.666666666667,13.595821764415126,13.585585585585585,True,0.8287655942100821,False
1836,1751,7295.833333333333,13.587392948504059,13.586972759561592,True,0.8267834018236327,False
1837,1752,7300.0,13.587392948504059,13.587392948504059,True,0.8281608782836832,False
1838,1753,7304.166666666666,13.58716824933041,13.595821764415126,True,0.8289496246203831,False
1839,1754,7308.333333333334,13.58716824933041,13.58716824933041,True,0.8290420691289255,False
1840,1755,7312.5,13.58716824933041,13.592135953100772,True,0.8282919897508474,False
1841,1756,7316.666666666666,13.585585585585585,13.585585585585585,True,0.8283303647387502,False
1842,1757,7320.833333333334,13.585585585585585,13.585585585585585,True,0.8291556236650371,False
1843,1758,7325.0,13.585585585585585,13.585585585585585,True,0.8265745307516991,False
1844,1759,7329.166666666667,13.585585585585585,13.585585585585585,True,0.827493785238074,False
1845,1760,7333.333333333333,13.5835523023023,13.5835523023023,True,0.8270077882016378,False
1846,1761,7337.5,13.582313056967436,13.582313056967436,True,0.8272755667249824,False
1847,1762,7341.666666666667,13.5749209182045,13.552534129221245,True,0.8260655942171934,False
1848,1763,7345.833333333333,13.5749209182045,13.571149274274275,True,0.8279966625040371,False
1849,1764,7350.0,13.5749209182045,13.57064046389889,True,0.8285077716818491,True
1850,1765,7354.166666666667,13.5749209182045,13.5749209182045,True,0.8291702620154696,True
1851,1766,7358.333333333333,13.580990577668318,13.580990577668318,True,0.861579941004749,True
1852,1767,7362.5,13.585874051391293,13.58650183159987,True,0.8281066573785779,True
1853,1768,7366.666666666666,13.58650183159987,13.590960947397262,True,0.8265829932685804,True
1854,1769,7370.833333333334,13.586542424777717,13.585874051391293,True,0.8267043379512446,True
1855,1770,7375.0,13.589134589134588,13.586542424777717,True,0.8268572845254724,False
1856,1771,7379.166666666666,13.590960947397262,13.5927947553108,True,0.8265402873553783,False
1857,1772,7383.333333333334,13.591162591162592,13.591162591162592,True,0.8268481227268024,False
1858,1773,7387.5,13.5927947553108,13.589134589134588,True,0.826458156187017,False
1859,1774,7391.666666666667,13.597891369630501,13.597891369630501,True,0.8274886604914072,False
1860,1775,7395.833333333333,13.625207517099408,13.62620107306007,True,0.8308268292235795,False
1861,1776,7400.0,13.62620107306007,13.625207517099408,True,0.8300141083125735,False
1862,1777,7404.166666666667,13.633633633633632,13.633633633633632,True,0.830423832498987,False
1863,1778,7408.333333333333,13.641497574801656,13.644397644397642,True,0.8304352628404893,False
1864,1779,7412.5,13.644397644397642,13.641497574801656,True,0.8292051520494927,False
1865,1780,7416.666666666667,13.655108797165108,13.655108797165108,True,0.8302458341279371,False
1866,1781,7420.833333333333,13.664964964964966,13.664964964964966,True,0.8320571104321856,False
1867,1782,7425.0,13.675642117212998,13.675642117212998,True,0.8329508375343898,False
1868,1783,7429.166666666666,13.706446172199596,13.706446172199596,True,0.8305535947646627,False
1869,1784,7433.333333333334,13.733380764252761,13.733380764252761,True,0.829193981382108,False
1870,1785,7437.5,13.771906502714078,13.771906502714078,True,0.8689873357386848,False
1871,1786,7441.666666666666,13.806201550387597,13.806201550387597,True,0.8325974644106,False
1872,1787,7445.833333333334,13.849672934184914,13.849672934184914,True,0.8301580862062994,False
1873,1788,7450.0,13.892634207240949,13.892634207240949,True,0.8701261892707494,False
1874,1789,7454.166666666667,13.928839951062173,13.928839951062173,True,0.8698320558877368,False
1875,1790,7458.333333333333,13.983265950811589,13.983265950811589,True,0.8668550414009398,False
1876,1791,7462.5,14.020240713154097,14.020240713154097,True,0.8461507117585773,False
1877,1792,7466.666666666667,14.085715636896738,14.085715636896738,True,0.8459735368911926,False
1878,1793,7470.833333333333,14.1269954164691,14.1269954164691,True,0.8592898213473911,False
1879,1794,7475.0,14.2000364000364,14.2000364000364,True,0.8585842387874725,False
1880,1795,7479.166666666667,14.249249249249248,14.249249249249248,True,0.8591399714275315,False
1881,1796,7483.333333333333,14.311630720937913,14.311630720937913,True,0.859828450027937,False
1882,1797,7487.5,14.424785499785498,14.424785499785498,True,0.8580602309589227,False
1883,1798,7491.666666666666,14.585451451169357,14.585451451169357,True,0.8487164287740119,False
1884,1799,7495.833333333334,14.709538109538109,14.709538109538109,True,0.8637415271475846,False
1885,1800,7500.0,14.9060786095972,14.9060786095972,True,0.8607577506237307,False
1886,1801,7504.166666666666,15.117842997711945,15.117842997711945,True,0.8571303314605973,False
1887,1802,7508.333333333334,15.38231088231088,15.38231088231088,True,0.863950616112849,False
1888,1803,7512.5,15.695990107754813,15.695990107754813,True,0.8789759910547427,False
1889,1804,7516.666666666667,16.104037370704038,16.104037370704038,True,0.8792287075751337,False
1890,1805,7520.833333333333,16.596796796796795,16.596796796796795,True,0.8827866556909378,False
1891,1806,7525.0,17.284772577455502,17.284772577455502,True,0.8864552788947001,False
1892,1807,7529.166666666667,18.298155298155297,18.298155298155297,True,0.8632345037429789,False
1893,1808,7533.333333333333,19.527327327327328,19.527327327327328,True,0.867609385343595,False
1894,1809,7537.5,23.117588220750868,23.117588220750868,True,0.8785165343098119,False
1895,1810,7541.666666666667,23.200233127864706,23.200233127864706,True,0.8929319320143553,False
1896,1811,7545.833333333333,23.200233127864706,23.26653068162502,True,0.8972980845405445,False
1897,1812,7550.0,23.200233127864706,23.333739144549956,True,0.8989673314758636,False
1898,1813,7554.166666666666,23.21116412395482,23.212212212212215,True,0.8988024259039631,False
1899,1814,7558.333333333334,23.21116412395482,23.114457314457315,True,0.8971141571726139,False
1900,1815,7562.5,23.17698948948949,23.16793460126793,True,0.8987946484606149,False
1901,1816,7566.666666666666,23.16966966966967,23.21116412395482,True,0.8979235446099928,False
1902,1817,7570.833333333334,23.16966966966967,23.17698948948949,True,0.8980557442967583,False
1903,1818,7575.0,23.17698948948949,23.10625199667753,True,0.8970364452181019,False
1904,1819,7579.166666666667,23.21116412395482,23.16966966966967,True,0.8977686962044434,False
1905,1820,7583.333333333333,23.217581217581216,23.267267267267265,True,0.89851429694203,False
1906,1821,7587.5,23.239239239239236,23.239239239239236,True,0.8998993819603025,False
1907,1822,7591.666666666667,23.239239239239236,23.217581217581216,True,0.8978718142930124,False
1908,1823,7595.833333333333,23.239239239239236,23.264817758935408,True,0.8978971556879776,False
1909,1824,7600.0,23.217581217581216,23.263465204334768,True,0.8971826320267415,False
1910,1825,7604.166666666667,23.217581217581216,23.190195998706635,True,0.8982953965521401,False
1911,1826,7608.333333333333,23.24479024479024,23.187707903742176,True,0.8986399952523813,False
1912,1827,7612.5,23.24479024479024,23.205735146911618,True,0.8979172922298454,False
1913,1828,7616.666666666666,23.24479024479024,23.24479024479024,True,0.8988756313680603,False
1914,1829,7620.833333333334,23.26453550324518,23.26453550324518,True,0.8991805992996188,False
1915,1830,7625.0,23.271171171171172,23.31857267103169,True,0.8983806306788132,False
1916,1831,7629.166666666666,23.271171171171172,23.328328328328325,True,0.8991109890334631,False
1917,1832,7633.333333333334,23.271171171171172,23.32161208827875,True,0.8988305922066772,False
1918,1833,7637.5,23.271171171171172,23.271171171171172,True,0.8994163702700642,False
1919,1834,7641.666666666667,23.26315789473684,23.26015748593014,True,0.8981820275151066,False
1920,1835,7645.833333333333,23.26315789473684,23.251192368839426,True,0.897457157472051,False
1921,1836,7650.0,23.26315789473684,23.251500100324286,True,0.9006095712401009,False
1922,1837,7654.166666666667,23.26315789473684,23.26315789473684,True,0.8990980603701146,False
1923,1838,7658.333333333333,23.287635461548504,23.287635461548504,True,0.8990892297476942,False
1924,1839,7662.5,23.287635461548504,23.326353380407433,True,0.8968012747525065,False
1925,1840,7666.666666666667,23.287635461548504,23.30491205491205,True,0.8988719755525763,False
1926,1841,7670.833333333333,23.287635461548504,23.326627997860875,True,0.8952241078483162,False
1927,1842,7675.0,23.2749577274537,23.2749577274537,True,0.8849264561824127,False
1928,1843,7679.166666666666,23.21149721149721,23.21149721149721,True,0.8736383366987284,False
1929,1844,7683.333333333334,20.67117117117117,20.67117117117117,True,0.8808826412574816,False
1930,1845,7687.5,19.792792792792792,19.792792792792792,True,0.8738704653526803,False
1931,1846,7691.666666666666,18.80055055055055,18.80055055055055,True,0.8767103570047785,False
1932,1847,7695.833333333334,17.69808043337455,17.69808043337455,True,0.8680194187761981,False
1933,1848,7700.0,16.46146146146146,16.46146146146146,True,0.8804626219651321,False
1934,1849,7704.166666666667,15.033933933933934,15.033933933933934,True,0.8607780653456103,False
1935,1850,7708.333333333333,15.033933933933934,14.042571983748452,True,0.8713228212036512,False
1936,1851,7712.5,15.033933933933934,14.163505001600239,True,0.873531431268076,False
1937,1852,7716.666666666667,15.033933933933934,14.706878154750495,True,0.8703655509363203,False
1938,1853,7720.833333333333,15.065030547789167,15.065030547789167,True,0.8520176306504275,False
1939,1854,7725.0,15.065030547789167,15.287037037037038,True,0.8514600314667853,False
1940,1855,7729.166666666667,15.065030547789167,15.378899130344216,True,0.8335241735010993,False
1941,1856,7733.333333333333,15.065030547789167,15.299332382750606,True,0.8350854672370228,False
1942,1857,7737.5,14.941066066066064,14.941066066066064,True,0.8453439343405065,False
1943,1858,7741.666666666666,14.795795795795796,14.39954954954955,True,0.839927444798373,False
1944,1859,7745.833333333334,14.795795795795796,14.13419140790275,True,0.8258370671160218,False
1945,1860,7750.0,14.795795795795796,14.218343343343344,True,0.8203057882186582,False
1946,1861,7754.166666666666,14.795795795795796,14.795795795795796,True,0.8266626967182253,False
1947,1862,7758.333333333334,15.25252033729153,15.25252033729153,True,0.8653633503497904,False
1948,1863,7762.5,15.396189292741015,15.52389739136727,True,0.8694861508504304,False
1949,1864,7766.666666666667,15.396189292741015,15.652677994450144,True,0.871291693721429,False
1950,1865,7770.833333333333,15.396189292741015,15.613155171978702,True,0.8678249450387789,False
1951,1866,7775.0,15.396189292741015,15.396189292741015,True,0.8192370465130938,False
1952,1867,7779.166666666667,14.951951951951951,14.951951951951951,True,0.8136262699487817,False
1953,1868,7783.333333333333,14.923498675980946,14.622666144405276,True,0.8134663874737511,False
1954,1869,7787.5,14.879698895323894,14.683083083083083,True,0.8173891075461948,False
1955,1870,7791.666666666667,14.800388623918035,14.879698895323894,True,0.8169593110011011,False
1956,1871,7795.833333333333,14.683083083083083,14.923498675980946,True,0.815345705766893,False
1957,1872,7800.0,14.683083083083083,14.800388623918035,True,0.8139252195056289,False
1958,1873,7804.166666666666,14.523489617018434,14.523489617018434,True,0.8105626634411721,False
1959,1874,7808.333333333334,14.333623946527172,14.333623946527172,True,0.8090799165947675,False
1960,1875,7812.5,14.22752828015986,14.22752828015986,True,0.8070507336232181,False
1961,1876,7816.666666666666,14.081667032886543,14.081667032886543,True,0.8095544023951815,False
1962,1877,7820.833333333334,13.984341484341483,13.984341484341483,True,0.8068432012092264,False
1963,1878,7825.0,13.89691372044313,13.89691372044313,True,0.8077814062672761,False
1964,1879,7829.166666666667,13.73635265700483,13.73635265700483,True,0.805653418767909,False
1965,1880,7833.333333333333,13.73635265700483,13.649989283401048,True,0.8433852369660392,False
1966,1881,7837.5,13.73635265700483,13.583195440338297,True,0.8498416440533273,False
1967,1882,7841.666666666667,13.73635265700483,13.718427294289363,True,0.8143235542592767,False
1968,1883,7845.833333333333,13.966680966680967,13.966680966680967,True,0.8180737644524912,False
1969,1884,7850.0,14.165526692237094,14.165526692237094,True,0.8190938128968795,False
1970,1885,7854.166666666667,14.21021021021021,14.21021021021021,True,0.8223522478546589,False
1971,1886,7858.333333333333,14.232897691699188,14.232897691699188,True,0.8232216909099028,False
1972,1887,7862.5,14.286108443468848,14.286108443468848,True,0.8528661150855356,False
1973,1888,7866.666666666666,14.399262899262897,14.399262899262897,True,0.8525969131774638,False
1974,1889,7870.833333333334,14.443057270468437,14.443057270468437,True,0.8519134890519714,False
1975,1890,7875.0,14.453561345776913,14.531631631631631,True,0.8505777995533483,False
1976,1891,7879.166666666666,14.453561345776913,14.5667383076901,True,0.8468142683324942,False
1977,1892,7883.333333333334,14.453561345776913,14.519176319176319,True,0.8441548285508751,False
1978,1893,7887.5,14.453561345776913,14.453561345776913,True,0.864504836766015,False
1979,1894,7891.666666666667,14.402534887829004,14.402534887829004,True,0.863512706522069,False
1980,1895,7895.833333333333,14.35032159398998,14.35032159398998,True,0.867502778420281,False
1981,1896,7900.0,14.29490833406672,14.29490833406672,True,0.8637099894407543,False
1982,1897,7904.166666666667,14.254696250304358,14.254696250304358,True,0.843604165408201,False
1983,1898,7908.333333333333,14.210583194659629,14.210583194659629,True,0.8534131557089601,False
1984,1899,7912.5,14.143583583583583,14.143583583583583,True,0.8589924702118663,False
1985,1900,7916.666666666667,14.080516758369106,14.080516758369106,True,0.8579023988731617,False
1986,1901,7920.833333333333,13.975975975975976,13.975975975975976,True,0.8447832272186312,False
1987,1902,7925.0,13.882463859208043,13.882463859208043,True,0.8703618206516471,False
1988,1903,7929.166666666666,13.711073042947186,13.711073042947186,True,0.8333944848884809,False
1989,1904,7933.333333333334,13.686810704509819,13.617454188882759,True,0.8351338076044174,False
1990,1905,7937.5,13.686810704509819,13.588470243642657,True,0.8347907238772726,False
1991,1906,7941.666666666666,13.686810704509819,13.63554681954682,True,0.8362513536478067,False
1992,1907,7945.833333333334,13.686810704509819,13.686810704509819,True,0.8320662704119681,False
1993,1908,7950.0,13.921074544730455,13.921074544730455,True,0.8304305318647447,False
1994,1909,7954.166666666667,14.00535587133525,14.00535587133525,True,0.8309301506267996,False
1995,1910,7958.333333333333,14.102473175354529,14.102473175354529,True,0.8328462470667707,False
1996,1911,7962.5,14.138110441281132,14.138110441281132,True,0.8673508065435109,False
1997,1912,7966.666666666667,14.189168860737487,14.2190687466278,True,0.8319628437631833,False
1998,1913,7970.833333333333,14.189168860737487,14.253253253253252,True,0.8334000357944987,False
1999,1914,7975.0,14.189168860737487,14.223546527894355,True,0.8327026945211456,False
2000,1915,7979.166666666667,14.189168860737487,14.189168860737487,True,0.8332689649586603,False
2001,1916,7983.333333333333,14.125915724641839,14.125915724641839,True,0.8323153320827368,False
2002,1917,7987.5,14.093580720409987,14.093580720409987,True,0.8330203422887493,False
2003,1918,7991.666666666666,14.011786814852234,14.011786814852234,True,0.8280277787053013,False
2004,1919,7995.833333333334,13.897897897897897,13.897897897897897,True,0.8296118600083009,False
2005,1920,8000.0,13.83511890268647,13.83511890268647,True,0.8288028096148796,False
2006,1921,8004.166666666666,13.800157822055633,13.800157822055633,True,0.8314263003649653,False
2007,1922,8008.333333333333,13.726749012463298,13.702702702702702,True,0.8349869195396509,False
2008,1923,8012.499999999999,13.711851757306302,13.702702702702702,True,0.8302844519960084,False
2009,1924,8016.666666666668,13.702702702702702,13.711851757306302,True,0.831481436611453,False
2010,1925,8020.833333333334,13.702702702702702,13.726749012463298,True,0.8326897849822786,False
2011,1926,8025.0,13.711851757306302,13.69087269087269,True,0.8360540240200212,False
2012,1927,8029.166666666667,13.726749012463298,13.662178482830656,True,0.8331992288405501,False
2013,1928,8033.333333333333,13.751801197119596,13.751801197119596,True,0.8308607558924582,False
2014,1929,8037.5,13.893534410692824,13.893534410692824,True,0.8174795126719198,False
2015,1930,8041.666666666666,13.956246569149794,13.975975975975976,True,0.8400993900883117,False
2016,1931,8045.833333333332,13.96924510717614,13.96924510717614,True,0.8491271146004356,False
2017,1932,8050.000000000001,13.975975975975976,13.956246569149794,True,0.8500927896609513,False
2018,1933,8054.166666666667,14.031201933640958,14.031201933640958,True,0.8463744069695885,False
2019,1934,8058.333333333334,14.052342320999037,14.052342320999037,True,0.8401235853231764,False
2020,1935,8062.5,14.052342320999037,14.064128644773804,True,0.8458858485944007,False
2021,1936,8066.666666666666,14.052342320999037,14.057208723875389,True,0.8473756653257412,False
2022,1937,8070.833333333333,14.052342320999037,14.05407489609586,True,0.8489478546312768,False
2023,1938,8074.999999999999,13.963742794383753,13.963742794383753,True,0.8441459251164766,False
2024,1939,8079.166666666668,13.848480675125938,13.848480675125938,True,0.844044146085862,False
2025,1940,8083.333333333334,13.765165165165165,13.765165165165165,True,0.8142626127503395,False
2026,1941,8087.5,13.67637404846707,13.67637404846707,True,0.8120456191950851,False
2027,1942,8091.666666666667,13.647352015958468,13.589783331718815,True,0.8051829497518332,False
2028,1943,8095.833333333333,13.647352015958468,13.543127068674513,True,0.8100702209138309,False
2029,1944,8100.0,13.647352015958468,13.581073741339106,True,0.8105265591496351,False
2030,1945,8104.166666666666,13.647352015958468,13.647352015958468,True,0.8173170651453501,False
2031,1946,8108.333333333332,13.747706039372705,13.747706039372705,True,0.8206027046105886,False
2032,1947,8112.500000000001,13.787185191977388,13.790604215013662,True,0.8164172593250386,False
2033,1948,8116.666666666667,13.790604215013662,13.79108854077007,True,0.821226590752215,False
2034,1949,8120.833333333334,13.79108854077007,13.787185191977388,True,0.822170836993332,False
2035,1950,8125.0,13.805059508740662,13.805059508740662,True,0.8213547595219871,False
2036,1951,8129.166666666666,13.806409462898012,13.806409462898012,True,0.8181644636520483,False
2037,1952,8133.333333333333,13.806409462898012,13.82121407121407,True,0.8182352915470322,False
2038,1953,8137.499999999999,13.806409462898012,13.827359192809107,True,0.8205275935261317,False
2039,1954,8141.666666666668,13.806409462898012,13.837977224048002,True,0.8211033786413773,False
2040,1955,8145.833333333334,13.804151089865375,13.804151089865375,True,0.8176182519703146,False
2041,1956,8150.0,13.77942290116203,13.75010725010725,True,0.8523030753871718,False
2042,1957,8154.166666666667,13.75010725010725,13.77942290116203,True,0.8204964506905799,False
2043,1958,8158.333333333333,13.747523622203929,13.747523622203929,True,0.8203532935845232,False
2044,1959,8162.5,13.664382173584627,13.664382173584627,True,0.8239359100265117,False
2045,1960,8166.666666666666,13.638403108991344,13.638403108991344,True,0.8250998476256589,False
2046,1961,8170.833333333332,13.607040130394486,13.597152708263819,True,0.8292062308001744,False
2047,1962,8175.000000000001,13.607040130394486,13.585724021894235,True,0.8229306293325972,False
2048,1963,8179.166666666667,13.607040130394486,13.574085713620597,True,0.8233725193240414,False
2049,1964,8183.333333333334,13.607040130394486,13.607040130394486,True,0.8147876757948089,False
2050,1965,8187.5,13.657298602950776,13.657298602950776,True,0.8132055720435313,False
2051,1966,8191.666666666666,13.703784467373445,13.703784467373445,True,0.8344323235224119,False
2052,1967,8195.833333333332,13.737608196431724,13.737608196431724,True,0.8295721837464456,False
2053,1968,8200.0,13.737608196431724,13.74482641470219,True,0.8645476273249695,False
2054,1969,8204.166666666668,13.737608196431724,13.765640185640187,True,0.8152309755237456,False
2055,1970,8208.333333333334,13.737608196431724,13.768371020026649,True,0.8296973363715455,False
2056,1971,8212.5,13.731687852235796,13.731687852235796,True,0.8304172865760071,False
2057,1972,8216.666666666666,13.696141519670931,13.696141519670931,True,0.830261247201092,False
2058,1973,8220.833333333334,13.663663663663662,13.663663663663662,True,0.8288302229416884,False
2059,1974,8225.0,13.657246682456767,13.657246682456767,True,0.8296649209680146,False
2060,1975,8229.166666666666,13.639859371566688,13.639859371566688,True,0.828001799996762,False
2061,1976,8233.333333333332,13.592720548985323,13.592720548985323,True,0.8244103851737679,False
2062,1977,8237.5,13.592720548985323,13.576932602705797,True,0.8245485306318507,False
2063,1978,8241.666666666668,13.592720548985323,13.580008580008577,True,0.8242444400454211,False
2064,1979,8245.833333333334,13.592720548985323,13.585585585585585,True,0.8235129671902427,False
2065,1980,8250.0,13.632287406037287,13.632287406037287,True,0.8287848417002721,False
2066,1981,8254.166666666666,13.65065065065065,13.655033981349769,True,0.8277567572798725,False
2067,1982,8258.333333333332,13.65065065065065,13.65468677233383,True,0.8273517148142244,False
2068,1983,8262.5,13.65065065065065,13.65065065065065,True,0.8281974537276765,False
2069,1984,8266.666666666668,13.65065065065065,13.658898103016748,True,0.8229621034649895,False
2070,1985,8270.833333333334,13.621259190224706,13.621259190224706,True,0.8253359996856603,False
2071,1986,8275.0,13.5990990990991,13.58751343936529,True,0.8662753928577593,False
2072,1987,8279.166666666666,13.5990990990991,13.585585585585585,True,0.8235896839647391,False
2073,1988,8283.333333333334,13.5990990990991,13.598215862921744,True,0.8245967809815823,False
2074,1989,8287.5,13.5990990990991,13.5990990990991,True,0.825761928924046,False
2075,1990,8291.666666666666,13.59919552580103,13.599212419967136,True,0.8257203649512345,False
2076,1991,8295.833333333332,13.599212419967136,13.599212419967136,True,0.8295667576349502,False
2077,1992,8300.0,13.599212419967136,13.59919552580103,True,0.8304944267189673,False
2078,1993,8304.166666666668,13.614687414687413,13.626734842951059,True,0.828465222216531,False
2079,1994,8308.333333333334,13.614687414687413,13.614687414687413,True,0.8306764252616449,False
2080,1995,8312.5,13.614687414687413,13.629303087669996,True,0.8292215943171265,False
2081,1996,8316.666666666666,13.614687414687413,13.628258019342066,True,0.8307073521829912,False
2082,1997,8320.833333333332,13.609909783697958,13.609909783697958,True,0.8310992707251464,False
2083,1998,8325.0,13.588400900900899,13.586124798831978,True,0.8302254973730986,False
2084,1999,8329.166666666668,13.586124798831978,13.588400900900899,True,0.8284062693756107,False
2085,2000,8333.333333333334,13.585585585585585,13.585585585585585,True,0.8290958459382628,False
2086,2001,8337.5,13.585585585585585,13.583157319999426,True,0.8285798686741,False
2087,2002,8341.666666666666,13.585585585585585,13.585585585585585,True,0.8254027098009057,False
2088,2003,8345.833333333334,13.583157319999426,13.585585585585585,True,0.8250540363119102,False
2089,2004,8350.0,13.583157319999426,13.579212437896365,True,0.868575956587985,False
2090,2005,8354.166666666666,13.582498777847615,13.567138567138567,True,0.8282986765924958,False
2091,2006,8358.333333333332,13.579212437896365,13.56984733424524,True,0.8237786667326265,False
2092,2007,8362.5,13.579212437896365,13.584039485029583,True,0.8272364937064544,False
2093,2008,8366.666666666668,13.582498777847615,13.582498777847615,True,0.828293329152249,False
2094,2009,8370.833333333334,13.583179069480439,13.57782720583052,True,0.8283492771103894,False
2095,2010,8375.0,13.584039485029583,13.586848042071923,True,0.8256457561694097,False
2096,2011,8379.166666666666,13.585585585585585,13.583179069480439,True,0.8230135470418138,False
2097,2012,8383.333333333332,13.585585585585585,13.585585585585585,True,0.8265452670674377,False
2098,2013,8387.5,13.586848042071923,13.585585585585585,True,0.8277346429957652,False
2099,2014,8391.666666666668,13.595092501828253,13.595092501828253,True,0.8280866764817804,False
2100,2015,8395.833333333334,13.624082415749081,13.624624624624625,True,0.8639099664776361,True
2101,2016,8400.0,13.624082415749081,13.624624624624625,True,0.8293747400882295,True
2102,2017,8404.166666666666,13.624082415749081,13.624082415749081,True,0.8646915870700832,True
2103,2018,8408.333333333334,13.624082415749081,13.624082415749081,True,0.864879601228897,True
2104,2019,8412.5,13.619086506929241,13.619086506929241,True,0.830527634298776,True
2105,2020,8416.666666666666,13.619086506929241,13.619086506929241,True,0.8294494437582001,True
2106,2021,8420.833333333332,13.615999720650882,13.606683896043739,True,0.8292815155470831,True
2107,2022,8425.0,13.606683896043739,13.605748605748605,True,0.8293861923164256,False
2108,2023,8429.166666666668,13.606683896043739,13.615999720650882,True,0.8278161517807642,False
2109,2024,8433.333333333334,13.606683896043739,13.604689796179157,True,0.8271723986738471,False
2110,2025,8437.5,13.612228017491175,13.598598598598597,True,0.8281919892592069,False
2111,2026,8441.666666666666,13.615999720650882,13.612228017491175,True,0.8297933695743035,False
2112,2027,8445.833333333332,13.61795942283747,13.63898495180263,True,0.8296208766744545,False
2113,2028,8450.0,13.625186337416551,13.625186337416551,True,0.8305638798996944,False
2114,2029,8454.166666666668,13.629795358272178,13.61795942283747,True,0.8293069389869437,False
2115,2030,8458.333333333334,13.63898495180263,13.629795358272178,True,0.829574690285996,False
2116,2031,8462.5,13.643580804551481,13.643580804551481,True,0.8294830085424979,False
2117,2032,8466.666666666666,13.651933342944579,13.651933342944579,True,0.8307987906594407,False
2118,2033,8470.833333333334,13.670535309753957,13.670535309753957,True,0.8317046778096426,False
2119,2034,8475.0,13.703241172206688,13.722851884142205,True,0.8317677167951557,False
2120,2035,8479.166666666666,13.70810433074584,13.703241172206688,True,0.8324897631239022,False
2121,2036,8483.333333333332,13.722851884142205,13.70810433074584,True,0.8303630788360045,False
2122,2037,8487.5,13.764904890611957,13.764904890611957,True,0.8298497707866356,False
2123,2038,8491.666666666668,13.765444015444016,13.765444015444016,True,0.8671771806393982,False
2124,2039,8495.833333333334,13.81981981981982,13.81981981981982,True,0.8674460547489417,False
2125,2040,8500.0,13.876876876876876,13.876876876876876,True,0.8654761319748071,False
2126,2041,8504.166666666666,13.897897897897897,13.897897897897897,True,0.833508181151275,False
2127,2042,8508.333333333332,13.982748657748658,13.982748657748658,True,0.8382692719353562,False
2128,2043,8512.5,13.989918489918491,13.989918489918491,True,0.8381049948315256,False
2129,2044,8516.666666666668,14.056710877544209,14.056710877544209,True,0.8406665654157328,False
2130,2045,8520.833333333334,14.134310004448892,14.134310004448892,True,0.8575815946609274,False
2131,2046,8525.0,14.204239533651299,14.204239533651299,True,0.8574439372641786,False
2132,2047,8529.166666666666,14.271685478582029,14.271685478582029,True,0.8594153035540091,False
2133,2048,8533.333333333334,14.296046490291094,14.296046490291094,True,0.8593610577974786,False
2134,2049,8537.5,14.430224926913667,14.430224926913667,True,0.8586972292739469,False
2135,2050,8541.666666666666,14.55806552821478,14.55806552821478,True,0.847864453586564,False
2136,2051,8545.833333333332,14.713318952755571,14.713318952755571,True,0.8627338862736399,False
2137,2052,8550.0,14.887611796579186,14.887611796579186,True,0.8613974545084456,False
2138,2053,8554.166666666668,15.087237700014388,15.087237700014388,True,0.8591957688329858,False
2139,2054,8558.333333333334,15.371950498196345,15.371950498196345,True,0.8634647755256092,False
2140,2055,8562.5,15.668318318318319,15.668318318318319,True,0.8818468517367708,False
2141,2056,8566.666666666666,16.108172001789022,16.108172001789022,True,0.8793847275447423,False
2142,2057,8570.833333333332,16.586553445337227,16.586553445337227,True,0.8842731005584681,False
2143,2058,8575.0,17.26640118379249,17.26640118379249,True,0.8859377669285151,False
2144,2059,8579.166666666668,18.265932599265934,18.265932599265934,True,0.8623169569154014,False
2145,2060,8583.333333333334,19.471294824236,19.471294824236,True,0.8685570340150852,False
2146,2061,8587.5,23.15822719270995,23.15822719270995,True,0.8792648892602705,False
2147,2062,8591.666666666666,23.18485151818485,23.18485151818485,True,0.8963078422128937,False
2148,2063,8595.833333333334,23.18485151818485,23.27061347061347,True,0.8930997662532149,False
2149,2064,8600.0,23.18485151818485,23.34222222222222,True,0.898599117745596,False
2150,2065,8604.166666666666,23.234734734734733,23.237987987987985,True,0.8987630968199855,False
2151,2066,8608.333333333332,23.234734734734733,23.15238095238095,True,0.8983897696733283,False
2152,2067,8612.5,23.181381381381378,23.181381381381378,True,0.8988247417470325,False
2153,2068,8616.666666666668,23.181381381381378,23.234734734734733,True,0.9006383056601434,False
2154,2069,8620.833333333334,23.181381381381378,23.17144417144417,True,0.8990904403163325,False
2155,2070,8625.0,23.182942942942944,23.11031439602868,True,0.8976983351661322,False
2156,2071,8629.166666666666,23.207054512139255,23.182942942942944,True,0.8984520515479013,False
2157,2072,8633.333333333332,23.207054512139255,23.271604938271604,True,0.899844421522485,False
2158,2073,8637.5,23.235912102578766,23.207054512139255,True,0.899456143361927,False
2159,2074,8641.666666666668,23.235912102578766,23.235912102578766,True,0.89954421987846,False
2160,2075,8645.833333333334,23.235912102578766,23.27445866919551,True,0.9005868283391933,False
2161,2076,8650.0,23.207054512139255,23.249316510186077,True,0.8989383199923411,False
2162,2077,8654.166666666666,23.232448664881097,23.194118694966154,True,0.8975632544471878,False
2163,2078,8658.333333333334,23.232448664881097,23.190593892243065,True,0.8989566265551596,False
2164,2079,8662.5,23.232448664881097,23.19003822585912,True,0.8991189717175431,False
2165,2080,8666.666666666666,23.232448664881097,23.232448664881097,True,0.8993872719427545,False
2166,2081,8670.833333333332,23.273163465532306,23.273163465532306,True,0.8996423636657551,False
2167,2082,8675.0,23.273163465532306,23.317224541614785,True,0.9002489328337133,False
2168,2083,8679.166666666668,23.273163465532306,23.324938574938574,True,0.8997216999657139,False
2169,2084,8683.333333333334,23.273163465532306,23.30899865382624,True,0.8986319239644828,False
2170,2085,8687.5,23.26384279015858,23.26384279015858,True,0.8980938683120221,False
2171,2086,8691.666666666666,23.257882882882882,23.257882882882882,True,0.9001359361143904,False
2172,2087,8695.833333333332,23.257882882882882,23.24254254254254,True,0.8997995014935839,False
2173,2088,8700.0,23.257882882882882,23.20567233900567,True,0.8996510245856233,False
2174,2089,8704.166666666668,23.257882882882882,23.25225225225225,True,0.8959038035861481,False
2175,2090,8708.333333333334,23.264732264732263,23.271171171171172,True,0.898853121531801,False
2176,2091,8712.5,23.271171171171172,23.315770315770315,True,0.8973463625940025,False
2177,2092,8716.666666666666,23.271171171171172,23.29397818871503,True,0.8932650190713566,False
2178,2093,8720.833333333334,23.271171171171172,23.264732264732263,True,0.8910621335235629,False
2179,2094,8725.0,23.264732264732263,23.284346846846844,True,0.8848396571641683,False
2180,2095,8729.166666666666,23.214843414843415,23.214843414843415,True,0.8624463541306671,False
2181,2096,8733.333333333332,20.417417417417415,20.417417417417415,True,0.8780145463985201,False
2182,2097,8737.5,19.55855855855856,19.55855855855856,True,0.8808456546734931,False
2183,2098,8741.666666666668,18.513839926883406,18.513839926883406,True,0.8763424875390203,False
2184,2099,8745.833333333334,17.33891033891034,17.33891033891034,True,0.8651377516749252,False
2185,2100,8750.0,16.007484342687707,16.007484342687707,True,0.8691647776945609,False
2186,2101,8754.166666666666,14.818160758603184,14.548548548548549,True,0.8685763682639932,False
2187,2102,8758.333333333332,14.818160758603184,14.158054054054054,True,0.8701200396467216,False
2188,2103,8762.5,14.818160758603184,14.293563834104376,True,0.8730057470097187,False
2189,2104,8766.666666666668,14.818160758603184,14.818160758603184,True,0.8682836836420612,False
2190,2105,8770.833333333334,15.153535726427766,15.153535726427766,True,0.8512763058715647,False
2191,2106,8775.0,15.153535726427766,15.288816288816287,True,0.8654508875578498,False
2192,2107,8779.166666666666,15.153535726427766,15.367094890943573,True,0.8340737031583734,False
2193,2108,8783.333333333334,15.153535726427766,15.198514303777461,True,0.8355578798460608,False
2194,2109,8787.5,14.834834834834835,14.834834834834835,True,0.8433869403789839,False
2195,2110,8791.666666666666,14.834834834834835,14.26282804543674,True,0.8351815908978278,False
2196,2111,8795.833333333332,14.834834834834835,14.15250032641337,True,0.8257101786445907,False
2197,2112,8800.0,14.834834834834835,14.393393393393392,True,0.825071199124551,False
2198,2113,8804.166666666668,14.969344516930724,14.969344516930724,True,0.8632764156874329,False
2199,2114,8808.333333333334,15.4009009009009,15.4009009009009,True,0.8646612435290258,False
2200,2115,8812.5,15.4009009009009,15.654654654654653,True,0.8722392698677475,False
2201,2116,8816.666666666666,15.4009009009009,15.754532954006638,True,0.8702991665483759,False
2202,2117,8820.833333333332,15.4009009009009,15.631205513814209,True,0.8229227301391256,False
2203,2118,8825.0,15.366366366366366,15.366366366366366,True,0.8193032580033905,False
2204,2119,8829.166666666668,14.917597597597597,14.917597597597597,True,0.8152337523294767,False
2205,2120,8833.333333333334,14.912912912912912,14.732032032032032,True,0.8157725359189418,False
2206,2121,8837.5,14.912912912912912,14.802302302302301,True,0.816656707324449,False
2207,2122,8841.666666666666,14.802302302302301,14.912912912912912,True,0.816968192426484,False
2208,2123,8845.833333333334,14.740654940654938,14.912912912912912,True,0.8140618678633806,False
2209,2124,8850.0,14.740654940654938,14.740654940654938,True,0.8099518748751405,False
2210,2125,8854.166666666666,14.535170294592907,14.535170294592907,True,0.807490752864178,False
2211,2126,8858.333333333332,14.31294452347084,14.31294452347084,True,0.8082861693263358,False
2212,2127,8862.5,14.298080258476297,14.298080258476297,True,0.8069789593169886,False
2213,2128,8866.666666666668,14.13147045350435,14.13147045350435,True,0.803918202690634,False
2214,2129,8870.833333333334,14.032794157794159,14.032794157794159,True,0.8015798881233689,False
2215,2130,8875.0,13.918318318318319,13.918318318318319,True,0.8008979727518537,False
2216,2131,8879.166666666666,13.816270816270816,13.816270816270816,True,0.8068435849096653,False
2217,2132,8883.333333333332,13.816270816270816,13.600056056056056,True,0.8073154242252306,False
2218,2133,8887.5,13.816270816270816,13.541395562228894,True,0.846742037479833,False
2219,2134,8891.666666666668,13.816270816270816,13.687768171038911,True,0.8486957338096288,False
2220,2135,8895.833333333334,13.958942984021352,13.958942984021352,True,0.855116463508198,False
2221,2136,8900.0,14.14003289003289,14.14003289003289,True,0.8566496392450713,False
2222,2137,8904.166666666666,14.227323252636939,14.227323252636939,True,0.8537167551508621,False
2223,2138,8908.333333333334,14.26305897734469,14.26305897734469,True,0.8574246729451065,False
2224,2139,8912.5,14.298554730885558,14.298554730885558,True,0.8316495484883231,False
2225,2140,8916.666666666666,14.406001421268595,14.406001421268595,True,0.8337257662609521,False
2226,2141,8920.833333333332,14.47239896772607,14.47239896772607,True,0.8346179470401434,False
2227,2142,8925.0,14.488076311605722,14.536395775702132,True,0.8326562984236638,False
2228,2143,8929.166666666668,14.488076311605722,14.569117504601374,True,0.8485547040172626,False
2229,2144,8933.333333333334,14.488076311605722,14.553781070837173,True,0.8440132176403371,False
2230,2145,8937.5,14.488076311605722,14.488076311605722,True,0.8601281815199906,False
2231,2146,8941.666666666666,14.380631236563438,14.380631236563438,True,0.8443854547297827,False
2232,2147,8945.833333333332,14.333744703607717,14.333744703607717,True,0.8652119572970185,False
2233,2148,8950.0,14.29070307420823,14.29070307420823,True,0.8645944111565066,False
2234,2149,8954.166666666668,14.27362354010247,14.27362354010247,True,0.8432494822903518,False
2235,2150,8958.333333333334,14.177683986507516,14.177683986507516,True,0.8519573196670825,False
2236,2151,8962.5,14.1743450767841,14.1743450767841,True,0.8565032321355448,False
2237,2152,8966.666666666666,14.129883810512082,14.129883810512082,True,0.8571751999818836,False
2238,2153,8970.833333333334,14.00791541166354,14.00791541166354,True,0.8440604412448889,False
2239,2154,8975.0,13.76917457998539,13.76917457998539,True,0.8311911061060646,False
2240,2155,8979.166666666666,13.656214442983167,13.620612073173742,True,0.8332446435707338,False
2241,2156,8983.333333333332,13.656214442983167,13.652913783348566,True,0.834234011552858,False
2242,2157,8987.5,13.656214442983167,13.656214442983167,True,0.8319205866369649,False
2243,2158,8991.666666666668,13.656214442983167,13.651702280314996,True,0.8281529055061114,False
2244,2159,8995.833333333334,13.699202131746816,13.699202131746816,True,0.8291703963397129,False
2245,2160,9000.0,13.916023166023166,13.916023166023166,True,0.8309223152645487,False
2246,2161,9004.166666666666,14.052033629748202,14.052033629748202,True,0.8340175501586714,False
2247,2162,9008.333333333332,14.08097752925339,14.08097752925339,True,0.8318442941694841,False
2248,2163,9012.5,14.092442442442442,14.092442442442442,True,0.8322551150580441,False
2249,2164,9016.666666666668,14.129204204204203,14.13934316482087,True,0.8323945583420024,False
2250,2165,9020.833333333334,14.129204204204203,14.194068641696726,True,0.8299236432557999,False
2251,2166,9025.0,14.129204204204203,14.173401973401974,True,0.8311409117051392,False
2252,2167,9029.166666666666,14.129204204204203,14.129204204204203,True,0.8306027885867043,False
2253,2168,9033.333333333334,14.108574091332711,14.108574091332711,True,0.825640397595004,False
2254,2169,9037.5,14.063443190025469,14.063443190025469,True,0.8306723595373224,False
2255,2170,9041.666666666666,13.998014143175432,13.998014143175432,True,0.8293576639384203,False
2256,2171,9045.833333333332,13.924005400749586,13.924005400749586,True,0.8341631419170472,False
2257,2172,9050.0,13.915857018885816,13.915857018885816,True,0.8276804677726379,False
2258,2173,9054.166666666668,13.766270695474233,13.766270695474233,True,0.8259139441795055,False
2259,2174,9058.333333333334,13.711685136463897,13.711685136463897,True,0.8305383244299074,False
2260,2175,9062.5,13.678731362941889,13.663663663663662,True,0.8339855516413281,False
2261,2176,9066.666666666666,13.664042683460158,13.678731362941889,True,0.8314056362234122,False
2262,2177,9070.833333333332,13.664042683460158,13.636136136136134,True,0.834048287927577,False
2263,2178,9075.0,13.664042683460158,13.631624728176451,True,0.8336753709428305,False
2264,2179,9079.166666666668,13.678731362941889,13.664042683460158,True,0.8341267223495337,False
2265,2180,9083.333333333334,13.744149897023462,13.744149897023462,True,0.8325638444283658,False
2266,2181,9087.5,13.8802571568529,13.8802571568529,True,0.8338927959618758,False
2267,2182,9091.666666666666,13.962597428889563,13.962597428889563,True,0.8723400665013044,False
2268,2183,9095.833333333334,13.975975975975976,13.975975975975976,True,0.841892739521077,False
2269,2184,9100.0,13.994684637541779,13.994684637541779,True,0.8438978931809722,False
2270,2185,9104.166666666666,14.060877481068365,14.064403938822544,True,0.8439655073611116,False
2271,2186,9108.333333333332,14.060877481068365,14.079472617205784,True,0.8452467831149456,False
2272,2187,9112.5,14.060877481068365,14.060877481068365,True,0.8446348572115573,False
2273,2188,9116.666666666668,14.060877481068365,14.07893385613593,True,0.843575297707356,False
2274,2189,9120.833333333334,13.993883792048928,13.993883792048928,True,0.8449461410296022,False
2275,2190,9125.0,13.992327528275238,13.992327528275238,True,0.8452600927607321,False
2276,2191,9129.166666666666,13.897897897897897,13.897897897897897,True,0.868219432194884,False
2277,2192,9133.333333333332,13.78078078078078,13.78078078078078,True,0.83166499359654,False
2278,2193,9137.5,13.684895421737526,13.684895421737526,True,0.8174073063599031,False
2279,2194,9141.666666666668,13.684895421737526,13.593169717248568,True,0.8253106957501588,False
2280,2195,9145.833333333334,13.684895421737526,13.585585585585585,True,0.8231587075259349,False
2281,2196,9150.0,13.684895421737526,13.616405879563773,True,0.8587420875828461,False
2282,2197,9154.166666666666,13.695913304608956,13.695913304608956,True,0.8545338496253949,False
2283,2198,9158.333333333334,13.738919642534098,13.746023442797636,True,0.8265252718897295,False
2284,2199,9162.5,13.746023442797636,13.738919642534098,True,0.8244889836209548,False
2285,2200,9166.666666666666,13.74820742085435,13.74820742085435,True,0.823630737260837,False
2286,2201,9170.833333333332,13.796056926491708,13.796056926491708,True,0.8292462643984377,False
2287,2202,9175.0,13.797459721878326,13.797459721878326,True,0.8235245471952848,False
2288,2203,9179.166666666668,13.797459721878326,13.829174986037732,True,0.822131387078231,False
2289,2204,9183.333333333334,13.81027812282591,13.8208565509179,True,0.8211302807910997,False
2290,2205,9187.5,13.81027812282591,13.81027812282591,True,0.8204720715511755,False
2291,2206,9191.666666666666,13.81027812282591,13.772613956126797,True,0.8187737708170361,False
2292,2207,9195.833333333332,13.799288177065954,13.820516945516944,True,0.8221708701848702,False
2293,2208,9200.0,13.772613956126797,13.799288177065954,True,0.8231397781296517,False
2294,2209,9204.166666666668,13.723653429677524,13.723653429677524,True,0.8283554496973856,False
2295,2210,9208.333333333334,13.67217593533383,13.67217593533383,True,0.8278265197641551,False
2296,2211,9212.5,13.663663663663662,13.663663663663662,True,0.827907807545669,False
2297,2212,9216.666666666666,13.599279908180431,13.590990990990992,True,0.8694405329777706,False
2298,2213,9220.833333333334,13.599279908180431,13.588273902645158,True,0.8269183046488704,False
2299,2214,9225.0,13.599279908180431,13.599279908180431,True,0.8298361204571069,False
2300,2215,9229.166666666666,13.599279908180431,13.585585585585585,True,0.829035079933068,False
2301,2216,9233.333333333332,13.633175924684533,13.633175924684533,True,0.8288095573475986,False
2302,2217,9237.5,13.664310719559337,13.664310719559337,True,0.8317189447382899,False
2303,2218,9241.666666666668,13.702702702702702,13.716679642605568,True,0.8313734298677141,False
2304,2219,9245.833333333334,13.711541730409655,13.711541730409655,True,0.8301821249153751,False
2305,2220,9250.0,13.716679642605568,13.702702702702702,True,0.8305032572995197,False
2306,2221,9254.166666666666,13.716679642605568,13.746868080201413,True,0.8301139430372647,False
2307,2222,9258.333333333332,13.711541730409655,13.747639306514412,True,0.8311007949005345,False
2308,2223,9262.5,13.702702702702702,13.735047819558691,True,0.8317756600602998,False
2309,2224,9266.666666666668,13.669625290314945,13.669625290314945,True,0.8322706289181301,False
2310,2225,9270.833333333334,13.66311226480718,13.66311226480718,True,0.8313955394425661,False
2311,2226,9275.0,13.6401332839689,13.6401332839689,True,0.8330279767323286,False
2312,2227,9279.166666666666,13.625959067220972,13.625959067220972,True,0.8309069660835432,False
2313,2228,9283.333333333334,13.61418049502562,13.588550396326559,True,0.8328304021209598,False
2314,2229,9287.5,13.61418049502562,13.58533372081759,True,0.8331084540562936,False
2315,2230,9291.666666666666,13.61418049502562,13.581247914581247,True,0.8306297154854887,False
2316,2231,9295.833333333332,13.61418049502562,13.61418049502562,True,0.8298766073623834,False
2317,2232,9300.0,13.628846397366086,13.653479378659235,True,0.8705935697703097,False
2318,2233,9304.166666666668,13.628846397366086,13.650006563785986,True,0.8684806797954524,False
2319,2234,9308.333333333334,13.628846397366086,13.631137014048408,True,0.868145532645557,False
2320,2235,9312.5,13.628846397366086,13.628846397366086,True,0.8302672607828576,False
2321,2236,9316.666666666666,13.625246570099511,13.596926471926471,True,0.8255675810018315,False
2322,2237,9320.833333333332,13.596926471926471,13.625246570099511,True,0.832408107791928,False
2323,2238,9325.0,13.596926471926471,13.596565315315315,True,0.8675112971990537,False
2324,2239,9329.166666666668,13.596565315315315,13.592868590581434,True,0.8281055841715509,False
2325,2240,9333.333333333334,13.593393393393391,13.587787787787786,True,0.8322071065766568,False
2326,2241,9337.5,13.593393393393391,13.597067655891186,True,0.8312769233319823,False
2327,2242,9341.666666666666,13.592868590581434,13.593393393393391,True,0.8314373472902953,False
2328,2243,9345.833333333334,13.593393393393391,13.591304680476656,True,0.8298954327312668,False
2329,2244,9350.0,13.594083879798163,13.597687687687687,True,0.8326527180617342,False
2330,2245,9354.166666666666,13.594083879798163,13.58003952471744,True,0.8339058969415147,False
2331,2246,9358.333333333332,13.597687687687687,13.594083879798163,True,0.8334005912466742,False
2332,2247,9362.5,13.597687687687687,13.605105105105105,True,0.8332308352029065,False
2333,2248,9366.666666666668,13.595345345345345,13.598598598598597,True,0.832058156291634,False
2334,2249,9370.833333333334,13.595345345345345,13.601242954184128,True,0.8343305058444977,False
2335,2250,9375.0,13.595345345345345,13.593302604930512,True,0.8322514654065762,False
2336,2251,9379.166666666666,13.593302604930512,13.595345345345345,True,0.8318734102037716,False
2337,2252,9383.333333333332,13.591042655558784,13.589528922862256,True,0.8328874049903344,False
2338,2253,9387.5,13.591042655558784,13.58519125185792,True,0.8337800937238831,False
2339,2254,9391.666666666668,13.589528922862256,13.585388418721752,True,0.8321737443802762,False
2340,2255,9395.833333333334,13.589528922862256,13.591042655558784,True,0.832163605638892,False
2341,2256,9400.0,13.588424788424787,13.603173051012245,True,0.8323558482208877,False
2342,2257,9404.166666666666,13.591042655558784,13.585964605382081,True,0.831921397627356,False
2343,2258,9408.333333333334,13.591042655558784,13.594436370008452,True,0.8322264993779295,False
2344,2259,9412.5,13.591904275409428,13.588424788424787,True,0.8326172223934586,False
2345,2260,9416.666666666666,13.591904275409428,13.591904275409428,True,0.8322957626470255,False
2346,2261,9420.833333333332,13.594436370008452,13.585585585585585,True,0.832274139149198,False
2347,2262,9425.0,13.598598598598597,13.608842885438628,True,0.8333031766237964,False
2348,2263,9429.166666666668,13.598598598598597,13.606304628650998,True,0.8333283985896324,False
2349,2264,9433.333333333334,13.598598598598597,13.602094631945377,True,0.8328085955895852,False
2350,2265,9437.5,13.598598598598597,13.598598598598597,True,0.8328245928690357,False
2351,2266,9441.666666666666,13.598598598598597,13.598598598598597,True,0.8329943967719025,False
2352,2267,9445.833333333332,13.596895961381941,13.586198764209234,True,0.8317478211973808,True
2353,2268,9450.0,13.593393393393391,13.592717717717717,True,0.8314123365945789,True
2354,2269,9454.166666666668,13.592717717717717,13.593393393393391,True,0.8330808679350908,True
2355,2270,9458.333333333334,13.592637799089411,13.596895961381941,True,0.8333969561466379,True
2356,2271,9462.5,13.592717717717717,13.587282935109021,True,0.8329217188109507,True
2357,2272,9466.666666666666,13.593393393393391,13.585585585585585,True,0.8328644118654472,True
2358,2273,9470.833333333334,13.596895961381941,13.592637799089411,True,0.8332214226977973,True
2359,2274,9475.0,13.598598598598597,13.598598598598597,True,0.8337105198841739,False
2360,2275,9479.166666666666,13.598598598598597,13.598598598598597,True,0.8335344747421134,False
2361,2276,9483.333333333332,13.598598598598597,13.598598598598597,True,0.8330472445972972,False
2362,2277,9487.5,13.598598598598597,13.59926438065973,True,0.8338722578145624,False
2363,2278,9491.666666666668,13.59926438065973,13.59418639480402,True,0.834070761925156,False
2364,2279,9495.833333333334,13.624624624624625,13.624624624624625,True,0.8341924839212066,False
2365,2280,9500.0,13.647881698320742,13.647881698320742,True,0.8336917536617969,False
2366,2281,9504.166666666666,13.661166812663819,13.661166812663819,True,0.8318231211652282,False
2367,2282,9508.333333333332,13.66625298768156,13.675253637615516,True,0.8325535832820102,False
2368,2283,9512.5,13.675253637615516,13.66625298768156,True,0.8339821145103194,False
2369,2284,9516.666666666668,13.690248530739327,13.690248530739327,True,0.8326972566250247,False
2370,2285,9520.833333333334,13.716198009952299,13.716198009952299,True,0.8331381957506843,False
2371,2286,9525.0,13.724693266595494,13.727687687687686,True,0.8332418293528473,False
2372,2287,9529.166666666666,13.727687687687686,13.724693266595494,True,0.8341553145658683,False
2373,2288,9533.333333333334,13.757437850221356,13.757437850221356,True,0.8311520489574702,False
2374,2289,9537.5,13.795545545545544,13.795545545545544,True,0.8358149755303503,False
2375,2290,9541.666666666666,13.817003444122086,13.817003444122086,True,0.8715331683053609,False
2376,2291,9545.833333333332,13.87612896694424,13.87612896694424,True,0.8721584401908521,False
2377,2292,9550.0,13.898482314649979,13.898482314649979,True,0.8718377754426364,False
2378,2293,9554.166666666668,13.95361793141617,13.95361793141617,True,0.8722905477104357,False
2379,2294,9558.333333333334,13.996146146146145,13.996146146146145,True,0.8716060103435507,False
2380,2295,9562.5,14.065549664949858,14.065549664949858,True,0.8717520990279047,False
2381,2296,9566.666666666666,14.11499304182231,14.11499304182231,True,0.8735387491056226,False
2382,2297,9570.833333333332,14.174918918918918,14.174918918918918,True,0.8464316953549221,False
2383,2298,9575.0,14.245811849585433,14.245811849585433,True,0.8516194279302516,False
2384,2299,9579.166666666668,14.289905289905288,14.289905289905288,True,0.8567602545224294,False
2385,2300,9583.333333333334,14.383688324085675,14.383688324085675,True,0.8558027193108554,False
2386,2301,9587.5,14.491205491205491,14.491205491205491,True,0.8552181610066568,False
2387,2302,9591.666666666666,14.677458708708707,14.677458708708707,True,0.8525184470170992,False
2388,2303,9595.833333333334,14.834834834834835,14.834834834834835,True,0.8345884345258309,False
2389,2304,9600.0,15.046398314690997,15.046398314690997,True,0.8512237686779026,False
2390,2305,9604.166666666666,15.270270270270268,15.270270270270268,True,0.8641729626970864,False
2391,2306,9608.333333333332,15.607890902333155,15.607890902333155,True,0.8682355953160589,False
2392,2307,9612.5,15.938907657657657,15.938907657657657,True,0.8863182272990595,False
2393,2308,9616.666666666668,16.438038038038037,16.438038038038037,True,0.8853571719620997,False
2394,2309,9620.833333333334,17.041470041470042,17.041470041470042,True,0.8893902923650824,False
2395,2310,9625.0,17.041470041470042,17.041470041470042,True,0.8891713168540677,False
2396,2311,9629.166666666666,17.9021879021879,17.9021879021879,True,0.8886387261353454,False
2397,2312,9633.333333333332,18.984126984126984,18.984126984126984,True,0.8658474599517407,False
2398,2313,9637.5,23.121990843302317,23.121990843302317,True,0.8498000101396326,False
2399,2314,9641.666666666668,23.187078970862753,23.187078970862753,True,0.8993282591211719,False
2400,2315,9645.833333333334,23.187078970862753,23.287927927927925,True,0.8986982710429059,False
2401,2316,9650.0,23.187078970862753,23.34536780093294,True,0.8964486277758335,False
2402,2317,9654.166666666666,23.2345635108793,23.277777777777775,True,0.8973686939558447,False
2403,2318,9658.333333333334,23.2345635108793,23.152668797830085,True,0.8967482170746492,False
2404,2319,9662.5,23.20012012012012,23.17017017017017,True,0.896174454611482,False
2405,2320,9666.666666666666,23.17017017017017,23.2345635108793,True,0.8960367018294111,False
2406,2321,9670.833333333332,23.17017017017017,23.20012012012012,True,0.8956555425335578,False
2407,2322,9675.0,23.20012012012012,23.11891891891892,True,0.8960427125234381,False
2408,2323,9679.166666666668,23.20012012012012,23.16966966966967,True,0.8947670146058769,False
2409,2324,9683.333333333334,23.20012012012012,23.261526232114466,True,0.8979549676271456,False
2410,2325,9687.5,23.249025389025388,23.249025389025388,True,0.8971524460718786,False
2411,2326,9691.666666666666,23.249025389025388,23.18918918918919,True,0.8978802506568384,False
2412,2327,9695.833333333332,23.249025389025388,23.25977814549243,True,0.8971233542671203,False
2413,2328,9700.0,23.197675936806373,23.26149472643375,True,0.8965743740903938,False
2414,2329,9704.166666666668,23.197675936806373,23.196146362813028,True,0.8972702028661059,False
2415,2330,9708.333333333334,23.23894482718012,23.187059787059788,True,0.8973202774881615,False
2416,2331,9712.5,23.23894482718012,23.197675936806373,True,0.8968177884325521,False
2417,2332,9716.666666666666,23.23894482718012,23.23894482718012,True,0.8972978071480316,False
2418,2333,9720.833333333334,23.270096183139664,23.270096183139664,True,0.8973753387092125,False
2419,2334,9725.0,23.320689110162792,23.323239906573242,True,0.9009588524622334,False
2420,2335,9729.166666666666,23.320689110162792,23.32151632151632,True,0.9001087593842786,False
2421,2336,9733.333333333332,23.320689110162792,23.322572572572568,True,0.8995008464732455,False
2422,2337,9737.5,23.320689110162792,23.320689110162792,True,0.8989196352698106,False
2423,2338,9741.666666666668,23.27142035652674,23.27142035652674,True,0.8987287039799834,False
2424,2339,9745.833333333334,23.266966966966965,23.25718218218218,True,0.899487835803965,False
2425,2340,9750.0,23.266966966966965,23.236108574791007,True,0.8989753879551069,False
2426,2341,9754.166666666666,23.266966966966965,23.258986258986255,True,0.9000553709833274,False
2427,2342,9758.333333333332,23.266966966966965,23.266966966966965,True,0.9000101553055173,False
2428,2343,9762.5,23.268268268268265,23.268268268268265,True,0.9023466521326744,False
2429,2344,9766.666666666668,23.268268268268265,23.326086086086086,True,0.9005979337953681,False
2430,2345,9770.833333333334,23.268268268268265,23.288955622288952,True,0.894367422668884,False
2431,2346,9775.0,23.268268268268265,23.28158158158158,True,0.8868575161308322,False
2432,2347,9779.166666666666,23.257042757042754,23.257042757042754,True,0.8787202875314771,False
2433,2348,9783.333333333334,20.858328917152445,20.858328917152445,True,0.881778361613304,False
2434,2349,9787.5,19.987987987987985,19.987987987987985,True,0.8752244249162411,False
2435,2350,9791.666666666666,19.06778206778207,19.06778206778207,True,0.8762704237533882,False
2436,2351,9795.833333333332,18.00967200967201,18.00967200967201,True,0.8705618071245435,False
2437,2352,9800.0,16.80978313516883,16.80978313516883,True,0.8854938129038522,False
2438,2353,9804.166666666668,15.396396396396394,15.396396396396394,True,0.8614447680362634,False
2439,2354,9808.333333333334,14.987546369899311,14.112612612612612,True,0.8729385469911498,False
2440,2355,9812.5,14.987546369899311,14.05963105963106,True,0.8740108391896076,False
2441,2356,9816.666666666666,14.987546369899311,14.537537537537535,True,0.8712867159457223,False
2442,2357,9820.833333333332,14.987546369899311,14.987546369899311,True,0.8708343273067222,False
2443,2358,9825.0,15.033093093093091,15.21017892892893,True,0.8516630983663935,False
2444,2359,9829.166666666668,15.033093093093091,15.322382532908847,True,0.8682326995766071,False
2445,2360,9833.333333333334,15.033093093093091,15.335194349278854,True,0.8395201917711361,False
2446,2361,9837.5,15.033093093093091,15.033093093093091,True,0.8459932628337986,False
2447,2362,9841.666666666666,14.64957930280511,14.564749749749748,True,0.8438406330510158,False
2448,2363,9845.833333333334,14.64957930280511,14.054054054054053,True,0.8368089643601481,False
2449,2364,9850.0,14.64957930280511,14.054882154882153,True,0.8347892040604246,False
2450,2365,9854.166666666666,14.64957930280511,14.64957930280511,True,0.8353268934479445,False
2451,2366,9858.333333333332,15.034714714714713,15.034714714714713,True,0.8266024702713177,False
2452,2367,9862.5,15.399173210002782,15.435987007415576,True,0.8258681161935995,False
2453,2368,9866.666666666668,15.399173210002782,15.611861861861863,True,0.8242807809645444,False
2454,2369,9870.833333333334,15.399173210002782,15.64447673793468,True,0.826482193820446,False
2455,2370,9875.0,15.399173210002782,15.399173210002782,True,0.8192056923927573,False
2456,2371,9879.166666666666,14.989364364364363,14.989364364364363,True,0.8172124553746719,False
2457,2372,9883.333333333332,14.946096096096095,14.693974112452372,True,0.8157859732480679,False
2458,2373,9887.5,14.90079734907321,14.692799182160883,True,0.8145623525188382,False
2459,2374,9891.666666666668,14.836874187620456,14.90079734907321,True,0.8142583684050234,False
2460,2375,9895.833333333334,14.693974112452372,14.946096096096095,True,0.8140382258804335,False
2461,2376,9900.0,14.692799182160883,14.836874187620456,True,0.8146921381925035,False
2462,2377,9904.166666666666,14.622121975045866,14.622121975045866,True,0.8133045483378835,False
2463,2378,9908.333333333334,14.444444444444443,14.444444444444443,True,0.8112233603876317,False
2464,2379,9912.5,14.298419848419847,14.298419848419847,True,0.8120934946796916,False
2465,2380,9916.666666666666,14.14901597862406,14.14901597862406,True,0.8072947811941915,False
2466,2381,9920.833333333332,14.041237371270373,14.041237371270373,True,0.8049259864962929,False
2467,2382,9925.0,13.897188097188097,13.897188097188097,True,0.8057098286654691,False
2468,2383,9929.166666666668,13.80389584987286,13.80389584987286,True,0.8458673509270042,False
2469,2384,9933.333333333334,13.80389584987286,13.733838132611139,True,0.8047063024639394,False
2470,2385,9937.5,13.80389584987286,13.664995730136575,True,0.831546337560014,False
2471,2386,9941.666666666666,13.80389584987286,13.707652295152293,True,0.8086290429378679,False
2472,2387,9945.833333333332,13.839827327327326,13.839827327327326,True,0.8160716778306755,False
2473,2388,9950.0,14.023830281894798,14.023830281894798,True,0.8246680296404854,False
2474,2389,9954.166666666668,14.148472758472758,14.148472758472758,True,0.826687213126386,False
2475,2390,9958.333333333334,14.218018018018016,14.218018018018016,True,0.8554278207664424,False
2476,2391,9962.5,14.238629434031733,14.238629434031733,True,0.8540956472061769,False
2477,2392,9966.666666666666,14.298535686056605,14.298535686056605,True,0.8447965549002344,False
2478,2393,9970.833333333334,14.437320448370171,14.437320448370171,True,0.8413722117628667,False
2479,2394,9975.0,14.508419414178576,14.508419414178576,True,0.8626012484702474,False
2480,2395,9979.166666666666,14.59004287306174,14.59004287306174,True,0.8637259623698895,False
2481,2396,9983.333333333332,14.621011874818981,14.621011874818981,True,0.8653468899744932,False
2482,2397,9987.5,14.621011874818981,14.668118938610741,True,0.8634841583336358,False
2483,2398,9991.666666666668,14.621011874818981,14.668114551663093,True,0.8602025571988757,False
2484,2399,9995.833333333334,14.621011874818981,14.635456885456886,True,0.8594103348372506,False
2485,2400,10000.0,14.559984226650892,14.559984226650892,True,0.8608222033270904,False
2486,2401,10004.166666666666,14.489535831619415,14.489535831619415,True,0.8595668556419016,False
2487,2402,10008.333333333332,14.440375693428441,14.426100799594776,True,0.8582855632095925,False
2488,2403,10012.5,14.426100799594776,14.440375693428441,True,0.8603901798921858,False
2489,2404,10016.666666666668,14.351023767665033,14.351023767665033,True,0.8514451634992711,False
2490,2405,10020.833333333334,14.282333180638267,14.282333180638267,True,0.8548890955828776,False
2491,2406,10025.0,14.207536096467985,14.207536096467985,True,0.8573180092258527,False
2492,2407,10029.166666666666,14.093093093093092,14.093093093093092,True,0.8630152078798603,False
2493,2408,10033.333333333334,13.975975975975976,13.975975975975976,True,0.8538814398052649,False
2494,2409,10037.5,13.802970115746813,13.802970115746813,True,0.8455293313716852,False
2495,2410,10041.666666666666,13.741741741741741,13.64520334287776,True,0.8286346512115395,False
2496,2411,10045.833333333332,13.741741741741741,13.575124564247831,True,0.8272329055257154,False
2497,2412,10050.0,13.741741741741741,13.604651162790697,True,0.8236321838959547,False
2498,2413,10054.166666666668,13.741741741741741,13.741741741741741,True,0.819259768798986,False
2499,2414,10058.333333333334,13.86288275556956,13.86288275556956,True,0.8201338632083341,False
2500,2415,10062.5,13.90436391947503,13.90436391947503,True,0.81186799092198,False
2501,2416,10066.666666666666,13.97328596089092,13.97328596089092,True,0.8133492386960844,False
2502,2417,10070.833333333332,14.029958991249313,14.029958991249313,True,0.8138375099520078,False
2503,2418,10075.0,14.129719907922023,14.129719907922023,True,0.8126544964050993,False
2504,2419,10079.166666666668,14.211052779398104,14.211052779398104,True,0.8134480923473002,False
2505,2420,10083.333333333334,14.258858858858858,14.258858858858858,True,0.8130474367756582,False
2506,2421,10087.5,14.28807140473807,14.305177517943475,True,0.812265842701166,False
2507,2422,10091.666666666666,14.28807140473807,14.352996832448886,True,0.8114335340647267,False
2508,2423,10095.833333333334,14.28807140473807,14.34229229229229,True,0.8121050386240832,False
2509,2424,10100.0,14.28807140473807,14.28807140473807,True,0.810681914332806,False
2510,2425,10104.166666666666,14.21021021021021,14.21021021021021,True,0.8102493417835864,False
2511,2426,10108.333333333332,14.132132132132131,14.132132132132131,True,0.8095118455388783,False
2512,2427,10112.5,14.03151932420225,14.03151932420225,True,0.8088150500794645,False
2513,2428,10116.666666666668,13.971278595668839,13.971278595668839,True,0.8067951755842896,False
2514,2429,10120.833333333334,13.897897897897897,13.897897897897897,True,0.8093184013658903,False
2515,2430,10125.0,13.885916790344393,13.885916790344393,True,0.809463702021506,False
2516,2431,10129.166666666666,13.78387137137137,13.78387137137137,True,0.811319005324249,False
2517,2432,10133.333333333332,13.721697383882738,13.721697383882738,True,0.8064505199664868,False
2518,2433,10137.5,13.721697383882738,13.634330026228762,True,0.8101953314518741,False
2519,2434,10141.666666666668,13.721697383882738,13.65887823307178,True,0.8108485295732792,False
2520,2435,10145.833333333334,13.721697383882738,13.68125478419596,True,0.8124620899556985,False
2521,2436,10150.0,13.804724724724725,13.804724724724725,True,0.8171830018948822,False
2522,2437,10154.166666666666,13.921321321321322,13.921321321321322,True,0.8463460932042446,False
2523,2438,10158.333333333334,14.038438438438439,14.038438438438439,True,0.8477459993247437,False
2524,2439,10162.5,14.107270428323059,14.107270428323059,True,0.8458751741229602,False
2525,2440,10166.666666666666,14.13319297558428,14.13319297558428,True,0.8570961973273128,False
2526,2441,10170.833333333332,14.160799336886294,14.160799336886294,True,0.8566357914696603,False
2527,2442,10175.0,14.187695007393971,14.209984551025013,True,0.8576815691457832,False
2528,2443,10179.166666666668,14.187695007393971,14.202234492557073,True,0.8594297141863597,False
2529,2444,10183.333333333334,14.187695007393971,14.19057519057519,True,0.8594751353816588,False
2530,2445,10187.5,14.187695007393971,14.187695007393971,True,0.8565316241416104,False
2531,2446,10191.666666666666,14.154904904904905,14.154904904904905,True,0.8575216935712838,False
2532,2447,10195.833333333332,14.137709137709138,14.128761740463865,True,0.8619260519547317,False
2533,2448,10200.0,14.132132132132131,14.132132132132131,True,0.8581573387404204,False
2534,2449,10204.166666666668,14.128761740463865,14.137709137709138,True,0.8458537089613258,False
2535,2450,10208.333333333334,14.127336712369296,14.127336712369296,True,0.8487352100199657,False
2536,2451,10212.5,14.048600981934314,14.048600981934314,True,0.8404368390207728,False
2537,2452,10216.666666666666,13.975975975975976,13.975975975975976,True,0.8397846881142009,False
2538,2453,10220.833333333334,13.875956248219023,13.875956248219023,True,0.8129472571212271,False
2539,2454,10225.0,13.741741741741741,13.741741741741741,True,0.8103068812356753,False
2540,2455,10229.166666666666,13.72072072072072,13.684920530397916,True,0.8066695724567029,False
2541,2456,10233.333333333332,13.72072072072072,13.638182808407196,True,0.8084465632731962,False
2542,2457,10237.5,13.72072072072072,13.621070739613787,True,0.802336800549963,False
2543,2458,10241.666666666668,13.72072072072072,13.72072072072072,True,0.8074312095576469,False
2544,2459,10245.833333333334,13.79100529100529,13.79100529100529,True,0.8084150478717911,False
2545,2460,10250.0,13.821143654476987,13.821143654476987,True,0.8083929374540686,False
2546,2461,10254.166666666666,13.893123339166504,13.893123339166504,True,0.8119308429516585,False
2547,2462,10258.333333333332,13.93303303303303,13.93303303303303,True,0.8373530253811002,False
2548,2463,10262.5,13.968256391985205,13.973549821007447,True,0.8386339605980965,False
2549,2464,10266.666666666668,13.97157562186464,13.97157562186464,True,0.8090763362257138,False
2550,2465,10270.833333333334,13.973549821007447,13.968256391985205,True,0.8070356836510673,False
2551,2466,10275.0,13.973549821007447,14.021701571348885,True,0.8405443617195724,False
2552,2467,10279.166666666666,13.97157562186464,14.010083767978506,True,0.8392683829904257,False
2553,2468,10283.333333333334,13.968256391985205,14.015015015015015,True,0.8112802606177757,False
2554,2469,10287.5,13.962033462033462,13.961500826669367,True,0.810255080244032,False
2555,2470,10291.666666666666,13.961500826669367,13.962033462033462,True,0.8123999968552301,False
2556,2471,10295.833333333332,13.88179088179088,13.879930459248907,True,0.8106282785033256,False
2557,2472,10300.0,13.879930459248907,13.88179088179088,True,0.8117451953889452,False
2558,2473,10304.166666666668,13.779109945607278,13.779109945607278,True,0.8129696359214805,False
2559,2474,10308.333333333334,13.741741741741741,13.741741741741741,True,0.8162847855878457,False
2560,2475,10312.5,13.673423423423422,13.673423423423422,True,0.8173356861449861,False
2561,2476,10316.666666666666,13.663663663663662,13.624624624624625,True,0.8177768986016821,False
2562,2477,10320.833333333332,13.663663663663662,13.598811926680778,True,0.8247817261585524,False
2563,2478,10325.0,13.663663663663662,13.608108108108109,True,0.8168697446551567,False
2564,2479,10329.166666666668,13.663663663663662,13.663663663663662,True,0.8141763535048538,False
2565,2480,10333.333333333334,13.702702702702702,13.702702702702702,True,0.8184042695872789,False
2566,2481,10337.5,13.755541255541253,13.755541255541253,True,0.8177051075412914,False
2567,2482,10341.666666666666,13.85049335049335,13.85049335049335,True,0.819926722120262,False
2568,2483,10345.833333333334,13.869019704636143,13.885976635976634,True,0.8463846277098098,False
2569,2484,10350.0,13.869019704636143,13.88378740185969,True,0.817909776214824,False
2570,2485,10354.166666666666,13.869019704636143,13.869019704636143,True,0.8178849302304365,False
2571,2486,10358.333333333332,13.869019704636143,13.884738671255525,True,0.8427468980005193,False
2572,2487,10362.5,13.858460501317644,13.858460501317644,True,0.8441589219422558,False
2573,2488,10366.666666666668,13.81027772376693,13.81027772376693,True,0.8360545206198333,False
2574,2489,10370.833333333334,13.774274274274273,13.774274274274273,True,0.8158350396789615,False
2575,2490,10375.0,13.701790426790428,13.701790426790428,True,0.8151911291041067,False
2576,2491,10379.166666666666,13.617735382441264,13.613549719932697,True,0.8290095475103164,False
2577,2492,10383.333333333332,13.617735382441264,13.582360507438901,True,0.8266286359881795,False
2578,2493,10387.5,13.617735382441264,13.585585585585585,True,0.8293894462925059,False
2579,2494,10391.666666666668,13.617735382441264,13.617735382441264,True,0.8257356417022892,False
2580,2495,10395.833333333334,13.662888053616529,13.662888053616529,True,0.8279556028710284,False
2581,2496,10400.0,13.664481847116576,13.664481847116576,True,0.818831742362878,False
2582,2497,10404.166666666666,13.698948948948948,13.72308975642309,True,0.8210201975739736,False
2583,2498,10408.333333333334,13.703186589951295,13.698948948948948,True,0.8164161482191966,False
2584,2499,10412.5,13.703903903903903,13.703903903903903,True,0.8151933252670424,False
2585,2500,10416.666666666666,13.713913329265852,13.703186589951295,True,0.816802751349417,False
2586,2501,10420.833333333332,13.713913329265852,13.713913329265852,True,0.8187537531785364,False
2587,2502,10425.0,13.741741741741741,13.76067684450918,True,0.8184087005820451,False
2588,2503,10429.166666666668,13.741741741741741,13.773922571219869,True,0.8196668712892146,False
2589,2504,10433.333333333334,13.741741741741741,13.744462644462644,True,0.8184540899201188,False
2590,2505,10437.5,13.741741741741741,13.741741741741741,True,0.8184425596185183,False
2591,2506,10441.666666666666,13.70687192046415,13.70687192046415,True,0.8171006059356127,False
2592,2507,10445.833333333332,13.676827990781478,13.676827990781478,True,0.8180080009837509,False
2593,2508,10450.0,13.65757086566335,13.65757086566335,True,0.8165292700749137,False
2594,2509,10454.166666666668,13.650168687205724,13.650168687205724,True,0.8158882442940425,False
2595,2510,10458.333333333334,13.650168687205724,13.631722631722631,True,0.8199446262318923,False
2596,2511,10462.5,13.650168687205724,13.62827575777216,True,0.8233078042920675,False
2597,2512,10466.666666666666,13.650168687205724,13.65006067947244,True,0.8270756198006323,False
2598,2513,10470.833333333334,13.663663663663662,13.663663663663662,True,0.8188093835138179,False
2599,2514,10475.0,13.663903166970652,13.663903166970652,True,0.8202855535751914,False
2600,2515,10479.166666666666,13.669350505004154,13.686673428395283,True,0.8315084712736673,False
2601,2516,10483.333333333332,13.686673428395283,13.669350505004154,True,0.8318086323116942,False
2602,2517,10487.5,13.686673428395283,13.699299958542587,True,0.8297422027015281,False
2603,2518,10491.666666666668,13.686673428395283,13.721526447020441,True,0.8311526792474204,False
2604,2519,10495.833333333334,13.669350505004154,13.710440797940796,True,0.8312673907661798,False
2605,2520,10500.0,13.667630197041962,13.667630197041962,True,0.8304137764244586,True
2606,2521,10504.166666666666,13.663663663663662,13.663663663663662,True,0.8300124708933887,True
2607,2522,10508.333333333332,13.663555821014382,13.663555821014382,True,0.8290798637459879,True
2608,2523,10512.5,13.649077649077647,13.649077649077647,True,0.8290623819014359,True
2609,2524,10516.666666666668,13.631887701655144,13.627877877877877,True,0.8288581353320182,True
2610,2525,10520.833333333334,13.6294049151192,13.631887701655144,True,0.8304244303679172,True
2611,2526,10525.0,13.6294049151192,13.60783122105156,True,0.8293387833530748,True
2612,2527,10529.166666666666,13.6294049151192,13.616285350098298,True,0.8287154106603177,True
2613,2528,10533.333333333334,13.631887701655144,13.6294049151192,True,0.8294053481898701,True
2614,2529,10537.5,13.644705049877464,13.644705049877464,True,0.8297629943401864,True
2615,2530,10541.666666666666,13.644705049877464,13.647612212359093,True,0.8284521854717494,True
2616,2531,10545.833333333332,13.644705049877464,13.650377089666687,True,0.8293126631075248,True
2617,2532,10550.0,13.644705049877464,13.649768412480276,True,0.8296532262285309,True
2618,2533,10554.166666666668,13.597357856241103,13.597357856241103,True,0.8271641730859313,True
2619,2534,10558.333333333334,13.592688054433745,13.577826310239892,True,0.8282101590481767,True
2620,2535,10562.5,13.585585585585585,13.585585585585585,True,0.8293654748022071,True
2621,2536,10566.666666666666,13.585585585585585,13.592688054433745,True,0.8294259324779821,True
2622,2537,10570.833333333332,13.585585585585585,13.578016792302508,True,0.8299448736430171,True
2623,2538,10575.0,13.592688054433745,13.577127127127126,True,0.8276769145854839,True
2624,2539,10579.166666666668,13.592688054433745,13.596606175553543,True,0.8294153895155655,True
2625,2540,10583.333333333334,13.591383462670592,13.595221734540619,True,0.8301244437524301,True
2626,2541,10587.5,13.595221734540619,13.608364522360732,True,0.8302323739711965,True
2627,2542,10591.666666666666,13.596606175553543,13.589575590120477,True,0.8303661223343765,True
2628,2543,10595.833333333334,13.597659515185287,13.591383462670592,True,0.8306712602662648,True
2629,2544,10600.0,13.597659515185287,13.619819819819819,True,0.8299608558305199,True
2630,2545,10604.166666666666,13.591383462670592,13.597659515185287,True,0.8302806767437345,True
2631,2546,10608.333333333332,13.597659515185287,13.598598598598597,True,0.8308445408295344,True
2632,2547,10612.5,13.597659515185287,13.578241607944578,True,0.8305274371204122,True
2633,2548,10616.666666666668,13.597659515185287,13.580827095752468,True,0.8300022423886412,True
2634,2549,10620.833333333334,13.596201464622517,13.60179732805431,True,0.8296159304420484,True
2635,2550,10625.0,13.596201464622517,13.572572572572573,True,0.8297257751066909,True
2636,2551,10629.166666666666,13.596201464622517,13.598598598598597,True,0.8303627957569202,True
2637,2552,10633.333333333332,13.596201464622517,13.596201464622517,True,0.8298774155629123,True
2638,2553,10637.5,13.58618928206557,13.602400152961952,True,0.8308517091384497,True
2639,2554,10641.666666666668,13.596201464622517,13.585191251857916,True,0.8305092971744541,True
2640,2555,10645.833333333334,13.596201464622517,13.58618928206557,True,0.829797486902746,True
2641,2556,10650.0,13.597361845311088,13.585585585585585,True,0.8302369511586433,True
2642,2557,10654.166666666666,13.597361845311088,13.597361845311088,True,0.8308278664107138,True
2643,2558,10658.333333333334,13.598598598598597,13.598598598598597,True,0.8295115725469078,True
2644,2559,10662.5,13.598598598598597,13.602256102256103,True,0.8294199754667534,True
2645,2560,10666.666666666666,13.599582140279812,13.599582140279812,True,0.8300502047489696,True
2646,2561,10670.833333333332,13.600572183436633,13.598598598598597,True,0.8297913312070704,True
2647,2562,10675.0,13.602256102256103,13.600572183436633,True,0.8293458498767067,True
2648,2563,10679.166666666668,13.604723889728852,13.608602044189334,True,0.8295652475127475,True
2649,2564,10683.333333333334,13.604723889728852,13.607977432972175,True,0.829586080496309,True
2650,2565,10687.5,13.606241903913226,13.608852949884431,True,0.8297769996346938,True
2651,2566,10691.666666666666,13.6071096684427,13.604723889728852,True,0.8300441226137779,True
2652,2567,10695.833333333332,13.606241903913226,13.599067110272754,True,0.8277354062694919,True
2653,2568,10700.0,13.605482896821039,13.606241903913226,True,0.8297192883784552,False
