T_US,HALL_INF_MV,HALL_SUP_MV,PWM,SYNC_PULSE
63528555,1524,1704,0,0
63530555,1524,1697,0,0
63532555,1525,1707,0,0
63534555,1526,1697,0,0
63536555,1524,1701,0,0
63538555,1524,1702,0,0
63540555,1527,1702,0,0
63542555,1529,1714,0,0
63544555,1524,1705,0,0
63546555,1521,1704,0,0
63548555,1525,1701,0,0
63550555,1525,1704,0,0
63552555,1528,1704,0,0
63554555,1525,1699,0,0
63556555,1526,1709,0,0
63558555,1525,1707,0,0
63560555,1524,1708,0,0
63562555,1527,1704,0,0
63564555,1531,1705,0,0
63566555,1524,1709,0,0
63568555,1525,1713,0,0
63570555,1528,1704,0,0
63572555,1525,1709,0,0
63574555,1528,1701,0,0
63576555,1526,1713,0,0
63578555,1527,1706,0,0
63580555,1528,1707,0,0
63582555,1524,1705,0,0
63584555,1523,1703,0,0
63586555,1525,1712,0,0
63588555,1525,1710,0,0
63590555,1524,1701,0,0
63592555,1525,1701,0,0
63594555,1528,1705,0,0
63596555,1523,1701,0,0
63598555,1526,1707,0,0
63600555,1525,1704,0,0
63602555,1526,1697,0,0
63604555,1526,1710,0,0
63606555,1521,1705,0,0
63608555,1525,1696,0,0
63610555,1524,1701,0,0
63612555,1523,1705,0,0
63614555,1528,1713,0,0
63616555,1527,1709,0,0
63618555,1526,1702,0,0
63620555,1522,1701,0,0
63622555,1525,1709,0,0
63624555,1525,1702,0,0
63626555,1525,1703,0,0
63628555,1525,1701,0,0
63630555,1527,1709,0,0
63632555,1518,1701,0,0
63634555,1524,1706,0,0
63636555,1525,1709,0,0
63638555,1528,1703,0,0
63640555,1525,1709,0,0
63642555,1518,1701,0,0
63644555,1523,1708,0,0
63646555,1524,1701,0,0
63648555,1527,1710,0,0
63650555,1530,1705,0,0
63652555,1528,1703,0,0
63654555,1526,1697,0,0
63656555,1528,1702,0,0
63658555,1524,1704,0,0
63660555,1524,1706,0,0
63662555,1524,1693,0,0
63664555,1525,1717,0,0
63666555,1528,1702,0,0
63668555,1524,1704,0,0
63670555,1524,1704,0,0
63672555,1525,1702,0,0
63674555,1524,1706,0,0
63676555,1524,1703,0,0
63678555,1524,1703,0,0
63680555,1525,1704,0,0
63682555,1527,1709,0,0
63684555,1527,1699,0,0
63686555,1521,1709,0,0
63688555,1524,1705,0,0
63690555,1526,1706,0,0
63692555,1525,1703,0,0
63694555,1524,1709,0,0
63696555,1518,1705,0,0
63698555,1528,1708,0,0
63700555,1524,1705,0,0
63702555,1528,1707,0,0
63704555,1525,1705,0,0
63706555,1525,1701,0,0
63708555,1521,1709,0,0
63710555,1528,1707,0,0
63712555,1524,1712,0,0
63714555,1527,1704,0,0
63716555,1525,1701,0,0
63718555,1525,1705,0,0
63720555,1523,1706,0,0
63722555,1526,1701,0,0
63724555,1526,1701,0,0
63726555,1524,1705,0,0
63728555,1524,1701,0,0
63730555,1524,1706,0,0
63732555,1525,1705,0,0
63734555,1525,1701,0,0
63736555,1528,1701,0,0
63738555,1524,1704,0,0
63740555,1521,1693,0,0
63742555,1528,1709,0,0
63744555,1524,1705,0,0
63746555,1524,1706,0,0
63748555,1525,1705,0,0
63750555,1527,1708,0,0
63752555,1528,1705,0,0
63754555,1524,1704,0,0
63756555,1524,1710,0,0
63758555,1524,1706,0,0
63760555,1524,1710,0,0
63762555,1526,1699,0,0
63764555,1526,1709,0,0
63766555,1527,1705,0,0
63768555,1527,1705,0,0
63770555,1524,1705,0,0
63772555,1526,1704,0,0
63774555,1520,1704,0,0
63776555,1528,1709,0,0
63778555,1525,1701,0,0
63780555,1527,1704,0,0
63782555,1524,1702,0,0
63784555,1524,1699,0,0
63786555,1525,1696,0,0
63788555,1524,1708,0,0
63790555,1523,1707,0,0
63792555,1525,1699,0,0
63794555,1520,1709,0,0
63796555,1527,1707,0,0
63798555,1525,1702,0,0
63800555,1524,1705,0,0
63802555,1525,1702,0,0
63804555,1525,1708,0,0
63806555,1524,1703,0,0
63808555,1522,1704,0,0
63810555,1525,1704,0,0
63812555,1525,1700,0,0
63814555,1524,1701,0,0
63816555,1525,1699,0,0
63818555,1524,1700,0,0
63820555,1525,1701,0,0
63822555,1524,1707,0,0
63824555,1525,1705,0,0
63826555,1521,1701,0,0
63828555,1528,1705,0,0
63830555,1525,1703,0,0
63832555,1528,1705,0,0
63834555,1524,1709,0,0
63836555,1521,1707,0,0
63838555,1528,1701,0,0
63840555,1526,1701,0,0
63842555,1527,1697,0,0
63844555,1528,1704,0,0
63846555,1525,1705,0,0
63848555,1524,1705,0,0
63850555,1525,1709,0,0
63852555,1521,1702,0,0
63854555,1520,1706,0,0
63856555,1525,1705,0,0
63858555,1524,1709,0,0
63860555,1525,1701,0,0
63862555,1524,1707,0,0
63864555,1527,1709,0,0
63866555,1525,1705,0,0
63868555,1525,1705,0,0
63870555,1525,1703,0,0
63872555,1521,1709,0,0
63874555,1525,1694,0,0
63876555,1525,1694,0,0
63878555,1523,1705,0,0
63880555,1525,1696,0,0
63882555,1524,1705,0,0
63884555,1520,1709,0,0
63886555,1524,1705,0,0
63888555,1527,1697,0,0
63890555,1527,1700,0,0
63892555,1528,1710,0,0
63894555,1525,1707,0,0
63896555,1524,1703,0,0
63898555,1525,1708,0,0
63900555,1525,1703,0,0
63902555,1524,1705,0,0
63904555,1524,1705,0,0
63906555,1526,1705,0,0
63908555,1524,1706,0,0
63910555,1522,1713,0,0
63912555,1527,1709,0,0
63914555,1525,1696,0,0
63916555,1525,1701,0,0
63918555,1527,1695,0,0
63920555,1524,1705,0,0
63922555,1525,1703,0,0
63924555,1526,1701,0,0
63926555,1523,1706,0,0
63928555,1526,1706,0,0
63930555,1524,1705,0,0
63932555,1526,1702,0,0
63934555,1517,1707,0,0
63936555,1525,1700,0,0
63938555,1530,1705,0,0
63940555,1521,1704,0,0
63942555,1528,1706,0,0
63944555,1523,1707,0,0
63946555,1528,1707,0,0
63948555,1525,1697,0,0
63950555,1525,1702,0,0
63952555,1520,1701,0,0
63954555,1524,1696,0,0
63956555,1526,1703,0,0
63958555,1525,1701,0,0
63960555,1527,1701,0,0
63962555,1525,1699,0,0
63964555,1521,1701,0,0
63966555,1523,1705,0,0
63968555,1521,1706,0,0
63970555,1528,1703,0,0
63972555,1522,1709,0,0
63974555,1520,1697,0,0
63976555,1524,1700,0,0
63978555,1526,1705,0,0
63980555,1524,1702,0,0
63982555,1524,1716,0,0
63984555,1523,1697,0,0
63986555,1526,1703,0,0
63988555,1526,1701,0,0
63990555,1523,1701,0,0
63992555,1530,1702,0,0
63994555,1521,1703,0,0
63996555,1525,1703,0,0
63998555,1529,1702,0,0
64000555,1523,1706,0,0
64002555,1521,1702,0,0
64004555,1524,1701,0,0
64006555,1523,1702,0,0
64008555,1522,1705,0,0
64010555,1524,1701,0,0
64012555,1525,1703,0,0
64014555,1526,1705,0,0
64016555,1520,1702,0,0
64018555,1524,1702,0,0
64020555,1525,1705,0,0
64022555,1521,1697,0,0
64024555,1522,1704,0,0
64026555,1518,1701,0,0
64028555,1520,1701,0,0
64030555,1521,1708,0,0
64032555,1523,1702,0,0
64034555,1524,1700,0,0
64036555,1525,1701,0,0
64038555,1524,1705,0,0
64040555,1522,1706,0,0
64042555,1527,1704,0,0
64044555,1523,1696,0,0
64046555,1524,1704,0,0
64048555,1524,1701,0,0
64050555,1526,1693,0,0
64052555,1523,1699,0,0
64054555,1527,1704,0,0
64056555,1525,1701,0,0
64058555,1529,1706,0,0
64060555,1528,1701,0,0
64062555,1523,1705,0,0
64064555,1525,1702,0,0
64066555,1526,1703,0,0
64068555,1520,1704,0,0
64070555,1530,1706,0,0
64072555,1526,1708,0,0
64074555,1525,1708,0,0
64076555,1522,1706,0,0
64078555,1525,1703,0,0
64080555,1524,1696,0,0
64082555,1525,1700,0,0
64084555,1523,1701,0,0
64086555,1528,1697,0,0
64088555,1523,1709,0,0
64090555,1525,1701,0,0
64092555,1528,1705,0,0
64094555,1525,1705,0,0
64096555,1526,1702,0,0
64098555,1524,1707,0,0
64100555,1525,1701,0,0
64102555,1525,1705,0,0
64104555,1521,1705,0,0
64106555,1518,1707,0,0
64108555,1525,1707,0,0
64110555,1525,1704,0,0
64112555,1525,1707,0,0
64114555,1524,1705,0,0
64116555,1525,1701,0,0
64118555,1523,1705,0,0
64120555,1527,1705,0,0
64122555,1524,1701,0,0
64124555,1520,1704,0,0
64126555,1523,1703,0,0
64128555,1521,1702,0,0
64130555,1516,1699,0,0
64132555,1524,1706,0,0
64134555,1522,1708,0,0
64136555,1524,1709,0,0
64138555,1521,1701,0,0
64140555,1524,1696,0,0
64142555,1521,1713,0,0
64144555,1525,1704,0,0
64146555,1521,1706,0,0
64148555,1524,1705,0,0
64150555,1524,1708,0,0
64152555,1524,1705,0,0
64154555,1524,1694,0,0
64156555,1524,1705,0,0
64158555,1527,1705,0,0
64160555,1525,1707,0,0
64162555,1518,1702,0,0
64164555,1524,1701,0,0
64166555,1523,1700,0,0
64168555,1523,1704,0,0
64170555,1524,1707,0,0
64172555,1524,1701,0,0
64174555,1524,1701,0,0
64176555,1521,1706,0,0
64178555,1526,1701,0,0
64180555,1525,1707,0,0
64182555,1518,1706,0,0
64184555,1521,1710,0,0
64186555,1524,1704,0,0
64188555,1524,1706,0,0
64190555,1524,1706,0,0
64192555,1526,1707,0,0
64194555,1523,1701,0,0
64196555,1520,1697,0,0
64198555,1523,1709,0,0
64200555,1520,1707,0,0
64202555,1523,1708,0,0
64204555,1526,1706,0,0
64206555,1524,1700,0,0
64208555,1525,1704,0,0
64210555,1525,1704,0,0
64212555,1523,1709,0,0
64214555,1525,1697,0,0
64216555,1524,1705,0,0
64218555,1527,1702,0,0
64220555,1524,1705,0,0
64222555,1524,1707,0,0
64224555,1522,1705,0,0
64226555,1520,1705,0,0
64228555,1524,1703,0,0
64230555,1525,1703,0,0
64232555,1527,1706,0,0
64234555,1524,1701,0,0
64236555,1528,1702,0,0
64238555,1516,1699,0,0
64240555,1524,1704,0,0
64242555,1525,1705,0,0
64244555,1523,1701,0,0
64246555,1530,1706,0,0
64248555,1526,1705,0,0
64250555,1520,1701,0,0
64252555,1525,1699,0,0
64254555,1525,1704,0,0
64256555,1523,1701,0,0
64258555,1525,1697,0,0
64260555,1524,1702,0,0
64262555,1521,1703,0,0
64264555,1525,1706,0,0
64266555,1522,1701,0,0
64268555,1527,1705,0,0
64270555,1520,1699,0,0
64272555,1527,1709,0,0
64274555,1521,1705,0,0
64276555,1520,1707,0,0
64278555,1522,1696,0,0
64280555,1524,1703,0,0
64282555,1524,1708,0,0
64284555,1523,1707,0,0
64286555,1521,1705,0,0
64288555,1520,1705,0,0
64290555,1525,1701,0,0
64292555,1524,1707,0,0
64294555,1520,1705,0,0
64296555,1524,1704,0,0
64298555,1525,1694,0,0
64300555,1522,1707,0,0
64302555,1524,1704,0,0
64304555,1528,1705,0,0
64306555,1524,1707,0,0
64308555,1515,1701,0,0
64310555,1523,1701,0,0
64312555,1520,1706,0,0
64314555,1518,1706,0,0
64316555,1520,1702,0,0
64318555,1520,1707,0,0
64320555,1525,1697,0,0
64322555,1517,1710,0,0
64324555,1524,1702,0,0
64326555,1524,1699,0,0
64328555,1521,1707,0,0
64330555,1523,1707,0,0
64332555,1520,1701,0,0
64334555,1524,1707,0,0
64336555,1524,1703,0,0
64338555,1520,1700,0,0
64340555,1520,1699,0,0
64342555,1524,1709,0,0
64344555,1523,1697,0,0
64346555,1520,1702,0,0
64348555,1525,1697,0,0
64350555,1526,1707,0,0
64352555,1520,1705,0,0
64354555,1528,1702,0,0
64356555,1521,1704,0,0
64358555,1524,1709,0,0
64360555,1521,1705,0,0
64362555,1523,1704,0,0
64364555,1524,1708,0,0
64366555,1526,1701,0,0
64368555,1516,1708,0,0
64370555,1517,1697,0,0
64372555,1524,1705,0,0
64374555,1521,1701,0,0
64376555,1523,1705,0,0
64378555,1525,1706,0,0
64380555,1525,1699,0,0
64382555,1520,1709,0,0
64384555,1524,1702,0,0
64386555,1521,1701,0,0
64388555,1520,1713,0,0
64390555,1527,1709,0,0
64392555,1518,1701,0,0
64394555,1524,1706,0,0
64396555,1517,1701,0,0
64398555,1523,1701,0,0
64400555,1524,1705,0,0
64402555,1520,1707,0,0
64404555,1524,1717,0,0
64406555,1523,1705,0,0
64408555,1524,1704,0,0
64410555,1523,1709,0,0
64412555,1526,1705,0,0
64414555,1524,1704,0,0
64416555,1524,1705,0,0
64418555,1524,1705,0,0
64420555,1524,1707,0,0
64422555,1521,1709,0,0
64424555,1524,1700,0,0
64426555,1521,1703,0,0
64428555,1521,1709,0,0
64430555,1520,1705,0,0
64432555,1527,1706,0,0
64434555,1522,1705,0,0
64436555,1526,1707,0,0
64438555,1525,1712,0,0
64440555,1523,1701,0,0
64442555,1524,1705,0,0
64444555,1521,1705,0,0
64446555,1521,1710,0,0
64448555,1524,1704,0,0
64450555,1521,1703,0,0
64452555,1524,1705,0,0
64454555,1520,1707,0,0
64456555,1521,1706,0,0
64458555,1522,1704,0,0
64460555,1524,1704,0,0
64462555,1522,1703,0,0
64464555,1521,1704,0,0
64466555,1523,1703,0,0
64468555,1518,1708,0,0
64470555,1523,1709,0,0
64472555,1521,1703,0,0
64474555,1523,1704,0,0
64476555,1517,1700,0,0
64478555,1525,1699,0,0
64480555,1521,1701,0,0
64482555,1517,1701,0,0
64484555,1524,1709,0,0
64486555,1521,1706,0,0
64488555,1516,1705,0,0
64490555,1524,1697,0,0
64492555,1528,1705,0,0
64494555,1520,1706,0,0
64496555,1518,1700,0,0
64498555,1516,1702,0,0
64500555,1518,1697,0,0
64502555,1525,1704,0,0
64504555,1523,1704,0,0
64506555,1525,1706,0,0
64508555,1516,1706,0,0
64510555,1519,1701,0,0
64512555,1520,1706,0,0
64514555,1525,1697,0,0
64516555,1524,1709,0,0
64518555,1520,1697,0,0
64520555,1521,1701,0,0
64522555,1521,1695,0,0
64524555,1524,1707,0,0
64526555,1518,1701,0,0
64528555,1521,1715,0,0
64530555,1524,1705,0,0
64532555,1521,1702,0,0
64534555,1521,1702,0,0
64536555,1522,1704,0,0
64538555,1519,1705,0,0
64540555,1521,1708,0,0
64542555,1521,1706,0,0
64544555,1516,1711,0,0
64546555,1523,1706,0,0
64548555,1521,1705,0,0
64550555,1521,1705,0,0
64552555,1518,1705,0,0
64554555,1520,1702,0,0
64556555,1518,1704,0,0
64558555,1521,1702,0,0
64560555,1516,1702,0,0
64562555,1516,1712,0,0
64564555,1514,1697,0,0
64566555,1520,1705,0,0
64568555,1512,1702,0,0
64570555,1513,1701,0,0
64572555,1520,1697,0,0
64574555,1515,1704,0,0
64576555,1517,1716,0,0
64578555,1518,1708,0,0
64580555,1515,1697,0,0
64582555,1521,1699,0,0
64584555,1516,1704,0,0
64586555,1515,1701,0,0
64588555,1516,1697,0,0
64590555,1517,1709,0,0
64592555,1516,1704,0,0
64594555,1512,1705,0,0
64596555,1518,1703,0,0
64598555,1512,1709,0,0
64600555,1523,1705,0,0
64602555,1512,1704,0,0
64604555,1513,1701,0,0
64606555,1512,1710,0,0
64608555,1514,1706,0,0
64610555,1512,1701,0,0
64612555,1513,1697,0,0
64614555,1512,1701,0,0
64616555,1510,1701,0,0
64618555,1509,1703,0,0
64620555,1512,1705,0,0
64622555,1510,1704,0,0
64624555,1512,1704,0,0
64626555,1512,1702,0,0
64628555,1512,1703,0,0
64630555,1512,1704,0,0
64632555,1512,1699,0,0
64634555,1507,1701,0,0
64636555,1502,1708,0,0
64638555,1504,1702,0,0
64640555,1507,1701,0,0
64642555,1511,1706,0,0
64644555,1505,1709,0,0
64646555,1508,1704,0,0
64648555,1502,1705,0,0
64650555,1504,1705,0,0
64652555,1511,1706,0,0
64654555,1512,1701,0,0
64656555,1508,1706,0,0
64658555,1505,1706,0,0
64660555,1510,1713,0,0
64662555,1511,1697,0,0
64664555,1508,1701,0,0
64666555,1512,1705,0,0
64668555,1512,1705,0,0
64670555,1511,1705,0,0
64672555,1512,1705,0,0
64674555,1511,1703,0,0
64676555,1510,1701,0,0
64678555,1510,1709,0,0
64680555,1508,1704,0,0
64682555,1512,1705,0,0
64684555,1510,1697,0,0
64686555,1510,1708,0,0
64688555,1505,1706,0,0
64690555,1511,1697,0,0
64692555,1511,1699,0,0
64694555,1512,1697,0,0
64696555,1507,1704,0,0
64698555,1511,1713,0,0
64700555,1509,1706,0,0
64702555,1509,1704,0,0
64704555,1512,1704,0,0
64706555,1512,1697,0,0
64708555,1508,1713,0,0
64710555,1512,1706,0,0
64712555,1510,1705,0,0
64714555,1512,1702,0,0
64716555,1512,1707,0,0
64718555,1508,1705,0,0
64720555,1513,1703,0,0
64722555,1514,1705,0,0
64724555,1510,1708,0,0
64726555,1512,1707,0,0
64728555,1512,1705,0,0
64730555,1512,1705,0,0
64732555,1512,1700,0,0
64734555,1508,1700,0,0
64736555,1512,1702,0,0
64738555,1512,1705,0,0
64740555,1508,1709,0,0
64742555,1511,1702,0,0
64744555,1511,1709,0,0
64746555,1511,1703,0,0
64748555,1504,1709,0,0
64750555,1508,1707,0,0
64752555,1511,1697,0,0
64754555,1504,1704,0,0
64756555,1512,1704,0,0
64758555,1512,1710,0,0
64760555,1512,1704,0,0
64762555,1508,1701,0,0
64764555,1507,1706,0,0
64766555,1505,1706,0,0
64768555,1510,1701,0,0
64770555,1509,1704,0,0
64772555,1510,1708,0,0
64774555,1512,1706,0,0
64776555,1508,1697,0,0
64778555,1507,1705,0,0
64780555,1508,1704,0,0
64782555,1510,1701,0,0
64784555,1510,1701,0,0
64786555,1508,1704,0,0
64788555,1508,1710,0,0
64790555,1507,1705,0,0
64792555,1504,1713,0,0
64794555,1505,1707,0,0
64796555,1508,1708,0,0
64798555,1508,1707,0,0
64800555,1508,1700,0,0
64802555,1506,1697,0,0
64804555,1508,1705,0,0
64806555,1502,1705,0,0
64808555,1502,1701,0,0
64810555,1507,1705,0,0
64812555,1508,1694,0,0
64814555,1505,1703,0,0
64816555,1509,1706,0,0
64818555,1501,1705,0,0
64820555,1504,1705,0,0
64822555,1512,1705,0,0
64824555,1508,1705,0,0
64826555,1508,1705,0,0
64828555,1503,1701,0,0
64830555,1505,1703,0,0
64832555,1505,1701,0,0
64834555,1508,1710,0,0
64836555,1510,1709,0,0
64838555,1499,1705,0,0
64840555,1507,1704,0,0
64842555,1505,1697,0,0
64844555,1505,1704,0,0
64846555,1500,1702,0,0
64848555,1499,1701,0,0
64850555,1497,1702,0,0
64852555,1504,1703,0,0
64854555,1502,1703,0,0
64856555,1501,1705,0,0
64858555,1504,1709,0,0
64860555,1504,1705,0,0
64862555,1500,1701,0,0
64864555,1501,1709,0,0
64866555,1499,1710,0,0
64868555,1500,1709,0,0
64870555,1497,1705,0,0
64872555,1496,1701,0,0
64874555,1496,1706,0,0
64876555,1466,1705,0,0
64878555,1470,1705,0,0
64880555,1470,1704,0,0
64882555,1473,1712,0,0
64884555,1471,1700,0,0
64886555,1470,1705,0,0
64888555,1474,1702,0,0
64890555,1465,1697,0,0
64892555,1470,1704,0,0
64894555,1466,1704,0,0
64896555,1472,1702,0,0
64898555,1474,1706,0,0
64900555,1474,1704,0,0
64902555,1467,1703,0,0
64904555,1479,1705,0,0
64906555,1472,1702,0,0
64908555,1473,1706,0,0
64910555,1478,1707,0,0
64912555,1487,1705,0,0
64914555,1482,1702,0,0
64916555,1486,1700,0,0
64918555,1486,1704,0,0
64920555,1489,1709,0,0
64922555,1487,1705,0,0
64924555,1486,1701,0,0
64926555,1479,1705,0,0
64928555,1483,1703,0,0
64930555,1484,1703,0,0
64932555,1487,1712,0,0
64934555,1496,1706,0,0
64936555,1478,1702,0,0
64938555,1491,1702,0,0
64940555,1481,1705,0,0
64942555,1481,1703,0,0
64944555,1485,1702,0,0
64946555,1491,1710,0,0
64948555,1483,1709,0,0
64950555,1485,1705,0,0
64952555,1488,1710,0,0
64954555,1480,1707,0,0
64956555,1487,1704,0,0
64958555,1490,1702,0,0
64960555,1486,1717,0,0
64962555,1486,1710,0,0
64964555,1484,1703,0,0
64966555,1482,1709,0,0
64968555,1486,1705,0,0
64970555,1488,1707,0,0
64972555,1483,1706,0,0
64974555,1488,1703,0,0
64976555,1484,1701,0,0
64978555,1489,1704,0,0
64980555,1487,1711,0,0
64982555,1488,1705,0,0
64984555,1485,1703,0,0
64986555,1488,1696,0,0
64988555,1486,1707,0,0
64990555,1487,1705,0,0
64992555,1485,1697,0,0
64994555,1485,1710,0,0
64996555,1487,1709,0,0
64998555,1487,1705,0,0
65000555,1487,1706,0,0
65002555,1488,1706,0,0
65004555,1487,1702,0,0
65006555,1478,1706,0,0
65008555,1488,1709,0,0
65010555,1492,1705,0,0
65012555,1487,1706,0,0
65014555,1491,1707,0,0
65016555,1487,1709,0,0
65018555,1487,1697,0,0
65020555,1485,1703,0,0
65022555,1487,1710,0,0
65024555,1487,1709,0,0
65026555,1484,1710,0,0
65028555,1487,1709,0,0
65030555,1483,1707,0,0
65032555,1483,1706,0,0
65034555,1480,1701,0,0
65036555,1482,1696,0,0
65038555,1484,1700,0,0
65040555,1487,1701,0,0
65042555,1485,1700,0,0
65044555,1487,1705,0,0
65046555,1482,1713,0,0
65048555,1487,1705,0,0
65050555,1482,1703,0,0
65052555,1487,1707,0,0
65054555,1487,1701,0,0
65056555,1484,1705,0,0
65058555,1482,1710,0,0
65060555,1487,1705,0,0
65062555,1487,1703,0,0
65064555,1482,1705,0,0
65066555,1486,1703,0,0
65068555,1486,1705,0,0
65070555,1486,1703,0,0
65072555,1486,1701,0,0
65074555,1486,1707,0,0
65076555,1488,1702,0,0
65078555,1487,1704,0,0
65080555,1487,1705,0,0
65082555,1487,1707,0,0
65084555,1487,1709,0,0
65086555,1491,1701,0,0
65088555,1492,1709,0,0
65090555,1487,1702,0,0
65092555,1495,1702,0,0
65094555,1484,1702,0,0
65096555,1489,1700,0,0
65098555,1495,1704,0,0
65100555,1487,1701,0,0
65102555,1487,1707,0,0
65104555,1488,1705,0,0
65106555,1489,1713,0,0
65108555,1488,1699,0,0
65110555,1486,1705,0,0
65112555,1489,1701,0,0
65114555,1487,1703,0,0
65116555,1487,1703,0,0
65118555,1489,1705,0,0
65120555,1485,1705,0,0
65122555,1487,1704,0,0
65124555,1491,1701,0,0
65126555,1487,1703,0,0
65128555,1486,1706,0,0
65130555,1492,1702,0,0
65132555,1489,1710,0,0
65134555,1495,1703,0,0
65136555,1488,1705,0,0
65138555,1484,1704,0,0
65140555,1487,1707,0,0
65142555,1488,1702,0,0
65144555,1494,1705,0,0
65146555,1488,1696,0,0
65148555,1486,1702,0,0
65150555,1488,1701,0,0
65152555,1492,1710,0,0
65154555,1492,1705,0,0
65156555,1492,1709,0,0
65158555,1487,1709,0,0
65160555,1488,1709,0,0
65162555,1492,1693,0,0
65164555,1491,1705,0,0
65166555,1489,1709,0,0
65168555,1487,1704,0,0
65170555,1489,1703,0,0
65172555,1488,1705,0,0
65174555,1496,1709,0,0
65176555,1487,1707,0,0
65178555,1494,1703,0,0
65180555,1491,1705,0,0
65182555,1492,1701,0,0
65184555,1487,1705,0,0
65186555,1492,1706,0,0
65188555,1492,1709,0,0
65190555,1492,1701,0,0
65192555,1491,1701,0,0
65194555,1489,1706,0,0
65196555,1488,1697,0,0
65198555,1494,1707,0,0
65200555,1491,1712,0,0
65202555,1492,1712,0,0
65204555,1492,1706,0,0
65206555,1488,1704,0,0
65208555,1491,1701,0,0
65210555,1488,1702,0,0
65212555,1488,1697,0,0
65214555,1492,1706,0,0
65216555,1489,1707,0,0
65218555,1492,1702,0,0
65220555,1500,1710,0,0
65222555,1489,1705,0,0
65224555,1487,1705,0,0
65226555,1492,1706,0,0
65228555,1488,1713,0,0
65230555,1488,1701,0,0
65232555,1489,1701,0,0
65234555,1488,1699,0,0
65236555,1489,1710,0,0
65238555,1489,1701,0,0
65240555,1489,1705,0,0
65242555,1492,1710,0,0
65244555,1494,1705,0,0
65246555,1493,1706,0,0
65248555,1492,1707,0,0
65250555,1492,1705,0,0
65252555,1495,1709,0,0
65254555,1488,1706,0,0
65256555,1494,1705,0,0
65258555,1489,1706,0,0
65260555,1489,1706,0,0
65262555,1485,1704,0,0
65264555,1487,1706,0,0
65266555,1492,1705,0,0
65268555,1488,1705,0,0
65270555,1488,1706,0,0
65272555,1487,1704,0,0
65274555,1489,1707,0,0
65276555,1488,1708,0,0
65278555,1491,1702,0,0
65280555,1487,1707,0,0
65282555,1487,1707,0,0
65284555,1489,1699,0,0
65286555,1487,1707,0,0
65288555,1494,1701,0,0
65290555,1492,1697,0,0
65292555,1492,1709,0,0
65294555,1489,1710,0,0
65296555,1492,1709,0,0
65298555,1495,1707,0,0
65300555,1485,1701,0,0
65302555,1486,1708,0,0
65304555,1488,1702,0,0
65306555,1499,1701,0,0
65308555,1500,1703,0,0
65310555,1491,1705,0,0
65312555,1489,1699,0,0
65314555,1491,1700,0,0
65316555,1491,1701,0,0
65318555,1487,1705,0,0
65320555,1487,1707,0,0
65322555,1487,1713,0,0
65324555,1492,1705,0,0
65326555,1492,1705,0,0
65328555,1494,1701,0,0
65330555,1491,1712,0,0
65332555,1493,1704,0,0
65334555,1496,1707,0,0
65336555,1499,1700,0,0
65338555,1492,1703,0,0
65340555,1488,1710,0,0
65342555,1488,1709,0,0
65344555,1491,1707,0,0
65346555,1496,1701,0,0
65348555,1487,1703,0,0
65350555,1487,1709,0,0
65352555,1489,1709,0,0
65354555,1487,1709,0,0
65356555,1491,1709,0,0
65358555,1489,1700,0,0
65360555,1491,1701,0,0
65362555,1487,1705,0,0
65364555,1492,1705,0,0
65366555,1487,1707,0,0
65368555,1497,1705,0,0
65370555,1488,1697,0,0
65372555,1489,1702,0,0
65374555,1488,1694,0,0
65376555,1488,1709,0,0
65378555,1492,1695,0,0
65380555,1491,1705,0,0
65382555,1495,1702,0,0
65384555,1492,1703,0,0
65386555,1487,1708,0,0
65388555,1489,1709,0,0
65390555,1495,1705,0,0
65392555,1492,1705,0,0
65394555,1488,1701,0,0
65396555,1492,1709,0,0
65398555,1489,1703,0,0
65400555,1492,1701,0,0
65402555,1488,1706,0,0
65404555,1487,1703,0,0
65406555,1494,1703,0,0
65408555,1488,1707,0,0
65410555,1491,1701,0,0
65412555,1487,1700,0,0
65414555,1497,1710,0,0
65416555,1488,1705,0,0
65418555,1493,1702,0,0
65420555,1492,1704,0,0
65422555,1491,1702,0,0
65424555,1489,1699,0,0
65426555,1492,1703,0,0
65428555,1494,1705,0,0
65430555,1488,1704,0,0
65432555,1487,1706,0,0
65434555,1489,1694,0,0
65436555,1487,1697,0,0
65438555,1490,1703,0,0
65440555,1492,1703,0,0
65442555,1489,1713,0,0
65444555,1489,1701,0,0
65446555,1492,1704,0,0
65448555,1492,1702,0,0
65450555,1489,1701,0,0
65452555,1487,1704,0,0
65454555,1488,1702,0,0
65456555,1489,1703,0,0
65458555,1491,1709,0,0
65460555,1491,1702,0,0
65462555,1488,1703,0,0
65464555,1488,1701,0,0
65466555,1488,1713,0,0
65468555,1495,1702,0,0
65470555,1489,1709,0,0
65472555,1488,1703,0,0
65474555,1491,1706,0,0
65476555,1492,1709,0,0
65478555,1489,1707,0,0
65480555,1488,1703,0,0
65482555,1487,1703,0,0
65484555,1497,1702,0,0
65486555,1492,1704,0,0
65488555,1488,1705,0,0
65490555,1492,1699,0,0
65492555,1488,1705,0,0
65494555,1491,1705,0,0
65496555,1489,1705,0,0
65498555,1496,1701,0,0
65500555,1490,1705,0,0
65502555,1492,1705,0,0
65504555,1488,1702,0,0
65506555,1492,1707,0,0
65508555,1487,1709,0,0
65510555,1490,1705,0,0
65512555,1488,1697,0,0
65514555,1491,1705,0,0
65516555,1491,1704,0,0
65518555,1492,1704,0,0
65520555,1491,1700,0,0
65522555,1495,1700,0,0
65524555,1491,1710,0,0
65526555,1489,1705,0,0
65528555,1496,1701,0,0
65530555,1487,1705,0,0
65532555,1488,1704,0,0
65534555,1498,1703,0,0
65536555,1495,1702,0,0
65538555,1495,1703,0,0
65540555,1488,1697,0,0
65542555,1494,1707,0,0
65544555,1499,1705,0,0
65546555,1487,1706,0,0
65548555,1490,1700,0,0
65550555,1490,1705,0,0
65552555,1492,1694,0,0
65554555,1488,1704,0,0
65556555,1492,1697,0,0
65558555,1495,1706,0,0
65560555,1497,1707,0,0
65562555,1491,1709,0,0
65564555,1495,1704,0,0
65566555,1487,1713,0,0
65568555,1487,1708,0,0
65570555,1488,1713,0,0
65572555,1486,1701,0,0
65574555,1488,1700,0,0
65576555,1489,1705,0,0
65578555,1492,1709,0,0
65580555,1483,1702,0,0
65582555,1489,1700,0,0
65584555,1492,1702,0,0
65586555,1492,1701,0,0
65588555,1486,1694,0,0
65590555,1494,1704,0,0
65592555,1491,1703,0,0
65594555,1484,1701,0,0
65596555,1492,1709,0,0
65598555,1491,1703,0,0
65600555,1486,1701,0,0
65602555,1491,1709,0,0
65604555,1486,1703,0,0
65606555,1489,1709,0,0
65608555,1487,1701,0,0
65610555,1496,1704,0,0
65612555,1487,1709,0,0
65614555,1488,1706,0,0
65616555,1492,1706,0,0
65618555,1496,1701,0,0
65620555,1495,1707,0,0
65622555,1487,1710,0,0
65624555,1490,1707,0,0
65626555,1494,1709,0,0
65628555,1492,1703,0,0
65630555,1496,1703,0,0
65632555,1486,1709,0,0
65634555,1489,1702,0,0
65636555,1489,1705,0,0
65638555,1488,1704,0,0
65640555,1492,1701,0,0
65642555,1494,1709,0,0
65644555,1498,1701,0,0
65646555,1492,1701,0,0
65648555,1488,1705,0,0
65650555,1499,1702,0,0
65652555,1498,1705,0,0
65654555,1487,1700,0,0
65656555,1492,1705,0,0
65658555,1495,1697,0,0
65660555,1491,1708,0,0
65662555,1496,1700,0,0
65664555,1492,1702,0,0
65666555,1498,1702,0,0
65668555,1492,1705,0,0
65670555,1492,1696,0,0
65672555,1491,1705,0,0
65674555,1492,1696,0,0
65676555,1488,1710,0,0
65678555,1494,1706,0,0
65680555,1489,1707,0,0
65682555,1492,1703,0,0
65684555,1494,1703,0,0
65686555,1497,1707,0,0
65688555,1491,1702,0,0
65690555,1491,1704,0,0
65692555,1494,1701,0,0
65694555,1492,1708,0,0
65696555,1492,1705,0,0
65698555,1495,1705,0,0
65700555,1492,1703,0,0
65702555,1492,1701,0,0
65704555,1488,1705,0,0
65706555,1498,1704,0,0
65708555,1498,1700,0,0
65710555,1490,1699,0,0
65712555,1491,1704,0,0
65714555,1492,1702,0,0
65716555,1496,1709,0,0
65718555,1495,1709,0,0
65720555,1488,1709,0,0
65722555,1495,1701,0,0
65724555,1488,1707,0,0
65726555,1491,1709,0,0
65728555,1487,1705,0,0
65730555,1489,1702,0,0
65732555,1496,1704,0,0
65734555,1491,1699,0,0
65736555,1492,1704,0,0
65738555,1494,1705,0,0
65740555,1491,1705,0,0
65742555,1492,1705,0,0
65744555,1489,1702,0,0
65746555,1492,1709,0,0
65748555,1496,1697,0,0
65750555,1484,1706,0,0
65752555,1499,1707,0,0
65754555,1491,1707,0,0
65756555,1497,1697,0,0
65758555,1488,1704,0,0
65760555,1492,1701,0,0
65762555,1488,1707,0,0
65764555,1492,1706,0,0
65766555,1487,1700,0,0
65768555,1492,1701,0,0
65770555,1488,1702,0,0
65772555,1499,1701,0,0
65774555,1495,1704,0,0
65776555,1491,1697,0,0
65778555,1488,1705,0,0
65780555,1496,1699,0,0
65782555,1495,1705,0,0
65784555,1488,1709,0,0
65786555,1488,1707,0,0
65788555,1496,1699,0,0
65790555,1496,1697,0,0
65792555,1492,1701,0,0
65794555,1489,1705,0,0
65796555,1491,1702,0,0
65798555,1495,1704,0,0
65800555,1488,1708,0,0
65802555,1496,1701,0,0
65804555,1487,1700,0,0
65806555,1492,1701,0,0
65808555,1492,1706,0,0
65810555,1488,1702,0,0
65812555,1494,1697,0,0
65814555,1488,1704,0,0
65816555,1495,1709,0,0
65818555,1491,1700,0,0
65820555,1487,1709,0,0
65822555,1489,1705,0,0
65824555,1492,1700,0,0
65826555,1487,1703,0,0
65828555,1495,1704,0,0
65830555,1491,1694,0,0
65832555,1490,1713,0,0
65834555,1488,1702,0,0
65836555,1492,1700,0,0
65838555,1488,1701,0,0
65840555,1487,1702,0,0
65842555,1492,1708,0,0
65844555,1491,1704,0,0
65846555,1497,1706,0,0
65848555,1496,1703,0,0
65850555,1488,1713,0,0
65852555,1488,1712,0,0
65854555,1492,1701,0,0
65856555,1492,1703,0,0
65858555,1489,1709,0,0
65860555,1495,1709,0,0
65862555,1498,1698,0,0
65864555,1492,1706,0,0
65866555,1491,1694,0,0
65868555,1494,1705,0,0
65870555,1491,1699,0,0
65872555,1492,1704,0,0
65874555,1496,1700,0,0
65876555,1491,1705,0,0
65878555,1496,1700,0,0
65880555,1494,1709,0,0
65882555,1495,1705,0,0
65884555,1492,1709,0,0
65886555,1497,1703,0,0
65888555,1494,1705,0,0
65890555,1489,1706,0,0
65892555,1497,1705,0,0
65894555,1493,1701,0,0
65896555,1494,1701,0,0
65898555,1492,1700,0,0
65900555,1489,1708,0,0
65902555,1491,1701,0,0
65904555,1490,1705,0,0
65906555,1498,1704,0,0
65908555,1491,1705,0,0
65910555,1489,1703,0,0
65912555,1494,1702,0,0
65914555,1494,1701,0,0
65916555,1489,1706,0,0
65918555,1491,1701,0,0
65920555,1494,1707,0,0
65922555,1487,1701,0,0
65924555,1492,1703,0,0
65926555,1491,1713,0,0
65928555,1496,1701,0,0
65930555,1485,1706,0,0
65932555,1491,1705,0,0
65934555,1495,1704,0,0
65936555,1492,1713,0,0
65938555,1487,1701,0,0
65940555,1490,1699,0,0
65942555,1488,1706,0,0
65944555,1487,1702,0,0
65946555,1488,1703,0,0
65948555,1487,1702,0,0
65950555,1489,1704,0,0
65952555,1494,1704,0,0
65954555,1488,1709,0,0
65956555,1492,1706,0,0
65958555,1492,1709,0,0
65960555,1492,1704,0,0
65962555,1487,1707,0,0
65964555,1496,1701,0,0
65966555,1492,1699,0,0
65968555,1492,1697,0,0
65970555,1491,1709,0,0
65972555,1494,1704,0,0
65974555,1488,1701,0,0
65976555,1487,1706,0,0
65978555,1495,1712,0,0
65980555,1488,1704,0,0
65982555,1492,1709,0,0
65984555,1488,1701,0,0
65986555,1488,1707,0,0
65988555,1488,1704,0,0
65990555,1488,1704,0,0
65992555,1487,1702,0,0
65994555,1488,1705,0,0
65996555,1492,1705,0,0
65998555,1496,1703,0,0
66000555,1495,1709,0,0
66002555,1492,1700,0,0
66004555,1492,1713,0,0
66006555,1492,1706,0,0
66008555,1490,1697,0,0
66010555,1487,1704,0,0
66012555,1488,1703,0,0
66014555,1488,1705,0,0
66016555,1491,1703,0,0
66018555,1490,1704,0,0
66020555,1492,1704,0,0
66022555,1489,1709,0,0
66024555,1497,1702,0,0
66026555,1487,1705,0,0
66028555,1494,1701,0,0
66030555,1489,1705,0,0
66032555,1490,1701,0,0
66034555,1491,1714,0,0
66036555,1499,1706,0,0
66038555,1487,1704,0,0
66040555,1489,1709,0,0
66042555,1487,1705,0,0
66044555,1489,1705,0,0
66046555,1496,1705,0,0
66048555,1492,1700,0,0
66050555,1489,1692,0,0
66052555,1491,1705,0,0
66054555,1498,1706,0,0
66056555,1489,1702,0,0
66058555,1489,1706,0,0
66060555,1489,1708,0,0
66062555,1491,1707,0,0
66064555,1499,1703,0,0
66066555,1488,1703,0,0
66068555,1494,1700,0,0
66070555,1492,1709,0,0
66072555,1494,1707,0,0
66074555,1495,1701,0,0
66076555,1484,1709,0,0
66078555,1495,1709,0,0
66080555,1496,1704,0,0
66082555,1492,1701,0,0
66084555,1497,1704,0,0
66086555,1495,1707,0,1
66088555,1490,1697,0,1
66090555,1499,1705,0,1
66092555,1494,1697,0,1
66094555,1491,1702,0,1
66096555,1491,1705,0,1
66098555,1494,1715,0,1
66100555,1498,1705,0,1
66102555,1494,1716,0,1
66104555,1491,1704,0,1
66106555,1491,1705,0,1
66108555,1498,1705,0,1
66110555,1501,1701,0,1
66112555,1489,1703,0,1
66114555,1496,1704,0,1
66116555,1497,1709,0,1
66118555,1501,1705,0,1
66120555,1494,1701,0,1
66122555,1497,1703,0,1
66124555,1494,1699,0,1
66126555,1496,1699,0,1
66128555,1491,1708,0,1
66130555,1492,1701,0,1
66132555,1502,1706,0,1
66134555,1489,1697,0,1
66136555,1496,1709,0,1
66138555,1491,1704,0,1
66140555,1492,1710,0,1
66142555,1491,1702,0,1
66144555,1492,1705,0,1
66146555,1492,1711,0,1
66148555,1494,1705,0,1
66150555,1491,1701,0,1
66152555,1496,1700,0,1
66154555,1492,1701,0,1
66156555,1497,1709,0,1
66158555,1489,1705,0,1
66160555,1492,1692,0,1
66162555,1488,1700,0,1
66164555,1492,1700,0,1
66166555,1500,1709,0,1
66168555,1488,1706,0,1
66170555,1487,1697,0,1
66172555,1489,1704,0,1
66174555,1492,1704,0,1
66176555,1487,1704,0,1
66178555,1495,1700,0,1
66180555,1491,1702,0,1
66182555,1496,1705,0,1
66184555,1493,1707,0,1
66186555,1492,1705,0,1
66188555,1491,1708,0,1
66190555,1492,1706,0,1
66192555,1492,1702,0,1
66194555,1488,1703,0,1
66196555,1497,1712,0,1
66198555,1498,1702,0,1
66200555,1491,1705,0,1
66202555,1489,1706,0,1
66204555,1494,1706,0,1
66206555,1498,1702,0,1
66208555,1494,1704,0,1
66210555,1496,1707,0,1
66212555,1492,1706,0,1
66214555,1497,1699,0,1
66216555,1490,1702,0,1
66218555,1492,1704,0,1
66220555,1495,1704,0,1
66222555,1494,1697,0,1
66224555,1492,1705,0,1
66226555,1492,1694,0,1
66228555,1494,1697,0,1
66230555,1504,1710,0,1
66232555,1498,1700,0,1
66234555,1501,1705,0,1
66236555,1508,1697,0,1
66238555,1499,1701,0,1
66240555,1508,1705,0,1
66242555,1502,1704,0,1
66244555,1504,1703,0,1
66246555,1502,1705,0,1
66248555,1508,1699,0,1
66250555,1511,1699,0,1
66252555,1508,1707,0,1
66254555,1508,1702,0,1
66256555,1510,1704,0,1
66258555,1508,1706,0,1
66260555,1512,1702,0,1
66262555,1512,1705,0,1
66264555,1512,1707,0,1
66266555,1515,1705,0,1
66268555,1514,1697,0,1
66270555,1513,1705,0,1
66272555,1515,1708,0,1
66274555,1513,1709,0,1
66276555,1513,1701,0,1
66278555,1517,1708,0,1
66280555,1518,1705,0,1
66282555,1518,1702,0,1
66284555,1520,1704,0,1
66286555,1514,1712,0,1
66288555,1516,1702,0,0
66290555,1520,1697,0,0
66292555,1520,1705,0,0
66294555,1516,1705,0,0
66296555,1512,1704,0,0
66298555,1520,1706,0,0
66300555,1520,1704,0,0
66302555,1515,1705,0,0
66304555,1523,1704,0,0
66306555,1520,1704,0,0
66308555,1524,1705,0,0
66310555,1524,1697,0,0
66312555,1521,1709,0,0
66314555,1521,1697,0,0
66316555,1520,1706,0,0
66318555,1518,1693,0,0
66320555,1524,1707,0,0
66322555,1520,1707,0,0
66324555,1522,1705,0,0
66326555,1523,1704,0,0
66328555,1525,1707,0,0
66330555,1524,1702,0,0
66332555,1523,1703,0,0
66334555,1525,1705,0,0
66336555,1524,1709,0,0
66338555,1519,1707,0,0
66340555,1526,1704,0,0
66342555,1525,1705,0,0
66344555,1527,1706,0,0
66346555,1525,1700,0,0
66348555,1521,1702,0,0
66350555,1527,1706,0,0
66352555,1526,1704,0,0
66354555,1525,1703,0,0
66356555,1529,1707,0,0
66358555,1528,1706,0,0
66360555,1526,1705,0,0
66362555,1526,1705,0,0
66364555,1526,1705,0,0
66366555,1525,1703,0,0
66368555,1525,1705,0,0
66370555,1526,1702,0,0
66372555,1525,1705,0,0
66374555,1526,1707,0,0
66376555,1523,1707,0,0
66378555,1525,1703,0,0
66380555,1528,1707,0,0
66382555,1526,1704,0,0
66384555,1528,1706,0,0
66386555,1531,1705,0,0
66388555,1529,1705,0,0
66390555,1531,1710,0,0
66392555,1529,1703,0,0
66394555,1530,1693,0,0
66396555,1525,1707,0,0
66398555,1526,1702,0,0
66400555,1527,1702,0,0
66402555,1527,1705,0,0
66404555,1525,1704,0,0
66406555,1527,1708,0,0
66408555,1528,1697,0,0
66410555,1527,1706,0,0
66412555,1526,1704,0,0
66414555,1525,1704,0,0
66416555,1527,1704,0,0
66418555,1524,1697,0,0
66420555,1529,1707,0,0
66422555,1528,1705,0,0
66424555,1526,1701,0,0
66426555,1529,1697,0,0
66428555,1521,1699,0,0
66430555,1525,1702,0,0
66432555,1527,1705,0,0
66434555,1527,1704,0,0
66436555,1525,1704,0,0
66438555,1528,1704,0,0
66440555,1528,1704,0,0
66442555,1529,1707,0,0
66444555,1523,1697,0,0
66446555,1525,1700,0,0
66448555,1527,1701,0,0
66450555,1525,1701,0,0
66452555,1524,1702,0,0
66454555,1525,1701,0,0
66456555,1524,1700,0,0
66458555,1525,1701,0,0
66460555,1528,1705,0,0
66462555,1528,1702,0,0
66464555,1526,1704,0,0
66466555,1525,1713,0,0
66468555,1525,1693,0,0
66470555,1529,1705,0,0
66472555,1525,1704,0,0
66474555,1528,1701,0,0
66476555,1531,1706,0,0
66478555,1525,1699,0,0
66480555,1531,1701,0,0
66482555,1525,1703,0,0
66484555,1534,1695,0,0
66486555,1526,1706,0,0
66488555,1533,1703,0,0
66490555,1528,1693,0,0
66492555,1534,1704,0,0
66494555,1534,1704,0,0
66496555,1525,1700,0,0
66498555,1528,1703,0,0
66500555,1526,1707,0,0
66502555,1526,1704,0,0
66504555,1530,1710,0,0
66506555,1531,1700,0,0
66508555,1530,1707,0,0
66510555,1533,1702,0,0
66512555,1528,1705,0,0
66514555,1528,1710,0,0
66516555,1529,1704,0,0
66518555,1528,1707,0,0
66520555,1526,1700,0,0
66522555,1534,1694,0,0
66524555,1526,1703,0,0
66526555,1528,1706,0,0
66528555,1525,1699,0,0
66530555,1531,1704,0,0
66532555,1535,1705,0,0
66534555,1529,1708,0,0
66536555,1528,1704,0,0
66538555,1526,1705,0,0
66540555,1525,1713,0,0
66542555,1527,1700,0,0
66544555,1525,1705,0,0
66546555,1528,1702,0,0
66548555,1528,1704,0,0
66550555,1528,1703,0,0
66552555,1526,1707,0,0
66554555,1528,1704,0,0
66556555,1528,1713,0,0
66558555,1529,1706,0,0
66560555,1529,1704,0,0
66562555,1531,1697,0,0
66564555,1530,1706,0,0
66566555,1529,1699,0,0
66568555,1533,1706,0,0
66570555,1530,1707,0,0
66572555,1530,1704,0,0
66574555,1527,1709,0,0
66576555,1529,1709,0,0
66578555,1528,1710,0,0
66580555,1529,1703,0,0
66582555,1528,1704,0,0
66584555,1535,1699,0,0
66586555,1526,1705,0,0
66588555,1533,1701,0,0
66590555,1529,1706,0,0
66592555,1528,1705,0,0
66594555,1525,1704,0,0
66596555,1528,1701,0,0
66598555,1536,1701,0,0
66600555,1538,1701,0,0
66602555,1525,1695,0,0
66604555,1530,1697,0,0
66606555,1529,1703,0,0
66608555,1525,1708,0,0
66610555,1524,1703,0,0
66612555,1533,1709,0,0
66614555,1527,1702,0,0
66616555,1533,1702,0,0
66618555,1531,1703,0,0
66620555,1536,1701,0,0
66622555,1528,1709,0,0
66624555,1531,1697,0,0
66626555,1531,1705,0,0
66628555,1531,1700,0,0
66630555,1528,1696,0,0
66632555,1530,1701,0,0
66634555,1528,1702,0,0
66636555,1534,1713,0,0
66638555,1523,1709,0,0
66640555,1534,1707,0,0
66642555,1528,1707,0,0
66644555,1533,1707,0,0
66646555,1528,1704,0,0
66648555,1530,1712,0,0
66650555,1533,1709,0,0
66652555,1527,1705,0,0
66654555,1538,1697,0,0
66656555,1532,1704,0,0
66658555,1530,1702,0,0
66660555,1528,1705,0,0
66662555,1529,1709,0,0
66664555,1528,1706,0,0
66666555,1532,1709,0,0
66668555,1528,1707,0,0
66670555,1531,1705,0,0
66672555,1527,1705,0,0
66674555,1525,1705,0,0
66676555,1536,1709,0,0
66678555,1531,1701,0,0
66680555,1528,1705,0,0
66682555,1534,1702,0,0
66684555,1534,1705,0,0
66686555,1530,1707,0,0
66688555,1528,1706,0,0
66690555,1534,1697,0,0
66692555,1528,1701,0,0
66694555,1529,1707,0,0
66696555,1528,1705,0,0
66698555,1530,1705,0,0
66700555,1528,1706,0,0
66702555,1533,1709,0,0
66704555,1531,1713,0,0
66706555,1530,1699,0,0
66708555,1526,1707,0,0
66710555,1536,1707,0,0
66712555,1533,1703,0,0
66714555,1523,1708,0,0
66716555,1534,1706,0,0
66718555,1529,1706,0,0
66720555,1526,1699,0,0
66722555,1528,1705,0,0
66724555,1531,1703,0,0
66726555,1529,1705,0,0
66728555,1529,1707,0,0
66730555,1533,1705,0,0
66732555,1528,1699,0,0
66734555,1525,1707,0,0
66736555,1532,1702,0,0
66738555,1530,1705,0,0
66740555,1527,1707,0,0
66742555,1530,1701,0,0
66744555,1528,1697,0,0
66746555,1533,1706,0,0
66748555,1525,1702,0,0
66750555,1526,1702,0,0
66752555,1526,1707,0,0
66754555,1533,1702,0,0
66756555,1527,1699,0,0
66758555,1531,1707,0,0
66760555,1526,1702,0,0
66762555,1529,1704,0,0
66764555,1530,1705,0,0
66766555,1530,1704,0,0
66768555,1525,1697,0,0
66770555,1536,1706,0,0
66772555,1533,1699,0,0
66774555,1526,1702,0,0
66776555,1528,1701,0,0
66778555,1530,1705,0,0
66780555,1533,1710,0,0
66782555,1525,1709,0,0
66784555,1532,1702,0,0
66786555,1532,1705,0,0
66788555,1530,1707,0,0
66790555,1526,1702,0,0
66792555,1531,1700,0,0
66794555,1531,1706,0,0
66796555,1529,1702,0,0
66798555,1525,1705,0,0
66800555,1528,1705,0,0
66802555,1536,1697,0,0
66804555,1525,1699,0,0
66806555,1531,1707,0,0
66808555,1531,1701,0,0
66810555,1531,1707,0,0
66812555,1530,1700,0,0
66814555,1530,1704,0,0
66816555,1531,1699,0,0
66818555,1529,1705,0,0
66820555,1531,1699,0,0
66822555,1527,1706,0,0
66824555,1537,1706,0,0
66826555,1532,1704,0,0
66828555,1527,1695,0,0
66830555,1527,1704,0,0
66832555,1525,1703,0,0
66834555,1534,1699,0,0
66836555,1527,1708,0,0
66838555,1527,1700,0,0
66840555,1531,1705,0,0
66842555,1526,1699,0,0
66844555,1526,1698,0,0
66846555,1530,1701,0,0
66848555,1529,1707,0,0
66850555,1527,1704,0,0
66852555,1529,1700,0,0
66854555,1528,1705,0,0
66856555,1528,1704,0,0
66858555,1530,1702,0,0
66860555,1532,1705,0,0
66862555,1530,1709,0,0
66864555,1530,1700,0,0
66866555,1531,1713,0,0
66868555,1528,1705,0,0
66870555,1525,1701,0,0
66872555,1534,1704,0,0
66874555,1528,1704,0,0
66876555,1532,1701,0,0
66878555,1531,1703,0,0
66880555,1526,1700,0,0
66882555,1532,1702,0,0
66884555,1529,1706,0,0
66886555,1529,1699,190,1
66888555,1516,1666,190,1
66890555,1513,1637,190,1
66892555,1498,1608,190,1
66894555,1492,1582,190,1
66896555,1476,1552,190,1
66898555,1472,1526,190,1
66900555,1465,1508,190,1
66902555,1456,1484,190,1
66904555,1448,1465,190,1
66906555,1441,1433,190,1
66908555,1432,1423,190,1
66910555,1428,1405,190,1
66912555,1424,1387,190,0
66914555,1415,1371,190,0
66916555,1415,1357,190,0
66918555,1410,1339,190,0
66920555,1407,1332,190,0
66922555,1402,1324,190,0
66924555,1399,1306,190,0
66926555,1393,1300,190,0
66928555,1392,1291,190,0
66930555,1395,1286,190,0
66932555,1386,1280,190,0
66934555,1384,1257,190,0
66936555,1371,1262,190,0
66938555,1371,1249,190,0
66940555,1371,1246,190,0
66942555,1371,1239,190,0
66944555,1371,1239,190,0
66946555,1371,1241,190,0
66948555,1364,1240,190,0
66950555,1363,1218,190,0
66952555,1366,1226,190,0
66954555,1361,1222,190,0
66956555,1364,1214,190,0
66958555,1362,1223,190,0
66960555,1356,1216,190,0
66962555,1363,1204,190,0
66964555,1360,1207,190,0
66966555,1356,1201,190,0
66968555,1361,1205,190,0
66970555,1359,1205,190,0
66972555,1353,1203,190,0
66974555,1357,1199,190,0
66976555,1355,1191,190,0
66978555,1358,1196,190,0
66980555,1360,1201,190,0
66982555,1350,1192,190,0
66984555,1356,1191,190,0
66986555,1355,1195,190,0
66988555,1355,1191,190,0
66990555,1351,1194,190,0
66992555,1354,1191,190,0
66994555,1353,1187,190,0
66996555,1352,1191,190,0
66998555,1347,1195,190,0
67000555,1352,1188,190,0
67002555,1354,1192,190,0
67004555,1358,1183,190,0
67006555,1352,1192,190,0
67008555,1352,1191,190,0
67010555,1351,1182,190,0
67012555,1352,1184,190,0
67014555,1353,1184,190,0
67016555,1351,1192,190,0
67018555,1346,1185,190,0
67020555,1352,1185,190,0
67022555,1348,1187,190,0
67024555,1350,1187,190,0
67026555,1352,1185,190,0
67028555,1348,1183,190,0
67030555,1351,1179,190,0
67032555,1348,1185,190,0
67034555,1348,1182,190,0
67036555,1352,1191,190,0
67038555,1352,1183,190,0
67040555,1351,1177,190,0
67042555,1353,1183,190,0
67044555,1351,1184,190,0
67046555,1350,1187,190,0
67048555,1353,1179,190,0
67050555,1348,1176,190,0
67052555,1348,1187,190,0
67054555,1353,1183,190,0
67056555,1355,1184,190,0
67058555,1345,1179,190,0
67060555,1353,1190,190,0
67062555,1348,1178,190,0
67064555,1351,1181,190,0
67066555,1351,1183,190,0
67068555,1345,1179,190,0
67070555,1345,1184,190,0
67072555,1351,1182,190,0
67074555,1354,1187,190,0
67076555,1349,1180,190,0
67078555,1349,1181,190,0
67080555,1347,1180,190,0
67082555,1351,1185,190,0
67084555,1352,1184,190,0
67086555,1346,1185,190,0
67088555,1348,1186,190,0
67090555,1351,1183,190,0
67092555,1351,1180,190,0
67094555,1347,1179,190,0
67096555,1348,1184,190,0
67098555,1350,1179,190,0
67100555,1347,1183,190,0
67102555,1345,1180,190,0
67104555,1356,1181,190,0
67106555,1351,1177,190,0
67108555,1352,1184,190,0
67110555,1352,1179,190,0
67112555,1351,1181,190,0
67114555,1346,1181,190,0
67116555,1348,1180,190,0
67118555,1347,1179,190,0
67120555,1352,1178,190,0
67122555,1349,1179,190,0
67124555,1350,1179,190,0
67126555,1352,1177,190,0
67128555,1347,1184,190,0
67130555,1350,1179,190,0
67132555,1354,1183,190,0
67134555,1346,1183,190,0
67136555,1345,1183,0,0
67138555,1368,1229,0,0
67140555,1371,1265,0,0
67142555,1394,1306,0,0
67144555,1408,1333,0,0
67146555,1415,1366,0,0
67148555,1422,1402,0,0
67150555,1438,1420,0,0
67152555,1444,1448,0,0
67154555,1453,1474,0,0
67156555,1460,1484,0,0
67158555,1464,1508,0,0
67160555,1469,1526,0,0
67162555,1475,1531,0,0
67164555,1481,1549,0,0
67166555,1485,1563,0,0
67168555,1487,1577,0,0
67170555,1495,1593,0,0
67172555,1494,1605,0,0
67174555,1499,1610,0,0
67176555,1499,1625,0,0
67178555,1508,1625,0,0
67180555,1502,1633,0,0
67182555,1511,1641,0,0
67184555,1512,1646,0,0
67186555,1512,1649,0,0
67188555,1512,1662,0,0
67190555,1516,1666,0,0
67192555,1520,1669,0,0
67194555,1518,1674,0,0
67196555,1516,1684,0,0
67198555,1524,1685,0,0
67200555,1523,1681,0,0
67202555,1524,1689,0,0
67204555,1525,1693,0,0
67206555,1523,1694,0,0
67208555,1528,1689,0,0
67210555,1520,1707,0,0
67212555,1526,1694,0,0
67214555,1527,1705,0,0
67216555,1526,1693,0,0
67218555,1528,1694,0,0
67220555,1530,1703,0,0
67222555,1526,1697,0,0
67224555,1527,1702,0,0
67226555,1528,1713,0,0
67228555,1529,1704,0,0
67230555,1530,1696,0,0
67232555,1529,1707,0,0
67234555,1528,1703,0,0
67236555,1534,1697,0,0
67238555,1525,1704,0,0
67240555,1525,1704,0,0
67242555,1528,1704,0,0
67244555,1527,1704,0,0
67246555,1526,1697,0,0
67248555,1527,1699,0,0
67250555,1529,1709,0,0
67252555,1525,1705,0,0
67254555,1525,1705,0,0
67256555,1528,1704,0,0
67258555,1529,1705,0,0
67260555,1526,1702,0,0
67262555,1526,1706,0,0
67264555,1529,1701,0,0
67266555,1529,1710,0,0
67268555,1529,1707,0,0
67270555,1529,1701,0,0
67272555,1529,1709,0,0
67274555,1527,1703,0,0
67276555,1527,1713,0,0
67278555,1526,1706,0,0
67280555,1532,1699,0,0
67282555,1527,1697,0,0
67284555,1531,1705,0,0
67286555,1527,1704,0,0
67288555,1526,1701,0,0
67290555,1531,1705,0,0
67292555,1531,1707,0,0
67294555,1529,1702,0,0
67296555,1527,1697,0,0
67298555,1525,1704,0,0
67300555,1523,1701,0,0
67302555,1526,1710,0,0
67304555,1534,1709,0,0
67306555,1528,1704,0,0
67308555,1530,1705,0,0
67310555,1525,1700,0,0
67312555,1525,1703,0,0
67314555,1532,1709,0,0
67316555,1525,1700,0,0
67318555,1527,1701,0,0
67320555,1529,1702,0,0
67322555,1525,1705,0,0
67324555,1528,1701,0,0
67326555,1529,1700,0,0
67328555,1526,1693,0,0
67330555,1529,1703,0,0
67332555,1534,1705,0,0
67334555,1529,1705,0,0
67336555,1528,1709,0,0
67338555,1528,1704,0,0
67340555,1526,1699,0,0
67342555,1525,1702,0,0
67344555,1530,1705,0,0
67346555,1529,1705,0,0
67348555,1528,1697,0,0
67350555,1527,1702,0,0
67352555,1527,1699,0,0
67354555,1528,1705,0,0
67356555,1528,1705,0,0
67358555,1528,1706,0,0
67360555,1530,1701,0,0
67362555,1525,1707,0,0
67364555,1526,1705,0,0
67366555,1529,1701,0,0
67368555,1527,1706,0,0
67370555,1525,1705,0,0
67372555,1525,1705,0,0
67374555,1527,1699,0,0
67376555,1527,1701,0,0
67378555,1528,1703,0,0
67380555,1531,1709,0,0
67382555,1533,1702,0,0
67384555,1526,1700,0,0
67386555,1524,1703,0,0
67388555,1526,1701,0,0
67390555,1531,1701,0,0
67392555,1529,1713,0,0
67394555,1529,1705,0,0
67396555,1527,1701,0,0
67398555,1531,1704,0,0
67400555,1525,1704,0,0
67402555,1525,1705,0,0
67404555,1528,1705,0,0
67406555,1530,1701,0,0
67408555,1525,1707,0,0
67410555,1527,1708,0,0
67412555,1528,1705,0,0
67414555,1525,1703,0,0
67416555,1528,1705,0,0
67418555,1520,1710,0,0
67420555,1531,1707,0,0
67422555,1526,1707,0,0
67424555,1523,1705,0,0
67426555,1528,1705,0,0
67428555,1526,1700,0,0
67430555,1526,1707,0,0
67432555,1526,1704,0,0
67434555,1530,1705,0,0
67436555,1528,1709,0,0
67438555,1524,1704,0,0
67440555,1527,1700,0,0
67442555,1526,1697,0,0
67444555,1529,1701,0,0
67446555,1528,1703,0,0
67448555,1528,1704,0,0
67450555,1526,1705,0,0
67452555,1526,1702,0,0
67454555,1528,1692,0,0
67456555,1530,1713,0,0
67458555,1532,1707,0,0
67460555,1524,1699,0,0
67462555,1525,1705,0,0
67464555,1529,1704,0,0
67466555,1525,1701,0,0
67468555,1529,1703,0,0
67470555,1526,1701,0,0
67472555,1528,1705,0,0
67474555,1527,1703,0,0
67476555,1525,1704,0,0
67478555,1525,1701,0,0
67480555,1528,1710,0,0
67482555,1530,1697,0,0
67484555,1528,1711,0,0
67486555,1526,1709,0,0
67488555,1528,1706,0,0
67490555,1525,1703,0,0
67492555,1527,1702,0,0
67494555,1525,1717,0,0
67496555,1524,1697,0,0
67498555,1530,1705,0,0
67500555,1524,1702,0,0
67502555,1528,1705,0,0
67504555,1525,1705,0,0
67506555,1524,1702,0,0
67508555,1526,1701,0,0
67510555,1528,1703,0,0
67512555,1525,1703,0,0
67514555,1528,1709,0,0
67516555,1526,1701,0,0
67518555,1530,1700,0,0
67520555,1530,1705,0,0
67522555,1528,1703,0,0
67524555,1528,1703,0,0
67526555,1529,1701,0,0
67528555,1531,1705,0,0
67530555,1528,1708,0,0
67532555,1525,1702,0,0
67534555,1529,1701,0,0
67536555,1529,1701,0,0
67538555,1528,1705,0,0
67540555,1531,1702,0,0
67542555,1525,1706,0,0
67544555,1531,1701,0,0
67546555,1529,1705,0,0
67548555,1529,1708,0,0
67550555,1527,1706,0,0
67552555,1533,1705,0,0
67554555,1530,1704,0,0
67556555,1525,1703,0,0
67558555,1528,1702,0,0
67560555,1529,1709,0,0
67562555,1525,1704,0,0
67564555,1528,1705,0,0
67566555,1528,1705,0,0
67568555,1528,1705,0,0
67570555,1527,1708,0,0
67572555,1526,1706,0,0
67574555,1524,1706,0,0
67576555,1528,1702,0,0
67578555,1528,1713,0,0
67580555,1528,1709,0,0
67582555,1532,1703,0,0
67584555,1531,1697,0,0
67586555,1531,1705,0,0
67588555,1533,1707,0,0
67590555,1530,1710,0,0
67592555,1527,1705,0,0
67594555,1528,1706,0,0
67596555,1528,1706,0,0
67598555,1529,1701,0,0
67600555,1528,1709,0,0
67602555,1530,1707,0,0
67604555,1524,1713,0,0
67606555,1527,1697,0,0
67608555,1529,1704,0,0
67610555,1529,1708,0,0
67612555,1526,1704,0,0
67614555,1533,1697,0,0
67616555,1529,1705,0,0
67618555,1526,1708,0,0
67620555,1528,1696,0,0
67622555,1525,1708,0,0
67624555,1533,1699,0,0
67626555,1531,1700,0,0
67628555,1530,1696,0,0
67630555,1526,1706,0,0
67632555,1527,1705,0,0
67634555,1528,1700,0,0
67636555,1528,1709,0,0
67638555,1536,1714,0,0
67640555,1528,1699,0,0
67642555,1529,1701,0,0
67644555,1525,1710,0,0
67646555,1531,1705,0,0
67648555,1528,1701,0,0
67650555,1528,1706,0,0
67652555,1524,1707,0,0
67654555,1529,1705,0,0
67656555,1534,1703,0,0
67658555,1526,1701,0,0
67660555,1529,1698,0,0
67662555,1524,1705,0,0
67664555,1529,1705,0,0
67666555,1526,1702,0,0
67668555,1527,1704,0,0
67670555,1527,1697,0,0
67672555,1525,1700,0,0
67674555,1525,1704,0,0
67676555,1524,1701,0,0
67678555,1527,1706,0,0
67680555,1527,1700,0,0
67682555,1530,1702,0,0
67684555,1528,1700,0,0
67686555,1527,1704,0,0
67688555,1528,1702,0,0
67690555,1525,1700,0,0
67692555,1530,1699,0,0
67694555,1528,1705,0,0
67696555,1524,1704,0,0
67698555,1526,1703,0,0
67700555,1526,1707,0,0
67702555,1526,1693,0,0
67704555,1529,1703,0,0
67706555,1523,1706,0,0
67708555,1530,1699,0,0
67710555,1525,1704,0,0
67712555,1525,1716,0,0
67714555,1524,1701,0,0
67716555,1528,1699,0,0
67718555,1527,1700,0,0
67720555,1529,1699,0,0
67722555,1532,1705,0,0
67724555,1527,1712,0,0
67726555,1529,1712,0,0
67728555,1527,1709,0,0
67730555,1524,1704,0,0
67732555,1531,1707,0,0
67734555,1525,1699,0,0
67736555,1526,1701,0,0
67738555,1526,1709,0,0
67740555,1520,1714,0,0
67742555,1526,1702,0,0
67744555,1530,1702,0,0
67746555,1525,1706,0,0
67748555,1525,1707,0,0
67750555,1525,1707,0,0
67752555,1528,1705,0,0
67754555,1525,1703,0,0
67756555,1526,1700,0,0
67758555,1529,1701,0,0
67760555,1526,1702,0,0
67762555,1530,1705,0,0
67764555,1528,1703,0,0
67766555,1524,1707,0,0
67768555,1530,1709,0,0
67770555,1524,1700,0,0
67772555,1529,1709,0,0
67774555,1531,1703,0,0
67776555,1526,1705,0,0
67778555,1533,1699,0,0
67780555,1531,1704,0,0
67782555,1532,1713,0,0
67784555,1528,1703,0,0
67786555,1525,1703,0,0
67788555,1533,1697,0,0
67790555,1528,1701,0,0
67792555,1524,1705,0,0
67794555,1526,1707,0,0
67796555,1525,1701,0,0
67798555,1524,1709,0,0
67800555,1535,1696,0,0
67802555,1528,1707,0,0
67804555,1528,1695,0,0
67806555,1533,1709,0,0
67808555,1528,1704,0,0
67810555,1527,1705,0,0
67812555,1531,1699,0,0
67814555,1528,1701,0,0
67816555,1527,1711,0,0
67818555,1530,1703,0,0
67820555,1528,1701,0,0
67822555,1527,1709,0,0
67824555,1527,1706,0,0
67826555,1526,1709,0,0
67828555,1525,1702,0,0
67830555,1528,1699,0,0
67832555,1525,1708,0,0
67834555,1528,1707,0,0
67836555,1524,1705,0,0
67838555,1526,1704,0,0
67840555,1527,1713,0,0
67842555,1525,1708,0,0
67844555,1529,1706,0,0
67846555,1531,1704,0,0
67848555,1528,1697,0,0
67850555,1524,1706,0,0
67852555,1530,1704,0,0
67854555,1526,1713,0,0
67856555,1527,1716,0,0
67858555,1526,1705,0,0
67860555,1528,1701,0,0
67862555,1526,1702,0,0
67864555,1526,1707,0,0
67866555,1531,1704,0,0
67868555,1523,1701,0,0
67870555,1524,1704,0,0
67872555,1526,1709,0,0
67874555,1526,1705,0,0
67876555,1530,1701,0,0
67878555,1529,1706,0,0
67880555,1531,1704,0,0
67882555,1525,1706,0,0
67884555,1528,1699,0,0
67886555,1525,1707,0,0
67888555,1526,1705,0,0
67890555,1529,1707,0,0
67892555,1528,1705,0,0
67894555,1525,1704,0,0
67896555,1526,1701,0,0
67898555,1527,1706,0,0
67900555,1526,1705,0,0
67902555,1528,1701,0,0
67904555,1528,1701,0,0
67906555,1525,1702,0,0
67908555,1529,1706,0,0
67910555,1527,1700,0,0
67912555,1528,1705,0,0
67914555,1525,1709,0,0
67916555,1525,1707,0,0
67918555,1531,1709,0,0
67920555,1525,1709,0,0
67922555,1528,1702,0,0
67924555,1528,1695,0,0
67926555,1531,1701,0,0
67928555,1524,1705,0,0
67930555,1526,1704,0,0
67932555,1530,1712,0,0
67934555,1528,1709,0,0
67936555,1523,1708,190,1
67938555,1520,1669,190,1
67940555,1507,1641,190,1
67942555,1494,1605,190,1
67944555,1488,1577,190,1
67946555,1479,1552,190,1
67948555,1464,1531,190,1
67950555,1461,1508,190,1
67952555,1452,1475,190,1
67954555,1446,1456,190,1
67956555,1443,1440,190,1
67958555,1435,1416,190,1
67960555,1424,1403,190,1
67962555,1414,1386,190,0
67964555,1420,1370,190,0
67966555,1411,1356,190,0
67968555,1408,1333,190,0
67970555,1400,1329,190,0
67972555,1400,1316,190,0
67974555,1400,1307,190,0
67976555,1387,1300,190,0
67978555,1389,1284,190,0
67980555,1371,1276,190,0
67982555,1387,1272,190,0
67984555,1371,1267,190,0
67986555,1371,1259,190,0
67988555,1371,1254,190,0
67990555,1364,1244,190,0
67992555,1369,1244,190,0
67994555,1371,1239,190,0
67996555,1368,1236,190,0
67998555,1361,1233,190,0
68000555,1363,1228,190,0
68002555,1364,1227,190,0
68004555,1360,1219,190,0
68006555,1359,1220,190,0
68008555,1360,1211,190,0
68010555,1360,1214,190,0
68012555,1356,1210,190,0
68014555,1359,1205,190,0
68016555,1357,1209,190,0
68018555,1353,1206,190,0
68020555,1356,1198,190,0
68022555,1354,1204,190,0
68024555,1356,1203,190,0
68026555,1352,1203,190,0
68028555,1349,1205,190,0
68030555,1348,1197,190,0
68032555,1353,1198,190,0
68034555,1350,1191,190,0
68036555,1354,1200,190,0
68038555,1352,1195,190,0
68040555,1353,1193,190,0
68042555,1348,1198,190,0
68044555,1350,1181,190,0
68046555,1352,1187,190,0
68048555,1346,1187,190,0
68050555,1348,1192,190,0
68052555,1350,1193,190,0
68054555,1355,1192,190,0
68056555,1347,1189,190,0
68058555,1348,1183,190,0
68060555,1350,1185,190,0
68062555,1350,1181,190,0
68064555,1346,1188,190,0
68066555,1348,1179,190,0
68068555,1352,1189,190,0
68070555,1350,1187,190,0
68072555,1346,1182,190,0
68074555,1348,1190,190,0
68076555,1348,1187,190,0
68078555,1348,1187,190,0
68080555,1347,1190,190,0
68082555,1348,1190,190,0
68084555,1344,1182,190,0
68086555,1346,1182,190,0
68088555,1347,1191,190,0
68090555,1340,1179,190,0
68092555,1348,1179,190,0
68094555,1352,1180,190,0
68096555,1348,1179,190,0
68098555,1341,1184,190,0
68100555,1347,1180,190,0
68102555,1346,1187,190,0
68104555,1345,1179,190,0
68106555,1348,1187,190,0
68108555,1350,1179,190,0
68110555,1348,1184,190,0
68112555,1348,1185,190,0
68114555,1347,1184,190,0
68116555,1351,1181,190,0
68118555,1347,1187,190,0
68120555,1348,1180,190,0
68122555,1346,1183,190,0
68124555,1348,1177,190,0
68126555,1346,1183,190,0
68128555,1346,1179,190,0
68130555,1350,1182,190,0
68132555,1347,1174,190,0
68134555,1346,1184,190,0
68136555,1348,1183,190,0
68138555,1345,1183,190,0
68140555,1347,1182,190,0
68142555,1345,1171,190,0
68144555,1348,1180,190,0
68146555,1347,1176,190,0
68148555,1348,1181,190,0
68150555,1346,1184,190,0
68152555,1344,1181,190,0
68154555,1347,1179,190,0
68156555,1345,1182,190,0
68158555,1348,1182,190,0
68160555,1348,1181,190,0
68162555,1348,1175,190,0
68164555,1344,1189,190,0
68166555,1348,1179,190,0
68168555,1349,1179,190,0
68170555,1351,1183,190,0
68172555,1350,1181,190,0
68174555,1347,1184,190,0
68176555,1342,1184,190,0
68178555,1348,1175,190,0
68180555,1347,1178,190,0
68182555,1348,1179,190,0
68184555,1347,1182,190,0
68186555,1350,1176,0,0
68188555,1359,1218,0,0
68190555,1371,1267,0,0
68192555,1390,1296,0,0
68194555,1409,1338,0,0
68196555,1416,1371,0,0
68198555,1424,1407,0,0
68200555,1438,1423,0,0
68202555,1436,1452,0,0
68204555,1450,1474,0,0
68206555,1456,1489,0,0
68208555,1461,1508,0,0
68210555,1464,1524,0,0
68212555,1476,1536,0,0
68214555,1480,1560,0,0
68216555,1477,1565,0,0
68218555,1487,1581,0,0
68220555,1492,1595,0,0
68222555,1495,1603,0,0
68224555,1494,1614,0,0
68226555,1494,1623,0,0
68228555,1500,1626,0,0
68230555,1504,1635,0,0
68232555,1510,1645,0,0
68234555,1510,1643,0,0
68236555,1515,1650,0,0
68238555,1512,1666,0,0
68240555,1513,1659,0,0
68242555,1512,1672,0,0
68244555,1523,1675,0,0
68246555,1518,1680,0,0
68248555,1512,1688,0,0
68250555,1524,1682,0,0
68252555,1521,1691,0,0
68254555,1526,1697,0,0
68256555,1524,1691,0,0
68258555,1528,1693,0,0
68260555,1525,1693,0,0
68262555,1524,1693,0,0
68264555,1526,1701,0,0
68266555,1526,1705,0,0
68268555,1526,1703,0,0
68270555,1525,1696,0,0
68272555,1527,1694,0,0
68274555,1529,1705,0,0
68276555,1524,1705,0,0
68278555,1528,1710,0,0
68280555,1520,1702,0,0
68282555,1527,1703,0,0
68284555,1527,1702,0,0
68286555,1526,1697,0,0
68288555,1524,1702,0,0
68290555,1523,1699,0,0
68292555,1524,1709,0,0
68294555,1528,1701,0,0
68296555,1520,1707,0,0
68298555,1524,1707,0,0
68300555,1526,1702,0,0
68302555,1525,1709,0,0
68304555,1528,1700,0,0
68306555,1527,1703,0,0
68308555,1529,1710,0,0
68310555,1527,1705,0,0
68312555,1526,1704,0,0
68314555,1526,1702,0,0
68316555,1529,1701,0,0
68318555,1526,1697,0,0
68320555,1524,1704,0,0
68322555,1528,1700,0,0
68324555,1526,1697,0,0
68326555,1528,1705,0,0
68328555,1521,1701,0,0
68330555,1526,1708,0,0
68332555,1527,1700,0,0
68334555,1524,1704,0,0
68336555,1526,1709,0,0
68338555,1527,1705,0,0
68340555,1524,1701,0,0
68342555,1528,1704,0,0
68344555,1529,1704,0,0
68346555,1524,1697,0,0
68348555,1528,1705,0,0
68350555,1524,1707,0,0
68352555,1525,1704,0,0
68354555,1524,1695,0,0
68356555,1530,1701,0,0
68358555,1524,1704,0,0
68360555,1524,1705,0,0
68362555,1525,1705,0,0
68364555,1530,1701,0,0
68366555,1524,1705,0,0
68368555,1525,1701,0,0
68370555,1524,1707,0,0
68372555,1528,1703,0,0
68374555,1529,1713,0,0
68376555,1529,1705,0,0
68378555,1531,1705,0,0
68380555,1526,1704,0,0
68382555,1530,1708,0,0
68384555,1528,1701,0,0
68386555,1520,1697,0,0
68388555,1526,1696,0,0
68390555,1523,1700,0,0
68392555,1529,1705,0,0
68394555,1527,1700,0,0
68396555,1526,1700,0,0
68398555,1526,1706,0,0
68400555,1529,1702,0,0
68402555,1526,1701,0,0
68404555,1525,1707,0,0
68406555,1520,1708,0,0
68408555,1527,1709,0,0
68410555,1528,1703,0,0
68412555,1525,1701,0,0
68414555,1520,1700,0,0
68416555,1526,1706,0,0
68418555,1528,1707,0,0
68420555,1527,1703,0,0
68422555,1526,1701,0,0
68424555,1524,1702,0,0
68426555,1525,1703,0,0
68428555,1524,1710,0,0
68430555,1525,1703,0,0
68432555,1525,1709,0,0
68434555,1521,1709,0,0
68436555,1528,1702,0,0
68438555,1524,1700,0,0
68440555,1528,1713,0,0
68442555,1530,1700,0,0
68444555,1526,1706,0,0
68446555,1525,1709,0,0
68448555,1526,1702,0,0
68450555,1526,1702,0,0
68452555,1528,1702,0,0
68454555,1525,1699,0,0
68456555,1528,1701,0,0
68458555,1524,1705,0,0
68460555,1523,1705,0,0
68462555,1524,1699,0,0
68464555,1527,1705,0,0
68466555,1526,1696,0,0
68468555,1525,1702,0,0
68470555,1528,1707,0,0
68472555,1528,1706,0,0
68474555,1525,1711,0,0
68476555,1531,1705,0,0
68478555,1530,1697,0,0
68480555,1525,1706,0,0
68482555,1525,1703,0,0
68484555,1528,1702,0,0
68486555,1525,1707,0,0
68488555,1525,1702,0,0
68490555,1527,1704,0,0
68492555,1529,1699,0,0
68494555,1527,1705,0,0
68496555,1524,1701,0,0
68498555,1525,1707,0,0
68500555,1525,1701,0,0
68502555,1525,1709,0,0
68504555,1523,1705,0,0
68506555,1521,1709,0,0
68508555,1527,1707,0,0
68510555,1525,1704,0,0
68512555,1521,1704,0,0
68514555,1528,1702,0,0
68516555,1529,1705,0,0
68518555,1520,1706,0,0
68520555,1527,1705,0,0
68522555,1524,1707,0,0
68524555,1525,1705,0,0
68526555,1525,1705,0,0
68528555,1526,1704,0,0
68530555,1521,1701,0,0
68532555,1526,1697,0,0
68534555,1523,1701,0,0
68536555,1524,1705,0,0
68538555,1525,1701,0,0
68540555,1527,1703,0,0
68542555,1526,1703,0,0
68544555,1525,1703,0,0
68546555,1525,1709,0,0
68548555,1528,1704,0,0
68550555,1525,1702,0,0
68552555,1528,1702,0,0
68554555,1527,1705,0,0
68556555,1527,1702,0,0
68558555,1523,1706,0,0
68560555,1517,1701,0,0
68562555,1525,1704,0,0
68564555,1525,1702,0,0
68566555,1524,1705,0,0
68568555,1521,1708,0,0
68570555,1525,1709,0,0
68572555,1524,1701,0,0
68574555,1523,1702,0,0
68576555,1525,1707,0,0
68578555,1527,1702,0,0
68580555,1524,1709,0,0
68582555,1524,1694,0,0
68584555,1527,1709,0,0
68586555,1525,1701,0,0
68588555,1521,1703,0,0
68590555,1525,1709,0,0
68592555,1525,1705,0,0
68594555,1524,1706,0,0
68596555,1521,1704,0,0
68598555,1525,1704,0,0
68600555,1521,1700,0,0
68602555,1526,1704,0,0
68604555,1525,1705,0,0
68606555,1526,1709,0,0
68608555,1525,1709,0,0
68610555,1526,1705,0,0
68612555,1525,1705,0,0
68614555,1528,1703,0,0
68616555,1527,1705,0,0
68618555,1526,1701,0,0
68620555,1525,1707,0,0
68622555,1521,1712,0,0
68624555,1525,1701,0,0
68626555,1524,1709,0,0
68628555,1530,1710,0,0
68630555,1527,1702,0,0
68632555,1523,1704,0,0
68634555,1530,1709,0,0
68636555,1521,1700,0,0
68638555,1528,1701,0,0
68640555,1529,1700,0,0
68642555,1524,1705,0,0
68644555,1523,1701,0,0
68646555,1530,1709,0,0
68648555,1525,1705,0,0
68650555,1526,1703,0,0
68652555,1525,1707,0,0
68654555,1522,1706,0,0
68656555,1527,1702,0,0
68658555,1525,1702,0,0
68660555,1528,1712,0,0
68662555,1525,1704,0,0
68664555,1526,1707,0,0
68666555,1530,1697,0,0
68668555,1528,1703,0,0
68670555,1524,1699,0,0
68672555,1523,1694,0,0
68674555,1520,1701,0,0
68676555,1525,1702,0,0
68678555,1524,1699,0,0
68680555,1528,1705,0,0
68682555,1524,1705,0,0
68684555,1525,1701,0,0
68686555,1528,1705,0,0
68688555,1528,1702,0,0
68690555,1528,1704,0,0
68692555,1525,1699,0,0
68694555,1525,1710,0,0
68696555,1526,1705,0,0
68698555,1525,1694,0,0
68700555,1526,1704,0,0
68702555,1525,1709,0,0
68704555,1524,1705,0,0
68706555,1524,1702,0,0
68708555,1523,1703,0,0
68710555,1522,1704,0,0
68712555,1524,1705,0,0
68714555,1525,1702,0,0
68716555,1524,1705,0,0
68718555,1524,1699,0,0
68720555,1526,1707,0,0
68722555,1524,1700,0,0
68724555,1525,1697,0,0
68726555,1526,1703,0,0
68728555,1523,1700,0,0
68730555,1525,1705,0,0
68732555,1524,1709,0,0
68734555,1523,1707,0,0
68736555,1525,1705,0,0
68738555,1522,1702,0,0
68740555,1524,1702,0,0
68742555,1527,1697,0,0
68744555,1522,1701,0,0
68746555,1524,1706,0,0
68748555,1521,1705,0,0
68750555,1525,1702,0,0
68752555,1528,1710,0,0
68754555,1524,1712,0,0
68756555,1523,1705,0,0
68758555,1527,1704,0,0
68760555,1525,1707,0,0
68762555,1525,1705,0,0
68764555,1526,1707,0,0
68766555,1522,1705,0,0
68768555,1524,1709,0,0
68770555,1522,1709,0,0
68772555,1521,1696,0,0
68774555,1521,1699,0,0
68776555,1526,1698,0,0
68778555,1524,1704,0,0
68780555,1523,1701,0,0
68782555,1523,1699,0,0
68784555,1521,1701,0,0
68786555,1520,1713,0,0
68788555,1524,1705,0,0
68790555,1526,1705,0,0
68792555,1524,1697,0,0
68794555,1527,1705,0,0
68796555,1524,1717,0,0
68798555,1519,1699,0,0
68800555,1521,1700,0,0
68802555,1524,1707,0,0
68804555,1523,1713,0,0
68806555,1525,1712,0,0
68808555,1522,1705,0,0
68810555,1527,1709,0,0
68812555,1523,1701,0,0
68814555,1524,1705,0,0
68816555,1522,1705,0,0
68818555,1525,1703,0,0
68820555,1525,1697,0,0
68822555,1524,1709,0,0
68824555,1520,1713,0,0
68826555,1524,1709,0,0
68828555,1525,1701,0,0
68830555,1525,1704,0,0
68832555,1525,1701,0,0
68834555,1523,1701,0,0
68836555,1525,1704,0,0
68838555,1524,1705,0,0
68840555,1526,1709,0,0
68842555,1526,1701,0,0
68844555,1523,1703,0,0
68846555,1526,1709,0,0
68848555,1524,1705,0,0
68850555,1526,1704,0,0
68852555,1527,1701,0,0
68854555,1518,1701,0,0
68856555,1524,1705,0,0
68858555,1524,1702,0,0
68860555,1523,1707,0,0
68862555,1524,1707,0,0
68864555,1520,1705,0,0
68866555,1525,1703,0,0
68868555,1521,1703,0,0
68870555,1518,1705,0,0
68872555,1524,1705,0,0
68874555,1520,1708,0,0
68876555,1528,1699,0,0
68878555,1520,1707,0,0
68880555,1523,1705,0,0
68882555,1525,1701,0,0
68884555,1523,1701,0,0
68886555,1524,1709,0,0
68888555,1524,1702,0,0
68890555,1524,1707,0,0
68892555,1523,1713,0,0
68894555,1523,1696,0,0
68896555,1523,1705,0,0
68898555,1525,1705,0,0
68900555,1524,1707,0,0
68902555,1524,1703,0,0
68904555,1527,1702,0,0
68906555,1521,1703,0,0
68908555,1524,1703,0,0
68910555,1526,1704,0,0
68912555,1520,1697,0,0
68914555,1524,1705,0,0
68916555,1528,1709,0,0
68918555,1527,1705,0,0
68920555,1523,1703,0,0
68922555,1523,1708,0,0
68924555,1524,1709,0,0
68926555,1520,1706,0,0
68928555,1525,1703,0,0
68930555,1525,1705,0,0
68932555,1522,1705,0,0
68934555,1526,1703,0,0
68936555,1520,1701,0,0
68938555,1523,1701,0,0
68940555,1526,1704,0,0
68942555,1522,1704,0,0
68944555,1523,1707,0,0
68946555,1524,1705,0,0
68948555,1524,1706,0,0
68950555,1521,1705,0,0
68952555,1521,1697,0,0
68954555,1524,1702,0,0
68956555,1528,1707,0,0
68958555,1524,1701,0,0
68960555,1524,1706,0,0
68962555,1524,1704,0,0
68964555,1527,1706,0,0
68966555,1516,1705,0,0
68968555,1521,1699,0,0
68970555,1520,1699,0,0
68972555,1521,1701,0,0
68974555,1523,1702,0,0
68976555,1523,1703,0,0
68978555,1524,1697,0,0
68980555,1521,1713,0,0
68982555,1526,1705,0,0
68984555,1524,1702,0,0
68986555,1526,1705,190,1
68988555,1512,1667,190,1
68990555,1502,1636,190,1
68992555,1488,1606,190,1
68994555,1480,1578,190,1
68996555,1475,1547,190,1
68998555,1462,1528,190,1
69000555,1456,1500,190,1
69002555,1449,1482,190,1
69004555,1440,1460,190,1
69006555,1436,1438,190,1
69008555,1423,1424,190,1
69010555,1420,1404,190,1
69012555,1416,1392,190,0
69014555,1410,1371,190,0
69016555,1410,1359,190,0
69018555,1402,1336,190,0
69020555,1401,1332,190,0
69022555,1389,1326,190,0
69024555,1388,1308,190,0
69026555,1387,1306,190,0
69028555,1371,1284,190,0
69030555,1371,1279,190,0
69032555,1371,1274,190,0
69034555,1371,1272,190,0
69036555,1371,1262,190,0
69038555,1364,1256,190,0
69040555,1370,1247,190,0
69042555,1371,1252,190,0
69044555,1363,1239,190,0
69046555,1360,1235,190,0
69048555,1364,1231,190,0
69050555,1356,1230,190,0
69052555,1354,1223,190,0
69054555,1359,1223,190,0
69056555,1356,1217,190,0
69058555,1354,1219,190,0
69060555,1356,1215,190,0
69062555,1356,1208,190,0
69064555,1357,1213,190,0
69066555,1350,1203,190,0
69068555,1354,1201,190,0
69070555,1349,1205,190,0
69072555,1351,1201,190,0
69074555,1352,1199,190,0
69076555,1352,1201,190,0
69078555,1348,1192,190,0
69080555,1346,1198,190,0
69082555,1348,1195,190,0
69084555,1351,1203,190,0
69086555,1350,1195,190,0
69088555,1348,1193,190,0
69090555,1347,1196,190,0
69092555,1348,1192,190,0
69094555,1348,1193,190,0
69096555,1347,1190,190,0
69098555,1350,1188,190,0
69100555,1346,1193,190,0
69102555,1347,1188,190,0
69104555,1344,1187,190,0
69106555,1345,1190,190,0
69108555,1345,1187,190,0
69110555,1345,1183,190,0
69112555,1345,1189,190,0
69114555,1339,1189,190,0
69116555,1347,1183,190,0
69118555,1348,1185,190,0
69120555,1345,1188,190,0
69122555,1346,1192,190,0
69124555,1341,1184,190,0
69126555,1344,1187,190,0
69128555,1348,1190,190,0
69130555,1345,1184,190,0
69132555,1344,1185,190,0
69134555,1345,1179,190,0
69136555,1339,1187,190,0
69138555,1345,1187,190,0
69140555,1342,1181,190,0
69142555,1341,1183,190,0
69144555,1346,1180,190,0
69146555,1342,1184,190,0
69148555,1341,1179,190,0
69150555,1341,1197,190,0
69152555,1345,1183,190,0
69154555,1344,1180,190,0
69156555,1338,1179,190,0
69158555,1339,1184,190,0
69160555,1340,1184,190,0
69162555,1344,1179,190,0
69164555,1346,1183,190,0
69166555,1345,1179,190,0
69168555,1346,1181,190,0
69170555,1339,1183,190,0
69172555,1344,1187,190,0
69174555,1347,1179,190,0
69176555,1345,1183,190,0
69178555,1344,1181,190,0
69180555,1346,1180,190,0
69182555,1344,1179,190,0
69184555,1346,1187,190,0
69186555,1347,1179,190,0
69188555,1338,1179,190,0
69190555,1341,1188,190,0
69192555,1345,1181,190,0
69194555,1348,1182,190,0
69196555,1343,1182,190,0
69198555,1346,1183,190,0
69200555,1345,1179,190,0
69202555,1344,1188,190,0
69204555,1345,1180,190,0
69206555,1342,1179,190,0
69208555,1345,1179,190,0
69210555,1344,1178,190,0
69212555,1340,1179,190,0
69214555,1345,1187,190,0
69216555,1336,1182,190,0
69218555,1345,1184,190,0
69220555,1338,1183,190,0
69222555,1344,1179,190,0
69224555,1344,1180,190,0
69226555,1344,1185,190,0
69228555,1337,1179,190,0
69230555,1344,1177,190,0
69232555,1339,1184,190,0
69234555,1345,1183,190,0
69236555,1340,1187,0,0
69238555,1358,1231,0,0
69240555,1371,1261,0,0
69242555,1387,1308,0,0
69244555,1400,1333,0,0
69246555,1410,1364,0,0
69248555,1416,1409,0,0
69250555,1424,1421,0,0
69252555,1436,1449,0,0
69254555,1441,1472,0,0
69256555,1452,1492,0,0
69258555,1456,1502,0,0
69260555,1461,1524,0,0
69262555,1468,1540,0,0
69264555,1473,1559,0,0
69266555,1474,1571,0,0
69268555,1482,1577,0,0
69270555,1481,1591,0,0
69272555,1488,1603,0,0
69274555,1489,1609,0,0
69276555,1495,1621,0,0
69278555,1494,1627,0,0
69280555,1499,1641,0,0
69282555,1500,1645,0,0
69284555,1504,1650,0,0
69286555,1504,1645,0,0
69288555,1508,1666,0,0
69290555,1510,1666,0,0
69292555,1511,1675,0,0
69294555,1510,1672,0,0
69296555,1512,1688,0,0
69298555,1513,1689,0,0
69300555,1518,1687,0,0
69302555,1516,1692,0,0
69304555,1515,1693,0,0
69306555,1512,1705,0,0
69308555,1514,1692,0,0
69310555,1522,1693,0,0
69312555,1520,1696,0,0
69314555,1512,1693,0,0
69316555,1520,1703,0,0
69318555,1517,1692,0,0
69320555,1517,1705,0,0
69322555,1521,1692,0,0
69324555,1524,1697,0,0
69326555,1518,1705,0,0
69328555,1517,1695,0,0
69330555,1516,1707,0,0
69332555,1518,1697,0,0
69334555,1524,1704,0,0
69336555,1518,1703,0,0
69338555,1523,1708,0,0
69340555,1517,1703,0,0
69342555,1517,1703,0,0
69344555,1518,1696,0,0
69346555,1514,1707,0,0
69348555,1520,1705,0,0
69350555,1524,1709,0,0
69352555,1521,1697,0,0
69354555,1514,1705,0,0
69356555,1520,1704,0,0
69358555,1518,1704,0,0
69360555,1514,1704,0,0
69362555,1518,1707,0,0
69364555,1517,1705,0,0
69366555,1523,1703,0,0
69368555,1521,1708,0,0
69370555,1516,1705,0,0
69372555,1520,1699,0,0
69374555,1516,1708,0,0
69376555,1518,1705,0,0
69378555,1521,1703,0,0
69380555,1522,1703,0,0
69382555,1520,1701,0,0
69384555,1518,1709,0,0
69386555,1524,1704,0,0
69388555,1520,1706,0,0
69390555,1520,1712,0,0
69392555,1523,1697,0,0
69394555,1520,1701,0,0
69396555,1516,1705,0,0
69398555,1524,1710,0,0
69400555,1517,1705,0,0
69402555,1516,1710,0,0
69404555,1520,1709,0,0
69406555,1521,1709,0,0
69408555,1518,1697,0,0
69410555,1523,1701,0,0
69412555,1520,1705,0,0
69414555,1520,1706,0,0
69416555,1516,1705,0,0
69418555,1517,1701,0,0
69420555,1520,1705,0,0
69422555,1515,1704,0,0
69424555,1513,1705,0,0
69426555,1517,1697,0,0
69428555,1516,1709,0,0
69430555,1513,1701,0,0
69432555,1515,1692,0,0
69434555,1514,1705,0,0
69436555,1518,1705,0,0
69438555,1516,1702,0,0
69440555,1522,1700,0,0
69442555,1512,1705,0,0
69444555,1515,1708,0,0
69446555,1520,1699,0,0
69448555,1516,1703,0,0
69450555,1513,1705,0,0
69452555,1514,1709,0,0
69454555,1510,1705,0,0
69456555,1512,1704,0,0
69458555,1516,1699,0,0
69460555,1515,1703,0,0
69462555,1512,1710,0,0
69464555,1514,1701,0,0
69466555,1518,1708,0,0
69468555,1512,1705,0,0
69470555,1516,1705,0,0
69472555,1512,1704,0,0
69474555,1514,1709,0,0
69476555,1513,1710,0,0
69478555,1512,1705,0,0
69480555,1514,1710,0,0
69482555,1512,1703,0,0
69484555,1512,1704,0,0
69486555,1512,1709,0,0
69488555,1511,1704,0,0
69490555,1513,1709,0,0
69492555,1512,1701,0,0
69494555,1512,1696,0,0
69496555,1512,1705,0,0
69498555,1512,1701,0,0
69500555,1512,1702,0,0
69502555,1512,1710,0,0
69504555,1512,1705,0,0
69506555,1513,1704,0,0
69508555,1512,1701,0,0
69510555,1512,1692,0,0
69512555,1510,1710,0,0
69514555,1512,1705,0,0
69516555,1508,1697,0,0
69518555,1508,1707,0,0
69520555,1510,1706,0,0
69522555,1508,1704,0,0
69524555,1507,1706,0,0
69526555,1508,1708,0,0
69528555,1505,1703,0,0
69530555,1512,1709,0,0
69532555,1504,1697,0,0
69534555,1510,1704,0,0
69536555,1508,1697,0,0
69538555,1504,1696,0,0
69540555,1504,1705,0,0
69542555,1504,1702,0,0
69544555,1506,1709,0,0
69546555,1504,1705,0,0
69548555,1504,1704,0,0
69550555,1503,1702,0,0
69552555,1500,1699,0,0
69554555,1502,1706,0,0
69556555,1496,1703,0,0
69558555,1504,1700,0,0
69560555,1499,1706,0,0
69562555,1498,1700,0,0
69564555,1492,1704,0,0
69566555,1463,1711,0,0
69568555,1464,1705,0,0
69570555,1464,1702,0,0
69572555,1463,1704,0,0
69574555,1467,1703,0,0
69576555,1472,1709,0,0
69578555,1474,1701,0,0
69580555,1473,1704,0,0
69582555,1473,1707,0,0
69584555,1467,1700,0,0
69586555,1474,1698,0,0
69588555,1475,1704,0,0
69590555,1475,1703,0,0
69592555,1474,1709,0,0
69594555,1476,1701,0,0
69596555,1476,1702,0,0
69598555,1473,1709,0,0
69600555,1478,1705,0,0
69602555,1476,1704,0,0
69604555,1475,1707,0,0
69606555,1473,1706,0,0
69608555,1476,1697,0,0
69610555,1475,1707,0,0
69612555,1474,1705,0,0
69614555,1476,1710,0,0
69616555,1475,1705,0,0
69618555,1476,1700,0,0
69620555,1486,1705,0,0
69622555,1476,1705,0,0
69624555,1478,1704,0,0
69626555,1474,1703,0,0
69628555,1474,1701,0,0
69630555,1473,1704,0,0
69632555,1475,1705,0,0
69634555,1480,1701,0,0
69636555,1478,1709,0,0
69638555,1478,1706,0,0
69640555,1482,1699,0,0
69642555,1485,1705,0,0
69644555,1480,1703,0,0
69646555,1477,1702,0,0
69648555,1487,1710,0,0
69650555,1481,1701,0,0
69652555,1482,1709,0,0
69654555,1484,1709,0,0
69656555,1476,1716,0,0
69658555,1478,1707,0,0
69660555,1478,1709,0,0
69662555,1478,1705,0,0
69664555,1488,1703,0,0
69666555,1485,1705,0,0
69668555,1479,1704,0,0
69670555,1496,1707,0,0
69672555,1485,1704,0,0
69674555,1477,1713,0,0
69676555,1483,1709,0,0
69678555,1484,1705,0,0
69680555,1483,1704,0,0
69682555,1483,1706,0,0
69684555,1483,1704,0,0
69686555,1487,1705,0,0
69688555,1483,1710,0,0
69690555,1480,1700,0,0
69692555,1487,1703,0,0
69694555,1482,1704,0,0
69696555,1484,1701,0,0
69698555,1482,1700,0,0
69700555,1479,1702,0,0
69702555,1483,1705,0,0
69704555,1478,1704,0,0
69706555,1484,1697,0,0
69708555,1485,1705,0,0
69710555,1482,1700,0,0
69712555,1476,1702,0,0
69714555,1479,1702,0,0
69716555,1482,1700,0,0
69718555,1481,1707,0,0
69720555,1484,1701,0,0
69722555,1479,1697,0,0
69724555,1483,1705,0,0
69726555,1479,1716,0,0
69728555,1485,1705,0,0
69730555,1480,1702,0,0
69732555,1483,1709,0,0
69734555,1484,1708,0,0
69736555,1483,1707,0,0
69738555,1476,1707,0,0
69740555,1478,1709,0,0
69742555,1481,1713,0,0
69744555,1480,1701,0,0
69746555,1485,1700,0,0
69748555,1478,1697,0,0
69750555,1474,1705,0,0
69752555,1483,1706,0,0
69754555,1476,1713,0,0
69756555,1482,1704,0,0
69758555,1480,1700,0,0
69760555,1481,1702,0,0
69762555,1485,1704,0,0
69764555,1487,1705,0,0
69766555,1485,1700,0,0
69768555,1484,1705,0,0
69770555,1484,1706,0,0
69772555,1487,1704,0,0
69774555,1478,1703,0,0
69776555,1480,1706,0,0
69778555,1480,1704,0,0
69780555,1482,1702,0,0
69782555,1480,1705,0,0
69784555,1483,1707,0,0
69786555,1484,1710,0,0
69788555,1485,1705,0,0
69790555,1485,1700,0,0
69792555,1481,1701,0,0
69794555,1484,1694,0,0
69796555,1483,1706,0,0
69798555,1477,1709,0,0
69800555,1484,1698,0,0
69802555,1482,1705,0,0
69804555,1482,1696,0,0
69806555,1482,1705,0,0
69808555,1487,1702,0,0
69810555,1476,1702,0,0
69812555,1487,1701,0,0
69814555,1479,1707,0,0
69816555,1481,1710,0,0
69818555,1484,1709,0,0
69820555,1483,1704,0,0
69822555,1484,1701,0,0
69824555,1488,1699,0,0
69826555,1480,1709,0,0
69828555,1487,1702,0,0
69830555,1481,1702,0,0
69832555,1487,1702,0,0
69834555,1487,1709,0,0
69836555,1494,1702,0,0
69838555,1485,1704,0,0
69840555,1487,1705,0,0
69842555,1484,1704,0,0
69844555,1496,1707,0,0
69846555,1485,1706,0,0
69848555,1487,1703,0,0
69850555,1487,1702,0,0
69852555,1487,1700,0,0
69854555,1487,1704,0,0
69856555,1487,1709,0,0
69858555,1487,1705,0,0
69860555,1487,1701,0,0
69862555,1488,1697,0,0
69864555,1487,1705,0,0
69866555,1484,1707,0,0
69868555,1487,1710,0,0
69870555,1486,1702,0,0
69872555,1486,1696,0,0
69874555,1489,1703,0,0
69876555,1487,1702,0,0
69878555,1488,1705,0,0
69880555,1487,1702,0,0
69882555,1486,1701,0,0
69884555,1489,1707,0,0
69886555,1491,1704,0,0
69888555,1485,1703,0,0
69890555,1484,1697,0,0
69892555,1487,1709,0,0
69894555,1487,1694,0,0
69896555,1487,1707,0,0
69898555,1487,1705,0,0
69900555,1491,1704,0,0
69902555,1487,1708,0,0
69904555,1487,1702,0,0
69906555,1489,1709,0,0
69908555,1486,1707,0,0
69910555,1489,1702,0,0
69912555,1487,1709,0,0
69914555,1491,1706,0,0
69916555,1485,1705,0,0
69918555,1484,1697,0,0
69920555,1487,1705,0,0
69922555,1487,1697,0,0
69924555,1487,1701,0,0
69926555,1487,1700,0,0
69928555,1486,1704,0,0
69930555,1489,1697,0,0
69932555,1488,1705,0,0
69934555,1489,1706,0,0
69936555,1488,1705,0,0
69938555,1488,1699,0,0
69940555,1487,1701,0,0
69942555,1488,1701,0,0
69944555,1491,1708,0,0
69946555,1489,1713,0,0
69948555,1484,1705,0,0
69950555,1487,1701,0,0
69952555,1489,1709,0,0
69954555,1487,1704,0,0
69956555,1487,1696,0,0
69958555,1489,1702,0,0
69960555,1491,1701,0,0
69962555,1489,1701,0,0
69964555,1495,1708,0,0
69966555,1488,1709,0,0
69968555,1497,1703,0,0
69970555,1492,1696,0,0
69972555,1488,1709,0,0
69974555,1490,1705,0,0
69976555,1496,1702,0,0
69978555,1491,1703,0,0
69980555,1492,1705,0,0
69982555,1487,1699,0,0
69984555,1488,1705,0,0
69986555,1487,1694,0,0
69988555,1489,1705,0,0
69990555,1492,1704,0,0
69992555,1489,1697,0,0
69994555,1487,1705,0,0
69996555,1487,1710,0,0
69998555,1492,1707,0,0
70000555,1487,1705,0,0
70002555,1489,1704,0,0
70004555,1492,1694,0,0
70006555,1489,1709,0,0
70008555,1492,1707,0,0
70010555,1487,1709,0,0
70012555,1487,1707,0,0
70014555,1487,1703,0,0
70016555,1489,1701,0,0
70018555,1491,1707,0,0
70020555,1487,1709,0,0
70022555,1483,1705,0,0
70024555,1492,1703,0,0
70026555,1492,1700,0,0
70028555,1487,1709,0,0
70030555,1487,1705,0,0
70032555,1489,1707,0,0
70034555,1488,1707,0,0
70036555,1487,1701,190,1
70038555,1481,1666,190,1
70040555,1465,1633,190,1
70042555,1459,1604,190,1
70044555,1449,1581,190,1
70046555,1440,1553,190,1
70048555,1434,1525,190,1
70050555,1428,1507,190,1
70052555,1417,1488,190,1
70054555,1415,1461,190,1
70056555,1406,1446,190,1
70058555,1404,1423,190,1
70060555,1398,1404,190,1
70062555,1385,1371,190,0
70064555,1371,1371,190,0
70066555,1371,1360,190,0
70068555,1369,1342,190,0
70070555,1362,1332,190,0
70072555,1359,1328,190,0
70074555,1356,1308,190,0
70076555,1360,1292,190,0
70078555,1353,1288,190,0
70080555,1350,1281,190,0
70082555,1347,1271,190,0
70084555,1346,1259,190,0
70086555,1343,1264,190,0
70088555,1341,1256,190,0
70090555,1342,1252,190,0
70092555,1336,1245,190,0
70094555,1333,1241,190,0
70096555,1336,1231,190,0
70098555,1340,1233,190,0
70100555,1335,1231,190,0
70102555,1334,1227,190,0
70104555,1332,1223,190,0
70106555,1336,1219,190,0
70108555,1332,1215,190,0
70110555,1332,1213,190,0
70112555,1326,1208,190,0
70114555,1324,1205,190,0
70116555,1332,1207,190,0
70118555,1324,1203,190,0
70120555,1326,1205,190,0
70122555,1322,1203,190,0
70124555,1321,1194,190,0
70126555,1321,1197,190,0
70128555,1320,1194,190,0
70130555,1324,1193,190,0
70132555,1318,1191,190,0
70134555,1326,1196,190,0
70136555,1320,1193,190,0
70138555,1316,1203,190,0
70140555,1318,1191,190,0
70142555,1317,1187,190,0
70144555,1320,1185,190,0
70146555,1320,1198,190,0
70148555,1320,1192,190,0
70150555,1313,1188,190,0
70152555,1317,1186,190,0
70154555,1324,1185,190,0
70156555,1321,1194,190,0
70158555,1321,1184,190,0
70160555,1315,1191,190,0
70162555,1316,1180,190,0
70164555,1313,1185,190,0
70166555,1318,1184,190,0
70168555,1320,1188,190,0
70170555,1320,1179,190,0
70172555,1316,1179,190,0
70174555,1319,1182,190,0
70176555,1316,1185,190,0
70178555,1320,1187,190,0
70180555,1322,1182,190,0
70182555,1318,1177,190,0
70184555,1320,1179,190,0
70186555,1320,1179,190,0
70188555,1316,1181,190,0
70190555,1316,1180,190,0
70192555,1320,1182,190,0
70194555,1320,1187,190,0
70196555,1320,1179,190,0
70198555,1318,1183,190,0
70200555,1317,1179,190,0
70202555,1320,1184,190,0
70204555,1320,1182,190,0
70206555,1316,1179,190,0
70208555,1312,1181,190,0
70210555,1316,1185,190,0
70212555,1316,1179,190,0
70214555,1320,1179,190,0
70216555,1313,1178,190,0
70218555,1316,1185,190,0
70220555,1312,1183,190,0
70222555,1320,1187,190,0
70224555,1318,1182,190,0
70226555,1316,1179,190,0
70228555,1313,1186,190,0
70230555,1316,1178,190,0
70232555,1323,1179,190,0
70234555,1316,1180,190,0
70236555,1316,1185,190,0
70238555,1321,1179,190,0
70240555,1320,1179,190,0
70242555,1316,1179,190,0
70244555,1318,1182,190,0
70246555,1313,1191,190,0
70248555,1320,1180,190,0
70250555,1316,1184,190,0
70252555,1319,1179,190,0
70254555,1320,1177,190,0
70256555,1321,1189,190,0
70258555,1319,1180,190,0
70260555,1316,1181,190,0
70262555,1312,1179,190,0
70264555,1312,1180,190,0
70266555,1324,1179,190,0
70268555,1312,1178,190,0
70270555,1318,1185,190,0
70272555,1309,1182,190,0
70274555,1323,1179,190,0
70276555,1322,1183,190,0
70278555,1320,1179,190,0
70280555,1317,1179,190,0
70282555,1316,1180,190,0
70284555,1320,1179,190,0
70286555,1320,1185,0,0
70288555,1333,1223,0,0
70290555,1338,1267,0,0
70292555,1355,1307,0,0
70294555,1371,1333,0,0
70296555,1371,1361,0,0
70298555,1389,1397,0,0
70300555,1404,1431,0,0
70302555,1408,1446,0,0
70304555,1415,1474,0,0
70306555,1424,1486,0,0
70308555,1431,1508,0,0
70310555,1433,1516,0,0
70312555,1440,1542,0,0
70314555,1438,1556,0,0
70316555,1450,1562,0,0
70318555,1448,1581,0,0
70320555,1459,1590,0,0
70322555,1448,1603,0,0
70324555,1457,1612,0,0
70326555,1469,1617,0,0
70328555,1461,1623,0,0
70330555,1462,1633,0,0
70332555,1465,1643,0,0
70334555,1479,1645,0,0
70336555,1477,1663,0,0
70338555,1480,1656,0,0
70340555,1476,1672,0,0
70342555,1480,1673,0,0
70344555,1487,1679,0,0
70346555,1481,1685,0,0
70348555,1485,1687,0,0
70350555,1483,1685,0,0
70352555,1487,1686,0,0
70354555,1484,1691,0,0
70356555,1485,1691,0,0
70358555,1486,1697,0,0
70360555,1487,1694,0,0
70362555,1487,1700,0,0
70364555,1487,1694,0,0
70366555,1487,1703,0,0
70368555,1487,1705,0,0
70370555,1487,1698,0,0
70372555,1487,1694,0,0
70374555,1488,1705,0,0
70376555,1489,1697,0,0
70378555,1487,1706,0,0
70380555,1489,1697,0,0
70382555,1490,1705,0,0
70384555,1492,1697,0,0
70386555,1489,1702,0,0
70388555,1487,1701,0,0
70390555,1489,1697,0,0
70392555,1489,1699,0,0
70394555,1487,1704,0,0
70396555,1489,1704,0,0
70398555,1488,1703,0,0
70400555,1487,1709,0,0
70402555,1487,1711,0,0
70404555,1492,1702,0,0
70406555,1488,1710,0,0
70408555,1488,1702,0,0
70410555,1487,1705,0,0
70412555,1492,1704,0,0
70414555,1487,1706,0,0
70416555,1487,1707,0,0
70418555,1487,1701,0,0
70420555,1486,1701,0,0
70422555,1488,1704,0,0
70424555,1487,1701,0,0
70426555,1488,1705,0,0
70428555,1488,1697,0,0
70430555,1487,1701,0,0
70432555,1488,1696,0,0
70434555,1488,1703,0,0
70436555,1486,1702,0,0
70438555,1488,1704,0,0
70440555,1487,1709,0,0
70442555,1489,1696,0,0
70444555,1487,1701,0,0
70446555,1487,1703,0,0
70448555,1487,1704,0,0
70450555,1487,1701,0,0
70452555,1487,1699,0,0
70454555,1488,1701,0,0
70456555,1488,1707,0,0
70458555,1487,1697,0,0
70460555,1487,1700,0,0
70462555,1487,1700,0,0
70464555,1487,1709,0,0
70466555,1489,1707,0,0
70468555,1488,1703,0,0
70470555,1487,1701,0,0
70472555,1487,1703,0,0
70474555,1487,1704,0,0
70476555,1487,1701,0,0
70478555,1486,1701,0,0
70480555,1492,1705,0,0
70482555,1488,1701,0,0
70484555,1485,1696,0,0
70486555,1496,1705,0,0
70488555,1487,1705,0,0
70490555,1494,1709,0,0
70492555,1493,1705,0,0
70494555,1488,1701,0,0
70496555,1487,1701,0,0
70498555,1491,1704,0,0
70500555,1487,1704,0,0
70502555,1497,1701,0,0
70504555,1491,1703,0,0
70506555,1487,1702,0,0
70508555,1488,1705,0,0
70510555,1489,1705,0,0
70512555,1491,1702,0,0
70514555,1489,1700,0,0
70516555,1492,1706,0,0
70518555,1492,1704,0,0
70520555,1487,1709,0,0
70522555,1489,1705,0,0
70524555,1492,1709,0,0
70526555,1491,1705,0,0
70528555,1489,1705,0,0
70530555,1496,1704,0,0
70532555,1490,1705,0,0
70534555,1487,1705,0,0
70536555,1487,1706,0,0
70538555,1490,1705,0,0
70540555,1487,1705,0,0
70542555,1491,1707,0,0
70544555,1487,1706,0,0
70546555,1492,1702,0,0
70548555,1487,1707,0,0
70550555,1488,1701,0,0
70552555,1500,1707,0,0
70554555,1487,1702,0,0
70556555,1488,1704,0,0
70558555,1487,1706,0,0
70560555,1488,1704,0,0
70562555,1491,1702,0,0
70564555,1487,1706,0,0
70566555,1488,1706,0,0
70568555,1485,1709,0,0
70570555,1489,1701,0,0
70572555,1487,1709,0,0
70574555,1492,1704,0,0
70576555,1484,1705,0,0
70578555,1488,1698,0,0
70580555,1487,1703,0,0
70582555,1488,1704,0,0
70584555,1487,1706,0,0
70586555,1488,1715,0,0
70588555,1488,1705,0,0
70590555,1491,1713,0,0
70592555,1484,1705,0,0
70594555,1489,1701,0,0
70596555,1487,1704,0,0
70598555,1489,1708,0,0
70600555,1489,1706,0,0
70602555,1488,1709,0,0
70604555,1487,1705,0,0
70606555,1488,1704,0,0
70608555,1486,1702,0,0
70610555,1489,1706,0,0
70612555,1488,1705,0,0
70614555,1489,1703,0,0
70616555,1487,1705,0,0
70618555,1487,1700,0,0
70620555,1487,1703,0,0
70622555,1487,1705,0,0
70624555,1488,1702,0,0
70626555,1489,1704,0,0
70628555,1487,1697,0,0
70630555,1488,1703,0,0
70632555,1488,1707,0,0
70634555,1491,1702,0,0
70636555,1487,1703,0,0
70638555,1492,1700,0,0
70640555,1494,1696,0,0
70642555,1500,1705,0,0
70644555,1492,1704,0,0
70646555,1492,1701,0,0
70648555,1488,1705,0,0
70650555,1492,1704,0,0
70652555,1491,1705,0,0
70654555,1489,1699,0,0
70656555,1495,1707,0,0
70658555,1499,1709,0,0
70660555,1486,1696,0,0
70662555,1491,1707,0,0
70664555,1492,1708,0,0
70666555,1491,1707,0,0
70668555,1491,1704,0,0
70670555,1492,1704,0,0
70672555,1491,1699,0,0
70674555,1497,1705,0,0
70676555,1492,1705,0,0
70678555,1496,1705,0,0
70680555,1496,1707,0,0
70682555,1501,1706,0,0
70684555,1495,1703,0,0
70686555,1491,1700,0,0
70688555,1496,1705,0,0
70690555,1500,1702,0,0
70692555,1491,1707,0,0
70694555,1488,1703,0,0
70696555,1499,1696,0,0
70698555,1487,1697,0,0
70700555,1492,1701,0,0
70702555,1496,1705,0,0
70704555,1496,1706,0,0
70706555,1496,1709,0,0
70708555,1495,1706,0,0
70710555,1496,1712,0,0
70712555,1510,1709,0,0
70714555,1508,1702,0,0
70716555,1504,1705,0,0
70718555,1495,1709,0,0
70720555,1490,1701,0,0
70722555,1499,1706,0,0
70724555,1494,1703,0,0
70726555,1494,1702,0,0
70728555,1499,1700,0,0
70730555,1491,1705,0,0
70732555,1497,1702,0,0
70734555,1490,1703,0,0
70736555,1496,1701,0,0
70738555,1498,1704,0,0
70740555,1492,1699,0,0
70742555,1492,1701,0,0
70744555,1495,1704,0,0
70746555,1489,1697,0,0
70748555,1498,1704,0,0
70750555,1488,1705,0,0
70752555,1489,1701,0,0
70754555,1487,1704,0,0
70756555,1492,1704,0,0
70758555,1496,1697,0,0
70760555,1492,1704,0,0
70762555,1489,1703,0,0
70764555,1487,1707,0,0
70766555,1497,1700,0,0
70768555,1495,1701,0,0
70770555,1496,1703,0,0
70772555,1489,1701,0,0
70774555,1488,1705,0,0
70776555,1492,1710,0,0
70778555,1486,1708,0,0
70780555,1487,1705,0,0
70782555,1492,1708,0,0
70784555,1495,1709,0,0
70786555,1489,1705,0,0
70788555,1492,1705,0,0
70790555,1492,1703,0,0
70792555,1497,1705,0,0
70794555,1492,1703,0,0
70796555,1491,1704,0,0
70798555,1488,1709,0,0
70800555,1492,1701,0,0
70802555,1495,1710,0,0
70804555,1498,1709,0,0
70806555,1489,1703,0,0
70808555,1489,1705,0,0
70810555,1489,1702,0,0
70812555,1495,1703,0,0
70814555,1487,1705,0,0
70816555,1497,1701,0,0
70818555,1489,1703,0,0
70820555,1488,1705,0,0
70822555,1497,1704,0,0
70824555,1488,1715,0,0
70826555,1490,1701,0,0
70828555,1496,1701,0,0
70830555,1492,1704,0,0
70832555,1492,1709,0,0
70834555,1492,1701,0,0
70836555,1492,1715,0,0
70838555,1494,1697,0,0
70840555,1498,1699,0,0
70842555,1491,1707,0,0
70844555,1508,1703,0,0
70846555,1509,1704,0,0
70848555,1511,1701,0,0
70850555,1512,1701,0,0
70852555,1513,1709,0,0
70854555,1513,1706,0,0
70856555,1521,1702,0,0
70858555,1515,1692,0,0
70860555,1521,1704,0,0
70862555,1515,1700,0,0
70864555,1527,1702,0,0
70866555,1523,1701,0,0
70868555,1515,1706,0,0
70870555,1528,1715,0,0
70872555,1524,1704,0,0
70874555,1524,1708,0,0
70876555,1520,1697,0,0
70878555,1522,1704,0,0
70880555,1522,1706,0,0
70882555,1524,1707,0,0
70884555,1525,1707,0,0
70886555,1527,1716,0,0
70888555,1525,1697,0,0
70890555,1524,1704,0,0
70892555,1528,1697,0,0
70894555,1525,1703,0,0
70896555,1527,1705,0,0
70898555,1523,1707,0,0
70900555,1525,1701,0,0
70902555,1528,1701,0,0
70904555,1526,1700,0,0
70906555,1527,1709,0,0
70908555,1525,1697,0,0
70910555,1528,1702,0,0
70912555,1527,1693,0,0
70914555,1526,1702,0,0
70916555,1526,1701,0,0
70918555,1528,1704,0,0
70920555,1528,1705,0,0
70922555,1530,1701,0,0
70924555,1528,1703,0,0
70926555,1522,1703,0,0
70928555,1528,1705,0,0
70930555,1531,1700,0,0
70932555,1528,1696,0,0
70934555,1526,1705,0,0
70936555,1529,1703,0,0
70938555,1524,1700,0,0
70940555,1523,1705,0,0
70942555,1530,1707,0,0
70944555,1532,1707,0,0
70946555,1526,1703,0,0
70948555,1528,1704,0,0
70950555,1527,1706,0,0
70952555,1530,1701,0,0
70954555,1531,1701,0,0
70956555,1528,1706,0,0
70958555,1524,1699,0,0
70960555,1533,1709,0,0
70962555,1527,1702,0,0
70964555,1528,1709,0,0
70966555,1528,1710,0,0
70968555,1524,1704,0,0
70970555,1531,1704,0,0
70972555,1529,1702,0,0
70974555,1531,1700,0,0
70976555,1530,1703,0,0
70978555,1531,1701,0,0
70980555,1531,1702,0,0
70982555,1533,1702,0,0
70984555,1533,1693,0,0
70986555,1527,1704,0,0
70988555,1528,1709,0,0
70990555,1528,1704,0,0
70992555,1536,1697,0,0
70994555,1528,1716,0,0
70996555,1530,1708,0,0
70998555,1536,1701,0,0
71000555,1529,1697,0,0
71002555,1528,1702,0,0
71004555,1532,1706,0,0
71006555,1527,1713,0,0
71008555,1530,1704,0,0
71010555,1528,1705,0,0
71012555,1528,1702,0,0
71014555,1532,1704,0,0
71016555,1527,1701,0,0
71018555,1530,1701,0,0
71020555,1528,1704,0,0
71022555,1527,1701,0,0
71024555,1526,1701,0,0
71026555,1524,1701,0,0
71028555,1529,1704,0,0
71030555,1528,1701,0,0
71032555,1529,1705,0,0
71034555,1533,1701,0,0
71036555,1529,1697,0,0
71038555,1524,1697,0,0
71040555,1530,1707,0,0
71042555,1535,1704,0,0
71044555,1527,1701,0,0
71046555,1531,1705,0,0
71048555,1532,1697,0,0
71050555,1531,1701,0,0
71052555,1532,1705,0,0
71054555,1531,1705,0,0
71056555,1533,1700,0,0
71058555,1530,1709,0,0
71060555,1529,1705,0,0
71062555,1535,1703,0,0
71064555,1528,1701,0,0
71066555,1528,1705,0,0
71068555,1535,1705,0,0
71070555,1535,1705,0,0
71072555,1531,1701,0,0
71074555,1531,1706,0,0
71076555,1528,1706,0,0
71078555,1531,1704,0,0
71080555,1529,1705,0,0
71082555,1529,1697,0,0
71084555,1526,1694,0,0
71086555,1533,1706,190,1
71088555,1521,1669,190,1
71090555,1512,1635,190,1
71092555,1501,1606,190,1
71094555,1491,1589,190,1
71096555,1484,1559,190,1
71098555,1473,1529,190,1
71100555,1462,1504,190,1
71102555,1457,1476,190,1
71104555,1449,1460,190,1
71106555,1443,1440,190,1
71108555,1436,1424,190,1
71110555,1426,1410,190,1
71112555,1419,1385,190,0
71114555,1422,1368,190,0
71116555,1416,1352,190,0
71118555,1412,1339,190,0
71120555,1408,1331,190,0
71122555,1401,1312,190,0
71124555,1398,1308,190,0
71126555,1396,1293,190,0
71128555,1386,1292,190,0
71130555,1387,1282,190,0
71132555,1392,1272,190,0
71134555,1386,1264,190,0
71136555,1371,1256,190,0
71138555,1371,1259,190,0
71140555,1371,1249,190,0
71142555,1371,1247,190,0
71144555,1371,1234,190,0
71146555,1371,1231,190,0
71148555,1370,1231,190,0
71150555,1368,1236,190,0
71152555,1366,1230,190,0
71154555,1363,1220,190,0
71156555,1359,1218,190,0
71158555,1360,1213,190,0
71160555,1363,1214,190,0
71162555,1356,1209,190,0
71164555,1360,1213,190,0
71166555,1359,1207,190,0
71168555,1359,1205,190,0
71170555,1358,1209,190,0
71172555,1364,1203,190,0
71174555,1351,1203,190,0
71176555,1356,1197,190,0
71178555,1358,1200,190,0
71180555,1358,1197,190,0
71182555,1356,1199,190,0
71184555,1353,1195,190,0
71186555,1351,1198,190,0
71188555,1355,1191,190,0
71190555,1353,1195,190,0
71192555,1355,1195,190,0
71194555,1348,1183,190,0
71196555,1354,1184,190,0
71198555,1350,1195,190,0
71200555,1355,1188,190,0
71202555,1354,1183,190,0
71204555,1348,1188,190,0
71206555,1356,1187,190,0
71208555,1347,1183,190,0
71210555,1354,1199,190,0
71212555,1350,1182,190,0
71214555,1351,1187,190,0
71216555,1348,1179,190,0
71218555,1354,1179,190,0
71220555,1349,1183,190,0
71222555,1344,1185,190,0
71224555,1354,1181,190,0
71226555,1346,1187,190,0
71228555,1352,1181,190,0
71230555,1352,1183,190,0
71232555,1348,1181,190,0
71234555,1352,1181,190,0
71236555,1347,1179,190,0
71238555,1348,1184,190,0
71240555,1351,1188,190,0
71242555,1355,1184,190,0
71244555,1352,1179,190,0
71246555,1352,1182,190,0
71248555,1352,1182,190,0
71250555,1350,1185,190,0
71252555,1347,1183,190,0
71254555,1353,1186,190,0
71256555,1359,1181,190,0
71258555,1348,1181,190,0
71260555,1356,1181,190,0
71262555,1349,1182,190,0
71264555,1350,1184,190,0
71266555,1358,1179,190,0
71268555,1347,1190,190,0
71270555,1351,1179,190,0
71272555,1352,1177,190,0
71274555,1346,1182,190,0
71276555,1346,1182,190,0
71278555,1352,1180,190,0
71280555,1353,1179,190,0
71282555,1348,1182,190,0
71284555,1351,1181,190,0
71286555,1356,1183,190,0
71288555,1348,1179,190,0
71290555,1349,1179,190,0
71292555,1348,1178,190,0
71294555,1350,1179,190,0
71296555,1351,1181,190,0
71298555,1349,1181,190,0
71300555,1351,1183,190,0
71302555,1350,1182,190,0
71304555,1352,1183,190,0
71306555,1352,1187,190,0
71308555,1350,1187,190,0
71310555,1352,1180,190,0
71312555,1349,1181,190,0
71314555,1355,1181,190,0
71316555,1352,1185,190,0
71318555,1353,1182,190,0
71320555,1351,1184,190,0
71322555,1343,1179,190,0
71324555,1351,1184,190,0
71326555,1354,1179,190,0
71328555,1355,1179,190,0
71330555,1353,1175,190,0
71332555,1355,1179,190,0
71334555,1354,1180,190,0
71336555,1355,1179,0,0
71338555,1360,1227,0,0
71340555,1371,1264,0,0
71342555,1395,1304,0,0
71344555,1409,1339,0,0
71346555,1419,1360,0,0
71348555,1428,1394,0,0
71350555,1437,1424,0,0
71352555,1448,1456,0,0
71354555,1452,1472,0,0
71356555,1459,1487,0,0
71358555,1462,1505,0,0
71360555,1469,1520,0,0
71362555,1479,1539,0,0
71364555,1476,1550,0,0
71366555,1484,1565,0,0
71368555,1487,1578,0,0
71370555,1491,1587,0,0
71372555,1497,1591,0,0
71374555,1502,1614,0,0
71376555,1508,1613,0,0
71378555,1501,1623,0,0
71380555,1508,1637,0,0
71382555,1510,1641,0,0
71384555,1512,1649,0,0
71386555,1516,1653,0,0
71388555,1515,1663,0,0
71390555,1515,1661,0,0
71392555,1522,1669,0,0
71394555,1526,1675,0,0
71396555,1524,1679,0,0
71398555,1526,1681,0,0
71400555,1524,1692,0,0
71402555,1524,1690,0,0
71404555,1525,1692,0,0
71406555,1527,1693,0,0
71408555,1533,1696,0,0
71410555,1524,1697,0,0
71412555,1532,1697,0,0
71414555,1526,1700,0,0
71416555,1531,1703,0,0
71418555,1532,1694,0,0
71420555,1533,1696,0,0
71422555,1531,1699,0,0
71424555,1528,1702,0,0
71426555,1528,1708,0,0
71428555,1536,1702,0,0
71430555,1529,1704,0,0
71432555,1531,1701,0,0
71434555,1530,1693,0,0
71436555,1528,1704,0,0
71438555,1535,1701,0,0
71440555,1534,1704,0,0
71442555,1533,1703,0,0
71444555,1532,1702,0,0
71446555,1534,1707,0,0
71448555,1526,1697,0,0
71450555,1527,1697,0,0
71452555,1530,1697,0,0
71454555,1534,1693,0,0
71456555,1532,1705,0,0
71458555,1528,1702,0,0
71460555,1536,1705,0,0
71462555,1530,1704,0,0
71464555,1529,1692,0,0
71466555,1533,1707,0,0
71468555,1534,1709,0,0
71470555,1530,1705,0,0
71472555,1528,1700,0,0
71474555,1529,1700,0,0
71476555,1532,1701,0,0
71478555,1529,1707,0,0
71480555,1530,1707,0,0
71482555,1529,1704,0,0
71484555,1529,1701,0,0
71486555,1529,1703,0,0
71488555,1526,1703,0,0
71490555,1533,1704,0,0
71492555,1530,1697,0,0
71494555,1530,1705,0,0
71496555,1532,1705,0,0
71498555,1532,1703,0,0
71500555,1531,1707,0,0
71502555,1534,1704,0,0
71504555,1531,1703,0,0
71506555,1533,1712,0,0
71508555,1534,1704,0,0
71510555,1526,1703,0,0
71512555,1531,1701,0,0
71514555,1529,1697,0,0
71516555,1531,1705,0,0
71518555,1527,1705,0,0
71520555,1529,1709,0,0
71522555,1532,1701,0,0
71524555,1530,1703,0,0
71526555,1532,1705,0,0
71528555,1530,1702,0,0
71530555,1536,1702,0,0
71532555,1536,1705,0,0
71534555,1531,1701,0,0
71536555,1528,1702,0,0
71538555,1531,1702,0,0
71540555,1531,1705,0,0
71542555,1532,1704,0,0
71544555,1529,1701,0,0
71546555,1532,1699,0,0
71548555,1528,1701,0,0
71550555,1528,1702,0,0
71552555,1536,1709,0,0
71554555,1532,1701,0,0
71556555,1529,1701,0,0
71558555,1527,1701,0,0
71560555,1528,1701,0,0
71562555,1530,1704,0,0
71564555,1536,1708,0,0
71566555,1535,1699,0,0
71568555,1529,1703,0,0
71570555,1530,1704,0,0
71572555,1533,1699,0,0
71574555,1533,1710,0,0
71576555,1525,1702,0,0
71578555,1530,1704,0,0
71580555,1532,1697,0,0
71582555,1533,1705,0,0
71584555,1533,1703,0,0
71586555,1534,1701,0,0
71588555,1533,1697,0,0
71590555,1527,1705,0,0
71592555,1530,1705,0,0
71594555,1531,1709,0,0
71596555,1533,1704,0,0
71598555,1531,1704,0,0
71600555,1529,1705,0,0
71602555,1533,1709,0,0
71604555,1526,1697,0,0
71606555,1527,1705,0,0
71608555,1530,1699,0,0
71610555,1536,1707,0,0
71612555,1529,1704,0,0
71614555,1528,1707,0,0
71616555,1528,1704,0,0
71618555,1534,1704,0,0
71620555,1529,1701,0,0
71622555,1536,1699,0,0
71624555,1533,1704,0,0
71626555,1528,1709,0,0
71628555,1529,1699,0,0
71630555,1529,1710,0,0
71632555,1530,1701,0,0
71634555,1529,1709,0,0
71636555,1530,1703,0,0
71638555,1530,1707,0,0
71640555,1530,1700,0,0
71642555,1527,1704,0,0
71644555,1526,1701,0,0
71646555,1532,1705,0,0
71648555,1535,1705,0,0
71650555,1524,1700,0,0
71652555,1528,1707,0,0
71654555,1530,1705,0,0
71656555,1527,1707,0,0
71658555,1528,1707,0,0
71660555,1529,1707,0,0
71662555,1533,1708,0,0
71664555,1531,1706,0,0
71666555,1529,1705,0,0
71668555,1530,1705,0,0
71670555,1530,1707,0,0
71672555,1531,1709,0,0
71674555,1530,1697,0,0
71676555,1532,1709,0,0
71678555,1531,1706,0,0
71680555,1529,1701,0,0
71682555,1525,1697,0,0
71684555,1533,1707,0,0
71686555,1530,1704,0,0
71688555,1530,1705,0,0
71690555,1531,1704,0,0
71692555,1538,1715,0,0
71694555,1529,1695,0,0
71696555,1528,1705,0,0
71698555,1533,1706,0,0
71700555,1536,1697,0,0
71702555,1527,1702,0,0
71704555,1526,1704,0,0
71706555,1536,1701,0,0
71708555,1536,1699,0,0
71710555,1531,1700,0,0
71712555,1529,1705,0,0
71714555,1530,1706,0,0
71716555,1529,1704,0,0
71718555,1528,1708,0,0
71720555,1528,1706,0,0
71722555,1532,1704,0,0
71724555,1529,1706,0,0
71726555,1532,1697,0,0
71728555,1534,1705,0,0
71730555,1526,1707,0,0
71732555,1533,1704,0,0
71734555,1528,1703,0,0
71736555,1533,1702,0,0
71738555,1528,1705,0,0
71740555,1529,1704,0,0
71742555,1530,1706,0,0
71744555,1534,1704,0,0
71746555,1530,1702,0,0
71748555,1531,1710,0,0
71750555,1530,1705,0,0
71752555,1533,1701,0,0
71754555,1531,1701,0,0
71756555,1536,1696,0,0
71758555,1531,1705,0,0
71760555,1532,1702,0,0
71762555,1528,1710,0,0
71764555,1535,1705,0,0
71766555,1528,1709,0,0
71768555,1530,1709,0,0
71770555,1530,1704,0,0
71772555,1529,1702,0,0
71774555,1533,1707,0,0
71776555,1528,1705,0,0
71778555,1528,1699,0,0
71780555,1527,1707,0,0
71782555,1528,1705,0,0
71784555,1528,1713,0,0
71786555,1536,1705,0,0
71788555,1528,1703,0,0
71790555,1530,1697,0,0
71792555,1525,1707,0,0
71794555,1525,1707,0,0
71796555,1530,1706,0,0
71798555,1526,1704,0,0
71800555,1531,1701,0,0
71802555,1529,1706,0,0
71804555,1525,1704,0,0
71806555,1525,1705,0,0
71808555,1529,1702,0,0
71810555,1529,1700,0,0
71812555,1528,1701,0,0
71814555,1530,1702,0,0
71816555,1534,1701,0,0
71818555,1533,1710,0,0
71820555,1525,1706,0,0
71822555,1527,1705,0,0
71824555,1531,1709,0,0
71826555,1531,1702,0,0
71828555,1529,1709,0,0
71830555,1534,1701,0,0
71832555,1526,1697,0,0
71834555,1531,1697,0,0
71836555,1534,1704,0,0
71838555,1526,1699,0,0
71840555,1528,1707,0,0
71842555,1528,1705,0,0
71844555,1525,1709,0,0
71846555,1534,1709,0,0
71848555,1530,1697,0,0
71850555,1529,1701,0,0
71852555,1534,1702,0,0
71854555,1533,1701,0,0
71856555,1528,1704,0,0
71858555,1534,1702,0,0
71860555,1529,1708,0,0
71862555,1529,1704,0,0
71864555,1529,1709,0,0
71866555,1528,1702,0,0
71868555,1527,1705,0,0
71870555,1527,1700,0,0
71872555,1528,1701,0,0
71874555,1531,1700,0,0
71876555,1529,1701,0,0
71878555,1521,1705,0,0
71880555,1526,1715,0,0
71882555,1525,1707,0,0
71884555,1535,1713,0,0
71886555,1530,1702,0,0
71888555,1526,1705,0,0
71890555,1528,1708,0,0
71892555,1528,1694,0,0
71894555,1532,1697,0,0
71896555,1526,1705,0,0
71898555,1530,1704,0,0
71900555,1527,1703,0,0
71902555,1527,1707,0,0
71904555,1531,1706,0,0
71906555,1531,1702,0,0
71908555,1533,1704,0,0
71910555,1530,1697,0,0
71912555,1526,1708,0,0
71914555,1531,1703,0,0
71916555,1534,1704,0,0
71918555,1533,1704,0,0
71920555,1528,1707,0,0
71922555,1527,1704,0,0
71924555,1531,1709,0,0
71926555,1530,1704,0,0
71928555,1529,1708,0,0
71930555,1529,1699,0,0
71932555,1529,1713,0,0
71934555,1527,1704,0,0
71936555,1530,1705,0,0
71938555,1531,1705,0,0
71940555,1533,1704,0,0
71942555,1525,1706,0,0
71944555,1528,1697,0,0
71946555,1530,1700,0,0
71948555,1534,1702,0,0
71950555,1524,1697,0,0
71952555,1528,1703,0,0
71954555,1531,1705,0,0
71956555,1528,1696,0,0
71958555,1526,1704,0,0
71960555,1531,1703,0,0
71962555,1530,1707,0,0
71964555,1529,1707,0,0
71966555,1522,1713,0,0
71968555,1531,1701,0,0
71970555,1528,1707,0,0
71972555,1531,1692,0,0
71974555,1528,1702,0,0
71976555,1527,1701,0,0
71978555,1528,1709,0,0
71980555,1528,1701,0,0
71982555,1530,1709,0,0
71984555,1531,1702,0,0
71986555,1527,1708,0,0
71988555,1528,1705,0,0
71990555,1530,1704,0,0
71992555,1524,1705,0,0
71994555,1529,1704,0,0
71996555,1526,1704,0,0
71998555,1526,1704,0,0
72000555,1530,1712,0,0
72002555,1531,1701,0,0
72004555,1533,1705,0,0
72006555,1528,1700,0,0
72008555,1528,1697,0,0
72010555,1528,1705,0,0
72012555,1523,1701,0,0
72014555,1529,1706,0,0
72016555,1525,1708,0,0
72018555,1530,1701,0,0
72020555,1525,1701,0,0
72022555,1525,1703,0,0
72024555,1533,1708,0,0
72026555,1526,1709,0,0
72028555,1527,1697,0,0
72030555,1528,1704,0,0
72032555,1530,1706,0,0
72034555,1528,1705,0,0
72036555,1528,1695,0,0
72038555,1529,1700,0,0
72040555,1529,1701,0,0
72042555,1528,1702,0,0
72044555,1528,1700,0,0
72046555,1525,1703,0,0
72048555,1528,1706,0,0
72050555,1536,1703,0,0
72052555,1526,1706,0,0
72054555,1532,1701,0,0
72056555,1537,1702,0,0
72058555,1526,1704,0,0
72060555,1523,1703,0,0
72062555,1528,1702,0,0
72064555,1530,1703,0,0
72066555,1525,1697,0,0
72068555,1525,1710,0,0
72070555,1524,1704,0,0
72072555,1527,1708,0,0
72074555,1534,1703,0,0
72076555,1533,1704,0,0
72078555,1525,1703,0,0
72080555,1531,1704,0,0
72082555,1528,1704,0,0
72084555,1529,1707,0,0
72086555,1533,1705,0,0
72088555,1528,1703,0,0
72090555,1531,1704,0,0
72092555,1524,1706,0,0
72094555,1534,1705,0,0
72096555,1532,1703,0,0
72098555,1528,1703,0,0
72100555,1524,1704,0,0
72102555,1527,1706,0,0
72104555,1528,1706,0,0
72106555,1528,1703,0,0
72108555,1532,1703,0,0
72110555,1529,1699,0,0
72112555,1531,1699,0,0
72114555,1524,1704,0,0
72116555,1531,1700,0,0
72118555,1528,1700,0,0
72120555,1528,1705,0,0
72122555,1524,1709,0,0
72124555,1531,1709,0,0
72126555,1526,1704,0,0
72128555,1526,1704,0,0
72130555,1525,1699,0,0
72132555,1528,1709,0,0
72134555,1526,1701,0,0
72136555,1524,1704,190,1
72138555,1513,1675,190,1
72140555,1504,1633,190,1
72142555,1497,1608,190,1
72144555,1483,1578,190,1
72146555,1482,1558,190,1
72148555,1469,1529,190,1
72150555,1460,1508,190,1
72152555,1448,1481,190,1
72154555,1450,1458,190,1
72156555,1434,1441,190,1
72158555,1431,1419,190,1
72160555,1424,1407,190,1
72162555,1420,1385,190,0
72164555,1413,1371,190,0
72166555,1412,1360,190,0
72168555,1408,1338,190,0
72170555,1406,1333,190,0
72172555,1398,1322,190,0
72174555,1396,1308,190,0
72176555,1390,1302,190,0
72178555,1371,1284,190,0
72180555,1390,1288,190,0
72182555,1371,1276,190,0
72184555,1371,1269,190,0
72186555,1371,1258,190,0
72188555,1368,1256,190,0
72190555,1369,1244,190,0
72192555,1371,1247,190,0
72194555,1364,1239,190,0
72196555,1368,1232,190,0
72198555,1368,1231,190,0
72200555,1361,1231,190,0
72202555,1366,1223,190,0
72204555,1363,1225,190,0
72206555,1358,1213,190,0
72208555,1358,1219,190,0
72210555,1356,1218,190,0
72212555,1356,1216,190,0
72214555,1357,1212,190,0
72216555,1356,1207,190,0
72218555,1356,1209,190,0
72220555,1359,1205,190,0
72222555,1352,1205,190,0
72224555,1358,1205,190,0
72226555,1349,1193,190,0
72228555,1350,1201,190,0
72230555,1352,1201,190,0
72232555,1354,1195,190,0
72234555,1348,1198,190,0
72236555,1354,1185,190,0
72238555,1355,1197,190,0
72240555,1348,1197,190,0
72242555,1351,1191,190,0
72244555,1351,1187,190,0
72246555,1350,1187,190,0
72248555,1355,1194,190,0
72250555,1348,1193,190,0
72252555,1348,1190,190,0
72254555,1351,1185,190,0
72256555,1346,1188,190,0
72258555,1346,1185,190,0
72260555,1344,1180,190,0
72262555,1352,1182,190,0
72264555,1345,1182,190,0
72266555,1351,1180,190,0
72268555,1341,1197,190,0
72270555,1350,1184,190,0
72272555,1347,1181,190,0
72274555,1348,1182,190,0
72276555,1345,1179,190,0
72278555,1349,1187,190,0
72280555,1349,1190,190,0
72282555,1347,1185,190,0
72284555,1346,1185,190,0
72286555,1346,1181,190,0
72288555,1348,1182,190,0
72290555,1347,1183,190,0
72292555,1347,1182,190,0
72294555,1345,1179,190,0
72296555,1342,1179,190,0
72298555,1351,1179,190,0
72300555,1350,1179,190,0
72302555,1345,1181,190,0
72304555,1345,1187,190,0
72306555,1350,1185,190,0
72308555,1345,1182,190,0
72310555,1347,1182,190,0
72312555,1346,1180,190,0
72314555,1356,1179,190,0
72316555,1348,1180,190,0
72318555,1346,1184,190,0
72320555,1344,1180,190,0
72322555,1346,1188,190,0
72324555,1344,1179,190,0
72326555,1342,1179,190,0
72328555,1346,1187,190,0
72330555,1349,1181,190,0
72332555,1339,1178,190,0
72334555,1349,1183,190,0
72336555,1344,1181,190,0
72338555,1345,1187,190,0
72340555,1344,1179,190,0
72342555,1337,1180,190,0
72344555,1345,1182,190,0
72346555,1345,1179,190,0
72348555,1348,1182,190,0
72350555,1343,1180,190,0
72352555,1345,1179,190,0
72354555,1344,1182,190,0
72356555,1344,1179,190,0
72358555,1347,1179,190,0
72360555,1344,1183,190,0
72362555,1342,1179,190,0
72364555,1345,1185,190,0
72366555,1345,1188,190,0
72368555,1348,1179,190,0
72370555,1346,1179,190,0
72372555,1347,1179,190,0
72374555,1348,1179,190,0
72376555,1345,1179,190,0
72378555,1346,1179,190,0
72380555,1346,1182,190,0
72382555,1342,1181,190,0
72384555,1344,1188,190,0
72386555,1345,1180,0,0
72388555,1358,1222,0,0
72390555,1371,1265,0,0
72392555,1386,1304,0,0
72394555,1402,1337,0,0
72396555,1410,1364,0,0
72398555,1420,1398,0,0
72400555,1428,1426,0,0
72402555,1436,1451,0,0
72404555,1447,1474,0,0
72406555,1453,1487,0,0
72408555,1459,1507,0,0
72410555,1461,1520,0,0
72412555,1472,1538,0,0
72414555,1473,1555,0,0
72416555,1473,1566,0,0
72418555,1482,1577,0,0
72420555,1484,1589,0,0
72422555,1487,1600,0,0
72424555,1488,1613,0,0
72426555,1496,1621,0,0
72428555,1500,1629,0,0
72430555,1500,1639,0,0
72432555,1500,1649,0,0
72434555,1502,1649,0,0
72436555,1505,1646,0,0
72438555,1512,1665,0,0
72440555,1509,1666,0,0
72442555,1508,1678,0,0
72444555,1505,1677,0,0
72446555,1512,1674,0,0
72448555,1512,1681,0,0
72450555,1515,1686,0,0
72452555,1510,1693,0,0
72454555,1512,1693,0,0
72456555,1513,1704,0,0
72458555,1512,1693,0,0
72460555,1513,1696,0,0
72462555,1510,1696,0,0
72464555,1513,1701,0,0
72466555,1515,1701,0,0
72468555,1516,1701,0,0
72470555,1512,1699,0,0
72472555,1512,1700,0,0
72474555,1512,1704,0,0
72476555,1513,1697,0,0
72478555,1516,1702,0,0
72480555,1517,1700,0,0
72482555,1517,1704,0,0
72484555,1514,1694,0,0
72486555,1516,1705,0,0
72488555,1514,1694,0,0
72490555,1514,1701,0,0
72492555,1516,1708,0,0
72494555,1512,1709,0,0
72496555,1512,1700,0,0
72498555,1512,1705,0,0
72500555,1504,1706,0,0
72502555,1512,1701,0,0
72504555,1512,1704,0,0
72506555,1505,1708,0,0
72508555,1508,1707,0,0
72510555,1505,1702,0,0
72512555,1497,1697,0,0
72514555,1489,1699,0,0
72516555,1470,1705,0,0
72518555,1473,1704,0,0
72520555,1465,1697,0,0
72522555,1475,1708,0,0
72524555,1467,1709,0,0
72526555,1475,1702,0,0
72528555,1474,1706,0,0
72530555,1473,1707,0,0
72532555,1474,1704,0,0
72534555,1474,1704,0,0
72536555,1474,1705,0,0
72538555,1478,1710,0,0
72540555,1483,1703,0,0
72542555,1476,1705,0,0
72544555,1484,1697,0,0
72546555,1479,1705,0,0
72548555,1476,1709,0,0
72550555,1478,1702,0,0
72552555,1475,1702,0,0
72554555,1480,1703,0,0
72556555,1476,1707,0,0
72558555,1479,1701,0,0
72560555,1479,1702,0,0
72562555,1474,1705,0,0
72564555,1475,1702,0,0
72566555,1482,1712,0,0
72568555,1476,1705,0,0
72570555,1482,1700,0,0
72572555,1469,1697,0,0
72574555,1484,1705,0,0
72576555,1474,1705,0,0
72578555,1476,1707,0,0
72580555,1476,1700,0,0
72582555,1478,1706,0,0
72584555,1473,1703,0,0
72586555,1479,1708,0,0
72588555,1476,1705,0,0
72590555,1475,1707,0,0
72592555,1472,1704,0,0
72594555,1474,1705,0,0
72596555,1476,1705,0,0
72598555,1468,1704,0,0
72600555,1470,1708,0,0
72602555,1473,1703,0,0
72604555,1476,1701,0,0
72606555,1473,1708,0,0
72608555,1475,1708,0,0
72610555,1477,1694,0,0
72612555,1487,1704,0,0
72614555,1470,1703,0,0
72616555,1480,1704,0,0
72618555,1476,1707,0,0
72620555,1475,1707,0,0
72622555,1481,1707,0,0
72624555,1487,1702,0,0
72626555,1476,1702,0,0
72628555,1474,1699,0,0
72630555,1470,1703,0,0
72632555,1480,1699,0,0
72634555,1477,1697,0,0
72636555,1476,1702,0,0
72638555,1481,1708,0,0
72640555,1474,1701,0,0
72642555,1481,1709,0,0
72644555,1474,1700,0,0
72646555,1474,1700,0,0
72648555,1482,1700,0,0
72650555,1479,1709,0,0
72652555,1476,1711,0,0
72654555,1477,1709,0,0
72656555,1481,1706,0,0
72658555,1476,1707,0,0
72660555,1475,1696,0,0
72662555,1481,1701,0,0
72664555,1480,1700,0,0
72666555,1476,1699,0,0
72668555,1472,1700,0,0
72670555,1476,1700,0,0
72672555,1483,1704,0,0
72674555,1474,1705,0,0
72676555,1478,1705,0,0
72678555,1478,1702,0,0
72680555,1476,1706,0,0
72682555,1478,1697,0,0
72684555,1484,1710,0,0
72686555,1492,1707,0,0
72688555,1487,1697,0,0
72690555,1479,1709,0,0
72692555,1488,1707,0,0
72694555,1492,1707,0,0
72696555,1499,1702,0,0
72698555,1492,1697,0,0
72700555,1489,1705,0,0
72702555,1486,1705,0,0
72704555,1498,1704,0,0
72706555,1489,1697,0,0
72708555,1492,1709,0,0
72710555,1492,1705,0,0
72712555,1487,1705,0,0
72714555,1489,1697,0,0
72716555,1494,1702,0,0
72718555,1489,1701,0,0
72720555,1496,1707,0,0
72722555,1500,1697,0,0
72724555,1490,1706,0,0
72726555,1499,1707,0,0
72728555,1492,1705,0,0
72730555,1488,1700,0,0
72732555,1496,1703,0,0
72734555,1493,1701,0,0
72736555,1496,1699,0,0
72738555,1486,1705,0,0
72740555,1494,1705,0,0
72742555,1488,1706,0,0
72744555,1500,1712,0,0
72746555,1494,1703,0,0
72748555,1489,1704,0,0
72750555,1489,1704,0,0
72752555,1486,1712,0,0
72754555,1488,1703,0,0
72756555,1487,1705,0,0
72758555,1487,1704,0,0
72760555,1492,1706,0,0
72762555,1487,1701,0,0
72764555,1492,1706,0,0
72766555,1498,1697,0,0
72768555,1499,1709,0,0
72770555,1492,1704,0,0
72772555,1499,1706,0,0
72774555,1497,1710,0,0
72776555,1496,1705,0,0
72778555,1492,1709,0,0
72780555,1497,1701,0,0
72782555,1492,1705,0,0
72784555,1492,1705,0,0
72786555,1498,1705,0,0
72788555,1492,1704,0,0
72790555,1503,1698,0,0
72792555,1491,1704,0,0
72794555,1492,1709,0,0
72796555,1500,1707,0,0
72798555,1487,1703,0,0
72800555,1487,1709,0,0
72802555,1504,1699,0,0
72804555,1511,1709,0,0
72806555,1512,1704,0,0
72808555,1515,1693,0,0
72810555,1514,1705,0,0
72812555,1516,1705,0,0
72814555,1516,1700,0,0
72816555,1520,1707,0,0
72818555,1520,1703,0,0
72820555,1521,1703,0,0
72822555,1516,1705,0,0
72824555,1518,1700,0,0
72826555,1524,1702,0,0
72828555,1524,1702,0,0
72830555,1522,1709,0,0
72832555,1518,1704,0,0
72834555,1525,1703,0,0
72836555,1525,1701,0,0
72838555,1520,1700,0,0
72840555,1521,1707,0,0
72842555,1527,1705,0,0
72844555,1520,1708,0,0
72846555,1526,1700,0,0
72848555,1516,1706,0,0
72850555,1525,1701,0,0
72852555,1516,1706,0,0
72854555,1524,1701,0,0
72856555,1525,1707,0,0
72858555,1527,1702,0,0
72860555,1523,1705,0,0
72862555,1529,1707,0,0
72864555,1524,1693,0,0
72866555,1521,1709,0,0
72868555,1520,1700,0,0
72870555,1525,1707,0,0
72872555,1524,1703,0,0
72874555,1525,1702,0,0
72876555,1524,1706,0,0
72878555,1524,1703,0,0
72880555,1526,1694,0,0
72882555,1525,1702,0,0
72884555,1524,1702,0,0
72886555,1524,1693,0,0
72888555,1523,1704,0,0
72890555,1516,1701,0,0
72892555,1518,1706,0,0
72894555,1527,1705,0,0
72896555,1524,1712,0,0
72898555,1524,1709,0,0
72900555,1521,1700,0,0
72902555,1525,1707,0,0
72904555,1520,1700,0,0
72906555,1524,1704,0,0
72908555,1524,1701,0,0
72910555,1525,1704,0,0
72912555,1524,1700,0,0
72914555,1520,1697,0,0
72916555,1524,1703,0,0
72918555,1524,1705,0,0
72920555,1521,1701,0,0
72922555,1526,1704,0,0
72924555,1525,1712,0,0
72926555,1524,1709,0,0
72928555,1524,1707,0,0
72930555,1520,1704,0,0
72932555,1526,1707,0,0
72934555,1527,1705,0,0
72936555,1528,1706,0,0
72938555,1524,1709,0,0
72940555,1525,1705,0,0
72942555,1520,1706,0,0
72944555,1526,1692,0,0
72946555,1524,1700,0,0
72948555,1525,1707,0,0
72950555,1523,1699,0,0
72952555,1531,1707,0,0
72954555,1524,1699,0,0
72956555,1525,1707,0,0
72958555,1522,1703,0,0
72960555,1524,1700,0,0
72962555,1521,1705,0,0
72964555,1521,1708,0,0
72966555,1525,1703,0,0
72968555,1522,1707,0,0
72970555,1524,1706,0,0
72972555,1525,1704,0,0
72974555,1529,1704,0,0
72976555,1525,1704,0,0
72978555,1528,1703,0,0
72980555,1527,1703,0,0
72982555,1528,1705,0,0
72984555,1524,1704,0,0
72986555,1524,1705,0,0
72988555,1525,1702,0,0
72990555,1526,1713,0,0
72992555,1521,1710,0,0
72994555,1527,1704,0,0
72996555,1527,1700,0,0
72998555,1520,1709,0,0
73000555,1526,1704,0,0
73002555,1527,1705,0,0
73004555,1522,1709,0,0
73006555,1527,1703,0,0
73008555,1524,1701,0,0
73010555,1525,1709,0,0
73012555,1518,1705,0,0
73014555,1525,1709,0,0
73016555,1525,1704,0,0
73018555,1522,1705,0,0
73020555,1524,1702,0,0
73022555,1526,1705,0,0
73024555,1528,1697,0,0
73026555,1525,1705,0,0
73028555,1528,1705,0,0
73030555,1525,1705,0,0
73032555,1521,1702,0,0
73034555,1526,1707,0,0
73036555,1523,1700,0,0
73038555,1525,1706,0,0
73040555,1526,1709,0,0
73042555,1524,1699,0,0
73044555,1526,1709,0,0
73046555,1522,1697,0,0
73048555,1520,1709,0,0
73050555,1526,1707,0,0
73052555,1528,1713,0,0
73054555,1522,1708,0,0
73056555,1524,1705,0,0
73058555,1527,1701,0,0
73060555,1526,1705,0,0
73062555,1528,1705,0,0
73064555,1526,1701,0,0
73066555,1521,1696,0,0
73068555,1525,1707,0,0
73070555,1520,1709,0,0
73072555,1525,1701,0,0
73074555,1525,1701,0,0
73076555,1523,1692,0,0
73078555,1525,1706,0,0
73080555,1527,1702,0,0
73082555,1524,1702,0,0
73084555,1524,1705,0,0
73086555,1524,1709,0,0
73088555,1528,1703,0,0
73090555,1524,1701,0,0
73092555,1529,1696,0,0
73094555,1525,1710,0,0
73096555,1525,1707,0,0
73098555,1524,1704,0,0
73100555,1524,1697,0,0
73102555,1524,1696,0,0
73104555,1521,1707,0,0
73106555,1524,1709,0,0
73108555,1527,1697,0,0
73110555,1523,1705,0,0
73112555,1524,1701,0,0
73114555,1528,1705,0,0
73116555,1521,1700,0,0
73118555,1524,1694,0,0
73120555,1525,1709,0,0
73122555,1520,1705,0,0
73124555,1529,1701,0,0
73126555,1528,1701,0,0
73128555,1524,1697,0,0
73130555,1525,1702,0,0
73132555,1525,1701,0,0
73134555,1525,1700,0,0
73136555,1525,1705,0,0
73138555,1526,1702,0,0
73140555,1525,1705,0,0
73142555,1525,1705,0,0
73144555,1525,1701,0,0
73146555,1525,1708,0,0
73148555,1524,1701,0,0
73150555,1525,1706,0,0
73152555,1523,1701,0,0
73154555,1526,1700,0,0
73156555,1524,1701,0,0
73158555,1524,1705,0,0
73160555,1525,1705,0,0
73162555,1526,1712,0,0
73164555,1524,1701,0,0
73166555,1526,1705,0,0
73168555,1528,1697,0,0
73170555,1526,1705,0,0
73172555,1522,1705,0,0
73174555,1527,1703,0,0
73176555,1528,1705,0,0
73178555,1529,1705,0,0
73180555,1526,1705,0,0
73182555,1524,1697,0,0
73184555,1523,1706,0,0
73186555,1524,1704,190,1
73188555,1512,1670,190,1
73190555,1504,1637,190,1
73192555,1491,1609,190,1
73194555,1484,1578,190,1
73196555,1474,1556,190,1
73198555,1466,1527,190,1
73200555,1461,1505,190,1
73202555,1452,1478,190,1
73204555,1444,1457,190,1
73206555,1436,1436,190,1
73208555,1432,1421,190,1
73210555,1431,1402,190,1
73212555,1418,1371,190,0
73214555,1416,1366,190,0
73216555,1410,1360,190,0
73218555,1408,1344,190,0
73220555,1403,1333,190,0
73222555,1398,1321,190,0
73224555,1400,1305,190,0
73226555,1393,1297,190,0
73228555,1385,1295,190,0
73230555,1371,1285,190,0
73232555,1371,1272,190,0
73234555,1371,1268,190,0
73236555,1371,1261,190,0
73238555,1371,1256,190,0
73240555,1371,1248,190,0
73242555,1370,1239,190,0
73244555,1371,1235,190,0
73246555,1360,1235,190,0
73248555,1371,1231,190,0
73250555,1363,1228,190,0
73252555,1359,1228,190,0
73254555,1364,1227,190,0
73256555,1359,1217,190,0
73258555,1353,1219,190,0
73260555,1355,1216,190,0
73262555,1359,1207,190,0
73264555,1360,1210,190,0
73266555,1355,1211,190,0
73268555,1354,1203,190,0
73270555,1354,1203,190,0
73272555,1348,1205,190,0
73274555,1356,1203,190,0
73276555,1352,1201,190,0
73278555,1350,1200,190,0
73280555,1352,1193,190,0
73282555,1348,1198,190,0
73284555,1351,1203,190,0
73286555,1348,1189,190,0
73288555,1348,1194,190,0
73290555,1355,1194,190,0
73292555,1350,1192,190,0
73294555,1349,1188,190,0
73296555,1346,1195,190,0
73298555,1350,1187,190,0
73300555,1345,1192,190,0
73302555,1348,1185,190,0
73304555,1351,1193,190,0
73306555,1350,1187,190,0
73308555,1348,1179,190,0
73310555,1345,1185,190,0
73312555,1352,1183,190,0
73314555,1347,1197,190,0
73316555,1348,1184,190,0
73318555,1345,1185,190,0
73320555,1345,1190,190,0
73322555,1339,1179,190,0
73324555,1348,1182,190,0
73326555,1348,1187,190,0
73328555,1348,1179,190,0
73330555,1345,1179,190,0
73332555,1348,1185,190,0
73334555,1340,1182,190,0
73336555,1348,1183,190,0
73338555,1345,1183,190,0
73340555,1348,1181,190,0
73342555,1348,1178,190,0
73344555,1349,1183,190,0
73346555,1343,1182,190,0
73348555,1345,1179,190,0
73350555,1346,1188,190,0
73352555,1346,1179,190,0
73354555,1348,1181,190,0
73356555,1344,1191,190,0
73358555,1346,1179,190,0
73360555,1345,1184,190,0
73362555,1344,1179,190,0
73364555,1345,1179,190,0
73366555,1342,1184,190,0
73368555,1340,1195,190,0
73370555,1348,1176,190,0
73372555,1342,1179,190,0
73374555,1348,1184,190,0
73376555,1348,1183,190,0
73378555,1344,1182,190,0
73380555,1347,1187,190,0
73382555,1344,1194,190,0
73384555,1348,1185,190,0
73386555,1341,1181,190,0
73388555,1347,1179,190,0
73390555,1346,1182,190,0
73392555,1347,1183,190,0
73394555,1348,1179,190,0
73396555,1345,1184,190,0
73398555,1345,1183,190,0
73400555,1341,1180,190,0
73402555,1348,1181,190,0
73404555,1344,1181,190,0
73406555,1341,1184,190,0
73408555,1344,1181,190,0
73410555,1347,1175,190,0
73412555,1347,1184,190,0
73414555,1348,1179,190,0
73416555,1344,1180,190,0
73418555,1336,1179,190,0
73420555,1346,1179,190,0
73422555,1345,1180,190,0
73424555,1348,1179,190,0
73426555,1339,1177,190,0
73428555,1337,1179,190,0
73430555,1344,1188,190,0
73432555,1349,1187,190,0
73434555,1347,1187,190,0
73436555,1347,1185,0,0
73438555,1360,1226,0,0
73440555,1371,1267,0,0
73442555,1396,1304,0,0
73444555,1400,1336,0,0
73446555,1415,1364,0,0
73448555,1423,1398,0,0
73450555,1425,1424,0,0
73452555,1441,1444,0,0
73454555,1444,1472,0,0
73456555,1453,1487,0,0
73458555,1460,1511,0,0
73460555,1466,1520,0,0
73462555,1472,1539,0,0
73464555,1475,1561,0,0
73466555,1480,1569,0,0
73468555,1485,1572,0,0
73470555,1486,1590,0,0
73472555,1488,1595,0,0
73474555,1492,1611,0,0
73476555,1494,1619,0,0
73478555,1502,1627,0,0
73480555,1502,1637,0,0
73482555,1508,1642,0,0
73484555,1500,1645,0,0
73486555,1510,1661,0,0
73488555,1511,1659,0,0
73490555,1512,1669,0,0
73492555,1511,1669,0,0
73494555,1512,1683,0,0
73496555,1515,1682,0,0
73498555,1518,1681,0,0
73500555,1516,1692,0,0
73502555,1524,1689,0,0
73504555,1514,1693,0,0
73506555,1520,1692,0,0
73508555,1520,1700,0,0
73510555,1520,1692,0,0
73512555,1523,1700,0,0
73514555,1520,1702,0,0
73516555,1526,1701,0,0
73518555,1527,1705,0,0
73520555,1526,1701,0,0
73522555,1523,1701,0,0
73524555,1518,1704,0,0
73526555,1516,1697,0,0
73528555,1521,1693,0,0
73530555,1520,1713,0,0
73532555,1524,1697,0,0
73534555,1524,1710,0,0
73536555,1524,1702,0,0
73538555,1524,1702,0,0
73540555,1525,1706,0,0
73542555,1525,1703,0,0
73544555,1524,1701,0,0
73546555,1528,1705,0,0
73548555,1531,1702,0,0
73550555,1524,1703,0,0
73552555,1524,1699,0,0
73554555,1528,1697,0,0
73556555,1525,1705,0,0
73558555,1524,1697,0,0
73560555,1527,1697,0,0
73562555,1529,1697,0,0
73564555,1524,1707,0,0
73566555,1524,1704,0,0
73568555,1531,1710,0,0
73570555,1525,1697,0,0
73572555,1521,1695,0,0
73574555,1527,1709,0,0
73576555,1524,1710,0,0
73578555,1525,1704,0,0
73580555,1525,1703,0,0
73582555,1524,1704,0,0
73584555,1524,1705,0,0
73586555,1521,1701,0,0
73588555,1526,1705,0,0
73590555,1526,1704,0,0
73592555,1527,1700,0,0
73594555,1524,1709,0,0
73596555,1526,1705,0,0
73598555,1522,1701,0,0
73600555,1524,1703,0,0
73602555,1527,1697,0,0
73604555,1525,1705,0,0
73606555,1524,1709,0,0
73608555,1523,1703,0,0
73610555,1518,1705,0,0
73612555,1525,1709,0,0
73614555,1523,1705,0,0
73616555,1528,1705,0,0
73618555,1527,1694,0,0
73620555,1530,1709,0,0
73622555,1524,1704,0,0
73624555,1525,1696,0,0
73626555,1523,1702,0,0
73628555,1518,1702,0,0
73630555,1524,1705,0,0
73632555,1523,1701,0,0
73634555,1518,1705,0,0
73636555,1524,1704,0,0
73638555,1524,1709,0,0
73640555,1524,1701,0,0
73642555,1524,1701,0,0
73644555,1524,1701,0,0
73646555,1525,1707,0,0
73648555,1523,1697,0,0
73650555,1521,1702,0,0
73652555,1525,1703,0,0
73654555,1523,1701,0,0
73656555,1525,1709,0,0
73658555,1526,1705,0,0
73660555,1523,1705,0,0
73662555,1524,1704,0,0
73664555,1524,1707,0,0
73666555,1520,1696,0,0
73668555,1522,1701,0,0
73670555,1525,1709,0,0
73672555,1520,1696,0,0
73674555,1528,1704,0,0
73676555,1525,1705,0,0
73678555,1524,1705,0,0
73680555,1520,1701,0,0
73682555,1519,1703,0,0
73684555,1528,1701,0,0
73686555,1525,1700,0,0
73688555,1524,1707,0,0
73690555,1523,1704,0,0
73692555,1520,1701,0,0
73694555,1517,1700,0,0
73696555,1518,1702,0,0
73698555,1520,1705,0,0
73700555,1526,1704,0,0
73702555,1523,1696,0,0
73704555,1522,1705,0,0
73706555,1516,1697,0,0
73708555,1525,1708,0,0
73710555,1520,1704,0,0
73712555,1518,1699,0,0
73714555,1523,1705,0,0
73716555,1520,1702,0,0
73718555,1522,1703,0,0
73720555,1524,1710,0,0
73722555,1524,1698,0,0
73724555,1524,1699,0,0
73726555,1520,1700,0,0
73728555,1524,1700,0,0
73730555,1525,1702,0,0
73732555,1523,1702,0,0
73734555,1524,1705,0,0
73736555,1523,1705,0,0
73738555,1524,1702,0,0
73740555,1518,1704,0,0
73742555,1520,1705,0,0
73744555,1523,1700,0,0
73746555,1521,1710,0,0
73748555,1524,1701,0,0
73750555,1525,1702,0,0
73752555,1525,1703,0,0
73754555,1523,1707,0,0
73756555,1521,1705,0,0
73758555,1521,1701,0,0
73760555,1517,1704,0,0
73762555,1524,1705,0,0
73764555,1520,1705,0,0
73766555,1520,1701,0,0
73768555,1521,1702,0,0
73770555,1525,1705,0,0
73772555,1524,1704,0,0
73774555,1524,1702,0,0
73776555,1520,1703,0,0
73778555,1518,1704,0,0
73780555,1518,1697,0,0
73782555,1525,1704,0,0
73784555,1524,1707,0,0
73786555,1523,1712,0,0
73788555,1520,1703,0,0
73790555,1522,1706,0,0
73792555,1520,1702,0,0
73794555,1525,1703,0,0
73796555,1516,1700,0,0
73798555,1522,1705,0,0
73800555,1520,1710,0,0
73802555,1514,1699,0,0
73804555,1520,1705,0,0
73806555,1524,1705,0,0
73808555,1524,1697,0,0
73810555,1521,1701,0,0
73812555,1516,1697,0,0
73814555,1518,1700,0,0
73816555,1523,1697,0,0
73818555,1521,1700,0,0
73820555,1515,1710,0,0
73822555,1517,1702,0,0
73824555,1520,1701,0,0
73826555,1523,1693,0,0
73828555,1515,1704,0,0
73830555,1524,1706,0,0
73832555,1518,1701,0,0
73834555,1522,1707,0,0
73836555,1523,1700,0,0
73838555,1512,1701,0,0
73840555,1520,1697,0,0
73842555,1514,1702,0,0
73844555,1515,1701,0,0
73846555,1520,1704,0,0
73848555,1521,1705,0,0
73850555,1522,1709,0,0
73852555,1521,1703,0,0
73854555,1524,1710,0,0
73856555,1520,1704,0,0
73858555,1520,1701,0,0
73860555,1516,1708,0,0
73862555,1513,1702,0,0
73864555,1520,1702,0,0
73866555,1523,1702,0,0
73868555,1521,1697,0,0
73870555,1518,1709,0,0
73872555,1516,1706,0,0
73874555,1520,1705,0,0
73876555,1521,1703,0,0
73878555,1517,1705,0,0
73880555,1521,1706,0,0
73882555,1518,1702,0,0
73884555,1518,1705,0,0
73886555,1514,1702,0,0
73888555,1516,1712,0,0
73890555,1521,1696,0,0
73892555,1515,1706,0,0
73894555,1518,1712,0,0
73896555,1513,1705,0,0
73898555,1519,1707,0,0
73900555,1518,1705,0,0
73902555,1517,1701,0,0
73904555,1520,1705,0,0
73906555,1515,1700,0,0
73908555,1520,1702,0,0
73910555,1520,1701,0,0
73912555,1515,1710,0,0
73914555,1513,1705,0,0
73916555,1521,1705,0,0
73918555,1520,1709,0,0
73920555,1518,1707,0,0
73922555,1516,1701,0,0
73924555,1518,1703,0,0
73926555,1512,1709,0,0
73928555,1512,1705,0,0
73930555,1518,1705,0,0
73932555,1515,1705,0,0
73934555,1514,1710,0,0
73936555,1514,1696,0,0
73938555,1512,1707,0,0
73940555,1514,1717,0,0
73942555,1512,1705,0,0
73944555,1516,1703,0,0
73946555,1513,1701,0,0
73948555,1510,1712,0,0
73950555,1515,1702,0,0
73952555,1512,1704,0,0
73954555,1512,1705,0,0
73956555,1515,1695,0,0
73958555,1514,1706,0,0
73960555,1518,1705,0,0
73962555,1513,1701,0,0
73964555,1512,1706,0,0
73966555,1511,1704,0,0
73968555,1512,1709,0,0
73970555,1512,1706,0,0
73972555,1512,1701,0,0
73974555,1512,1702,0,0
73976555,1512,1702,0,0
73978555,1512,1706,0,0
73980555,1508,1705,0,0
73982555,1512,1709,0,0
73984555,1511,1702,0,0
73986555,1511,1707,0,0
73988555,1508,1704,0,0
73990555,1505,1695,0,0
73992555,1506,1705,0,0
73994555,1504,1704,0,0
73996555,1502,1705,0,0
73998555,1502,1697,0,0
74000555,1503,1705,0,0
74002555,1500,1705,0,0
74004555,1501,1701,0,0
74006555,1497,1707,0,0
74008555,1495,1709,0,0
74010555,1486,1697,0,0
74012555,1461,1702,0,0
74014555,1473,1704,0,0
74016555,1464,1696,0,0
74018555,1467,1700,0,0
74020555,1472,1705,0,0
74022555,1473,1702,0,0
74024555,1472,1697,0,0
74026555,1477,1704,0,0
74028555,1472,1706,0,0
74030555,1474,1705,0,0
74032555,1476,1703,0,0
74034555,1474,1705,0,0
74036555,1472,1704,0,0
74038555,1474,1705,0,0
74040555,1467,1701,0,0
74042555,1475,1705,0,0
74044555,1476,1704,0,0
74046555,1474,1712,0,0
74048555,1470,1704,0,0
74050555,1472,1700,0,0
74052555,1475,1700,0,0
74054555,1479,1712,0,0
74056555,1478,1706,0,0
74058555,1474,1697,0,0
74060555,1474,1704,0,0
74062555,1476,1701,0,0
74064555,1472,1705,0,0
74066555,1473,1701,0,0
74068555,1476,1704,0,0
74070555,1479,1697,0,0
74072555,1476,1709,0,0
74074555,1470,1705,0,0
74076555,1482,1706,0,0
74078555,1476,1704,0,0
74080555,1477,1709,0,0
74082555,1472,1693,0,0
74084555,1472,1703,0,0
74086555,1473,1704,0,0
74088555,1476,1707,0,0
74090555,1472,1704,0,0
74092555,1470,1707,0,0
74094555,1478,1704,0,0
74096555,1478,1710,0,0
74098555,1488,1707,0,0
74100555,1480,1709,0,0
74102555,1486,1702,0,0
74104555,1489,1708,0,0
74106555,1492,1697,0,0
74108555,1492,1709,0,0
74110555,1488,1703,0,0
74112555,1489,1700,0,0
74114555,1508,1701,0,0
74116555,1496,1703,0,0
74118555,1495,1707,0,0
74120555,1487,1702,0,0
74122555,1500,1709,0,0
74124555,1518,1702,0,0
74126555,1520,1707,0,0
74128555,1514,1707,0,0
74130555,1515,1705,0,0
74132555,1520,1712,0,0
74134555,1520,1699,0,0
74136555,1525,1699,0,0
74138555,1523,1709,0,0
74140555,1523,1705,0,0
74142555,1524,1704,0,0
74144555,1524,1704,0,0
74146555,1525,1704,0,0
74148555,1528,1702,0,0
74150555,1525,1700,0,0
74152555,1523,1703,0,0
74154555,1524,1700,0,0
74156555,1521,1697,0,0
74158555,1523,1696,0,0
74160555,1522,1702,0,0
74162555,1521,1707,0,0
74164555,1526,1702,0,0
74166555,1525,1704,0,0
74168555,1526,1702,0,0
74170555,1518,1710,0,0
74172555,1527,1705,0,0
74174555,1524,1704,0,0
74176555,1529,1704,0,0
74178555,1530,1701,0,0
74180555,1524,1702,0,0
74182555,1524,1696,0,0
74184555,1526,1701,0,0
74186555,1523,1709,0,0
74188555,1529,1707,0,0
74190555,1526,1694,0,0
74192555,1526,1700,0,0
74194555,1521,1703,0,0
74196555,1525,1699,0,0
74198555,1525,1702,0,0
74200555,1525,1705,0,0
74202555,1523,1701,0,0
74204555,1520,1705,0,0
74206555,1526,1709,0,0
74208555,1526,1709,0,0
74210555,1528,1704,0,0
74212555,1527,1702,0,0
74214555,1525,1705,0,0
74216555,1525,1706,0,0
74218555,1524,1707,0,0
74220555,1529,1709,0,0
74222555,1525,1705,0,0
74224555,1529,1699,0,0
74226555,1526,1705,0,0
74228555,1528,1701,0,0
74230555,1528,1703,0,0
74232555,1527,1709,0,0
74234555,1529,1694,0,0
74236555,1525,1701,190,1
74238555,1522,1666,190,1
74240555,1502,1636,190,1
74242555,1495,1606,190,1
74244555,1477,1574,190,1
74246555,1475,1556,190,1
74248555,1469,1529,190,1
74250555,1461,1504,190,1
74252555,1454,1487,190,1
74254555,1444,1459,190,1
74256555,1440,1436,190,1
74258555,1430,1419,190,1
74260555,1424,1402,190,1
74262555,1423,1387,190,0
74264555,1417,1371,190,0
74266555,1412,1354,190,0
74268555,1406,1343,190,0
74270555,1402,1331,190,0
74272555,1404,1312,190,0
74274555,1396,1308,190,0
74276555,1388,1303,190,0
74278555,1387,1288,190,0
74280555,1387,1284,190,0
74282555,1371,1281,190,0
74284555,1371,1269,190,0
74286555,1371,1260,190,0
74288555,1371,1256,190,0
74290555,1371,1246,190,0
74292555,1364,1236,190,0
74294555,1367,1239,190,0
74296555,1364,1231,190,0
74298555,1364,1233,190,0
74300555,1364,1228,190,0
74302555,1361,1223,190,0
74304555,1360,1224,190,0
74306555,1359,1211,190,0
74308555,1359,1219,190,0
74310555,1360,1211,190,0
74312555,1357,1213,190,0
74314555,1358,1215,190,0
74316555,1357,1204,190,0
74318555,1358,1206,190,0
74320555,1355,1204,190,0
74322555,1359,1207,190,0
74324555,1355,1198,190,0
74326555,1348,1205,190,0
74328555,1350,1190,190,0
74330555,1350,1188,190,0
74332555,1353,1193,190,0
74334555,1355,1192,190,0
74336555,1353,1193,190,0
74338555,1350,1193,190,0
74340555,1350,1187,190,0
74342555,1347,1195,190,0
74344555,1352,1191,190,0
74346555,1354,1192,190,0
74348555,1352,1185,190,0
74350555,1347,1203,190,0
74352555,1348,1197,190,0
74354555,1351,1184,190,0
74356555,1349,1184,190,0
74358555,1350,1183,190,0
74360555,1347,1189,190,0
74362555,1348,1187,190,0
74364555,1346,1184,190,0
74366555,1347,1184,190,0
74368555,1348,1188,190,0
74370555,1348,1184,190,0
74372555,1346,1190,190,0
74374555,1350,1181,190,0
74376555,1343,1190,190,0
74378555,1348,1187,190,0
74380555,1347,1185,190,0
74382555,1348,1191,190,0
74384555,1347,1182,190,0
74386555,1347,1184,190,0
74388555,1353,1179,190,0
74390555,1348,1179,190,0
74392555,1350,1179,190,0
74394555,1350,1187,190,0
74396555,1353,1185,190,0
74398555,1346,1185,190,0
74400555,1346,1181,190,0
74402555,1348,1181,190,0
74404555,1350,1184,190,0
74406555,1352,1185,190,0
74408555,1347,1177,190,0
74410555,1348,1183,190,0
74412555,1343,1183,190,0
74414555,1348,1187,190,0
74416555,1346,1180,190,0
74418555,1348,1185,190,0
74420555,1348,1183,190,0
74422555,1344,1185,190,0
74424555,1347,1182,190,0
74426555,1350,1179,190,0
74428555,1345,1179,190,0
74430555,1348,1183,190,0
74432555,1348,1179,190,0
74434555,1342,1179,190,0
74436555,1344,1179,190,0
74438555,1344,1183,190,0
74440555,1349,1183,190,0
74442555,1344,1184,190,0
74444555,1348,1188,190,0
74446555,1350,1179,190,0
74448555,1347,1180,190,0
74450555,1344,1182,190,0
74452555,1347,1178,190,0
74454555,1348,1183,190,0
74456555,1348,1179,190,0
74458555,1346,1182,190,0
74460555,1344,1180,190,0
74462555,1348,1180,190,0
74464555,1348,1179,190,0
74466555,1347,1183,190,0
74468555,1347,1183,190,0
74470555,1345,1191,190,0
74472555,1342,1187,190,0
74474555,1348,1182,190,0
74476555,1348,1182,190,0
74478555,1345,1182,190,0
74480555,1348,1179,190,0
74482555,1348,1182,190,0
74484555,1347,1179,190,0
74486555,1348,1181,0,0
74488555,1361,1231,0,0
74490555,1371,1269,0,0
74492555,1390,1305,0,0
74494555,1400,1334,0,0
74496555,1410,1368,0,0
74498555,1428,1396,0,0
74500555,1434,1425,0,0
74502555,1438,1448,0,0
74504555,1448,1474,0,0
74506555,1458,1489,0,0
74508555,1461,1512,0,0
74510555,1471,1527,0,0
74512555,1473,1536,0,0
74514555,1474,1552,0,0
74516555,1484,1566,0,0
74518555,1480,1584,0,0
74520555,1489,1584,0,0
74522555,1495,1594,0,0
74524555,1489,1611,0,0
74526555,1497,1615,0,0
74528555,1501,1624,0,0
74530555,1499,1633,0,0
74532555,1505,1644,0,0
74534555,1508,1649,0,0
74536555,1512,1655,0,0
74538555,1511,1656,0,0
74540555,1515,1667,0,0
74542555,1512,1671,0,0
74544555,1513,1669,0,0
74546555,1515,1679,0,0
74548555,1518,1681,0,0
74550555,1519,1685,0,0
74552555,1521,1688,0,0
74554555,1520,1693,0,0
74556555,1523,1692,0,0
74558555,1527,1696,0,0
74560555,1524,1697,0,0
74562555,1524,1697,0,0
74564555,1528,1700,0,0
74566555,1523,1692,0,0
74568555,1532,1708,0,0
74570555,1528,1702,0,0
74572555,1525,1701,0,0
74574555,1525,1700,0,0
74576555,1529,1706,0,0
74578555,1524,1700,0,0
74580555,1523,1703,0,0
74582555,1524,1703,0,0
74584555,1525,1706,0,0
74586555,1524,1709,0,0
74588555,1523,1702,0,0
74590555,1521,1701,0,0
74592555,1529,1705,0,0
74594555,1526,1709,0,0
74596555,1524,1704,0,0
74598555,1523,1701,0,0
74600555,1523,1705,0,0
74602555,1525,1705,0,0
74604555,1525,1703,0,0
74606555,1524,1701,0,0
74608555,1531,1702,0,0
74610555,1529,1699,0,0
74612555,1525,1704,0,0
74614555,1528,1704,0,0
74616555,1524,1703,0,0
74618555,1528,1709,0,0
74620555,1524,1699,0,0
74622555,1529,1701,0,0
74624555,1527,1705,0,0
74626555,1526,1709,0,0
74628555,1525,1703,0,0
74630555,1524,1705,0,0
74632555,1524,1700,0,0
74634555,1527,1700,0,0
74636555,1528,1706,0,0
74638555,1529,1705,0,0
74640555,1524,1706,0,0
74642555,1524,1697,0,0
74644555,1524,1702,0,0
74646555,1528,1700,0,0
74648555,1526,1697,0,0
74650555,1527,1709,0,0
74652555,1524,1705,0,0
74654555,1529,1699,0,0
74656555,1524,1697,0,0
74658555,1529,1704,0,0
74660555,1523,1708,0,0
74662555,1528,1703,0,0
74664555,1522,1705,0,0
74666555,1525,1701,0,0
74668555,1524,1708,0,0
74670555,1525,1703,0,0
74672555,1527,1693,0,0
74674555,1521,1709,0,0
74676555,1524,1706,0,0
74678555,1525,1705,0,0
74680555,1529,1701,0,0
74682555,1528,1697,0,0
74684555,1525,1710,0,0
74686555,1531,1705,0,0
74688555,1527,1701,0,0
74690555,1525,1701,0,0
74692555,1523,1696,0,0
74694555,1524,1707,0,0
74696555,1526,1701,0,0
74698555,1525,1707,0,0
74700555,1524,1697,0,0
74702555,1524,1707,0,0
74704555,1527,1697,0,0
74706555,1525,1715,0,0
74708555,1526,1705,0,0
74710555,1525,1701,0,0
74712555,1524,1702,0,0
74714555,1527,1709,0,0
74716555,1526,1701,0,0
74718555,1526,1705,0,0
74720555,1525,1701,0,0
74722555,1525,1706,0,0
74724555,1525,1699,0,0
74726555,1528,1707,0,0
74728555,1534,1709,0,0
74730555,1527,1696,0,0
74732555,1524,1705,0,0
74734555,1526,1697,0,0
74736555,1524,1706,0,0
74738555,1524,1705,0,0
74740555,1525,1703,0,0
74742555,1525,1707,0,0
74744555,1525,1709,0,0
74746555,1528,1704,0,0
74748555,1524,1706,0,0
74750555,1528,1705,0,0
74752555,1524,1702,0,0
74754555,1516,1701,0,0
74756555,1526,1706,0,0
74758555,1524,1705,0,0
74760555,1527,1701,0,0
74762555,1528,1709,0,0
74764555,1525,1701,0,0
74766555,1523,1702,0,0
74768555,1525,1699,0,0
74770555,1525,1712,0,0
74772555,1525,1707,0,0
74774555,1524,1694,0,0
74776555,1528,1707,0,0
74778555,1525,1705,0,0
74780555,1527,1704,0,0
74782555,1523,1700,0,0
74784555,1525,1701,0,0
74786555,1524,1704,0,0
74788555,1520,1704,0,0
74790555,1524,1704,0,0
74792555,1521,1705,0,0
74794555,1524,1703,0,0
74796555,1524,1705,0,0
74798555,1524,1704,0,0
74800555,1520,1706,0,0
74802555,1529,1703,0,0
74804555,1527,1703,0,0
74806555,1524,1703,0,0
74808555,1523,1702,0,0
74810555,1523,1701,0,0
74812555,1525,1706,0,0
74814555,1525,1703,0,0
74816555,1523,1702,0,0
74818555,1524,1702,0,0
74820555,1527,1704,0,0
74822555,1525,1707,0,0
74824555,1521,1702,0,0
74826555,1525,1701,0,0
74828555,1526,1704,0,0
74830555,1525,1702,0,0
74832555,1530,1702,0,0
74834555,1524,1697,0,0
74836555,1523,1701,0,0
74838555,1523,1701,0,0
74840555,1524,1699,0,0
74842555,1523,1707,0,0
74844555,1523,1693,0,0
74846555,1525,1701,0,0
74848555,1521,1705,0,0
74850555,1523,1700,0,0
74852555,1522,1705,0,0
74854555,1525,1697,0,0
74856555,1520,1707,0,0
74858555,1524,1705,0,0
74860555,1525,1697,0,0
74862555,1520,1707,0,0
74864555,1524,1704,0,0
74866555,1524,1710,0,0
74868555,1528,1699,0,0
74870555,1521,1702,0,0
74872555,1524,1703,0,0
74874555,1521,1697,0,0
74876555,1524,1706,0,0
74878555,1523,1705,0,0
74880555,1521,1704,0,0
74882555,1524,1701,0,0
74884555,1525,1703,0,0
74886555,1524,1702,0,0
74888555,1524,1697,0,0
74890555,1524,1699,0,0
74892555,1522,1703,0,0
74894555,1520,1697,0,0
74896555,1524,1697,0,0
74898555,1525,1697,0,0
74900555,1523,1701,0,0
74902555,1525,1700,0,0
74904555,1526,1699,0,0
74906555,1523,1707,0,0
74908555,1524,1707,0,0
74910555,1524,1701,0,0
74912555,1524,1704,0,0
74914555,1520,1708,0,0
74916555,1525,1697,0,0
74918555,1520,1707,0,0
74920555,1524,1702,0,0
74922555,1524,1705,0,0
74924555,1521,1702,0,0
74926555,1520,1703,0,0
74928555,1518,1701,0,0
74930555,1524,1704,0,0
74932555,1517,1705,0,0
74934555,1521,1707,0,0
74936555,1525,1700,0,0
74938555,1523,1701,0,0
74940555,1520,1704,0,0
74942555,1525,1706,0,0
74944555,1520,1709,0,0
74946555,1524,1705,0,0
74948555,1519,1696,0,0
74950555,1520,1705,0,0
74952555,1522,1701,0,0
74954555,1516,1706,0,0
74956555,1520,1705,0,0
74958555,1522,1702,0,0
74960555,1525,1699,0,0
74962555,1524,1703,0,0
74964555,1524,1702,0,0
74966555,1524,1705,0,0
74968555,1517,1704,0,0
74970555,1518,1710,0,0
74972555,1515,1710,0,0
74974555,1522,1701,0,0
74976555,1517,1707,0,0
74978555,1520,1707,0,0
74980555,1517,1701,0,0
74982555,1515,1704,0,0
74984555,1517,1704,0,0
74986555,1520,1709,0,0
74988555,1522,1702,0,0
74990555,1520,1705,0,0
74992555,1520,1714,0,0
74994555,1524,1705,0,0
74996555,1515,1705,0,0
74998555,1523,1701,0,0
75000555,1524,1701,0,0
75002555,1521,1702,0,0
75004555,1520,1696,0,0
75006555,1521,1704,0,0
75008555,1516,1710,0,0
75010555,1515,1701,0,0
75012555,1520,1709,0,0
75014555,1521,1707,0,0
75016555,1516,1704,0,0
75018555,1523,1709,0,0
75020555,1518,1707,0,0
75022555,1524,1704,0,0
75024555,1520,1693,0,0
75026555,1518,1712,0,0
75028555,1515,1707,0,0
75030555,1514,1701,0,0
75032555,1516,1707,0,0
75034555,1520,1706,0,0
75036555,1520,1699,0,0
75038555,1520,1706,0,0
75040555,1521,1709,0,0
75042555,1517,1709,0,0
75044555,1515,1706,0,0
75046555,1518,1704,0,0
75048555,1517,1696,0,0
75050555,1514,1708,0,0
75052555,1517,1693,0,0
75054555,1518,1703,0,0
75056555,1520,1703,0,0
75058555,1518,1701,0,0
75060555,1514,1706,0,0
75062555,1515,1706,0,0
75064555,1518,1705,0,0
75066555,1516,1699,0,0
75068555,1518,1708,0,0
75070555,1512,1703,0,0
75072555,1512,1707,0,0
75074555,1518,1703,0,0
75076555,1516,1702,0,0
75078555,1512,1708,0,0
75080555,1515,1702,0,0
75082555,1516,1699,0,0
75084555,1523,1700,0,0
75086555,1518,1702,0,0
75088555,1518,1702,0,0
75090555,1516,1714,0,0
75092555,1516,1709,0,0
75094555,1515,1704,0,0
75096555,1512,1705,0,0
75098555,1514,1715,0,0
75100555,1517,1705,0,0
75102555,1514,1705,0,0
75104555,1512,1705,0,0
75106555,1515,1705,0,0
75108555,1512,1705,0,0
75110555,1512,1701,0,0
75112555,1511,1707,0,0
75114555,1514,1703,0,0
75116555,1512,1704,0,0
75118555,1513,1702,0,0
75120555,1512,1701,0,0
75122555,1512,1707,0,0
75124555,1512,1705,0,0
75126555,1514,1705,0,0
75128555,1511,1693,0,0
75130555,1508,1701,0,0
75132555,1504,1697,0,0
75134555,1504,1702,0,0
75136555,1504,1706,0,0
75138555,1487,1709,0,0
75140555,1461,1705,0,0
75142555,1461,1705,0,0
75144555,1461,1701,0,0
75146555,1466,1706,0,0
75148555,1462,1713,0,0
75150555,1469,1705,0,0
75152555,1474,1709,0,0
75154555,1474,1693,0,0
75156555,1474,1705,0,0
75158555,1476,1700,0,0
75160555,1475,1704,0,0
75162555,1479,1709,0,0
75164555,1484,1705,0,0
75166555,1483,1693,0,0
75168555,1480,1705,0,0
75170555,1482,1709,0,0
75172555,1484,1699,0,0
75174555,1485,1705,0,0
75176555,1487,1715,0,0
75178555,1486,1707,0,0
75180555,1475,1705,0,0
75182555,1478,1702,0,0
75184555,1484,1707,0,0
75186555,1488,1705,0,0
75188555,1487,1702,0,0
75190555,1488,1702,0,0
75192555,1487,1701,0,0
75194555,1488,1705,0,0
75196555,1480,1704,0,0
75198555,1487,1706,0,0
75200555,1487,1707,0,0
75202555,1485,1709,0,0
75204555,1487,1702,0,0
75206555,1483,1704,0,0
75208555,1489,1710,0,0
75210555,1480,1705,0,0
75212555,1491,1699,0,0
75214555,1476,1705,0,0
75216555,1488,1707,0,0
75218555,1484,1705,0,0
75220555,1490,1704,0,0
75222555,1487,1701,0,0
75224555,1484,1704,0,0
75226555,1487,1701,0,0
75228555,1484,1705,0,0
75230555,1487,1709,0,0
75232555,1487,1706,0,0
75234555,1499,1706,0,0
75236555,1487,1703,0,0
75238555,1487,1705,0,0
75240555,1487,1699,0,0
75242555,1488,1713,0,0
75244555,1491,1703,0,0
75246555,1486,1701,0,0
75248555,1487,1699,0,0
75250555,1491,1704,0,0
75252555,1487,1700,0,0
75254555,1492,1701,0,0
75256555,1487,1702,0,0
75258555,1485,1700,0,0
75260555,1487,1709,0,0
75262555,1487,1704,0,0
75264555,1489,1701,0,0
75266555,1485,1705,0,0
75268555,1487,1713,0,0
75270555,1494,1717,0,0
75272555,1486,1706,0,0
75274555,1495,1705,0,0
75276555,1487,1705,0,0
75278555,1487,1709,0,0
75280555,1488,1703,0,0
75282555,1488,1701,0,0
75284555,1487,1697,0,0
75286555,1487,1705,190,1
75288555,1476,1667,190,1
75290555,1465,1640,190,1
75292555,1459,1613,190,1
75294555,1441,1579,190,1
75296555,1436,1553,190,1
75298555,1435,1527,190,1
75300555,1424,1501,190,1
75302555,1415,1485,190,1
75304555,1415,1461,190,1
75306555,1410,1438,190,1
75308555,1389,1423,190,1
75310555,1371,1406,190,1
75312555,1384,1395,190,0
75314555,1371,1371,190,0
75316555,1371,1351,190,0
75318555,1371,1333,190,0
75320555,1367,1333,190,0
75322555,1363,1321,190,0
75324555,1360,1312,190,0
75326555,1352,1300,190,0
75328555,1359,1291,190,0
75330555,1355,1282,190,0
75332555,1350,1280,190,0
75334555,1342,1265,190,0
75336555,1344,1264,190,0
75338555,1340,1252,190,0
75340555,1335,1248,190,0
75342555,1338,1241,190,0
75344555,1333,1243,190,0
75346555,1348,1231,190,0
75348555,1338,1223,190,0
75350555,1329,1231,190,0
75352555,1332,1226,190,0
75354555,1331,1219,190,0
75356555,1328,1214,190,0
75358555,1331,1216,190,0
75360555,1332,1215,190,0
75362555,1332,1214,190,0
75364555,1329,1211,190,0
75366555,1340,1203,190,0
75368555,1334,1205,190,0
75370555,1337,1197,190,0
75372555,1338,1206,190,0
75374555,1339,1201,190,0
75376555,1344,1203,190,0
75378555,1335,1201,190,0
75380555,1336,1187,190,0
75382555,1341,1193,190,0
75384555,1344,1193,190,0
75386555,1344,1191,190,0
75388555,1341,1200,190,0
75390555,1336,1185,190,0
75392555,1344,1196,190,0
75394555,1344,1201,190,0
75396555,1344,1195,190,0
75398555,1344,1191,190,0
75400555,1344,1185,190,0
75402555,1346,1192,190,0
75404555,1345,1183,190,0
75406555,1346,1182,190,0
75408555,1340,1187,190,0
75410555,1347,1185,190,0
75412555,1348,1185,190,0
75414555,1343,1180,190,0
75416555,1347,1182,190,0
75418555,1348,1188,190,0
75420555,1341,1190,190,0
75422555,1337,1179,190,0
75424555,1343,1180,190,0
75426555,1340,1183,190,0
75428555,1347,1183,190,0
75430555,1344,1183,190,0
75432555,1342,1179,190,0
75434555,1343,1182,190,0
75436555,1346,1179,190,0
75438555,1342,1187,190,0
75440555,1345,1187,190,0
75442555,1348,1178,190,0
75444555,1344,1185,190,0
75446555,1344,1184,190,0
75448555,1347,1179,190,0
75450555,1344,1180,190,0
75452555,1344,1188,190,0
75454555,1342,1184,190,0
75456555,1345,1183,190,0
75458555,1345,1183,190,0
75460555,1348,1182,190,0
75462555,1347,1182,190,0
75464555,1343,1182,190,0
75466555,1342,1184,190,0
75468555,1346,1171,190,0
75470555,1346,1179,190,0
75472555,1341,1190,190,0
75474555,1345,1182,190,0
75476555,1346,1182,190,0
75478555,1342,1181,190,0
75480555,1344,1188,190,0
75482555,1347,1183,190,0
75484555,1344,1187,190,0
75486555,1346,1180,190,0
75488555,1347,1179,190,0
75490555,1344,1182,190,0
75492555,1342,1187,190,0
75494555,1344,1182,190,0
75496555,1344,1179,190,0
75498555,1346,1179,190,0
75500555,1345,1182,190,0
75502555,1340,1179,190,0
75504555,1344,1187,190,0
75506555,1346,1182,190,0
75508555,1338,1183,190,0
75510555,1344,1179,190,0
75512555,1347,1182,190,0
75514555,1345,1179,190,0
75516555,1347,1187,190,0
75518555,1337,1179,190,0
75520555,1343,1180,190,0
75522555,1344,1183,190,0
75524555,1346,1182,190,0
75526555,1342,1181,190,0
75528555,1344,1183,190,0
75530555,1342,1180,190,0
75532555,1342,1188,190,0
75534555,1344,1187,190,0
75536555,1346,1183,0,0
75538555,1359,1230,0,0
75540555,1371,1266,0,0
75542555,1391,1308,0,0
75544555,1403,1347,0,0
75546555,1411,1361,0,0
75548555,1421,1397,0,0
75550555,1434,1425,0,0
75552555,1438,1437,0,0
75554555,1447,1473,0,0
75556555,1452,1476,0,0
75558555,1457,1504,0,0
75560555,1462,1525,0,0
75562555,1469,1533,0,0
75564555,1475,1559,0,0
75566555,1479,1565,0,0
75568555,1483,1581,0,0
75570555,1488,1594,0,0
75572555,1487,1602,0,0
75574555,1489,1610,0,0
75576555,1498,1615,0,0
75578555,1492,1625,0,0
75580555,1499,1636,0,0
75582555,1504,1641,0,0
75584555,1504,1653,0,0
75586555,1510,1653,0,0
75588555,1512,1661,0,0
75590555,1513,1665,0,0
75592555,1511,1669,0,0
75594555,1513,1676,0,0
75596555,1512,1681,0,0
75598555,1512,1680,0,0
75600555,1516,1685,0,0
75602555,1514,1693,0,0
75604555,1517,1693,0,0
75606555,1517,1699,0,0
75608555,1518,1696,0,0
75610555,1520,1705,0,0
75612555,1517,1693,0,0
75614555,1521,1697,0,0
75616555,1516,1703,0,0
75618555,1525,1699,0,0
75620555,1520,1697,0,0
75622555,1522,1696,0,0
75624555,1521,1705,0,0
75626555,1518,1705,0,0
75628555,1524,1701,0,0
75630555,1523,1701,0,0
75632555,1522,1709,0,0
75634555,1520,1704,0,0
75636555,1524,1709,0,0
75638555,1525,1702,0,0
75640555,1518,1703,0,0
75642555,1523,1702,0,0
75644555,1524,1709,0,0
75646555,1522,1701,0,0
75648555,1520,1700,0,0
75650555,1521,1699,0,0
75652555,1524,1704,0,0
75654555,1524,1702,0,0
75656555,1525,1702,0,0
75658555,1520,1704,0,0
75660555,1520,1703,0,0
75662555,1522,1709,0,0
75664555,1516,1704,0,0
75666555,1518,1697,0,0
75668555,1517,1709,0,0
75670555,1513,1702,0,0
75672555,1524,1694,0,0
75674555,1523,1702,0,0
75676555,1525,1697,0,0
75678555,1516,1700,0,0
75680555,1516,1705,0,0
75682555,1521,1702,0,0
75684555,1521,1702,0,0
75686555,1520,1700,0,0
75688555,1524,1694,0,0
75690555,1516,1705,0,0
75692555,1524,1709,0,0
75694555,1524,1697,0,0
75696555,1521,1703,0,0
75698555,1518,1700,0,0
75700555,1514,1705,0,0
75702555,1518,1705,0,0
75704555,1521,1703,0,0
75706555,1516,1701,0,0
75708555,1518,1701,0,0
75710555,1521,1705,0,0
75712555,1516,1700,0,0
75714555,1517,1701,0,0
75716555,1516,1704,0,0
75718555,1516,1703,0,0
75720555,1516,1706,0,0
75722555,1515,1702,0,0
75724555,1512,1700,0,0
75726555,1513,1702,0,0
75728555,1520,1696,0,0
75730555,1514,1705,0,0
75732555,1513,1705,0,0
75734555,1518,1704,0,0
75736555,1520,1697,0,0
75738555,1518,1703,0,0
75740555,1512,1706,0,0
75742555,1515,1707,0,0
75744555,1512,1706,0,0
75746555,1517,1712,0,0
75748555,1516,1715,0,0
75750555,1515,1697,0,0
75752555,1513,1706,0,0
75754555,1520,1706,0,0
75756555,1516,1706,0,0
75758555,1512,1710,0,0
75760555,1514,1697,0,0
75762555,1512,1704,0,0
75764555,1512,1705,0,0
75766555,1511,1701,0,0
75768555,1508,1699,0,0
75770555,1503,1700,0,0
75772555,1508,1701,0,0
75774555,1502,1701,0,0
75776555,1492,1705,0,0
75778555,1460,1697,0,0
75780555,1457,1705,0,0
75782555,1454,1704,0,0
75784555,1461,1705,0,0
75786555,1465,1706,0,0
75788555,1462,1701,0,0
75790555,1464,1709,0,0
75792555,1466,1709,0,0
75794555,1464,1702,0,0
75796555,1461,1697,0,0
75798555,1465,1699,0,0
75800555,1467,1693,0,0
75802555,1466,1701,0,0
75804555,1473,1705,0,0
75806555,1467,1697,0,0
75808555,1464,1706,0,0
75810555,1472,1702,0,0
75812555,1465,1703,0,0
75814555,1463,1709,0,0
75816555,1465,1700,0,0
75818555,1465,1703,0,0
75820555,1463,1706,0,0
75822555,1464,1707,0,0
75824555,1462,1705,0,0
75826555,1461,1706,0,0
75828555,1464,1701,0,0
75830555,1461,1703,0,0
75832555,1461,1705,0,0
75834555,1463,1707,0,0
75836555,1464,1705,0,0
75838555,1461,1703,0,0
75840555,1461,1701,0,0
75842555,1467,1698,0,0
75844555,1460,1709,0,0
75846555,1461,1700,0,0
75848555,1463,1700,0,0
75850555,1465,1707,0,0
75852555,1464,1699,0,0
75854555,1461,1700,0,0
75856555,1461,1696,0,0
75858555,1461,1699,0,0
75860555,1464,1697,0,0
75862555,1463,1703,0,0
75864555,1462,1703,0,0
75866555,1470,1700,0,0
75868555,1461,1704,0,0
75870555,1466,1705,0,0
75872555,1464,1709,0,0
75874555,1469,1701,0,0
75876555,1466,1702,0,0
75878555,1464,1705,0,0
75880555,1469,1705,0,0
75882555,1467,1699,0,0
75884555,1474,1701,0,0
75886555,1472,1695,0,0
75888555,1472,1710,0,0
75890555,1473,1706,0,0
75892555,1476,1705,0,0
75894555,1474,1709,0,0
75896555,1475,1702,0,0
75898555,1474,1704,0,0
75900555,1472,1703,0,0
75902555,1476,1697,0,0
75904555,1472,1705,0,0
75906555,1472,1700,0,0
75908555,1476,1701,0,0
75910555,1476,1713,0,0
75912555,1476,1700,0,0
75914555,1480,1693,0,0
75916555,1488,1694,0,0
75918555,1476,1709,0,0
75920555,1482,1709,0,0
75922555,1475,1705,0,0
75924555,1483,1705,0,0
75926555,1482,1709,0,0
75928555,1476,1708,0,0
75930555,1476,1705,0,0
75932555,1479,1709,0,0
75934555,1476,1707,0,0
75936555,1481,1707,0,0
75938555,1479,1696,0,0
75940555,1476,1709,0,0
75942555,1475,1703,0,0
75944555,1479,1705,0,0
75946555,1487,1706,0,0
75948555,1492,1704,0,0
75950555,1495,1704,0,0
75952555,1487,1694,0,0
75954555,1496,1703,0,0
75956555,1502,1708,0,0
75958555,1494,1701,0,0
75960555,1504,1705,0,0
75962555,1488,1708,0,0
75964555,1488,1704,0,0
75966555,1502,1704,0,0
75968555,1512,1705,0,0
75970555,1515,1700,0,0
75972555,1514,1700,0,0
75974555,1517,1705,0,0
75976555,1516,1702,0,0
75978555,1518,1704,0,0
75980555,1521,1708,0,0
75982555,1517,1703,0,0
75984555,1516,1704,0,0
75986555,1518,1705,0,0
75988555,1523,1705,0,0
75990555,1523,1704,0,0
75992555,1521,1700,0,0
75994555,1520,1705,0,0
75996555,1520,1705,0,0
75998555,1521,1702,0,0
76000555,1523,1701,0,0
76002555,1521,1709,0,0
76004555,1520,1707,0,0
76006555,1525,1701,0,0
76008555,1526,1702,0,0
76010555,1525,1703,0,0
76012555,1524,1704,0,0
76014555,1525,1703,0,0
76016555,1525,1704,0,0
76018555,1524,1699,0,0
76020555,1521,1702,0,0
76022555,1525,1701,0,0
76024555,1527,1705,0,0
76026555,1525,1706,0,0
76028555,1524,1709,0,0
76030555,1524,1703,0,0
76032555,1524,1705,0,0
76034555,1526,1702,0,0
76036555,1525,1701,0,0
76038555,1524,1699,0,0
76040555,1525,1693,0,0
76042555,1524,1701,0,0
76044555,1523,1705,0,0
76046555,1520,1706,0,0
76048555,1528,1705,0,0
76050555,1526,1705,0,0
76052555,1525,1709,0,0
76054555,1526,1702,0,0
76056555,1525,1703,0,0
76058555,1524,1706,0,0
76060555,1525,1697,0,0
76062555,1521,1703,0,0
76064555,1531,1706,0,0
76066555,1524,1703,0,0
76068555,1525,1709,0,0
76070555,1528,1705,0,0
76072555,1525,1709,0,0
76074555,1525,1706,0,0
76076555,1525,1699,0,0
76078555,1531,1701,0,0
76080555,1525,1704,0,0
76082555,1528,1697,0,0
76084555,1528,1700,0,0
76086555,1528,1709,0,0
76088555,1530,1705,0,0
76090555,1530,1702,0,0
76092555,1529,1704,0,0
76094555,1521,1705,0,0
76096555,1527,1707,0,0
76098555,1526,1707,0,0
76100555,1527,1703,0,0
76102555,1524,1701,0,0
76104555,1528,1703,0,0
76106555,1528,1708,0,0
76108555,1521,1705,0,0
76110555,1525,1704,0,0
76112555,1530,1706,0,0
76114555,1526,1697,0,0
76116555,1524,1697,0,0
76118555,1521,1700,0,0
76120555,1533,1701,0,0
76122555,1525,1697,0,0
76124555,1520,1701,0,0
76126555,1528,1697,0,0
76128555,1529,1700,0,0
76130555,1524,1706,0,0
76132555,1528,1715,0,0
76134555,1525,1706,0,0
76136555,1524,1710,0,0
76138555,1523,1699,0,0
76140555,1530,1705,0,0
76142555,1523,1695,0,0
76144555,1525,1697,0,0
76146555,1530,1713,0,0
76148555,1524,1704,0,0
76150555,1525,1705,0,0
76152555,1528,1705,0,0
76154555,1528,1705,0,0
76156555,1526,1702,0,0
76158555,1527,1697,0,0
76160555,1529,1700,0,0
76162555,1526,1705,0,0
76164555,1528,1703,0,0
76166555,1525,1709,0,0
76168555,1524,1701,0,0
76170555,1527,1700,0,0
76172555,1525,1705,0,0
76174555,1524,1699,0,0
76176555,1525,1704,0,0
76178555,1526,1704,0,0
76180555,1525,1703,0,0
76182555,1528,1707,0,0
76184555,1528,1713,0,0
76186555,1529,1705,0,0
76188555,1524,1697,0,0
76190555,1528,1710,0,0
76192555,1525,1706,0,0
76194555,1527,1704,0,0
76196555,1526,1699,0,0
76198555,1524,1701,0,0
76200555,1528,1704,0,0
76202555,1528,1701,0,0
76204555,1528,1705,0,0
76206555,1529,1708,0,0
76208555,1526,1701,0,0
76210555,1529,1703,0,0
76212555,1526,1704,0,0
76214555,1529,1701,0,0
76216555,1528,1704,0,0
76218555,1525,1705,0,0
76220555,1525,1694,0,0
76222555,1525,1709,0,0
76224555,1526,1699,0,0
76226555,1527,1699,0,0
76228555,1528,1706,0,0
76230555,1530,1704,0,0
76232555,1526,1700,0,0
76234555,1526,1703,0,0
76236555,1531,1705,0,0
76238555,1526,1699,0,0
76240555,1529,1705,0,0
76242555,1526,1701,0,0
76244555,1527,1701,0,0
76246555,1531,1697,0,0
76248555,1530,1701,0,0
76250555,1528,1709,0,0
76252555,1528,1704,0,0
76254555,1529,1702,0,0
76256555,1532,1712,0,0
76258555,1525,1704,0,0
76260555,1527,1705,0,0
76262555,1526,1704,0,0
76264555,1526,1702,0,0
76266555,1528,1705,0,0
76268555,1528,1697,0,0
76270555,1528,1704,0,0
76272555,1525,1706,0,0
76274555,1521,1706,0,0
76276555,1526,1697,0,0
76278555,1528,1701,0,0
76280555,1527,1705,0,0
76282555,1526,1709,0,0
76284555,1527,1705,0,0
76286555,1527,1702,0,0
76288555,1526,1706,0,0
76290555,1527,1706,0,0
76292555,1528,1702,0,0
76294555,1526,1702,0,0
76296555,1529,1705,0,0
76298555,1529,1707,0,0
76300555,1528,1710,0,0
76302555,1526,1703,0,0
76304555,1526,1703,0,0
76306555,1533,1709,0,0
76308555,1524,1701,0,0
76310555,1525,1701,0,0
76312555,1531,1708,0,0
76314555,1526,1699,0,0
76316555,1526,1705,0,0
76318555,1528,1705,0,0
76320555,1525,1705,0,0
76322555,1526,1709,0,0
76324555,1531,1709,0,0
76326555,1521,1704,0,0
76328555,1528,1709,0,0
76330555,1525,1697,0,0
76332555,1529,1703,0,0
76334555,1528,1703,0,0
76336555,1524,1703,0,1
76338555,1530,1709,0,1
76340555,1529,1708,0,1
76342555,1529,1705,0,1
76344555,1526,1704,0,1
76346555,1525,1694,0,1
76348555,1531,1697,0,1
76350555,1529,1704,0,1
76352555,1528,1707,0,1
76354555,1534,1704,0,1
76356555,1526,1712,0,1
76358555,1526,1704,0,1
76360555,1525,1704,0,1
76362555,1527,1702,0,1
76364555,1530,1709,0,1
76366555,1528,1702,0,1
76368555,1525,1703,0,1
76370555,1525,1702,0,1
76372555,1531,1709,0,1
76374555,1525,1704,0,1
76376555,1530,1703,0,1
76378555,1528,1701,0,1
76380555,1528,1705,0,1
76382555,1529,1709,0,1
76384555,1525,1700,0,1
76386555,1529,1704,0,1
76388555,1525,1699,0,1
76390555,1528,1702,0,1
76392555,1524,1703,0,1
76394555,1524,1701,0,1
76396555,1526,1709,0,1
76398555,1528,1696,0,1
76400555,1526,1703,0,1
76402555,1526,1703,0,1
76404555,1525,1702,0,1
76406555,1526,1701,0,1
76408555,1527,1709,0,1
76410555,1529,1705,0,1
76412555,1528,1703,0,1
76414555,1525,1699,0,1
76416555,1524,1693,0,1
76418555,1524,1697,0,1
76420555,1531,1702,0,1
76422555,1529,1701,0,1
76424555,1525,1703,0,1
76426555,1526,1707,0,1
76428555,1524,1706,0,1
76430555,1531,1707,0,1
76432555,1526,1703,0,1
76434555,1530,1701,0,1
76436555,1527,1701,0,1
76438555,1528,1701,0,1
76440555,1523,1697,0,1
76442555,1528,1702,0,1
76444555,1525,1697,0,1
76446555,1525,1705,0,1
76448555,1527,1699,0,1
76450555,1527,1706,0,1
76452555,1526,1710,0,1
76454555,1530,1704,0,1
76456555,1526,1709,0,1
76458555,1524,1699,0,1
76460555,1527,1707,0,1
76462555,1523,1697,0,1
76464555,1527,1697,0,1
76466555,1525,1696,0,1
76468555,1528,1705,0,1
76470555,1531,1697,0,1
76472555,1526,1697,0,1
76474555,1526,1710,0,1
76476555,1528,1705,0,1
76478555,1525,1707,0,1
76480555,1525,1699,0,1
76482555,1527,1706,0,1
76484555,1525,1701,0,1
76486555,1524,1701,0,1
76488555,1528,1698,0,1
76490555,1528,1703,0,1
76492555,1526,1697,0,1
76494555,1529,1711,0,1
76496555,1532,1700,0,1
76498555,1526,1697,0,1
76500555,1528,1707,0,1
76502555,1528,1706,0,1
76504555,1529,1705,0,1
76506555,1532,1692,0,1
76508555,1528,1702,0,1
76510555,1524,1706,0,1
76512555,1527,1695,0,1
76514555,1529,1707,0,1
76516555,1527,1703,0,1
76518555,1528,1699,0,1
76520555,1529,1703,0,1
76522555,1527,1708,0,1
76524555,1528,1709,0,1
76526555,1526,1709,0,1
76528555,1521,1705,0,1
76530555,1532,1702,0,1
76532555,1527,1710,0,1
76534555,1531,1704,0,1
76536555,1532,1713,0,0
76538555,1527,1700,0,0
76540555,1533,1697,0,0
76542555,1524,1701,0,0
76544555,1527,1710,0,0
76546555,1529,1703,0,0
76548555,1525,1701,0,0
76550555,1529,1705,0,0
76552555,1530,1705,0,0
76554555,1526,1700,0,0
76556555,1528,1701,0,0
76558555,1530,1705,0,0
76560555,1525,1701,0,0
76562555,1527,1713,0,0
76564555,1530,1704,0,0
76566555,1529,1696,0,0
76568555,1530,1701,0,0
76570555,1525,1705,0,0
76572555,1528,1705,0,0
76574555,1527,1706,0,0
76576555,1528,1706,0,0
76578555,1528,1703,0,0
76580555,1523,1704,0,0
76582555,1528,1706,0,0
76584555,1532,1699,0,0
76586555,1527,1701,0,0
76588555,1527,1709,0,0
76590555,1528,1695,0,0
76592555,1528,1705,0,0
76594555,1526,1704,0,0
76596555,1526,1702,0,0
76598555,1524,1707,0,0
76600555,1525,1700,0,0
76602555,1526,1697,0,0
76604555,1528,1702,0,0
76606555,1528,1707,0,0
76608555,1525,1705,0,0
76610555,1529,1703,0,0
76612555,1524,1706,0,0
76614555,1528,1704,0,0
76616555,1525,1705,0,0
76618555,1529,1700,0,0
76620555,1525,1706,0,0
76622555,1525,1705,0,0
76624555,1530,1709,0,0
76626555,1526,1697,0,0
76628555,1530,1705,0,0
76630555,1527,1703,0,0
76632555,1525,1706,0,0
76634555,1528,1701,0,0
76636555,1525,1703,0,0
76638555,1526,1705,0,0
76640555,1529,1709,0,0
76642555,1524,1704,0,0
76644555,1525,1706,0,0
76646555,1531,1705,0,0
76648555,1525,1705,0,0
76650555,1524,1705,0,0
76652555,1530,1704,0,0
76654555,1527,1703,0,0
76656555,1532,1702,0,0
76658555,1525,1705,0,0
76660555,1529,1704,0,0
76662555,1528,1704,0,0
76664555,1535,1706,0,0
76666555,1528,1703,0,0
76668555,1526,1713,0,0
76670555,1529,1712,0,0
76672555,1531,1704,0,0
76674555,1527,1707,0,0
76676555,1529,1701,0,0
76678555,1525,1709,0,0
76680555,1527,1710,0,0
76682555,1526,1700,0,0
76684555,1523,1701,0,0
76686555,1534,1696,0,0
76688555,1528,1705,0,0
76690555,1528,1702,0,0
76692555,1531,1704,0,0
76694555,1532,1707,0,0
76696555,1533,1707,0,0
76698555,1530,1712,0,0
76700555,1524,1706,0,0
76702555,1529,1706,0,0
76704555,1531,1705,0,0
76706555,1528,1713,0,0
76708555,1526,1706,0,0
76710555,1533,1700,0,0
76712555,1531,1700,0,0
76714555,1527,1702,0,0
76716555,1526,1706,0,0
76718555,1531,1701,0,0
76720555,1525,1706,0,0
76722555,1528,1703,0,0
76724555,1524,1705,0,0
76726555,1524,1707,0,0
76728555,1526,1704,0,0
76730555,1526,1705,0,0
76732555,1527,1704,0,0
76734555,1528,1705,0,0
76736555,1531,1701,0,0
76738555,1526,1697,0,0
76740555,1528,1701,0,0
76742555,1529,1704,0,0
76744555,1524,1704,0,0
76746555,1529,1703,0,0
76748555,1530,1703,0,0
76750555,1529,1715,0,0
76752555,1533,1703,0,0
76754555,1531,1699,0,0
76756555,1526,1707,0,0
76758555,1529,1703,0,0
76760555,1530,1707,0,0
76762555,1528,1705,0,0
76764555,1526,1702,0,0
76766555,1526,1701,0,0
76768555,1529,1704,0,0
76770555,1528,1706,0,0
76772555,1530,1697,0,0
76774555,1528,1706,0,0
76776555,1526,1706,0,0
76778555,1529,1697,0,0
76780555,1526,1713,0,0
76782555,1525,1694,0,0
76784555,1526,1705,0,0
76786555,1525,1703,0,0
76788555,1524,1704,0,0
76790555,1528,1701,0,0
76792555,1529,1707,0,0
76794555,1525,1713,0,0
76796555,1527,1707,0,0
76798555,1525,1702,0,0
76800555,1524,1701,0,0
76802555,1528,1705,0,0
76804555,1524,1699,0,0
76806555,1526,1697,0,0
76808555,1528,1703,0,0
76810555,1531,1707,0,0
76812555,1528,1702,0,0
76814555,1534,1701,0,0
76816555,1525,1707,0,0
76818555,1530,1708,0,0
76820555,1525,1701,0,0
76822555,1525,1697,0,0
76824555,1525,1703,0,0
76826555,1523,1699,0,0
76828555,1528,1705,0,0
76830555,1530,1705,0,0
76832555,1525,1694,0,0
76834555,1525,1703,0,0
76836555,1527,1702,0,0
76838555,1524,1707,0,0
76840555,1524,1696,0,0
76842555,1529,1703,0,0
76844555,1528,1704,0,0
76846555,1531,1700,0,0
76848555,1527,1697,0,0
76850555,1532,1706,0,0
76852555,1524,1700,0,0
76854555,1527,1702,0,0
76856555,1529,1701,0,0
76858555,1526,1707,0,0
76860555,1529,1705,0,0
76862555,1533,1707,0,0
76864555,1528,1701,0,0
76866555,1528,1703,0,0
76868555,1525,1705,0,0
76870555,1524,1701,0,0
76872555,1529,1701,0,0
76874555,1525,1706,0,0
76876555,1530,1699,0,0
76878555,1525,1712,0,0
76880555,1525,1709,0,0
76882555,1526,1702,0,0
76884555,1531,1703,0,0
76886555,1525,1700,0,0
76888555,1529,1702,0,0
76890555,1528,1715,0,0
76892555,1525,1696,0,0
76894555,1524,1707,0,0
76896555,1528,1705,0,0
76898555,1528,1702,0,0
76900555,1525,1702,0,0
76902555,1527,1707,0,0
76904555,1528,1702,0,0
76906555,1534,1705,0,0
76908555,1528,1705,0,0
76910555,1528,1713,0,0
76912555,1528,1707,0,0
76914555,1530,1705,0,0
76916555,1525,1705,0,0
76918555,1525,1703,0,0
76920555,1528,1702,0,0
76922555,1529,1702,0,0
76924555,1526,1701,0,0
76926555,1526,1706,0,0
76928555,1524,1694,0,0
76930555,1525,1703,0,0
76932555,1523,1704,0,0
76934555,1528,1704,0,0
76936555,1525,1705,0,0
76938555,1525,1700,0,0
76940555,1531,1709,0,0
76942555,1525,1706,0,0
76944555,1530,1703,0,0
76946555,1527,1702,0,0
76948555,1526,1704,0,0
76950555,1524,1701,0,0
76952555,1525,1701,0,0
76954555,1525,1702,0,0
76956555,1526,1700,0,0
76958555,1529,1699,0,0
76960555,1526,1707,0,0
76962555,1529,1701,0,0
76964555,1520,1702,0,0
76966555,1527,1710,0,0
76968555,1523,1704,0,0
76970555,1528,1705,0,0
76972555,1530,1699,0,0
76974555,1531,1703,0,0
76976555,1524,1706,0,0
76978555,1528,1699,0,0
76980555,1532,1707,0,0
76982555,1528,1702,0,0
76984555,1529,1701,0,0
76986555,1524,1697,0,0
76988555,1526,1699,0,0
76990555,1526,1708,0,0
76992555,1525,1702,0,0
76994555,1528,1713,0,0
76996555,1526,1705,0,0
76998555,1529,1704,0,0
77000555,1525,1697,0,0
77002555,1526,1696,0,0
77004555,1524,1709,0,0
77006555,1527,1704,0,0
77008555,1527,1703,0,0
77010555,1526,1712,0,0
77012555,1525,1695,0,0
77014555,1527,1710,0,0
77016555,1527,1703,0,0
77018555,1531,1701,0,0
77020555,1526,1708,0,0
77022555,1525,1704,0,0
77024555,1529,1704,0,0
77026555,1532,1707,0,0
77028555,1524,1708,0,0
77030555,1526,1705,0,0
77032555,1525,1702,0,0
77034555,1529,1700,0,0
77036555,1524,1696,0,0
77038555,1525,1703,0,0
77040555,1528,1714,0,0
77042555,1528,1705,0,0
77044555,1527,1706,0,0
77046555,1527,1712,0,0
77048555,1529,1709,0,0
77050555,1524,1702,0,0
77052555,1524,1697,0,0
77054555,1531,1709,0,0
77056555,1532,1705,0,0
77058555,1528,1705,0,0
77060555,1530,1703,0,0
77062555,1525,1707,0,0
77064555,1528,1702,0,0
77066555,1525,1706,0,0
77068555,1529,1704,0,0
77070555,1526,1706,0,0
77072555,1528,1702,0,0
77074555,1530,1713,0,0
77076555,1526,1705,0,0
77078555,1526,1705,0,0
77080555,1528,1704,0,0
77082555,1525,1705,0,0
77084555,1527,1710,0,0
77086555,1527,1701,0,0
77088555,1528,1709,0,0
77090555,1529,1700,0,0
77092555,1528,1701,0,0
77094555,1528,1710,0,0
77096555,1525,1701,0,0
77098555,1526,1705,0,0
77100555,1525,1708,0,0
77102555,1527,1696,0,0
77104555,1525,1706,0,0
77106555,1527,1701,0,0
77108555,1527,1702,0,0
77110555,1528,1712,0,0
77112555,1524,1709,0,0
77114555,1527,1706,0,0
77116555,1525,1697,0,0
77118555,1525,1701,0,0
77120555,1524,1697,0,0
77122555,1525,1700,0,0
77124555,1525,1702,0,0
77126555,1530,1700,0,0
77128555,1531,1700,0,0
77130555,1522,1705,0,0
77132555,1526,1697,0,0
77134555,1521,1705,0,0
77136555,1524,1704,0,0
77138555,1524,1699,0,0
77140555,1524,1701,0,0
77142555,1526,1710,0,0
77144555,1527,1706,0,0
77146555,1525,1701,0,0
77148555,1528,1708,0,0
77150555,1526,1706,0,0
77152555,1525,1701,0,0
77154555,1525,1702,0,0
77156555,1525,1707,0,0
77158555,1528,1701,0,0
77160555,1529,1709,0,0
77162555,1531,1697,0,0
77164555,1526,1709,0,0
77166555,1529,1709,0,0
77168555,1525,1700,0,0
77170555,1525,1709,0,0
77172555,1524,1701,0,0
77174555,1525,1704,0,0
77176555,1526,1705,0,0
77178555,1525,1707,0,0
77180555,1524,1709,0,0
77182555,1524,1705,0,0
77184555,1524,1703,0,0
77186555,1523,1705,0,0
77188555,1526,1706,0,0
77190555,1533,1702,0,0
77192555,1525,1707,0,0
77194555,1529,1701,0,0
77196555,1526,1701,0,0
77198555,1529,1708,0,0
77200555,1526,1703,0,0
77202555,1528,1706,0,0
77204555,1527,1701,0,0
77206555,1525,1705,0,0
77208555,1525,1710,0,0
77210555,1529,1697,0,0
77212555,1528,1710,0,0
77214555,1526,1705,0,0
77216555,1526,1702,0,0
77218555,1526,1701,0,0
77220555,1526,1702,0,0
77222555,1527,1703,0,0
77224555,1528,1707,0,0
77226555,1525,1696,0,0
77228555,1528,1704,0,0
77230555,1525,1704,0,0
77232555,1528,1700,0,0
77234555,1526,1697,0,0
77236555,1526,1703,0,0
77238555,1525,1702,0,0
77240555,1525,1702,0,0
77242555,1528,1697,0,0
77244555,1525,1706,0,0
77246555,1528,1696,0,0
77248555,1528,1701,0,0
77250555,1521,1705,0,0
77252555,1525,1697,0,0
77254555,1525,1705,0,0
77256555,1527,1706,0,0
77258555,1527,1701,0,0
77260555,1528,1700,0,0
77262555,1526,1705,0,0
77264555,1530,1703,0,0
77266555,1524,1701,0,0
77268555,1528,1702,0,0
77270555,1529,1707,0,0
77272555,1527,1703,0,0
77274555,1528,1704,0,0
77276555,1524,1703,0,0
77278555,1524,1700,0,0
77280555,1526,1706,0,0
77282555,1528,1700,0,0
77284555,1525,1708,0,0
77286555,1527,1709,0,0
77288555,1530,1705,0,0
77290555,1531,1707,0,0
77292555,1531,1702,0,0
77294555,1526,1697,0,0
77296555,1526,1706,0,0
77298555,1527,1705,0,0
77300555,1527,1707,0,0
77302555,1524,1701,0,0
77304555,1527,1701,0,0
77306555,1528,1707,0,0
77308555,1526,1705,0,0
77310555,1528,1703,0,0
77312555,1534,1705,0,0
77314555,1522,1705,0,0
77316555,1529,1701,0,0
77318555,1526,1710,0,0
77320555,1524,1694,0,0
77322555,1527,1705,0,0
77324555,1522,1702,0,0
77326555,1524,1705,0,0
77328555,1530,1709,0,0
77330555,1524,1701,0,0
77332555,1525,1703,0,0
77334555,1525,1712,0,0
77336555,1530,1707,0,0
77338555,1527,1701,0,0
77340555,1524,1709,0,0
77342555,1525,1701,0,0
77344555,1524,1709,0,0
77346555,1528,1706,0,0
77348555,1525,1710,0,0
77350555,1528,1706,0,0
77352555,1526,1703,0,0
77354555,1523,1696,0,0
77356555,1521,1705,0,0
77358555,1524,1704,0,0
77360555,1527,1706,0,0
77362555,1524,1704,0,0
77364555,1524,1704,0,0
77366555,1531,1699,0,0
77368555,1524,1705,0,0
77370555,1524,1699,0,0
77372555,1523,1706,0,0
77374555,1520,1705,0,0
77376555,1524,1712,0,0
77378555,1527,1709,0,0
77380555,1528,1708,0,0
77382555,1524,1701,0,0
77384555,1525,1707,0,0
77386555,1524,1705,0,0
77388555,1531,1703,0,0
77390555,1528,1703,0,0
77392555,1527,1704,0,0
77394555,1524,1706,0,0
77396555,1529,1705,0,0
77398555,1525,1708,0,0
77400555,1527,1705,0,0
77402555,1528,1701,0,0
77404555,1525,1705,0,0
77406555,1528,1704,0,0
77408555,1524,1701,0,0
77410555,1528,1702,0,0
77412555,1526,1707,0,0
77414555,1530,1705,0,0
77416555,1525,1704,0,0
77418555,1527,1702,0,0
77420555,1524,1706,0,0
77422555,1524,1705,0,0
77424555,1525,1705,0,0
77426555,1528,1704,0,0
77428555,1524,1703,0,0
77430555,1525,1704,0,0
77432555,1524,1710,0,0
77434555,1528,1701,0,0
77436555,1525,1702,0,0
77438555,1525,1704,0,0
77440555,1527,1705,0,0
77442555,1524,1697,0,0
77444555,1525,1706,0,0
77446555,1528,1707,0,0
77448555,1527,1700,0,0
77450555,1525,1710,0,0
77452555,1530,1706,0,0
77454555,1528,1702,0,0
77456555,1530,1709,0,0
77458555,1521,1705,0,0
77460555,1524,1696,0,0
77462555,1521,1701,0,0
77464555,1524,1705,0,0
77466555,1523,1709,0,0
77468555,1527,1705,0,0
77470555,1525,1705,0,0
77472555,1525,1709,0,0
77474555,1527,1705,0,0
77476555,1526,1701,0,0
77478555,1526,1706,0,0
77480555,1523,1705,0,0
77482555,1524,1704,0,0
77484555,1527,1703,0,0
77486555,1521,1705,0,0
77488555,1525,1705,0,0
77490555,1524,1697,0,0
77492555,1524,1704,0,0
77494555,1524,1707,0,0
77496555,1526,1705,0,0
77498555,1523,1702,0,0
77500555,1526,1704,0,0
77502555,1529,1701,0,0
77504555,1528,1709,0,0
77506555,1528,1707,0,0
77508555,1520,1692,0,0
77510555,1525,1702,0,0
77512555,1527,1708,0,0
77514555,1524,1705,0,0
77516555,1526,1697,0,0
77518555,1529,1701,0,0
77520555,1525,1704,0,0
77522555,1525,1700,0,0
77524555,1527,1706,0,0
77526555,1525,1706,0,0
77528555,1526,1697,0,0
77530555,1524,1705,0,0
77532555,1529,1701,0,0
77534555,1524,1705,0,0
77536555,1528,1705,0,0
77538555,1526,1709,0,0
77540555,1525,1713,0,0
77542555,1525,1702,0,0
77544555,1524,1706,0,0
77546555,1526,1701,0,0
77548555,1521,1707,0,0
77550555,1526,1700,0,0
77552555,1517,1704,0,0
77554555,1526,1705,0,0
77556555,1530,1708,0,0
77558555,1525,1699,0,0
77560555,1524,1700,0,0
77562555,1520,1705,0,0
77564555,1528,1712,0,0
77566555,1526,1706,0,0
77568555,1525,1699,0,0
77570555,1524,1702,0,0
77572555,1527,1696,0,0
77574555,1525,1705,0,0
77576555,1524,1703,0,0
77578555,1524,1704,0,0
77580555,1525,1698,0,0
77582555,1524,1699,0,0
77584555,1525,1710,0,0
77586555,1527,1697,0,0
77588555,1526,1704,0,0
77590555,1529,1710,0,0
77592555,1526,1705,0,0
77594555,1523,1705,0,0
77596555,1521,1704,0,0
77598555,1525,1697,0,0
77600555,1524,1696,0,0
77602555,1521,1699,0,0
77604555,1525,1703,0,0
77606555,1528,1704,0,0
77608555,1527,1709,0,0
77610555,1521,1708,0,0
77612555,1525,1705,0,0
77614555,1525,1707,0,0
77616555,1526,1705,0,0
77618555,1524,1704,0,0
77620555,1525,1703,0,0
77622555,1523,1704,0,0
77624555,1530,1704,0,0
77626555,1525,1701,0,0
77628555,1525,1703,0,0
77630555,1525,1705,0,0
77632555,1525,1702,0,0
77634555,1523,1697,0,0
77636555,1528,1701,0,0
77638555,1523,1705,0,0
77640555,1528,1702,0,0
77642555,1520,1702,0,0
77644555,1525,1700,0,0
77646555,1527,1702,0,0
77648555,1525,1700,0,0
77650555,1526,1703,0,0
77652555,1521,1704,0,0
77654555,1528,1703,0,0
77656555,1520,1706,0,0
77658555,1527,1701,0,0
77660555,1524,1705,0,0
77662555,1523,1705,0,0
77664555,1525,1701,0,0
77666555,1527,1704,0,0
77668555,1528,1697,0,0
77670555,1525,1706,0,0
77672555,1521,1704,0,0
77674555,1526,1701,0,0
77676555,1524,1710,0,0
77678555,1521,1702,0,0
77680555,1521,1715,0,0
77682555,1529,1703,0,0
77684555,1524,1708,0,0
77686555,1524,1703,0,0
77688555,1525,1701,0,0
77690555,1525,1700,0,0
77692555,1528,1705,0,0
77694555,1523,1705,0,0
77696555,1524,1709,0,0
77698555,1525,1703,0,0
77700555,1528,1705,0,0
77702555,1525,1706,0,0
77704555,1527,1707,0,0
77706555,1526,1705,0,0
77708555,1525,1702,0,0
77710555,1526,1700,0,0
77712555,1524,1703,0,0
77714555,1525,1701,0,0
77716555,1521,1705,0,0
77718555,1525,1701,0,0
77720555,1525,1703,0,0
77722555,1529,1705,0,0
77724555,1524,1709,0,0
77726555,1525,1705,0,0
77728555,1525,1709,0,0
77730555,1523,1702,0,0
77732555,1524,1709,0,0
77734555,1526,1705,0,0
77736555,1527,1704,0,0
77738555,1524,1704,0,0
77740555,1525,1705,0,0
77742555,1527,1704,0,0
77744555,1520,1699,0,0
77746555,1525,1706,0,0
77748555,1522,1703,0,0
77750555,1520,1705,0,0
77752555,1525,1694,0,0
77754555,1526,1704,0,0
77756555,1525,1707,0,0
77758555,1527,1705,0,0
77760555,1527,1704,0,0
77762555,1528,1702,0,0
77764555,1524,1703,0,0
77766555,1524,1703,0,0
77768555,1524,1705,0,0
77770555,1524,1705,0,0
77772555,1526,1705,0,0
77774555,1526,1709,0,0
77776555,1524,1701,0,0
77778555,1524,1705,0,0
77780555,1524,1700,0,0
77782555,1522,1702,0,0
77784555,1526,1706,0,0
77786555,1526,1706,0,0
77788555,1524,1699,0,0
77790555,1525,1701,0,0
77792555,1524,1703,0,0
77794555,1527,1705,0,0
77796555,1525,1706,0,0
77798555,1526,1712,0,0
77800555,1524,1694,0,0
77802555,1523,1702,0,0
77804555,1524,1703,0,0
77806555,1516,1706,0,0
77808555,1520,1704,0,0
77810555,1519,1705,0,0
77812555,1525,1709,0,0
77814555,1529,1710,0,0
77816555,1527,1702,0,0
77818555,1524,1703,0,0
77820555,1526,1715,0,0
77822555,1529,1700,0,0
77824555,1526,1709,0,0
77826555,1525,1708,0,0
77828555,1524,1697,0,0
77830555,1524,1705,0,0
77832555,1520,1699,0,0
77834555,1527,1707,0,0
77836555,1525,1706,0,0
77838555,1523,1707,0,0
77840555,1521,1706,0,0
77842555,1523,1705,0,0
77844555,1524,1706,0,0
77846555,1527,1701,0,0
77848555,1523,1695,0,0
77850555,1522,1701,0,0
77852555,1520,1705,0,0
77854555,1525,1701,0,0
77856555,1524,1706,0,0
77858555,1524,1709,0,0
77860555,1525,1701,0,0
77862555,1523,1700,0,0
77864555,1526,1704,0,0
77866555,1522,1705,0,0
77868555,1524,1694,0,0
77870555,1527,1703,0,0
77872555,1525,1704,0,0
77874555,1525,1704,0,0
77876555,1518,1701,0,0
77878555,1523,1694,0,0
77880555,1524,1707,0,0
77882555,1527,1705,0,0
77884555,1525,1703,0,0
77886555,1524,1705,0,0
77888555,1524,1693,0,0
77890555,1524,1705,0,0
77892555,1521,1707,0,0
77894555,1524,1700,0,0
77896555,1526,1701,0,0
77898555,1524,1703,0,0
77900555,1520,1704,0,0
77902555,1520,1707,0,0
77904555,1524,1704,0,0
77906555,1520,1703,0,0
77908555,1526,1702,0,0
77910555,1523,1704,0,0
77912555,1521,1704,0,0
77914555,1525,1704,0,0
77916555,1527,1702,0,0
77918555,1525,1709,0,0
77920555,1520,1707,0,0
77922555,1521,1705,0,0
77924555,1525,1702,0,0
77926555,1520,1702,0,0
77928555,1524,1705,0,0
77930555,1524,1699,0,0
77932555,1524,1697,0,0
77934555,1520,1706,0,0
77936555,1523,1702,0,0
77938555,1524,1706,0,0
77940555,1527,1699,0,0
77942555,1520,1704,0,0
77944555,1519,1697,0,0
77946555,1518,1702,0,0
77948555,1521,1713,0,0
77950555,1525,1706,0,0
77952555,1522,1711,0,0
77954555,1524,1697,0,0
77956555,1521,1703,0,0
77958555,1523,1710,0,0
77960555,1524,1703,0,0
77962555,1531,1702,0,0
77964555,1523,1705,0,0
77966555,1523,1701,0,0
77968555,1524,1706,0,0
77970555,1524,1702,0,0
77972555,1524,1700,0,0
77974555,1524,1697,0,0
77976555,1523,1704,0,0
77978555,1517,1701,0,0
77980555,1515,1700,0,0
77982555,1520,1703,0,0
77984555,1524,1705,0,0
77986555,1521,1707,0,0
77988555,1525,1704,0,0
77990555,1525,1709,0,0
77992555,1525,1704,0,0
77994555,1524,1706,0,0
77996555,1525,1701,0,0
77998555,1522,1700,0,0
78000555,1525,1713,0,0
78002555,1524,1705,0,0
78004555,1520,1705,0,0
78006555,1524,1705,0,0
78008555,1520,1705,0,0
78010555,1524,1702,0,0
78012555,1527,1708,0,0
78014555,1524,1704,0,0
78016555,1523,1701,0,0
78018555,1521,1706,0,0
78020555,1524,1700,0,0
78022555,1526,1705,0,0
78024555,1523,1702,0,0
78026555,1521,1696,0,0
78028555,1524,1704,0,0
78030555,1523,1707,0,0
78032555,1522,1705,0,0
78034555,1523,1709,0,0
78036555,1521,1701,0,0
78038555,1522,1707,0,0
78040555,1524,1700,0,0
78042555,1522,1701,0,0
78044555,1524,1704,0,0
78046555,1521,1699,0,0
78048555,1520,1704,0,0
78050555,1520,1702,0,0
78052555,1523,1700,0,0
78054555,1523,1705,0,0
78056555,1525,1703,0,0
78058555,1518,1705,0,0
78060555,1521,1706,0,0
78062555,1524,1702,0,0
78064555,1524,1706,0,0
78066555,1521,1703,0,0
78068555,1523,1704,0,0
78070555,1524,1710,0,0
78072555,1527,1700,0,0
78074555,1522,1707,0,0
78076555,1521,1701,0,0
78078555,1524,1702,0,0
78080555,1516,1713,0,0
78082555,1523,1697,0,0
78084555,1525,1697,0,0
78086555,1518,1713,0,0
78088555,1523,1703,0,0
78090555,1523,1696,0,0
78092555,1520,1707,0,0
78094555,1524,1704,0,0
78096555,1523,1709,0,0
78098555,1524,1710,0,0
78100555,1520,1705,0,0
78102555,1521,1704,0,0
78104555,1518,1700,0,0
78106555,1516,1703,0,0
78108555,1521,1704,0,0
78110555,1525,1703,0,0
78112555,1523,1707,0,0
78114555,1518,1693,0,0
78116555,1524,1705,0,0
78118555,1525,1697,0,0
78120555,1523,1699,0,0
78122555,1524,1704,0,0
78124555,1523,1699,0,0
78126555,1522,1704,0,0
78128555,1522,1704,0,0
78130555,1524,1697,0,0
78132555,1524,1697,0,0
78134555,1520,1704,0,0
78136555,1520,1701,0,0
78138555,1524,1703,0,0
78140555,1516,1706,0,0
78142555,1518,1701,0,0
78144555,1524,1696,0,0
78146555,1518,1706,0,0
78148555,1520,1709,0,0
78150555,1521,1702,0,0
78152555,1517,1706,0,0
78154555,1522,1702,0,0
78156555,1515,1704,0,0
78158555,1518,1713,0,0
78160555,1518,1707,0,0
78162555,1519,1709,0,0
78164555,1524,1705,0,0
78166555,1520,1707,0,0
78168555,1523,1707,0,0
78170555,1521,1705,0,0
78172555,1521,1704,0,0
78174555,1520,1705,0,0
78176555,1518,1710,0,0
78178555,1521,1702,0,0
78180555,1519,1702,0,0
78182555,1520,1705,0,0
78184555,1518,1701,0,0
78186555,1515,1697,0,0
78188555,1516,1707,0,0
78190555,1524,1703,0,0
78192555,1523,1704,0,0
78194555,1520,1705,0,0
78196555,1518,1699,0,0
78198555,1524,1706,0,0
78200555,1521,1704,0,0
78202555,1520,1702,0,0
78204555,1515,1701,0,0
78206555,1514,1705,0,0
78208555,1518,1705,0,0
78210555,1522,1701,0,0
78212555,1524,1705,0,0
78214555,1520,1697,0,0
78216555,1523,1705,0,0
78218555,1521,1704,0,0
78220555,1519,1704,0,0
78222555,1521,1709,0,0
78224555,1517,1705,0,0
78226555,1516,1702,0,0
78228555,1515,1704,0,0
78230555,1515,1700,0,0
78232555,1518,1704,0,0
78234555,1521,1697,0,0
78236555,1520,1702,0,0
78238555,1516,1707,0,0
78240555,1517,1701,0,0
78242555,1518,1707,0,0
78244555,1515,1705,0,0
78246555,1521,1699,0,0
78248555,1515,1707,0,0
78250555,1518,1700,0,0
78252555,1517,1703,0,0
78254555,1518,1705,0,0
78256555,1517,1701,0,0
78258555,1518,1705,0,0
78260555,1516,1704,0,0
78262555,1518,1705,0,0
78264555,1517,1704,0,0
78266555,1516,1705,0,0
78268555,1515,1701,0,0
78270555,1514,1702,0,0
78272555,1518,1696,0,0
78274555,1515,1696,0,0
78276555,1512,1701,0,0
78278555,1520,1706,0,0
78280555,1516,1698,0,0
78282555,1521,1701,0,0
78284555,1513,1703,0,0
78286555,1513,1703,0,0
78288555,1512,1705,0,0
78290555,1515,1702,0,0
78292555,1512,1694,0,0
78294555,1516,1701,0,0
78296555,1512,1694,0,0
78298555,1512,1697,0,0
78300555,1512,1701,0,0
78302555,1512,1697,0,0
78304555,1512,1701,0,0
78306555,1510,1706,0,0
78308555,1508,1701,0,0
78310555,1511,1705,0,0
78312555,1508,1704,0,0
78314555,1508,1704,0,0
78316555,1508,1705,0,0
78318555,1510,1699,0,0
78320555,1509,1704,0,0
78322555,1508,1709,0,0
78324555,1512,1704,0,0
78326555,1508,1707,0,0
78328555,1512,1709,0,0
78330555,1507,1697,0,0
78332555,1504,1702,0,0
78334555,1504,1705,0,0
78336555,1507,1703,0,0
78338555,1500,1703,0,0
78340555,1504,1709,0,0
78342555,1497,1697,0,0
78344555,1499,1710,0,0
78346555,1492,1701,0,0
78348555,1491,1710,0,0
78350555,1492,1699,0,0
78352555,1484,1709,0,0
78354555,1464,1705,0,0
78356555,1467,1699,0,0
78358555,1467,1705,0,0
78360555,1464,1707,0,0
78362555,1467,1697,0,0
78364555,1466,1707,0,0
78366555,1467,1704,0,0
78368555,1467,1705,0,0
78370555,1468,1705,0,0
78372555,1470,1705,0,0
78374555,1469,1704,0,0
78376555,1469,1697,0,0
78378555,1469,1693,0,0
78380555,1473,1705,0,0
78382555,1468,1708,0,0
78384555,1472,1705,0,0
78386555,1467,1702,0,0
78388555,1472,1709,0,0
78390555,1474,1704,0,0
78392555,1473,1702,0,0
78394555,1475,1701,0,0
78396555,1475,1707,0,0
78398555,1472,1707,0,0
78400555,1475,1705,0,0
78402555,1473,1705,0,0
