T_US,HALL_INF_MV,HALL_SUP_MV,PWM,SYNC_PULSE,posição,tempo_video_ms,posicao_video_valida,tracking_interp_gap_ms,sync_pair_index,sync_fit_residual_ms
3034827258,1565,1657,190,1,13.385990383,0.484607985,1,4.166666667,,
3034829258,1556,1637,190,1,13.386244568,2.484367484,1,4.166666667,,
3034831258,1549,1608,190,1,13.386458401,4.484126984,1,4.166666667,,
3034833258,1544,1578,190,1,13.386458401,6.483886484,1,4.166666667,,
3034835258,1538,1559,190,1,13.386934429,8.483645984,1,4.166666667,,
3034837258,1525,1523,190,1,13.393267502,10.483405483,1,4.166666667,,
3034839258,1512,1498,190,1,13.399600576,12.483164983,1,4.166666667,,
3034841258,1514,1475,190,1,13.40124774,14.482924483,1,4.166666667,,
3034843258,1517,1457,190,1,13.40285512,16.482683983,1,4.166666667,,
3034845258,1501,1431,190,1,13.403003003,18.482443482,1,4.166666667,,
3034847258,1496,1419,190,1,13.403003003,20.482202982,1,4.166666667,,
3034849258,1494,1396,190,1,13.404680162,22.481962482,1,4.166666667,,
3034851258,1488,1371,190,1,13.406714527,24.481721982,1,4.166666667,,
3034853258,1488,1359,190,1,13.407668921,26.481481481,1,4.166666667,,
3034855258,1480,1346,190,1,13.4082455,28.481240981,1,4.166666667,,
3034857258,1486,1331,190,1,13.408443125,30.481000481,1,4.166666667,,
3034859258,1466,1322,190,1,13.408443125,32.480759981,1,4.166666667,,
3034861258,1472,1319,190,1,13.408513396,34.480519481,1,4.166666667,,
3034863258,1468,1297,190,1,13.408635891,36.48027898,1,4.166666667,,
3034865258,1466,1288,190,1,13.40880378,38.48003848,1,4.166666667,,
3034867258,1461,1284,190,1,13.409018901,40.47979798,1,4.166666667,,
3034869258,1456,1273,190,1,13.409146577,42.47955748,1,4.166666667,,
3034871258,1450,1271,190,1,13.409146577,44.479316979,1,4.166666667,,
3034873258,1456,1260,190,1,13.410927892,46.479076479,1,4.166666667,,
3034875258,1457,1252,190,1,13.416444329,48.478835979,1,4.166666667,,
3034877258,1447,1248,190,1,13.421746487,50.478595479,1,4.166666667,,
3034879258,1451,1236,190,1,13.426367584,52.478354978,1,4.166666667,,
3034881258,1451,1239,190,1,13.431009602,54.478114478,1,4.166666667,,
3034883258,1446,1230,190,1,13.435765034,56.477873978,1,4.166666667,,
3034885258,1443,1219,190,1,13.440244004,58.477633478,1,4.166666667,,
3034887258,1447,1223,190,1,13.441168131,60.477392977,1,4.166666667,,
3034889258,1448,1218,190,1,13.442092259,62.477152477,1,4.166666667,,
3034891258,1446,1212,190,1,13.442891461,64.476911977,1,4.166666667,,
3034893258,1445,1209,190,1,13.44368922,66.476671477,1,4.166666667,,
3034895258,1445,1205,190,1,13.447984779,68.476430976,1,4.166666667,,
3034897258,1441,1198,190,1,13.452647549,70.476190476,1,4.166666667,,
3034899258,1441,1198,190,1,13.459389047,72.475949976,1,4.166666667,,
3034901258,1444,1201,190,1,13.46658251,74.475709476,1,4.166666667,,
3034903258,1437,1194,190,1,13.477637696,76.475468975,1,4.166666667,,
3034905258,1449,1197,190,1,13.490065101,78.475228475,1,4.166666667,,
3034907258,1436,1187,190,1,13.498425479,80.474987975,1,4.166666667,,
3034909258,1441,1198,190,1,13.504636463,82.474747475,1,4.166666667,,
3034911258,1438,1203,190,1,13.510975532,84.474506975,1,4.166666667,,
3034913258,1438,1187,190,1,13.517410969,86.474266474,1,4.166666667,,
3034915258,1435,1181,190,1,13.522617696,88.474025974,1,4.166666667,,
3034917258,1441,1183,190,1,13.526530483,90.473785474,1,4.166666667,,
3034919258,1437,1186,190,1,13.532634906,92.473544974,1,4.166666667,,
3034921258,1436,1178,190,1,13.541979423,94.473304473,1,4.166666667,,
3034923258,1436,1179,190,1,13.552692273,96.473063973,1,4.166666667,,
3034925258,1437,1179,190,1,13.566314115,98.472823473,1,4.166666667,,
3034927258,1437,1183,190,1,13.580045519,100.472582973,1,4.166666667,,
3034929258,1436,1179,190,1,13.594130979,102.472342472,1,4.166666667,,
3034931258,1440,1179,190,1,13.607586807,104.472101972,1,4.166666667,,
3034933258,1435,1185,190,1,13.617549918,106.471861472,1,4.166666667,,
3034935258,1431,1175,190,1,13.628046729,108.471620972,1,4.166666667,,
3034937258,1432,1179,190,1,13.645727613,110.471380471,1,4.166666667,,
3034939258,1436,1179,190,1,13.663408498,112.471139971,1,4.166666667,,
3034941258,1434,1168,190,1,13.663663664,114.470899471,1,4.166666667,,
3034943258,1443,1167,190,1,13.663663664,116.470658971,1,4.166666667,,
3034945258,1440,1172,190,1,13.689458426,118.47041847,1,4.166666667,,
3034947258,1432,1175,190,1,13.71805622,120.47017797,1,4.166666667,,
3034949258,1435,1175,190,1,13.730513015,122.46993747,1,4.166666667,,
3034951258,1436,1166,190,1,13.739388192,124.46969697,1,4.166666667,,
3034953258,1436,1165,190,1,13.774070119,126.469456469,1,4.166666667,,
3034955258,1436,1179,190,1,13.818065284,128.469215969,1,4.166666667,,
3034957258,1433,1166,190,1,13.846929725,130.468975469,1,4.166666667,,
3034959258,1436,1167,190,1,13.867690915,132.468734969,1,4.166666667,,
3034961258,1430,1169,190,1,13.896579224,134.468494468,1,4.166666667,,
3034963258,1428,1172,190,1,13.931657575,136.468253968,1,4.166666667,,
3034965258,1432,1169,190,1,13.955847299,138.468013468,1,4.166666667,,
3034967258,1424,1171,190,1,13.968431506,140.467772968,1,4.166666667,,
3034969258,1435,1160,190,1,13.989239929,142.467532468,1,4.166666667,,
3034971258,1436,1179,190,1,14.022359979,144.467291967,1,4.166666667,,
3034973258,1435,1167,190,1,14.055561171,146.467051467,1,4.166666667,,
3034975258,1425,1155,190,1,14.088937276,148.466810967,1,4.166666667,,
3034977258,1428,1171,190,1,14.120454914,150.466570467,1,4.166666667,,
3034979258,1423,1159,190,1,14.14586548,152.466329966,1,4.166666667,,
3034981258,1427,1155,190,1,14.176830587,154.466089466,1,4.166666667,,
3034983258,1423,1167,190,1,14.23933835,156.465848966,1,4.166666667,,
3034985258,1423,1168,190,1,14.301852169,158.465608466,1,4.166666667,,
3034987258,1430,1162,190,1,14.364451484,160.465367965,1,4.166666667,,
3034989258,1430,1155,190,1,14.427050798,162.465127465,1,4.166666667,,
3034991258,1424,1162,190,1,14.505485627,164.464886965,1,4.166666667,,
3034993258,1423,1159,190,1,14.584201502,166.464646465,1,4.166666667,,
3034995258,1424,1164,190,1,14.684668036,168.464405964,1,4.166666667,,
3034997258,1420,1154,190,1,14.78757879,170.464165464,1,4.166666667,,
3034999258,1414,1156,190,1,14.870001992,172.463924964,1,4.166666667,,
3035001258,1415,1159,190,1,14.947786787,174.463684464,1,4.166666667,,
3035003258,1399,1157,190,1,15.041476192,176.463443963,1,4.166666667,,
3035005258,1402,1155,190,1,15.140994238,178.463203463,1,4.166666667,,
3035007258,1402,1146,190,1,15.266996006,180.462962963,1,4.166666667,,
3035009258,1405,1163,190,1,15.40736974,182.462722463,1,4.166666667,,
3035011258,1399,1151,190,1,15.572555283,184.462481962,1,4.166666667,,
3035013258,1399,1143,190,1,15.75687155,186.462241462,1,4.166666667,,
3035015258,1389,1150,190,1,15.960723861,188.462000962,1,4.166666667,,
3035017258,1371,1142,190,1,16.185650678,190.461760462,1,4.166666667,,
3035019258,1371,1149,190,1,16.429360113,192.461519962,1,4.166666667,,
3035021258,1368,1131,190,1,16.701541837,194.461279461,1,4.166666667,,
3035023258,1361,1142,190,1,17.002383682,196.461038961,1,4.166666667,,
3035025258,1358,1142,190,0,17.365871499,198.460798461,1,4.166666667,,
3035027258,1345,1129,190,0,17.75898751,200.460557961,1,4.166666667,,
3035029258,1340,1126,190,0,18.25112203,202.46031746,1,4.166666667,,
3035031258,1328,1133,190,0,18.773407758,204.46007696,1,4.166666667,,
3035033258,1316,1137,190,0,19.471040062,206.45983646,1,4.166666667,,
3035035258,1308,1145,190,0,20.216175772,208.45959596,1,4.166666667,,
3035037258,1282,1207,190,0,21.666171559,210.459355459,1,4.166666667,,
3035039258,1260,1347,190,0,23.116167346,212.459114959,1,4.166666667,,
3035041258,1249,1368,190,0,23.183519712,214.458874459,1,4.166666667,,
3035043258,1264,1371,190,0,23.222013959,216.458633959,1,4.166666667,,
3035045258,1270,1370,190,0,23.226018471,218.458393458,1,4.166666667,,
3035047258,1268,1371,190,0,23.226018471,220.458152958,1,4.166666667,,
3035049258,1270,1367,190,0,23.226018471,222.457912458,1,4.166666667,,
3035051258,1267,1371,190,0,23.226018471,224.457671958,1,4.166666667,,
3035053258,1259,1371,190,0,23.226018471,226.457431457,1,4.166666667,,
3035055258,1260,1371,190,0,23.226018471,228.457190957,1,4.166666667,,
3035057258,1256,1371,190,0,23.216313897,230.456950457,1,4.166666667,,
3035059258,1256,1369,190,0,23.201273163,232.456709957,1,4.166666667,,
3035061258,1249,1368,190,0,23.19379059,234.456469456,1,4.166666667,,
3035063258,1255,1371,190,0,23.192207267,236.456228956,1,4.166666667,,
3035065258,1251,1371,190,0,23.191380855,238.455988456,1,4.166666667,,
3035067258,1252,1366,190,0,23.191380855,240.455747956,1,4.166666667,,
3035069258,1256,1365,190,0,23.191380855,242.455507456,1,4.166666667,,
3035071258,1247,1371,190,0,23.191380855,244.455266955,1,4.166666667,,
3035073258,1257,1371,190,0,23.191873084,246.455026455,1,4.166666667,,
3035075258,1252,1363,0,0,23.193456407,248.454785955,1,4.166666667,,
3035077258,1270,1392,0,0,23.198643865,250.454545455,1,4.166666667,,
3035079258,1296,1427,0,0,23.216083475,252.454304954,1,4.166666667,,
3035081258,1320,1451,0,0,23.231677864,254.454064454,1,4.166666667,,
3035083258,1334,1472,0,0,23.236278135,256.453823954,1,4.166666667,,
3035085258,1364,1498,0,0,23.240965876,258.453583454,1,4.166666667,,
3035087258,1371,1511,0,0,23.247020767,260.453342953,1,4.166666667,,
3035089258,1392,1526,0,0,23.253075659,262.453102453,1,4.166666667,,
3035091258,1408,1540,0,0,23.253542995,264.452861953,1,4.166666667,,
3035093258,1419,1556,0,0,23.253876147,266.452621453,1,4.166666667,,
3035095258,1424,1569,0,0,23.256618507,268.452380952,1,4.166666667,,
3035097258,1438,1576,0,0,23.259649647,270.452140452,1,4.166666667,,
3035099258,1449,1588,0,0,23.260227441,272.451899952,1,4.166666667,,
3035101258,1453,1589,0,0,23.260227441,274.451659452,1,4.166666667,,
3035103258,1461,1608,0,0,23.260227441,276.451418951,1,4.166666667,,
3035105258,1470,1615,0,0,23.260227441,278.451178451,1,4.166666667,,
3035107258,1485,1620,0,0,23.260334524,280.450937951,1,4.166666667,,
3035109258,1491,1635,0,0,23.260501266,282.450697451,1,4.166666667,,
3035111258,1494,1641,0,0,23.260698745,284.45045695,1,4.166666667,,
3035113258,1499,1642,0,0,23.260920511,286.45021645,1,4.166666667,,
3035115258,1507,1656,0,0,23.261093645,288.44997595,1,4.166666667,,
3035117258,1508,1656,0,0,23.261213038,290.44973545,1,4.166666667,,
3035119258,1515,1657,0,0,23.264938678,292.449494949,1,4.166666667,,
3035121258,1520,1653,0,0,23.274270346,294.449254449,1,4.166666667,,
3035123258,1524,1673,0,0,23.280729005,296.449013949,1,4.166666667,,
3035125258,1531,1672,0,0,23.280729005,298.448773449,1,4.166666667,,
3035127258,1534,1678,0,0,23.280729005,300.448532949,1,4.166666667,,
3035129258,1529,1675,0,0,23.280729005,302.448292448,1,4.166666667,,
3035131258,1538,1681,0,0,23.280729005,304.448051948,1,4.166666667,,
3035133258,1538,1689,0,0,23.280729005,306.447811448,1,4.166666667,,
3035135258,1543,1692,0,0,23.280119645,308.447570948,1,4.166666667,,
3035137258,1540,1689,0,0,23.269452638,310.447330447,1,4.166666667,,
3035139258,1545,1690,0,0,23.258785631,312.447089947,1,4.166666667,,
3035141258,1554,1693,0,0,23.258503401,314.446849447,1,4.166666667,,
3035143258,1552,1694,0,0,23.258503401,316.446608947,1,4.166666667,,
3035145258,1555,1694,0,0,23.258177281,318.446368446,1,4.166666667,,
3035147258,1561,1693,0,0,23.257810836,320.446127946,1,4.166666667,,
3035149258,1561,1693,0,0,23.255899562,322.445887446,1,4.166666667,,
3035151258,1560,1696,0,0,23.253617345,324.445646946,1,4.166666667,,
3035153258,1564,1702,0,0,23.248509987,326.445406445,1,4.166666667,,
3035155258,1564,1700,0,0,23.24231911,328.445165945,1,4.166666667,,
3035157258,1565,1697,0,0,22.463265091,330.444925445,1,4.166666667,,
3035159258,1564,1697,0,0,21.247975996,332.444684945,1,4.166666667,,
3035161258,1564,1697,0,0,20.470608858,334.444444444,1,4.166666667,,
3035163258,1573,1705,0,0,20.043484495,336.444203944,1,4.166666667,,
3035165258,1576,1694,0,0,19.591164688,338.443963444,1,4.166666667,,
3035167258,1569,1702,0,0,19.110664498,340.443722944,1,4.166666667,,
3035169258,1565,1700,0,0,18.596389092,342.443482443,1,4.166666667,,
3035171258,1566,1696,0,0,18.028941248,344.443241943,1,4.166666667,,
3035173258,1569,1697,0,0,17.436196493,346.443001443,1,4.166666667,,
3035175258,1569,1696,0,0,16.785772786,348.442760943,1,4.166666667,,
3035177258,1572,1699,0,0,16.121726055,350.442520443,1,4.166666667,,
3035179258,1566,1705,0,0,15.40973961,352.442279942,1,4.166666667,,
3035181258,1573,1707,0,0,14.795795796,354.442039442,1,4.166666667,,
3035183258,1569,1694,0,0,14.795795796,356.441798942,1,4.166666667,,
3035185258,1567,1709,0,0,14.795795796,358.441558442,1,4.166666667,,
3035187258,1568,1697,0,0,14.795795796,360.441317941,1,4.166666667,,
3035189258,1569,1697,0,0,14.795795796,362.441077441,1,4.166666667,,
3035191258,1563,1705,0,0,14.795795796,364.440836941,1,4.166666667,,
3035193258,1550,1697,0,0,14.795795796,366.440596441,1,4.166666667,,
3035195258,1548,1703,0,0,14.895505896,368.44035594,1,4.166666667,,
3035197258,1547,1701,0,0,15.007924808,370.44011544,1,4.166666667,,
3035199258,1547,1706,0,0,15.03003003,372.43987494,1,4.166666667,,
3035201258,1564,1702,0,0,15.03003003,374.43963444,1,4.166666667,,
3035203258,1558,1694,0,0,15.03003003,376.439393939,1,4.166666667,,
3035205258,1559,1697,0,0,15.03003003,378.439153439,1,4.166666667,,
3035207258,1557,1708,0,0,15.03003003,380.438912939,1,4.166666667,,
3035209258,1564,1701,0,0,15.03003003,382.438672439,1,4.166666667,,
3035211258,1569,1705,0,0,14.956401038,384.438431938,1,4.166666667,,
3035213258,1556,1705,0,0,14.823163808,386.438191438,1,4.166666667,,
3035215258,1555,1702,0,0,14.752419086,388.437950938,1,4.166666667,,
3035217258,1562,1704,0,0,14.752419086,390.437710438,1,4.166666667,,
3035219258,1558,1705,0,0,14.752419086,392.437469937,1,4.166666667,,
3035221258,1559,1707,0,0,14.752419086,394.437229437,1,4.166666667,,
3035223258,1558,1709,0,0,14.752419086,396.436988937,1,4.166666667,,
3035225258,1565,1704,0,0,14.752419086,398.436748437,1,4.166666667,,
3035227258,1568,1708,0,0,14.761053117,400.436507937,1,4.166666667,,
3035229258,1556,1707,0,0,14.800607919,402.436267436,1,4.166666667,,
3035231258,1556,1706,0,0,14.862421879,404.436026936,1,4.166666667,,
3035233258,1564,1708,0,0,15.067231047,406.435786436,1,4.166666667,,
3035235258,1559,1706,0,0,15.261571917,408.435545936,1,4.166666667,,
3035237258,1554,1713,0,0,15.261571917,410.435305435,1,4.166666667,,
3035239258,1564,1700,0,0,15.261571917,412.435064935,1,4.166666667,,
3035241258,1562,1702,0,0,15.261571917,414.434824435,1,4.166666667,,
3035243258,1564,1701,0,0,15.261571917,416.434583935,1,4.166666667,,
3035245258,1566,1707,0,0,15.261571917,418.434343434,1,4.166666667,,
3035247258,1560,1705,0,0,15.261571917,420.434102934,1,4.166666667,,
3035249258,1564,1703,0,0,15.165573513,422.433862434,1,4.166666667,,
3035251258,1556,1705,0,0,15.045629603,424.433621934,1,4.166666667,,
3035253258,1564,1709,0,0,14.971708136,426.433381433,1,4.166666667,,
3035255258,1556,1704,0,0,14.915971713,428.433140933,1,4.166666667,,
3035257258,1563,1705,0,0,14.895527204,430.432900433,1,4.166666667,,
3035259258,1565,1707,0,0,14.895527204,432.432659933,1,4.166666667,,
3035261258,1559,1705,0,0,14.857567277,434.432419432,1,4.166666667,,
3035263258,1560,1702,0,0,14.788500145,436.432178932,1,4.166666667,,
3035265258,1561,1703,0,0,14.748028893,438.431938432,1,4.166666667,,
3035267258,1560,1705,0,0,14.740322985,440.431697932,1,4.166666667,,
3035269258,1556,1700,0,0,14.735564136,442.431457431,1,4.166666667,,
3035271258,1564,1701,0,0,14.735564136,444.431216931,1,4.166666667,,
3035273258,1565,1709,0,0,14.735564136,446.430976431,1,4.166666667,,
3035275258,1565,1703,0,0,14.735564136,448.430735931,1,4.166666667,,
3035277258,1555,1707,0,0,14.721619851,450.43049543,1,4.166666667,,
3035279258,1563,1705,0,0,14.656845144,452.43025493,1,4.166666667,,
3035281258,1563,1705,0,0,14.598289859,454.43001443,1,4.166666667,,
3035283258,1560,1707,0,0,14.580742991,456.42977393,1,4.166666667,,
3035285258,1556,1704,0,0,14.563339339,458.42953343,1,4.166666667,,
3035287258,1560,1704,0,0,14.548769554,460.429292929,1,4.166666667,,
3035289258,1560,1700,0,0,14.534199768,462.429052429,1,4.166666667,,
3035291258,1562,1701,0,0,14.482017349,464.428811929,1,4.166666667,,
3035293258,1562,1707,0,0,14.428451422,466.428571429,1,4.166666667,,
3035295258,1561,1703,0,0,14.353079133,468.428330928,1,4.166666667,,
3035297258,1564,1705,0,0,14.274759637,470.428090428,1,4.166666667,,
3035299258,1565,1706,0,0,14.211616487,472.427849928,1,4.166666667,,
3035301258,1564,1705,0,0,14.152330372,474.427609428,1,4.166666667,,
3035303258,1552,1704,0,0,14.108055661,476.427368927,1,4.166666667,,
3035305258,1551,1704,0,0,14.069800688,478.427128427,1,4.166666667,,
3035307258,1560,1702,0,0,14.012329116,480.426887927,1,4.166666667,,
3035309258,1559,1709,0,0,13.943580627,482.426647427,1,4.166666667,,
3035311258,1564,1701,0,0,13.871461576,484.426406926,1,4.166666667,,
3035313258,1564,1692,0,0,13.796546701,486.426166426,1,4.166666667,,
3035315258,1564,1709,0,0,13.736247815,488.425925926,1,4.166666667,,
3035317258,1559,1699,0,0,13.692899679,490.425685426,1,4.166666667,,
3035319258,1562,1706,0,0,13.665999333,492.425444925,1,4.166666667,,
3035321258,1561,1703,0,0,13.665999333,494.425204425,1,4.166666667,,
3035323258,1556,1704,0,0,13.665999333,496.424963925,1,4.166666667,,
3035325258,1565,1709,0,0,13.665999333,498.424723425,1,4.166666667,,
3035327258,1565,1710,0,0,13.665999333,500.424482924,1,4.166666667,,
3035329258,1560,1699,0,0,13.665999333,502.424242424,1,4.166666667,,
3035331258,1559,1702,0,0,13.675499357,504.424001924,1,4.166666667,,
3035333258,1563,1704,0,0,13.749324312,506.423761424,1,4.166666667,,
3035335258,1555,1697,0,0,13.823039807,508.423520924,1,4.166666667,,
3035337258,1559,1698,0,0,13.894437662,510.423280423,1,4.166666667,,
3035339258,1561,1707,0,0,13.965835516,512.423039923,1,4.166666667,,
3035341258,1564,1705,0,0,14.024599799,514.422799423,1,4.166666667,,
3035343258,1556,1702,0,0,14.082858424,516.422558923,1,4.166666667,,
3035345258,1566,1713,0,0,14.153904452,518.422318422,1,4.166666667,,
3035347258,1563,1697,0,0,14.226728455,520.422077922,1,4.166666667,,
3035349258,1564,1699,0,0,14.267118649,522.421837422,1,4.166666667,,
3035351258,1560,1700,0,0,14.299111899,524.421596922,1,4.166666667,,
3035353258,1564,1706,0,0,14.346820877,526.421356421,1,4.166666667,,
3035355258,1563,1709,0,0,14.400925173,528.421115921,1,4.166666667,,
3035357258,1560,1699,0,0,14.451626651,530.420875421,1,4.166666667,,
3035359258,1564,1701,0,0,14.50030536,532.420634921,1,4.166666667,,
3035361258,1560,1703,0,0,14.553909188,534.42039442,1,4.166666667,,
3035363258,1554,1704,0,0,14.611648153,536.42015392,1,4.166666667,,
3035365258,1561,1701,0,0,14.65132855,538.41991342,1,4.166666667,,
3035367258,1553,1692,0,0,14.669810785,540.41967292,1,4.166666667,,
3035369258,1564,1704,0,0,14.682063705,542.419432419,1,4.166666667,,
3035371258,1564,1705,0,0,14.683997458,544.419191919,1,4.166666667,,
3035373258,1564,1697,0,0,14.685364923,546.418951419,1,4.166666667,,
3035375258,1556,1705,0,0,14.685364923,548.418710919,1,4.166666667,,
3035377258,1556,1705,0,0,14.685364923,550.418470418,1,4.166666667,,
3035379258,1560,1705,0,0,14.685364923,552.418229918,1,4.166666667,,
3035381258,1560,1702,0,0,14.685121896,554.417989418,1,4.166666667,,
3035383258,1564,1707,0,0,14.683188142,556.417748918,1,4.166666667,,
3035385258,1558,1705,0,0,14.681314985,558.417508418,1,4.166666667,,
3035387258,1561,1707,0,0,14.680820802,560.417267917,1,4.166666667,,
3035389258,1561,1699,0,0,14.680326619,562.417027417,1,4.166666667,,
3035391258,1562,1702,0,0,14.652855124,564.416786917,1,4.166666667,,
3035393258,1561,1701,0,0,14.624215853,566.416546417,1,4.166666667,,
3035395258,1560,1705,0,0,14.580358586,568.416305916,1,4.166666667,,
3035397258,1560,1702,0,0,14.534325825,570.416065416,1,4.166666667,,
3035399258,1562,1713,0,0,14.461612637,572.415824916,1,4.166666667,,
3035401258,1556,1705,0,0,14.381864414,574.415584416,1,4.166666667,,
3035403258,1560,1703,0,0,14.308167215,576.415343915,1,4.166666667,,
3035405258,1565,1699,0,0,14.23696857,578.415103415,1,4.166666667,,
3035407258,1561,1717,0,0,14.179173979,580.414862915,1,4.166666667,,
3035409258,1564,1697,0,0,14.129450229,582.414622415,1,4.166666667,,
3035411258,1564,1697,0,0,14.078846641,584.414381914,1,4.166666667,,
3035413258,1561,1709,0,0,14.027495337,586.414141414,1,4.166666667,,
3035415258,1563,1702,0,0,13.967465923,588.413900914,1,4.166666667,,
3035417258,1556,1705,0,0,13.897125545,590.413660414,1,4.166666667,,
3035419258,1563,1704,0,0,13.839915193,592.413419913,1,4.166666667,,
3035421258,1560,1699,0,0,13.80473622,594.413179413,1,4.166666667,,
3035423258,1555,1701,0,0,13.761794551,596.412938913,1,4.166666667,,
3035425258,1564,1705,0,0,13.699832665,598.412698413,1,4.166666667,,
3035427258,1564,1712,0,0,13.650650651,600.412457912,1,4.166666667,,
3035429258,1552,1704,0,0,13.650650651,602.412217412,1,4.166666667,,
3035431258,1551,1701,0,0,13.650650651,604.411976912,1,4.166666667,,
3035433258,1558,1697,0,0,13.650650651,606.411736412,1,4.166666667,,
3035435258,1560,1708,0,0,13.650650651,608.411495911,1,4.166666667,,
3035437258,1563,1701,0,0,13.650650651,610.411255411,1,4.166666667,,
3035439258,1564,1702,0,0,13.650650651,612.411014911,1,4.166666667,,
3035441258,1553,1704,0,0,13.651824196,614.410774411,1,4.166666667,,
3035443258,1556,1696,0,0,13.653052394,616.410533911,1,4.166666667,,
3035445258,1556,1702,0,0,13.744209981,618.41029341,1,4.166666667,,
3035447258,1560,1697,0,0,13.848577886,620.41005291,1,4.166666667,,
3035449258,1558,1699,0,0,13.884362953,622.40981241,1,4.166666667,,
3035451258,1564,1706,0,0,13.90173371,624.40957191,1,4.166666667,,
3035453258,1559,1706,0,0,13.931310324,626.409331409,1,4.166666667,,
3035455258,1561,1705,0,0,13.966000484,628.409090909,1,4.166666667,,
3035457258,1561,1707,0,0,14.006596213,630.408850409,1,4.166666667,,
3035459258,1553,1702,0,0,14.050793596,632.408609909,1,4.166666667,,
3035461258,1558,1702,0,0,14.097208456,634.408369408,1,4.166666667,,
3035463258,1560,1706,0,0,14.145530745,636.408128908,1,4.166666667,,
3035465258,1563,1703,0,0,14.174660632,638.407888408,1,4.166666667,,
3035467258,1560,1700,0,0,14.180708798,640.407647908,1,4.166666667,,
3035469258,1558,1705,0,0,14.184516633,642.407407407,1,4.166666667,,
3035471258,1554,1706,0,0,14.184516633,644.407166907,1,4.166666667,,
3035473258,1560,1700,0,0,14.184516633,646.406926407,1,4.166666667,,
3035475258,1560,1703,0,0,14.184516633,648.406685907,1,4.166666667,,
3035477258,1554,1706,0,0,14.184516633,650.406445406,1,4.166666667,,
3035479258,1556,1707,0,0,14.184516633,652.406204906,1,4.166666667,,
3035481258,1553,1702,0,0,14.181626119,654.405964406,1,4.166666667,,
3035483258,1559,1702,0,0,14.157470713,656.405723906,1,4.166666667,,
3035485258,1556,1706,0,0,14.133527744,658.405483405,1,4.166666667,,
3035487258,1564,1704,0,0,14.115260388,660.405242905,1,4.166666667,,
3035489258,1552,1697,0,0,14.096993033,662.405002405,1,4.166666667,,
3035491258,1564,1699,0,0,14.092741819,664.404761905,1,4.166666667,,
3035493258,1560,1705,0,0,14.089189643,666.404521405,1,4.166666667,,
3035495258,1561,1704,0,0,14.077539539,668.404280904,1,4.166666667,,
3035497258,1558,1703,0,0,14.06466774,670.404040404,1,4.166666667,,
3035499258,1564,1703,0,0,14.034630497,672.403799904,1,4.166666667,,
3035501258,1560,1705,0,0,13.999901016,674.403559404,1,4.166666667,,
3035503258,1564,1707,0,0,13.960218585,676.403318903,1,4.166666667,,
3035505258,1558,1705,0,0,13.918431045,678.403078403,1,4.166666667,,
3035507258,1556,1704,0,0,13.876700568,680.402837903,1,4.166666667,,
3035509258,1561,1705,0,0,13.83500534,682.402597403,1,4.166666667,,
3035511258,1561,1694,0,0,13.773697436,684.402356902,1,4.166666667,,
3035513258,1559,1705,0,0,13.695313927,686.402116402,1,4.166666667,,
3035515258,1555,1697,0,0,13.637698892,688.401875902,1,4.166666667,,
3035517258,1560,1709,0,0,13.605366011,690.401635402,1,4.166666667,,
3035519258,1549,1705,0,0,13.584912499,692.401394901,1,4.166666667,,
3035521258,1564,1701,0,0,13.584912499,694.401154401,1,4.166666667,,
3035523258,1563,1707,0,0,13.584912499,696.400913901,1,4.166666667,,
3035525258,1564,1710,0,0,13.584912499,698.400673401,1,4.166666667,,
3035527258,1559,1701,0,0,13.584912499,700.4004329,1,4.166666667,,
3035529258,1558,1705,0,0,13.584912499,702.4001924,1,4.166666667,,
3035531258,1555,1709,0,0,13.591867676,704.3999519,1,4.166666667,,
3035533258,1556,1695,0,0,13.651488607,706.3997114,1,4.166666667,,
3035535258,1561,1704,0,0,13.709617624,708.399470899,1,4.166666667,,
3035537258,1562,1701,0,0,13.724128492,710.399230399,1,4.166666667,,
3035539258,1552,1694,0,0,13.73863936,712.398989899,1,4.166666667,,
3035541258,1555,1706,0,0,13.782244645,714.398749399,1,4.166666667,,
3035543258,1564,1705,0,0,13.827397701,716.398508899,1,4.166666667,,
3035545258,1561,1701,0,0,13.879360876,718.398268398,1,4.166666667,,
3035547258,1556,1706,0,0,13.932378674,720.398027898,1,4.166666667,,
3035549258,1552,1702,0,0,13.945462882,722.397787398,1,4.166666667,,
3035551258,1555,1704,0,0,13.94743567,724.397546898,1,4.166666667,,
3035553258,1563,1705,0,0,13.959794919,726.397306397,1,4.166666667,,
3035555258,1551,1706,0,0,13.976632325,728.397065897,1,4.166666667,,
3035557258,1555,1703,0,0,13.994849932,730.396825397,1,4.166666667,,
3035559258,1564,1704,0,0,14.013931008,732.396584897,1,4.166666667,,
3035561258,1564,1701,0,0,14.022869166,734.396344396,1,4.166666667,,
3035563258,1564,1707,0,0,14.022869166,736.396103896,1,4.166666667,,
3035565258,1563,1703,0,0,14.022869166,738.395863396,1,4.166666667,,
3035567258,1562,1706,0,0,14.022869166,740.395622896,1,4.166666667,,
3035569258,1550,1700,0,0,14.022869166,742.395382395,1,4.166666667,,
3035571258,1559,1704,0,0,14.022869166,744.395141895,1,4.166666667,,
3035573258,1561,1701,0,0,14.016549074,746.394901395,1,4.166666667,,
3035575258,1556,1709,0,0,13.994043049,748.394660895,1,4.166666667,,
3035577258,1552,1708,0,0,13.973273265,750.394420394,1,4.166666667,,
3035579258,1558,1712,0,0,13.95957019,752.394179894,1,4.166666667,,
3035581258,1558,1705,0,0,13.945009776,754.393939394,1,4.166666667,,
3035583258,1556,1702,0,0,13.923763028,756.393698894,1,4.166666667,,
3035585258,1564,1702,0,0,13.901698706,758.393458393,1,4.166666667,,
3035587258,1563,1706,0,0,13.853259421,760.393217893,1,4.166666667,,
3035589258,1559,1705,0,0,13.804820137,762.392977393,1,4.166666667,,
3035591258,1563,1707,0,0,13.763160156,764.392736893,1,4.166666667,,
3035593258,1560,1700,0,0,13.721883502,766.392496392,1,4.166666667,,
3035595258,1559,1704,0,0,13.693324058,768.392255892,1,4.166666667,,
3035597258,1555,1707,0,0,13.666785188,770.392015392,1,4.166666667,,
3035599258,1560,1706,0,0,13.648617349,772.391774892,1,4.166666667,,
3035601258,1558,1701,0,0,13.632820011,774.391534392,1,4.166666667,,
3035603258,1559,1704,0,0,13.620383159,776.391293891,1,4.166666667,,
3035605258,1558,1701,0,0,13.609415976,778.391053391,1,4.166666667,,
3035607258,1563,1704,0,0,13.605162318,780.390812891,1,4.166666667,,
3035609258,1564,1710,0,0,13.605162318,782.390572391,1,4.166666667,,
3035611258,1555,1705,0,0,13.605162318,784.39033189,1,4.166666667,,
3035613258,1561,1704,0,0,13.605162318,786.39009139,1,4.166666667,,
3035615258,1556,1705,0,0,13.605162318,788.38985089,1,4.166666667,,
3035617258,1552,1708,0,0,13.605162318,790.38961039,1,4.166666667,,
3035619258,1564,1699,0,0,13.626374556,792.389369889,1,4.166666667,,
3035621258,1555,1704,0,0,13.685069985,794.389129389,1,4.166666667,,
3035623258,1561,1705,0,0,13.738472619,796.388888889,1,4.166666667,,
3035625258,1557,1713,0,0,13.77811628,798.388648389,1,4.166666667,,
3035627258,1561,1694,0,0,13.810467035,800.388407888,1,4.166666667,,
3035629258,1564,1700,0,0,13.812562387,802.388167388,1,4.166666667,,
3035631258,1559,1703,0,0,13.815275388,804.387926888,1,4.166666667,,
3035633258,1559,1705,0,0,13.822953079,806.387686388,1,4.166666667,,
3035635258,1558,1697,0,0,13.830423016,808.387445887,1,4.166666667,,
3035637258,1559,1693,0,0,13.830423016,810.387205387,1,4.166666667,,
3035639258,1560,1704,0,0,13.830423016,812.386964887,1,4.166666667,,
3035641258,1562,1706,0,0,13.830423016,814.386724387,1,4.166666667,,
3035643258,1552,1708,0,0,13.830423016,816.386483886,1,4.166666667,,
3035645258,1552,1705,0,0,13.830423016,818.386243386,1,4.166666667,,
3035647258,1554,1702,0,0,13.830423016,820.386002886,1,4.166666667,,
3035649258,1552,1702,0,0,13.828354776,822.385762386,1,4.166666667,,
3035651258,1563,1703,0,0,13.825690576,824.385521886,1,4.166666667,,
3035653258,1553,1702,0,0,13.813506288,826.385281385,1,4.166666667,,
3035655258,1560,1706,0,0,13.797099115,828.385040885,1,4.166666667,,
3035657258,1560,1703,0,0,13.764797431,830.384800385,1,4.166666667,,
3035659258,1564,1705,0,0,13.722296902,832.384559885,1,4.166666667,,
3035661258,1559,1704,0,0,13.688962149,834.384319384,1,4.166666667,,
3035663258,1553,1705,0,0,13.663901765,836.384078884,1,4.166666667,,
3035665258,1560,1707,0,0,13.644675767,838.383838384,1,4.166666667,,
3035667258,1552,1700,0,0,13.632816179,840.383597884,1,4.166666667,,
3035669258,1560,1702,0,0,13.62520693,842.383357383,1,4.166666667,,
3035671258,1556,1697,0,0,13.62520693,844.383116883,1,4.166666667,,
3035673258,1565,1703,0,0,13.62520693,846.382876383,1,4.166666667,,
3035675258,1558,1707,0,0,13.62520693,848.382635883,1,4.166666667,,
3035677258,1556,1701,0,0,13.62520693,850.382395382,1,4.166666667,,
3035679258,1561,1692,0,0,13.62520693,852.382154882,1,4.166666667,,
3035681258,1565,1696,0,0,13.626364481,854.381914382,1,4.166666667,,
3035683258,1553,1709,0,0,13.637118716,856.381673882,1,4.166666667,,
3035685258,1555,1704,0,0,13.647746029,858.381433381,1,4.166666667,,
3035687258,1554,1713,0,0,13.653223444,860.381192881,1,4.166666667,,
3035689258,1564,1705,0,0,13.658700859,862.380952381,1,4.166666667,,
3035691258,1564,1699,0,0,13.66620229,864.380711881,1,4.166666667,,
3035693258,1559,1710,0,0,13.673831839,866.38047138,1,4.166666667,,
3035695258,1558,1699,0,0,13.682516679,868.38023088,1,4.166666667,,
3035697258,1564,1705,0,0,13.69137777,870.37999038,1,4.166666667,,
3035699258,1552,1713,0,0,13.702410534,872.37974988,1,4.166666667,,
3035701258,1560,1715,0,0,13.714079938,874.37950938,1,4.166666667,,
3035703258,1564,1708,0,0,13.721881452,876.379268879,1,4.166666667,,
3035705258,1564,1702,0,0,13.727942921,878.379028379,1,4.166666667,,
3035707258,1559,1704,0,0,13.735272415,880.378787879,1,4.166666667,,
3035709258,1561,1708,0,0,13.743425875,882.378547379,1,4.166666667,,
3035711258,1552,1703,0,0,13.747318747,884.378306878,1,4.166666667,,
3035713258,1556,1703,0,0,13.747318747,886.378066378,1,4.166666667,,
3035715258,1556,1704,0,0,13.743940795,888.377825878,1,4.166666667,,
3035717258,1552,1702,0,0,13.736245544,890.377585378,1,4.166666667,,
3035719258,1552,1705,0,0,13.731122206,892.377344877,1,4.166666667,,
3035721258,1561,1706,0,0,13.730663998,894.377104377,1,4.166666667,,
3035723258,1561,1697,0,0,13.728682836,896.376863877,1,4.166666667,,
3035725258,1550,1704,0,0,13.722621367,898.376623377,1,4.166666667,,
3035727258,1564,1705,0,0,13.712819479,900.376382876,1,4.166666667,,
3035729258,1564,1697,0,0,13.686884796,902.376142376,1,4.166666667,,
3035731258,1559,1709,0,0,13.663663664,904.375901876,1,4.166666667,,
3035733258,1556,1706,0,0,13.663663664,906.375661376,1,4.166666667,,
3035735258,1564,1704,0,0,13.663171347,908.375420875,1,4.166666667,,
3035737258,1562,1707,0,0,13.639779272,910.375180375,1,4.166666667,,
3035739258,1559,1705,0,0,13.616387197,912.374939875,1,4.166666667,,
3035741258,1563,1705,0,0,13.602272901,914.374699375,1,4.166666667,,
3035743258,1563,1701,0,0,13.58877752,916.374458874,1,4.166666667,,
3035745258,1561,1702,0,0,13.586305597,918.374218374,1,4.166666667,,
3035747258,1555,1700,0,0,13.585720082,920.373977874,1,4.166666667,,
3035749258,1564,1705,0,0,13.585585586,922.373737374,1,4.166666667,,
3035751258,1559,1705,0,0,13.585585586,924.373496873,1,4.166666667,,
3035753258,1557,1707,0,0,13.585585586,926.373256373,1,4.166666667,,
3035755258,1556,1712,0,0,13.585585586,928.373015873,1,4.166666667,,
3035757258,1556,1709,0,0,13.585938726,930.372775373,1,4.166666667,,
3035759258,1544,1709,0,0,13.586524241,932.372534873,1,4.166666667,,
3035761258,1556,1706,0,0,13.593471673,934.372294372,1,4.166666667,,
3035763258,1561,1700,0,0,13.606302407,936.372053872,1,4.166666667,,
3035765258,1556,1707,0,0,13.620776885,938.371813372,1,4.166666667,,
3035767258,1555,1705,0,0,13.637378028,940.371572872,1,4.166666667,,
3035769258,1559,1694,0,0,13.64866578,942.371332371,1,4.166666667,,
3035771258,1561,1704,0,0,13.650188139,944.371091871,1,4.166666667,,
3035773258,1556,1706,0,0,13.651301301,946.370851371,1,4.166666667,,
3035775258,1556,1704,0,0,13.651301301,948.370610871,1,4.166666667,,
3035777258,1564,1702,0,0,13.651301301,950.37037037,1,4.166666667,,
3035779258,1563,1705,0,0,13.651301301,952.37012987,1,4.166666667,,
3035781258,1564,1709,0,0,13.651301301,954.36988937,1,4.166666667,,
3035783258,1556,1705,0,0,13.651301301,956.36964887,1,4.166666667,,
3035785258,1564,1709,0,0,13.650774356,958.369408369,1,4.166666667,,
3035787258,1555,1707,0,0,13.621564006,960.369167869,1,4.166666667,,
3035789258,1556,1707,0,0,13.592353657,962.368927369,1,4.166666667,,
3035791258,1553,1705,0,0,13.582650693,964.368686869,1,4.166666667,,
3035793258,1555,1701,0,0,13.574316009,966.368446368,1,4.166666667,,
3035795258,1556,1705,0,0,13.573073073,968.368205868,1,4.166666667,,
3035797258,1560,1701,0,0,13.573073073,970.367965368,1,4.166666667,,
3035799258,1552,1699,0,0,13.573073073,972.367724868,1,4.166666667,,
3035801258,1557,1707,0,0,13.573073073,974.367484367,1,4.166666667,,
3035803258,1553,1705,0,0,13.573073073,976.367243867,1,4.166666667,,
3035805258,1564,1702,0,0,13.573073073,978.367003367,1,4.166666667,,
3035807258,1556,1709,0,0,13.572661405,980.366762867,1,4.166666667,,
3035809258,1566,1709,0,0,13.571975428,982.366522367,1,4.166666667,,
3035811258,1565,1701,0,0,13.571643784,984.366281866,1,4.166666667,,
3035813258,1559,1707,0,0,13.571643784,986.366041366,1,4.166666667,,
3035815258,1563,1708,0,0,13.573424742,988.365800866,1,4.166666667,,
3035817258,1560,1705,0,0,13.577538262,990.365560366,1,4.166666667,,
3035819258,1564,1708,0,0,13.58047742,992.365319865,1,4.166666667,,
3035821258,1564,1696,0,0,13.581229554,994.365079365,1,4.166666667,,
3035823258,1565,1710,0,0,13.581581876,996.364838865,1,4.166666667,,
3035825258,1562,1703,0,0,13.580829742,998.364598365,1,4.166666667,,
3035827258,1565,1703,0,0,13.579465161,1000.364357864,1,4.166666667,,
3035829258,1562,1701,0,0,13.575351641,1002.364117364,1,4.166666667,,
3035831258,1558,1709,0,0,13.571314643,1004.363876864,1,4.166666667,,
3035833258,1560,1702,0,0,13.56797708,1006.363636364,1,4.166666667,,
3035835258,1555,1705,0,0,13.564665626,1008.363395863,1,4.166666667,,
3035837258,1559,1703,0,0,13.563064907,1010.363155363,1,4.166666667,,
3035839258,1564,1702,0,0,13.561464188,1012.362914863,1,4.166666667,,
3035841258,1560,1705,0,0,13.560985075,1014.362674363,1,4.166666667,,
3035843258,1555,1702,0,0,13.560588507,1016.362433862,1,4.166666667,,
3035845258,1555,1694,0,0,13.557727048,1018.362193362,1,4.166666667,,
3035847258,1564,1705,0,0,13.554423307,1020.361952862,1,4.166666667,,
3035849258,1564,1705,0,0,13.536720979,1022.361712362,1,4.166666667,,
3035851258,1555,1707,0,0,13.51457786,1024.361471861,1,4.166666667,,
3035853258,1559,1703,0,0,13.507507508,1026.361231361,1,4.166666667,,
3035855258,1561,1705,0,0,13.507507508,1028.360990861,1,4.166666667,,
3035857258,1561,1699,0,0,13.507507508,1030.360750361,1,4.166666667,,
3035859258,1553,1704,0,0,13.507507508,1032.360509861,1,4.166666667,,
3035861258,1561,1703,0,0,13.507507508,1034.36026936,1,4.166666667,,
3035863258,1558,1709,0,0,13.507507508,1036.36002886,1,4.166666667,,
3035865258,1556,1709,0,0,13.509309435,1038.35978836,1,4.166666667,,
3035867258,1561,1710,0,0,13.513500491,1040.35954786,1,4.166666667,,
3035869258,1556,1701,0,0,13.522861941,1042.359307359,1,4.166666667,,
3035871258,1552,1713,0,0,13.541980714,1044.359066859,1,4.166666667,,
3035873258,1556,1710,0,0,13.556075492,1046.358826359,1,4.166666667,,
3035875258,1555,1700,190,1,13.556075492,1048.358585859,1,4.166666667,1,-2.525252525
3035877258,1551,1676,190,1,13.556075492,1050.358345358,1,4.166666667,,
3035879258,1540,1639,190,1,13.556075492,1052.358104858,1,4.166666667,,
3035881258,1530,1611,190,1,13.556075492,1054.357864358,1,4.166666667,,
3035883258,1526,1581,190,1,13.556075492,1056.357623858,1,4.166666667,,
3035885258,1517,1548,190,1,13.555941128,1058.357383357,1,4.166666667,,
3035887258,1512,1526,190,1,13.54476877,1060.357142857,1,4.166666667,,
3035889258,1504,1491,190,1,13.533596413,1062.356902357,1,4.166666667,,
3035891258,1501,1484,190,1,13.532796948,1064.356661857,1,4.166666667,,
3035893258,1492,1453,190,1,13.532796948,1066.356421356,1,4.166666667,,
3035895258,1485,1428,190,1,13.532796948,1068.356180856,1,4.166666667,,
3035897258,1484,1418,190,1,13.532796948,1070.355940356,1,4.166666667,,
3035899258,1479,1396,190,1,13.532796948,1072.355699856,1,4.166666667,,
3035901258,1462,1371,190,0,13.532796948,1074.355459355,1,4.166666667,,
3035903258,1461,1360,190,0,13.535364408,1076.355218855,1,4.166666667,,
3035905258,1456,1338,190,0,13.539152949,1078.354978355,1,4.166666667,,
3035907258,1448,1332,190,0,13.546264839,1080.354737855,1,4.166666667,,
3035909258,1454,1322,190,0,13.555647237,1082.354497354,1,4.166666667,,
3035911258,1448,1307,190,0,13.562142566,1084.354256854,1,4.166666667,,
3035913258,1444,1300,190,0,13.565869847,1086.354016354,1,4.166666667,,
3035915258,1440,1282,190,0,13.568417523,1088.353775854,1,4.166666667,,
3035917258,1437,1280,190,0,13.569381869,1090.353535354,1,4.166666667,,
3035919258,1436,1274,190,0,13.570053616,1092.353294853,1,4.166666667,,
3035921258,1436,1268,190,0,13.570165788,1094.353054353,1,4.166666667,,
3035923258,1437,1261,190,0,13.571333512,1096.352813853,1,4.166666667,,
3035925258,1425,1244,190,0,13.575509071,1098.352573353,1,4.166666667,,
3035927258,1431,1245,190,0,13.582026393,1100.352332852,1,4.166666667,,
3035929258,1435,1239,190,0,13.599493252,1102.352092352,1,4.166666667,,
3035931258,1433,1236,190,0,13.615779416,1104.351851852,1,4.166666667,,
3035933258,1425,1228,190,0,13.620496293,1106.351611352,1,4.166666667,,
3035935258,1428,1229,190,0,13.625193497,1108.351370851,1,4.166666667,,
3035937258,1424,1219,190,0,13.627729171,1110.351130351,1,4.166666667,,
3035939258,1416,1215,190,0,13.630264846,1112.350889851,1,4.166666667,,
3035941258,1425,1205,190,0,13.647377247,1114.350649351,1,4.166666667,,
3035943258,1423,1206,190,0,13.665664122,1116.35040885,1,4.166666667,,
3035945258,1423,1202,190,0,13.675846232,1118.35016835,1,4.166666667,,
3035947258,1419,1203,190,0,13.684505805,1120.34992785,1,4.166666667,,
3035949258,1428,1197,190,0,13.688367288,1122.34968735,1,4.166666667,,
3035951258,1422,1191,190,0,13.690699166,1124.349446849,1,4.166666667,,
3035953258,1425,1199,190,0,13.691478257,1126.349206349,1,4.166666667,,
3035955258,1423,1201,190,0,13.691508633,1128.348965849,1,4.166666667,,
3035957258,1419,1193,190,0,13.710142245,1130.348725349,1,4.166666667,,
3035959258,1423,1181,190,0,13.741644831,1132.348484848,1,4.166666667,,
3035961258,1419,1189,190,0,13.761118848,1134.348244348,1,4.166666667,,
3035963258,1423,1185,190,0,13.768920594,1136.348003848,1,4.166666667,,
3035965258,1416,1191,190,0,13.774913605,1138.347763348,1,4.166666667,,
3035967258,1416,1182,190,0,13.778448791,1140.347522848,1,4.166666667,,
3035969258,1413,1180,190,0,13.782610957,1142.347282347,1,4.166666667,,
3035971258,1410,1178,190,0,13.787988311,1144.347041847,1,4.166666667,,
3035973258,1414,1183,190,0,13.799775003,1146.346801347,1,4.166666667,,
3035975258,1420,1183,190,0,13.830114249,1148.346560847,1,4.166666667,,
3035977258,1410,1171,190,0,13.859012084,1150.346320346,1,4.166666667,,
3035979258,1413,1178,190,0,13.881028176,1152.346079846,1,4.166666667,,
3035981258,1415,1172,190,0,13.903810984,1154.345839346,1,4.166666667,,
3035983258,1412,1175,190,0,13.934384447,1156.345598846,1,4.166666667,,
3035985258,1408,1179,190,0,13.964951538,1158.345358345,1,4.166666667,,
3035987258,1411,1166,190,0,13.994465459,1160.345117845,1,4.166666667,,
3035989258,1412,1167,190,0,14.02397938,1162.344877345,1,4.166666667,,
3035991258,1410,1175,190,0,14.06487003,1164.344636845,1,4.166666667,,
3035993258,1414,1171,190,0,14.106717395,1166.344396344,1,4.166666667,,
3035995258,1415,1164,190,0,14.143634228,1168.344155844,1,4.166666667,,
3035997258,1404,1167,190,0,14.179603834,1170.343915344,1,4.166666667,,
3035999258,1412,1166,190,0,14.198175636,1172.343674844,1,4.166666667,,
3036001258,1412,1165,190,0,14.211109774,1174.343434343,1,4.166666667,,
3036003258,1408,1170,190,0,14.248605458,1176.343193843,1,4.166666667,,
3036005258,1408,1166,190,0,14.298107054,1178.342953343,1,4.166666667,,
3036007258,1404,1161,190,0,14.348843562,1180.342712843,1,4.166666667,,
3036009258,1407,1169,190,0,14.400445012,1182.342472342,1,4.166666667,,
3036011258,1409,1165,190,0,14.468635655,1184.342231842,1,4.166666667,,
3036013258,1404,1156,190,0,14.553118903,1186.341991342,1,4.166666667,,
3036015258,1400,1166,190,0,14.631017078,1188.341750842,1,4.166666667,,
3036017258,1400,1161,190,0,14.699856076,1190.341510342,1,4.166666667,,
3036019258,1395,1163,190,0,14.782863154,1192.341269841,1,4.166666667,,
3036021258,1401,1161,190,0,14.893701294,1194.341029341,1,4.166666667,,
3036023258,1393,1159,190,0,15.008519416,1196.340788841,1,4.166666667,,
3036025258,1391,1159,190,0,15.135041702,1198.340548341,1,4.166666667,,
3036027258,1386,1154,190,0,15.264601685,1200.34030784,1,4.166666667,,
3036029258,1384,1151,190,0,15.408974463,1202.34006734,1,4.166666667,,
3036031258,1371,1156,190,0,15.557251956,1204.33982684,1,4.166666667,,
3036033258,1371,1154,190,0,15.746718766,1206.33958634,1,4.166666667,,
3036035258,1366,1153,190,0,15.93636533,1208.339345839,1,4.166666667,,
3036037258,1367,1140,190,0,16.185618089,1210.339105339,1,4.166666667,,
3036039258,1359,1148,190,0,16.434870848,1212.338864839,1,4.166666667,,
3036041258,1359,1142,190,0,16.713187324,1214.338624339,1,4.166666667,,
3036043258,1348,1143,190,0,16.994050914,1216.338383838,1,4.166666667,,
3036045258,1341,1128,190,0,17.370965293,1218.338143338,1,4.166666667,,
3036047258,1333,1139,190,0,17.766744323,1220.337902838,1,4.166666667,,
3036049258,1332,1132,190,0,18.274083595,1222.337662338,1,4.166666667,,
3036051258,1320,1126,190,0,18.81816373,1224.337421837,1,4.166666667,,
3036053258,1312,1127,190,0,20.320204417,1226.337181337,1,4.166666667,,
3036055258,1306,1142,190,0,22.296918003,1228.336940837,1,4.166666667,,
3036057258,1284,1167,190,0,23.135657886,1230.336700337,1,4.166666667,,
3036059258,1264,1321,190,0,23.167407169,1232.336459836,1,4.166666667,,
3036061258,1247,1369,190,0,23.206742801,1234.336219336,1,4.166666667,,
3036063258,1241,1371,190,0,23.2536193,1236.335978836,1,4.166666667,,
3036065258,1244,1371,190,0,23.280905199,1238.335738336,1,4.166666667,,
3036067258,1236,1371,190,0,23.280905199,1240.335497835,1,4.166666667,,
3036069258,1243,1368,190,0,23.280905199,1242.335257335,1,4.166666667,,
3036071258,1238,1389,190,0,23.280905199,1244.335016835,1,4.166666667,,
3036073258,1235,1371,190,0,23.280905199,1246.334776335,1,4.166666667,,
3036075258,1243,1371,190,0,23.280905199,1248.334535835,1,4.166666667,,
3036077258,1235,1371,190,0,23.278124481,1250.334295334,1,4.166666667,,
3036079258,1233,1371,190,0,23.261490184,1252.334054834,1,4.166666667,,
3036081258,1230,1370,190,0,23.245253434,1254.333814334,1,4.166666667,,
3036083258,1231,1371,190,0,23.233375397,1256.333573834,1,4.166666667,,
3036085258,1229,1371,190,0,23.221497359,1258.333333333,1,4.166666667,,
3036087258,1231,1360,190,0,23.221497359,1260.333092833,1,4.166666667,,
3036089258,1228,1369,190,0,23.221497359,1262.332852333,1,4.166666667,,
3036091258,1232,1369,190,0,23.221497359,1264.332611833,1,4.166666667,,
3036093258,1235,1371,190,0,23.221497359,1266.332371332,1,4.166666667,,
3036095258,1231,1368,190,0,23.221497359,1268.332130832,1,4.166666667,,
3036097258,1231,1371,190,0,23.221497359,1270.331890332,1,4.166666667,,
3036099258,1227,1364,190,0,23.236733001,1272.331649832,1,4.166666667,,
3036101258,1231,1364,190,0,23.25706757,1274.331409331,1,4.166666667,,
3036103258,1231,1367,190,0,23.267208577,1276.331168831,1,4.166666667,,
3036105258,1236,1358,190,0,23.272229782,1278.330928331,1,4.166666667,,
3036107258,1231,1368,190,0,23.274328241,1280.330687831,1,4.166666667,,
3036109258,1227,1371,190,0,23.274328241,1282.33044733,1,4.166666667,,
3036111258,1226,1369,190,0,23.274328241,1284.33020683,1,4.166666667,,
3036113258,1231,1368,190,0,23.274328241,1286.32996633,1,4.166666667,,
3036115258,1228,1371,190,0,23.274328241,1288.32972583,1,4.166666667,,
3036117258,1230,1362,190,0,23.274328241,1290.329485329,1,4.166666667,,
3036119258,1231,1371,190,0,23.27174161,1292.329244829,1,4.166666667,,
3036121258,1218,1371,190,0,23.263934772,1294.329004329,1,4.166666667,,
3036123258,1227,1364,190,0,23.258062039,1296.328763829,1,4.166666667,,
3036125258,1227,1371,0,0,23.258062039,1298.328523329,1,4.166666667,,
3036127258,1244,1401,0,0,23.258062039,1300.328282828,1,4.166666667,,
3036129258,1274,1423,0,0,23.258062039,1302.328042328,1,4.166666667,,
3036131258,1287,1443,0,0,23.258062039,1304.327801828,1,4.166666667,,
3036133258,1316,1472,0,0,23.258062039,1306.327561328,1,4.166666667,,
3036135258,1324,1484,0,0,23.258062039,1308.327320827,1,4.166666667,,
3036137258,1344,1511,0,0,23.271993612,1310.327080327,1,4.166666667,,
3036139258,1364,1527,0,0,23.285967197,1312.326839827,1,4.166666667,,
3036141258,1371,1536,0,0,23.287177177,1314.326599327,1,4.166666667,,
3036143258,1392,1552,0,0,23.287177177,1316.326358826,1,4.166666667,,
3036145258,1406,1556,0,0,23.287177177,1318.326118326,1,4.166666667,,
3036147258,1414,1577,0,0,23.287177177,1320.325877826,1,4.166666667,,
3036149258,1425,1585,0,0,23.287177177,1322.325637326,1,4.166666667,,
3036151258,1436,1604,0,0,23.287177177,1324.325396825,1,4.166666667,,
3036153258,1448,1605,0,0,23.284392473,1326.325156325,1,4.166666667,,
3036155258,1448,1611,0,0,23.280190147,1328.324915825,1,4.166666667,,
3036157258,1460,1617,0,0,23.278421278,1330.324675325,1,4.166666667,,
3036159258,1467,1628,0,0,23.278421278,1332.324434824,1,4.166666667,,
3036161258,1474,1636,0,0,23.278421278,1334.324194324,1,4.166666667,,
3036163258,1473,1639,0,0,23.278421278,1336.323953824,1,4.166666667,,
3036165258,1482,1641,0,0,23.278421278,1338.323713324,1,4.166666667,,
3036167258,1487,1653,0,0,23.278421278,1340.323472823,1,4.166666667,,
3036169258,1495,1666,0,0,23.279879289,1342.323232323,1,4.166666667,,
3036171258,1491,1666,0,0,23.284320079,1344.322991823,1,4.166666667,,
3036173258,1505,1667,0,0,23.289869574,1346.322751323,1,4.166666667,,
3036175258,1502,1672,0,0,23.298840523,1348.322510823,1,4.166666667,,
3036177258,1512,1669,0,0,23.306365763,1350.322270322,1,4.166666667,,
3036179258,1516,1675,0,0,23.306365763,1352.322029822,1,4.166666667,,
3036181258,1515,1681,0,0,23.306365763,1354.321789322,1,4.166666667,,
3036183258,1517,1678,0,0,23.306365763,1356.321548822,1,4.166666667,,
3036185258,1521,1689,0,0,23.306365763,1358.321308321,1,4.166666667,,
3036187258,1521,1692,0,0,23.306365763,1360.321067821,1,4.166666667,,
3036189258,1524,1689,0,0,23.306365763,1362.320827321,1,4.166666667,,
3036191258,1529,1693,0,0,23.297430834,1364.320586821,1,4.166666667,,
3036193258,1525,1701,0,0,23.287616576,1366.32034632,1,4.166666667,,
3036195258,1536,1701,0,0,23.276379206,1368.32010582,1,4.166666667,,
3036197258,1536,1707,0,0,23.264843759,1370.31986532,1,4.166666667,,
3036199258,1530,1697,0,0,23.244425458,1372.31962482,1,4.166666667,,
3036201258,1537,1702,0,0,23.220938406,1374.319384319,1,4.166666667,,
3036203258,1542,1694,0,0,23.20792565,1376.319143819,1,4.166666667,,
3036205258,1539,1693,0,0,23.200317135,1378.318903319,1,4.166666667,,
3036207258,1540,1703,0,0,23.196055018,1380.318662819,1,4.166666667,,
3036209258,1543,1701,0,0,23.194255542,1382.318422318,1,4.166666667,,
3036211258,1538,1701,0,0,22.644730989,1384.318181818,1,4.166666667,,
3036213258,1542,1697,0,0,21.530762035,1386.317941318,1,4.166666667,,
3036215258,1543,1700,0,0,20.7319501,1388.317700818,1,4.166666667,,
3036217258,1546,1699,0,0,20.388725445,1390.317460317,1,4.166666667,,
3036219258,1539,1695,0,0,19.994108611,1392.317219817,1,4.166666667,,
3036221258,1546,1701,0,0,19.492907626,1394.316979317,1,4.166666667,,
3036223258,1552,1696,0,0,18.973391174,1396.316738817,1,4.166666667,,
3036225258,1543,1692,0,0,18.396422472,1398.316498316,1,4.166666667,,
3036227258,1548,1702,0,0,17.813017588,1400.316257816,1,4.166666667,,
3036229258,1547,1702,0,0,17.195351654,1402.316017316,1,4.166666667,,
3036231258,1543,1698,0,0,16.57347289,1404.315776816,1,4.166666667,,
3036233258,1552,1701,0,0,15.899307462,1406.315536316,1,4.166666667,,
3036235258,1550,1700,0,0,15.225142033,1408.315295815,1,4.166666667,,
3036237258,1551,1709,0,0,15.090084381,1410.315055315,1,4.166666667,,
3036239258,1553,1705,0,0,14.959933657,1412.314814815,1,4.166666667,,
3036241258,1540,1706,0,0,14.947881215,1414.314574315,1,4.166666667,,
3036243258,1552,1700,0,0,14.947881215,1416.314333814,1,4.166666667,,
3036245258,1551,1706,0,0,14.947881215,1418.314093314,1,4.166666667,,
3036247258,1542,1693,0,0,14.947881215,1420.313852814,1,4.166666667,,
3036249258,1540,1704,0,0,14.947881215,1422.313612314,1,4.166666667,,
3036251258,1530,1709,0,0,14.947881215,1424.313371813,1,4.166666667,,
3036253258,1525,1706,0,0,14.947881215,1426.313131313,1,4.166666667,,
3036255258,1537,1705,0,0,14.947881215,1428.312890813,1,4.166666667,,
3036257258,1530,1698,0,0,14.947881215,1430.312650313,1,4.166666667,,
3036259258,1525,1704,0,0,14.947881215,1432.312409812,1,4.166666667,,
3036261258,1524,1709,0,0,14.947881215,1434.312169312,1,4.166666667,,
3036263258,1536,1696,0,0,14.947881215,1436.311928812,1,4.166666667,,
3036265258,1532,1701,0,0,14.941069208,1438.311688312,1,4.166666667,,
3036267258,1538,1704,0,0,14.924286441,1440.311447811,1,4.166666667,,
3036269258,1524,1696,0,0,14.905364239,1442.311207311,1,4.166666667,,
3036271258,1526,1694,0,0,14.881943632,1444.310966811,1,4.166666667,,
3036273258,1533,1704,0,0,14.864114114,1446.310726311,1,4.166666667,,
3036275258,1534,1706,0,0,14.864114114,1448.31048581,1,4.166666667,,
3036277258,1538,1707,0,0,14.864114114,1450.31024531,1,4.166666667,,
3036279258,1525,1705,0,0,14.864114114,1452.31000481,1,4.166666667,,
3036281258,1530,1699,0,0,14.864114114,1454.30976431,1,4.166666667,,
3036283258,1536,1694,0,0,14.864114114,1456.30952381,1,4.166666667,,
3036285258,1536,1696,0,0,14.864114114,1458.309283309,1,4.166666667,,
3036287258,1538,1697,0,0,15.139533609,1460.309042809,1,4.166666667,,
3036289258,1527,1697,0,0,15.418305745,1462.308802309,1,4.166666667,,
3036291258,1526,1702,0,0,15.445010208,1464.308561809,1,4.166666667,,
3036293258,1524,1705,0,0,15.445066558,1466.308321308,1,4.166666667,,
3036295258,1528,1713,0,0,15.445076656,1468.308080808,1,4.166666667,,
3036297258,1521,1707,0,0,15.445076656,1470.307840308,1,4.166666667,,
3036299258,1528,1709,0,0,15.445076656,1472.307599808,1,4.166666667,,
3036301258,1527,1700,0,0,15.445076656,1474.307359307,1,4.166666667,,
3036303258,1537,1705,0,0,15.445076656,1476.307118807,1,4.166666667,,
3036305258,1529,1710,0,0,15.445076656,1478.306878307,1,4.166666667,,
3036307258,1528,1705,0,0,15.363090503,1480.306637807,1,4.166666667,,
3036309258,1532,1701,0,0,15.219268803,1482.306397306,1,4.166666667,,
3036311258,1533,1707,0,0,15.132551167,1484.306156806,1,4.166666667,,
3036313258,1529,1706,0,0,15.106113966,1486.305916306,1,4.166666667,,
3036315258,1533,1705,0,0,15.085055953,1488.305675806,1,4.166666667,,
3036317258,1535,1701,0,0,15.07197038,1490.305435305,1,4.166666667,,
3036319258,1533,1702,0,0,15.053314483,1492.305194805,1,4.166666667,,
3036321258,1520,1707,0,0,15.022783621,1494.304954305,1,4.166666667,,
3036323258,1529,1706,0,0,14.989786858,1496.304713805,1,4.166666667,,
3036325258,1528,1706,0,0,14.94879479,1498.304473304,1,4.166666667,,
3036327258,1531,1707,0,0,14.914039039,1500.304232804,1,4.166666667,,
3036329258,1526,1706,0,0,14.914039039,1502.303992304,1,4.166666667,,
3036331258,1528,1713,0,0,14.908950831,1504.303751804,1,4.166666667,,
3036333258,1525,1707,0,0,14.834725484,1506.303511304,1,4.166666667,,
3036335258,1534,1702,0,0,14.760500137,1508.303270803,1,4.166666667,,
3036337258,1533,1708,0,0,14.720725552,1510.303030303,1,4.166666667,,
3036339258,1536,1705,0,0,14.681476773,1512.302789803,1,4.166666667,,
3036341258,1531,1702,0,0,14.656996581,1514.302549303,1,4.166666667,,
3036343258,1535,1703,0,0,14.634132165,1516.302308802,1,4.166666667,,
3036345258,1525,1704,0,0,14.576802541,1518.302068302,1,4.166666667,,
3036347258,1531,1704,0,0,14.51179427,1520.301827802,1,4.166666667,,
3036349258,1533,1708,0,0,14.457306818,1522.301587302,1,4.166666667,,
3036351258,1529,1705,0,0,14.406627884,1524.301346801,1,4.166666667,,
3036353258,1526,1699,0,0,14.345584251,1526.301106301,1,4.166666667,,
3036355258,1530,1709,0,0,14.278975099,1528.300865801,1,4.166666667,,
3036357258,1528,1707,0,0,14.218021603,1530.300625301,1,4.166666667,,
3036359258,1524,1702,0,0,14.161386317,1532.3003848,1,4.166666667,,
3036361258,1527,1703,0,0,14.090258354,1534.3001443,1,4.166666667,,
3036363258,1533,1703,0,0,14.003646299,1536.2999038,1,4.166666667,,
3036365258,1526,1707,0,0,13.903267735,1538.2996633,1,4.166666667,,
3036367258,1531,1701,0,0,13.782229057,1540.299422799,1,4.166666667,,
3036369258,1534,1708,0,0,13.695687355,1542.299182299,1,4.166666667,,
3036371258,1531,1708,0,0,13.683714211,1544.298941799,1,4.166666667,,
3036373258,1532,1705,0,0,13.674527361,1546.298701299,1,4.166666667,,
3036375258,1536,1706,0,0,13.674527361,1548.298460798,1,4.166666667,,
3036377258,1528,1700,0,0,13.674527361,1550.298220298,1,4.166666667,,
3036379258,1530,1693,0,0,13.674527361,1552.297979798,1,4.166666667,,
3036381258,1536,1702,0,0,13.674527361,1554.297739298,1,4.166666667,,
3036383258,1536,1698,0,0,13.674527361,1556.297498797,1,4.166666667,,
3036385258,1530,1694,0,0,13.674527361,1558.297258297,1,4.166666667,,
3036387258,1529,1705,0,0,13.760842367,1560.297017797,1,4.166666667,,
3036389258,1530,1713,0,0,13.848743074,1562.296777297,1,4.166666667,,
3036391258,1528,1705,0,0,13.91588053,1564.296536797,1,4.166666667,,
3036393258,1526,1701,0,0,13.980669264,1566.296296296,1,4.166666667,,
3036395258,1533,1708,0,0,14.058401622,1568.296055796,1,4.166666667,,
3036397258,1530,1705,0,0,14.139076147,1570.295815296,1,4.166666667,,
3036399258,1531,1704,0,0,14.20551501,1572.295574796,1,4.166666667,,
3036401258,1536,1705,0,0,14.266720862,1574.295334295,1,4.166666667,,
3036403258,1526,1704,0,0,14.316496274,1576.295093795,1,4.166666667,,
3036405258,1536,1703,0,0,14.360052338,1578.294853295,1,4.166666667,,
3036407258,1530,1702,0,0,14.422078542,1580.294612795,1,4.166666667,,
3036409258,1531,1709,0,0,14.498380706,1582.294372294,1,4.166666667,,
3036411258,1534,1699,0,0,14.564838657,1584.294131794,1,4.166666667,,
3036413258,1532,1705,0,0,14.620651552,1586.293891294,1,4.166666667,,
3036415258,1530,1705,0,0,14.66454572,1588.293650794,1,4.166666667,,
3036417258,1537,1705,0,0,14.690327034,1590.293410293,1,4.166666667,,
3036419258,1529,1707,0,0,14.709896134,1592.293169793,1,4.166666667,,
3036421258,1536,1703,0,0,14.715848444,1594.292929293,1,4.166666667,,
3036423258,1529,1705,0,0,14.720433477,1596.292688793,1,4.166666667,,
3036425258,1527,1699,0,0,14.720433477,1598.292448292,1,4.166666667,,
3036427258,1529,1697,0,0,14.720433477,1600.292207792,1,4.166666667,,
3036429258,1535,1702,0,0,14.720433477,1602.291967292,1,4.166666667,,
3036431258,1536,1697,0,0,14.720433477,1604.291726792,1,4.166666667,,
3036433258,1527,1700,0,0,14.720433477,1606.291486291,1,4.166666667,,
3036435258,1529,1713,0,0,14.720433477,1608.291245791,1,4.166666667,,
3036437258,1526,1701,0,0,14.709088336,1610.291005291,1,4.166666667,,
3036439258,1528,1709,0,0,14.697499289,1612.290764791,1,4.166666667,,
3036441258,1532,1702,0,0,14.695137789,1614.290524291,1,4.166666667,,
3036443258,1528,1696,0,0,14.693854592,1616.29028379,1,4.166666667,,
3036445258,1536,1701,0,0,14.663565097,1618.29004329,1,4.166666667,,
3036447258,1533,1708,0,0,14.626550439,1620.28980279,1,4.166666667,,
3036449258,1537,1705,0,0,14.580514376,1622.28956229,1,4.166666667,,
3036451258,1526,1709,0,0,14.531111116,1624.289321789,1,4.166666667,,
3036453258,1525,1693,0,0,14.480291494,1626.289081289,1,4.166666667,,
3036455258,1529,1705,0,0,14.428691024,1628.288840789,1,4.166666667,,
3036457258,1532,1697,0,0,14.363704241,1630.288600289,1,4.166666667,,
3036459258,1536,1700,0,0,14.288243709,1632.288359788,1,4.166666667,,
3036461258,1538,1707,0,0,14.208656229,1634.288119288,1,4.166666667,,
3036463258,1526,1704,0,0,14.124551977,1636.287878788,1,4.166666667,,
3036465258,1528,1710,0,0,14.053936719,1638.287638288,1,4.166666667,,
3036467258,1534,1700,0,0,14.004080095,1640.287397787,1,4.166666667,,
3036469258,1536,1707,0,0,13.952859903,1642.287157287,1,4.166666667,,
3036471258,1538,1709,0,0,13.898608683,1644.286916787,1,4.166666667,,
3036473258,1524,1704,0,0,13.843966194,1646.286676287,1,4.166666667,,
3036475258,1529,1705,0,0,13.787989037,1648.286435786,1,4.166666667,,
3036477258,1537,1705,0,0,13.732008042,1650.286195286,1,4.166666667,,
3036479258,1537,1696,0,0,13.676004075,1652.285954786,1,4.166666667,,
3036481258,1534,1693,0,0,13.623334078,1654.285714286,1,4.166666667,,
3036483258,1529,1705,0,0,13.623334078,1656.285473785,1,4.166666667,,
3036485258,1536,1702,0,0,13.623334078,1658.285233285,1,4.166666667,,
3036487258,1536,1704,0,0,13.623334078,1660.284992785,1,4.166666667,,
3036489258,1538,1705,0,0,13.623334078,1662.284752285,1,4.166666667,,
3036491258,1539,1703,0,0,13.623334078,1664.284511785,1,4.166666667,,
3036493258,1536,1697,0,0,13.623334078,1666.284271284,1,4.166666667,,
3036495258,1538,1701,0,0,13.65414239,1668.284030784,1,4.166666667,,
3036497258,1535,1701,0,0,13.692234748,1670.283790284,1,4.166666667,,
3036499258,1536,1704,0,0,13.749866887,1672.283549784,1,4.166666667,,
3036501258,1536,1697,0,0,13.814903402,1674.283309283,1,4.166666667,,
3036503258,1529,1704,0,0,13.87395574,1676.283068783,1,4.166666667,,
3036505258,1532,1704,0,0,13.929665464,1678.282828283,1,4.166666667,,
3036507258,1534,1694,0,0,13.983994453,1680.282587783,1,4.166666667,,
3036509258,1534,1700,0,0,14.037229864,1682.282347282,1,4.166666667,,
3036511258,1536,1708,0,0,14.091353673,1684.282106782,1,4.166666667,,
3036513258,1530,1706,0,0,14.146461588,1686.281866282,1,4.166666667,,
3036515258,1531,1704,0,0,14.198184658,1688.281625782,1,4.166666667,,
3036517258,1536,1702,0,0,14.244632577,1690.281385281,1,4.166666667,,
3036519258,1528,1705,0,0,14.28093832,1692.281144781,1,4.166666667,,
3036521258,1534,1704,0,0,14.294379513,1694.280904281,1,4.166666667,,
3036523258,1534,1709,0,0,14.304814016,1696.280663781,1,4.166666667,,
3036525258,1536,1699,0,0,14.304814016,1698.28042328,1,4.166666667,,
3036527258,1530,1705,0,0,14.304814016,1700.28018278,1,4.166666667,,
3036529258,1530,1706,0,0,14.304814016,1702.27994228,1,4.166666667,,
3036531258,1536,1705,0,0,14.304814016,1704.27970178,1,4.166666667,,
3036533258,1536,1707,0,0,14.304814016,1706.279461279,1,4.166666667,,
3036535258,1538,1702,0,0,14.304814016,1708.279220779,1,4.166666667,,
3036537258,1528,1713,0,0,14.290935161,1710.278980279,1,4.166666667,,
3036539258,1537,1697,0,0,14.276670306,1712.278739779,1,4.166666667,,
3036541258,1536,1704,0,0,14.251515512,1714.278499278,1,4.166666667,,
3036543258,1533,1705,0,0,14.225005918,1716.278258778,1,4.166666667,,
3036545258,1530,1714,0,0,14.204839305,1718.278018278,1,4.166666667,,
3036547258,1536,1710,0,0,14.186201634,1720.277777778,1,4.166666667,,
3036549258,1538,1709,0,0,14.161394032,1722.277537278,1,4.166666667,,
3036551258,1536,1705,0,0,14.134212983,1724.277296777,1,4.166666667,,
3036553258,1537,1701,0,0,14.100638788,1726.277056277,1,4.166666667,,
3036555258,1536,1709,0,0,14.063446626,1728.276815777,1,4.166666667,,
3036557258,1529,1704,0,0,14.016339413,1730.276575277,1,4.166666667,,
3036559258,1536,1706,0,0,13.961282971,1732.276334776,1,4.166666667,,
3036561258,1536,1702,0,0,13.905327722,1734.276094276,1,4.166666667,,
3036563258,1533,1709,0,0,13.848364754,1736.275853776,1,4.166666667,,
3036565258,1533,1705,0,0,13.786107085,1738.275613276,1,4.166666667,,
3036567258,1524,1704,0,0,13.715492821,1740.275372775,1,4.166666667,,
3036569258,1531,1693,0,0,13.646140045,1742.275132275,1,4.166666667,,
3036571258,1534,1699,0,0,13.579671741,1744.274891775,1,4.166666667,,
3036573258,1532,1699,0,0,13.527872028,1746.274651275,1,4.166666667,,
3036575258,1536,1692,0,0,13.527872028,1748.274410774,1,4.166666667,,
3036577258,1531,1703,0,0,13.527872028,1750.274170274,1,4.166666667,,
3036579258,1528,1697,0,0,13.527872028,1752.273929774,1,4.166666667,,
3036581258,1527,1692,0,0,13.527872028,1754.273689274,1,4.166666667,,
3036583258,1533,1695,0,0,13.527872028,1756.273448773,1,4.166666667,,
3036585258,1537,1699,0,0,13.527872028,1758.273208273,1,4.166666667,,
3036587258,1532,1707,0,0,13.582225289,1760.272967773,1,4.166666667,,
3036589258,1532,1704,0,0,13.638263399,1762.272727273,1,4.166666667,,
3036591258,1534,1704,0,0,13.702549335,1764.272486772,1,4.166666667,,
3036593258,1537,1713,0,0,13.767892828,1766.272246272,1,4.166666667,,
3036595258,1534,1703,0,0,13.829191086,1768.272005772,1,4.166666667,,
3036597258,1538,1709,0,0,13.88949546,1770.271765272,1,4.166666667,,
3036599258,1542,1707,0,0,13.934493622,1772.271524772,1,4.166666667,,
3036601258,1535,1699,0,0,13.973515196,1774.271284271,1,4.166666667,,
3036603258,1536,1703,0,0,14.009810312,1776.271043771,1,4.166666667,,
3036605258,1537,1701,0,0,14.044542294,1778.270803271,1,4.166666667,,
3036607258,1531,1705,0,0,14.08402769,1780.270562771,1,4.166666667,,
3036609258,1537,1702,0,0,14.127370704,1782.27032227,1,4.166666667,,
3036611258,1531,1704,0,0,14.159364242,1784.27008177,1,4.166666667,,
3036613258,1536,1705,0,0,14.17847853,1786.26984127,1,4.166666667,,
3036615258,1533,1704,0,0,14.193768869,1788.26960077,1,4.166666667,,
3036617258,1538,1701,0,0,14.202946865,1790.269360269,1,4.166666667,,
3036619258,1533,1704,0,0,14.209482822,1792.269119769,1,4.166666667,,
3036621258,1537,1710,0,0,14.209890935,1794.268879269,1,4.166666667,,
3036623258,1538,1701,0,0,14.21021021,1796.268638769,1,4.166666667,,
3036625258,1529,1697,0,0,14.21021021,1798.268398268,1,4.166666667,,
3036627258,1537,1700,0,0,14.21021021,1800.268157768,1,4.166666667,,
3036629258,1535,1704,0,0,14.21021021,1802.267917268,1,4.166666667,,
3036631258,1533,1701,0,0,14.21021021,1804.267676768,1,4.166666667,,
3036633258,1536,1701,0,0,14.21021021,1806.267436267,1,4.166666667,,
3036635258,1535,1702,0,0,14.21021021,1808.267195767,1,4.166666667,,
3036637258,1535,1699,0,0,14.204680209,1810.266955267,1,4.166666667,,
3036639258,1534,1705,0,0,14.198961059,1812.266714767,1,4.166666667,,
3036641258,1534,1704,0,0,14.165245021,1814.266474266,1,4.166666667,,
3036643258,1538,1703,0,0,14.127831641,1816.266233766,1,4.166666667,,
3036645258,1537,1708,0,0,14.089415953,1818.265993266,1,4.166666667,,
3036647258,1538,1705,0,0,14.050749312,1820.265752766,1,4.166666667,,
3036649258,1530,1705,0,0,13.997909438,1822.265512266,1,4.166666667,,
3036651258,1533,1694,0,0,13.939452633,1824.265271765,1,4.166666667,,
3036653258,1540,1709,0,0,13.889733819,1826.265031265,1,4.166666667,,
3036655258,1534,1704,0,0,13.845090016,1828.264790765,1,4.166666667,,
3036657258,1528,1700,0,0,13.796939034,1830.264550265,1,4.166666667,,
3036659258,1534,1706,0,0,13.745907016,1832.264309764,1,4.166666667,,
3036661258,1536,1697,0,0,13.697628695,1834.264069264,1,4.166666667,,
3036663258,1536,1705,0,0,13.65251321,1836.263828764,1,4.166666667,,
3036665258,1538,1705,0,0,13.605641775,1838.263588264,1,4.166666667,,
3036667258,1537,1702,0,0,13.555927633,1840.263347763,1,4.166666667,,
3036669258,1538,1707,0,0,13.521041041,1842.263107263,1,4.166666667,,
3036671258,1533,1713,0,0,13.521041041,1844.262866763,1,4.166666667,,
3036673258,1537,1707,0,0,13.521041041,1846.262626263,1,4.166666667,,
3036675258,1531,1709,0,0,13.521041041,1848.262385762,1,4.166666667,,
3036677258,1533,1694,0,0,13.521041041,1850.262145262,1,4.166666667,,
3036679258,1532,1696,0,0,13.521041041,1852.261904762,1,4.166666667,,
3036681258,1531,1701,0,0,13.52259138,1854.261664262,1,4.166666667,,
3036683258,1530,1707,0,0,13.555226998,1856.261423761,1,4.166666667,,
3036685258,1530,1703,0,0,13.587862615,1858.261183261,1,4.166666667,,
3036687258,1530,1707,0,0,13.646356491,1860.260942761,1,4.166666667,,
3036689258,1534,1705,0,0,13.705818237,1862.260702261,1,4.166666667,,
3036691258,1536,1701,0,0,13.729008563,1864.26046176,1,4.166666667,,
3036693258,1533,1705,0,0,13.747268553,1866.26022126,1,4.166666667,,
3036695258,1533,1694,0,0,13.792145199,1868.25998076,1,4.166666667,,
3036697258,1537,1697,0,0,13.843811603,1870.25974026,1,4.166666667,,
3036699258,1533,1717,0,0,13.884530851,1872.259499759,1,4.166666667,,
3036701258,1521,1705,0,0,13.920847238,1874.259259259,1,4.166666667,,
3036703258,1530,1709,0,0,13.934299369,1876.259018759,1,4.166666667,,
3036705258,1538,1709,0,0,13.934299369,1878.258778259,1,4.166666667,,
3036707258,1539,1705,0,0,13.934299369,1880.258537759,1,4.166666667,,
3036709258,1537,1707,0,0,13.934299369,1882.258297258,1,4.166666667,,
3036711258,1535,1715,0,0,13.934299369,1884.258056758,1,4.166666667,,
3036713258,1534,1702,0,0,13.934299369,1886.257816258,1,4.166666667,,
3036715258,1531,1705,0,0,13.926576786,1888.257575758,1,4.166666667,,
3036717258,1534,1705,0,0,13.906191616,1890.257335257,1,4.166666667,,
3036719258,1539,1705,0,0,13.882022976,1892.257094757,1,4.166666667,,
3036721258,1527,1709,0,0,13.848823322,1894.256854257,1,4.166666667,,
3036723258,1528,1706,0,0,13.815873487,1896.256613757,1,4.166666667,,
3036725258,1534,1706,0,0,13.783854083,1898.256373256,1,4.166666667,,
3036727258,1531,1703,0,0,13.751744371,1900.256132756,1,4.166666667,,
3036729258,1533,1709,0,0,13.719019891,1902.255892256,1,4.166666667,,
3036731258,1530,1701,0,0,13.6864514,1904.255651756,1,4.166666667,,
3036733258,1536,1701,0,0,13.657232464,1906.255411255,1,4.166666667,,
3036735258,1527,1707,0,0,13.628013527,1908.255170755,1,4.166666667,,
3036737258,1529,1709,0,0,13.580734637,1910.254930255,1,4.166666667,,
3036739258,1533,1699,0,0,13.532721143,1912.254689755,1,4.166666667,,
3036741258,1534,1706,0,0,13.526831334,1914.254449254,1,4.166666667,,
3036743258,1529,1712,0,0,13.526831334,1916.254208754,1,4.166666667,,
3036745258,1529,1700,0,0,13.526831334,1918.253968254,1,4.166666667,,
3036747258,1531,1703,0,0,13.526831334,1920.253727754,1,4.166666667,,
3036749258,1530,1705,0,0,13.526831334,1922.253487253,1,4.166666667,,
3036751258,1530,1695,0,0,13.526831334,1924.253246753,1,4.166666667,,
3036753258,1538,1707,0,0,13.527753409,1926.253006253,1,4.166666667,,
3036755258,1531,1707,0,0,13.529225014,1928.252765753,1,4.166666667,,
3036757258,1533,1707,0,0,13.549229359,1930.252525253,1,4.166666667,,
3036759258,1529,1703,0,0,13.584831581,1932.252284752,1,4.166666667,,
3036761258,1530,1704,0,0,13.619179064,1934.252044252,1,4.166666667,,
3036763258,1532,1708,0,0,13.652050091,1936.251803752,1,4.166666667,,
3036765258,1532,1701,0,0,13.68448305,1938.251563252,1,4.166666667,,
3036767258,1535,1707,0,0,13.716188466,1940.251322751,1,4.166666667,,
3036769258,1533,1712,0,0,13.744452193,1942.251082251,1,4.166666667,,
3036771258,1533,1706,0,0,13.764380798,1944.250841751,1,4.166666667,,
3036773258,1526,1705,0,0,13.78134824,1946.250601251,1,4.166666667,,
3036775258,1527,1703,0,0,13.787085453,1948.25036075,1,4.166666667,,
3036777258,1525,1692,0,0,13.792604048,1950.25012025,1,4.166666667,,
3036779258,1530,1705,0,0,13.796593377,1952.24987975,1,4.166666667,,
3036781258,1532,1705,0,0,13.800606972,1954.24963925,1,4.166666667,,
3036783258,1528,1706,0,0,13.805181156,1956.249398749,1,4.166666667,,
3036785258,1525,1708,0,0,13.80975534,1958.249158249,1,4.166666667,,
3036787258,1536,1705,0,0,13.809947879,1960.248917749,1,4.166666667,,
3036789258,1528,1700,0,0,13.809947879,1962.248677249,1,4.166666667,,
3036791258,1527,1703,0,0,13.809947879,1964.248436748,1,4.166666667,,
3036793258,1531,1706,0,0,13.809947879,1966.248196248,1,4.166666667,,
3036795258,1533,1704,0,0,13.80317637,1968.247955748,1,4.166666667,,
3036797258,1531,1701,0,0,13.794612858,1970.247715248,1,4.166666667,,
3036799258,1534,1709,0,0,13.761560172,1972.247474747,1,4.166666667,,
3036801258,1534,1703,0,0,13.718366137,1974.247234247,1,4.166666667,,
3036803258,1528,1703,0,0,13.692663319,1976.246993747,1,4.166666667,,
3036805258,1530,1694,0,0,13.677519325,1978.246753247,1,4.166666667,,
3036807258,1531,1695,0,0,13.669759378,1980.246512747,1,4.166666667,,
3036809258,1531,1705,0,0,13.66828985,1982.246272246,1,4.166666667,,
3036811258,1537,1705,0,0,13.64992163,1984.246031746,1,4.166666667,,
3036813258,1533,1706,0,0,13.611426379,1986.245791246,1,4.166666667,,
3036815258,1528,1707,0,0,13.575500391,1988.245550746,1,4.166666667,,
3036817258,1534,1701,0,0,13.543896565,1990.245310245,1,4.166666667,,
3036819258,1531,1709,0,0,13.521433714,1992.245069745,1,4.166666667,,
3036821258,1534,1704,0,0,13.521433714,1994.244829245,1,4.166666667,,
3036823258,1530,1702,0,0,13.521433714,1996.244588745,1,4.166666667,,
3036825258,1536,1718,0,0,13.521433714,1998.244348244,1,4.166666667,,
3036827258,1529,1704,0,0,13.521433714,2000.244107744,1,4.166666667,,
3036829258,1524,1703,0,0,13.521433714,2002.243867244,1,4.166666667,,
3036831258,1530,1703,0,0,13.521877667,2004.243626744,1,4.166666667,,
3036833258,1528,1700,0,0,13.533413509,2006.243386243,1,4.166666667,,
3036835258,1535,1706,0,0,13.54494935,2008.243145743,1,4.166666667,,
3036837258,1535,1706,0,0,13.576127322,2010.242905243,1,4.166666667,,
3036839258,1528,1704,0,0,13.608232975,2012.242664743,1,4.166666667,,
3036841258,1533,1713,0,0,13.630527367,2014.242424242,1,4.166666667,,
3036843258,1530,1701,0,0,13.651372753,2016.242183742,1,4.166666667,,
3036845258,1532,1703,0,0,13.658036829,2018.241943242,1,4.166666667,,
3036847258,1530,1705,0,0,13.660879529,2020.241702742,1,4.166666667,,
3036849258,1531,1697,0,0,13.661720544,2022.241462241,1,4.166666667,,
3036851258,1526,1702,0,0,13.661720544,2024.241221741,1,4.166666667,,
3036853258,1529,1703,0,0,13.661720544,2026.240981241,1,4.166666667,,
3036855258,1531,1699,0,0,13.661720544,2028.240740741,1,4.166666667,,
3036857258,1531,1705,0,0,13.661720544,2030.24050024,1,4.166666667,,
3036859258,1536,1704,0,0,13.661720544,2032.24025974,1,4.166666667,,
3036861258,1533,1709,0,0,13.649147599,2034.24001924,1,4.166666667,,
3036863258,1527,1706,0,0,13.621417084,2036.23977874,1,4.166666667,,
3036865258,1531,1701,0,0,13.5970542,2038.23953824,1,4.166666667,,
3036867258,1536,1706,0,0,13.57842998,2040.239297739,1,4.166666667,,
3036869258,1531,1701,0,0,13.558387074,2042.239057239,1,4.166666667,,
3036871258,1532,1701,0,0,13.534806394,2044.238816739,1,4.166666667,,
3036873258,1526,1708,0,0,13.51600424,2046.238576239,1,4.166666667,,
3036875258,1537,1705,0,0,13.51600424,2048.238335738,1,4.166666667,,
3036877258,1536,1697,0,0,13.51600424,2050.238095238,1,4.166666667,,
3036879258,1527,1700,0,0,13.51600424,2052.237854738,1,4.166666667,,
3036881258,1530,1700,0,0,13.51600424,2054.237614238,1,4.166666667,,
3036883258,1529,1702,0,0,13.51600424,2056.237373737,1,4.166666667,,
3036885258,1534,1703,0,0,13.51600424,2058.237133237,1,4.166666667,,
3036887258,1528,1699,0,0,13.521220342,2060.236892737,1,4.166666667,,
3036889258,1532,1701,0,0,13.526700051,2062.236652237,1,4.166666667,,
3036891258,1526,1705,0,0,13.540812753,2064.236411736,1,4.166666667,,
3036893258,1530,1702,0,0,13.556234753,2066.236171236,1,4.166666667,,
3036895258,1527,1705,0,0,13.559649003,2068.235930736,1,4.166666667,,
3036897258,1530,1700,0,0,13.559769174,2070.235690236,1,4.166666667,,
3036899258,1536,1702,0,0,13.571617055,2072.235449735,1,4.166666667,,
3036901258,1524,1701,0,0,13.588463798,2074.235209235,1,4.166666667,,
3036903258,1538,1704,0,0,13.602373311,2076.234968735,1,4.166666667,,
3036905258,1526,1701,0,0,13.614463859,2078.234728235,1,4.166666667,,
3036907258,1533,1700,0,0,13.621258337,2080.234487734,1,4.166666667,,
3036909258,1528,1704,0,0,13.623430683,2082.234247234,1,4.166666667,,
3036911258,1533,1709,0,0,13.624624625,2084.234006734,1,4.166666667,,
3036913258,1533,1700,0,0,13.624624625,2086.233766234,1,4.166666667,,
3036915258,1524,1701,0,0,13.624624625,2088.233525734,1,4.166666667,,
3036917258,1530,1704,0,0,13.624624625,2090.233285233,1,4.166666667,,
3036919258,1537,1704,0,0,13.624009366,2092.233044733,1,4.166666667,,
3036921258,1527,1701,0,0,13.62183702,2094.232804233,1,4.166666667,,
3036923258,1531,1704,0,0,13.61942588,2096.232563733,1,4.166666667,,
3036925258,1531,1710,190,1,13.61605741,2098.232323232,1,4.166666667,2,-2.398989899
3036927258,1518,1669,190,1,13.611570405,2100.232082732,1,4.166666667,,
3036929258,1521,1633,190,1,13.598563994,2102.231842232,1,4.166666667,,
3036931258,1510,1605,190,1,13.585518341,2104.231601732,1,4.166666667,,
3036933258,1499,1572,190,1,13.571303426,2106.231361231,1,4.166666667,,
3036935258,1488,1550,190,1,13.557088512,2108.231120731,1,4.166666667,,
3036937258,1487,1528,190,1,13.544714123,2110.230880231,1,4.166666667,,
3036939258,1483,1494,190,1,13.532438875,2112.230639731,1,4.166666667,,
3036941258,1476,1477,190,1,13.52308669,2114.23039923,1,4.166666667,,
3036943258,1465,1456,190,1,13.514189521,2116.23015873,1,4.166666667,,
3036945258,1462,1432,190,1,13.506183359,2118.22991823,1,4.166666667,,
3036947258,1465,1413,190,1,13.498425995,2120.22967773,1,4.166666667,,
3036949258,1461,1396,190,1,13.496084325,2122.229437229,1,4.166666667,,
3036951258,1440,1371,190,0,13.496084325,2124.229196729,1,4.166666667,,
3036953258,1447,1359,190,0,13.496084325,2126.228956229,1,4.166666667,,
3036955258,1443,1352,190,0,13.496084325,2128.228715729,1,4.166666667,,
3036957258,1438,1333,190,0,13.496084325,2130.228475228,1,4.166666667,,
3036959258,1430,1315,190,0,13.496084325,2132.228234728,1,4.166666667,,
3036961258,1434,1309,190,0,13.496456182,2134.227994228,1,4.166666667,,
3036963258,1428,1304,190,0,13.497287364,2136.227753728,1,4.166666667,,
3036965258,1423,1286,190,0,13.499876913,2138.227513228,1,4.166666667,,
3036967258,1423,1286,190,0,13.505541425,2140.227272727,1,4.166666667,,
3036969258,1422,1271,190,0,13.511307371,2142.227032227,1,4.166666667,,
3036971258,1418,1261,190,0,13.517333865,2144.226791727,1,4.166666667,,
3036973258,1410,1258,190,0,13.522208996,2146.226551227,1,4.166666667,,
3036975258,1414,1256,190,0,13.522380086,2148.226310726,1,4.166666667,,
3036977258,1415,1243,190,0,13.52270784,2150.226070226,1,4.166666667,,
3036979258,1419,1232,190,0,13.524264745,2152.225829726,1,4.166666667,,
3036981258,1410,1231,190,0,13.525775776,2154.225589226,1,4.166666667,,
3036983258,1408,1230,190,0,13.525775776,2156.225348725,1,4.166666667,,
3036985258,1410,1226,190,0,13.525775776,2158.225108225,1,4.166666667,,
3036987258,1408,1217,190,0,13.525775776,2160.224867725,1,4.166666667,,
3036989258,1410,1215,190,0,13.525775776,2162.224627225,1,4.166666667,,
3036991258,1405,1212,190,0,13.525775776,2164.224386724,1,4.166666667,,
3036993258,1401,1205,190,0,13.525775776,2166.224146224,1,4.166666667,,
3036995258,1405,1205,190,0,13.520588576,2168.223905724,1,4.166666667,,
3036997258,1403,1204,190,0,13.513927331,2170.223665224,1,4.166666667,,
3036999258,1400,1207,190,0,13.511896512,2172.223424723,1,4.166666667,,
3037001258,1408,1205,190,0,13.511896512,2174.223184223,1,4.166666667,,
3037003258,1406,1201,190,0,13.511896512,2176.222943723,1,4.166666667,,
3037005258,1399,1193,190,0,13.511896512,2178.222703223,1,4.166666667,,
3037007258,1404,1192,190,0,13.511896512,2180.222462722,1,4.166666667,,
3037009258,1402,1194,190,0,13.511896512,2182.222222222,1,4.166666667,,
3037011258,1401,1192,190,0,13.515238483,2184.221981722,1,4.166666667,,
3037013258,1405,1179,190,0,13.522759048,2186.221741222,1,4.166666667,,
3037015258,1400,1180,190,0,13.530500177,2188.221500722,1,4.166666667,,
3037017258,1400,1185,190,0,13.538632073,2190.221260221,1,4.166666667,,
3037019258,1392,1191,190,0,13.54815125,2192.221019721,1,4.166666667,,
3037021258,1403,1181,190,0,13.561287589,2194.220779221,1,4.166666667,,
3037023258,1400,1179,190,0,13.574127219,2196.220538721,1,4.166666667,,
3037025258,1402,1179,190,0,13.585731179,2198.22029822,1,4.166666667,,
3037027258,1405,1185,190,0,13.59953809,2200.22005772,1,4.166666667,,
3037029258,1401,1175,190,0,13.631161222,2202.21981722,1,4.166666667,,
3037031258,1403,1179,190,0,13.66219282,2204.21957672,1,4.166666667,,
3037033258,1402,1177,190,0,13.67145868,2206.219336219,1,4.166666667,,
3037035258,1403,1179,190,0,13.680724541,2208.219095719,1,4.166666667,,
3037037258,1398,1179,190,0,13.708626153,2210.218855219,1,4.166666667,,
3037039258,1403,1179,190,0,13.737656846,2212.218614719,1,4.166666667,,
3037041258,1400,1175,190,0,13.770215937,2214.218374218,1,4.166666667,,
3037043258,1406,1172,190,0,13.803352806,2216.218133718,1,4.166666667,,
3037045258,1397,1176,190,0,13.838920827,2218.217893218,1,4.166666667,,
3037047258,1396,1175,190,0,13.87519181,2220.217652718,1,4.166666667,,
3037049258,1397,1172,190,0,13.893509242,2222.217412217,1,4.166666667,,
3037051258,1402,1175,190,0,13.903840387,2224.217171717,1,4.166666667,,
3037053258,1395,1168,190,0,13.935936841,2226.216931217,1,4.166666667,,
3037055258,1398,1168,190,0,13.982034499,2228.216690717,1,4.166666667,,
3037057258,1393,1169,190,0,14.035295752,2230.216450216,1,4.166666667,,
3037059258,1396,1169,190,0,14.095039525,2232.216209716,1,4.166666667,,
3037061258,1399,1164,190,0,14.149901522,2234.215969216,1,4.166666667,,
3037063258,1400,1167,190,0,14.198584814,2236.215728716,1,4.166666667,,
3037065258,1403,1165,190,0,14.250288849,2238.215488215,1,4.166666667,,
3037067258,1392,1156,190,0,14.307414991,2240.215247715,1,4.166666667,,
3037069258,1400,1161,190,0,14.366686552,2242.215007215,1,4.166666667,,
3037071258,1396,1171,190,0,14.431636886,2244.214766715,1,4.166666667,,
3037073258,1385,1159,190,0,14.499656939,2246.214526215,1,4.166666667,,
3037075258,1393,1165,190,0,14.580711191,2248.214285714,1,4.166666667,,
3037077258,1371,1155,190,0,14.663067912,2250.214045214,1,4.166666667,,
3037079258,1371,1159,190,0,14.756290731,2252.213804714,1,4.166666667,,
3037081258,1371,1161,190,0,14.850055895,2254.213564214,1,4.166666667,,
3037083258,1371,1159,190,0,14.966404805,2256.213323713,1,4.166666667,,
3037085258,1371,1156,190,0,15.082753715,2258.213083213,1,4.166666667,,
3037087258,1371,1155,190,0,15.212142658,2260.212842713,1,4.166666667,,
3037089258,1371,1148,190,0,15.342365895,2262.212602213,1,4.166666667,,
3037091258,1369,1150,190,0,15.502586951,2264.212361712,1,4.166666667,,
3037093258,1363,1150,190,0,15.667842752,2266.212121212,1,4.166666667,,
3037095258,1360,1150,190,0,15.856563121,2268.211880712,1,4.166666667,,
3037097258,1356,1145,190,0,16.052185907,2270.211640212,1,4.166666667,,
3037099258,1346,1150,190,0,16.278174894,2272.211399711,1,4.166666667,,
3037101258,1335,1141,190,0,16.517863119,2274.211159211,1,4.166666667,,
3037103258,1344,1140,190,0,16.808518433,2276.210918711,1,4.166666667,,
3037105258,1329,1139,190,0,17.132375744,2278.210678211,1,4.166666667,,
3037107258,1329,1134,190,0,17.50216696,2280.21043771,1,4.166666667,,
3037109258,1320,1128,190,0,17.914028976,2282.21019721,1,4.166666667,,
3037111258,1308,1131,190,0,18.419971849,2284.20995671,1,4.166666667,,
3037113258,1296,1121,190,0,19.046451788,2286.20971621,1,4.166666667,,
3037115258,1288,1121,190,0,20.075149254,2288.209475709,1,4.166666667,,
3037117258,1280,1116,190,0,21.835337238,2290.209235209,1,4.166666667,,
3037119258,1265,1147,190,0,23.126026373,2292.208994709,1,4.166666667,,
3037121258,1245,1239,190,0,23.155002413,2294.208754209,1,4.166666667,,
3037123258,1225,1344,190,0,23.186665728,2296.208513709,1,4.166666667,,
3037125258,1220,1350,190,0,23.229965289,2298.208273208,1,4.166666667,,
3037127258,1227,1359,190,0,23.268760446,2300.208032708,1,4.166666667,,
3037129258,1226,1363,190,0,23.268760446,2302.207792208,1,4.166666667,,
3037131258,1219,1371,190,0,23.268760446,2304.207551708,1,4.166666667,,
3037133258,1229,1371,190,0,23.268760446,2306.207311207,1,4.166666667,,
3037135258,1223,1395,190,0,23.268760446,2308.207070707,1,4.166666667,,
3037137258,1225,1371,190,0,23.268760446,2310.206830207,1,4.166666667,,
3037139258,1230,1386,190,0,23.268760446,2312.206589707,1,4.166666667,,
3037141258,1233,1385,190,0,23.240239298,2314.206349206,1,4.166666667,,
3037143258,1231,1387,190,0,23.206813879,2316.206108706,1,4.166666667,,
3037145258,1223,1395,190,0,23.197779539,2318.205868206,1,4.166666667,,
3037147258,1218,1390,190,0,23.196043466,2320.205627706,1,4.166666667,,
3037149258,1216,1396,190,0,23.195498529,2322.205387205,1,4.166666667,,
3037151258,1216,1395,190,0,23.195498529,2324.205146705,1,4.166666667,,
3037153258,1212,1398,190,0,23.195498529,2326.204906205,1,4.166666667,,
3037155258,1219,1392,190,0,23.195498529,2328.204665705,1,4.166666667,,
3037157258,1227,1384,190,0,23.196399449,2330.204425204,1,4.166666667,,
3037159258,1213,1390,190,0,23.198135522,2332.204184704,1,4.166666667,,
3037161258,1222,1396,190,0,23.207323682,2334.203944204,1,4.166666667,,
3037163258,1207,1395,190,0,23.226176908,2336.203703704,1,4.166666667,,
3037165258,1207,1392,190,0,23.243272084,2338.203463203,1,4.166666667,,
3037167258,1214,1388,190,0,23.257127636,2340.203222703,1,4.166666667,,
3037169258,1217,1388,190,0,23.267267267,2342.202982203,1,4.166666667,,
3037171258,1211,1384,190,0,23.267267267,2344.202741703,1,4.166666667,,
3037173258,1213,1390,190,0,23.267267267,2346.202501203,1,4.166666667,,
3037175258,1219,1371,0,0,23.267267267,2348.202260702,1,4.166666667,,
3037177258,1236,1423,0,0,23.267267267,2350.202020202,1,4.166666667,,
3037179258,1259,1436,0,0,23.267267267,2352.201779702,1,4.166666667,,
3037181258,1282,1462,0,0,23.267115629,2354.201539202,1,4.166666667,,
3037183258,1291,1487,0,0,23.258419978,2356.201298701,1,4.166666667,,
3037185258,1316,1508,0,0,23.249724328,2358.201058201,1,4.166666667,,
3037187258,1333,1516,0,0,23.249149149,2360.200817701,1,4.166666667,,
3037189258,1345,1538,0,0,23.249149149,2362.200577201,1,4.166666667,,
3037191258,1358,1549,0,0,23.249149149,2364.2003367,1,4.166666667,,
3037193258,1371,1564,0,0,23.249149149,2366.2000962,1,4.166666667,,
3037195258,1390,1578,0,0,23.249149149,2368.1998557,1,4.166666667,,
3037197258,1403,1593,0,0,23.249149149,2370.1996152,1,4.166666667,,
3037199258,1410,1592,0,0,23.251432331,2372.199374699,1,4.166666667,,
3037201258,1416,1610,0,0,23.2547747,2374.199134199,1,4.166666667,,
3037203258,1428,1611,0,0,23.259983407,2376.198893699,1,4.166666667,,
3037205258,1436,1624,0,0,23.266438835,2378.198653199,1,4.166666667,,
3037207258,1448,1627,0,0,23.269563681,2380.198412698,1,4.166666667,,
3037209258,1448,1636,0,0,23.269563681,2382.198172198,1,4.166666667,,
3037211258,1450,1637,0,0,23.269563681,2384.197931698,1,4.166666667,,
3037213258,1461,1641,0,0,23.269563681,2386.197691198,1,4.166666667,,
3037215258,1461,1655,0,0,23.270753405,2388.197450697,1,4.166666667,,
3037217258,1464,1658,0,0,23.274164629,2390.197210197,1,4.166666667,,
3037219258,1475,1662,0,0,23.277237435,2392.196969697,1,4.166666667,,
3037221258,1480,1661,0,0,23.279372495,2394.196729197,1,4.166666667,,
3037223258,1480,1669,0,0,23.28111983,2396.196488696,1,4.166666667,,
3037225258,1486,1678,0,0,23.28111983,2398.196248196,1,4.166666667,,
3037227258,1483,1676,0,0,23.28111983,2400.196007696,1,4.166666667,,
3037229258,1499,1677,0,0,23.28111983,2402.195767196,1,4.166666667,,
3037231258,1498,1683,0,0,23.28111983,2404.195526696,1,4.166666667,,
3037233258,1500,1681,0,0,23.28111983,2406.195286195,1,4.166666667,,
3037235258,1505,1697,0,0,23.28111983,2408.195045695,1,4.166666667,,
3037237258,1512,1692,0,0,23.282295053,2410.194805195,1,4.166666667,,
3037239258,1503,1697,0,0,23.283557583,2412.194564695,1,4.166666667,,
3037241258,1510,1701,0,0,23.283750417,2414.194324194,1,4.166666667,,
3037243258,1518,1692,0,0,23.283750417,2416.194083694,1,4.166666667,,
3037245258,1520,1692,0,0,23.283750417,2418.193843194,1,4.166666667,,
3037247258,1521,1697,0,0,23.283750417,2420.193602694,1,4.166666667,,
3037249258,1515,1693,0,0,23.283750417,2422.193362193,1,4.166666667,,
3037251258,1523,1704,0,0,23.283750417,2424.193121693,1,4.166666667,,
3037253258,1520,1697,0,0,23.260665297,2426.192881193,1,4.166666667,,
3037255258,1523,1693,0,0,23.221965141,2428.192640693,1,4.166666667,,
3037257258,1518,1694,0,0,22.582557228,2430.192400192,1,4.166666667,,
3037259258,1525,1700,0,0,21.372723426,2432.192159692,1,4.166666667,,
3037261258,1521,1702,0,0,20.50331795,2434.191919192,1,4.166666667,,
3037263258,1526,1699,0,0,20.086386539,2436.191678692,1,4.166666667,,
3037265258,1529,1697,0,0,19.639836433,2438.191438191,1,4.166666667,,
3037267258,1529,1701,0,0,19.137242604,2440.191197691,1,4.166666667,,
3037269258,1524,1697,0,0,18.61869228,2442.190957191,1,4.166666667,,
3037271258,1526,1692,0,0,18.055236867,2444.190716691,1,4.166666667,,
3037273258,1531,1694,0,0,17.478183378,2446.19047619,1,4.166666667,,
3037275258,1527,1701,0,0,16.838587899,2448.19023569,1,4.166666667,,
3037277258,1523,1702,0,0,16.191987473,2450.18999519,1,4.166666667,,
3037279258,1530,1701,0,0,15.478662707,2452.18975469,1,4.166666667,,
3037281258,1526,1691,0,0,14.773487773,2454.18951419,1,4.166666667,,
3037283258,1531,1704,0,0,14.773487773,2456.189273689,1,4.166666667,,
3037285258,1534,1705,0,0,14.773487773,2458.189033189,1,4.166666667,,
3037287258,1536,1701,0,0,14.773487773,2460.188792689,1,4.166666667,,
3037289258,1530,1707,0,0,14.773487773,2462.188552189,1,4.166666667,,
3037291258,1537,1703,0,0,14.773487773,2464.188311688,1,4.166666667,,
3037293258,1532,1705,0,0,14.773487773,2466.188071188,1,4.166666667,,
3037295258,1528,1702,0,0,14.781631972,2468.187830688,1,4.166666667,,
3037297258,1497,1702,0,0,14.792338535,2470.187590188,1,4.166666667,,
3037299258,1507,1697,0,0,14.834362085,2472.187349687,1,4.166666667,,
3037301258,1512,1705,0,0,14.891321001,2474.187109187,1,4.166666667,,
3037303258,1505,1693,0,0,14.914474474,2476.186868687,1,4.166666667,,
3037305258,1512,1699,0,0,14.914474474,2478.186628187,1,4.166666667,,
3037307258,1517,1710,0,0,14.914474474,2480.186387686,1,4.166666667,,
3037309258,1512,1694,0,0,14.914474474,2482.186147186,1,4.166666667,,
3037311258,1517,1701,0,0,14.914474474,2484.185906686,1,4.166666667,,
3037313258,1516,1707,0,0,14.914474474,2486.185666186,1,4.166666667,,
3037315258,1524,1705,0,0,14.914474474,2488.185425685,1,4.166666667,,
3037317258,1518,1702,0,0,14.914474474,2490.185185185,1,4.166666667,,
3037319258,1520,1697,0,0,14.914474474,2492.184944685,1,4.166666667,,
3037321258,1512,1709,0,0,14.914474474,2494.184704185,1,4.166666667,,
3037323258,1511,1709,0,0,14.914474474,2496.184463684,1,4.166666667,,
3037325258,1517,1700,0,0,14.914474474,2498.184223184,1,4.166666667,,
3037327258,1522,1702,0,0,14.929466106,2500.183982684,1,4.166666667,,
3037329258,1520,1704,0,0,15.092414361,2502.183742184,1,4.166666667,,
3037331258,1514,1697,0,0,15.255650237,2504.183501684,1,4.166666667,,
3037333258,1515,1705,0,0,15.452763698,2506.183261183,1,4.166666667,,
3037335258,1516,1699,0,0,15.64987716,2508.183020683,1,4.166666667,,
3037337258,1516,1702,0,0,15.664693265,2510.182780183,1,4.166666667,,
3037339258,1517,1705,0,0,15.664693265,2512.182539683,1,4.166666667,,
3037341258,1521,1704,0,0,15.664693265,2514.182299182,1,4.166666667,,
3037343258,1517,1703,0,0,15.664693265,2516.182058682,1,4.166666667,,
3037345258,1520,1707,0,0,15.664693265,2518.181818182,1,4.166666667,,
3037347258,1521,1707,0,0,15.664693265,2520.181577682,1,4.166666667,,
3037349258,1524,1701,0,0,15.58902526,2522.181337181,1,4.166666667,,
3037351258,1525,1704,0,0,15.476772012,2524.181096681,1,4.166666667,,
3037353258,1520,1709,0,0,15.423646573,2526.180856181,1,4.166666667,,
3037355258,1520,1697,0,0,15.411525247,2528.180615681,1,4.166666667,,
3037357258,1525,1699,0,0,15.391288389,2530.18037518,1,4.166666667,,
3037359258,1524,1699,0,0,15.363157419,2532.18013468,1,4.166666667,,
3037361258,1520,1701,0,0,15.341402097,2534.17989418,1,4.166666667,,
3037363258,1525,1702,0,0,15.328331782,2536.17965368,1,4.166666667,,
3037365258,1521,1709,0,0,15.308625415,2538.179413179,1,4.166666667,,
3037367258,1528,1712,0,0,15.276022791,2540.179172679,1,4.166666667,,
3037369258,1524,1703,0,0,15.251771772,2542.178932179,1,4.166666667,,
3037371258,1516,1705,0,0,15.251771772,2544.178691679,1,4.166666667,,
3037373258,1524,1698,0,0,15.247171551,2546.178451178,1,4.166666667,,
3037375258,1526,1702,0,0,15.220515919,2548.178210678,1,4.166666667,,
3037377258,1518,1706,0,0,15.195399998,2550.177970178,1,4.166666667,,
3037379258,1523,1700,0,0,15.186045314,2552.177729678,1,4.166666667,,
3037381258,1527,1709,0,0,15.1765923,2554.177489177,1,4.166666667,,
3037383258,1514,1702,0,0,15.149068215,2556.177248677,1,4.166666667,,
3037385258,1530,1705,0,0,15.121544131,2558.177008177,1,4.166666667,,
3037387258,1520,1703,0,0,15.08431142,2560.176767677,1,4.166666667,,
3037389258,1526,1700,0,0,15.046255407,2562.176527177,1,4.166666667,,
3037391258,1525,1705,0,0,14.986775599,2564.176286676,1,4.166666667,,
3037393258,1526,1704,0,0,14.923161645,2566.176046176,1,4.166666667,,
3037395258,1531,1704,0,0,14.876502765,2568.175805676,1,4.166666667,,
3037397258,1525,1701,0,0,14.835355974,2570.175565176,1,4.166666667,,
3037399258,1531,1701,0,0,14.753439017,2572.175324675,1,4.166666667,,
3037401258,1525,1700,0,0,14.651538833,2574.175084175,1,4.166666667,,
3037403258,1530,1701,0,0,14.537192967,2576.174843675,1,4.166666667,,
3037405258,1532,1701,0,0,14.414108373,2578.174603175,1,4.166666667,,
3037407258,1526,1706,0,0,14.280790153,2580.174362674,1,4.166666667,,
3037409258,1524,1704,0,0,14.13739706,2582.174122174,1,4.166666667,,
3037411258,1528,1708,0,0,13.995122647,2584.173881674,1,4.166666667,,
3037413258,1529,1701,0,0,13.854391019,2586.173641174,1,4.166666667,,
3037415258,1518,1705,0,0,13.75392503,2588.173400673,1,4.166666667,,
3037417258,1525,1704,0,0,13.73276797,2590.173160173,1,4.166666667,,
3037419258,1523,1707,0,0,13.71689649,2592.172919673,1,4.166666667,,
3037421258,1527,1705,0,0,13.716618098,2594.172679173,1,4.166666667,,
3037423258,1524,1707,0,0,13.713210825,2596.172438672,1,4.166666667,,
3037425258,1526,1704,0,0,13.694480914,2598.172198172,1,4.166666667,,
3037427258,1529,1701,0,0,13.677361572,2600.171957672,1,4.166666667,,
3037429258,1531,1705,0,0,13.677361572,2602.171717172,1,4.166666667,,
3037431258,1534,1699,0,0,13.677361572,2604.171476671,1,4.166666667,,
3037433258,1526,1702,0,0,13.677361572,2606.171236171,1,4.166666667,,
3037435258,1529,1707,0,0,13.677361572,2608.170995671,1,4.166666667,,
3037437258,1530,1702,0,0,13.677361572,2610.170755171,1,4.166666667,,
3037439258,1526,1708,0,0,13.677361572,2612.170514671,1,4.166666667,,
3037441258,1525,1706,0,0,13.826559004,2614.17027417,1,4.166666667,,
3037443258,1528,1701,0,0,14.00518775,2616.17003367,1,4.166666667,,
3037445258,1523,1699,0,0,14.107507941,2618.16979317,1,4.166666667,,
3037447258,1527,1701,0,0,14.184615785,2620.16955267,1,4.166666667,,
3037449258,1529,1704,0,0,14.237632458,2622.169312169,1,4.166666667,,
3037451258,1528,1699,0,0,14.27867944,2624.169071669,1,4.166666667,,
3037453258,1522,1709,0,0,14.317194023,2626.168831169,1,4.166666667,,
3037455258,1528,1700,0,0,14.353908309,2628.168590669,1,4.166666667,,
3037457258,1531,1697,0,0,14.392538917,2630.168350168,1,4.166666667,,
3037459258,1531,1705,0,0,14.433078946,2632.168109668,1,4.166666667,,
3037461258,1527,1696,0,0,14.471582371,2634.167869168,1,4.166666667,,
3037463258,1527,1699,0,0,14.507242182,2636.167628668,1,4.166666667,,
3037465258,1525,1701,0,0,14.534980986,2638.167388167,1,4.166666667,,
3037467258,1527,1702,0,0,14.546906322,2640.167147667,1,4.166666667,,
3037469258,1524,1701,0,0,14.556033531,2642.166907167,1,4.166666667,,
3037471258,1523,1709,0,0,14.556773083,2644.166666667,1,4.166666667,,
3037473258,1527,1697,0,0,14.557389451,2646.166426166,1,4.166666667,,
3037475258,1528,1706,0,0,14.557389451,2648.166185666,1,4.166666667,,
3037477258,1527,1705,0,0,14.557328081,2650.165945166,1,4.166666667,,
3037479258,1529,1705,0,0,14.556588528,2652.165704666,1,4.166666667,,
3037481258,1537,1705,0,0,14.555848976,2654.165464165,1,4.166666667,,
3037483258,1528,1706,0,0,14.550615488,2656.165223665,1,4.166666667,,
3037485258,1530,1705,0,0,14.545379297,2658.164983165,1,4.166666667,,
3037487258,1525,1697,0,0,14.544938487,2660.164742665,1,4.166666667,,
3037489258,1525,1704,0,0,14.544938487,2662.164502165,1,4.166666667,,
3037491258,1529,1701,0,0,14.504798875,2664.164261664,1,4.166666667,,
3037493258,1533,1702,0,0,14.456567535,2666.164021164,1,4.166666667,,
3037495258,1527,1702,0,0,14.426797556,2668.163780664,1,4.166666667,,
3037497258,1527,1701,0,0,14.403225848,2670.163540164,1,4.166666667,,
3037499258,1528,1703,0,0,14.366230244,2672.163299663,1,4.166666667,,
3037501258,1528,1694,0,0,14.322474141,2674.163059163,1,4.166666667,,
3037503258,1532,1697,0,0,14.269991448,2676.162818663,1,4.166666667,,
3037505258,1529,1703,0,0,14.211227775,2678.162578163,1,4.166666667,,
3037507258,1532,1701,0,0,14.154705685,2680.162337662,1,4.166666667,,
3037509258,1531,1709,0,0,14.100444127,2682.162097162,1,4.166666667,,
3037511258,1524,1704,0,0,14.044851032,2684.161856662,1,4.166666667,,
3037513258,1526,1705,0,0,13.987375617,2686.161616162,1,4.166666667,,
3037515258,1531,1709,0,0,13.935381802,2688.161375661,1,4.166666667,,
3037517258,1526,1697,0,0,13.894480748,2690.161135161,1,4.166666667,,
3037519258,1529,1706,0,0,13.842028249,2692.160894661,1,4.166666667,,
3037521258,1527,1700,0,0,13.754387404,2694.160654161,1,4.166666667,,
3037523258,1528,1698,0,0,13.681081081,2696.16041366,1,4.166666667,,
3037525258,1528,1709,0,0,13.681081081,2698.16017316,1,4.166666667,,
3037527258,1523,1707,0,0,13.681081081,2700.15993266,1,4.166666667,,
3037529258,1527,1701,0,0,13.681081081,2702.15969216,1,4.166666667,,
3037531258,1524,1702,0,0,13.681081081,2704.159451659,1,4.166666667,,
3037533258,1532,1692,0,0,13.681081081,2706.159211159,1,4.166666667,,
3037535258,1534,1706,0,0,13.681081081,2708.158970659,1,4.166666667,,
3037537258,1527,1707,0,0,13.699893247,2710.158730159,1,4.166666667,,
3037539258,1530,1712,0,0,13.720502359,2712.158489658,1,4.166666667,,
3037541258,1534,1697,0,0,13.726648416,2714.158249158,1,4.166666667,,
3037543258,1525,1700,0,0,13.729815861,2716.158008658,1,4.166666667,,
3037545258,1528,1699,0,0,13.755506091,2718.157768158,1,4.166666667,,
3037547258,1525,1705,0,0,13.788879497,2720.157527658,1,4.166666667,,
3037549258,1526,1709,0,0,13.826535846,2722.157287157,1,4.166666667,,
3037551258,1536,1706,0,0,13.8663784,2724.157046657,1,4.166666667,,
3037553258,1533,1707,0,0,13.905153417,2726.156806157,1,4.166666667,,
3037555258,1526,1703,0,0,13.943150528,2728.156565657,1,4.166666667,,
3037557258,1526,1701,0,0,13.965220038,2730.156325156,1,4.166666667,,
3037559258,1527,1706,0,0,13.971032945,2732.156084656,1,4.166666667,,
3037561258,1531,1710,0,0,13.974454974,2734.155844156,1,4.166666667,,
3037563258,1531,1704,0,0,13.974454974,2736.155603656,1,4.166666667,,
3037565258,1530,1713,0,0,13.974454974,2738.155363155,1,4.166666667,,
3037567258,1525,1701,0,0,13.974454974,2740.155122655,1,4.166666667,,
3037569258,1532,1703,0,0,13.974454974,2742.154882155,1,4.166666667,,
3037571258,1526,1705,0,0,13.974454974,2744.154641655,1,4.166666667,,
3037573258,1528,1707,0,0,13.969983393,2746.154401154,1,4.166666667,,
3037575258,1528,1701,0,0,13.942132306,2748.154160654,1,4.166666667,,
3037577258,1527,1704,0,0,13.915489426,2750.153920154,1,4.166666667,,
3037579258,1524,1705,0,0,13.903335575,2752.153679654,1,4.166666667,,
3037581258,1531,1704,0,0,13.891181725,2754.153439153,1,4.166666667,,
3037583258,1526,1693,0,0,13.886734846,2756.153198653,1,4.166666667,,
3037585258,1528,1702,0,0,13.882339285,2758.152958153,1,4.166666667,,
3037587258,1527,1707,0,0,13.878461791,2760.152717653,1,4.166666667,,
3037589258,1530,1697,0,0,13.874635659,2762.152477152,1,4.166666667,,
3037591258,1524,1703,0,0,13.873970745,2764.152236652,1,4.166666667,,
3037593258,1530,1705,0,0,13.873970745,2766.151996152,1,4.166666667,,
3037595258,1531,1704,0,0,13.873970745,2768.151755652,1,4.166666667,,
3037597258,1528,1707,0,0,13.873970745,2770.151515152,1,4.166666667,,
3037599258,1525,1699,0,0,13.873970745,2772.151274651,1,4.166666667,,
3037601258,1520,1709,0,0,13.873970745,2774.151034151,1,4.166666667,,
3037603258,1528,1699,0,0,13.876008769,2776.150793651,1,4.166666667,,
3037605258,1527,1705,0,0,13.879550289,2778.150553151,1,4.166666667,,
3037607258,1527,1703,0,0,13.88640088,2780.15031265,1,4.166666667,,
3037609258,1527,1701,0,0,13.896669766,2782.15007215,1,4.166666667,,
3037611258,1529,1696,0,0,13.903794375,2784.14983165,1,4.166666667,,
3037613258,1524,1706,0,0,13.906362332,2786.14959115,1,4.166666667,,
3037615258,1534,1709,0,0,13.908096436,2788.149350649,1,4.166666667,,
3037617258,1526,1704,0,0,13.908096436,2790.149110149,1,4.166666667,,
3037619258,1527,1701,0,0,13.908096436,2792.148869649,1,4.166666667,,
3037621258,1529,1706,0,0,13.908096436,2794.148629149,1,4.166666667,,
3037623258,1530,1709,0,0,13.908096436,2796.148388648,1,4.166666667,,
3037625258,1530,1696,0,0,13.908096436,2798.148148148,1,4.166666667,,
3037627258,1528,1701,0,0,13.90773441,2800.147907648,1,4.166666667,,
3037629258,1533,1703,0,0,13.9028397,2802.147667148,1,4.166666667,,
3037631258,1536,1700,0,0,13.897944991,2804.147426647,1,4.166666667,,
3037633258,1527,1704,0,0,13.897897898,2806.147186147,1,4.166666667,,
3037635258,1530,1704,0,0,13.897897898,2808.146945647,1,4.166666667,,
3037637258,1528,1705,0,0,13.895548196,2810.146705147,1,4.166666667,,
3037639258,1530,1704,0,0,13.89295698,2812.146464646,1,4.166666667,,
3037641258,1528,1706,0,0,13.889800873,2814.146224146,1,4.166666667,,
3037643258,1530,1700,0,0,13.886523453,2816.145983646,1,4.166666667,,
3037645258,1528,1697,0,0,13.870378519,2818.145743146,1,4.166666667,,
3037647258,1534,1705,0,0,13.849703801,2820.145502646,1,4.166666667,,
3037649258,1528,1696,0,0,13.84246093,2822.145262145,1,4.166666667,,
3037651258,1529,1701,0,0,13.842260238,2824.145021645,1,4.166666667,,
3037653258,1533,1709,0,0,13.839636605,2826.144781145,1,4.166666667,,
3037655258,1524,1701,0,0,13.835203402,2828.144540645,1,4.166666667,,
3037657258,1528,1693,0,0,13.832070647,2830.144300144,1,4.166666667,,
3037659258,1531,1700,0,0,13.830297526,2832.144059644,1,4.166666667,,
3037661258,1529,1697,0,0,13.828154549,2834.143819144,1,4.166666667,,
3037663258,1526,1700,0,0,13.825468859,2836.143578644,1,4.166666667,,
3037665258,1525,1701,0,0,13.821166673,2838.143338143,1,4.166666667,,
3037667258,1529,1700,0,0,13.813456246,2840.143097643,1,4.166666667,,
3037669258,1528,1703,0,0,13.803626556,2842.142857143,1,4.166666667,,
3037671258,1536,1704,0,0,13.787016289,2844.142616643,1,4.166666667,,
3037673258,1527,1702,0,0,13.772828196,2846.142376142,1,4.166666667,,
3037675258,1524,1709,0,0,13.771891372,2848.142135642,1,4.166666667,,
3037677258,1533,1705,0,0,13.769775148,2850.141895142,1,4.166666667,,
3037679258,1528,1706,0,0,13.75221679,2852.141654642,1,4.166666667,,
3037681258,1529,1703,0,0,13.734658433,2854.141414141,1,4.166666667,,
3037683258,1527,1709,0,0,13.733059672,2856.141173641,1,4.166666667,,
3037685258,1525,1700,0,0,13.731665023,2858.140933141,1,4.166666667,,
3037687258,1526,1705,0,0,13.723968923,2860.140692641,1,4.166666667,,
3037689258,1525,1705,0,0,13.715602009,2862.14045214,1,4.166666667,,
3037691258,1531,1706,0,0,13.694244287,2864.14021164,1,4.166666667,,
3037693258,1524,1709,0,0,13.670038872,2866.13997114,1,4.166666667,,
3037695258,1526,1705,0,0,13.65914696,2868.13973064,1,4.166666667,,
3037697258,1531,1700,0,0,13.653015304,2870.139490139,1,4.166666667,,
3037699258,1524,1707,0,0,13.649030117,2872.139249639,1,4.166666667,,
3037701258,1531,1701,0,0,13.646185364,2874.139009139,1,4.166666667,,
3037703258,1528,1709,0,0,13.644960564,2876.138768639,1,4.166666667,,
3037705258,1528,1705,0,0,13.644960564,2878.138528139,1,4.166666667,,
3037707258,1532,1709,0,0,13.644960564,2880.138287638,1,4.166666667,,
3037709258,1530,1702,0,0,13.644960564,2882.138047138,1,4.166666667,,
3037711258,1521,1701,0,0,13.644960564,2884.137806638,1,4.166666667,,
3037713258,1529,1703,0,0,13.644960564,2886.137566138,1,4.166666667,,
3037715258,1534,1700,0,0,13.651547159,2888.137325637,1,4.166666667,,
3037717258,1533,1704,0,0,13.672214153,2890.137085137,1,4.166666667,,
3037719258,1527,1710,0,0,13.69128051,2892.136844637,1,4.166666667,,
3037721258,1528,1701,0,0,13.705139676,2894.136604137,1,4.166666667,,
3037723258,1527,1704,0,0,13.717352217,2896.136363636,1,4.166666667,,
3037725258,1530,1699,0,0,13.720344961,2898.136123136,1,4.166666667,,
3037727258,1531,1707,0,0,13.723694017,2900.135882636,1,4.166666667,,
3037729258,1534,1699,0,0,13.731930548,2902.135642136,1,4.166666667,,
3037731258,1528,1706,0,0,13.740167078,2904.135401635,1,4.166666667,,
3037733258,1527,1699,0,0,13.740396518,2906.135161135,1,4.166666667,,
3037735258,1527,1709,0,0,13.740498783,2908.134920635,1,4.166666667,,
3037737258,1535,1699,0,0,13.74050893,2910.134680135,1,4.166666667,,
3037739258,1529,1700,0,0,13.74050893,2912.134439634,1,4.166666667,,
3037741258,1524,1710,0,0,13.74050893,2914.134199134,1,4.166666667,,
3037743258,1524,1704,0,0,13.74050893,2916.133958634,1,4.166666667,,
3037745258,1529,1705,0,0,13.74050893,2918.133718134,1,4.166666667,,
3037747258,1528,1700,0,0,13.74050893,2920.133477633,1,4.166666667,,
3037749258,1531,1708,0,0,13.73922675,2922.133237133,1,4.166666667,,
3037751258,1525,1706,0,0,13.737254257,2924.132996633,1,4.166666667,,
3037753258,1527,1700,0,0,13.729434166,2926.132756133,1,4.166666667,,
3037755258,1537,1702,0,0,13.717138367,2928.132515633,1,4.166666667,,
3037757258,1533,1695,0,0,13.700765495,2930.132275132,1,4.166666667,,
3037759258,1529,1702,0,0,13.680026143,2932.132034632,1,4.166666667,,
3037761258,1535,1701,0,0,13.665762352,2934.131794132,1,4.166666667,,
3037763258,1534,1702,0,0,13.661241156,2936.131553632,1,4.166666667,,
3037765258,1528,1706,0,0,13.648160748,2938.131313131,1,4.166666667,,
3037767258,1529,1697,0,0,13.616527227,2940.131072631,1,4.166666667,,
3037769258,1525,1705,0,0,13.590711073,2942.130832131,1,4.166666667,,
3037771258,1530,1709,0,0,13.58414046,2944.130591631,1,4.166666667,,
3037773258,1529,1706,0,0,13.578545759,2946.13035113,1,4.166666667,,
3037775258,1530,1705,0,0,13.578545759,2948.13011063,1,4.166666667,,
3037777258,1530,1702,0,0,13.578545759,2950.12987013,1,4.166666667,,
3037779258,1528,1705,0,0,13.578545759,2952.12962963,1,4.166666667,,
3037781258,1538,1702,0,0,13.578545759,2954.129389129,1,4.166666667,,
3037783258,1530,1697,0,0,13.578545759,2956.129148629,1,4.166666667,,
3037785258,1530,1706,0,0,13.578545759,2958.128908129,1,4.166666667,,
3037787258,1535,1701,0,0,13.581579081,2960.128667629,1,4.166666667,,
3037789258,1536,1705,0,0,13.584957792,2962.128427128,1,4.166666667,,
3037791258,1534,1706,0,0,13.585585586,2964.128186628,1,4.166666667,,
3037793258,1527,1705,0,0,13.585585586,2966.127946128,1,4.166666667,,
3037795258,1525,1693,0,0,13.585585586,2968.127705628,1,4.166666667,,
3037797258,1528,1701,0,0,13.585585586,2970.127465127,1,4.166666667,,
3037799258,1526,1703,0,0,13.585585586,2972.127224627,1,4.166666667,,
3037801258,1532,1701,0,0,13.585585586,2974.126984127,1,4.166666667,,
3037803258,1526,1705,0,0,13.583236394,2976.126743627,1,4.166666667,,
3037805258,1529,1703,0,0,13.579067019,2978.126503127,1,4.166666667,,
3037807258,1528,1709,0,0,13.575321448,2980.126262626,1,4.166666667,,
3037809258,1536,1707,0,0,13.572035263,2982.126022126,1,4.166666667,,
3037811258,1536,1705,0,0,13.566224466,2984.125781626,1,4.166666667,,
3037813258,1533,1701,0,0,13.556567369,2986.125541126,1,4.166666667,,
3037815258,1526,1716,0,0,13.54992993,2988.125300625,1,4.166666667,,
3037817258,1531,1701,0,0,13.54992993,2990.125060125,1,4.166666667,,
3037819258,1535,1704,0,0,13.54992993,2992.124819625,1,4.166666667,,
3037821258,1536,1706,0,0,13.54992993,2994.124579125,1,4.166666667,,
3037823258,1531,1701,0,0,13.54992993,2996.124338624,1,4.166666667,,
3037825258,1529,1699,0,0,13.54992993,2998.124098124,1,4.166666667,,
3037827258,1531,1705,0,0,13.551200517,3000.123857624,1,4.166666667,,
3037829258,1529,1717,0,0,13.571714944,3002.123617124,1,4.166666667,,
3037831258,1532,1709,0,0,13.592229372,3004.123376623,1,4.166666667,,
3037833258,1530,1708,0,0,13.59267346,3006.123136123,1,4.166666667,,
3037835258,1531,1705,0,0,13.59267346,3008.122895623,1,4.166666667,,
3037837258,1530,1701,0,0,13.59267346,3010.122655123,1,4.166666667,,
3037839258,1533,1710,0,0,13.59267346,3012.122414622,1,4.166666667,,
3037841258,1531,1702,0,0,13.59267346,3014.122174122,1,4.166666667,,
3037843258,1532,1706,0,0,13.59267346,3016.121933622,1,4.166666667,,
3037845258,1532,1707,0,0,13.589488294,3018.121693122,1,4.166666667,,
3037847258,1533,1706,0,0,13.585110665,3020.121452621,1,4.166666667,,
3037849258,1532,1700,0,0,13.574253268,3022.121212121,1,4.166666667,,
3037851258,1529,1709,0,0,13.559814152,3024.120971621,1,4.166666667,,
3037853258,1533,1703,0,0,13.549087088,3026.120731121,1,4.166666667,,
3037855258,1534,1703,0,0,13.541271516,3028.12049062,1,4.166666667,,
3037857258,1526,1705,0,0,13.537182791,3030.12025012,1,4.166666667,,
3037859258,1531,1707,0,0,13.537182791,3032.12000962,1,4.166666667,,
3037861258,1530,1704,0,0,13.537182791,3034.11976912,1,4.166666667,,
3037863258,1537,1694,0,0,13.537182791,3036.11952862,1,4.166666667,,
3037865258,1536,1707,0,0,13.537182791,3038.119288119,1,4.166666667,,
3037867258,1529,1712,0,0,13.537182791,3040.119047619,1,4.166666667,,
3037869258,1534,1705,0,0,13.537798159,3042.118807119,1,4.166666667,,
3037871258,1528,1705,0,0,13.540519851,3044.118566619,1,4.166666667,,
3037873258,1533,1702,0,0,13.542853664,3046.118326118,1,4.166666667,,
3037875258,1531,1707,0,0,13.542853664,3048.118085618,1,4.166666667,,
3037877258,1526,1711,0,0,13.542853664,3050.117845118,1,4.166666667,,
3037879258,1532,1709,0,0,13.542853664,3052.117604618,1,4.166666667,,
3037881258,1535,1707,0,0,13.542853664,3054.117364117,1,4.166666667,,
3037883258,1530,1702,0,0,13.543988044,3056.117123617,1,4.166666667,,
3037885258,1531,1703,0,0,13.545151098,3058.116883117,1,4.166666667,,
3037887258,1532,1709,0,0,13.546980661,3060.116642617,1,4.166666667,,
3037889258,1536,1697,0,0,13.548891122,3062.116402116,1,4.166666667,,
3037891258,1532,1701,0,0,13.549264944,3064.116161616,1,4.166666667,,
3037893258,1530,1703,0,0,13.549274043,3066.115921116,1,4.166666667,,
3037895258,1527,1704,0,0,13.549296893,3068.115680616,1,4.166666667,,
3037897258,1532,1702,0,0,13.54932497,3070.115440115,1,4.166666667,,
3037899258,1526,1702,0,0,13.549802444,3072.115199615,1,4.166666667,,
3037901258,1533,1709,0,0,13.550531598,3074.114959115,1,4.166666667,,
3037903258,1536,1704,0,0,13.550854303,3076.114718615,1,4.166666667,,
3037905258,1531,1703,0,0,13.550854303,3078.114478114,1,4.166666667,,
3037907258,1536,1706,0,0,13.550854303,3080.114237614,1,4.166666667,,
3037909258,1529,1707,0,0,13.550854303,3082.113997114,1,4.166666667,,
3037911258,1531,1707,0,0,13.550555236,3084.113756614,1,4.166666667,,
3037913258,1536,1701,0,0,13.549788907,3086.113516114,1,4.166666667,,
3037915258,1524,1705,0,0,13.548496891,3088.113275613,1,4.166666667,,
3037917258,1533,1706,0,0,13.546016412,3090.113035113,1,4.166666667,,
3037919258,1521,1710,0,0,13.543659652,3092.112794613,1,4.166666667,,
3037921258,1534,1700,0,0,13.541733737,3094.112554113,1,4.166666667,,
3037923258,1528,1706,0,0,13.540037285,3096.112313612,1,4.166666667,,
3037925258,1536,1704,0,0,13.539756175,3098.112073112,1,4.166666667,,
3037927258,1533,1697,0,0,13.539488813,3100.111832612,1,4.166666667,,
3037929258,1532,1704,0,0,13.539453532,3102.111592112,1,4.166666667,,
3037931258,1533,1705,0,0,13.53941825,3104.111351611,1,4.166666667,,
3037933258,1534,1707,0,0,13.534739417,3106.111111111,1,4.166666667,,
3037935258,1528,1709,0,0,13.529928484,3108.110870611,1,4.166666667,,
3037937258,1527,1708,0,0,13.528376805,3110.110630111,1,4.166666667,,
3037939258,1531,1703,0,0,13.527233085,3112.11038961,1,4.166666667,,
3037941258,1531,1697,0,0,13.525536107,3114.11014911,1,4.166666667,,
3037943258,1536,1705,0,0,13.523705257,3116.10990861,1,4.166666667,,
3037945258,1531,1702,0,0,13.523195525,3118.10966811,1,4.166666667,,
3037947258,1533,1706,0,0,13.523195525,3120.109427609,1,4.166666667,,
3037949258,1524,1704,0,0,13.522166729,3122.109187109,1,4.166666667,,
3037951258,1533,1705,0,0,13.520554206,3124.108946609,1,4.166666667,,
3037953258,1531,1697,0,0,13.519835697,3126.108706109,1,4.166666667,,
3037955258,1529,1706,0,0,13.519835697,3128.108465608,1,4.166666667,,
3037957258,1533,1704,0,0,13.519835697,3130.108225108,1,4.166666667,,
3037959258,1531,1701,0,0,13.519835697,3132.107984608,1,4.166666667,,
3037961258,1527,1705,0,0,13.52140316,3134.107744108,1,4.166666667,,
3037963258,1536,1712,0,0,13.525450817,3136.107503608,1,4.166666667,,
3037965258,1528,1705,0,0,13.529991964,3138.107263107,1,4.166666667,,
3037967258,1536,1709,0,0,13.53566472,3140.107022607,1,4.166666667,,
3037969258,1532,1701,0,0,13.540093359,3142.106782107,1,4.166666667,,
3037971258,1535,1705,0,0,13.540113201,3144.106541607,1,4.166666667,,
3037973258,1531,1697,0,0,13.540163336,3146.106301106,1,4.166666667,,
3037975258,1534,1706,190,1,13.540405106,3148.106060606,1,4.166666667,3,1.893939394
3037977258,1520,1673,190,1,13.540634082,3150.105820106,1,4.166666667,,
3037979258,1512,1630,190,1,13.540634082,3152.105579606,1,4.166666667,,
3037981258,1508,1615,190,1,13.540634082,3154.105339105,1,4.166666667,,
3037983258,1492,1573,190,1,13.540399727,3156.105098605,1,4.166666667,,
3037985258,1489,1548,190,1,13.540157957,3158.104858105,1,4.166666667,,
3037987258,1489,1523,190,1,13.540112759,3160.104617605,1,4.166666667,,
3037989258,1482,1504,190,1,13.540092917,3162.104377104,1,4.166666667,,
3037991258,1469,1477,190,1,13.538739391,3164.104136604,1,4.166666667,,
3037993258,1474,1460,190,1,13.537056942,3166.103896104,1,4.166666667,,
3037995258,1464,1432,190,1,13.535094795,3168.103655604,1,4.166666667,,
3037997258,1463,1410,190,1,13.533023109,3170.103415103,1,4.166666667,,
3037999258,1457,1400,190,1,13.532266938,3172.103174603,1,4.166666667,,
3038001258,1447,1371,190,0,13.532266938,3174.102934103,1,4.166666667,,
3038003258,1448,1359,190,0,13.532266938,3176.102693603,1,4.166666667,,
3038005258,1444,1339,190,0,13.532266938,3178.102453102,1,4.166666667,,
3038007258,1443,1332,190,0,13.532266938,3180.102212602,1,4.166666667,,
3038009258,1436,1320,190,0,13.532266938,3182.101972102,1,4.166666667,,
3038011258,1427,1307,190,0,13.532615643,3184.101731602,1,4.166666667,,
3038013258,1428,1299,190,0,13.533523151,3186.101491101,1,4.166666667,,
3038015258,1432,1288,190,0,13.534290431,3188.101250601,1,4.166666667,,
3038017258,1426,1282,190,0,13.53473154,3190.101010101,1,4.166666667,,
3038019258,1427,1278,190,0,13.53633443,3192.100769601,1,4.166666667,,
3038021258,1419,1268,190,0,13.542127454,3194.100529101,1,4.166666667,,
3038023258,1423,1259,190,0,13.547183891,3196.1002886,1,4.166666667,,
3038025258,1420,1247,190,0,13.547459141,3198.1000481,1,4.166666667,,
3038027258,1419,1248,190,0,13.547783444,3200.0998076,1,4.166666667,,
3038029258,1414,1235,190,0,13.549041544,3202.0995671,1,4.166666667,,
3038031258,1411,1231,190,0,13.550299643,3204.099326599,1,4.166666667,,
3038033258,1408,1229,190,0,13.551096407,3206.099086099,1,4.166666667,,
3038035258,1410,1223,190,0,13.551877094,3208.098845599,1,4.166666667,,
3038037258,1407,1223,190,0,13.553024083,3210.098605099,1,4.166666667,,
3038039258,1410,1214,190,0,13.554219729,3212.098364598,1,4.166666667,,
3038041258,1412,1211,190,0,13.554729191,3214.098124098,1,4.166666667,,
3038043258,1399,1207,190,0,13.555066204,3216.097883598,1,4.166666667,,
3038045258,1399,1205,190,0,13.558225333,3218.097643098,1,4.166666667,,
3038047258,1410,1204,190,0,13.562506194,3220.097402597,1,4.166666667,,
3038049258,1402,1200,190,0,13.565987086,3222.097162097,1,4.166666667,,
3038051258,1405,1198,190,0,13.569002153,3224.096921597,1,4.166666667,,
3038053258,1403,1192,190,0,13.572078023,3226.096681097,1,4.166666667,,
3038055258,1401,1187,190,0,13.575203962,3228.096440596,1,4.166666667,,
3038057258,1408,1195,190,0,13.578590511,3230.096200096,1,4.166666667,,
3038059258,1402,1185,190,0,13.582277115,3232.095959596,1,4.166666667,,
3038061258,1405,1191,190,0,13.585766657,3234.095719096,1,4.166666667,,
3038063258,1399,1185,190,0,13.588936363,3236.095478595,1,4.166666667,,
3038065258,1400,1181,190,0,13.592224878,3238.095238095,1,4.166666667,,
3038067258,1399,1190,190,0,13.595793732,3240.094997595,1,4.166666667,,
3038069258,1408,1187,190,0,13.599105709,3242.094757095,1,4.166666667,,
3038071258,1404,1187,190,0,13.601474601,3244.094516595,1,4.166666667,,
3038073258,1397,1179,190,0,13.604484751,3246.094276094,1,4.166666667,,
3038075258,1406,1178,190,0,13.611767988,3248.094035594,1,4.166666667,,
3038077258,1403,1179,190,0,13.619471187,3250.093795094,1,4.166666667,,
3038079258,1400,1178,190,0,13.635708205,3252.093554594,1,4.166666667,,
3038081258,1399,1179,190,0,13.651945224,3254.093314093,1,4.166666667,,
3038083258,1405,1179,190,0,13.660831443,3256.093073593,1,4.166666667,,
3038085258,1400,1169,190,0,13.669437763,3258.092833093,1,4.166666667,,
3038087258,1405,1179,190,0,13.676242839,3260.092592593,1,4.166666667,,
3038089258,1403,1167,190,0,13.682801675,3262.092352092,1,4.166666667,,
3038091258,1397,1171,190,0,13.693645609,3264.092111592,1,4.166666667,,
3038093258,1404,1170,190,0,13.705586709,3266.091871092,1,4.166666667,,
3038095258,1402,1171,190,0,13.717700284,3268.091630592,1,4.166666667,,
3038097258,1404,1175,190,0,13.729883431,3270.091390091,1,4.166666667,,
3038099258,1408,1172,190,0,13.740110872,3272.091149591,1,4.166666667,,
3038101258,1394,1167,190,0,13.749184708,3274.090909091,1,4.166666667,,
3038103258,1407,1168,190,0,13.761838874,3276.090668591,1,4.166666667,,
3038105258,1394,1172,190,0,13.777477308,3278.09042809,1,4.166666667,,
3038107258,1394,1170,190,0,13.799317496,3280.09018759,1,4.166666667,,
3038109258,1395,1169,190,0,13.828384989,3282.08994709,1,4.166666667,,
3038111258,1398,1167,190,0,13.855796046,3284.08970659,1,4.166666667,,
3038113258,1396,1174,190,0,13.88048412,3286.089466089,1,4.166666667,,
3038115258,1401,1166,190,0,13.903333637,3288.089225589,1,4.166666667,,
3038117258,1396,1167,190,0,13.921781868,3290.088985089,1,4.166666667,,
3038119258,1401,1172,190,0,13.941699941,3292.088744589,1,4.166666667,,
3038121258,1399,1162,190,0,13.967112118,3294.088504089,1,4.166666667,,
3038123258,1396,1172,190,0,13.994616576,3296.088263588,1,4.166666667,,
3038125258,1397,1167,190,0,14.036441314,3298.088023088,1,4.166666667,,
3038127258,1395,1164,190,0,14.077603609,3300.087782588,1,4.166666667,,
3038129258,1404,1165,190,0,14.104337375,3302.087542088,1,4.166666667,,
3038131258,1396,1159,190,0,14.131071141,3304.087301587,1,4.166666667,,
3038133258,1392,1168,190,0,14.170504713,3306.087061087,1,4.166666667,,
3038135258,1388,1167,190,0,14.210463136,3308.086820587,1,4.166666667,,
3038137258,1371,1170,190,0,14.246063424,3310.086580087,1,4.166666667,,
3038139258,1389,1165,190,0,14.281050942,3312.086339586,1,4.166666667,,
3038141258,1386,1170,190,0,14.324816966,3314.086099086,1,4.166666667,,
3038143258,1390,1164,190,0,14.370872456,3316.085858586,1,4.166666667,,
3038145258,1385,1159,190,0,14.406885502,3318.085618086,1,4.166666667,,
3038147258,1388,1162,190,0,14.438787955,3320.085377585,1,4.166666667,,
3038149258,1396,1162,190,0,14.500044189,3322.085137085,1,4.166666667,,
3038151258,1392,1154,190,0,14.578839378,3324.084896585,1,4.166666667,,
3038153258,1371,1163,190,0,14.654329081,3326.084656085,1,4.166666667,,
3038155258,1371,1154,190,0,14.72703001,3328.084415584,1,4.166666667,,
3038157258,1384,1163,190,0,14.801552576,3330.084175084,1,4.166666667,,
3038159258,1371,1161,190,0,14.878223862,3332.083934584,1,4.166666667,,
3038161258,1371,1161,190,0,14.970884907,3334.083694084,1,4.166666667,,
3038163258,1371,1154,190,0,15.090169926,3336.083453583,1,4.166666667,,
3038165258,1366,1151,190,0,15.218431975,3338.083213083,1,4.166666667,,
3038167258,1370,1159,190,0,15.368498026,3340.082972583,1,4.166666667,,
3038169258,1358,1154,190,0,15.523465217,3342.082732083,1,4.166666667,,
3038171258,1360,1150,190,0,15.697087899,3344.082491582,1,4.166666667,,
3038173258,1344,1146,190,0,15.874395472,3346.082251082,1,4.166666667,,
3038175258,1355,1152,190,0,16.077621884,3348.082010582,1,4.166666667,,
3038177258,1339,1147,190,0,16.282909003,3350.081770082,1,4.166666667,,
3038179258,1336,1147,190,0,16.536531825,3352.081529582,1,4.166666667,,
3038181258,1326,1139,190,0,16.790154647,3354.081289081,1,4.166666667,,
3038183258,1324,1138,190,0,17.153191444,3356.081048581,1,4.166666667,,
3038185258,1316,1139,190,0,17.521107885,3358.080808081,1,4.166666667,,
3038187258,1313,1131,190,0,17.976829643,3360.080567581,1,4.166666667,,
3038189258,1300,1127,190,0,18.445241779,3362.08032708,1,4.166666667,,
3038191258,1290,1126,190,0,19.08020358,3364.08008658,1,4.166666667,,
3038193258,1284,1132,190,0,19.759401176,3366.07984608,1,4.166666667,,
3038195258,1265,1175,190,0,21.040943541,3368.07960558,1,4.166666667,,
3038197258,1233,1351,190,0,22.572651223,3370.079365079,1,4.166666667,,
3038199258,1226,1364,190,0,23.165395575,3372.079124579,1,4.166666667,,
3038201258,1219,1368,190,0,23.189867719,3374.078884079,1,4.166666667,,
3038203258,1223,1371,190,0,23.201139915,3376.078643579,1,4.166666667,,
3038205258,1218,1371,190,0,23.201139915,3378.078403078,1,4.166666667,,
3038207258,1220,1390,190,0,23.201139915,3380.078162578,1,4.166666667,,
3038209258,1219,1371,190,0,23.201139915,3382.077922078,1,4.166666667,,
3038211258,1218,1387,190,0,23.20830376,3384.077681578,1,4.166666667,,
3038213258,1211,1390,190,0,23.227550082,3386.077441077,1,4.166666667,,
3038215258,1211,1389,190,0,23.241241241,3388.077200577,1,4.166666667,,
3038217258,1216,1385,190,0,23.241241241,3390.076960077,1,4.166666667,,
3038219258,1208,1396,190,0,23.236344655,3392.076719577,1,4.166666667,,
3038221258,1214,1392,190,0,23.21246482,3394.076479076,1,4.166666667,,
3038223258,1208,1387,190,0,23.191067245,3396.076238576,1,4.166666667,,
3038225258,1214,1387,0,0,23.187623038,3398.075998076,1,4.166666667,,
3038227258,1231,1418,0,0,23.184309309,3400.075757576,1,4.166666667,,
3038229258,1249,1448,0,0,23.184309309,3402.075517076,1,4.166666667,,
3038231258,1271,1468,0,0,23.184309309,3404.075276575,1,4.166666667,,
3038233258,1292,1487,0,0,23.187596114,3406.075036075,1,4.166666667,,
3038235258,1308,1503,0,0,23.191040321,3408.074795575,1,4.166666667,,
3038237258,1331,1512,0,0,23.213184489,3410.074555075,1,4.166666667,,
3038239258,1348,1531,0,0,23.238105239,3412.074314574,1,4.166666667,,
3038241258,1353,1540,0,0,23.247953678,3414.074074074,1,4.166666667,,
3038243258,1371,1556,0,0,23.253726029,3416.073833574,1,4.166666667,,
3038245258,1371,1576,0,0,23.256136302,3418.073593074,1,4.166666667,,
3038247258,1394,1586,0,0,23.257129903,3420.073352573,1,4.166666667,,
3038249258,1402,1593,0,0,23.259126325,3422.073112073,1,4.166666667,,
3038251258,1412,1598,0,0,23.261737474,3424.072871573,1,4.166666667,,
3038253258,1424,1609,0,0,23.262948054,3426.072631073,1,4.166666667,,
3038255258,1426,1628,0,0,23.262948054,3428.072390572,1,4.166666667,,
3038257258,1438,1624,0,0,23.261765736,3430.072150072,1,4.166666667,,
3038259258,1444,1636,0,0,23.259154588,3432.071909572,1,4.166666667,,
3038261258,1448,1641,0,0,23.257140658,3434.071669072,1,4.166666667,,
3038263258,1451,1648,0,0,23.256147056,3436.071428571,1,4.166666667,,
3038265258,1459,1656,0,0,23.255721056,3438.071188071,1,4.166666667,,
3038267258,1466,1654,0,0,23.256714658,3440.070947571,1,4.166666667,,
3038269258,1463,1649,0,0,23.258035076,3442.070707071,1,4.166666667,,
3038271258,1472,1669,0,0,23.260646224,3444.07046657,1,4.166666667,,
3038273258,1482,1669,0,0,23.262948054,3446.07022607,1,4.166666667,,
3038275258,1480,1678,0,0,23.262948054,3448.06998557,1,4.166666667,,
3038277258,1487,1678,0,0,23.263709143,3450.06974507,1,4.166666667,,
3038279258,1491,1681,0,0,23.285531384,3452.06950457,1,4.166666667,,
3038281258,1487,1683,0,0,23.307353625,3454.069264069,1,4.166666667,,
3038283258,1488,1688,0,0,23.308416525,3456.069023569,1,4.166666667,,
3038285258,1497,1693,0,0,23.308416525,3458.068783069,1,4.166666667,,
3038287258,1492,1692,0,0,23.308416525,3460.068542569,1,4.166666667,,
3038289258,1501,1681,0,0,23.308416525,3462.068302068,1,4.166666667,,
3038291258,1508,1689,0,0,23.308416525,3464.068061568,1,4.166666667,,
3038293258,1500,1696,0,0,23.308416525,3466.067821068,1,4.166666667,,
3038295258,1511,1700,0,0,23.301144189,3468.067580568,1,4.166666667,,
3038297258,1515,1692,0,0,23.290763163,3470.067340067,1,4.166666667,,
3038299258,1513,1699,0,0,23.284048984,3472.067099567,1,4.166666667,,
3038301258,1512,1700,0,0,23.279611395,3474.066859067,1,4.166666667,,
3038303258,1513,1692,0,0,23.256043929,3476.066618567,1,4.166666667,,
3038305258,1526,1692,0,0,23.215740514,3478.066378066,1,4.166666667,,
3038307258,1526,1701,0,0,22.69799254,3480.066137566,1,4.166666667,,
3038309258,1524,1690,0,0,21.596204763,3482.065897066,1,4.166666667,,
3038311258,1523,1690,0,0,20.754441714,3484.065656566,1,4.166666667,,
3038313258,1519,1703,0,0,20.362705043,3486.065416065,1,4.166666667,,
3038315258,1518,1693,0,0,19.946976414,3488.065175565,1,4.166666667,,
3038317258,1524,1703,0,0,19.47034905,3490.064935065,1,4.166666667,,
3038319258,1521,1694,0,0,18.973870494,3492.064694565,1,4.166666667,,
3038321258,1521,1699,0,0,18.397507378,3494.064454064,1,4.166666667,,
3038323258,1527,1691,0,0,17.815869376,3496.064213564,1,4.166666667,,
3038325258,1525,1697,0,0,17.19381806,3498.063973064,1,4.166666667,,
3038327258,1522,1702,0,0,16.569378209,3500.063732564,1,4.166666667,,
3038329258,1528,1701,0,0,15.872380952,3502.063492063,1,4.166666667,,
3038331258,1520,1693,0,0,15.175383695,3504.063251563,1,4.166666667,,
3038333258,1520,1699,0,0,15.012401365,3506.063011063,1,4.166666667,,
3038335258,1525,1697,0,0,14.878540965,3508.062770563,1,4.166666667,,
3038337258,1530,1708,0,0,14.860429966,3510.062530063,1,4.166666667,,
3038339258,1528,1701,0,0,14.860429966,3512.062289562,1,4.166666667,,
3038341258,1520,1704,0,0,14.860429966,3514.062049062,1,4.166666667,,
3038343258,1521,1704,0,0,14.860429966,3516.061808562,1,4.166666667,,
3038345258,1524,1701,0,0,14.860429966,3518.061568062,1,4.166666667,,
3038347258,1515,1708,0,0,14.860429966,3520.061327561,1,4.166666667,,
3038349258,1517,1706,0,0,14.860429966,3522.061087061,1,4.166666667,,
3038351258,1527,1697,0,0,14.860429966,3524.060846561,1,4.166666667,,
3038353258,1528,1702,0,0,14.860429966,3526.060606061,1,4.166666667,,
3038355258,1529,1704,0,0,14.860429966,3528.06036556,1,4.166666667,,
3038357258,1526,1699,0,0,14.860429966,3530.06012506,1,4.166666667,,
3038359258,1521,1703,0,0,14.860429966,3532.05988456,1,4.166666667,,
3038361258,1531,1699,0,0,14.864951059,3534.05964406,1,4.166666667,,
3038363258,1518,1705,0,0,14.877399034,3536.059403559,1,4.166666667,,
3038365258,1524,1699,0,0,14.886366366,3538.059163059,1,4.166666667,,
3038367258,1525,1701,0,0,14.886366366,3540.058922559,1,4.166666667,,
3038369258,1525,1706,0,0,14.886366366,3542.058682059,1,4.166666667,,
3038371258,1531,1694,0,0,14.886366366,3544.058441558,1,4.166666667,,
3038373258,1524,1708,0,0,14.909921159,3546.058201058,1,4.166666667,,
3038375258,1526,1702,0,0,15.119395066,3548.057960558,1,4.166666667,,
3038377258,1528,1704,0,0,15.328007164,3550.057720058,1,4.166666667,,
3038379258,1525,1703,0,0,15.507622978,3552.057479557,1,4.166666667,,
3038381258,1530,1697,0,0,15.687238791,3554.057239057,1,4.166666667,,
3038383258,1529,1703,0,0,15.697067438,3556.056998557,1,4.166666667,,
3038385258,1521,1706,0,0,15.697067438,3558.056758057,1,4.166666667,,
3038387258,1520,1705,0,0,15.697067438,3560.056517557,1,4.166666667,,
3038389258,1515,1693,0,0,15.697067438,3562.056277056,1,4.166666667,,
3038391258,1524,1706,0,0,15.730655077,3564.056036556,1,4.166666667,,
3038393258,1518,1706,0,0,15.773820645,3566.055796056,1,4.166666667,,
3038395258,1518,1702,0,0,15.799278954,3568.055555556,1,4.166666667,,
3038397258,1524,1713,0,0,15.816949135,3570.055315055,1,4.166666667,,
3038399258,1526,1704,0,0,15.813028331,3572.055074555,1,4.166666667,,
3038401258,1524,1697,0,0,15.79535815,3574.054834055,1,4.166666667,,
3038403258,1524,1703,0,0,15.766888724,3576.054593555,1,4.166666667,,
3038405258,1529,1697,0,0,15.728740615,3578.054353054,1,4.166666667,,
3038407258,1524,1710,0,0,15.704622225,3580.054112554,1,4.166666667,,
3038409258,1525,1703,0,0,15.698088513,3582.053872054,1,4.166666667,,
3038411258,1521,1709,0,0,15.693908194,3584.053631554,1,4.166666667,,
3038413258,1532,1703,0,0,15.693908194,3586.053391053,1,4.166666667,,
3038415258,1521,1701,0,0,15.684911442,3588.053150553,1,4.166666667,,
3038417258,1525,1697,0,0,15.652386228,3590.052910053,1,4.166666667,,
3038419258,1537,1709,0,0,15.62484516,3592.052669553,1,4.166666667,,
3038421258,1528,1709,0,0,15.618141236,3594.052429052,1,4.166666667,,
3038423258,1524,1705,0,0,15.611843145,3596.052188552,1,4.166666667,,
3038425258,1529,1709,0,0,15.608847462,3598.051948052,1,4.166666667,,
3038427258,1524,1705,0,0,15.605663337,3600.051707552,1,4.166666667,,
3038429258,1529,1704,0,0,15.595379784,3602.051467051,1,4.166666667,,
3038431258,1524,1707,0,0,15.585096231,3604.051226551,1,4.166666667,,
3038433258,1524,1705,0,0,15.533289977,3606.050986051,1,4.166666667,,
3038435258,1524,1699,0,0,15.478939895,3608.050745551,1,4.166666667,,
3038437258,1527,1706,0,0,15.434501161,3610.050505051,1,4.166666667,,
3038439258,1526,1704,0,0,15.391693497,3612.05026455,1,4.166666667,,
3038441258,1525,1709,0,0,15.333922431,3614.05002405,1,4.166666667,,
3038443258,1528,1697,0,0,15.271809773,3616.04978355,1,4.166666667,,
3038445258,1525,1701,0,0,15.170918817,3618.04954305,1,4.166666667,,
3038447258,1528,1697,0,0,15.052729368,3620.049302549,1,4.166666667,,
3038449258,1527,1705,0,0,14.975143161,3622.049062049,1,4.166666667,,
3038451258,1528,1704,0,0,14.923742228,3624.048821549,1,4.166666667,,
3038453258,1526,1701,0,0,14.871598843,3626.048581049,1,4.166666667,,
3038455258,1528,1702,0,0,14.818781972,3628.048340548,1,4.166666667,,
3038457258,1525,1709,0,0,14.786392814,3630.048100048,1,4.166666667,,
3038459258,1525,1701,0,0,14.779921491,3632.047859548,1,4.166666667,,
3038461258,1525,1707,0,0,14.772260986,3634.047619048,1,4.166666667,,
3038463258,1524,1707,0,0,14.762460353,3636.047378547,1,4.166666667,,
3038465258,1528,1700,0,0,14.744878031,3638.047138047,1,4.166666667,,
3038467258,1527,1705,0,0,14.706635752,3640.046897547,1,4.166666667,,
3038469258,1528,1706,0,0,14.660015021,3642.046657047,1,4.166666667,,
3038471258,1521,1701,0,0,14.577679812,3644.046416546,1,4.166666667,,
3038473258,1525,1707,0,0,14.490136674,3646.046176046,1,4.166666667,,
3038475258,1520,1707,0,0,14.358870472,3648.045935546,1,4.166666667,,
3038477258,1527,1702,0,0,14.227811284,3650.045695046,1,4.166666667,,
3038479258,1528,1709,0,0,14.105604655,3652.045454545,1,4.166666667,,
3038481258,1518,1701,0,0,13.983398026,3654.045214045,1,4.166666667,,
3038483258,1526,1709,0,0,13.913070517,3656.044973545,1,4.166666667,,
3038485258,1525,1707,0,0,13.846097548,3658.044733045,1,4.166666667,,
3038487258,1522,1705,0,0,13.836432177,3660.044492544,1,4.166666667,,
3038489258,1524,1699,0,0,13.836432177,3662.044252044,1,4.166666667,,
3038491258,1522,1700,0,0,13.836432177,3664.044011544,1,4.166666667,,
3038493258,1525,1710,0,0,13.836432177,3666.043771044,1,4.166666667,,
3038495258,1523,1706,0,0,13.836432177,3668.043530544,1,4.166666667,,
3038497258,1524,1692,0,0,13.836432177,3670.043290043,1,4.166666667,,
3038499258,1518,1705,0,0,13.93244507,3672.043049543,1,4.166666667,,
3038501258,1526,1704,0,0,14.091162209,3674.042809043,1,4.166666667,,
3038503258,1522,1705,0,0,14.197447784,3676.042568543,1,4.166666667,,
3038505258,1525,1709,0,0,14.255595497,3678.042328042,1,4.166666667,,
3038507258,1520,1705,0,0,14.305029646,3680.042087542,1,4.166666667,,
3038509258,1523,1713,0,0,14.343272609,3682.041847042,1,4.166666667,,
3038511258,1525,1708,0,0,14.398610289,3684.041606542,1,4.166666667,,
3038513258,1516,1697,0,0,14.485118981,3686.041366041,1,4.166666667,,
3038515258,1525,1698,0,0,14.57338505,3688.041125541,1,4.166666667,,
3038517258,1526,1705,0,0,14.666388227,3690.040885041,1,4.166666667,,
3038519258,1523,1709,0,0,14.753972668,3692.040644541,1,4.166666667,,
3038521258,1525,1709,0,0,14.818000415,3694.04040404,1,4.166666667,,
3038523258,1516,1706,0,0,14.881120564,3696.04016354,1,4.166666667,,
3038525258,1513,1713,0,0,14.936373108,3698.03992304,1,4.166666667,,
3038527258,1518,1705,0,0,14.991411623,3700.03968254,1,4.166666667,,
3038529258,1524,1707,0,0,15.035878432,3702.039442039,1,4.166666667,,
3038531258,1525,1709,0,0,15.080345241,3704.039201539,1,4.166666667,,
3038533258,1525,1703,0,0,15.116353293,3706.038961039,1,4.166666667,,
3038535258,1524,1707,0,0,15.151785475,3708.038720539,1,4.166666667,,
3038537258,1516,1702,0,0,15.15700549,3710.038480038,1,4.166666667,,
3038539258,1521,1710,0,0,15.15700549,3712.038239538,1,4.166666667,,
3038541258,1528,1705,0,0,15.15700549,3714.037999038,1,4.166666667,,
3038543258,1525,1706,0,0,15.15700549,3716.037758538,1,4.166666667,,
3038545258,1530,1705,0,0,15.15700549,3718.037518038,1,4.166666667,,
3038547258,1527,1704,0,0,15.15700549,3720.037277537,1,4.166666667,,
3038549258,1526,1707,0,0,15.139696847,3722.037037037,1,4.166666667,,
3038551258,1523,1701,0,0,15.110941329,3724.036796537,1,4.166666667,,
3038553258,1524,1709,0,0,15.068807681,3726.036556037,1,4.166666667,,
3038555258,1525,1707,0,0,15.014242617,3728.036315536,1,4.166666667,,
3038557258,1524,1707,0,0,14.968692358,3730.036075036,1,4.166666667,,
3038559258,1524,1693,0,0,14.934862592,3732.035834536,1,4.166666667,,
3038561258,1521,1710,0,0,14.890718566,3734.035594036,1,4.166666667,,
3038563258,1524,1708,0,0,14.827517884,3736.035353535,1,4.166666667,,
3038565258,1520,1704,0,0,14.769099322,3738.035113035,1,4.166666667,,
3038567258,1515,1705,0,0,14.723769796,3740.034872535,1,4.166666667,,
3038569258,1522,1699,0,0,14.679387356,3742.034632035,1,4.166666667,,
3038571258,1528,1706,0,0,14.6392049,3744.034391534,1,4.166666667,,
3038573258,1528,1712,0,0,14.596271288,3746.034151034,1,4.166666667,,
3038575258,1521,1704,0,0,14.528692594,3748.033910534,1,4.166666667,,
3038577258,1526,1697,0,0,14.460745584,3750.033670034,1,4.166666667,,
3038579258,1531,1702,0,0,14.371291567,3752.033429533,1,4.166666667,,
3038581258,1517,1697,0,0,14.281837549,3754.033189033,1,4.166666667,,
3038583258,1514,1705,0,0,14.156087727,3756.032948533,1,4.166666667,,
3038585258,1523,1704,0,0,14.027742006,3758.032708033,1,4.166666667,,
3038587258,1524,1707,0,0,13.908048894,3760.032467532,1,4.166666667,,
3038589258,1518,1692,0,0,13.789886675,3762.032227032,1,4.166666667,,
3038591258,1521,1693,0,0,13.762246806,3764.031986532,1,4.166666667,,
3038593258,1518,1702,0,0,13.762246806,3766.031746032,1,4.166666667,,
3038595258,1525,1702,0,0,13.762246806,3768.031505532,1,4.166666667,,
3038597258,1526,1701,0,0,13.762246806,3770.031265031,1,4.166666667,,
3038599258,1528,1705,0,0,13.762246806,3772.031024531,1,4.166666667,,
3038601258,1526,1702,0,0,13.762246806,3774.030784031,1,4.166666667,,
3038603258,1525,1704,0,0,13.764985178,3776.030543531,1,4.166666667,,
3038605258,1525,1710,0,0,13.770298962,3778.03030303,1,4.166666667,,
3038607258,1526,1704,0,0,13.799857668,3780.03006253,1,4.166666667,,
3038609258,1528,1696,0,0,13.861326472,3782.02982203,1,4.166666667,,
3038611258,1525,1712,0,0,13.933668386,3784.02958153,1,4.166666667,,
3038613258,1525,1701,0,0,14.026366863,3786.029341029,1,4.166666667,,
3038615258,1525,1702,0,0,14.110442161,3788.029100529,1,4.166666667,,
3038617258,1524,1699,0,0,14.170548945,3790.028860029,1,4.166666667,,
3038619258,1536,1697,0,0,14.225728038,3792.028619529,1,4.166666667,,
3038621258,1524,1693,0,0,14.258609737,3794.028379028,1,4.166666667,,
3038623258,1520,1703,0,0,14.288874321,3796.028138528,1,4.166666667,,
3038625258,1531,1704,0,0,14.294890203,3798.027898028,1,4.166666667,,
3038627258,1533,1695,0,0,14.301212268,3800.027657528,1,4.166666667,,
3038629258,1534,1704,0,0,14.329366584,3802.027417027,1,4.166666667,,
3038631258,1528,1704,0,0,14.357520901,3804.027176527,1,4.166666667,,
3038633258,1528,1704,0,0,14.362557155,3806.026936027,1,4.166666667,,
3038635258,1516,1705,0,0,14.365859928,3808.026695527,1,4.166666667,,
3038637258,1525,1704,0,0,14.370069398,3810.026455026,1,4.166666667,,
3038639258,1518,1707,0,0,14.374443079,3812.026214526,1,4.166666667,,
3038641258,1524,1706,0,0,14.380957399,3814.025974026,1,4.166666667,,
3038643258,1529,1702,0,0,14.388136346,3816.025733526,1,4.166666667,,
3038645258,1528,1700,0,0,14.390437235,3818.025493025,1,4.166666667,,
3038647258,1525,1706,0,0,14.390437235,3820.025252525,1,4.166666667,,
3038649258,1527,1704,0,0,14.383552897,3822.025012025,1,4.166666667,,
3038651258,1531,1706,0,0,14.37200027,3824.024771525,1,4.166666667,,
3038653258,1530,1706,0,0,14.364674266,3826.024531025,1,4.166666667,,
3038655258,1528,1706,0,0,14.361371493,3828.024290524,1,4.166666667,,
3038657258,1531,1701,0,0,14.350759675,3830.024050024,1,4.166666667,,
3038659258,1528,1710,0,0,14.330409296,3832.023809524,1,4.166666667,,
3038661258,1526,1705,0,0,14.303768911,3834.023569024,1,4.166666667,,
3038663258,1536,1705,0,0,14.26519505,3836.023328523,1,4.166666667,,
3038665258,1525,1696,0,0,14.225517219,3838.023088023,1,4.166666667,,
3038667258,1526,1709,0,0,14.182722897,3840.022847523,1,4.166666667,,
3038669258,1527,1706,0,0,14.14565888,3842.022607023,1,4.166666667,,
3038671258,1529,1709,0,0,14.135058808,3844.022366522,1,4.166666667,,
3038673258,1525,1707,0,0,14.125163111,3846.022126022,1,4.166666667,,
3038675258,1531,1705,0,0,14.122024027,3848.021885522,1,4.166666667,,
3038677258,1528,1707,0,0,14.118825533,3850.021645022,1,4.166666667,,
3038679258,1530,1696,0,0,14.11019767,3852.021404521,1,4.166666667,,
3038681258,1532,1706,0,0,14.101569807,3854.021164021,1,4.166666667,,
3038683258,1526,1701,0,0,14.045460064,3856.020923521,1,4.166666667,,
3038685258,1525,1702,0,0,13.985624441,3858.020683021,1,4.166666667,,
3038687258,1527,1709,0,0,13.931012018,3860.02044252,1,4.166666667,,
3038689258,1526,1704,0,0,13.877367544,3862.02020202,1,4.166666667,,
3038691258,1530,1699,0,0,13.827390229,3864.01996152,1,4.166666667,,
3038693258,1526,1704,0,0,13.778570505,3866.01972102,1,4.166666667,,
3038695258,1536,1697,0,0,13.762776752,3868.019480519,1,4.166666667,,
3038697258,1530,1705,0,0,13.762776752,3870.019240019,1,4.166666667,,
3038699258,1524,1706,0,0,13.762776752,3872.018999519,1,4.166666667,,
3038701258,1525,1711,0,0,13.762776752,3874.018759019,1,4.166666667,,
3038703258,1525,1702,0,0,13.762776752,3876.018518519,1,4.166666667,,
3038705258,1524,1704,0,0,13.762776752,3878.018278018,1,4.166666667,,
3038707258,1520,1699,0,0,13.794961492,3880.018037518,1,4.166666667,,
3038709258,1514,1707,0,0,13.870559263,3882.017797018,1,4.166666667,,
3038711258,1522,1715,0,0,13.932829191,3884.017556518,1,4.166666667,,
3038713258,1520,1711,0,0,13.969474057,3886.017316017,1,4.166666667,,
3038715258,1518,1695,0,0,14.00176227,3888.017075517,1,4.166666667,,
3038717258,1518,1701,0,0,14.021558031,3890.016835017,1,4.166666667,,
3038719258,1529,1697,0,0,14.040084436,3892.016594517,1,4.166666667,,
3038721258,1517,1708,0,0,14.052626114,3894.016354016,1,4.166666667,,
3038723258,1527,1709,0,0,14.064021468,3896.016113516,1,4.166666667,,
3038725258,1520,1704,0,0,14.064021468,3898.015873016,1,4.166666667,,
3038727258,1528,1700,0,0,14.064021468,3900.015632516,1,4.166666667,,
3038729258,1532,1701,0,0,14.064021468,3902.015392015,1,4.166666667,,
3038731258,1528,1694,0,0,14.064021468,3904.015151515,1,4.166666667,,
3038733258,1528,1699,0,0,14.064021468,3906.014911015,1,4.166666667,,
3038735258,1528,1699,0,0,14.064021468,3908.014670515,1,4.166666667,,
3038737258,1534,1702,0,0,14.062715641,3910.014430014,1,4.166666667,,
3038739258,1528,1705,0,0,14.061162286,3912.014189514,1,4.166666667,,
3038741258,1525,1694,0,0,14.043124155,3914.013949014,1,4.166666667,,
3038743258,1531,1702,0,0,14.01979623,3916.013708514,1,4.166666667,,
3038745258,1531,1697,0,0,13.983519277,3918.013468013,1,4.166666667,,
3038747258,1531,1707,0,0,13.940964359,3920.013227513,1,4.166666667,,
3038749258,1526,1701,0,0,13.894155346,3922.012987013,1,4.166666667,,
3038751258,1527,1696,0,0,13.844388848,3924.012746513,1,4.166666667,,
3038753258,1532,1701,0,0,13.798611052,3926.012506013,1,4.166666667,,
3038755258,1532,1697,0,0,13.756722476,3928.012265512,1,4.166666667,,
3038757258,1530,1704,0,0,13.706572842,3930.012025012,1,4.166666667,,
3038759258,1527,1705,0,0,13.645142104,3932.011784512,1,4.166666667,,
3038761258,1533,1692,0,0,13.604545363,3934.011544012,1,4.166666667,,
3038763258,1533,1702,0,0,13.604545363,3936.011303511,1,4.166666667,,
3038765258,1524,1697,0,0,13.604545363,3938.011063011,1,4.166666667,,
3038767258,1537,1704,0,0,13.604545363,3940.010822511,1,4.166666667,,
3038769258,1538,1709,0,0,13.604545363,3942.010582011,1,4.166666667,,
3038771258,1534,1701,0,0,13.604545363,3944.01034151,1,4.166666667,,
3038773258,1534,1704,0,0,13.609080603,3946.01010101,1,4.166666667,,
3038775258,1531,1703,0,0,13.660387433,3948.00986051,1,4.166666667,,
3038777258,1530,1704,0,0,13.711865858,3950.00962001,1,4.166666667,,
3038779258,1532,1697,0,0,13.798842875,3952.009379509,1,4.166666667,,
3038781258,1524,1708,0,0,13.885819893,3954.009139009,1,4.166666667,,
3038783258,1529,1705,0,0,13.925628322,3956.008898509,1,4.166666667,,
3038785258,1523,1701,0,0,13.961403405,3958.008658009,1,4.166666667,,
3038787258,1526,1693,0,0,14.000984286,3960.008417508,1,4.166666667,,
3038789258,1532,1704,0,0,14.041302831,3962.008177008,1,4.166666667,,
3038791258,1534,1713,0,0,14.075340421,3964.007936508,1,4.166666667,,
3038793258,1528,1707,0,0,14.107329438,3966.007696008,1,4.166666667,,
3038795258,1534,1707,0,0,14.126834767,3968.007455507,1,4.166666667,,
3038797258,1524,1705,0,0,14.140204615,3970.007215007,1,4.166666667,,
3038799258,1536,1701,0,0,14.145727817,3972.006974507,1,4.166666667,,
3038801258,1533,1697,0,0,14.145727817,3974.006734007,1,4.166666667,,
3038803258,1538,1704,0,0,14.145727817,3976.006493506,1,4.166666667,,
3038805258,1527,1704,0,0,14.145727817,3978.006253006,1,4.166666667,,
3038807258,1528,1706,0,0,14.145727817,3980.006012506,1,4.166666667,,
3038809258,1526,1707,0,0,14.145727817,3982.005772006,1,4.166666667,,
3038811258,1530,1697,0,0,14.14299097,3984.005531506,1,4.166666667,,
3038813258,1527,1702,0,0,14.134848972,3986.005291005,1,4.166666667,,
3038815258,1530,1706,0,0,14.126412299,3988.005050505,1,4.166666667,,
3038817258,1525,1710,0,0,14.11710353,3990.004810005,1,4.166666667,,
3038819258,1530,1705,0,0,14.103171595,3992.004569505,1,4.166666667,,
3038821258,1530,1709,0,0,14.066502238,3994.004329004,1,4.166666667,,
3038823258,1526,1705,0,0,14.030113347,3996.004088504,1,4.166666667,,
3038825258,1529,1701,0,0,13.996728602,3998.003848004,1,4.166666667,,
3038827258,1536,1706,0,0,13.963279767,4000.003607504,1,4.166666667,,
3038829258,1528,1704,0,0,13.894367608,4002.003367003,1,4.166666667,,
3038831258,1536,1709,0,0,13.82545545,4004.003126503,1,4.166666667,,
3038833258,1530,1705,0,0,13.771969216,4006.002886003,1,4.166666667,,
3038835258,1524,1697,0,0,13.719856868,4008.002645503,1,4.166666667,,
3038837258,1531,1700,0,0,13.703327745,4010.002405002,1,4.166666667,,
3038839258,1528,1701,0,0,13.693848612,4012.002164502,1,4.166666667,,
3038841258,1523,1709,0,0,13.688363839,4014.001924002,1,4.166666667,,
3038843258,1530,1707,0,0,13.684203057,4016.001683502,1,4.166666667,,
3038845258,1530,1702,0,0,13.677091668,4018.001443001,1,4.166666667,,
3038847258,1528,1707,0,0,13.668510292,4020.001202501,1,4.166666667,,
3038849258,1531,1705,0,0,13.664939449,4022.000962001,1,4.166666667,,
3038851258,1536,1708,0,0,13.664939449,4024.000721501,1,4.166666667,,
3038853258,1537,1703,0,0,13.664939449,4026.000481,1,4.166666667,,
3038855258,1528,1700,0,0,13.664939449,4028.0002405,1,4.166666667,,
3038857258,1536,1703,0,0,13.664939449,4030,1,4.166666667,,
3038859258,1532,1703,0,0,13.664939449,4031.9997595,1,4.166666667,,
3038861258,1526,1704,0,0,13.67079227,4033.999519,1,4.166666667,,
3038863258,1530,1707,0,0,13.688361297,4035.999278499,1,4.166666667,,
3038865258,1533,1710,0,0,13.703311846,4037.999037999,1,4.166666667,,
3038867258,1520,1706,0,0,13.710388033,4039.998797499,1,4.166666667,,
3038869258,1532,1702,0,0,13.717169983,4041.998556999,1,4.166666667,,
3038871258,1528,1706,0,0,13.722473287,4043.998316498,1,4.166666667,,
3038873258,1518,1705,0,0,13.727339699,4045.998075998,1,4.166666667,,
3038875258,1528,1705,0,0,13.727339699,4047.997835498,1,4.166666667,,
3038877258,1536,1704,0,0,13.727339699,4049.997594998,1,4.166666667,,
3038879258,1536,1706,0,0,13.722042773,4051.997354497,1,4.166666667,,
3038881258,1536,1705,0,0,13.716739468,4053.997113997,1,4.166666667,,
3038883258,1534,1713,0,0,13.71480479,4055.996873497,1,4.166666667,,
3038885258,1531,1696,0,0,13.713182186,4057.996632997,1,4.166666667,,
3038887258,1533,1707,0,0,13.711061284,4059.996392496,1,4.166666667,,
3038889258,1535,1703,0,0,13.708839497,4061.996151996,1,4.166666667,,
3038891258,1538,1704,0,0,13.708279708,4063.995911496,1,4.166666667,,
3038893258,1532,1713,0,0,13.708279708,4065.995670996,1,4.166666667,,
3038895258,1527,1701,0,0,13.706501183,4067.995430495,1,4.166666667,,
3038897258,1534,1704,0,0,13.703824542,4069.995189995,1,4.166666667,,
3038899258,1537,1703,0,0,13.69792881,4071.994949495,1,4.166666667,,
3038901258,1533,1699,0,0,13.6897104,4073.994708995,1,4.166666667,,
3038903258,1532,1709,0,0,13.682226393,4075.994468494,1,4.166666667,,
3038905258,1523,1704,0,0,13.67548478,4077.994227994,1,4.166666667,,
3038907258,1528,1702,0,0,13.668751304,4079.993987494,1,4.166666667,,
3038909258,1529,1708,0,0,13.66202936,4081.993746994,1,4.166666667,,
3038911258,1531,1702,0,0,13.655195729,4083.993506494,1,4.166666667,,
3038913258,1537,1703,0,0,13.648135467,4085.993265993,1,4.166666667,,
3038915258,1533,1705,0,0,13.642815859,4087.993025493,1,4.166666667,,
3038917258,1536,1704,0,0,13.642815859,4089.992784993,1,4.166666667,,
3038919258,1533,1697,0,0,13.642815859,4091.992544493,1,4.166666667,,
3038921258,1533,1700,0,0,13.642815859,4093.992303992,1,4.166666667,,
3038923258,1538,1706,0,0,13.642815859,4095.992063492,1,4.166666667,,
3038925258,1525,1699,0,0,13.642815859,4097.991822992,1,4.166666667,,
3038927258,1525,1705,0,0,13.642815859,4099.991582492,1,4.166666667,,
3038929258,1526,1701,0,0,13.652779485,4101.991341991,1,4.166666667,,
3038931258,1526,1704,0,0,13.662785228,4103.991101491,1,4.166666667,,
3038933258,1533,1702,0,0,13.664826963,4105.990860991,1,4.166666667,,
3038935258,1536,1707,0,0,13.666102221,4107.990620491,1,4.166666667,,
3038937258,1530,1701,0,0,13.666320771,4109.99037999,1,4.166666667,,
3038939258,1528,1704,0,0,13.666320771,4111.99013949,1,4.166666667,,
3038941258,1533,1693,0,0,13.666320771,4113.98989899,1,4.166666667,,
3038943258,1531,1703,0,0,13.666320771,4115.98965849,1,4.166666667,,
3038945258,1532,1702,0,0,13.666320771,4117.989417989,1,4.166666667,,
3038947258,1532,1704,0,0,13.666320771,4119.989177489,1,4.166666667,,
3038949258,1525,1697,0,0,13.665583836,4121.988936989,1,4.166666667,,
3038951258,1530,1702,0,0,13.664308578,4123.988696489,1,4.166666667,,
3038953258,1530,1706,0,0,13.65880999,4125.988455988,1,4.166666667,,
3038955258,1524,1705,0,0,13.648990453,4127.988215488,1,4.166666667,,
3038957258,1532,1705,0,0,13.631846472,4129.987974988,1,4.166666667,,
3038959258,1518,1701,0,0,13.604193038,4131.987734488,1,4.166666667,,
3038961258,1528,1703,0,0,13.584295927,4133.987493987,1,4.166666667,,
3038963258,1524,1701,0,0,13.580353458,4135.987253487,1,4.166666667,,
3038965258,1529,1704,0,0,13.577371121,4137.987012987,1,4.166666667,,
3038967258,1526,1705,0,0,13.577371121,4139.986772487,1,4.166666667,,
3038969258,1524,1702,0,0,13.57736994,4141.986531987,1,4.166666667,,
3038971258,1524,1701,0,0,13.577362555,4143.986291486,1,4.166666667,,
3038973258,1529,1704,0,0,13.577355734,4145.986050986,1,4.166666667,,
3038975258,1527,1697,0,0,13.577355734,4147.985810486,1,4.166666667,,
3038977258,1532,1700,0,0,13.577355734,4149.985569986,1,4.166666667,,
3038979258,1528,1701,0,0,13.577363066,4151.985329485,1,4.166666667,,
3038981258,1526,1704,0,0,13.577370451,4153.985088985,1,4.166666667,,
3038983258,1528,1701,0,0,13.581991456,4155.984848485,1,4.166666667,,
3038985258,1533,1700,0,0,13.587073213,4157.984607985,1,4.166666667,,
3038987258,1521,1713,0,0,13.596746759,4159.984367484,1,4.166666667,,
3038989258,1527,1697,0,0,13.607390167,4161.984126984,1,4.166666667,,
3038991258,1530,1705,0,0,13.61013582,4163.983886484,1,4.166666667,,
3038993258,1525,1705,0,0,13.61013582,4165.983645984,1,4.166666667,,
3038995258,1518,1712,0,0,13.61013582,4167.983405483,1,4.166666667,,
3038997258,1526,1701,0,0,13.61013582,4169.983164983,1,4.166666667,,
3038999258,1520,1707,0,0,13.61013582,4171.982924483,1,4.166666667,,
3039001258,1521,1704,0,0,13.61013582,4173.982683983,1,4.166666667,,
3039003258,1525,1702,0,0,13.609767792,4175.982443482,1,4.166666667,,
3039005258,1518,1709,0,0,13.609018671,4177.982202982,1,4.166666667,,
3039007258,1520,1713,0,0,13.604886681,4179.981962482,1,4.166666667,,
3039009258,1525,1710,0,0,13.59584005,4181.981721982,1,4.166666667,,
3039011258,1528,1697,0,0,13.586260885,4183.981481481,1,4.166666667,,
3039013258,1532,1703,0,0,13.575571201,4185.981240981,1,4.166666667,,
3039015258,1526,1699,0,0,13.566028559,4187.981000481,1,4.166666667,,
3039017258,1524,1697,0,0,13.5601077,4189.980759981,1,4.166666667,,
3039019258,1528,1696,0,0,13.555116092,4191.980519481,1,4.166666667,,
3039021258,1528,1693,0,0,13.555116092,4193.98027898,1,4.166666667,,
3039023258,1532,1697,0,0,13.555116092,4195.98003848,1,4.166666667,,
3039025258,1526,1705,190,1,13.555116092,4197.97979798,1,4.166666667,4,2.02020202
3039027258,1516,1669,190,1,13.555116092,4199.97955748,1,4.166666667,,
3039029258,1510,1641,190,1,13.555116092,4201.979316979,1,4.166666667,,
3039031258,1500,1600,190,1,13.555116092,4203.979076479,1,4.166666667,,
3039033258,1496,1582,190,1,13.567386131,4205.978835979,1,4.166666667,,
3039035258,1488,1555,190,1,13.580926327,4207.978595479,1,4.166666667,,
3039037258,1488,1526,190,1,13.596527519,4209.978354978,1,4.166666667,,
3039039258,1484,1504,190,1,13.612573151,4211.978114478,1,4.166666667,,
3039041258,1469,1474,190,1,13.619344781,4213.977873978,1,4.166666667,,
3039043258,1464,1460,190,1,13.62284146,4215.977633478,1,4.166666667,,
3039045258,1460,1435,190,1,13.624228204,4217.977392977,1,4.166666667,,
3039047258,1452,1409,190,1,13.624505782,4219.977152477,1,4.166666667,,
3039049258,1453,1396,190,1,13.624624625,4221.976911977,1,4.166666667,,
3039051258,1446,1371,190,0,13.624624625,4223.976671477,1,4.166666667,,
3039053258,1440,1361,190,0,13.624624625,4225.976430976,1,4.166666667,,
3039055258,1435,1338,190,0,13.624624625,4227.976190476,1,4.166666667,,
3039057258,1429,1334,190,0,13.62309722,4229.975949976,1,4.166666667,,
3039059258,1425,1320,190,0,13.619322964,4231.975709476,1,4.166666667,,
3039061258,1426,1308,190,0,13.616231667,4233.975468975,1,4.166666667,,
3039063258,1423,1297,190,0,13.614584305,4235.975228475,1,4.166666667,,
3039065258,1423,1288,190,0,13.612333749,4237.974987975,1,4.166666667,,
3039067258,1412,1284,190,0,13.608146865,4239.974747475,1,4.166666667,,
3039069258,1410,1273,190,0,13.604459151,4241.974506975,1,4.166666667,,
3039071258,1416,1269,190,0,13.60351492,4243.974266474,1,4.166666667,,
3039073258,1409,1249,190,0,13.602319263,4245.974025974,1,4.166666667,,
3039075258,1410,1256,190,0,13.597801345,4247.973785474,1,4.166666667,,
3039077258,1408,1247,190,0,13.593283426,4249.973544974,1,4.166666667,,
3039079258,1410,1232,190,0,13.590168129,4251.973304473,1,4.166666667,,
3039081258,1406,1231,190,0,13.587071636,4253.973063973,1,4.166666667,,
3039083258,1405,1227,190,0,13.586771855,4255.972823473,1,4.166666667,,
3039085258,1406,1227,190,0,13.586771855,4257.972582973,1,4.166666667,,
3039087258,1410,1223,190,0,13.59301265,4259.972342472,1,4.166666667,,
3039089258,1408,1211,190,0,13.600627062,4261.972101972,1,4.166666667,,
3039091258,1410,1215,190,0,13.60263712,4263.971861472,1,4.166666667,,
3039093258,1409,1211,190,0,13.60263712,4265.971620972,1,4.166666667,,
3039095258,1406,1205,190,0,13.621096211,4267.971380471,1,4.166666667,,
3039097258,1409,1201,190,0,13.649388808,4269.971139971,1,4.166666667,,
3039099258,1404,1203,190,0,13.663598281,4271.970899471,1,4.166666667,,
3039101258,1396,1197,190,0,13.66713376,4273.970658971,1,4.166666667,,
3039103258,1408,1192,190,0,13.683832317,4275.97041847,1,4.166666667,,
3039105258,1409,1184,190,0,13.714493197,4277.97017797,1,4.166666667,,
3039107258,1401,1190,190,0,13.740818281,4279.96993747,1,4.166666667,,
3039109258,1404,1188,190,0,13.760685106,4281.96969697,1,4.166666667,,
3039111258,1405,1187,190,0,13.785089094,4283.969456469,1,4.166666667,,
3039113258,1403,1195,190,0,13.819219253,4285.969215969,1,4.166666667,,
3039115258,1401,1179,190,0,13.8567277,4287.968975469,1,4.166666667,,
3039117258,1396,1180,190,0,13.905263229,4289.968734969,1,4.166666667,,
3039119258,1396,1172,190,0,13.952922936,4291.968494468,1,4.166666667,,
3039121258,1403,1171,190,0,13.99565571,4293.968253968,1,4.166666667,,
3039123258,1397,1180,190,0,14.038289124,4295.968013468,1,4.166666667,,
3039125258,1396,1176,190,0,14.079546567,4297.967772968,1,4.166666667,,
3039127258,1400,1175,190,0,14.120804011,4299.967532468,1,4.166666667,,
3039129258,1392,1179,190,0,14.161715137,4301.967291967,1,4.166666667,,
3039131258,1397,1167,190,0,14.202620548,4303.967051467,1,4.166666667,,
3039133258,1386,1167,190,0,14.24239527,4305.966810967,1,4.166666667,,
3039135258,1371,1171,190,0,14.282044612,4307.966570467,1,4.166666667,,
3039137258,1371,1167,190,0,14.324722981,4309.966329966,1,4.166666667,,
3039139258,1392,1167,190,0,14.368081656,4311.966089466,1,4.166666667,,
3039141258,1390,1166,190,0,14.410139788,4313.965848966,1,4.166666667,,
3039143258,1388,1164,190,0,14.45172422,4315.965608466,1,4.166666667,,
3039145258,1387,1166,190,0,14.506846206,4317.965367965,1,4.166666667,,
3039147258,1371,1163,190,0,14.569275964,4319.965127465,1,4.166666667,,
3039149258,1371,1165,190,0,14.633916776,4321.964886965,1,4.166666667,,
3039151258,1371,1158,190,0,14.700254062,4323.964646465,1,4.166666667,,
3039153258,1371,1159,190,0,14.772310716,4325.964405964,1,4.166666667,,
3039155258,1371,1161,190,0,14.850507488,4327.964165464,1,4.166666667,,
3039157258,1370,1164,190,0,14.932233853,4329.963924964,1,4.166666667,,
3039159258,1371,1163,190,0,15.019283888,4331.963684464,1,4.166666667,,
3039161258,1368,1163,190,0,15.114731337,4333.963443963,1,4.166666667,,
3039163258,1360,1159,190,0,15.228431944,4335.963203463,1,4.166666667,,
3039165258,1364,1156,190,0,15.350505653,4337.962962963,1,4.166666667,,
3039167258,1351,1151,190,0,15.500373709,4339.962722463,1,4.166666667,,
3039169258,1358,1153,190,0,15.652231495,4341.962481962,1,4.166666667,,
3039171258,1348,1152,190,0,15.815550454,4343.962241462,1,4.166666667,,
3039173258,1347,1148,190,0,15.98042173,4345.962000962,1,4.166666667,,
3039175258,1336,1136,190,0,16.167866884,4347.961760462,1,4.166666667,,
3039177258,1333,1147,190,0,16.355312037,4349.961519962,1,4.166666667,,
3039179258,1331,1146,190,0,16.618072341,4351.961279461,1,4.166666667,,
3039181258,1320,1143,190,0,16.882310318,4353.961038961,1,4.166666667,,
3039183258,1316,1139,190,0,17.226467284,4355.960798461,1,4.166666667,,
3039185258,1302,1129,190,0,17.579783865,4357.960557961,1,4.166666667,,
3039187258,1299,1131,190,0,18.031822298,4359.96031746,1,4.166666667,,
3039189258,1294,1128,190,0,18.506479929,4361.96007696,1,4.166666667,,
3039191258,1286,1118,190,0,19.070042914,4363.95983646,1,4.166666667,,
3039193258,1267,1124,190,0,19.6664877,4365.95959596,1,4.166666667,,
3039195258,1262,1128,190,0,20.898671716,4367.959355459,1,4.166666667,,
3039197258,1249,1167,190,0,22.478590308,4369.959114959,1,4.166666667,,
3039199258,1217,1337,190,0,23.174123702,4371.958874459,1,4.166666667,,
3039201258,1215,1348,190,0,23.182746798,4373.958633959,1,4.166666667,,
3039203258,1205,1359,190,0,23.187365516,4375.958393458,1,4.166666667,,
3039205258,1206,1361,190,0,23.18763318,4377.958152958,1,4.166666667,,
3039207258,1204,1359,190,0,23.187794938,4379.957912458,1,4.166666667,,
3039209258,1196,1356,190,0,23.187794938,4381.957671958,1,4.166666667,,
3039211258,1206,1359,190,0,23.187794938,4383.957431457,1,4.166666667,,
3039213258,1200,1358,190,0,23.187794938,4385.957190957,1,4.166666667,,
3039215258,1203,1356,190,0,23.187794938,4387.956950457,1,4.166666667,,
3039217258,1201,1350,190,0,23.187794938,4389.956709957,1,4.166666667,,
3039219258,1201,1347,190,0,23.184458379,4391.956469456,1,4.166666667,,
3039221258,1195,1340,190,0,23.161434735,4393.956228956,1,4.166666667,,
3039223258,1188,1345,190,0,23.139823246,4395.955988456,1,4.166666667,,
3039225258,1193,1359,190,0,23.139823246,4397.955747956,1,4.166666667,,
3039227258,1191,1354,190,0,23.139823246,4399.955507456,1,4.166666667,,
3039229258,1187,1353,190,0,23.139823246,4401.955266955,1,4.166666667,,
3039231258,1191,1345,190,0,23.139823246,4403.955026455,1,4.166666667,,
3039233258,1192,1348,190,0,23.139823246,4405.954785955,1,4.166666667,,
3039235258,1188,1344,190,0,23.139823246,4407.954545455,1,4.166666667,,
3039237258,1185,1346,190,0,23.161664732,4409.954304954,1,4.166666667,,
3039239258,1190,1347,190,0,23.188610127,4411.954064454,1,4.166666667,,
3039241258,1191,1354,190,0,23.201089399,4413.953823954,1,4.166666667,,
3039243258,1195,1338,190,0,23.208136396,4415.953583454,1,4.166666667,,
3039245258,1195,1346,190,0,23.210649246,4417.953342953,1,4.166666667,,
3039247258,1191,1345,190,0,23.210649246,4419.953102453,1,4.166666667,,
3039249258,1187,1343,190,0,23.210649246,4421.952861953,1,4.166666667,,
3039251258,1186,1346,190,0,23.210649246,4423.952621453,1,4.166666667,,
3039253258,1182,1334,190,0,23.210649246,4425.952380952,1,4.166666667,,
3039255258,1191,1338,190,0,23.210649246,4427.952140452,1,4.166666667,,
3039257258,1181,1344,190,0,23.207487826,4429.951899952,1,4.166666667,,
3039259258,1185,1347,190,0,23.199436616,4431.951659452,1,4.166666667,,
3039261258,1180,1347,190,0,23.190409302,4433.951418951,1,4.166666667,,
3039263258,1185,1341,190,0,23.179199996,4435.951178451,1,4.166666667,,
3039265258,1188,1342,190,0,23.170518344,4437.950937951,1,4.166666667,,
3039267258,1185,1350,190,0,23.170518344,4439.950697451,1,4.166666667,,
3039269258,1188,1348,190,0,23.170518344,4441.95045695,1,4.166666667,,
3039271258,1192,1344,190,0,23.170518344,4443.95021645,1,4.166666667,,
3039273258,1193,1344,190,0,23.170518344,4445.94997595,1,4.166666667,,
3039275258,1195,1337,0,0,23.170518344,4447.94973545,1,4.166666667,,
3039277258,1210,1371,0,0,23.170518344,4449.949494949,1,4.166666667,,
3039279258,1233,1412,0,0,23.183107224,4451.949254449,1,4.166666667,,
3039281258,1260,1433,0,0,23.19602228,4453.949013949,1,4.166666667,,
3039283258,1280,1448,0,0,23.197427947,4455.948773449,1,4.166666667,,
3039285258,1289,1479,0,0,23.197427947,4457.948532949,1,4.166666667,,
3039287258,1320,1496,0,0,23.197427947,4459.948292448,1,4.166666667,,
3039289258,1328,1499,0,0,23.197427947,4461.948051948,1,4.166666667,,
3039291258,1340,1525,0,0,23.197427947,4463.947811448,1,4.166666667,,
3039293258,1363,1536,0,0,23.197427947,4465.947570948,1,4.166666667,,
3039295258,1368,1547,0,0,23.196448502,4467.947330447,1,4.166666667,,
3039297258,1371,1569,0,0,23.194919095,4469.947089947,1,4.166666667,,
3039299258,1390,1571,0,0,23.1942413,4471.946849447,1,4.166666667,,
3039301258,1405,1589,0,0,23.1942413,4473.946608947,1,4.166666667,,
3039303258,1410,1601,0,0,23.1942413,4475.946368446,1,4.166666667,,
3039305258,1425,1611,0,0,23.1942413,4477.946127946,1,4.166666667,,
3039307258,1436,1617,0,0,23.1942413,4479.945887446,1,4.166666667,,
3039309258,1440,1621,0,0,23.1942413,4481.945646946,1,4.166666667,,
3039311258,1448,1626,0,0,23.194381425,4483.945406445,1,4.166666667,,
3039313258,1461,1633,0,0,23.19483924,4485.945165945,1,4.166666667,,
3039315258,1456,1649,0,0,23.195494801,4487.944925445,1,4.166666667,,
3039317258,1461,1641,0,0,23.196841407,4489.944684945,1,4.166666667,,
3039319258,1467,1653,0,0,23.198000961,4491.944444444,1,4.166666667,,
3039321258,1480,1657,0,0,23.198000961,4493.944203944,1,4.166666667,,
3039323258,1476,1663,0,0,23.198000961,4495.943963444,1,4.166666667,,
3039325258,1479,1675,0,0,23.198000961,4497.943722944,1,4.166666667,,
3039327258,1476,1667,0,0,23.198000961,4499.943482443,1,4.166666667,,
3039329258,1487,1677,0,0,23.200769526,4501.943241943,1,4.166666667,,
3039331258,1488,1678,0,0,23.203618612,4503.943001443,1,4.166666667,,
3039333258,1490,1680,0,0,23.202432578,4505.942760943,1,4.166666667,,
3039335258,1495,1681,0,0,23.200738397,4507.942520443,1,4.166666667,,
3039337258,1501,1679,0,0,23.199478101,4509.942279942,1,4.166666667,,
3039339258,1492,1682,0,0,23.198323196,4511.942039442,1,4.166666667,,
3039341258,1508,1685,0,0,23.196749632,4513.941798942,1,4.166666667,,
3039343258,1512,1681,0,0,23.195014052,4515.941558442,1,4.166666667,,
3039345258,1509,1685,0,0,23.193237654,4517.941317941,1,4.166666667,,
3039347258,1512,1696,0,0,23.191438036,4519.941077441,1,4.166666667,,
3039349258,1507,1692,0,0,22.6299138,4521.940836941,1,4.166666667,,
3039351258,1517,1693,0,0,21.617449645,4523.940596441,1,4.166666667,,
3039353258,1515,1696,0,0,20.893699729,4525.94035594,1,4.166666667,,
3039355258,1522,1693,0,0,20.495214835,4527.94011544,1,4.166666667,,
3039357258,1523,1705,0,0,20.068463555,4529.93987494,1,4.166666667,,
3039359258,1518,1688,0,0,19.596872909,4531.93963444,1,4.166666667,,
3039361258,1515,1686,0,0,19.106016244,4533.939393939,1,4.166666667,,
3039363258,1524,1697,0,0,18.570855379,4535.939153439,1,4.166666667,,
3039365258,1523,1693,0,0,18.019118067,4537.938912939,1,4.166666667,,
3039367258,1518,1697,0,0,17.40843218,4539.938672439,1,4.166666667,,
3039369258,1522,1700,0,0,16.790583162,4541.938431938,1,4.166666667,,
3039371258,1527,1700,0,0,16.127188041,4543.938191438,1,4.166666667,,
3039373258,1523,1696,0,0,15.479918499,4545.937950938,1,4.166666667,,
3039375258,1520,1695,0,0,15.124762875,4547.937710438,1,4.166666667,,
3039377258,1527,1705,0,0,14.769607251,4549.937469937,1,4.166666667,,
3039379258,1525,1706,0,0,14.753998905,4551.937229437,1,4.166666667,,
3039381258,1525,1702,0,0,14.749350495,4553.936988937,1,4.166666667,,
3039383258,1524,1695,0,0,14.678729708,4555.936748437,1,4.166666667,,
3039385258,1528,1699,0,0,14.599548646,4557.936507937,1,4.166666667,,
3039387258,1524,1701,0,0,14.558942634,4559.936267436,1,4.166666667,,
3039389258,1520,1703,0,0,14.527886335,4561.936026936,1,4.166666667,,
3039391258,1526,1692,0,0,14.519127823,4563.935786436,1,4.166666667,,
3039393258,1518,1696,0,0,14.519127823,4565.935545936,1,4.166666667,,
3039395258,1525,1705,0,0,14.519127823,4567.935305435,1,4.166666667,,
3039397258,1524,1694,0,0,14.519127823,4569.935064935,1,4.166666667,,
3039399258,1520,1702,0,0,14.455288956,4571.934824435,1,4.166666667,,
3039401258,1524,1705,0,0,14.339389353,4573.934583935,1,4.166666667,,
3039403258,1528,1705,0,0,14.277641278,4575.934343434,1,4.166666667,,
3039405258,1527,1702,0,0,14.277641278,4577.934102934,1,4.166666667,,
3039407258,1524,1708,0,0,14.277641278,4579.933862434,1,4.166666667,,
3039409258,1520,1703,0,0,14.277641278,4581.933621934,1,4.166666667,,
3039411258,1526,1707,0,0,14.277641278,4583.933381433,1,4.166666667,,
3039413258,1526,1704,0,0,14.277641278,4585.933140933,1,4.166666667,,
3039415258,1524,1696,0,0,14.327419509,4587.932900433,1,4.166666667,,
3039417258,1528,1700,0,0,14.557367285,4589.932659933,1,4.166666667,,
3039419258,1524,1705,0,0,14.790958792,4591.932419432,1,4.166666667,,
3039421258,1526,1697,0,0,15.048325237,4593.932178932,1,4.166666667,,
3039423258,1516,1710,0,0,15.295050228,4595.931938432,1,4.166666667,,
3039425258,1524,1703,0,0,15.336602788,4597.931697932,1,4.166666667,,
3039427258,1522,1692,0,0,15.378155349,4599.931457431,1,4.166666667,,
3039429258,1531,1700,0,0,15.393300024,4601.931216931,1,4.166666667,,
3039431258,1517,1705,0,0,15.407507434,4603.930976431,1,4.166666667,,
3039433258,1524,1702,0,0,15.467368453,4605.930735931,1,4.166666667,,
3039435258,1529,1704,0,0,15.533329068,4607.93049543,1,4.166666667,,
3039437258,1530,1709,0,0,15.547284989,4609.93025493,1,4.166666667,,
3039439258,1528,1704,0,0,15.548122256,4611.93001443,1,4.166666667,,
3039441258,1521,1707,0,0,15.571439069,4613.92977393,1,4.166666667,,
3039443258,1525,1704,0,0,15.603717451,4615.92953343,1,4.166666667,,
3039445258,1524,1699,0,0,15.615615616,4617.929292929,1,4.166666667,,
3039447258,1528,1715,0,0,15.615615616,4619.929052429,1,4.166666667,,
3039449258,1521,1705,0,0,15.615615616,4621.928811929,1,4.166666667,,
3039451258,1518,1705,0,0,15.615615616,4623.928571429,1,4.166666667,,
3039453258,1525,1702,0,0,15.615615616,4625.928330928,1,4.166666667,,
3039455258,1526,1701,0,0,15.615615616,4627.928090428,1,4.166666667,,
3039457258,1521,1702,0,0,15.620060812,4629.927849928,1,4.166666667,,
3039459258,1525,1702,0,0,15.631739109,4631.927609428,1,4.166666667,,
3039461258,1518,1695,0,0,15.644085757,4633.927368927,1,4.166666667,,
3039463258,1532,1705,0,0,15.65801399,4635.927128427,1,4.166666667,,
3039465258,1524,1712,0,0,15.668968969,4637.926887927,1,4.166666667,,
3039467258,1524,1705,0,0,15.668968969,4639.926647427,1,4.166666667,,
3039469258,1526,1699,0,0,15.66715989,4641.926406926,1,4.166666667,,
3039471258,1527,1694,0,0,15.653231656,4643.926166426,1,4.166666667,,
3039473258,1524,1705,0,0,15.639407599,4645.925925926,1,4.166666667,,
3039475258,1523,1713,0,0,15.627729303,4647.925685426,1,4.166666667,,
3039477258,1521,1705,0,0,15.616051006,4649.925444925,1,4.166666667,,
3039479258,1531,1709,0,0,15.615615616,4651.925204425,1,4.166666667,,
3039481258,1530,1701,0,0,15.615615616,4653.924963925,1,4.166666667,,
3039483258,1524,1705,0,0,15.615615616,4655.924723425,1,4.166666667,,
3039485258,1525,1713,0,0,15.615615616,4657.924482924,1,4.166666667,,
3039487258,1525,1710,0,0,15.604378924,4659.924242424,1,4.166666667,,
3039489258,1527,1706,0,0,15.590254497,4661.924001924,1,4.166666667,,
3039491258,1518,1705,0,0,15.569804207,4663.923761424,1,4.166666667,,
3039493258,1524,1712,0,0,15.54679472,4665.923520924,1,4.166666667,,
3039495258,1523,1703,0,0,15.527336065,4667.923280423,1,4.166666667,,
3039497258,1515,1705,0,0,15.509977327,4669.923039923,1,4.166666667,,
3039499258,1523,1699,0,0,15.485720285,4671.922799423,1,4.166666667,,
3039501258,1515,1709,0,0,15.455699428,4673.922558923,1,4.166666667,,
3039503258,1524,1707,0,0,15.421356161,4675.922318422,1,4.166666667,,
3039505258,1526,1697,0,0,15.381963507,4677.922077922,1,4.166666667,,
3039507258,1517,1701,0,0,15.33387598,4679.921837422,1,4.166666667,,
3039509258,1518,1709,0,0,15.271458526,4681.921596922,1,4.166666667,,
3039511258,1512,1709,0,0,15.207585262,4683.921356421,1,4.166666667,,
3039513258,1523,1705,0,0,15.140216867,4685.921115921,1,4.166666667,,
3039515258,1523,1703,0,0,15.066788446,4687.920875421,1,4.166666667,,
3039517258,1513,1710,0,0,14.970626273,4689.920634921,1,4.166666667,,
3039519258,1515,1705,0,0,14.874812682,4691.92039442,1,4.166666667,,
3039521258,1518,1706,0,0,14.781397852,4693.92015392,1,4.166666667,,
3039523258,1520,1706,0,0,14.687147382,4695.91991342,1,4.166666667,,
3039525258,1520,1705,0,0,14.574431557,4697.91967292,1,4.166666667,,
3039527258,1512,1712,0,0,14.461715733,4699.919432419,1,4.166666667,,
3039529258,1517,1699,0,0,14.367730445,4701.919191919,1,4.166666667,,
3039531258,1518,1702,0,0,14.274531463,4703.918951419,1,4.166666667,,
3039533258,1523,1704,0,0,14.174897957,4705.918710919,1,4.166666667,,
3039535258,1522,1705,0,0,14.074354697,4707.918470418,1,4.166666667,,
3039537258,1524,1704,0,0,14.013826024,4709.918229918,1,4.166666667,,
3039539258,1520,1699,0,0,13.96377158,4711.917989418,1,4.166666667,,
3039541258,1517,1707,0,0,13.889946227,4713.917748918,1,4.166666667,,
3039543258,1515,1707,0,0,13.806362503,4715.917508418,1,4.166666667,,
3039545258,1527,1701,0,0,13.775050019,4717.917267917,1,4.166666667,,
3039547258,1518,1703,0,0,13.775050019,4719.917027417,1,4.166666667,,
3039549258,1521,1702,0,0,13.775050019,4721.916786917,1,4.166666667,,
3039551258,1524,1700,0,0,13.775050019,4723.916546417,1,4.166666667,,
3039553258,1513,1704,0,0,13.775050019,4725.916305916,1,4.166666667,,
3039555258,1523,1703,0,0,13.775050019,4727.916065416,1,4.166666667,,
3039557258,1518,1705,0,0,13.817180278,4729.915824916,1,4.166666667,,
3039559258,1524,1703,0,0,13.929640342,4731.915584416,1,4.166666667,,
3039561258,1512,1694,0,0,14.051403955,4733.915343915,1,4.166666667,,
3039563258,1515,1697,0,0,14.195830549,4735.915103415,1,4.166666667,,
3039565258,1524,1700,0,0,14.332203209,4737.914862915,1,4.166666667,,
3039567258,1520,1702,0,0,14.437807505,4739.914622415,1,4.166666667,,
3039569258,1516,1703,0,0,14.536706979,4741.914381914,1,4.166666667,,
3039571258,1517,1705,0,0,14.588184483,4743.914141414,1,4.166666667,,
3039573258,1517,1709,0,0,14.638650917,4745.913900914,1,4.166666667,,
3039575258,1513,1708,0,0,14.665032738,4747.913660414,1,4.166666667,,
3039577258,1518,1704,0,0,14.691414559,4749.913419913,1,4.166666667,,
3039579258,1523,1705,0,0,14.757885599,4751.913179413,1,4.166666667,,
3039581258,1524,1707,0,0,14.82617086,4753.912938913,1,4.166666667,,
3039583258,1514,1693,0,0,14.932990133,4755.912698413,1,4.166666667,,
3039585258,1518,1700,0,0,15.045409045,4757.912457912,1,4.166666667,,
3039587258,1521,1706,0,0,15.113448513,4759.912217412,1,4.166666667,,
3039589258,1516,1701,0,0,15.16965797,4761.911976912,1,4.166666667,,
3039591258,1508,1712,0,0,15.186186186,4763.911736412,1,4.166666667,,
3039593258,1514,1701,0,0,15.186186186,4765.911495911,1,4.166666667,,
3039595258,1521,1707,0,0,15.186186186,4767.911255411,1,4.166666667,,
3039597258,1514,1705,0,0,15.186186186,4769.911014911,1,4.166666667,,
3039599258,1513,1702,0,0,15.186186186,4771.910774411,1,4.166666667,,
3039601258,1512,1697,0,0,15.186186186,4773.910533911,1,4.166666667,,
3039603258,1515,1707,0,0,15.159723296,4775.91029341,1,4.166666667,,
3039605258,1514,1702,0,0,15.101588834,4777.91005291,1,4.166666667,,
3039607258,1516,1707,0,0,15.036861737,4779.90981241,1,4.166666667,,
3039609258,1512,1710,0,0,14.960986899,4781.90957191,1,4.166666667,,
3039611258,1511,1702,0,0,14.879490075,4783.909331409,1,4.166666667,,
3039613258,1508,1703,0,0,14.784096736,4785.909090909,1,4.166666667,,
3039615258,1505,1704,0,0,14.68916657,4787.908850409,1,4.166666667,,
3039617258,1515,1702,0,0,14.596038692,4789.908609909,1,4.166666667,,
3039619258,1508,1717,0,0,14.505658925,4791.908369408,1,4.166666667,,
3039621258,1515,1697,0,0,14.435267914,4793.908128908,1,4.166666667,,
3039623258,1509,1710,0,0,14.366782382,4795.907888408,1,4.166666667,,
3039625258,1512,1696,0,0,14.347501231,4797.907647908,1,4.166666667,,
3039627258,1517,1706,0,0,14.328220081,4799.907407407,1,4.166666667,,
3039629258,1523,1702,0,0,14.287955062,4801.907166907,1,4.166666667,,
3039631258,1515,1705,0,0,14.246671281,4803.906926407,1,4.166666667,,
3039633258,1516,1697,0,0,14.176782597,4805.906685907,1,4.166666667,,
3039635258,1513,1706,0,0,14.102623934,4807.906445406,1,4.166666667,,
3039637258,1512,1704,0,0,14.003429944,4809.906204906,1,4.166666667,,
3039639258,1512,1705,0,0,13.897441196,4811.905964406,1,4.166666667,,
3039641258,1512,1701,0,0,13.837220692,4813.905723906,1,4.166666667,,
3039643258,1504,1707,0,0,13.796341087,4815.905483405,1,4.166666667,,
3039645258,1512,1702,0,0,13.780780781,4817.905242905,1,4.166666667,,
3039647258,1508,1705,0,0,13.780780781,4819.905002405,1,4.166666667,,
3039649258,1512,1706,0,0,13.780780781,4821.904761905,1,4.166666667,,
3039651258,1511,1712,0,0,13.780780781,4823.904521405,1,4.166666667,,
3039653258,1504,1702,0,0,13.780780781,4825.904280904,1,4.166666667,,
3039655258,1507,1705,0,0,13.780780781,4827.904040404,1,4.166666667,,
3039657258,1497,1697,0,0,13.794062551,4829.903799904,1,4.166666667,,
3039659258,1504,1702,0,0,13.830094497,4831.903559404,1,4.166666667,,
3039661258,1507,1700,0,0,13.871459142,4833.903318903,1,4.166666667,,
3039663258,1508,1706,0,0,13.926200537,4835.903078403,1,4.166666667,,
3039665258,1512,1704,0,0,13.979430697,4837.902837903,1,4.166666667,,
3039667258,1504,1703,0,0,14.026670053,4839.902597403,1,4.166666667,,
3039669258,1504,1703,0,0,14.078976463,4841.902356902,1,4.166666667,,
3039671258,1505,1700,0,0,14.169208225,4843.902116402,1,4.166666667,,
3039673258,1505,1703,0,0,14.259122437,4845.901875902,1,4.166666667,,
3039675258,1509,1706,0,0,14.340089564,4847.901635402,1,4.166666667,,
3039677258,1504,1711,0,0,14.42105669,4849.901394901,1,4.166666667,,
3039679258,1501,1703,0,0,14.483494643,4851.901154401,1,4.166666667,,
3039681258,1494,1697,0,0,14.544971563,4853.900913901,1,4.166666667,,
3039683258,1498,1700,0,0,14.596699907,4855.900673401,1,4.166666667,,
3039685258,1507,1702,0,0,14.646934189,4857.9004329,1,4.166666667,,
3039687258,1512,1704,0,0,14.66909254,4859.9001924,1,4.166666667,,
3039689258,1510,1701,0,0,14.683493919,4861.8999519,1,4.166666667,,
3039691258,1508,1705,0,0,14.687815199,4863.8997114,1,4.166666667,,
3039693258,1508,1702,0,0,14.687815199,4865.899470899,1,4.166666667,,
3039695258,1498,1696,0,0,14.687815199,4867.899230399,1,4.166666667,,
3039697258,1500,1704,0,0,14.687815199,4869.898989899,1,4.166666667,,
3039699258,1500,1706,0,0,14.687815199,4871.898749399,1,4.166666667,,
3039701258,1499,1702,0,0,14.687815199,4873.898508899,1,4.166666667,,
3039703258,1491,1701,0,0,14.672954859,4875.898268398,1,4.166666667,,
3039705258,1504,1717,0,0,14.639872202,4877.898027898,1,4.166666667,,
3039707258,1505,1705,0,0,14.598246045,4879.897787398,1,4.166666667,,
3039709258,1507,1699,0,0,14.541795229,4881.897546898,1,4.166666667,,
3039711258,1504,1694,0,0,14.481813027,4883.897306397,1,4.166666667,,
3039713258,1514,1704,0,0,14.412840472,4885.897065897,1,4.166666667,,
3039715258,1505,1705,0,0,14.342480755,4887.896825397,1,4.166666667,,
3039717258,1512,1705,0,0,14.266517739,4889.896584897,1,4.166666667,,
3039719258,1508,1705,0,0,14.192522202,4891.896344396,1,4.166666667,,
3039721258,1513,1703,0,0,14.133689638,4893.896103896,1,4.166666667,,
3039723258,1510,1708,0,0,14.074943489,4895.895863396,1,4.166666667,,
3039725258,1510,1704,0,0,14.018874556,4897.895622896,1,4.166666667,,
3039727258,1508,1705,0,0,13.962805624,4899.895382395,1,4.166666667,,
3039729258,1509,1710,0,0,13.92393246,4901.895141895,1,4.166666667,,
3039731258,1512,1697,0,0,13.886008555,4903.894901395,1,4.166666667,,
3039733258,1508,1703,0,0,13.81451909,4905.894660895,1,4.166666667,,
3039735258,1505,1715,0,0,13.737750699,4907.894420394,1,4.166666667,,
3039737258,1508,1716,0,0,13.720901352,4909.894179894,1,4.166666667,,
3039739258,1511,1701,0,0,13.720901352,4911.893939394,1,4.166666667,,
3039741258,1507,1709,0,0,13.720901352,4913.893698894,1,4.166666667,,
3039743258,1510,1707,0,0,13.720901352,4915.893458393,1,4.166666667,,
3039745258,1504,1707,0,0,13.720901352,4917.893217893,1,4.166666667,,
3039747258,1512,1706,0,0,13.720901352,4919.892977393,1,4.166666667,,
3039749258,1510,1710,0,0,13.728812255,4921.892736893,1,4.166666667,,
3039751258,1505,1697,0,0,13.743745093,4923.892496392,1,4.166666667,,
3039753258,1508,1703,0,0,13.785815537,4925.892255892,1,4.166666667,,
3039755258,1507,1702,0,0,13.861570262,4927.892015392,1,4.166666667,,
3039757258,1497,1709,0,0,13.92053565,4929.891774892,1,4.166666667,,
3039759258,1494,1705,0,0,13.949987443,4931.891534392,1,4.166666667,,
3039761258,1499,1702,0,0,13.978950309,4933.891293891,1,4.166666667,,
3039763258,1489,1696,0,0,14.006649762,4935.891053391,1,4.166666667,,
3039765258,1488,1704,0,0,14.037678839,4937.890812891,1,4.166666667,,
3039767258,1497,1709,0,0,14.082415719,4939.890572391,1,4.166666667,,
3039769258,1497,1707,0,0,14.124112289,4941.89033189,1,4.166666667,,
3039771258,1500,1697,0,0,14.14166617,4943.89009139,1,4.166666667,,
3039773258,1491,1706,0,0,14.159245801,4945.88985089,1,4.166666667,,
3039775258,1500,1700,0,0,14.177710743,4947.88961039,1,4.166666667,,
3039777258,1496,1701,0,0,14.196175685,4949.889369889,1,4.166666667,,
3039779258,1501,1710,0,0,14.197197197,4951.889129389,1,4.166666667,,
3039781258,1495,1707,0,0,14.197197197,4953.888888889,1,4.166666667,,
3039783258,1495,1706,0,0,14.197197197,4955.888648389,1,4.166666667,,
3039785258,1514,1708,0,0,14.197197197,4957.888407888,1,4.166666667,,
3039787258,1524,1701,0,0,14.197197197,4959.888167388,1,4.166666667,,
3039789258,1518,1702,0,0,14.197197197,4961.887926888,1,4.166666667,,
3039791258,1516,1706,0,0,14.194552774,4963.887686388,1,4.166666667,,
3039793258,1516,1705,0,0,14.190741964,4965.887445887,1,4.166666667,,
3039795258,1516,1702,0,0,14.186218068,4967.887205387,1,4.166666667,,
3039797258,1528,1696,0,0,14.181238923,4969.886964887,1,4.166666667,,
3039799258,1521,1696,0,0,14.177356017,4971.886724387,1,4.166666667,,
3039801258,1522,1705,0,0,14.174457975,4973.886483886,1,4.166666667,,
3039803258,1523,1705,0,0,14.165689237,4975.886243386,1,4.166666667,,
3039805258,1520,1699,0,0,14.149544293,4977.886002886,1,4.166666667,,
3039807258,1525,1702,0,0,14.125114951,4979.885762386,1,4.166666667,,
3039809258,1521,1706,0,0,14.085931626,4981.885521886,1,4.166666667,,
3039811258,1518,1701,0,0,14.043613406,4983.885281385,1,4.166666667,,
3039813258,1518,1702,0,0,13.993072063,4985.885040885,1,4.166666667,,
3039815258,1518,1704,0,0,13.94632377,4987.884800385,1,4.166666667,,
3039817258,1524,1704,0,0,13.915494437,4989.884559885,1,4.166666667,,
3039819258,1522,1701,0,0,13.880430417,4991.884319384,1,4.166666667,,
3039821258,1516,1699,0,0,13.810693444,4993.884078884,1,4.166666667,,
3039823258,1524,1709,0,0,13.74180614,4995.883838384,1,4.166666667,,
3039825258,1521,1702,0,0,13.705712017,4997.883597884,1,4.166666667,,
3039827258,1525,1697,0,0,13.669617893,4999.883357383,1,4.166666667,,
3039829258,1519,1702,0,0,13.667512583,5001.883116883,1,4.166666667,,
3039831258,1518,1708,0,0,13.667512583,5003.882876383,1,4.166666667,,
3039833258,1517,1705,0,0,13.667512583,5005.882635883,1,4.166666667,,
3039835258,1517,1707,0,0,13.667512583,5007.882395382,1,4.166666667,,
3039837258,1523,1701,0,0,13.667512583,5009.882154882,1,4.166666667,,
3039839258,1520,1704,0,0,13.667512583,5011.881914382,1,4.166666667,,
3039841258,1518,1706,0,0,13.719400446,5013.881673882,1,4.166666667,,
3039843258,1508,1705,0,0,13.794500113,5015.881433381,1,4.166666667,,
3039845258,1525,1697,0,0,13.837624777,5017.881192881,1,4.166666667,,
3039847258,1524,1700,0,0,13.860076494,5019.880952381,1,4.166666667,,
3039849258,1520,1694,0,0,13.889948703,5021.880711881,1,4.166666667,,
3039851258,1513,1701,0,0,13.926568363,5023.88047138,1,4.166666667,,
3039853258,1511,1705,0,0,13.954059624,5025.88023088,1,4.166666667,,
3039855258,1512,1697,0,0,13.969940858,5027.87999038,1,4.166666667,,
3039857258,1516,1705,0,0,13.994672252,5029.87974988,1,4.166666667,,
3039859258,1514,1703,0,0,14.035372736,5031.87950938,1,4.166666667,,
3039861258,1512,1700,0,0,14.065744683,5033.879268879,1,4.166666667,,
3039863258,1511,1705,0,0,14.06861178,5035.879028379,1,4.166666667,,
3039865258,1515,1710,0,0,14.070935801,5037.878787879,1,4.166666667,,
3039867258,1512,1704,0,0,14.070935801,5039.878547379,1,4.166666667,,
3039869258,1516,1702,0,0,14.070935801,5041.878306878,1,4.166666667,,
3039871258,1521,1705,0,0,14.070935801,5043.878066378,1,4.166666667,,
3039873258,1513,1705,0,0,14.070935801,5045.877825878,1,4.166666667,,
3039875258,1515,1702,0,0,14.070935801,5047.877585378,1,4.166666667,,
3039877258,1513,1707,0,0,14.070935801,5049.877344877,1,4.166666667,,
3039879258,1512,1710,0,0,14.058903757,5051.877104377,1,4.166666667,,
3039881258,1517,1705,0,0,14.046085507,5053.876863877,1,4.166666667,,
3039883258,1512,1705,0,0,14.038712455,5055.876623377,1,4.166666667,,
3039885258,1512,1703,0,0,14.032262253,5057.876382876,1,4.166666667,,
3039887258,1507,1703,0,0,14.010492753,5059.876142376,1,4.166666667,,
3039889258,1511,1704,0,0,13.98418597,5061.875901876,1,4.166666667,,
3039891258,1496,1709,0,0,13.947532767,5063.875661376,1,4.166666667,,
3039893258,1512,1701,0,0,13.90618569,5065.875420875,1,4.166666667,,
3039895258,1512,1699,0,0,13.877110585,5067.875180375,1,4.166666667,,
3039897258,1508,1701,0,0,13.856070263,5069.874939875,1,4.166666667,,
3039899258,1513,1697,0,0,13.837983249,5071.874699375,1,4.166666667,,
3039901258,1508,1709,0,0,13.822614234,5073.874458874,1,4.166666667,,
3039903258,1507,1708,0,0,13.81123838,5075.874218374,1,4.166666667,,
3039905258,1504,1704,0,0,13.805003653,5077.873977874,1,4.166666667,,
3039907258,1508,1702,0,0,13.789878873,5079.873737374,1,4.166666667,,
3039909258,1504,1701,0,0,13.758501019,5081.873496873,1,4.166666667,,
3039911258,1488,1710,0,0,13.728942809,5083.873256373,1,4.166666667,,
3039913258,1491,1708,0,0,13.704304523,5085.873015873,1,4.166666667,,
3039915258,1510,1700,0,0,13.681268881,5087.872775373,1,4.166666667,,
3039917258,1511,1706,0,0,13.665228005,5089.872534873,1,4.166666667,,
3039919258,1512,1705,0,0,13.650836551,5091.872294372,1,4.166666667,,
3039921258,1510,1701,0,0,13.650836551,5093.872053872,1,4.166666667,,
3039923258,1505,1693,0,0,13.650836551,5095.871813372,1,4.166666667,,
3039925258,1504,1705,0,0,13.650836551,5097.871572872,1,4.166666667,,
3039927258,1500,1702,0,0,13.650836551,5099.871332371,1,4.166666667,,
3039929258,1498,1702,0,0,13.650836551,5101.871091871,1,4.166666667,,
3039931258,1487,1702,0,0,13.650836551,5103.870851371,1,4.166666667,,
3039933258,1505,1707,0,0,13.718792397,5105.870610871,1,4.166666667,,
3039935258,1511,1706,0,0,13.798545799,5107.87037037,1,4.166666667,,
3039937258,1512,1693,0,0,13.853316496,5109.87012987,1,4.166666667,,
3039939258,1508,1707,0,0,13.900561103,5111.86988937,1,4.166666667,,
3039941258,1512,1704,0,0,13.915447558,5113.86964887,1,4.166666667,,
3039943258,1520,1711,0,0,13.915447558,5115.869408369,1,4.166666667,,
3039945258,1512,1706,0,0,13.915447558,5117.869167869,1,4.166666667,,
3039947258,1510,1707,0,0,13.915447558,5119.868927369,1,4.166666667,,
3039949258,1504,1699,0,0,13.915447558,5121.868686869,1,4.166666667,,
3039951258,1511,1701,0,0,13.915447558,5123.868446368,1,4.166666667,,
3039953258,1507,1703,0,0,13.911790745,5125.868205868,1,4.166666667,,
3039955258,1508,1701,0,0,13.903367922,5127.867965368,1,4.166666667,,
3039957258,1501,1704,0,0,13.893836658,5129.867724868,1,4.166666667,,
3039959258,1492,1697,0,0,13.882252023,5131.867484367,1,4.166666667,,
3039961258,1476,1697,0,0,13.868406607,5133.867243867,1,4.166666667,,
3039963258,1466,1707,0,0,13.848354225,5135.867003367,1,4.166666667,,
3039965258,1477,1702,0,0,13.824339111,5137.866762867,1,4.166666667,,
3039967258,1483,1701,0,0,13.782680091,5139.866522367,1,4.166666667,,
3039969258,1479,1705,0,0,13.741274228,5141.866281866,1,4.166666667,,
3039971258,1480,1705,0,0,13.702151352,5143.866041366,1,4.166666667,,
3039973258,1480,1706,0,0,13.663663664,5145.865800866,1,4.166666667,,
3039975258,1474,1710,0,0,13.663663664,5147.865560366,1,4.166666667,,
3039977258,1461,1713,0,0,13.663663664,5149.865319865,1,4.166666667,,
3039979258,1473,1708,0,0,13.663663664,5151.865079365,1,4.166666667,,
3039981258,1469,1705,0,0,13.663663664,5153.864838865,1,4.166666667,,
3039983258,1474,1701,0,0,13.663663664,5155.864598365,1,4.166666667,,
3039985258,1462,1709,0,0,13.663663664,5157.864357864,1,4.166666667,,
3039987258,1471,1702,0,0,13.663663664,5159.864117364,1,4.166666667,,
3039989258,1465,1707,0,0,13.663663664,5161.863876864,1,4.166666667,,
3039991258,1461,1706,0,0,13.663663664,5163.863636364,1,4.166666667,,
3039993258,1468,1700,0,0,13.663663664,5165.863395863,1,4.166666667,,
3039995258,1467,1700,0,0,13.667774123,5167.863155363,1,4.166666667,,
3039997258,1476,1705,0,0,13.674644168,5169.862914863,1,4.166666667,,
3039999258,1470,1713,0,0,13.678661114,5171.862674363,1,4.166666667,,
3040001258,1459,1705,0,0,13.679988282,5173.862433862,1,4.166666667,,
3040003258,1461,1705,0,0,13.690355915,5175.862193362,1,4.166666667,,
3040005258,1460,1701,0,0,13.712651414,5177.861952862,1,4.166666667,,
3040007258,1466,1701,0,0,13.739431317,5179.861712362,1,4.166666667,,
3040009258,1462,1713,0,0,13.774629175,5181.861471861,1,4.166666667,,
3040011258,1473,1707,0,0,13.802079286,5183.861231361,1,4.166666667,,
3040013258,1468,1712,0,0,13.807927478,5185.860990861,1,4.166666667,,
3040015258,1469,1710,0,0,13.812720675,5187.860750361,1,4.166666667,,
3040017258,1466,1704,0,0,13.812720675,5189.860509861,1,4.166666667,,
3040019258,1470,1696,0,0,13.812720675,5191.86026936,1,4.166666667,,
3040021258,1472,1705,0,0,13.812720675,5193.86002886,1,4.166666667,,
3040023258,1473,1707,0,0,13.812720675,5195.85978836,1,4.166666667,,
3040025258,1472,1713,0,0,13.812720675,5197.85954786,1,4.166666667,,
3040027258,1480,1697,0,0,13.812720675,5199.859307359,1,4.166666667,,
3040029258,1473,1701,0,0,13.789040413,5201.859066859,1,4.166666667,,
3040031258,1441,1704,0,0,13.763568047,5203.858826359,1,4.166666667,,
3040033258,1425,1706,0,0,13.757856078,5205.858585859,1,4.166666667,,
3040035258,1437,1701,0,0,13.755739462,5207.858345358,1,4.166666667,,
3040037258,1443,1694,0,0,13.754508645,5209.858104858,1,4.166666667,,
3040039258,1448,1706,0,0,13.753553767,5211.857864358,1,4.166666667,,
3040041258,1446,1702,0,0,13.734284133,5213.857623858,1,4.166666667,,
3040043258,1460,1702,0,0,13.706351895,5215.857383357,1,4.166666667,,
3040045258,1460,1709,0,0,13.692035486,5217.857142857,1,4.166666667,,
3040047258,1457,1700,0,0,13.68697509,5219.856902357,1,4.166666667,,
3040049258,1456,1707,0,0,13.674676939,5221.856661857,1,4.166666667,,
3040051258,1461,1710,0,0,13.655472728,5223.856421356,1,4.166666667,,
3040053258,1461,1701,0,0,13.641855075,5225.856180856,1,4.166666667,,
3040055258,1462,1704,0,0,13.635699242,5227.855940356,1,4.166666667,,
3040057258,1460,1707,0,0,13.631664451,5229.855699856,1,4.166666667,,
3040059258,1461,1697,0,0,13.631664451,5231.855459355,1,4.166666667,,
3040061258,1459,1707,0,0,13.631664451,5233.855218855,1,4.166666667,,
3040063258,1416,1702,0,0,13.631664451,5235.854978355,1,4.166666667,,
3040065258,1421,1709,0,0,13.631664451,5237.854737855,1,4.166666667,,
3040067258,1441,1709,0,0,13.631664451,5239.854497354,1,4.166666667,,
3040069258,1445,1705,0,0,13.632080475,5241.854256854,1,4.166666667,,
3040071258,1444,1710,0,0,13.636515393,5243.854016354,1,4.166666667,,
3040073258,1446,1703,0,0,13.641016633,5245.853775854,1,4.166666667,,
3040075258,1445,1701,190,1,13.65193949,5247.853535354,1,4.166666667,5,-2.02020202
3040077258,1436,1669,190,1,13.662862348,5249.853294853,1,4.166666667,,
3040079258,1427,1629,190,1,13.667136054,5251.853054353,1,4.166666667,,
3040081258,1428,1605,190,1,13.670883351,5253.852813853,1,4.166666667,,
3040083258,1419,1577,190,1,13.671471471,5255.852573353,1,4.166666667,,
3040085258,1410,1550,190,1,13.671471471,5257.852332852,1,4.166666667,,
3040087258,1406,1528,190,1,13.671471471,5259.852092352,1,4.166666667,,
3040089258,1401,1492,190,1,13.671471471,5261.851851852,1,4.166666667,,
3040091258,1392,1474,190,1,13.671471471,5263.851611352,1,4.166666667,,
3040093258,1389,1455,190,1,13.671471471,5265.851370851,1,4.166666667,,
3040095258,1393,1435,190,1,13.666477516,5267.851130351,1,4.166666667,,
3040097258,1371,1414,190,1,13.658046098,5269.850889851,1,4.166666667,,
3040099258,1371,1388,190,1,13.653882576,5271.850649351,1,4.166666667,,
3040101258,1364,1371,190,0,13.653840653,5273.85040885,1,4.166666667,,
3040103258,1371,1368,190,0,13.649490161,5275.85016835,1,4.166666667,,
3040105258,1368,1340,190,0,13.639313658,5277.84992785,1,4.166666667,,
3040107258,1359,1322,190,0,13.632612953,5279.84968735,1,4.166666667,,
3040109258,1363,1313,190,0,13.632612953,5281.849446849,1,4.166666667,,
3040111258,1359,1312,190,0,13.632612953,5283.849206349,1,4.166666667,,
3040113258,1361,1299,190,0,13.632612953,5285.848965849,1,4.166666667,,
3040115258,1358,1286,190,0,13.632612953,5287.848725349,1,4.166666667,,
3040117258,1359,1282,190,0,13.632612953,5289.848484848,1,4.166666667,,
3040119258,1359,1271,190,0,13.632677998,5291.848244348,1,4.166666667,,
3040121258,1364,1262,190,0,13.63339435,5293.848003848,1,4.166666667,,
3040123258,1352,1255,190,0,13.634111803,5295.847763348,1,4.166666667,,
3040125258,1359,1246,190,0,13.634980516,5297.847522848,1,4.166666667,,
3040127258,1359,1251,190,0,13.63584923,5299.847282347,1,4.166666667,,
3040129258,1358,1243,190,0,13.641223856,5301.847041847,1,4.166666667,,
3040131258,1367,1231,190,0,13.646971041,5303.846801347,1,4.166666667,,
3040133258,1359,1231,190,0,13.654249728,5305.846560847,1,4.166666667,,
3040135258,1360,1223,190,0,13.661820025,5307.846320346,1,4.166666667,,
3040137258,1360,1216,190,0,13.663663664,5309.846079846,1,4.166666667,,
3040139258,1359,1223,190,0,13.663663664,5311.845839346,1,4.166666667,,
3040141258,1358,1212,190,0,13.663663664,5313.845598846,1,4.166666667,,
3040143258,1360,1207,190,0,13.663663664,5315.845358345,1,4.166666667,,
3040145258,1366,1207,190,0,13.663663664,5317.845117845,1,4.166666667,,
3040147258,1358,1203,190,0,13.663663664,5319.844877345,1,4.166666667,,
3040149258,1364,1205,190,0,13.664114496,5321.844636845,1,4.166666667,,
3040151258,1360,1203,190,0,13.665005976,5323.844396344,1,4.166666667,,
3040153258,1360,1195,190,0,13.665886305,5325.844155844,1,4.166666667,,
3040155258,1358,1191,190,0,13.666751371,5327.843915344,1,4.166666667,,
3040157258,1359,1192,190,0,13.670362808,5329.843674844,1,4.166666667,,
3040159258,1359,1191,190,0,13.679340155,5331.843434343,1,4.166666667,,
3040161258,1357,1194,190,0,13.692375768,5333.843193843,1,4.166666667,,
3040163258,1350,1192,190,0,13.717270322,5335.842953343,1,4.166666667,,
3040165258,1359,1187,190,0,13.738222779,5337.842712843,1,4.166666667,,
3040167258,1359,1184,190,0,13.740114858,5339.842472342,1,4.166666667,,
3040169258,1360,1179,190,0,13.74554296,5341.842231842,1,4.166666667,,
3040171258,1359,1180,190,0,13.78771179,5343.841991342,1,4.166666667,,
3040173258,1358,1182,190,0,13.829759139,5345.841750842,1,4.166666667,,
3040175258,1357,1180,190,0,13.843067412,5347.841510342,1,4.166666667,,
3040177258,1358,1181,190,0,13.856375685,5349.841269841,1,4.166666667,,
3040179258,1359,1181,190,0,13.871147107,5351.841029341,1,4.166666667,,
3040181258,1358,1181,190,0,13.88604468,5353.840788841,1,4.166666667,,
3040183258,1358,1175,190,0,13.896485201,5355.840548341,1,4.166666667,,
3040185258,1361,1179,190,0,13.906058006,5357.84030784,1,4.166666667,,
3040187258,1359,1177,190,0,13.918730978,5359.84006734,1,4.166666667,,
3040189258,1349,1179,190,0,13.932418369,5361.83982684,1,4.166666667,,
3040191258,1356,1172,190,0,13.94900792,5363.83958634,1,4.166666667,,
3040193258,1351,1174,190,0,13.967027709,5365.839345839,1,4.166666667,,
3040195258,1352,1175,190,0,13.995754658,5367.839105339,1,4.166666667,,
3040197258,1359,1177,190,0,14.032037018,5369.838864839,1,4.166666667,,
3040199258,1359,1163,190,0,14.059238058,5371.838624339,1,4.166666667,,
3040201258,1352,1170,190,0,14.077455543,5373.838383838,1,4.166666667,,
3040203258,1357,1178,190,0,14.096907471,5375.838143338,1,4.166666667,,
3040205258,1351,1175,190,0,14.118070264,5377.837902838,1,4.166666667,,
3040207258,1356,1178,190,0,14.142122126,5379.837662338,1,4.166666667,,
3040209258,1356,1169,190,0,14.171895171,5381.837421837,1,4.166666667,,
3040211258,1356,1168,190,0,14.196582573,5383.837181337,1,4.166666667,,
3040213258,1353,1165,190,0,14.206170833,5385.836940837,1,4.166666667,,
3040215258,1357,1168,190,0,14.226725869,5387.836700337,1,4.166666667,,
3040217258,1360,1167,190,0,14.301448941,5389.836459836,1,4.166666667,,
3040219258,1347,1167,190,0,14.374994049,5391.836219336,1,4.166666667,,
3040221258,1352,1165,190,0,14.435823829,5393.835978836,1,4.166666667,,
3040223258,1354,1166,190,0,14.496641185,5395.835738336,1,4.166666667,,
3040225258,1358,1159,190,0,14.54714136,5397.835497835,1,4.166666667,,
3040227258,1353,1163,190,0,14.597641535,5399.835257335,1,4.166666667,,
3040229258,1353,1164,190,0,14.685000961,5401.835016835,1,4.166666667,,
3040231258,1352,1156,190,0,14.775669508,5403.834776335,1,4.166666667,,
3040233258,1351,1154,190,0,14.864841242,5405.834535835,1,4.166666667,,
3040235258,1347,1163,190,0,14.953715125,5407.834295334,1,4.166666667,,
3040237258,1348,1161,190,0,15.068950525,5409.834054834,1,4.166666667,,
3040239258,1346,1157,190,0,15.192951976,5411.833814334,1,4.166666667,,
3040241258,1336,1158,190,0,15.326269558,5413.833573834,1,4.166666667,,
3040243258,1334,1146,190,0,15.464241005,5415.833333333,1,4.166666667,,
3040245258,1333,1152,190,0,15.621123472,5417.833092833,1,4.166666667,,
3040247258,1333,1158,190,0,15.791516596,5419.832852333,1,4.166666667,,
3040249258,1324,1155,190,0,15.973298263,5421.832611833,1,4.166666667,,
3040251258,1332,1153,190,0,16.166482177,5423.832371332,1,4.166666667,,
3040253258,1324,1141,190,0,16.395613123,5425.832130832,1,4.166666667,,
3040255258,1318,1143,190,0,16.675184196,5427.831890332,1,4.166666667,,
3040257258,1312,1145,190,0,16.987295741,5429.831649832,1,4.166666667,,
3040259258,1300,1140,190,0,17.364723601,5431.831409331,1,4.166666667,,
3040261258,1302,1134,190,0,17.766570655,5433.831168831,1,4.166666667,,
3040263258,1286,1128,190,0,18.242088172,5435.830928331,1,4.166666667,,
3040265258,1280,1128,190,0,18.758430388,5437.830687831,1,4.166666667,,
3040267258,1273,1125,190,0,19.480825992,5439.83044733,1,4.166666667,,
3040269258,1264,1134,190,0,20.260640306,5441.83020683,1,4.166666667,,
3040271258,1244,1142,190,0,21.685148525,5443.82996633,1,4.166666667,,
3040273258,1223,1243,190,0,23.109656744,5445.82972583,1,4.166666667,,
3040275258,1205,1348,190,0,23.148592043,5447.829485329,1,4.166666667,,
3040277258,1205,1371,190,0,23.185023294,5449.829244829,1,4.166666667,,
3040279258,1205,1371,190,0,23.18813408,5451.829004329,1,4.166666667,,
3040281258,1202,1371,190,0,23.18813408,5453.828763829,1,4.166666667,,
3040283258,1205,1371,190,0,23.18813408,5455.828523329,1,4.166666667,,
3040285258,1191,1387,190,0,23.18813408,5457.828282828,1,4.166666667,,
3040287258,1196,1397,190,0,23.18813408,5459.828042328,1,4.166666667,,
3040289258,1200,1392,190,0,23.18813408,5461.827801828,1,4.166666667,,
3040291258,1197,1392,190,0,23.188006014,5463.827561328,1,4.166666667,,
3040293258,1195,1388,190,0,23.187813103,5465.827320827,1,4.166666667,,
3040295258,1191,1393,190,0,23.187167925,5467.827080327,1,4.166666667,,
3040297258,1188,1395,190,0,23.186195616,5469.826839827,1,4.166666667,,
3040299258,1196,1392,190,0,23.185706245,5471.826599327,1,4.166666667,,
3040301258,1193,1387,190,0,23.185706245,5473.826358826,1,4.166666667,,
3040303258,1195,1390,190,0,23.185706245,5475.826118326,1,4.166666667,,
3040305258,1190,1393,190,0,23.185706245,5477.825877826,1,4.166666667,,
3040307258,1185,1386,190,0,23.186026646,5479.825637326,1,4.166666667,,
3040309258,1185,1388,190,0,23.186998955,5481.825396825,1,4.166666667,,
3040311258,1187,1371,190,0,23.188383096,5483.825156325,1,4.166666667,,
3040313258,1183,1387,190,0,23.191029919,5485.824915825,1,4.166666667,,
3040315258,1193,1389,190,0,23.194234532,5487.824675325,1,4.166666667,,
3040317258,1190,1390,190,0,23.200316935,5489.824434824,1,4.166666667,,
3040319258,1191,1371,190,0,23.20745045,5491.824194324,1,4.166666667,,
3040321258,1190,1389,190,0,23.226876373,5493.823953824,1,4.166666667,,
3040323258,1190,1386,190,0,23.246302296,5495.823713324,1,4.166666667,,
3040325258,1195,1395,0,0,23.246395746,5497.823472823,1,4.166666667,,
3040327258,1207,1415,0,0,23.246395746,5499.823232323,1,4.166666667,,
3040329258,1236,1437,0,0,23.246395746,5501.822991823,1,4.166666667,,
3040331258,1255,1465,0,0,23.246395746,5503.822751323,1,4.166666667,,
3040333258,1272,1485,0,0,23.243141021,5505.822510823,1,4.166666667,,
3040335258,1292,1504,0,0,23.239210296,5507.822270322,1,4.166666667,,
3040337258,1307,1516,0,0,23.241131931,5509.822029822,1,4.166666667,,
3040339258,1320,1529,0,0,23.245062656,5511.821789322,1,4.166666667,,
3040341258,1341,1544,0,0,23.24891374,5513.821548822,1,4.166666667,,
3040343258,1347,1559,0,0,23.252723952,5515.821308321,1,4.166666667,,
3040345258,1355,1574,0,0,23.254334644,5517.821067821,1,4.166666667,,
3040347258,1369,1577,0,0,23.254334644,5519.820827321,1,4.166666667,,
3040349258,1371,1589,0,0,23.257580282,5521.820586821,1,4.166666667,,
3040351258,1388,1601,0,0,23.264154577,5523.82034632,1,4.166666667,,
3040353258,1406,1611,0,0,23.270652266,5525.82010582,1,4.166666667,,
3040355258,1408,1623,0,0,23.277039763,5527.81986532,1,4.166666667,,
3040357258,1414,1626,0,0,23.281341625,5529.81962482,1,4.166666667,,
3040359258,1425,1630,0,0,23.281341625,5531.819384319,1,4.166666667,,
3040361258,1436,1640,0,0,23.281341625,5533.819143819,1,4.166666667,,
3040363258,1436,1648,0,0,23.281341625,5535.818903319,1,4.166666667,,
3040365258,1436,1653,0,0,23.281341625,5537.818662819,1,4.166666667,,
3040367258,1438,1657,0,0,23.281341625,5539.818422318,1,4.166666667,,
3040369258,1449,1661,0,0,23.280724621,5541.818181818,1,4.166666667,,
3040371258,1460,1667,0,0,23.272581139,5543.817941318,1,4.166666667,,
3040373258,1452,1667,0,0,23.264437657,5545.817700818,1,4.166666667,,
3040375258,1451,1677,0,0,23.26191571,5547.817460317,1,4.166666667,,
3040377258,1478,1677,0,0,23.259438053,5549.817219817,1,4.166666667,,
3040379258,1472,1678,0,0,23.259211593,5551.816979317,1,4.166666667,,
3040381258,1478,1685,0,0,23.259211593,5553.816738817,1,4.166666667,,
3040383258,1476,1697,0,0,23.259211593,5555.816498316,1,4.166666667,,
3040385258,1478,1692,0,0,23.259211593,5557.816257816,1,4.166666667,,
3040387258,1484,1689,0,0,23.259211593,5559.816017316,1,4.166666667,,
3040389258,1485,1693,0,0,23.259211593,5561.815776816,1,4.166666667,,
3040391258,1487,1692,0,0,23.25755612,5563.815536316,1,4.166666667,,
3040393258,1488,1692,0,0,23.25503962,5565.815295815,1,4.166666667,,
3040395258,1487,1692,0,0,23.253968254,5567.815055315,1,4.166666667,,
3040397258,1497,1690,0,0,23.253968254,5569.814814815,1,4.166666667,,
3040399258,1495,1689,0,0,23.253968254,5571.814574315,1,4.166666667,,
3040401258,1492,1694,0,0,23.253968254,5573.814333814,1,4.166666667,,
3040403258,1511,1697,0,0,22.804671167,5575.814093314,1,4.166666667,,
3040405258,1499,1702,0,0,21.701006387,5577.813852814,1,4.166666667,,
3040407258,1500,1696,0,0,20.834647154,5579.813612314,1,4.166666667,,
3040409258,1501,1696,0,0,20.464512346,5581.813371813,1,4.166666667,,
3040411258,1511,1693,0,0,20.068648095,5583.813131313,1,4.166666667,,
3040413258,1504,1692,0,0,19.591275032,5585.812890813,1,4.166666667,,
3040415258,1507,1701,0,0,19.106528354,5587.812650313,1,4.166666667,,
3040417258,1512,1697,0,0,18.581992513,5589.812409812,1,4.166666667,,
3040419258,1508,1695,0,0,18.054733464,5591.812169312,1,4.166666667,,
3040421258,1510,1699,0,0,17.492770386,5593.811928812,1,4.166666667,,
3040423258,1508,1701,0,0,16.930807308,5595.811688312,1,4.166666667,,
3040425258,1507,1705,0,0,16.238057745,5597.811447811,1,4.166666667,,
3040427258,1504,1696,0,0,15.543877084,5599.811207311,1,4.166666667,,
3040429258,1508,1701,0,0,15.265882835,5601.810966811,1,4.166666667,,
3040431258,1502,1705,0,0,15.031275882,5603.810726311,1,4.166666667,,
3040433258,1514,1694,0,0,14.98951782,5605.81048581,1,4.166666667,,
3040435258,1508,1705,0,0,14.98951782,5607.81024531,1,4.166666667,,
3040437258,1512,1700,0,0,14.98951782,5609.81000481,1,4.166666667,,
3040439258,1511,1704,0,0,14.98951782,5611.80976431,1,4.166666667,,
3040441258,1511,1700,0,0,14.98951782,5613.80952381,1,4.166666667,,
3040443258,1508,1703,0,0,14.98951782,5615.809283309,1,4.166666667,,
3040445258,1509,1712,0,0,15.008492479,5617.809042809,1,4.166666667,,
3040447258,1508,1705,0,0,15.041708119,5619.808802309,1,4.166666667,,
3040449258,1508,1705,0,0,15.058725392,5621.808561809,1,4.166666667,,
3040451258,1504,1703,0,0,15.058725392,5623.808321308,1,4.166666667,,
3040453258,1507,1701,0,0,15.058725392,5625.808080808,1,4.166666667,,
3040455258,1502,1704,0,0,15.058725392,5627.807840308,1,4.166666667,,
3040457258,1509,1705,0,0,15.058725392,5629.807599808,1,4.166666667,,
3040459258,1512,1701,0,0,15.058725392,5631.807359307,1,4.166666667,,
3040461258,1502,1709,0,0,15.008650463,5633.807118807,1,4.166666667,,
3040463258,1508,1709,0,0,14.79729359,5635.806878307,1,4.166666667,,
3040465258,1505,1700,0,0,14.618345618,5637.806637807,1,4.166666667,,
3040467258,1501,1703,0,0,14.618345618,5639.806397306,1,4.166666667,,
3040469258,1507,1704,0,0,14.618345618,5641.806156806,1,4.166666667,,
3040471258,1509,1707,0,0,14.618345618,5643.805916306,1,4.166666667,,
3040473258,1508,1701,0,0,14.618345618,5645.805675806,1,4.166666667,,
3040475258,1503,1697,0,0,14.618345618,5647.805435305,1,4.166666667,,
3040477258,1512,1709,0,0,14.618345618,5649.805194805,1,4.166666667,,
3040479258,1508,1697,0,0,14.853799287,5651.804954305,1,4.166666667,,
3040481258,1505,1709,0,0,15.114665011,5653.804713805,1,4.166666667,,
3040483258,1507,1702,0,0,15.305454049,5655.804473304,1,4.166666667,,
3040485258,1502,1704,0,0,15.480756243,5657.804232804,1,4.166666667,,
3040487258,1505,1710,0,0,15.527138062,5659.803992304,1,4.166666667,,
3040489258,1510,1707,0,0,15.527138062,5661.803751804,1,4.166666667,,
3040491258,1500,1697,0,0,15.527138062,5663.803511304,1,4.166666667,,
3040493258,1508,1701,0,0,15.527138062,5665.803270803,1,4.166666667,,
3040495258,1512,1703,0,0,15.527138062,5667.803030303,1,4.166666667,,
3040497258,1501,1704,0,0,15.527138062,5669.802789803,1,4.166666667,,
3040499258,1501,1697,0,0,15.468714789,5671.802549303,1,4.166666667,,
3040501258,1501,1701,0,0,15.348171485,5673.802308802,1,4.166666667,,
3040503258,1508,1704,0,0,15.181501947,5675.802068302,1,4.166666667,,
3040505258,1507,1709,0,0,14.945954254,5677.801827802,1,4.166666667,,
3040507258,1508,1705,0,0,14.784164411,5679.801587302,1,4.166666667,,
3040509258,1508,1701,0,0,14.780926006,5681.801346801,1,4.166666667,,
3040511258,1507,1704,0,0,14.77261195,5683.801106301,1,4.166666667,,
3040513258,1504,1707,0,0,14.747674809,5685.800865801,1,4.166666667,,
3040515258,1511,1713,0,0,14.725465313,5687.800625301,1,4.166666667,,
3040517258,1512,1705,0,0,14.718672467,5689.8003848,1,4.166666667,,
3040519258,1512,1704,0,0,14.708753716,5691.8001443,1,4.166666667,,
3040521258,1524,1704,0,0,14.655128602,5693.7999038,1,4.166666667,,
3040523258,1518,1705,0,0,14.601503489,5695.7996633,1,4.166666667,,
3040525258,1512,1693,0,0,14.564868264,5697.799422799,1,4.166666667,,
3040527258,1512,1709,0,0,14.528523997,5699.799182299,1,4.166666667,,
3040529258,1520,1706,0,0,14.419274045,5701.798941799,1,4.166666667,,
3040531258,1520,1703,0,0,14.301885558,5703.798701299,1,4.166666667,,
3040533258,1517,1709,0,0,14.254217879,5705.798460798,1,4.166666667,,
3040535258,1516,1701,0,0,14.222272063,5707.798220298,1,4.166666667,,
3040537258,1515,1701,0,0,14.189636394,5709.797979798,1,4.166666667,,
3040539258,1508,1706,0,0,14.156748684,5711.797739298,1,4.166666667,,
3040541258,1508,1716,0,0,14.118969736,5713.797498797,1,4.166666667,,
3040543258,1512,1710,0,0,14.078543445,5715.797258297,1,4.166666667,,
3040545258,1516,1693,0,0,14.037129548,5717.797017797,1,4.166666667,,
3040547258,1508,1707,0,0,13.994956035,5719.796777297,1,4.166666667,,
3040549258,1520,1701,0,0,13.93983675,5721.796536797,1,4.166666667,,
3040551258,1512,1709,0,0,13.870785809,5723.796296296,1,4.166666667,,
3040553258,1512,1701,0,0,13.829222375,5725.796055796,1,4.166666667,,
3040555258,1508,1709,0,0,13.829222375,5727.795815296,1,4.166666667,,
3040557258,1512,1707,0,0,13.829222375,5729.795574796,1,4.166666667,,
3040559258,1513,1703,0,0,13.829222375,5731.795334295,1,4.166666667,,
3040561258,1517,1705,0,0,13.829222375,5733.795093795,1,4.166666667,,
3040563258,1507,1702,0,0,13.829222375,5735.794853295,1,4.166666667,,
3040565258,1514,1704,0,0,13.831129679,5737.794612795,1,4.166666667,,
3040567258,1512,1704,0,0,13.844075993,5739.794372294,1,4.166666667,,
3040569258,1508,1705,0,0,13.864740048,5741.794131794,1,4.166666667,,
3040571258,1508,1709,0,0,13.998767528,5743.793891294,1,4.166666667,,
3040573258,1512,1705,0,0,14.132795008,5745.793650794,1,4.166666667,,
3040575258,1512,1702,0,0,14.192046488,5747.793410293,1,4.166666667,,
3040577258,1508,1709,0,0,14.249784097,5749.793169793,1,4.166666667,,
3040579258,1513,1704,0,0,14.305917143,5751.792929293,1,4.166666667,,
3040581258,1512,1706,0,0,14.361865088,5753.792688793,1,4.166666667,,
3040583258,1512,1704,0,0,14.385911391,5755.792448292,1,4.166666667,,
3040585258,1510,1707,0,0,14.402619372,5757.792207792,1,4.166666667,,
3040587258,1512,1704,0,0,14.433676223,5759.791967292,1,4.166666667,,
3040589258,1511,1702,0,0,14.470056232,5761.791726792,1,4.166666667,,
3040591258,1508,1709,0,0,14.510375598,5763.791486291,1,4.166666667,,
3040593258,1519,1705,0,0,14.552855374,5765.791245791,1,4.166666667,,
3040595258,1509,1701,0,0,14.571451451,5767.791005291,1,4.166666667,,
3040597258,1515,1697,0,0,14.571451451,5769.790764791,1,4.166666667,,
3040599258,1524,1703,0,0,14.571451451,5771.790524291,1,4.166666667,,
3040601258,1521,1706,0,0,14.571451451,5773.79028379,1,4.166666667,,
3040603258,1515,1709,0,0,14.571451451,5775.79004329,1,4.166666667,,
3040605258,1520,1709,0,0,14.571451451,5777.78980279,1,4.166666667,,
3040607258,1518,1693,0,0,14.565618253,5779.78956229,1,4.166666667,,
3040609258,1520,1697,0,0,14.546891208,5781.789321789,1,4.166666667,,
3040611258,1520,1707,0,0,14.527834861,5783.789081289,1,4.166666667,,
3040613258,1524,1701,0,0,14.507662881,5785.788840789,1,4.166666667,,
3040615258,1521,1694,0,0,14.487942602,5787.788600289,1,4.166666667,,
3040617258,1524,1710,0,0,14.470900531,5789.788359788,1,4.166666667,,
3040619258,1525,1704,0,0,14.453956398,5791.788119288,1,4.166666667,,
3040621258,1526,1707,0,0,14.438526902,5793.787878788,1,4.166666667,,
3040623258,1526,1701,0,0,14.423097406,5795.787638288,1,4.166666667,,
3040625258,1530,1701,0,0,14.416579067,5797.787397787,1,4.166666667,,
3040627258,1528,1694,0,0,14.410269112,5799.787157287,1,4.166666667,,
3040629258,1527,1705,0,0,14.401570001,5801.786916787,1,4.166666667,,
3040631258,1525,1703,0,0,14.392586314,5803.786676287,1,4.166666667,,
3040633258,1521,1704,0,0,14.373223382,5805.786435786,1,4.166666667,,
3040635258,1525,1707,0,0,14.351425526,5807.786195286,1,4.166666667,,
3040637258,1526,1712,0,0,14.32336406,5809.785954786,1,4.166666667,,
3040639258,1528,1703,0,0,14.292943371,5811.785714286,1,4.166666667,,
3040641258,1531,1701,0,0,14.257251698,5813.785473785,1,4.166666667,,
3040643258,1528,1704,0,0,14.218631154,5815.785233285,1,4.166666667,,
3040645258,1526,1702,0,0,14.172037198,5817.784992785,1,4.166666667,,
3040647258,1534,1704,0,0,14.119158823,5819.784752285,1,4.166666667,,
3040649258,1533,1701,0,0,14.064761461,5821.784511785,1,4.166666667,,
3040651258,1528,1703,0,0,14.008689567,5823.784271284,1,4.166666667,,
3040653258,1531,1697,0,0,13.945052723,5825.784030784,1,4.166666667,,
3040655258,1535,1704,0,0,13.869685566,5827.783790284,1,4.166666667,,
3040657258,1528,1705,0,0,13.799211573,5829.783549784,1,4.166666667,,
3040659258,1528,1704,0,0,13.739706662,5831.783309283,1,4.166666667,,
3040661258,1528,1702,0,0,13.693357368,5833.783068783,1,4.166666667,,
3040663258,1531,1696,0,0,13.692349223,5835.782828283,1,4.166666667,,
3040665258,1533,1700,0,0,13.69148354,5837.782587783,1,4.166666667,,
3040667258,1528,1699,0,0,13.69148354,5839.782347282,1,4.166666667,,
3040669258,1529,1707,0,0,13.69148354,5841.782106782,1,4.166666667,,
3040671258,1531,1705,0,0,13.69148354,5843.781866282,1,4.166666667,,
3040673258,1530,1710,0,0,13.69148354,5845.781625782,1,4.166666667,,
3040675258,1536,1709,0,0,13.69148354,5847.781385281,1,4.166666667,,
3040677258,1528,1705,0,0,13.69148354,5849.781144781,1,4.166666667,,
3040679258,1533,1705,0,0,13.748455502,5851.780904281,1,4.166666667,,
3040681258,1531,1704,0,0,13.812428745,5853.780663781,1,4.166666667,,
3040683258,1530,1717,0,0,13.870932267,5855.78042328,1,4.166666667,,
3040685258,1537,1697,0,0,13.928127458,5857.78018278,1,4.166666667,,
3040687258,1535,1702,0,0,13.968887333,5859.77994228,1,4.166666667,,
3040689258,1533,1703,0,0,14.003362715,5861.77970178,1,4.166666667,,
3040691258,1536,1701,0,0,14.026148039,5863.779461279,1,4.166666667,,
3040693258,1532,1704,0,0,14.042352213,5865.779220779,1,4.166666667,,
3040695258,1537,1704,0,0,14.079362878,5867.778980279,1,4.166666667,,
3040697258,1536,1704,0,0,14.132973751,5869.778739779,1,4.166666667,,
3040699258,1538,1706,0,0,14.173689594,5871.778499278,1,4.166666667,,
3040701258,1539,1704,0,0,14.20001747,5873.778258778,1,4.166666667,,
3040703258,1538,1710,0,0,14.21610233,5875.778018278,1,4.166666667,,
3040705258,1531,1705,0,0,14.21610233,5877.777777778,1,4.166666667,,
3040707258,1538,1712,0,0,14.21610233,5879.777537278,1,4.166666667,,
3040709258,1537,1693,0,0,14.21610233,5881.777296777,1,4.166666667,,
3040711258,1538,1706,0,0,14.21610233,5883.777056277,1,4.166666667,,
3040713258,1536,1702,0,0,14.21610233,5885.776815777,1,4.166666667,,
3040715258,1534,1703,0,0,14.210852468,5887.776575277,1,4.166666667,,
3040717258,1532,1707,0,0,14.17289368,5889.776334776,1,4.166666667,,
3040719258,1533,1702,0,0,14.134330736,5891.776094276,1,4.166666667,,
3040721258,1528,1704,0,0,14.085331153,5893.775853776,1,4.166666667,,
3040723258,1538,1707,0,0,14.03633157,5895.775613276,1,4.166666667,,
3040725258,1528,1709,0,0,13.982986662,5897.775372775,1,4.166666667,,
3040727258,1539,1705,0,0,13.929512604,5899.775132275,1,4.166666667,,
3040729258,1536,1704,0,0,13.897920741,5901.774891775,1,4.166666667,,
3040731258,1537,1701,0,0,13.869101215,5903.774651275,1,4.166666667,,
3040733258,1533,1700,0,0,13.818235358,5905.774410774,1,4.166666667,,
3040735258,1532,1698,0,0,13.761993956,5907.774170274,1,4.166666667,,
3040737258,1531,1712,0,0,13.723875844,5909.773929774,1,4.166666667,,
3040739258,1536,1697,0,0,13.692792233,5911.773689274,1,4.166666667,,
3040741258,1536,1702,0,0,13.681502695,5913.773448773,1,4.166666667,,
3040743258,1538,1704,0,0,13.681502695,5915.773208273,1,4.166666667,,
3040745258,1533,1710,0,0,13.681502695,5917.772967773,1,4.166666667,,
3040747258,1538,1700,0,0,13.681502695,5919.772727273,1,4.166666667,,
3040749258,1535,1694,0,0,13.681502695,5921.772486772,1,4.166666667,,
3040751258,1535,1705,0,0,13.681502695,5923.772246272,1,4.166666667,,
3040753258,1538,1703,0,0,13.690855567,5925.772005772,1,4.166666667,,
3040755258,1538,1707,0,0,13.715082711,5927.771765272,1,4.166666667,,
3040757258,1538,1706,0,0,13.733398767,5929.771524772,1,4.166666667,,
3040759258,1538,1702,0,0,13.738082888,5931.771284271,1,4.166666667,,
3040761258,1534,1704,0,0,13.741741742,5933.771043771,1,4.166666667,,
3040763258,1539,1700,0,0,13.741741742,5935.770803271,1,4.166666667,,
3040765258,1534,1705,0,0,13.751881752,5937.770562771,1,4.166666667,,
3040767258,1535,1699,0,0,13.826827693,5939.77032227,1,4.166666667,,
3040769258,1538,1694,0,0,13.899835767,5941.77008177,1,4.166666667,,
3040771258,1534,1705,0,0,13.937308737,5943.76984127,1,4.166666667,,
3040773258,1527,1705,0,0,13.974781708,5945.76960077,1,4.166666667,,
3040775258,1537,1705,0,0,13.975975976,5947.769360269,1,4.166666667,,
3040777258,1537,1706,0,0,13.975975976,5949.769119769,1,4.166666667,,
3040779258,1534,1704,0,0,13.975975976,5951.768879269,1,4.166666667,,
3040781258,1530,1695,0,0,13.975975976,5953.768638769,1,4.166666667,,
3040783258,1534,1705,0,0,13.975975976,5955.768398268,1,4.166666667,,
3040785258,1530,1704,0,0,13.975975976,5957.768157768,1,4.166666667,,
3040787258,1534,1710,0,0,13.975975976,5959.767917268,1,4.166666667,,
3040789258,1536,1705,0,0,13.975975976,5961.767676768,1,4.166666667,,
3040791258,1532,1707,0,0,13.975975976,5963.767436267,1,4.166666667,,
3040793258,1537,1701,0,0,13.975975976,5965.767195767,1,4.166666667,,
3040795258,1537,1707,0,0,13.97186429,5967.766955267,1,4.166666667,,
3040797258,1540,1714,0,0,13.964391356,5969.766714767,1,4.166666667,,
3040799258,1537,1706,0,0,13.956480067,5971.766474266,1,4.166666667,,
3040801258,1534,1699,0,0,13.94806772,5973.766233766,1,4.166666667,,
3040803258,1541,1705,0,0,13.938736944,5975.765993266,1,4.166666667,,
3040805258,1538,1713,0,0,13.927926878,5977.765752766,1,4.166666667,,
3040807258,1528,1706,0,0,13.905187255,5979.765512266,1,4.166666667,,
3040809258,1538,1701,0,0,13.854540133,5981.765271765,1,4.166666667,,
3040811258,1537,1705,0,0,13.806034343,5983.765031265,1,4.166666667,,
3040813258,1529,1704,0,0,13.765306541,5985.764790765,1,4.166666667,,
3040815258,1538,1701,0,0,13.726053142,5987.764550265,1,4.166666667,,
3040817258,1536,1703,0,0,13.69647048,5989.764309764,1,4.166666667,,
3040819258,1539,1705,0,0,13.668328706,5991.764069264,1,4.166666667,,
3040821258,1537,1704,0,0,13.668328706,5993.763828764,1,4.166666667,,
3040823258,1539,1706,0,0,13.668328706,5995.763588264,1,4.166666667,,
3040825258,1532,1704,0,0,13.668328706,5997.763347763,1,4.166666667,,
3040827258,1537,1705,0,0,13.668328706,5999.763107263,1,4.166666667,,
3040829258,1530,1710,0,0,13.668328706,6001.762866763,1,4.166666667,,
3040831258,1534,1703,0,0,13.668328706,6003.762626263,1,4.166666667,,
3040833258,1533,1699,0,0,13.694541046,6005.762385762,1,4.166666667,,
3040835258,1536,1699,0,0,13.727390423,6007.762145262,1,4.166666667,,
3040837258,1538,1705,0,0,13.744322899,6009.761904762,1,4.166666667,,
3040839258,1533,1700,0,0,13.754891295,6011.761664262,1,4.166666667,,
3040841258,1538,1703,0,0,13.765449811,6013.761423761,1,4.166666667,,
3040843258,1533,1697,0,0,13.776002544,6015.761183261,1,4.166666667,,
3040845258,1536,1705,0,0,13.783346012,6017.760942761,1,4.166666667,,
3040847258,1539,1710,0,0,13.788033902,6019.760702261,1,4.166666667,,
3040849258,1538,1704,0,0,13.796111504,6021.76046176,1,4.166666667,,
3040851258,1533,1710,0,0,13.808110796,6023.76022126,1,4.166666667,,
3040853258,1532,1699,0,0,13.817596237,6025.75998076,1,4.166666667,,
3040855258,1531,1705,0,0,13.822980756,6027.75974026,1,4.166666667,,
3040857258,1530,1703,0,0,13.826769023,6029.759499759,1,4.166666667,,
3040859258,1539,1703,0,0,13.826769023,6031.759259259,1,4.166666667,,
3040861258,1536,1715,0,0,13.826769023,6033.759018759,1,4.166666667,,
3040863258,1544,1705,0,0,13.826769023,6035.758778259,1,4.166666667,,
3040865258,1532,1701,0,0,13.826072888,6037.758537759,1,4.166666667,,
3040867258,1534,1705,0,0,13.820688369,6039.758297258,1,4.166666667,,
3040869258,1538,1704,0,0,13.815526982,6041.758056758,1,4.166666667,,
3040871258,1536,1705,0,0,13.815024957,6043.757816258,1,4.166666667,,
3040873258,1538,1703,0,0,13.814522932,6045.757575758,1,4.166666667,,
3040875258,1535,1705,0,0,13.808178939,6047.757335257,1,4.166666667,,
3040877258,1531,1707,0,0,13.801604919,6049.757094757,1,4.166666667,,
3040879258,1539,1707,0,0,13.795590264,6051.756854257,1,4.166666667,,
3040881258,1538,1710,0,0,13.789652948,6053.756613757,1,4.166666667,,
3040883258,1538,1714,0,0,13.784250307,6055.756373256,1,4.166666667,,
3040885258,1538,1697,0,0,13.778985581,6057.756132756,1,4.166666667,,
3040887258,1536,1705,0,0,13.750744841,6059.755892256,1,4.166666667,,
3040889258,1539,1707,0,0,13.713181626,6061.755651756,1,4.166666667,,
3040891258,1538,1713,0,0,13.68849287,6063.755411255,1,4.166666667,,
3040893258,1538,1704,0,0,13.671437533,6065.755170755,1,4.166666667,,
3040895258,1534,1703,0,0,13.656121163,6067.754930255,1,4.166666667,,
3040897258,1537,1709,0,0,13.642261297,6069.754689755,1,4.166666667,,
3040899258,1533,1705,0,0,13.63478547,6071.754449254,1,4.166666667,,
3040901258,1540,1707,0,0,13.63478547,6073.754208754,1,4.166666667,,
3040903258,1536,1706,0,0,13.63478547,6075.753968254,1,4.166666667,,
3040905258,1536,1701,0,0,13.63478547,6077.753727754,1,4.166666667,,
3040907258,1534,1702,0,0,13.63478547,6079.753487253,1,4.166666667,,
3040909258,1536,1706,0,0,13.63478547,6081.753246753,1,4.166666667,,
3040911258,1534,1706,0,0,13.637694125,6083.753006253,1,4.166666667,,
3040913258,1539,1713,0,0,13.651553991,6085.752765753,1,4.166666667,,
3040915258,1544,1710,0,0,13.665857593,6087.752525253,1,4.166666667,,
3040917258,1543,1709,0,0,13.683231425,6089.752284752,1,4.166666667,,
3040919258,1535,1705,0,0,13.700005252,6091.752044252,1,4.166666667,,
3040921258,1536,1696,0,0,13.703325449,6093.751803752,1,4.166666667,,
3040923258,1536,1707,0,0,13.706645646,6095.751563252,1,4.166666667,,
3040925258,1538,1709,0,0,13.713833276,6097.751322751,1,4.166666667,,
3040927258,1538,1713,0,0,13.721185788,6099.751082251,1,4.166666667,,
3040929258,1534,1709,0,0,13.722100983,6101.750841751,1,4.166666667,,
3040931258,1536,1709,0,0,13.722100983,6103.750601251,1,4.166666667,,
3040933258,1535,1702,0,0,13.722100983,6105.75036075,1,4.166666667,,
3040935258,1537,1705,0,0,13.722100983,6107.75012025,1,4.166666667,,
3040937258,1534,1706,0,0,13.722100983,6109.74987975,1,4.166666667,,
3040939258,1540,1705,0,0,13.722100983,6111.74963925,1,4.166666667,,
3040941258,1537,1705,0,0,13.708816799,6113.749398749,1,4.166666667,,
3040943258,1536,1708,0,0,13.687554433,6115.749158249,1,4.166666667,,
3040945258,1536,1706,0,0,13.674127529,6117.748917749,1,4.166666667,,
3040947258,1538,1700,0,0,13.667343354,6119.748677249,1,4.166666667,,
3040949258,1536,1694,0,0,13.663663664,6121.748436748,1,4.166666667,,
3040951258,1537,1704,0,0,13.663663664,6123.748196248,1,4.166666667,,
3040953258,1538,1702,0,0,13.663663664,6125.747955748,1,4.166666667,,
3040955258,1536,1701,0,0,13.663663664,6127.747715248,1,4.166666667,,
3040957258,1537,1705,0,0,13.663538565,6129.747474747,1,4.166666667,,
3040959258,1538,1709,0,0,13.663107841,6131.747234247,1,4.166666667,,
3040961258,1534,1698,0,0,13.662475338,6133.746993747,1,4.166666667,,
3040963258,1538,1696,0,0,13.661069151,6135.746753247,1,4.166666667,,
3040965258,1540,1702,0,0,13.659099283,6137.746512747,1,4.166666667,,
3040967258,1538,1701,0,0,13.653120402,6139.746272246,1,4.166666667,,
3040969258,1536,1697,0,0,13.647253968,6141.746031746,1,4.166666667,,
3040971258,1534,1696,0,0,13.644108383,6143.745791246,1,4.166666667,,
3040973258,1538,1713,0,0,13.640962798,6145.745550746,1,4.166666667,,
3040975258,1536,1708,0,0,13.640824718,6147.745310245,1,4.166666667,,
3040977258,1536,1704,0,0,13.640824718,6149.745069745,1,4.166666667,,
3040979258,1536,1704,0,0,13.640824718,6151.744829245,1,4.166666667,,
3040981258,1530,1705,0,0,13.640824718,6153.744588745,1,4.166666667,,
3040983258,1529,1707,0,0,13.640824718,6155.744348244,1,4.166666667,,
3040985258,1532,1702,0,0,13.640824718,6157.744107744,1,4.166666667,,
3040987258,1532,1701,0,0,13.650812702,6159.743867244,1,4.166666667,,
3040989258,1534,1710,0,0,13.66497299,6161.743626744,1,4.166666667,,
3040991258,1540,1704,0,0,13.679488565,6163.743386243,1,4.166666667,,
3040993258,1540,1705,0,0,13.694220268,6165.743145743,1,4.166666667,,
3040995258,1531,1705,0,0,13.701023604,6167.742905243,1,4.166666667,,
3040997258,1536,1706,0,0,13.701023604,6169.742664743,1,4.166666667,,
3040999258,1536,1701,0,0,13.701023604,6171.742424242,1,4.166666667,,
3041001258,1538,1706,0,0,13.701023604,6173.742183742,1,4.166666667,,
3041003258,1536,1713,0,0,13.701023604,6175.741943242,1,4.166666667,,
3041005258,1535,1696,0,0,13.701023604,6177.741702742,1,4.166666667,,
3041007258,1537,1701,0,0,13.697968001,6179.741462241,1,4.166666667,,
3041009258,1536,1709,0,0,13.687337316,6181.741221741,1,4.166666667,,
3041011258,1543,1708,0,0,13.676621719,6183.740981241,1,4.166666667,,
3041013258,1536,1699,0,0,13.665574492,6185.740740741,1,4.166666667,,
3041015258,1538,1704,0,0,13.655468577,6187.740500241,1,4.166666667,,
3041017258,1538,1705,0,0,13.652248357,6189.74025974,1,4.166666667,,
3041019258,1536,1697,0,0,13.649053733,6191.74001924,1,4.166666667,,
3041021258,1536,1701,0,0,13.646531343,6193.73977874,1,4.166666667,,
3041023258,1537,1702,0,0,13.644008952,6195.73953824,1,4.166666667,,
3041025258,1538,1709,0,0,13.640816551,6197.739297739,1,4.166666667,,
3041027258,1538,1705,0,0,13.637591177,6199.739057239,1,4.166666667,,
3041029258,1538,1703,0,0,13.632413958,6201.738816739,1,4.166666667,,
3041031258,1540,1705,0,0,13.626943828,6203.738576239,1,4.166666667,,
3041033258,1537,1704,0,0,13.621143288,6205.738335738,1,4.166666667,,
3041035258,1538,1705,0,0,13.615252752,6207.738095238,1,4.166666667,,
3041037258,1542,1697,0,0,13.611773795,6209.737854738,1,4.166666667,,
3041039258,1532,1702,0,0,13.609316868,6211.737614238,1,4.166666667,,
3041041258,1533,1702,0,0,13.608380192,6213.737373737,1,4.166666667,,
3041043258,1538,1705,0,0,13.608380192,6215.737133237,1,4.166666667,,
3041045258,1536,1712,0,0,13.608380192,6217.736892737,1,4.166666667,,
3041047258,1531,1709,0,0,13.608380192,6219.736652237,1,4.166666667,,
3041049258,1537,1699,0,0,13.608380192,6221.736411736,1,4.166666667,,
3041051258,1538,1705,0,0,13.608380192,6223.736171236,1,4.166666667,,
3041053258,1539,1705,0,0,13.60970851,6225.735930736,1,4.166666667,,
3041055258,1539,1709,0,0,13.613317976,6227.735690236,1,4.166666667,,
3041057258,1536,1708,0,0,13.615900817,6229.735449735,1,4.166666667,,
3041059258,1542,1703,0,0,13.615900817,6231.735209235,1,4.166666667,,
3041061258,1538,1700,0,0,13.615900817,6233.734968735,1,4.166666667,,
3041063258,1540,1708,0,0,13.615900817,6235.734728235,1,4.166666667,,
3041065258,1533,1705,0,0,13.615900817,6237.734487734,1,4.166666667,,
3041067258,1529,1711,0,0,13.615900817,6239.734247234,1,4.166666667,,
3041069258,1538,1705,0,0,13.615784235,6241.734006734,1,4.166666667,,
3041071258,1536,1705,0,0,13.612322176,6243.733766234,1,4.166666667,,
3041073258,1539,1710,0,0,13.608860117,6245.733525734,1,4.166666667,,
3041075258,1539,1703,0,0,13.608687326,6247.733285233,1,4.166666667,,
3041077258,1536,1695,0,0,13.608687326,6249.733044733,1,4.166666667,,
3041079258,1536,1705,0,0,13.608644983,6251.732804233,1,4.166666667,,
3041081258,1538,1700,0,0,13.608596116,6253.732563733,1,4.166666667,,
3041083258,1538,1704,0,0,13.606283643,6255.732323232,1,4.166666667,,
3041085258,1536,1700,0,0,13.60334355,6257.732082732,1,4.166666667,,
3041087258,1539,1704,0,0,13.600290127,6259.731842232,1,4.166666667,,
3041089258,1538,1702,0,0,13.597187981,6261.731601732,1,4.166666667,,
3041091258,1538,1705,0,0,13.595704254,6263.731361231,1,4.166666667,,
3041093258,1530,1712,0,0,13.595230458,6265.731120731,1,4.166666667,,
3041095258,1534,1704,0,0,13.595008802,6267.730880231,1,4.166666667,,
3041097258,1534,1704,0,0,13.595008802,6269.730639731,1,4.166666667,,
3041099258,1532,1715,0,0,13.595221341,6271.73039923,1,4.166666667,,
3041101258,1537,1703,0,0,13.595695137,6273.73015873,1,4.166666667,,
3041103258,1539,1700,0,0,13.595995996,6275.72991823,1,4.166666667,,
3041105258,1530,1706,0,0,13.595995996,6277.72967773,1,4.166666667,,
3041107258,1538,1709,0,0,13.596206908,6279.729437229,1,4.166666667,,
3041109258,1537,1703,0,0,13.596956368,6281.729196729,1,4.166666667,,
3041111258,1534,1707,0,0,13.597557558,6283.728956229,1,4.166666667,,
3041113258,1537,1710,0,0,13.597557558,6285.728715729,1,4.166666667,,
3041115258,1535,1713,0,0,13.597557558,6287.728475228,1,4.166666667,,
3041117258,1534,1709,0,0,13.597557558,6289.728234728,1,4.166666667,,
3041119258,1538,1696,0,0,13.597557558,6291.727994228,1,4.166666667,,
3041121258,1532,1704,0,0,13.597557558,6293.727753728,1,4.166666667,,
3041123258,1539,1707,0,0,13.597557558,6295.727513228,1,4.166666667,,
3041125258,1531,1701,190,1,13.595997475,6297.727272727,1,4.166666667,6,2.272727273
3041127258,1527,1669,190,1,13.594350225,6299.727032227,1,4.166666667,,
3041129258,1518,1641,190,1,13.594125375,6301.726791727,1,4.166666667,,
3041131258,1515,1606,190,1,13.594125375,6303.726551227,1,4.166666667,,
3041133258,1511,1575,190,1,13.593251881,6305.726310726,1,4.166666667,,
3041135258,1499,1550,190,1,13.592131896,6307.726070226,1,4.166666667,,
3041137258,1494,1525,190,1,13.589995275,6309.725829726,1,4.166666667,,
3041139258,1487,1504,190,1,13.587415303,6311.725589226,1,4.166666667,,
3041141258,1474,1474,190,1,13.586346639,6313.725348725,1,4.166666667,,
3041143258,1479,1459,190,1,13.586233111,6315.725108225,1,4.166666667,,
3041145258,1465,1434,190,1,13.585456956,6317.724867725,1,4.166666667,,
3041147258,1464,1410,190,1,13.584091214,6319.724627225,1,4.166666667,,
3041149258,1461,1393,190,1,13.58333402,6321.724386724,1,4.166666667,,
3041151258,1454,1371,190,0,13.58333402,6323.724146224,1,4.166666667,,
3041153258,1448,1359,190,0,13.58333402,6325.723905724,1,4.166666667,,
3041155258,1440,1347,190,0,13.58333402,6327.723665224,1,4.166666667,,
3041157258,1441,1332,190,0,13.58333402,6329.723424723,1,4.166666667,,
3041159258,1436,1324,190,0,13.58333402,6331.723184223,1,4.166666667,,
3041161258,1444,1309,190,0,13.584082934,6333.722943723,1,4.166666667,,
3041163258,1435,1299,190,0,13.587926898,6335.722703223,1,4.166666667,,
3041165258,1428,1291,190,0,13.591578251,6337.722462722,1,4.166666667,,
3041167258,1423,1289,190,0,13.593690801,6339.722222222,1,4.166666667,,
3041169258,1428,1265,190,0,13.595819214,6341.721981722,1,4.166666667,,
3041171258,1423,1262,190,0,13.59850524,6343.721741222,1,4.166666667,,
3041173258,1425,1257,190,0,13.601191265,6345.721500722,1,4.166666667,,
3041175258,1424,1252,190,0,13.60417585,6347.721260221,1,4.166666667,,
3041177258,1422,1245,190,0,13.607178121,6349.721019721,1,4.166666667,,
3041179258,1420,1231,190,0,13.609223893,6351.720779221,1,4.166666667,,
3041181258,1420,1230,190,0,13.611114594,6353.720538721,1,4.166666667,,
3041183258,1412,1227,190,0,13.615791254,6355.72029822,1,4.166666667,,
3041185258,1415,1219,190,0,13.621267907,6357.72005772,1,4.166666667,,
3041187258,1413,1223,190,0,13.627368545,6359.71981722,1,4.166666667,,
3041189258,1411,1222,190,0,13.633745186,6361.71957672,1,4.166666667,,
3041191258,1415,1215,190,0,13.638127736,6363.719336219,1,4.166666667,,
3041193258,1411,1206,190,0,13.641233989,6365.719095719,1,4.166666667,,
3041195258,1411,1211,190,0,13.643424779,6367.718855219,1,4.166666667,,
3041197258,1406,1205,190,0,13.64479113,6369.718614719,1,4.166666667,,
3041199258,1418,1203,190,0,13.649399701,6371.718374218,1,4.166666667,,
3041201258,1409,1201,190,0,13.658091885,6373.718133718,1,4.166666667,,
3041203258,1408,1199,190,0,13.667726545,6375.717893218,1,4.166666667,,
3041205258,1410,1194,190,0,13.679044084,6377.717652718,1,4.166666667,,
3041207258,1404,1197,190,0,13.688371927,6379.717412217,1,4.166666667,,
3041209258,1408,1190,190,0,13.69246487,6381.717171717,1,4.166666667,,
3041211258,1411,1189,190,0,13.69826114,6383.716931217,1,4.166666667,,
3041213258,1410,1179,190,0,13.711233813,6385.716690717,1,4.166666667,,
3041215258,1401,1185,190,0,13.724372995,6387.716450216,1,4.166666667,,
3041217258,1406,1184,190,0,13.738884027,6389.716209716,1,4.166666667,,
3041219258,1409,1180,190,0,13.753345922,6391.715969216,1,4.166666667,,
3041221258,1403,1183,190,0,13.765863894,6393.715728716,1,4.166666667,,
3041223258,1406,1179,190,0,13.778381865,6395.715488215,1,4.166666667,,
3041225258,1406,1179,190,0,13.799975227,6397.715247715,1,4.166666667,,
3041227258,1412,1183,190,0,13.822136888,6399.715007215,1,4.166666667,,
3041229258,1404,1171,190,0,13.865721876,6401.714766715,1,4.166666667,,
3041231258,1410,1179,190,0,13.912867402,6403.714526215,1,4.166666667,,
3041233258,1408,1172,190,0,13.939480896,6405.714285714,1,4.166666667,,
3041235258,1398,1179,190,0,13.960095909,6407.714045214,1,4.166666667,,
3041237258,1408,1177,190,0,13.976205083,6409.713804714,1,4.166666667,,
3041239258,1400,1179,190,0,13.990292908,6411.713564214,1,4.166666667,,
3041241258,1401,1175,190,0,14.006040844,6413.713323713,1,4.166666667,,
3041243258,1408,1184,190,0,14.022864808,6415.713083213,1,4.166666667,,
3041245258,1410,1168,190,0,14.043905758,6417.712842713,1,4.166666667,,
3041247258,1410,1167,190,0,14.068790465,6419.712602213,1,4.166666667,,
3041249258,1406,1170,190,0,14.097037027,6421.712361712,1,4.166666667,,
3041251258,1405,1175,190,0,14.129569837,6423.712121212,1,4.166666667,,
3041253258,1397,1164,190,0,14.163525647,6425.711880712,1,4.166666667,,
3041255258,1400,1175,190,0,14.200055839,6427.711640212,1,4.166666667,,
3041257258,1401,1164,190,0,14.233025557,6429.711399711,1,4.166666667,,
3041259258,1402,1159,190,0,14.256484956,6431.711159211,1,4.166666667,,
3041261258,1400,1163,190,0,14.282737891,6433.710918711,1,4.166666667,,
3041263258,1404,1167,190,0,14.320992355,6435.710678211,1,4.166666667,,
3041265258,1398,1159,190,0,14.358862872,6437.71043771,1,4.166666667,,
3041267258,1400,1161,190,0,14.393468734,6439.71019721,1,4.166666667,,
3041269258,1396,1161,190,0,14.429025414,6441.70995671,1,4.166666667,,
3041271258,1396,1170,190,0,14.507553724,6443.70971621,1,4.166666667,,
3041273258,1396,1163,190,0,14.586082035,6445.709475709,1,4.166666667,,
3041275258,1400,1162,190,0,14.661876141,6447.709235209,1,4.166666667,,
3041277258,1389,1156,190,0,14.73748972,6449.708994709,1,4.166666667,,
3041279258,1388,1159,190,0,14.807238421,6451.708754209,1,4.166666667,,
3041281258,1371,1161,190,0,14.875988318,6453.708513709,1,4.166666667,,
3041283258,1371,1165,190,0,14.965653922,6455.708273208,1,4.166666667,,
3041285258,1371,1154,190,0,15.061535505,6457.708032708,1,4.166666667,,
3041287258,1371,1158,190,0,15.184621533,6459.707792208,1,4.166666667,,
3041289258,1371,1156,190,0,15.320084038,6461.707551708,1,4.166666667,,
3041291258,1369,1145,190,0,15.458923972,6463.707311207,1,4.166666667,,
3041293258,1361,1155,190,0,15.599980764,6465.707070707,1,4.166666667,,
3041295258,1359,1151,190,0,15.756207847,6467.706830207,1,4.166666667,,
3041297258,1352,1146,190,0,15.92643018,6469.706589707,1,4.166666667,,
3041299258,1345,1143,190,0,16.129245742,6471.706349206,1,4.166666667,,
3041301258,1344,1146,190,0,16.374127221,6473.706108706,1,4.166666667,,
3041303258,1333,1143,190,0,16.65003984,6475.705868206,1,4.166666667,,
3041305258,1320,1133,190,0,16.98283407,6477.705627706,1,4.166666667,,
3041307258,1316,1132,190,0,17.328544893,6479.705387205,1,4.166666667,,
3041309258,1310,1130,190,0,17.709286206,6481.705146705,1,4.166666667,,
3041311258,1304,1126,190,0,18.127620112,6483.704906205,1,4.166666667,,
3041313258,1283,1128,190,0,18.710680138,6485.704665705,1,4.166666667,,
3041315258,1282,1138,190,0,19.42571731,6487.704425204,1,4.166666667,,
3041317258,1268,1159,190,0,21.299824349,6489.704184704,1,4.166666667,,
3041319258,1229,1356,190,0,23.13941027,6491.703944204,1,4.166666667,,
3041321258,1231,1370,190,0,23.161626388,6493.703703704,1,4.166666667,,
3041323258,1228,1371,190,0,23.183842507,6495.703463203,1,4.166666667,,
3041325258,1219,1371,190,0,23.185285285,6497.703222703,1,4.166666667,,
3041327258,1227,1392,190,0,23.185285285,6499.702982203,1,4.166666667,,
3041329258,1225,1396,190,0,23.185285285,6501.702741703,1,4.166666667,,
3041331258,1229,1396,190,0,23.185285285,6503.702501203,1,4.166666667,,
3041333258,1228,1398,190,0,23.20306451,6505.702260702,1,4.166666667,,
3041335258,1215,1389,190,0,23.226217879,6507.702020202,1,4.166666667,,
3041337258,1219,1397,190,0,23.233527271,6509.701779702,1,4.166666667,,
3041339258,1223,1396,190,0,23.233527271,6511.701539202,1,4.166666667,,
3041341258,1218,1399,190,0,23.222116695,6513.701298701,1,4.166666667,,
3041343258,1220,1387,190,0,23.203121912,6515.701058201,1,4.166666667,,
3041345258,1219,1387,190,0,23.189077242,6517.700817701,1,4.166666667,,
3041347258,1216,1371,190,0,23.179654596,6519.700577201,1,4.166666667,,
3041349258,1217,1390,190,0,23.174317174,6521.7003367,1,4.166666667,,
3041351258,1215,1396,190,0,23.174317174,6523.7000962,1,4.166666667,,
3041353258,1207,1390,190,0,23.177614817,6525.6998557,1,4.166666667,,
3041355258,1215,1392,190,0,23.187037463,6527.6996152,1,4.166666667,,
3041357258,1210,1387,190,0,23.199009993,6529.699374699,1,4.166666667,,
3041359258,1213,1388,190,0,23.218004775,6531.699134199,1,4.166666667,,
3041361258,1211,1371,190,0,23.233682577,6533.698893699,1,4.166666667,,
3041363258,1216,1388,190,0,23.234532166,6535.698653199,1,4.166666667,,
3041365258,1214,1389,190,0,23.235373941,6537.698412698,1,4.166666667,,
3041367258,1214,1371,190,0,23.236144781,6539.698172198,1,4.166666667,,
3041369258,1211,1392,190,0,23.23690357,6541.697931698,1,4.166666667,,
3041371258,1207,1385,190,0,23.23690357,6543.697691198,1,4.166666667,,
3041373258,1211,1387,190,0,23.23690357,6545.697450697,1,4.166666667,,
3041375258,1211,1388,0,0,23.23690357,6547.697210197,1,4.166666667,,
3041377258,1227,1416,0,0,23.23690357,6549.696969697,1,4.166666667,,
3041379258,1249,1449,0,0,23.23690357,6551.696729197,1,4.166666667,,
3041381258,1282,1471,0,0,23.23690357,6553.696488696,1,4.166666667,,
3041383258,1300,1478,0,0,23.23690357,6555.696248196,1,4.166666667,,
3041385258,1313,1501,0,0,23.23690357,6557.696007696,1,4.166666667,,
3041387258,1333,1517,0,0,23.23690357,6559.695767196,1,4.166666667,,
3041389258,1347,1525,0,0,23.23690357,6561.695526696,1,4.166666667,,
3041391258,1359,1540,0,0,23.238023352,6563.695286195,1,4.166666667,,
3041393258,1371,1562,0,0,23.23989679,6565.695045695,1,4.166666667,,
3041395258,1390,1569,0,0,23.240807036,6567.694805195,1,4.166666667,,
3041397258,1404,1581,0,0,23.240807036,6569.694564695,1,4.166666667,,
3041399258,1414,1590,0,0,23.245542564,6571.694324194,1,4.166666667,,
3041401258,1424,1603,0,0,23.256541425,6573.694083694,1,4.166666667,,
3041403258,1424,1610,0,0,23.263865768,6575.693843194,1,4.166666667,,
3041405258,1436,1616,0,0,23.26427412,6577.693602694,1,4.166666667,,
3041407258,1437,1630,0,0,23.26457492,6579.693362193,1,4.166666667,,
3041409258,1451,1633,0,0,23.26457492,6581.693121693,1,4.166666667,,
3041411258,1459,1641,0,0,23.26457492,6583.692881193,1,4.166666667,,
3041413258,1464,1637,0,0,23.26457492,6585.692640693,1,4.166666667,,
3041415258,1464,1653,0,0,23.26457492,6587.692400192,1,4.166666667,,
3041417258,1475,1656,0,0,23.26457492,6589.692159692,1,4.166666667,,
3041419258,1485,1662,0,0,23.26457492,6591.691919192,1,4.166666667,,
3041421258,1486,1666,0,0,23.26457492,6593.691678692,1,4.166666667,,
3041423258,1488,1671,0,0,23.26457492,6595.691438191,1,4.166666667,,
3041425258,1488,1667,0,0,23.26457492,6597.691197691,1,4.166666667,,
3041427258,1496,1671,0,0,23.26457492,6599.690957191,1,4.166666667,,
3041429258,1500,1680,0,0,23.26457492,6601.690716691,1,4.166666667,,
3041431258,1502,1683,0,0,23.26457492,6603.69047619,1,4.166666667,,
3041433258,1504,1683,0,0,23.265275504,6605.69023569,1,4.166666667,,
3041435258,1512,1697,0,0,23.266195054,6607.68999519,1,4.166666667,,
3041437258,1513,1692,0,0,23.270979898,6609.68975469,1,4.166666667,,
3041439258,1511,1690,0,0,23.277598013,6611.68951419,1,4.166666667,,
3041441258,1520,1693,0,0,23.28028028,6613.689273689,1,4.166666667,,
3041443258,1515,1697,0,0,23.28028028,6615.689033189,1,4.166666667,,
3041445258,1527,1692,0,0,23.28028028,6617.688792689,1,4.166666667,,
3041447258,1522,1699,0,0,23.28028028,6619.688552189,1,4.166666667,,
3041449258,1520,1696,0,0,23.28028028,6621.688311688,1,4.166666667,,
3041451258,1528,1700,0,0,23.28028028,6623.688071188,1,4.166666667,,
3041453258,1533,1693,0,0,23.280027553,6625.687830688,1,4.166666667,,
3041455258,1529,1697,0,0,23.279292789,6627.687590188,1,4.166666667,,
3041457258,1531,1690,0,0,22.975933362,6629.687349687,1,4.166666667,,
3041459258,1533,1697,0,0,21.812924199,6631.687109187,1,4.166666667,,
3041461258,1534,1701,0,0,20.784279229,6633.686868687,1,4.166666667,,
3041463258,1524,1697,0,0,20.38129609,6635.686628187,1,4.166666667,,
3041465258,1532,1701,0,0,19.976042077,6637.686387686,1,4.166666667,,
3041467258,1530,1698,0,0,19.548694644,6639.686147186,1,4.166666667,,
3041469258,1538,1700,0,0,19.120375249,6641.685906686,1,4.166666667,,
3041471258,1540,1701,0,0,18.592004477,6643.685666186,1,4.166666667,,
3041473258,1540,1701,0,0,18.063633704,6645.685425685,1,4.166666667,,
3041475258,1538,1692,0,0,17.47443522,6647.685185185,1,4.166666667,,
3041477258,1531,1699,0,0,16.880378418,6649.684944685,1,4.166666667,,
3041479258,1536,1696,0,0,16.214120926,6651.684704185,1,4.166666667,,
3041481258,1540,1701,0,0,15.534361236,6653.684463684,1,4.166666667,,
3041483258,1539,1707,0,0,15.236023603,6655.684223184,1,4.166666667,,
3041485258,1539,1696,0,0,15.058882678,6657.683982684,1,4.166666667,,
3041487258,1536,1705,0,0,15.001362474,6659.683742184,1,4.166666667,,
3041489258,1537,1704,0,0,15.001362474,6661.683501684,1,4.166666667,,
3041491258,1536,1697,0,0,15.001362474,6663.683261183,1,4.166666667,,
3041493258,1537,1704,0,0,15.001362474,6665.683020683,1,4.166666667,,
3041495258,1508,1702,0,0,15.001362474,6667.682780183,1,4.166666667,,
3041497258,1508,1705,0,0,15.001362474,6669.682539683,1,4.166666667,,
3041499258,1512,1706,0,0,15.013767392,6671.682299182,1,4.166666667,,
3041501258,1510,1710,0,0,15.042987476,6673.682058682,1,4.166666667,,
3041503258,1508,1696,0,0,15.062244969,6675.681818182,1,4.166666667,,
3041505258,1512,1706,0,0,15.062244969,6677.681577682,1,4.166666667,,
3041507258,1512,1702,0,0,15.062244969,6679.681337181,1,4.166666667,,
3041509258,1512,1703,0,0,15.062244969,6681.681096681,1,4.166666667,,
3041511258,1510,1705,0,0,15.062244969,6683.680856181,1,4.166666667,,
3041513258,1512,1702,0,0,15.062244969,6685.680615681,1,4.166666667,,
3041515258,1511,1705,0,0,15.044365801,6687.68037518,1,4.166666667,,
3041517258,1512,1700,0,0,14.846145428,6689.68013468,1,4.166666667,,
3041519258,1512,1697,0,0,14.649236193,6691.67989418,1,4.166666667,,
3041521258,1520,1703,0,0,14.649236193,6693.67965368,1,4.166666667,,
3041523258,1510,1706,0,0,14.649236193,6695.679413179,1,4.166666667,,
3041525258,1519,1702,0,0,14.649236193,6697.679172679,1,4.166666667,,
3041527258,1514,1704,0,0,14.649236193,6699.678932179,1,4.166666667,,
3041529258,1515,1702,0,0,14.649236193,6701.678691679,1,4.166666667,,
3041531258,1512,1709,0,0,14.649236193,6703.678451178,1,4.166666667,,
3041533258,1512,1708,0,0,14.857176471,6705.678210678,1,4.166666667,,
3041535258,1509,1701,0,0,15.132279641,6707.677970178,1,4.166666667,,
3041537258,1512,1709,0,0,15.298553433,6709.677729678,1,4.166666667,,
3041539258,1513,1701,0,0,15.411775337,6711.677489177,1,4.166666667,,
3041541258,1512,1702,0,0,15.458344058,6713.677248677,1,4.166666667,,
3041543258,1516,1705,0,0,15.458344058,6715.677008177,1,4.166666667,,
3041545258,1513,1706,0,0,15.458344058,6717.676767677,1,4.166666667,,
3041547258,1512,1701,0,0,15.458344058,6719.676527177,1,4.166666667,,
3041549258,1516,1700,0,0,15.458344058,6721.676286676,1,4.166666667,,
3041551258,1513,1704,0,0,15.458344058,6723.676046176,1,4.166666667,,
3041553258,1516,1707,0,0,15.400746628,6725.675805676,1,4.166666667,,
3041555258,1516,1706,0,0,15.230311527,6727.675565176,1,4.166666667,,
3041557258,1512,1704,0,0,15.077158141,6729.675324675,1,4.166666667,,
3041559258,1508,1701,0,0,14.974665105,6731.675084175,1,4.166666667,,
3041561258,1515,1705,0,0,14.887283206,6733.674843675,1,4.166666667,,
3041563258,1508,1703,0,0,14.873275452,6735.674603175,1,4.166666667,,
3041565258,1505,1705,0,0,14.857781839,6737.674362674,1,4.166666667,,
3041567258,1512,1709,0,0,14.826732806,6739.674122174,1,4.166666667,,
3041569258,1518,1699,0,0,14.795634307,6741.673881674,1,4.166666667,,
3041571258,1512,1700,0,0,14.750874925,6743.673641174,1,4.166666667,,
3041573258,1515,1692,0,0,14.706115543,6745.673400673,1,4.166666667,,
3041575258,1512,1703,0,0,14.68588481,6747.673160173,1,4.166666667,,
3041577258,1512,1703,0,0,14.667786305,6749.672919673,1,4.166666667,,
3041579258,1512,1703,0,0,14.607500955,6751.672679173,1,4.166666667,,
3041581258,1513,1700,0,0,14.538966273,6753.672438672,1,4.166666667,,
3041583258,1512,1705,0,0,14.437571628,6755.672198172,1,4.166666667,,
3041585258,1512,1703,0,0,14.325389887,6757.671957672,1,4.166666667,,
3041587258,1501,1704,0,0,14.256891675,6759.671717172,1,4.166666667,,
3041589258,1511,1708,0,0,14.209980113,6761.671476671,1,4.166666667,,
3041591258,1514,1705,0,0,14.172239683,6763.671236171,1,4.166666667,,
3041593258,1510,1707,0,0,14.140986839,6765.670995671,1,4.166666667,,
3041595258,1514,1705,0,0,14.107944616,6767.670755171,1,4.166666667,,
3041597258,1515,1697,0,0,14.073128014,6769.670514671,1,4.166666667,,
3041599258,1508,1710,0,0,14.024191311,6771.67027417,1,4.166666667,,
3041601258,1508,1701,0,0,13.955636593,6773.67003367,1,4.166666667,,
3041603258,1509,1703,0,0,13.887422008,6775.66979317,1,4.166666667,,
3041605258,1512,1709,0,0,13.819882803,6777.66955267,1,4.166666667,,
3041607258,1512,1711,0,0,13.769319778,6779.669312169,1,4.166666667,,
3041609258,1508,1697,0,0,13.769319778,6781.669071669,1,4.166666667,,
3041611258,1512,1705,0,0,13.769319778,6783.668831169,1,4.166666667,,
3041613258,1514,1705,0,0,13.769319778,6785.668590669,1,4.166666667,,
3041615258,1512,1696,0,0,13.769319778,6787.668350168,1,4.166666667,,
3041617258,1513,1702,0,0,13.769319778,6789.668109668,1,4.166666667,,
3041619258,1512,1704,0,0,13.76936576,6791.667869168,1,4.166666667,,
3041621258,1507,1697,0,0,13.845832891,6793.667628668,1,4.166666667,,
3041623258,1508,1705,0,0,13.922300021,6795.667388167,1,4.166666667,,
3041625258,1512,1704,0,0,14.03538477,6797.667147667,1,4.166666667,,
3041627258,1511,1702,0,0,14.151783113,6799.666907167,1,4.166666667,,
3041629258,1512,1705,0,0,14.188856549,6801.666666667,1,4.166666667,,
3041631258,1510,1710,0,0,14.21007645,6803.666426166,1,4.166666667,,
3041633258,1504,1708,0,0,14.22960892,6805.666185666,1,4.166666667,,
3041635258,1507,1702,0,0,14.248578461,6807.665945166,1,4.166666667,,
3041637258,1500,1697,0,0,14.272737998,6809.665704666,1,4.166666667,,
3041639258,1498,1699,0,0,14.299497217,6811.665464165,1,4.166666667,,
3041641258,1501,1702,0,0,14.337159015,6813.665223665,1,4.166666667,,
3041643258,1500,1702,0,0,14.382629266,6815.664983165,1,4.166666667,,
3041645258,1500,1709,0,0,14.418907832,6817.664742665,1,4.166666667,,
3041647258,1500,1704,0,0,14.445961489,6819.664502165,1,4.166666667,,
3041649258,1503,1701,0,0,14.462939094,6821.664261664,1,4.166666667,,
3041651258,1507,1697,0,0,14.465743149,6823.664021164,1,4.166666667,,
3041653258,1499,1699,0,0,14.467616453,6825.663780664,1,4.166666667,,
3041655258,1492,1709,0,0,14.467616453,6827.663540164,1,4.166666667,,
3041657258,1496,1701,0,0,14.467616453,6829.663299663,1,4.166666667,,
3041659258,1504,1705,0,0,14.467616453,6831.663059163,1,4.166666667,,
3041661258,1497,1705,0,0,14.467616453,6833.662818663,1,4.166666667,,
3041663258,1487,1702,0,0,14.467616453,6835.662578163,1,4.166666667,,
3041665258,1487,1706,0,0,14.465556958,6837.662337662,1,4.166666667,,
3041667258,1488,1705,0,0,14.440187027,6839.662097162,1,4.166666667,,
3041669258,1486,1705,0,0,14.414817096,6841.661856662,1,4.166666667,,
3041671258,1485,1707,0,0,14.397184534,6843.661616162,1,4.166666667,,
3041673258,1492,1712,0,0,14.379570627,6845.661375661,1,4.166666667,,
3041675258,1488,1705,0,0,14.358087019,6847.661135161,1,4.166666667,,
3041677258,1484,1704,0,0,14.336239354,6849.660894661,1,4.166666667,,
3041679258,1470,1705,0,0,14.31171074,6851.660654161,1,4.166666667,,
3041681258,1481,1701,0,0,14.286634677,6853.66041366,1,4.166666667,,
3041683258,1477,1706,0,0,14.257932336,6855.66017316,1,4.166666667,,
3041685258,1476,1705,0,0,14.228000797,6857.65993266,1,4.166666667,,
3041687258,1488,1709,0,0,14.200622144,6859.65969216,1,4.166666667,,
3041689258,1474,1705,0,0,14.174539609,6861.659451659,1,4.166666667,,
3041691258,1488,1699,0,0,14.152161831,6863.659211159,1,4.166666667,,
3041693258,1487,1705,0,0,14.132470386,6865.658970659,1,4.166666667,,
3041695258,1462,1702,0,0,14.084796932,6867.658730159,1,4.166666667,,
3041697258,1492,1697,0,0,14.00870054,6869.658489658,1,4.166666667,,
3041699258,1487,1701,0,0,13.933975823,6871.658249158,1,4.166666667,,
3041701258,1453,1706,0,0,13.861204642,6873.658008658,1,4.166666667,,
3041703258,1468,1697,0,0,13.790152866,6875.657768158,1,4.166666667,,
3041705258,1474,1696,0,0,13.722609055,6877.657527658,1,4.166666667,,
3041707258,1484,1701,0,0,13.670423659,6879.657287157,1,4.166666667,,
3041709258,1473,1697,0,0,13.66548045,6881.657046657,1,4.166666667,,
3041711258,1464,1705,0,0,13.661336834,6883.656806157,1,4.166666667,,
3041713258,1465,1700,0,0,13.661336834,6885.656565657,1,4.166666667,,
3041715258,1484,1707,0,0,13.661336834,6887.656325156,1,4.166666667,,
3041717258,1489,1715,0,0,13.661336834,6889.656084656,1,4.166666667,,
3041719258,1492,1704,0,0,13.661336834,6891.655844156,1,4.166666667,,
3041721258,1491,1703,0,0,13.661336834,6893.655603656,1,4.166666667,,
3041723258,1488,1697,0,0,13.661336834,6895.655363155,1,4.166666667,,
3041725258,1485,1710,0,0,13.735374869,6897.655122655,1,4.166666667,,
3041727258,1486,1698,0,0,13.816645662,6899.654882155,1,4.166666667,,
3041729258,1483,1710,0,0,13.892657754,6901.654641655,1,4.166666667,,
3041731258,1494,1709,0,0,13.96757301,6903.654401154,1,4.166666667,,
3041733258,1490,1699,0,0,14.033301656,6905.654160654,1,4.166666667,,
3041735258,1490,1701,0,0,14.095866603,6907.653920154,1,4.166666667,,
3041737258,1492,1697,0,0,14.117755457,6909.653679654,1,4.166666667,,
3041739258,1500,1706,0,0,14.118713535,6911.653439153,1,4.166666667,,
3041741258,1488,1709,0,0,14.126966043,6913.653198653,1,4.166666667,,
3041743258,1499,1704,0,0,14.140573378,6915.652958153,1,4.166666667,,
3041745258,1492,1708,0,0,14.147471143,6917.652717653,1,4.166666667,,
3041747258,1492,1705,0,0,14.147471143,6919.652477152,1,4.166666667,,
3041749258,1501,1697,0,0,14.147471143,6921.652236652,1,4.166666667,,
3041751258,1492,1697,0,0,14.147471143,6923.651996152,1,4.166666667,,
3041753258,1489,1705,0,0,14.147471143,6925.651755652,1,4.166666667,,
3041755258,1491,1705,0,0,14.147471143,6927.651515152,1,4.166666667,,
3041757258,1494,1705,0,0,14.141229965,6929.651274651,1,4.166666667,,
3041759258,1492,1704,0,0,14.115475429,6931.651034151,1,4.166666667,,
3041761258,1492,1706,0,0,14.090698936,6933.650793651,1,4.166666667,,
3041763258,1491,1714,0,0,14.071105334,6935.650553151,1,4.166666667,,
3041765258,1491,1700,0,0,14.052290742,6937.65031265,1,4.166666667,,
3041767258,1488,1707,0,0,14.043061098,6939.65007215,1,4.166666667,,
3041769258,1491,1706,0,0,14.033831454,6941.64983165,1,4.166666667,,
3041771258,1491,1708,0,0,13.979837875,6943.64959115,1,4.166666667,,
3041773258,1499,1704,0,0,13.92546425,6945.649350649,1,4.166666667,,
3041775258,1500,1701,0,0,13.905497918,6947.649110149,1,4.166666667,,
3041777258,1500,1701,0,0,13.889017887,6949.648869649,1,4.166666667,,
3041779258,1492,1707,0,0,13.841931231,6951.648629149,1,4.166666667,,
3041781258,1492,1708,0,0,13.788325878,6953.648388648,1,4.166666667,,
3041783258,1501,1702,0,0,13.763142597,6955.648148148,1,4.166666667,,
3041785258,1492,1709,0,0,13.747902427,6957.647907648,1,4.166666667,,
3041787258,1500,1703,0,0,13.738424987,6959.647667148,1,4.166666667,,
3041789258,1500,1705,0,0,13.731952813,6961.647426647,1,4.166666667,,
3041791258,1505,1707,0,0,13.723716548,6963.647186147,1,4.166666667,,
3041793258,1504,1697,0,0,13.714169234,6965.646945647,1,4.166666667,,
3041795258,1500,1704,0,0,13.70930085,6967.646705147,1,4.166666667,,
3041797258,1496,1702,0,0,13.70930085,6969.646464646,1,4.166666667,,
3041799258,1496,1709,0,0,13.70930085,6971.646224146,1,4.166666667,,
3041801258,1496,1701,0,0,13.70930085,6973.645983646,1,4.166666667,,
3041803258,1491,1709,0,0,13.712383777,6975.645743146,1,4.166666667,,
3041805258,1498,1702,0,0,13.721931091,6977.645502646,1,4.166666667,,
3041807258,1497,1704,0,0,13.732010894,6979.645262145,1,4.166666667,,
3041809258,1491,1707,0,0,13.743783156,6981.645021645,1,4.166666667,,
3041811258,1492,1704,0,0,13.763413839,6983.644781145,1,4.166666667,,
3041813258,1495,1706,0,0,13.82564383,6985.644540645,1,4.166666667,,
3041815258,1494,1709,0,0,13.885685734,6987.644300144,1,4.166666667,,
3041817258,1489,1704,0,0,13.917592483,6989.644059644,1,4.166666667,,
3041819258,1487,1699,0,0,13.949499232,6991.643819144,1,4.166666667,,
3041821258,1487,1703,0,0,13.952034592,6993.643578644,1,4.166666667,,
3041823258,1495,1709,0,0,13.954230501,6995.643338143,1,4.166666667,,
3041825258,1487,1709,0,0,13.961947613,6997.643097643,1,4.166666667,,
3041827258,1501,1709,0,0,13.970244359,6999.642857143,1,4.166666667,,
3041829258,1488,1707,0,0,13.973401519,7001.642616643,1,4.166666667,,
3041831258,1485,1705,0,0,13.975441215,7003.642376142,1,4.166666667,,
3041833258,1487,1713,0,0,13.991671136,7005.642135642,1,4.166666667,,
3041835258,1488,1705,0,0,14.012943386,7007.641895142,1,4.166666667,,
3041837258,1486,1707,0,0,14.020298494,7009.641654642,1,4.166666667,,
3041839258,1487,1707,0,0,14.020298494,7011.641414141,1,4.166666667,,
3041841258,1487,1701,0,0,14.020298494,7013.641173641,1,4.166666667,,
3041843258,1488,1705,0,0,14.020298494,7015.640933141,1,4.166666667,,
3041845258,1488,1697,0,0,14.020298494,7017.640692641,1,4.166666667,,
3041847258,1485,1705,0,0,14.020298494,7019.64045214,1,4.166666667,,
3041849258,1487,1701,0,0,14.011715403,7021.64021164,1,4.166666667,,
3041851258,1487,1699,0,0,13.990443153,7023.63997114,1,4.166666667,,
3041853258,1495,1704,0,0,13.953451633,7025.63973064,1,4.166666667,,
3041855258,1487,1704,0,0,13.883041894,7027.639490139,1,4.166666667,,
3041857258,1487,1706,0,0,13.819098505,7029.639249639,1,4.166666667,,
3041859258,1489,1705,0,0,13.776051469,7031.639009139,1,4.166666667,,
3041861258,1486,1704,0,0,13.733872215,7033.638768639,1,4.166666667,,
3041863258,1489,1703,0,0,13.696506753,7035.638528139,1,4.166666667,,
3041865258,1485,1703,0,0,13.661725193,7037.638287638,1,4.166666667,,
3041867258,1491,1705,0,0,13.661725193,7039.638047138,1,4.166666667,,
3041869258,1484,1705,0,0,13.661725193,7041.637806638,1,4.166666667,,
3041871258,1482,1703,0,0,13.661725193,7043.637566138,1,4.166666667,,
3041873258,1484,1707,0,0,13.661725193,7045.637325637,1,4.166666667,,
3041875258,1486,1704,0,0,13.661725193,7047.637085137,1,4.166666667,,
3041877258,1486,1704,0,0,13.661725193,7049.636844637,1,4.166666667,,
3041879258,1491,1707,0,0,13.664227446,7051.636604137,1,4.166666667,,
3041881258,1489,1705,0,0,13.667284939,7053.636363636,1,4.166666667,,
3041883258,1489,1713,0,0,13.696876835,7055.636123136,1,4.166666667,,
3041885258,1484,1705,0,0,13.736044568,7057.635882636,1,4.166666667,,
3041887258,1491,1697,0,0,13.750477744,7059.635642136,1,4.166666667,,
3041889258,1492,1699,0,0,13.751664344,7061.635401635,1,4.166666667,,
3041891258,1481,1707,0,0,13.759167349,7063.635161135,1,4.166666667,,
3041893258,1490,1699,0,0,13.77148126,7065.634920635,1,4.166666667,,
3041895258,1486,1706,0,0,13.78324117,7067.634680135,1,4.166666667,,
3041897258,1483,1702,0,0,13.794410604,7069.634439634,1,4.166666667,,
3041899258,1489,1697,0,0,13.803201319,7071.634199134,1,4.166666667,,
3041901258,1480,1704,0,0,13.808431098,7073.633958634,1,4.166666667,,
3041903258,1474,1709,0,0,13.813192366,7075.633718134,1,4.166666667,,
3041905258,1477,1705,0,0,13.816943712,7077.633477633,1,4.166666667,,
3041907258,1484,1701,0,0,13.819907249,7079.633237133,1,4.166666667,,
3041909258,1485,1700,0,0,13.820281979,7081.632996633,1,4.166666667,,
3041911258,1472,1703,0,0,13.820600601,7083.632756133,1,4.166666667,,
3041913258,1478,1705,0,0,13.820600601,7085.632515633,1,4.166666667,,
3041915258,1472,1710,0,0,13.820600601,7087.632275132,1,4.166666667,,
3041917258,1475,1709,0,0,13.820600601,7089.632034632,1,4.166666667,,
3041919258,1469,1705,0,0,13.820600601,7091.631794132,1,4.166666667,,
3041921258,1460,1709,0,0,13.820232406,7093.631553632,1,4.166666667,,
3041923258,1448,1704,0,0,13.819857676,7095.631313131,1,4.166666667,,
3041925258,1441,1713,0,0,13.81981982,7097.631072631,1,4.166666667,,
3041927258,1448,1705,0,0,13.81981982,7099.630832131,1,4.166666667,,
3041929258,1451,1704,0,0,13.801312419,7101.630591631,1,4.166666667,,
3041931258,1451,1701,0,0,13.77861492,7103.63035113,1,4.166666667,,
3041933258,1456,1700,0,0,13.761891856,7105.63011063,1,4.166666667,,
3041935258,1448,1702,0,0,13.747358273,7107.62987013,1,4.166666667,,
3041937258,1449,1705,0,0,13.730144212,7109.62962963,1,4.166666667,,
3041939258,1460,1705,0,0,13.711475531,7111.629389129,1,4.166666667,,
3041941258,1451,1703,0,0,13.687201754,7113.629148629,1,4.166666667,,
3041943258,1459,1705,0,0,13.658606261,7115.628908129,1,4.166666667,,
3041945258,1456,1701,0,0,13.638776174,7117.628667629,1,4.166666667,,
3041947258,1456,1706,0,0,13.628401768,7119.628427128,1,4.166666667,,
3041949258,1461,1705,0,0,13.622150923,7121.628186628,1,4.166666667,,
3041951258,1461,1702,0,0,13.622150923,7123.627946128,1,4.166666667,,
3041953258,1448,1700,0,0,13.622150923,7125.627705628,1,4.166666667,,
3041955258,1460,1705,0,0,13.622150923,7127.627465127,1,4.166666667,,
3041957258,1461,1705,0,0,13.622150923,7129.627224627,1,4.166666667,,
3041959258,1454,1703,0,0,13.622150923,7131.626984127,1,4.166666667,,
3041961258,1453,1704,0,0,13.626725325,7133.626743627,1,4.166666667,,
3041963258,1456,1705,0,0,13.657902502,7135.626503127,1,4.166666667,,
3041965258,1460,1703,0,0,13.688021804,7137.626262626,1,4.166666667,,
3041967258,1459,1710,0,0,13.702444272,7139.626022126,1,4.166666667,,
3041969258,1456,1705,0,0,13.716866739,7141.625781626,1,4.166666667,,
3041971258,1452,1709,0,0,13.723236557,7143.625541126,1,4.166666667,,
3041973258,1460,1701,0,0,13.729438303,7145.625300625,1,4.166666667,,
3041975258,1460,1702,0,0,13.730083463,7147.625060125,1,4.166666667,,
3041977258,1464,1710,0,0,13.730083463,7149.624819625,1,4.166666667,,
3041979258,1463,1700,0,0,13.730083463,7151.624579125,1,4.166666667,,
3041981258,1468,1702,0,0,13.730083463,7153.624338624,1,4.166666667,,
3041983258,1465,1703,0,0,13.730083463,7155.624098124,1,4.166666667,,
3041985258,1467,1694,0,0,13.730083463,7157.623857624,1,4.166666667,,
3041987258,1466,1701,0,0,13.723364327,7159.623617124,1,4.166666667,,
3041989258,1470,1702,0,0,13.712950606,7161.623376623,1,4.166666667,,
3041991258,1460,1704,0,0,13.696407681,7163.623136123,1,4.166666667,,
3041993258,1467,1709,0,0,13.675080829,7165.622895623,1,4.166666667,,
3041995258,1461,1712,0,0,13.65914183,7167.622655123,1,4.166666667,,
3041997258,1468,1696,0,0,13.649085418,7169.622414622,1,4.166666667,,
3041999258,1469,1701,0,0,13.63654163,7171.622174122,1,4.166666667,,
3042001258,1464,1707,0,0,13.620179567,7173.621933622,1,4.166666667,,
3042003258,1465,1701,0,0,13.60770716,7175.621693122,1,4.166666667,,
3042005258,1460,1708,0,0,13.603856701,7177.621452621,1,4.166666667,,
3042007258,1463,1704,0,0,13.599911847,7179.621212121,1,4.166666667,,
3042009258,1460,1705,0,0,13.595646099,7181.620971621,1,4.166666667,,
3042011258,1460,1704,0,0,13.591993409,7183.620731121,1,4.166666667,,
3042013258,1459,1706,0,0,13.591993409,7185.62049062,1,4.166666667,,
3042015258,1440,1695,0,0,13.591993409,7187.62025012,1,4.166666667,,
3042017258,1436,1705,0,0,13.591993409,7189.62000962,1,4.166666667,,
3042019258,1441,1704,0,0,13.591993409,7191.61976912,1,4.166666667,,
3042021258,1438,1699,0,0,13.591993409,7193.61952862,1,4.166666667,,
3042023258,1438,1697,0,0,13.591993409,7195.619288119,1,4.166666667,,
3042025258,1437,1706,0,0,13.607683287,7197.619047619,1,4.166666667,,
3042027258,1440,1703,0,0,13.625253838,7199.618807119,1,4.166666667,,
3042029258,1434,1708,0,0,13.634072731,7201.618566619,1,4.166666667,,
3042031258,1436,1704,0,0,13.640830498,7203.618326118,1,4.166666667,,
3042033258,1428,1697,0,0,13.6426835,7205.618085618,1,4.166666667,,
3042035258,1436,1704,0,0,13.6426835,7207.617845118,1,4.166666667,,
3042037258,1435,1707,0,0,13.6426835,7209.617604618,1,4.166666667,,
3042039258,1433,1707,0,0,13.6426835,7211.617364117,1,4.166666667,,
3042041258,1436,1700,0,0,13.6426835,7213.617123617,1,4.166666667,,
3042043258,1436,1705,0,0,13.6426835,7215.616883117,1,4.166666667,,
3042045258,1435,1703,0,0,13.639957529,7217.616642617,1,4.166666667,,
3042047258,1436,1709,0,0,13.634219187,7219.616402116,1,4.166666667,,
3042049258,1438,1704,0,0,13.627776897,7221.616161616,1,4.166666667,,
3042051258,1445,1709,0,0,13.620240297,7223.615921116,1,4.166666667,,
3042053258,1448,1705,0,0,13.614721658,7225.615680616,1,4.166666667,,
3042055258,1440,1705,0,0,13.613739492,7227.615440115,1,4.166666667,,
3042057258,1438,1701,0,0,13.612684596,7229.615199615,1,4.166666667,,
3042059258,1449,1705,0,0,13.611378171,7231.614959115,1,4.166666667,,
3042061258,1432,1705,0,0,13.609593661,7233.614718615,1,4.166666667,,
3042063258,1436,1705,0,0,13.604889557,7235.614478114,1,4.166666667,,
3042065258,1431,1705,0,0,13.600454178,7237.614237614,1,4.166666667,,
3042067258,1441,1706,0,0,13.600454178,7239.613997114,1,4.166666667,,
3042069258,1436,1712,0,0,13.600454178,7241.613756614,1,4.166666667,,
3042071258,1437,1705,0,0,13.600454178,7243.613516114,1,4.166666667,,
3042073258,1436,1702,0,0,13.600454178,7245.613275613,1,4.166666667,,
3042075258,1438,1705,0,0,13.600454178,7247.613035113,1,4.166666667,,
3042077258,1436,1702,0,0,13.600454178,7249.612794613,1,4.166666667,,
3042079258,1425,1712,0,0,13.606432228,7251.612554113,1,4.166666667,,
3042081258,1428,1697,0,0,13.613845723,7253.612313612,1,4.166666667,,
3042083258,1432,1706,0,0,13.623651002,7255.612073112,1,4.166666667,,
3042085258,1432,1709,0,0,13.634373596,7257.611832612,1,4.166666667,,
3042087258,1427,1692,0,0,13.638242241,7259.611592112,1,4.166666667,,
3042089258,1427,1706,0,0,13.638242241,7261.611351611,1,4.166666667,,
3042091258,1436,1702,0,0,13.638242241,7263.611111111,1,4.166666667,,
3042093258,1431,1705,0,0,13.638242241,7265.610870611,1,4.166666667,,
3042095258,1431,1713,0,0,13.638242241,7267.610630111,1,4.166666667,,
3042097258,1436,1706,0,0,13.638242241,7269.61038961,1,4.166666667,,
3042099258,1431,1709,0,0,13.635436651,7271.61014911,1,4.166666667,,
3042101258,1430,1703,0,0,13.628214212,7273.60990861,1,4.166666667,,
3042103258,1436,1712,0,0,13.62040695,7275.60966811,1,4.166666667,,
3042105258,1438,1706,0,0,13.61126625,7277.609427609,1,4.166666667,,
3042107258,1436,1704,0,0,13.603898833,7279.609187109,1,4.166666667,,
3042109258,1446,1709,0,0,13.602771638,7281.608946609,1,4.166666667,,
3042111258,1440,1700,0,0,13.601588104,7283.608706109,1,4.166666667,,
3042113258,1444,1698,0,0,13.600051779,7285.608465608,1,4.166666667,,
3042115258,1436,1700,0,0,13.598526473,7287.608225108,1,4.166666667,,
3042117258,1433,1705,0,0,13.597193753,7289.607984608,1,4.166666667,,
3042119258,1437,1700,0,0,13.595861033,7291.607744108,1,4.166666667,,
3042121258,1436,1705,0,0,13.591895615,7293.607503608,1,4.166666667,,
3042123258,1437,1699,0,0,13.58785027,7295.607263107,1,4.166666667,,
3042125258,1436,1701,0,0,13.587392949,7297.607022607,1,4.166666667,,
3042127258,1438,1702,0,0,13.587392949,7299.606782107,1,4.166666667,,
3042129258,1436,1704,0,0,13.587306311,7301.606541607,1,4.166666667,,
3042131258,1446,1704,0,0,13.587198469,7303.606301106,1,4.166666667,,
3042133258,1440,1705,0,0,13.587168249,7305.606060606,1,4.166666667,,
3042135258,1436,1705,0,0,13.587168249,7307.605820106,1,4.166666667,,
3042137258,1436,1709,0,0,13.587168249,7309.605579606,1,4.166666667,,
3042139258,1436,1702,0,0,13.587168249,7311.605339105,1,4.166666667,,
3042141258,1436,1707,0,0,13.586748489,7313.605098605,1,4.166666667,,
3042143258,1436,1709,0,0,13.585988902,7315.604858105,1,4.166666667,,
3042145258,1443,1708,0,0,13.585585586,7317.604617605,1,4.166666667,,
3042147258,1441,1707,0,0,13.585585586,7319.604377104,1,4.166666667,,
3042149258,1438,1702,0,0,13.585585586,7321.604136604,1,4.166666667,,
3042151258,1436,1699,0,0,13.585585586,7323.603896104,1,4.166666667,,
3042153258,1439,1699,0,0,13.585585586,7325.603655604,1,4.166666667,,
3042155258,1446,1703,0,0,13.585585586,7327.603415103,1,4.166666667,,
3042157258,1444,1713,0,0,13.585372575,7329.603174603,1,4.166666667,,
3042159258,1440,1704,0,0,13.584396716,7331.602934103,1,4.166666667,,
3042161258,1436,1704,0,0,13.583472189,7333.602693603,1,4.166666667,,
3042163258,1439,1709,0,0,13.582877423,7335.602453102,1,4.166666667,,
3042165258,1436,1711,0,0,13.58213172,7337.602212602,1,4.166666667,,
3042167258,1436,1705,0,0,13.57858392,7339.601972102,1,4.166666667,,
3042169258,1440,1709,0,0,13.57503612,7341.601731602,1,4.166666667,,
3042171258,1440,1699,0,0,13.574920918,7343.601491101,1,4.166666667,,
3042173258,1440,1701,0,0,13.574920918,7345.601250601,1,4.166666667,,
3042175258,1437,1712,190,1,13.574920918,7347.601010101,1,4.166666667,7,2.398989899
3042177258,1424,1669,190,1,13.574920918,7349.600769601,1,4.166666667,,
3042179258,1419,1637,190,1,13.574920918,7351.600529101,1,4.166666667,,
3042181258,1416,1611,190,1,13.574920918,7353.6002886,1,4.166666667,,
3042183258,1410,1581,190,1,13.577008951,7355.6000481,1,4.166666667,,
3042185258,1403,1553,190,1,13.579922037,7357.5998076,1,4.166666667,,
3042187258,1408,1524,190,1,13.582474646,7359.5995671,1,4.166666667,,
3042189258,1404,1504,190,1,13.584818432,7361.599326599,1,4.166666667,,
3042191258,1399,1483,190,1,13.586039648,7363.599086099,1,4.166666667,,
3042193258,1395,1457,190,1,13.586340946,7365.598845599,1,4.166666667,,
3042195258,1392,1432,190,1,13.586510911,7367.598605099,1,4.166666667,,
3042197258,1371,1408,190,1,13.586530393,7369.598364598,1,4.166666667,,
3042199258,1384,1396,190,1,13.587018216,7371.598124098,1,4.166666667,,
3042201258,1387,1371,190,0,13.588262305,7373.597883598,1,4.166666667,,
3042203258,1369,1364,190,0,13.589396552,7375.597643098,1,4.166666667,,
3042205258,1371,1345,190,0,13.590273098,7377.597402597,1,4.166666667,,
3042207258,1368,1333,190,0,13.590981781,7379.597162097,1,4.166666667,,
3042209258,1367,1320,190,0,13.591078558,7381.596921597,1,4.166666667,,
3042211258,1358,1306,190,0,13.59126575,7383.596681097,1,4.166666667,,
3042213258,1354,1306,190,0,13.592049094,7385.596440596,1,4.166666667,,
3042215258,1348,1284,190,0,13.592912426,7387.596200096,1,4.166666667,,
3042217258,1359,1282,190,0,13.595358507,7389.595959596,1,4.166666667,,
3042219258,1352,1273,190,0,13.597804587,7391.595719096,1,4.166666667,,
3042221258,1354,1262,190,0,13.61053642,7393.595478595,1,4.166666667,,
3042223258,1352,1257,190,0,13.623646594,7395.595238095,1,4.166666667,,
3042225258,1348,1256,190,0,13.625627592,7397.594997595,1,4.166666667,,
3042227258,1345,1239,190,0,13.626104441,7399.594757095,1,4.166666667,,
3042229258,1344,1239,190,0,13.629045395,7401.594516595,1,4.166666667,,
3042231258,1336,1231,190,0,13.632612595,7403.594276094,1,4.166666667,,
3042233258,1338,1226,190,0,13.636327572,7405.594035594,1,4.166666667,,
3042235258,1340,1227,190,0,13.64010181,7407.593795094,1,4.166666667,,
3042237258,1344,1219,190,0,13.64237471,7409.593554594,1,4.166666667,,
3042239258,1333,1218,190,0,13.643766576,7411.593314093,1,4.166666667,,
3042241258,1336,1215,190,0,13.647207583,7413.593073593,1,4.166666667,,
3042243258,1336,1213,190,0,13.652348318,7415.592833093,1,4.166666667,,
3042245258,1341,1205,190,0,13.657299057,7417.592592593,1,4.166666667,,
3042247258,1345,1205,190,0,13.662029448,7419.592352092,1,4.166666667,,
3042249258,1342,1197,190,0,13.666909347,7421.592111592,1,4.166666667,,
3042251258,1336,1198,190,0,13.672033764,7423.591871092,1,4.166666667,,
3042253258,1334,1203,190,0,13.680016026,7425.591630592,1,4.166666667,,
3042255258,1339,1199,190,0,13.694800195,7427.591390091,1,4.166666667,,
3042257258,1333,1190,190,0,13.709190158,7429.591149591,1,4.166666667,,
3042259258,1336,1188,190,0,13.722117208,7431.590909091,1,4.166666667,,
3042261258,1333,1187,190,0,13.735760132,7433.590668591,1,4.166666667,,
3042263258,1331,1179,190,0,13.754250262,7435.59042809,1,4.166666667,,
3042265258,1331,1188,190,0,13.77264882,7437.59018759,1,4.166666667,,
3042267258,1324,1184,190,0,13.789108463,7439.58994709,1,4.166666667,,
3042269258,1326,1183,190,0,13.805568107,7441.58970659,1,4.166666667,,
3042271258,1336,1188,190,0,13.826262371,7443.589466089,1,4.166666667,,
3042273258,1328,1188,190,0,13.847126126,7445.589225589,1,4.166666667,,
3042275258,1330,1186,190,0,13.867774942,7447.588985089,1,4.166666667,,
3042277258,1332,1179,190,0,13.888393874,7449.588744589,1,4.166666667,,
3042279258,1329,1178,190,0,13.906437321,7451.588504089,1,4.166666667,,
3042281258,1326,1174,190,0,13.923813988,7453.588263588,1,4.166666667,,
3042283258,1328,1170,190,0,13.94740605,7455.588023088,1,4.166666667,,
3042285258,1331,1171,190,0,13.973527388,7457.587782588,1,4.166666667,,
3042287258,1323,1172,190,0,13.994395728,7459.587542088,1,4.166666667,,
3042289258,1332,1175,190,0,14.012141479,7461.587301587,1,4.166666667,,
3042291258,1332,1167,190,0,14.037322771,7463.587061087,1,4.166666667,,
3042293258,1332,1167,190,0,14.068746955,7465.586820587,1,4.166666667,,
3042295258,1326,1167,190,0,14.094829354,7467.586580087,1,4.166666667,,
3042297258,1326,1172,190,0,14.114641266,7469.586339586,1,4.166666667,,
3042299258,1331,1167,190,0,14.140191277,7471.586099086,1,4.166666667,,
3042301258,1324,1164,190,0,14.175246733,7473.585858586,1,4.166666667,,
3042303258,1319,1161,190,0,14.206953184,7475.585618086,1,4.166666667,,
3042305258,1328,1167,190,0,14.230572511,7477.585377585,1,4.166666667,,
3042307258,1326,1167,190,0,14.255514401,7479.585137085,1,4.166666667,,
3042309258,1320,1165,190,0,14.285453907,7481.584896585,1,4.166666667,,
3042311258,1322,1158,190,0,14.31845593,7483.584656085,1,4.166666667,,
3042313258,1319,1163,190,0,14.372763692,7485.584415584,1,4.166666667,,
3042315258,1319,1165,190,0,14.428031277,7487.584175084,1,4.166666667,,
3042317258,1323,1165,190,0,14.50514166,7489.583934584,1,4.166666667,,
3042319258,1324,1162,190,0,14.582252043,7491.583694084,1,4.166666667,,
3042321258,1320,1154,190,0,14.642534895,7493.583453583,1,4.166666667,,
3042323258,1308,1155,190,0,14.702089329,7495.583213083,1,4.166666667,,
3042325258,1319,1155,190,0,14.792068103,7497.582972583,1,4.166666667,,
3042327258,1317,1164,190,0,14.886396199,7499.582732083,1,4.166666667,,
3042329258,1320,1167,190,0,14.986506296,7501.582491582,1,4.166666667,,
3042331258,1310,1154,190,0,15.08814098,7503.582251082,1,4.166666667,,
3042333258,1312,1154,190,0,15.20767812,7505.582010582,1,4.166666667,,
3042335258,1304,1153,190,0,15.33460744,7507.581770082,1,4.166666667,,
3042337258,1295,1155,190,0,15.476278858,7509.581529582,1,4.166666667,,
3042339258,1307,1154,190,0,15.626826781,7511.581289081,1,4.166666667,,
3042341258,1294,1156,190,0,15.801858647,7513.581048581,1,4.166666667,,
3042343258,1286,1143,190,0,15.997697781,7515.580808081,1,4.166666667,,
3042345258,1290,1145,190,0,16.21211736,7517.580567581,1,4.166666667,,
3042347258,1278,1146,190,0,16.448613443,7519.58032708,1,4.166666667,,
3042349258,1272,1141,190,0,16.720096352,7521.58008658,1,4.166666667,,
3042351258,1268,1129,190,0,17.050285017,7523.57984608,1,4.166666667,,
3042353258,1256,1133,190,0,17.425739524,7525.57960558,1,4.166666667,,
3042355258,1256,1128,190,0,17.912104738,7527.579365079,1,4.166666667,,
3042357258,1244,1125,190,0,18.419830913,7529.579124579,1,4.166666667,,
3042359258,1236,1128,190,0,19.009762539,7531.578884079,1,4.166666667,,
3042361258,1227,1124,190,0,19.738701995,7533.578643579,1,4.166666667,,
3042363258,1207,1155,190,0,21.461819993,7535.578403078,1,4.166666667,,
3042365258,1183,1291,190,0,23.119138558,7537.578162578,1,4.166666667,,
3042367258,1187,1355,190,0,23.158803343,7539.577922078,1,4.166666667,,
3042369258,1179,1371,190,0,23.198468128,7541.577681578,1,4.166666667,,
3042371258,1177,1371,190,0,23.200233128,7543.577441077,1,4.166666667,,
3042373258,1179,1371,190,0,23.200233128,7545.577200577,1,4.166666667,,
3042375258,1172,1387,190,0,23.200233128,7547.576960077,1,4.166666667,,
3042377258,1177,1390,190,0,23.200233128,7549.576719577,1,4.166666667,,
3042379258,1168,1396,190,0,23.204368925,7551.576479076,1,4.166666667,,
3042381258,1171,1393,190,0,23.209615172,7553.576238576,1,4.166666667,,
3042383258,1169,1399,190,0,23.211164124,7555.575998076,1,4.166666667,,
3042385258,1171,1386,190,0,23.211164124,7557.575757576,1,4.166666667,,
3042387258,1163,1386,190,0,23.200975842,7559.575517076,1,4.166666667,,
3042389258,1162,1371,190,0,23.18457399,7561.575276575,1,4.166666667,,
3042391258,1159,1389,190,0,23.175100913,7563.575036075,1,4.166666667,,
3042393258,1156,1389,190,0,23.171587822,7565.574795575,1,4.166666667,,
3042395258,1159,1371,190,0,23.16966967,7567.574555075,1,4.166666667,,
3042397258,1165,1384,190,0,23.16966967,7569.574314574,1,4.166666667,,
3042399258,1160,1389,190,0,23.170970971,7571.574074074,1,4.166666667,,
3042401258,1155,1371,190,0,23.174484062,7573.573833574,1,4.166666667,,
3042403258,1155,1385,190,0,23.18169405,7575.573593074,1,4.166666667,,
3042405258,1154,1371,190,0,23.198095902,7577.573352573,1,4.166666667,,
3042407258,1159,1371,190,0,23.211790092,7579.573112073,1,4.166666667,,
3042409258,1163,1385,190,0,23.214869926,7581.572871573,1,4.166666667,,
3042411258,1162,1389,190,0,23.218825069,7583.572631073,1,4.166666667,,
3042413258,1158,1397,190,0,23.22921967,7585.572390572,1,4.166666667,,
3042415258,1163,1386,190,0,23.239239239,7587.572150072,1,4.166666667,,
3042417258,1151,1388,190,0,23.239239239,7589.571909572,1,4.166666667,,
3042419258,1163,1388,190,0,23.239239239,7591.571669072,1,4.166666667,,
3042421258,1159,1388,190,0,23.239239239,7593.571428571,1,4.166666667,,
3042423258,1163,1371,190,0,23.239239239,7595.571188071,1,4.166666667,,
3042425258,1157,1371,0,0,23.23020725,7597.570947571,1,4.166666667,,
3042427258,1179,1419,0,0,23.21981265,7599.570707071,1,4.166666667,,
3042429258,1196,1440,0,0,23.217581218,7601.57046657,1,4.166666667,,
3042431258,1218,1465,0,0,23.217581218,7603.57022607,1,4.166666667,,
3042433258,1234,1480,0,0,23.226745124,7605.56998557,1,4.166666667,,
3042435258,1256,1502,0,0,23.239803886,7607.56974507,1,4.166666667,,
3042437258,1270,1514,0,0,23.244790245,7609.56950457,1,4.166666667,,
3042439258,1280,1537,0,0,23.244790245,7611.569264069,1,4.166666667,,
3042441258,1300,1548,0,0,23.244790245,7613.569023569,1,4.166666667,,
3042443258,1312,1561,0,0,23.244790245,7615.568783069,1,4.166666667,,
3042445258,1316,1565,0,0,23.24906411,7617.568542569,1,4.166666667,,
3042447258,1332,1581,0,0,23.258540695,7619.568302068,1,4.166666667,,
3042449258,1325,1589,0,0,23.265705602,7621.568061568,1,4.166666667,,
3042451258,1348,1595,0,0,23.26889034,7623.567821068,1,4.166666667,,
3042453258,1355,1613,0,0,23.271171171,7625.567580568,1,4.166666667,,
3042455258,1359,1618,0,0,23.271171171,7627.567340067,1,4.166666667,,
3042457258,1366,1628,0,0,23.271171171,7629.567099567,1,4.166666667,,
3042459258,1371,1628,0,0,23.271171171,7631.566859067,1,4.166666667,,
3042461258,1385,1641,0,0,23.271171171,7633.566618567,1,4.166666667,,
3042463258,1371,1656,0,0,23.271171171,7635.566378066,1,4.166666667,,
3042465258,1392,1656,0,0,23.271043976,7637.566137566,1,4.166666667,,
3042467258,1404,1656,0,0,23.267198066,7639.565897066,1,4.166666667,,
3042469258,1408,1653,0,0,23.263352156,7641.565656566,1,4.166666667,,
3042471258,1409,1673,0,0,23.263157895,7643.565416065,1,4.166666667,,
3042473258,1411,1666,0,0,23.263157895,7645.565175565,1,4.166666667,,
3042475258,1418,1672,0,0,23.263157895,7647.564935065,1,4.166666667,,
3042477258,1416,1673,0,0,23.263157895,7649.564694565,1,4.166666667,,
3042479258,1423,1679,0,0,23.263157895,7651.564454064,1,4.166666667,,
3042481258,1425,1687,0,0,23.263157895,7653.564213564,1,4.166666667,,
3042483258,1427,1685,0,0,23.271366533,7655.563973064,1,4.166666667,,
3042485258,1428,1690,0,0,23.283114353,7657.563732564,1,4.166666667,,
3042487258,1432,1692,0,0,23.287635462,7659.563492063,1,4.166666667,,
3042489258,1437,1690,0,0,23.287635462,7661.563251563,1,4.166666667,,
3042491258,1428,1694,0,0,23.287635462,7663.563011063,1,4.166666667,,
3042493258,1436,1693,0,0,23.287635462,7665.562770563,1,4.166666667,,
3042495258,1436,1697,0,0,23.287635462,7667.562530063,1,4.166666667,,
3042497258,1444,1692,0,0,23.287635462,7669.562289562,1,4.166666667,,
3042499258,1441,1699,0,0,23.28541823,7671.562049062,1,4.166666667,,
3042501258,1449,1700,0,0,23.27933365,7673.561808562,1,4.166666667,,
3042503258,1449,1703,0,0,23.266404752,7675.561568062,1,4.166666667,,
3042505258,1452,1706,0,0,23.235947367,7677.561327561,1,4.166666667,,
3042507258,1452,1692,0,0,22.971027676,7679.561087061,1,4.166666667,,
3042509258,1448,1701,0,0,21.751817804,7681.560846561,1,4.166666667,,
3042511258,1453,1697,0,0,20.623259623,7683.560606061,1,4.166666667,,
3042513258,1451,1696,0,0,20.201688702,7685.56036556,1,4.166666667,,
3042515258,1452,1697,0,0,19.778474723,7687.56012506,1,4.166666667,,
3042517258,1451,1696,0,0,19.302255719,7689.55988456,1,4.166666667,,
3042519258,1453,1697,0,0,18.826036715,7691.55964406,1,4.166666667,,
3042521258,1457,1693,0,0,18.299745943,7693.559403559,1,4.166666667,,
3042523258,1460,1697,0,0,17.770623922,7695.559163059,1,4.166666667,,
3042525258,1449,1697,0,0,17.185945304,7697.558922559,1,4.166666667,,
3042527258,1458,1694,0,0,16.592439575,7699.558682059,1,4.166666667,,
3042529258,1461,1707,0,0,15.927529088,7701.558441558,1,4.166666667,,
3042531258,1457,1696,0,0,15.242398271,7703.558201058,1,4.166666667,,
3042533258,1452,1703,0,0,15.033933934,7705.557960558,1,4.166666667,,
3042535258,1461,1704,0,0,15.033933934,7707.557720058,1,4.166666667,,
3042537258,1461,1694,0,0,15.033933934,7709.557479557,1,4.166666667,,
3042539258,1460,1717,0,0,15.033933934,7711.557239057,1,4.166666667,,
3042541258,1473,1705,0,0,15.033933934,7713.556998557,1,4.166666667,,
3042543258,1468,1700,0,0,15.033933934,7715.556758057,1,4.166666667,,
3042545258,1436,1700,0,0,15.040575058,7717.556517557,1,4.166666667,,
3042547258,1441,1706,0,0,15.055499638,7719.556277056,1,4.166666667,,
3042549258,1444,1702,0,0,15.065030548,7721.556036556,1,4.166666667,,
3042551258,1449,1701,0,0,15.065030548,7723.555796056,1,4.166666667,,
3042553258,1444,1701,0,0,15.065030548,7725.555555556,1,4.166666667,,
3042555258,1446,1704,0,0,15.065030548,7727.555315055,1,4.166666667,,
3042557258,1444,1703,0,0,15.065030548,7729.555074555,1,4.166666667,,
3042559258,1448,1705,0,0,15.065030548,7731.554834055,1,4.166666667,,
3042561258,1441,1700,0,0,15.05844773,7733.554593555,1,4.166666667,,
3042563258,1441,1697,0,0,14.998951934,7735.554353054,1,4.166666667,,
3042565258,1449,1714,0,0,14.939179439,7737.554112554,1,4.166666667,,
3042567258,1447,1701,0,0,14.869458094,7739.553872054,1,4.166666667,,
3042569258,1444,1710,0,0,14.79973675,7741.553631554,1,4.166666667,,
3042571258,1446,1705,0,0,14.795795796,7743.553391053,1,4.166666667,,
3042573258,1445,1709,0,0,14.795795796,7745.553150553,1,4.166666667,,
3042575258,1444,1702,0,0,14.795795796,7747.552910053,1,4.166666667,,
3042577258,1447,1700,0,0,14.795795796,7749.552669553,1,4.166666667,,
3042579258,1447,1701,0,0,14.795795796,7751.552429052,1,4.166666667,,
3042581258,1449,1706,0,0,14.795795796,7753.552188552,1,4.166666667,,
3042583258,1456,1705,0,0,14.947641877,7755.551948052,1,4.166666667,,
3042585258,1446,1701,0,0,15.166843295,7757.551707552,1,4.166666667,,
3042587258,1452,1701,0,0,15.294522257,7759.551467051,1,4.166666667,,
3042589258,1456,1705,0,0,15.363475063,7761.551226551,1,4.166666667,,
3042591258,1450,1709,0,0,15.396189293,7763.550986051,1,4.166666667,,
3042593258,1450,1703,0,0,15.396189293,7765.550745551,1,4.166666667,,
3042595258,1458,1702,0,0,15.396189293,7767.550505051,1,4.166666667,,
3042597258,1461,1704,0,0,15.396189293,7769.55026455,1,4.166666667,,
3042599258,1454,1705,0,0,15.396189293,7771.55002405,1,4.166666667,,
3042601258,1447,1705,0,0,15.396189293,7773.54978355,1,4.166666667,,
3042603258,1460,1703,0,0,15.337598682,7775.54954305,1,4.166666667,,
3042605258,1453,1701,0,0,15.1243904,7777.549302549,1,4.166666667,,
3042607258,1450,1701,0,0,14.949340656,7779.549062049,1,4.166666667,,
3042609258,1454,1709,0,0,14.935684725,7781.548821549,1,4.166666667,,
3042611258,1453,1705,0,0,14.921236003,7783.548581049,1,4.166666667,,
3042613258,1454,1704,0,0,14.900214637,7785.548340548,1,4.166666667,,
3042615258,1452,1709,0,0,14.878783337,7787.548100048,1,4.166666667,,
3042617258,1454,1709,0,0,14.840718984,7789.547859548,1,4.166666667,,
3042619258,1449,1703,0,0,14.802654632,7791.547619048,1,4.166666667,,
3042621258,1456,1707,0,0,14.747440322,7793.547378547,1,4.166666667,,
3042623258,1451,1710,0,0,14.691140433,7795.547138047,1,4.166666667,,
3042625258,1450,1702,0,0,14.683083083,7797.546897547,1,4.166666667,,
3042627258,1456,1705,0,0,14.683083083,7799.546657047,1,4.166666667,,
3042629258,1452,1701,0,0,14.623851569,7801.546416546,1,4.166666667,,
3042631258,1444,1709,0,0,14.547255917,7803.546176046,1,4.166666667,,
3042633258,1453,1704,0,0,14.460639422,7805.545935546,1,4.166666667,,
3042635258,1459,1707,0,0,14.36951486,7807.545695046,1,4.166666667,,
3042637258,1451,1704,0,0,14.302759753,7809.545454545,1,4.166666667,,
3042639258,1448,1708,0,0,14.251839957,7811.545214045,1,4.166666667,,
3042641258,1449,1702,0,0,14.190947205,7813.544973545,1,4.166666667,,
3042643258,1451,1705,0,0,14.120942226,7815.544733045,1,4.166666667,,
3042645258,1456,1710,0,0,14.06116266,7817.544492544,1,4.166666667,,
3042647258,1443,1701,0,0,14.014452015,7819.544252044,1,4.166666667,,
3042649258,1450,1708,0,0,13.969429563,7821.544011544,1,4.166666667,,
3042651258,1454,1704,0,0,13.927469282,7823.543771044,1,4.166666667,,
3042653258,1449,1696,0,0,13.875968958,7825.543530544,1,4.166666667,,
3042655258,1454,1701,0,0,13.798908915,7827.543290043,1,4.166666667,,
3042657258,1451,1707,0,0,13.736352657,7829.543049543,1,4.166666667,,
3042659258,1459,1706,0,0,13.736352657,7831.542809043,1,4.166666667,,
3042661258,1450,1705,0,0,13.736352657,7833.542568543,1,4.166666667,,
3042663258,1453,1703,0,0,13.736352657,7835.542328042,1,4.166666667,,
3042665258,1453,1710,0,0,13.736352657,7837.542087542,1,4.166666667,,
3042667258,1456,1705,0,0,13.736352657,7839.541847042,1,4.166666667,,
3042669258,1451,1706,0,0,13.736352657,7841.541606542,1,4.166666667,,
3042671258,1451,1706,0,0,13.839983778,7843.541366041,1,4.166666667,,
3042673258,1449,1707,0,0,13.950528072,7845.541125541,1,4.166666667,,
3042675258,1452,1704,0,0,14.048170413,7847.540885041,1,4.166666667,,
3042677258,1449,1704,0,0,14.143604884,7849.540644541,1,4.166666667,,
3042679258,1454,1705,0,0,14.182046053,7851.54040404,1,4.166666667,,
3042681258,1449,1704,0,0,14.203491563,7853.54016354,1,4.166666667,,
3042683258,1461,1707,0,0,14.217687585,7855.53992304,1,4.166666667,,
3042685258,1452,1706,0,0,14.228576267,7857.53968254,1,4.166666667,,
3042687258,1448,1705,0,0,14.2483004,7859.539442039,1,4.166666667,,
3042689258,1448,1701,0,0,14.273838489,7861.539201539,1,4.166666667,,
3042691258,1453,1706,0,0,14.31432358,7863.538961039,1,4.166666667,,
3042693258,1450,1710,0,0,14.368631188,7865.538720539,1,4.166666667,,
3042695258,1450,1713,0,0,14.408426224,7867.538480038,1,4.166666667,,
3042697258,1450,1702,0,0,14.429444994,7869.538239538,1,4.166666667,,
3042699258,1452,1701,0,0,14.444833717,7871.537999038,1,4.166666667,,
3042701258,1451,1703,0,0,14.449875067,7873.537758538,1,4.166666667,,
3042703258,1452,1705,0,0,14.453561346,7875.537518038,1,4.166666667,,
3042705258,1448,1709,0,0,14.453561346,7877.537277537,1,4.166666667,,
3042707258,1456,1708,0,0,14.453561346,7879.537037037,1,4.166666667,,
3042709258,1452,1705,0,0,14.453561346,7881.536796537,1,4.166666667,,
3042711258,1448,1700,0,0,14.453561346,7883.536556037,1,4.166666667,,
3042713258,1454,1703,0,0,14.453561346,7885.536315536,1,4.166666667,,
3042715258,1452,1705,0,0,14.453119558,7887.536075036,1,4.166666667,,
3042717258,1448,1710,0,0,14.428629804,7889.535834536,1,4.166666667,,
3042719258,1448,1707,0,0,14.404140049,7891.535594036,1,4.166666667,,
3042721258,1456,1704,0,0,14.379118017,7893.535353535,1,4.166666667,,
3042723258,1452,1709,0,0,14.354058649,7895.535113035,1,4.166666667,,
3042725258,1452,1701,0,0,14.327692514,7897.534872535,1,4.166666667,,
3042727258,1449,1701,0,0,14.301097348,7899.534632035,1,4.166666667,,
3042729258,1450,1709,0,0,14.280100075,7901.534391534,1,4.166666667,,
3042731258,1447,1707,0,0,14.260800595,7903.534151034,1,4.166666667,,
3042733258,1457,1701,0,0,14.240221057,7905.533910534,1,4.166666667,,
3042735258,1460,1701,0,0,14.219049337,7907.533670034,1,4.166666667,,
3042737258,1453,1694,0,0,14.19128576,7909.533429533,1,4.166666667,,
3042739258,1450,1706,0,0,14.159129814,7911.533189033,1,4.166666667,,
3042741258,1456,1703,0,0,14.127948835,7913.532948533,1,4.166666667,,
3042743258,1456,1709,0,0,14.097680399,7915.532708033,1,4.166666667,,
3042745258,1448,1694,0,0,14.058793998,7917.532467532,1,4.166666667,,
3042747258,1457,1702,0,0,14.008620457,7919.532227032,1,4.166666667,,
3042749258,1452,1701,0,0,13.960296166,7921.531986532,1,4.166666667,,
3042751258,1452,1704,0,0,13.915415748,7923.531746032,1,4.166666667,,
3042753258,1454,1708,0,0,13.860601019,7925.531505532,1,4.166666667,,
3042755258,1453,1709,0,0,13.77834332,7927.531265031,1,4.166666667,,
3042757258,1457,1702,0,0,13.708951401,7929.531024531,1,4.166666667,,
3042759258,1457,1705,0,0,13.697306879,7931.530784031,1,4.166666667,,
3042761258,1456,1708,0,0,13.686810705,7933.530543531,1,4.166666667,,
3042763258,1459,1710,0,0,13.686810705,7935.53030303,1,4.166666667,,
3042765258,1457,1708,0,0,13.686810705,7937.53006253,1,4.166666667,,
3042767258,1450,1703,0,0,13.686810705,7939.52982203,1,4.166666667,,
3042769258,1457,1706,0,0,13.686810705,7941.52958153,1,4.166666667,,
3042771258,1457,1706,0,0,13.686810705,7943.529341029,1,4.166666667,,
3042773258,1453,1707,0,0,13.686810705,7945.529100529,1,4.166666667,,
3042775258,1452,1704,0,0,13.782138847,7947.528860029,1,4.166666667,,
3042777258,1449,1699,0,0,13.894571969,7949.528619529,1,4.166666667,,
3042779258,1456,1707,0,0,13.95198986,7951.528379028,1,4.166666667,,
3042781258,1449,1701,0,0,13.992440032,7953.528138528,1,4.166666667,,
3042783258,1461,1699,0,0,14.03708366,7955.527898028,1,4.166666667,,
3042785258,1453,1707,0,0,14.08369436,7957.527657528,1,4.166666667,,
3042787258,1461,1704,0,0,14.112686106,7959.527417027,1,4.166666667,,
3042789258,1448,1701,0,0,14.129789937,7961.527176527,1,4.166666667,,
3042791258,1452,1693,0,0,14.150694537,7963.526936027,1,4.166666667,,
3042793258,1463,1702,0,0,14.175199631,7965.526695527,1,4.166666667,,
3042795258,1453,1710,0,0,14.189168861,7967.526455026,1,4.166666667,,
3042797258,1451,1701,0,0,14.189168861,7969.526214526,1,4.166666667,,
3042799258,1456,1704,0,0,14.189168861,7971.525974026,1,4.166666667,,
3042801258,1454,1712,0,0,14.189168861,7973.525733526,1,4.166666667,,
3042803258,1459,1709,0,0,14.189168861,7975.525493025,1,4.166666667,,
3042805258,1454,1706,0,0,14.189168861,7977.525252525,1,4.166666667,,
3042807258,1454,1700,0,0,14.183728908,7979.525012025,1,4.166666667,,
3042809258,1457,1704,0,0,14.153371054,7981.524771525,1,4.166666667,,
3042811258,1456,1703,0,0,14.124431954,7983.524531025,1,4.166666667,,
3042813258,1461,1696,0,0,14.108913018,7985.524290524,1,4.166666667,,
3042815258,1459,1705,0,0,14.093108606,7987.524050024,1,4.166666667,,
3042817258,1464,1702,0,0,14.053852252,7989.523809524,1,4.166666667,,
3042819258,1457,1704,0,0,14.014595898,7991.523569024,1,4.166666667,,
3042821258,1462,1705,0,0,13.961038045,7993.523328523,1,4.166666667,,
3042823258,1468,1701,0,0,13.906377938,7995.523088023,1,4.166666667,,
3042825258,1457,1706,0,0,13.872442057,7997.522847523,1,4.166666667,,
3042827258,1453,1702,0,0,13.842311763,7999.522607023,1,4.166666667,,
3042829258,1456,1707,0,0,13.822345244,8001.522366522,1,4.166666667,,
3042831258,1461,1709,0,0,13.805565943,8003.522126022,1,4.166666667,,
3042833258,1461,1697,0,0,13.776281421,8005.521885522,1,4.166666667,,
3042835258,1461,1701,0,0,13.74104943,8007.521645022,1,4.166666667,,
3042837258,1461,1708,0,0,13.722501253,8009.521404521,1,4.166666667,,
3042839258,1464,1705,0,0,13.71535143,8011.521164021,1,4.166666667,,
3042841258,1469,1707,0,0,13.709610041,8013.520923521,1,4.166666667,,
3042843258,1466,1709,0,0,13.705219023,8015.520683021,1,4.166666667,,
3042845258,1461,1704,0,0,13.702702703,8017.52044252,1,4.166666667,,
3042847258,1467,1709,0,0,13.702702703,8019.52020202,1,4.166666667,,
3042849258,1457,1697,0,0,13.704210382,8021.51996152,1,4.166666667,,
3042851258,1461,1707,0,0,13.708601401,8023.51972102,1,4.166666667,,
3042853258,1460,1709,0,0,13.713709077,8025.519480519,1,4.166666667,,
3042855258,1461,1705,0,0,13.7208589,8027.519240019,1,4.166666667,,
3042857258,1466,1703,0,0,13.728867422,8029.518999519,1,4.166666667,,
3042859258,1462,1701,0,0,13.740891025,8031.518759019,1,4.166666667,,
3042861258,1466,1701,0,0,13.758100451,8033.518518519,1,4.166666667,,
3042863258,1462,1703,0,0,13.826124213,8035.518278018,1,4.166666667,,
3042865258,1462,1703,0,0,13.893805892,8037.518037518,1,4.166666667,,
3042867258,1460,1707,0,0,13.923904108,8039.517797018,1,4.166666667,,
3042869258,1461,1706,0,0,13.954002325,8041.517556518,1,4.166666667,,
3042871258,1461,1702,0,0,13.962019946,8043.517316017,1,4.166666667,,
3042873258,1462,1702,0,0,13.968258494,8045.517075517,1,4.166666667,,
3042875258,1463,1702,0,0,13.97196465,8047.516835017,1,4.166666667,,
3042877258,1466,1703,0,0,13.975195079,8049.516594517,1,4.166666667,,
3042879258,1464,1704,0,0,13.996074081,8051.516354016,1,4.166666667,,
3042881258,1467,1710,0,0,14.022579353,8053.516113516,1,4.166666667,,
3042883258,1462,1701,0,0,14.038047392,8055.515873016,1,4.166666667,,
3042885258,1465,1703,0,0,14.048193558,8057.515632516,1,4.166666667,,
3042887258,1465,1699,0,0,14.052342321,8059.515392015,1,4.166666667,,
3042889258,1463,1701,0,0,14.052342321,8061.515151515,1,4.166666667,,
3042891258,1462,1706,0,0,14.052342321,8063.514911015,1,4.166666667,,
3042893258,1459,1704,0,0,14.052342321,8065.514670515,1,4.166666667,,
3042895258,1463,1707,0,0,14.052342321,8067.514430014,1,4.166666667,,
3042897258,1468,1704,0,0,14.052342321,8069.514189514,1,4.166666667,,
3042899258,1464,1704,0,0,14.037869786,8071.513949014,1,4.166666667,,
3042901258,1465,1699,0,0,13.995347128,8073.513708514,1,4.166666667,,
3042903258,1461,1705,0,0,13.949538776,8075.513468013,1,4.166666667,,
3042905258,1466,1705,0,0,13.894219611,8077.513227513,1,4.166666667,,
3042907258,1463,1705,0,0,13.84155575,8079.512987013,1,4.166666667,,
3042909258,1467,1696,0,0,13.801569114,8081.512746513,1,4.166666667,,
3042911258,1464,1707,0,0,13.761347019,8083.512506013,1,4.166666667,,
3042913258,1466,1701,0,0,13.718732408,8085.512265512,1,4.166666667,,
3042915258,1459,1705,0,0,13.676290291,8087.512025012,1,4.166666667,,
3042917258,1465,1705,0,0,13.66236139,8089.511784512,1,4.166666667,,
3042919258,1469,1700,0,0,13.64843249,8091.511544012,1,4.166666667,,
3042921258,1469,1695,0,0,13.647352016,8093.511303511,1,4.166666667,,
3042923258,1462,1706,0,0,13.647352016,8095.511063011,1,4.166666667,,
3042925258,1462,1700,0,0,13.647352016,8097.510822511,1,4.166666667,,
3042927258,1461,1709,0,0,13.647352016,8099.510582011,1,4.166666667,,
3042929258,1464,1709,0,0,13.647352016,8101.51034151,1,4.166666667,,
3042931258,1460,1705,0,0,13.647352016,8103.51010101,1,4.166666667,,
3042933258,1460,1706,0,0,13.679702793,8105.50986051,1,4.166666667,,
3042935258,1465,1705,0,0,13.727866932,8107.50962001,1,4.166666667,,
3042937258,1461,1705,0,0,13.758849073,8109.509379509,1,4.166666667,,
3042939258,1464,1703,0,0,13.777796787,8111.509139009,1,4.166666667,,
3042941258,1469,1694,0,0,13.788013059,8113.508898509,1,4.166666667,,
3042943258,1464,1707,0,0,13.789653993,8115.508658009,1,4.166666667,,
3042945258,1464,1704,0,0,13.790702059,8117.508417508,1,4.166666667,,
3042947258,1459,1712,0,0,13.790934507,8119.508177008,1,4.166666667,,
3042949258,1456,1705,0,0,13.793350507,8121.507936508,1,4.166666667,,
3042951258,1466,1701,0,0,13.800055765,8123.507696008,1,4.166666667,,
3042953258,1457,1707,0,0,13.805223919,8125.507455507,1,4.166666667,,
3042955258,1458,1701,0,0,13.805871819,8127.507215007,1,4.166666667,,
3042957258,1463,1707,0,0,13.806409463,8129.506974507,1,4.166666667,,
3042959258,1465,1712,0,0,13.806409463,8131.506734007,1,4.166666667,,
3042961258,1464,1706,0,0,13.806409463,8133.506493506,1,4.166666667,,
3042963258,1461,1701,0,0,13.806409463,8135.506253006,1,4.166666667,,
3042965258,1461,1708,0,0,13.806409463,8137.506012506,1,4.166666667,,
3042967258,1459,1708,0,0,13.806409463,8139.505772006,1,4.166666667,,
3042969258,1461,1703,0,0,13.806409463,8141.505531506,1,4.166666667,,
3042971258,1464,1703,0,0,13.805412911,8143.505291005,1,4.166666667,,
3042973258,1465,1700,0,0,13.804329022,8145.505050505,1,4.166666667,,
3042975258,1466,1703,0,0,13.794231268,8147.504810005,1,4.166666667,,
3042977258,1461,1708,0,0,13.782363165,8149.504569505,1,4.166666667,,
3042979258,1461,1709,0,0,13.768838809,8151.504329004,1,4.166666667,,
3042981258,1462,1705,0,0,13.754768989,8153.504088504,1,4.166666667,,
3042983258,1462,1708,0,0,13.749278103,8155.503848004,1,4.166666667,,
3042985258,1461,1710,0,0,13.748038111,8157.503607504,1,4.166666667,,
3042987258,1464,1705,0,0,13.724176832,8159.503367003,1,4.166666667,,
3042989258,1461,1692,0,0,13.684273735,8161.503126503,1,4.166666667,,
3042991258,1463,1705,0,0,13.658129204,8163.502886003,1,4.166666667,,
3042993258,1463,1702,0,0,13.645660752,8165.502645503,1,4.166666667,,
3042995258,1464,1709,0,0,13.632112411,8167.502405002,1,4.166666667,,
3042997258,1467,1704,0,0,13.617059991,8169.502164502,1,4.166666667,,
3042999258,1460,1706,0,0,13.60704013,8171.501924002,1,4.166666667,,
3043001258,1464,1697,0,0,13.60704013,8173.501683502,1,4.166666667,,
3043003258,1464,1705,0,0,13.60704013,8175.501443001,1,4.166666667,,
3043005258,1460,1704,0,0,13.60704013,8177.501202501,1,4.166666667,,
3043007258,1461,1702,0,0,13.60704013,8179.500962001,1,4.166666667,,
3043009258,1462,1696,0,0,13.60704013,8181.500721501,1,4.166666667,,
3043011258,1457,1706,0,0,13.609056271,8183.500481,1,4.166666667,,
3043013258,1469,1700,0,0,13.633177437,8185.5002405,1,4.166666667,,
3043015258,1461,1705,0,0,13.657298603,8187.5,1,4.166666667,,
3043017258,1460,1709,0,0,13.679609135,8189.4997595,1,4.166666667,,
3043019258,1459,1704,0,0,13.701919666,8191.499519,1,4.166666667,,
3043021258,1464,1703,0,0,13.718661051,8193.499278499,1,4.166666667,,
3043023258,1461,1703,0,0,13.734894489,8195.499037999,1,4.166666667,,
3043025258,1456,1707,0,0,13.737608196,8197.498797499,1,4.166666667,,
3043027258,1462,1705,0,0,13.737608196,8199.498556999,1,4.166666667,,
3043029258,1457,1706,0,0,13.737608196,8201.498316498,1,4.166666667,,
3043031258,1465,1700,0,0,13.737608196,8203.498075998,1,4.166666667,,
3043033258,1456,1701,0,0,13.737608196,8205.497835498,1,4.166666667,,
3043035258,1451,1694,0,0,13.737608196,8207.497594998,1,4.166666667,,
3043037258,1462,1703,0,0,13.735954259,8209.497354497,1,4.166666667,,
3043039258,1460,1699,0,0,13.733112836,8211.497113997,1,4.166666667,,
3043041258,1461,1701,0,0,13.723183405,8213.496873497,1,4.166666667,,
3043043258,1462,1704,0,0,13.706123217,8215.496632997,1,4.166666667,,
3043045258,1461,1701,0,0,13.689674068,8217.496392496,1,4.166666667,,
3043047258,1464,1706,0,0,13.674086572,8219.496151996,1,4.166666667,,
3043049258,1460,1703,0,0,13.662643243,8221.495911496,1,4.166666667,,
3043051258,1464,1706,0,0,13.659563463,8223.495670996,1,4.166666667,,
3043053258,1461,1703,0,0,13.655179273,8225.495430495,1,4.166666667,,
3043055258,1460,1703,0,0,13.646834368,8227.495189995,1,4.166666667,,
3043057258,1460,1708,0,0,13.636145404,8229.494949495,1,4.166666667,,
3043059258,1461,1705,0,0,13.61352149,8231.494708995,1,4.166666667,,
3043061258,1459,1709,0,0,13.592720549,8233.494468494,1,4.166666667,,
3043063258,1460,1708,0,0,13.592720549,8235.494227994,1,4.166666667,,
3043065258,1468,1704,0,0,13.592720549,8237.493987494,1,4.166666667,,
3043067258,1464,1704,0,0,13.592720549,8239.493746994,1,4.166666667,,
3043069258,1461,1708,0,0,13.592720549,8241.493506494,1,4.166666667,,
3043071258,1461,1701,0,0,13.592720549,8243.493265993,1,4.166666667,,
3043073258,1460,1700,0,0,13.592720549,8245.493025493,1,4.166666667,,
3043075258,1461,1709,0,0,13.608478778,8247.492784993,1,4.166666667,,
3043077258,1457,1697,0,0,13.627468585,8249.492544493,1,4.166666667,,
3043079258,1462,1704,0,0,13.638864256,8251.492303992,1,4.166666667,,
3043081258,1460,1703,0,0,13.647677554,8253.492063492,1,4.166666667,,
3043083258,1456,1694,0,0,13.650650651,8255.491822992,1,4.166666667,,
3043085258,1461,1709,0,0,13.650650651,8257.491582492,1,4.166666667,,
3043087258,1464,1705,0,0,13.650650651,8259.491341991,1,4.166666667,,
3043089258,1461,1706,0,0,13.650650651,8261.491101491,1,4.166666667,,
3043091258,1461,1707,0,0,13.650650651,8263.490860991,1,4.166666667,,
3043093258,1459,1701,0,0,13.650650651,8265.490620491,1,4.166666667,,
3043095258,1457,1709,0,0,13.644840218,8267.49037999,1,4.166666667,,
3043097258,1449,1697,0,0,13.630734013,8269.49013949,1,4.166666667,,
3043099258,1459,1702,0,0,13.617767297,8271.48989899,1,4.166666667,,
3043101258,1462,1705,0,0,13.607131732,8273.48965849,1,4.166666667,,
3043103258,1460,1703,0,0,13.599099099,8275.489417989,1,4.166666667,,
3043105258,1467,1702,0,0,13.599099099,8277.489177489,1,4.166666667,,
3043107258,1461,1701,0,0,13.599099099,8279.488936989,1,4.166666667,,
3043109258,1454,1707,0,0,13.599099099,8281.488696489,1,4.166666667,,
3043111258,1459,1699,0,0,13.599099099,8283.488455988,1,4.166666667,,
3043113258,1463,1706,0,0,13.599099099,8285.488215488,1,4.166666667,,
3043115258,1461,1705,0,0,13.599099099,8287.487974988,1,4.166666667,,
3043117258,1461,1699,0,0,13.5991451,8289.487734488,1,4.166666667,,
3043119258,1461,1709,0,0,13.599191379,8291.487493987,1,4.166666667,,
3043121258,1451,1699,0,0,13.599202908,8293.487253487,1,4.166666667,,
3043123258,1453,1707,0,0,13.599211016,8295.487012987,1,4.166666667,,
3043125258,1459,1708,0,0,13.59921242,8297.486772487,1,4.166666667,,
3043127258,1462,1703,0,0,13.59921242,8299.486531987,1,4.166666667,,
3043129258,1460,1696,0,0,13.604732505,8301.486291486,1,4.166666667,,
3043131258,1464,1702,0,0,13.612159609,8303.486050986,1,4.166666667,,
3043133258,1459,1703,0,0,13.614687415,8305.485810486,1,4.166666667,,
3043135258,1461,1708,0,0,13.614687415,8307.485569986,1,4.166666667,,
3043137258,1457,1706,0,0,13.614687415,8309.485329485,1,4.166666667,,
3043139258,1460,1713,0,0,13.614687415,8311.485088985,1,4.166666667,,
3043141258,1459,1703,0,0,13.614687415,8313.484848485,1,4.166666667,,
3043143258,1464,1693,0,0,13.614687415,8315.484607985,1,4.166666667,,
3043145258,1462,1697,0,0,13.613749813,8317.484367484,1,4.166666667,,
3043147258,1463,1705,0,0,13.611456826,8319.484126984,1,4.166666667,,
3043149258,1462,1703,0,0,13.606551543,8321.483886484,1,4.166666667,,
3043151258,1460,1708,0,0,13.59622852,8323.483645984,1,4.166666667,,
3043153258,1456,1697,0,0,13.588136834,8325.483405483,1,4.166666667,,
3043155258,1460,1707,0,0,13.587044436,8327.483164983,1,4.166666667,,
3043157258,1459,1702,0,0,13.586083872,8329.482924483,1,4.166666667,,
3043159258,1462,1709,0,0,13.58582508,8331.482683983,1,4.166666667,,
3043161258,1457,1704,0,0,13.585585586,8333.482443482,1,4.166666667,,
3043163258,1462,1707,0,0,13.585585586,8335.482202982,1,4.166666667,,
3043165258,1462,1705,0,0,13.585585586,8337.481962482,1,4.166666667,,
3043167258,1462,1706,0,0,13.585585586,8339.481721982,1,4.166666667,,
3043169258,1460,1705,0,0,13.585585586,8341.481481481,1,4.166666667,,
3043171258,1452,1703,0,0,13.584528081,8343.481240981,1,4.166666667,,
3043173258,1461,1709,0,0,13.583362654,8345.481000481,1,4.166666667,,
3043175258,1460,1704,0,0,13.58315732,8347.480759981,1,4.166666667,,
3043177258,1462,1705,0,0,13.58315732,8349.480519481,1,4.166666667,,
3043179258,1459,1705,0,0,13.582923362,8351.48027898,1,4.166666667,,
3043181258,1456,1703,0,0,13.5826073,8353.48003848,1,4.166666667,,
3043183258,1462,1697,0,0,13.581463083,8355.47979798,1,4.166666667,,
3043185258,1459,1705,0,0,13.579885829,8357.47955748,1,4.166666667,,
3043187258,1461,1707,0,0,13.579212438,8359.479316979,1,4.166666667,,
3043189258,1461,1706,0,0,13.579212438,8361.479076479,1,4.166666667,,
3043191258,1456,1692,0,0,13.579984467,8363.478835979,1,4.166666667,,
3043193258,1457,1701,0,0,13.58156172,8365.478595479,1,4.166666667,,
3043195258,1465,1706,0,0,13.582631302,8367.478354978,1,4.166666667,,
3043197258,1456,1716,0,0,13.582957803,8369.478114478,1,4.166666667,,
3043199258,1461,1713,0,0,13.583312167,8371.477873978,1,4.166666667,,
3043201258,1461,1705,0,0,13.583725117,8373.477633478,1,4.166666667,,
3043203258,1452,1703,0,0,13.584216628,8375.477392977,1,4.166666667,,
3043205258,1454,1713,0,0,13.584958667,8377.477152477,1,4.166666667,,
3043207258,1460,1708,0,0,13.585585586,8379.476911977,1,4.166666667,,
3043209258,1454,1709,0,0,13.585585586,8381.476671477,1,4.166666667,,
3043211258,1454,1706,0,0,13.585628943,8383.476430976,1,4.166666667,,
3043213258,1459,1699,0,0,13.586234849,8385.476190476,1,4.166666667,,
3043215258,1456,1702,0,0,13.586840755,8387.475949976,1,4.166666667,,
3043217258,1462,1705,0,0,13.59075732,8389.475709476,1,4.166666667,,
3043219258,1457,1706,0,0,13.594714185,8391.475468975,1,4.166666667,,
3043221258,1454,1703,0,0,13.607675714,8393.475228475,1,4.166666667,,
3043223258,1461,1707,0,0,13.621589199,8395.474987975,1,4.166666667,,
3043225258,1451,1704,190,1,13.624082416,8397.474747475,1,4.166666667,8,-1.641414141
3043227258,1446,1670,190,1,13.624082416,8399.474506975,1,4.166666667,,
3043229258,1443,1643,190,1,13.624082416,8401.474266474,1,4.166666667,,
3043231258,1431,1603,190,1,13.624082416,8403.474025974,1,4.166666667,,
3043233258,1423,1578,190,1,13.624082416,8405.473785474,1,4.166666667,,
3043235258,1424,1552,190,1,13.624082416,8407.473544974,1,4.166666667,,
3043237258,1410,1520,190,1,13.62271557,8409.473304473,1,4.166666667,,
3043239258,1410,1492,190,1,13.620317822,8411.473063973,1,4.166666667,,
3043241258,1395,1476,190,1,13.619086507,8413.472823473,1,4.166666667,,
3043243258,1398,1457,190,1,13.619086507,8415.472582973,1,4.166666667,,
3043245258,1371,1426,190,1,13.618489639,8417.472342472,1,4.166666667,,
3043247258,1388,1410,190,1,13.61700816,8419.472101972,1,4.166666667,,
3043249258,1371,1404,190,1,13.614572101,8421.471861472,1,4.166666667,,
3043251258,1371,1371,190,0,13.610101043,8423.471620972,1,4.166666667,,
3043253258,1371,1359,190,0,13.606683896,8425.471380471,1,4.166666667,,
3043255258,1360,1344,190,0,13.606683896,8427.471139971,1,4.166666667,,
3043257258,1360,1335,190,0,13.606683896,8429.470899471,1,4.166666667,,
3043259258,1359,1316,190,0,13.606683896,8431.470658971,1,4.166666667,,
3043261258,1350,1315,190,0,13.6068663,8433.47041847,1,4.166666667,,
3043263258,1349,1297,190,0,13.609527158,8435.47017797,1,4.166666667,,
3043265258,1353,1288,190,0,13.612188017,8437.46993747,1,4.166666667,,
3043267258,1345,1282,190,0,13.614011004,8439.46969697,1,4.166666667,,
3043269258,1346,1275,190,0,13.615821204,8441.469456469,1,4.166666667,,
3043271258,1341,1262,190,0,13.616847511,8443.469215969,1,4.166666667,,
3043273258,1343,1256,190,0,13.617788055,8445.468975469,1,4.166666667,,
3043275258,1344,1246,190,0,13.620795961,8447.468734969,1,4.166666667,,
3043277258,1341,1239,190,0,13.624264463,8449.468494468,1,4.166666667,,
3043279258,1339,1239,190,0,13.626810469,8451.468253968,1,4.166666667,,
3043281258,1333,1232,190,0,13.629022533,8453.468013468,1,4.166666667,,
3043283258,1342,1225,190,0,13.632664951,8455.467772968,1,4.166666667,,
3043285258,1336,1223,190,0,13.637075426,8457.467532468,1,4.166666667,,
3043287258,1333,1225,190,0,13.640235713,8459.467291967,1,4.166666667,,
3043289258,1337,1213,190,0,13.642441458,8461.467051467,1,4.166666667,,
3043291258,1325,1211,190,0,13.645518883,8463.466810967,1,4.166666667,,
3043293258,1333,1209,190,0,13.649527619,8465.466570467,1,4.166666667,,
3043295258,1329,1203,190,0,13.655503417,8467.466329966,1,4.166666667,,
3043297258,1332,1205,190,0,13.664431288,8469.466089466,1,4.166666667,,
3043299258,1334,1203,190,0,13.675500182,8471.465848966,1,4.166666667,,
3043301258,1324,1195,190,0,13.691197109,8473.465608466,1,4.166666667,,
3043303258,1325,1196,190,0,13.70378433,8475.465367965,1,4.166666667,,
3043305258,1321,1185,190,0,13.706118366,8477.465127465,1,4.166666667,,
3043307258,1320,1190,190,0,13.709159855,8479.464886965,1,4.166666667,,
3043309258,1321,1183,190,0,13.71623783,8481.464646465,1,4.166666667,,
3043311258,1320,1192,190,0,13.724174764,8483.464405964,1,4.166666667,,
3043313258,1319,1189,190,0,13.74435778,8485.464165464,1,4.166666667,,
3043315258,1318,1183,190,0,13.764540795,8487.463924964,1,4.166666667,,
3043317258,1324,1179,190,0,13.765158972,8489.463684464,1,4.166666667,,
3043319258,1324,1193,190,0,13.76541772,8491.463443963,1,4.166666667,,
3043321258,1322,1177,190,0,13.788889167,8493.463203463,1,4.166666667,,
3043323258,1316,1178,190,0,13.814986415,8495.462962963,1,4.166666667,,
3043325258,1316,1183,190,0,13.842132175,8497.462722463,1,4.166666667,,
3043327258,1322,1175,190,0,13.86951627,8499.462481962,1,4.166666667,,
3043329258,1317,1175,190,0,13.884253951,8501.462241462,1,4.166666667,,
3043331258,1316,1172,190,0,13.894342828,8503.462000962,1,4.166666667,,
3043333258,1319,1178,190,0,13.924271424,8505.461760462,1,4.166666667,,
3043335258,1316,1171,190,0,13.964994891,8507.461519962,1,4.166666667,,
3043337258,1318,1177,190,0,13.984689582,8509.461279461,1,4.166666667,,
3043339258,1309,1179,190,0,13.988130688,8511.461038961,1,4.166666667,,
3043341258,1319,1168,190,0,14.005320255,8513.460798461,1,4.166666667,,
3043343258,1313,1167,190,0,14.037376746,8515.460557961,1,4.166666667,,
3043345258,1313,1171,190,0,14.071491664,8517.46031746,1,4.166666667,,
3043347258,1312,1163,190,0,14.108734766,8519.46007696,1,4.166666667,,
3043349258,1312,1171,190,0,14.144824661,8521.45983646,1,4.166666667,,
3043351258,1308,1165,190,0,14.178386799,8523.45959596,1,4.166666667,,
3043353258,1312,1166,190,0,14.211675133,8525.459355459,1,4.166666667,,
3043355258,1319,1167,190,0,14.244045293,8527.459114959,1,4.166666667,,
3043357258,1308,1167,190,0,14.273393913,8529.458874459,1,4.166666667,,
3043359258,1312,1167,190,0,14.285085793,8531.458633959,1,4.166666667,,
3043361258,1311,1166,190,0,14.30007378,8533.458393458,1,4.166666667,,
3043363258,1303,1168,190,0,14.364471684,8535.458152958,1,4.166666667,,
3043365258,1304,1166,190,0,14.428869589,8537.457912458,1,4.166666667,,
3043367258,1299,1164,190,0,14.490289717,8539.457671958,1,4.166666667,,
3043369258,1307,1162,190,0,14.551645827,8541.457431457,1,4.166666667,,
3043371258,1295,1165,190,0,14.624781935,8543.457190957,1,4.166666667,,
3043373258,1297,1165,190,0,14.699294617,8545.456950457,1,4.166666667,,
3043375258,1294,1157,190,0,14.781225256,8547.456709957,1,4.166666667,,
3043377258,1294,1169,190,0,14.86487576,8549.456469456,1,4.166666667,,
3043379258,1289,1156,190,0,14.957380042,8551.456228956,1,4.166666667,,
3043381258,1283,1159,190,0,15.053188953,8553.455988456,1,4.166666667,,
3043383258,1282,1151,190,0,15.175322006,8555.455747956,1,4.166666667,,
3043385258,1284,1156,190,0,15.311967715,8557.455507456,1,4.166666667,,
3043387258,1282,1153,190,0,15.451751703,8559.455266955,1,4.166666667,,
3043389258,1284,1150,190,0,15.593991151,8561.455026455,1,4.166666667,,
3043391258,1281,1151,190,0,15.769110187,8563.454785955,1,4.166666667,,
3043393258,1276,1146,190,0,15.980214567,8565.454545455,1,4.166666667,,
3043395258,1268,1150,190,0,16.198601972,8567.454304954,1,4.166666667,,
3043397258,1258,1144,190,0,16.428197452,8569.454064454,1,4.166666667,,
3043399258,1248,1145,190,0,16.68779484,8571.453823954,1,4.166666667,,
3043401258,1246,1137,190,0,17.014082514,8573.453583454,1,4.166666667,,
3043403258,1247,1138,190,0,17.37515251,8575.453342953,1,4.166666667,,
3043405258,1233,1133,190,0,17.854869896,8577.453102453,1,4.166666667,,
3043407258,1231,1131,190,0,18.348725156,8579.452861953,1,4.166666667,,
3043409258,1223,1117,190,0,18.927229451,8581.452621453,1,4.166666667,,
3043411258,1217,1124,190,0,19.576635749,8583.452380952,1,4.166666667,,
3043413258,1198,1127,190,0,21.346150476,8585.452140452,1,4.166666667,,
3043415258,1183,1179,190,0,23.115665203,8587.451899952,1,4.166666667,,
3043417258,1161,1341,190,0,23.170697981,8589.451659452,1,4.166666667,,
3043419258,1159,1360,190,0,23.18347612,8591.451418951,1,4.166666667,,
3043421258,1159,1371,190,0,23.184851518,8593.451178451,1,4.166666667,,
3043423258,1159,1371,190,0,23.184851518,8595.450937951,1,4.166666667,,
3043425258,1162,1385,190,0,23.184851518,8597.450697451,1,4.166666667,,
3043427258,1158,1397,190,0,23.184851518,8599.45045695,1,4.166666667,,
3043429258,1163,1389,190,0,23.202213469,8601.45021645,1,4.166666667,,
3043431258,1154,1387,190,0,23.226154534,8603.44997595,1,4.166666667,,
3043433258,1153,1390,190,0,23.234734735,8605.44973545,1,4.166666667,,
3043435258,1152,1388,190,0,23.234734735,8607.449494949,1,4.166666667,,
3043437258,1159,1387,190,0,23.220445583,8609.449254449,1,4.166666667,,
3043439258,1155,1387,190,0,23.194839053,8611.449013949,1,4.166666667,,
3043441258,1151,1388,190,0,23.181381381,8613.448773449,1,4.166666667,,
3043443258,1154,1395,190,0,23.181381381,8615.448532949,1,4.166666667,,
3043445258,1155,1385,190,0,23.181381381,8617.448292448,1,4.166666667,,
3043447258,1151,1371,190,0,23.181381381,8619.448051948,1,4.166666667,,
3043449258,1150,1387,190,0,23.181611672,8621.447811448,1,4.166666667,,
3043451258,1152,1390,190,0,23.182361132,8623.447570948,1,4.166666667,,
3043453258,1142,1389,190,0,23.185531544,8625.447330447,1,4.166666667,,
3043455258,1150,1371,190,0,23.197103706,8627.447089947,1,4.166666667,,
3043457258,1139,1384,190,0,23.207054512,8629.446849447,1,4.166666667,,
3043459258,1142,1371,190,0,23.207054512,8631.446608947,1,4.166666667,,
3043461258,1146,1371,190,0,23.207837373,8633.446368446,1,4.166666667,,
3043463258,1140,1371,190,0,23.221687351,8635.446127946,1,4.166666667,,
3043465258,1150,1371,190,0,23.235537329,8637.445887446,1,4.166666667,,
3043467258,1151,1371,190,0,23.235912103,8639.445646946,1,4.166666667,,
3043469258,1150,1371,190,0,23.235912103,8641.445406445,1,4.166666667,,
3043471258,1139,1390,190,0,23.235912103,8643.445165945,1,4.166666667,,
3043473258,1139,1386,190,0,23.235912103,8645.444925445,1,4.166666667,,
3043475258,1153,1386,0,0,23.224752169,8647.444684945,1,4.166666667,,
3043477258,1172,1411,0,0,23.210902191,8649.444444444,1,4.166666667,,
3043479258,1184,1433,0,0,23.215856353,8651.444203944,1,4.166666667,,
3043481258,1209,1461,0,0,23.22804408,8653.443963444,1,4.166666667,,
3043483258,1230,1474,0,0,23.232448665,8655.443722944,1,4.166666667,,
3043485258,1239,1504,0,0,23.232448665,8657.443482443,1,4.166666667,,
3043487258,1254,1516,0,0,23.232448665,8659.443241943,1,4.166666667,,
3043489258,1268,1524,0,0,23.232448665,8661.443001443,1,4.166666667,,
3043491258,1285,1547,0,0,23.232448665,8663.442760943,1,4.166666667,,
3043493258,1296,1553,0,0,23.232448665,8665.442520443,1,4.166666667,,
3043495258,1308,1569,0,0,23.24002761,8667.442279942,1,4.166666667,,
3043497258,1318,1580,0,0,23.259568365,8669.442039442,1,4.166666667,,
3043499258,1319,1592,0,0,23.273163466,8671.441798942,1,4.166666667,,
3043501258,1331,1598,0,0,23.273163466,8673.441558442,1,4.166666667,,
3043503258,1334,1616,0,0,23.273163466,8675.441317941,1,4.166666667,,
3043505258,1350,1624,0,0,23.273163466,8677.441077441,1,4.166666667,,
3043507258,1359,1625,0,0,23.273163466,8679.440836941,1,4.166666667,,
3043509258,1369,1632,0,0,23.273163466,8681.440596441,1,4.166666667,,
3043511258,1371,1643,0,0,23.27292406,8683.44035594,1,4.166666667,,
3043513258,1385,1645,0,0,23.268450674,8685.44011544,1,4.166666667,,
3043515258,1371,1649,0,0,23.263977288,8687.43987494,1,4.166666667,,
3043517258,1385,1658,0,0,23.26106838,8689.43963444,1,4.166666667,,
3043519258,1391,1664,0,0,23.258207969,8691.439393939,1,4.166666667,,
3043521258,1399,1662,0,0,23.257882883,8693.439153439,1,4.166666667,,
3043523258,1403,1674,0,0,23.257882883,8695.438912939,1,4.166666667,,
3043525258,1406,1668,0,0,23.257882883,8697.438672439,1,4.166666667,,
3043527258,1401,1678,0,0,23.257882883,8699.438431938,1,4.166666667,,
3043529258,1416,1681,0,0,23.257882883,8701.438191438,1,4.166666667,,
3043531258,1421,1681,0,0,23.257882883,8703.437950938,1,4.166666667,,
3043533258,1416,1689,0,0,23.25997229,8705.437710438,1,4.166666667,,
3043535258,1426,1692,0,0,23.263259598,8707.437469937,1,4.166666667,,
3043537258,1424,1694,0,0,23.266438157,8709.437229437,1,4.166666667,,
3043539258,1426,1692,0,0,23.26952846,8711.436988937,1,4.166666667,,
3043541258,1422,1694,0,0,23.271171171,8713.436748437,1,4.166666667,,
3043543258,1434,1697,0,0,23.271171171,8715.436507937,1,4.166666667,,
3043545258,1438,1689,0,0,23.271171171,8717.436267436,1,4.166666667,,
3043547258,1440,1697,0,0,23.271171171,8719.436026936,1,4.166666667,,
3043549258,1437,1693,0,0,23.270240178,8721.435786436,1,4.166666667,,
3043551258,1440,1692,0,0,23.267149874,8723.435545936,1,4.166666667,,
3043553258,1437,1693,0,0,23.259520212,8725.435305435,1,4.166666667,,
3043555258,1438,1694,0,0,23.235576443,8727.435064935,1,4.166666667,,
3043557258,1436,1696,0,0,23.034807052,8729.434824435,1,4.166666667,,
3043559258,1448,1696,0,0,21.692204041,8731.434583935,1,4.166666667,,
3043561258,1440,1702,0,0,20.396596597,8733.434343434,1,4.166666667,,
3043563258,1445,1697,0,0,19.984393918,8735.434102934,1,4.166666667,,
3043565258,1446,1703,0,0,19.572191239,8737.433862434,1,4.166666667,,
3043567258,1437,1693,0,0,19.073736752,8739.433621934,1,4.166666667,,
3043569258,1448,1696,0,0,18.57233211,8741.433381433,1,4.166666667,,
3043571258,1452,1700,0,0,18.015724035,8743.433140933,1,4.166666667,,
3043573258,1448,1700,0,0,17.45182565,8745.432900433,1,4.166666667,,
3043575258,1444,1702,0,0,16.827857936,8747.432659933,1,4.166666667,,
3043577258,1452,1700,0,0,16.188850308,8749.432419432,1,4.166666667,,
3043579258,1442,1701,0,0,15.598686539,8751.432178932,1,4.166666667,,
3043581258,1448,1700,0,0,15.027879867,8753.431938432,1,4.166666667,,
3043583258,1446,1696,0,0,14.818160759,8755.431697932,1,4.166666667,,
3043585258,1448,1701,0,0,14.818160759,8757.431457431,1,4.166666667,,
3043587258,1446,1693,0,0,14.818160759,8759.431216931,1,4.166666667,,
3043589258,1451,1704,0,0,14.818160759,8761.430976431,1,4.166666667,,
3043591258,1463,1692,0,0,14.818160759,8763.430735931,1,4.166666667,,
3043593258,1454,1713,0,0,14.818160759,8765.43049543,1,4.166666667,,
3043595258,1452,1706,0,0,14.879621972,8767.43025493,1,4.166666667,,
3043597258,1446,1704,0,0,15.040582599,8769.43001443,1,4.166666667,,
3043599258,1449,1709,0,0,15.153535726,8771.42977393,1,4.166666667,,
3043601258,1440,1703,0,0,15.153535726,8773.42953343,1,4.166666667,,
3043603258,1447,1701,0,0,15.153535726,8775.429292929,1,4.166666667,,
3043605258,1445,1716,0,0,15.153535726,8777.429052429,1,4.166666667,,
3043607258,1436,1709,0,0,15.153535726,8779.428811929,1,4.166666667,,
3043609258,1445,1713,0,0,15.153535726,8781.428571429,1,4.166666667,,
3043611258,1444,1705,0,0,15.14626953,8783.428330928,1,4.166666667,,
3043613258,1447,1705,0,0,14.993311498,8785.428090428,1,4.166666667,,
3043615258,1441,1704,0,0,14.840353465,8787.427849928,1,4.166666667,,
3043617258,1436,1704,0,0,14.834834835,8789.427609428,1,4.166666667,,
3043619258,1456,1706,0,0,14.834834835,8791.427368927,1,4.166666667,,
3043621258,1441,1707,0,0,14.834834835,8793.427128427,1,4.166666667,,
3043623258,1448,1704,0,0,14.834834835,8795.426887927,1,4.166666667,,
3043625258,1448,1700,0,0,14.834834835,8797.426647427,1,4.166666667,,
3043627258,1444,1707,0,0,14.834834835,8799.426406926,1,4.166666667,,
3043629258,1446,1704,0,0,14.880874801,8801.426166426,1,4.166666667,,
3043631258,1446,1709,0,0,14.945431685,8803.425925926,1,4.166666667,,
3043633258,1441,1706,0,0,15.099745537,8805.425685426,1,4.166666667,,
3043635258,1448,1710,0,0,15.306867692,8807.425444925,1,4.166666667,,
3043637258,1449,1699,0,0,15.400900901,8809.425204425,1,4.166666667,,
3043639258,1445,1694,0,0,15.400900901,8811.424963925,1,4.166666667,,
3043641258,1448,1709,0,0,15.400900901,8813.424723425,1,4.166666667,,
3043643258,1441,1705,0,0,15.400900901,8815.424482924,1,4.166666667,,
3043645258,1446,1707,0,0,15.400900901,8817.424242424,1,4.166666667,,
3043647258,1447,1701,0,0,15.400900901,8819.424001924,1,4.166666667,,
3043649258,1448,1700,0,0,15.396007263,8821.423761424,1,4.166666667,,
3043651258,1449,1705,0,0,15.379432679,8823.423520924,1,4.166666667,,
3043653258,1449,1698,0,0,15.320777158,8825.423280423,1,4.166666667,,
3043655258,1439,1704,0,0,15.105394052,8827.423039923,1,4.166666667,,
3043657258,1448,1709,0,0,14.917309621,8829.422799423,1,4.166666667,,
3043659258,1439,1717,0,0,14.915061243,8831.422558923,1,4.166666667,,
3043661258,1447,1706,0,0,14.912912913,8833.422318422,1,4.166666667,,
3043663258,1441,1694,0,0,14.912912913,8835.422077922,1,4.166666667,,
3043665258,1446,1712,0,0,14.912912913,8837.421837422,1,4.166666667,,
3043667258,1436,1705,0,0,14.861901151,8839.421596922,1,4.166666667,,
3043669258,1436,1705,0,0,14.808814442,8841.421356421,1,4.166666667,,
3043671258,1444,1694,0,0,14.776344582,8843.421115921,1,4.166666667,,
3043673258,1452,1703,0,0,14.746757407,8845.420875421,1,4.166666667,,
3043675258,1446,1704,0,0,14.740654941,8847.420634921,1,4.166666667,,
3043677258,1444,1705,0,0,14.740654941,8849.42039442,1,4.166666667,,
3043679258,1440,1707,0,0,14.670618183,8851.42015392,1,4.166666667,,
3043681258,1443,1693,0,0,14.571997413,8853.41991342,1,4.166666667,,
3043683258,1448,1705,0,0,14.468342227,8855.41967292,1,4.166666667,,
3043685258,1436,1709,0,0,14.361686684,8857.419432419,1,4.166666667,,
3043687258,1436,1699,0,0,14.309070806,8859.419191919,1,4.166666667,,
3043689258,1441,1709,0,0,14.301936817,8861.418951419,1,4.166666667,,
3043691258,1444,1706,0,0,14.261344359,8863.418710919,1,4.166666667,,
3043693258,1440,1707,0,0,14.18138127,8865.418470418,1,4.166666667,,
3043695258,1436,1697,0,0,14.113671699,8867.418229918,1,4.166666667,,
3043697258,1436,1705,0,0,14.066312773,8869.417989418,1,4.166666667,,
3043699258,1436,1705,0,0,14.016737806,8871.417748918,1,4.166666667,,
3043701258,1436,1704,0,0,13.961796011,8873.417508418,1,4.166666667,,
3043703258,1438,1713,0,0,13.908098843,8875.417267917,1,4.166666667,,
3043705258,1435,1704,0,0,13.859121932,8877.417027417,1,4.166666667,,
3043707258,1443,1704,0,0,13.816270816,8879.416786917,1,4.166666667,,
3043709258,1448,1703,0,0,13.816270816,8881.416546417,1,4.166666667,,
3043711258,1439,1696,0,0,13.816270816,8883.416305916,1,4.166666667,,
3043713258,1436,1701,0,0,13.816270816,8885.416065416,1,4.166666667,,
3043715258,1437,1706,0,0,13.816270816,8887.415824916,1,4.166666667,,
3043717258,1437,1703,0,0,13.816270816,8889.415584416,1,4.166666667,,
3043719258,1440,1703,0,0,13.816270816,8891.415343915,1,4.166666667,,
3043721258,1448,1705,0,0,13.876139599,8893.415103415,1,4.166666667,,
3043723258,1444,1710,0,0,13.944614004,8895.414862915,1,4.166666667,,
3043725258,1443,1704,0,0,14.027668302,8897.414622415,1,4.166666667,,
3043727258,1436,1703,0,0,14.114581004,8899.414381914,1,4.166666667,,
3043729258,1436,1694,0,0,14.16965871,8901.414141414,1,4.166666667,,
3043731258,1441,1701,0,0,14.211553046,8903.413900914,1,4.166666667,,
3043733258,1436,1704,0,0,14.238018187,8905.413660414,1,4.166666667,,
3043735258,1440,1701,0,0,14.255169272,8907.413419913,1,4.166666667,,
3043737258,1436,1702,0,0,14.272258165,8909.413179413,1,4.166666667,,
3043739258,1440,1708,0,0,14.289294078,8911.412938913,1,4.166666667,,
3043741258,1441,1706,0,0,14.322090673,8913.412698413,1,4.166666667,,
3043743258,1440,1712,0,0,14.373658882,8915.412457912,1,4.166666667,,
3043745258,1440,1707,0,0,14.417882079,8917.412217412,1,4.166666667,,
3043747258,1441,1697,0,0,14.449749069,8919.411976912,1,4.166666667,,
3043749258,1440,1702,0,0,14.474575245,8921.411736412,1,4.166666667,,
3043751258,1437,1704,0,0,14.482099466,8923.411495911,1,4.166666667,,
3043753258,1440,1705,0,0,14.488076312,8925.411255411,1,4.166666667,,
3043755258,1436,1705,0,0,14.488076312,8927.411014911,1,4.166666667,,
3043757258,1438,1702,0,0,14.488076312,8929.410774411,1,4.166666667,,
3043759258,1436,1705,0,0,14.488076312,8931.410533911,1,4.166666667,,
3043761258,1440,1697,0,0,14.488076312,8933.41029341,1,4.166666667,,
3043763258,1435,1704,0,0,14.488076312,8935.41005291,1,4.166666667,,
3043765258,1433,1707,0,0,14.488076312,8937.40981241,1,4.166666667,,
3043767258,1438,1703,0,0,14.438834528,8939.40957191,1,4.166666667,,
3043769258,1438,1703,0,0,14.387267094,8941.409331409,1,4.166666667,,
3043771258,1440,1702,0,0,14.361024141,8943.409090909,1,4.166666667,,
3043773258,1444,1699,0,0,14.338521311,8945.408850409,1,4.166666667,,
3043775258,1436,1704,0,0,14.317472111,8947.408609909,1,4.166666667,,
3043777258,1437,1705,0,0,14.296814613,8949.408369408,1,4.166666667,,
3043779258,1441,1703,0,0,14.28493103,8951.408128908,1,4.166666667,,
3043781258,1444,1701,0,0,14.276733839,8953.407888408,1,4.166666667,,
3043783258,1438,1703,0,0,14.245049335,8955.407647908,1,4.166666667,,
3043785258,1436,1703,0,0,14.199003887,8957.407407407,1,4.166666667,,
3043787258,1436,1709,0,0,14.176823483,8959.407166907,1,4.166666667,,
3043789258,1436,1696,0,0,14.175220999,8961.406926407,1,4.166666667,,
3043791258,1435,1705,0,0,14.1646701,8963.406685907,1,4.166666667,,
3043793258,1444,1705,0,0,14.143331258,8965.406445406,1,4.166666667,,
3043795258,1431,1700,0,0,14.10823574,8967.406204906,1,4.166666667,,
3043797258,1434,1701,0,0,14.049697948,8969.405964406,1,4.166666667,,
3043799258,1440,1708,0,0,13.975118691,8971.405723906,1,4.166666667,,
3043801258,1439,1702,0,0,13.860536872,8973.405483405,1,4.166666667,,
3043803258,1444,1700,0,0,13.758188269,8975.405242905,1,4.166666667,,
3043805258,1440,1698,0,0,13.703973924,8977.405002405,1,4.166666667,,
3043807258,1444,1701,0,0,13.656214443,8979.404761905,1,4.166666667,,
3043809258,1440,1701,0,0,13.656214443,8981.404521405,1,4.166666667,,
3043811258,1440,1701,0,0,13.656214443,8983.404280904,1,4.166666667,,
3043813258,1439,1700,0,0,13.656214443,8985.404040404,1,4.166666667,,
3043815258,1443,1709,0,0,13.656214443,8987.403799904,1,4.166666667,,
3043817258,1441,1710,0,0,13.656214443,8989.403559404,1,4.166666667,,
3043819258,1448,1703,0,0,13.656214443,8991.403318903,1,4.166666667,,
3043821258,1450,1712,0,0,13.674129082,8993.403078403,1,4.166666667,,
3043823258,1451,1694,0,0,13.694760691,8995.402837903,1,4.166666667,,
3043825258,1447,1709,0,0,13.780862002,8997.402597403,1,4.166666667,,
3043827258,1444,1704,0,0,13.884923583,8999.402356902,1,4.166666667,,
3043829258,1451,1700,0,0,13.961791767,9001.402116402,1,4.166666667,,
3043831258,1436,1707,0,0,14.027068939,9003.401875902,1,4.166666667,,
3043833258,1441,1705,0,0,14.060612384,9005.401635402,1,4.166666667,,
3043835258,1446,1699,0,0,14.074503785,9007.401394901,1,4.166666667,,
3043837258,1446,1709,0,0,14.083915723,9009.401154401,1,4.166666667,,
3043839258,1449,1716,0,0,14.08941822,9011.400913901,1,4.166666667,,
3043841258,1452,1702,0,0,14.100388924,9013.400673401,1,4.166666667,,
3043843258,1448,1705,0,0,14.118032448,9015.4004329,1,4.166666667,,
3043845258,1450,1697,0,0,14.129204204,9017.4001924,1,4.166666667,,
3043847258,1448,1705,0,0,14.129204204,9019.3999519,1,4.166666667,,
3043849258,1456,1707,0,0,14.129204204,9021.3997114,1,4.166666667,,
3043851258,1449,1703,0,0,14.129204204,9023.399470899,1,4.166666667,,
3043853258,1444,1706,0,0,14.129204204,9025.399230399,1,4.166666667,,
3043855258,1445,1703,0,0,14.129204204,9027.398989899,1,4.166666667,,
3043857258,1446,1704,0,0,14.12805511,9029.398749399,1,4.166666667,,
3043859258,1450,1709,0,0,14.118153846,9031.398508899,1,4.166666667,,
3043861258,1448,1702,0,0,14.107870753,9033.398268398,1,4.166666667,,
3043863258,1448,1705,0,0,14.086210525,9035.398027898,1,4.166666667,,
3043865258,1448,1703,0,0,14.064550297,9037.397787398,1,4.166666667,,
3043867258,1441,1697,0,0,14.033646066,9039.397546898,1,4.166666667,,
3043869258,1444,1702,0,0,14.0022439,9041.397306397,1,4.166666667,,
3043871258,1443,1708,0,0,13.967278622,9043.397065897,1,4.166666667,,
3043873258,1440,1705,0,0,13.931758698,9045.396825397,1,4.166666667,,
3043875258,1444,1697,0,0,13.920948288,9047.396584897,1,4.166666667,,
3043877258,1444,1700,0,0,13.917037535,9049.396344396,1,4.166666667,,
3043879258,1444,1710,0,0,13.865735887,9051.396103896,1,4.166666667,,
3043881258,1443,1705,0,0,13.793943086,9053.395863396,1,4.166666667,,
3043883258,1444,1706,0,0,13.750170712,9055.395622896,1,4.166666667,,
3043885258,1448,1702,0,0,13.723972795,9057.395382395,1,4.166666667,,
3043887258,1444,1701,0,0,13.703287393,9059.395141895,1,4.166666667,,
3043889258,1439,1706,0,0,13.687471484,9061.394901395,1,4.166666667,,
3043891258,1445,1701,0,0,13.67557743,9063.394660895,1,4.166666667,,
3043893258,1450,1706,0,0,13.668527712,9065.394420394,1,4.166666667,,
3043895258,1440,1708,0,0,13.664042683,9067.394179894,1,4.166666667,,
3043897258,1441,1710,0,0,13.664042683,9069.393939394,1,4.166666667,,
3043899258,1449,1701,0,0,13.664042683,9071.393698894,1,4.166666667,,
3043901258,1449,1705,0,0,13.664042683,9073.393458393,1,4.166666667,,
3043903258,1440,1697,0,0,13.665428888,9075.393217893,1,4.166666667,,
3043905258,1436,1702,0,0,13.672478606,9077.392977393,1,4.166666667,,
3043907258,1440,1701,0,0,13.682280767,9079.392736893,1,4.166666667,,
3043909258,1450,1703,0,0,13.713677887,9081.392496392,1,4.166666667,,
3043911258,1437,1702,0,0,13.746074646,9083.392255892,1,4.166666667,,
3043913258,1445,1705,0,0,13.811398275,9085.392015392,1,4.166666667,,
3043915258,1438,1701,0,0,13.876721903,9087.391774892,1,4.166666667,,
3043917258,1448,1704,0,0,13.917637026,9089.391534392,1,4.166666667,,
3043919258,1444,1705,0,0,13.957155604,9091.391293891,1,4.166666667,,
3043921258,1450,1710,0,0,13.968134178,9093.391053391,1,4.166666667,,
3043923258,1439,1702,0,0,13.974555109,9095.390812891,1,4.166666667,,
3043925258,1444,1709,0,0,13.982968102,9097.390572391,1,4.166666667,,
3043927258,1437,1706,0,0,13.99194718,9099.39033189,1,4.166666667,,
3043929258,1438,1701,0,0,14.016768022,9101.39009139,1,4.166666667,,
3043931258,1443,1705,0,0,14.048536766,9103.38985089,1,4.166666667,,
3043933258,1440,1703,0,0,14.060877481,9105.38961039,1,4.166666667,,
3043935258,1441,1705,0,0,14.060877481,9107.389369889,1,4.166666667,,
3043937258,1445,1701,0,0,14.060877481,9109.389129389,1,4.166666667,,
3043939258,1449,1704,0,0,14.060877481,9111.388888889,1,4.166666667,,
3043941258,1436,1692,0,0,14.060877481,9113.388648389,1,4.166666667,,
3043943258,1449,1703,0,0,14.060877481,9115.388407888,1,4.166666667,,
3043945258,1443,1697,0,0,14.049276842,9117.388167388,1,4.166666667,,
3043947258,1448,1706,0,0,14.017123738,9119.387926888,1,4.166666667,,
3043949258,1446,1709,0,0,13.993676739,9121.387686388,1,4.166666667,,
3043951258,1442,1704,0,0,13.992929823,9123.387445887,1,4.166666667,,
3043953258,1443,1705,0,0,13.983552249,9125.387205387,1,4.166666667,,
3043955258,1447,1705,0,0,13.938231477,9127.386964887,1,4.166666667,,
3043957258,1443,1701,0,0,13.891712492,9129.386724387,1,4.166666667,,
3043959258,1448,1705,0,0,13.835503036,9131.386483886,1,4.166666667,,
3043961258,1448,1696,0,0,13.779563189,9133.386243386,1,4.166666667,,
3043963258,1447,1709,0,0,13.733543751,9135.386002886,1,4.166666667,,
3043965258,1450,1705,0,0,13.687524313,9137.385762386,1,4.166666667,,
3043967258,1448,1709,0,0,13.684895422,9139.385521886,1,4.166666667,,
3043969258,1447,1703,0,0,13.684895422,9141.385281385,1,4.166666667,,
3043971258,1446,1706,0,0,13.684895422,9143.385040885,1,4.166666667,,
3043973258,1444,1713,0,0,13.684895422,9145.384800385,1,4.166666667,,
3043975258,1449,1703,0,0,13.684895422,9147.384559885,1,4.166666667,,
3043977258,1436,1699,0,0,13.684895422,9149.384319384,1,4.166666667,,
3043979258,1447,1704,0,0,13.68855533,9151.384078884,1,4.166666667,,
3043981258,1450,1705,0,0,13.693843278,9153.383838384,1,4.166666667,,
3043983258,1448,1705,0,0,13.708473886,9155.383597884,1,4.166666667,,
3043985258,1448,1717,0,0,13.729114446,9157.383357383,1,4.166666667,,
3043987258,1439,1706,0,0,13.740709431,9159.383116883,1,4.166666667,,
3043989258,1438,1705,0,0,13.744118845,9161.382876383,1,4.166666667,,
3043991258,1446,1705,0,0,13.746486081,9163.382635883,1,4.166666667,,
3043993258,1440,1701,0,0,13.747534264,9165.382395382,1,4.166666667,,
3043995258,1443,1707,0,0,13.756424003,9167.382154882,1,4.166666667,,
3043997258,1441,1704,0,0,13.779389003,9169.381914382,1,4.166666667,,
3043999258,1452,1694,0,0,13.796241537,9171.381673882,1,4.166666667,,
3044001258,1447,1709,0,0,13.796914798,9173.381433381,1,4.166666667,,
3044003258,1444,1710,0,0,13.797459722,9175.381192881,1,4.166666667,,
3044005258,1456,1698,0,0,13.797459722,9177.380952381,1,4.166666667,,
3044007258,1438,1710,0,0,13.798118214,9179.380711881,1,4.166666667,,
3044009258,1436,1703,0,0,13.804270307,9181.38047138,1,4.166666667,,
3044011258,1444,1706,0,0,13.810278123,9183.38023088,1,4.166666667,,
3044013258,1449,1702,0,0,13.810278123,9185.37999038,1,4.166666667,,
3044015258,1448,1701,0,0,13.810278123,9187.37974988,1,4.166666667,,
3044017258,1448,1705,0,0,13.810278123,9189.37950938,1,4.166666667,,
3044019258,1448,1707,0,0,13.810278123,9191.379268879,1,4.166666667,,
3044021258,1440,1712,0,0,13.80576162,9193.379028379,1,4.166666667,,
3044023258,1441,1705,0,0,13.80048708,9195.378787879,1,4.166666667,,
3044025258,1438,1713,0,0,13.789396006,9197.378547379,1,4.166666667,,
3044027258,1447,1705,0,0,13.776593919,9199.378306878,1,4.166666667,,
3044029258,1446,1707,0,0,13.756420951,9201.378066378,1,4.166666667,,
3044031258,1448,1700,0,0,13.732922724,9203.377825878,1,4.166666667,,
3044033258,1456,1701,0,0,13.708693015,9205.377585378,1,4.166666667,,
3044035258,1449,1710,0,0,13.683986789,9207.377344877,1,4.166666667,,
3044037258,1448,1695,0,0,13.670043568,9209.377104377,1,4.166666667,,
3044039258,1451,1708,0,0,13.665958169,9211.376863877,1,4.166666667,,
3044041258,1444,1693,0,0,13.65011799,9213.376623377,1,4.166666667,,
3044043258,1442,1713,0,0,13.619217504,9215.376382876,1,4.166666667,,
3044045258,1447,1702,0,0,13.599279908,9217.376142376,1,4.166666667,,
3044047258,1446,1706,0,0,13.599279908,9219.375901876,1,4.166666667,,
3044049258,1443,1706,0,0,13.599279908,9221.375661376,1,4.166666667,,
3044051258,1443,1708,0,0,13.599279908,9223.375420875,1,4.166666667,,
3044053258,1440,1704,0,0,13.599279908,9225.375180375,1,4.166666667,,
3044055258,1444,1705,0,0,13.599279908,9227.374939875,1,4.166666667,,
3044057258,1444,1705,0,0,13.600972263,9229.374699375,1,4.166666667,,
3044059258,1450,1702,0,0,13.617240395,9231.374458874,1,4.166666667,,
3044061258,1436,1705,0,0,13.633481432,9233.374218374,1,4.166666667,,
3044063258,1444,1706,0,0,13.648424336,9235.373977874,1,4.166666667,,
3044065258,1446,1705,0,0,13.663367241,9237.373737374,1,4.166666667,,
3044067258,1444,1702,0,0,13.681573262,9239.373496873,1,4.166666667,,
3044069258,1441,1705,0,0,13.699999198,9241.373256373,1,4.166666667,,
3044071258,1448,1704,0,0,13.706322495,9243.373015873,1,4.166666667,,
3044073258,1440,1704,0,0,13.710564718,9245.372775373,1,4.166666667,,
3044075258,1441,1702,0,0,13.713439718,9247.372534873,1,4.166666667,,
3044077258,1449,1701,0,0,13.715905619,9249.372294372,1,4.166666667,,
3044079258,1444,1702,0,0,13.716679643,9251.372053872,1,4.166666667,,
3044081258,1436,1705,0,0,13.716679643,9253.371813372,1,4.166666667,,
3044083258,1449,1701,0,0,13.715193874,9255.371572872,1,4.166666667,,
3044085258,1441,1706,0,0,13.712727973,9257.371332371,1,4.166666667,,
3044087258,1441,1706,0,0,13.709340264,9259.371091871,1,4.166666667,,
3044089258,1459,1697,0,0,13.705098041,9261.370851371,1,4.166666667,,
3044091258,1456,1699,0,0,13.69579129,9263.370610871,1,4.166666667,,
3044093258,1460,1703,0,0,13.679916041,9265.37037037,1,4.166666667,,
3044095258,1456,1702,0,0,13.668525689,9267.37012987,1,4.166666667,,
3044097258,1459,1703,0,0,13.665399812,9269.36988937,1,4.166666667,,
3044099258,1461,1708,0,0,13.660154509,9271.36964887,1,4.166666667,,
3044101258,1460,1697,0,0,13.649125924,9273.369408369,1,4.166666667,,
3044103258,1465,1704,0,0,13.638877444,9275.369167869,1,4.166666667,,
3044105258,1461,1705,0,0,13.632074638,9277.368927369,1,4.166666667,,
3044107258,1465,1701,0,0,13.625387985,9279.368686869,1,4.166666667,,
3044109258,1457,1699,0,0,13.61973495,9281.368446368,1,4.166666667,,
3044111258,1451,1704,0,0,13.614180495,9283.368205868,1,4.166666667,,
3044113258,1461,1704,0,0,13.614180495,9285.367965368,1,4.166666667,,
3044115258,1454,1704,0,0,13.614180495,9287.367724868,1,4.166666667,,
3044117258,1461,1704,0,0,13.614180495,9289.367484367,1,4.166666667,,
3044119258,1463,1696,0,0,13.614180495,9291.367243867,1,4.166666667,,
3044121258,1461,1707,0,0,13.614180495,9293.367003367,1,4.166666667,,
3044123258,1456,1704,0,0,13.614180495,9295.366762867,1,4.166666667,,
3044125258,1468,1709,0,0,13.619577039,9297.366522367,1,4.166666667,,
3044127258,1462,1702,0,0,13.626615826,9299.366281866,1,4.166666667,,
3044129258,1461,1705,0,0,13.628846397,9301.366041366,1,4.166666667,,
3044131258,1467,1701,0,0,13.628846397,9303.365800866,1,4.166666667,,
3044133258,1459,1704,0,0,13.628846397,9305.365560366,1,4.166666667,,
3044135258,1460,1713,0,0,13.628846397,9307.365319865,1,4.166666667,,
3044137258,1460,1700,0,0,13.628846397,9309.365079365,1,4.166666667,,
3044139258,1469,1710,0,0,13.628846397,9311.364838865,1,4.166666667,,
3044141258,1465,1705,0,0,13.62809942,9313.364598365,1,4.166666667,,
3044143258,1460,1705,0,0,13.626371711,9315.364357864,1,4.166666667,,
3044145258,1461,1705,0,0,13.620506121,9317.364117364,1,4.166666667,,
3044147258,1457,1703,0,0,13.606914108,9319.363876864,1,4.166666667,,
3044149258,1461,1705,0,0,13.596926472,9321.363636364,1,4.166666667,,
3044151258,1461,1705,0,0,13.596926472,9323.363395863,1,4.166666667,,
3044153258,1474,1700,0,0,13.596894994,9325.363155363,1,4.166666667,,
3044155258,1464,1707,0,0,13.59672166,9327.362914863,1,4.166666667,,
3044157258,1467,1705,0,0,13.596416102,9329.362674363,1,4.166666667,,
3044159258,1461,1700,0,0,13.594893763,9331.362433862,1,4.166666667,,
3044161258,1463,1702,0,0,13.593393393,9333.362193362,1,4.166666667,,
3044163258,1460,1704,0,0,13.593393393,9335.361952862,1,4.166666667,,
3044165258,1461,1706,0,0,13.593393393,9337.361712362,1,4.166666667,,
3044167258,1461,1704,0,0,13.593158936,9339.361471861,1,4.166666667,,
3044169258,1460,1705,0,0,13.592907061,9341.361231361,1,4.166666667,,
3044171258,1462,1701,0,0,13.593081995,9343.360990861,1,4.166666667,,
3044173258,1452,1696,0,0,13.59333387,9345.360750361,1,4.166666667,,
3044175258,1457,1703,0,0,13.593646472,9347.360509861,1,4.166666667,,
3044177258,1461,1700,0,0,13.593977866,9349.36026936,1,4.166666667,,
3044179258,1461,1708,0,0,13.59408388,9351.36002886,1,4.166666667,,
3044181258,1460,1709,0,0,13.59408388,9353.35978836,1,4.166666667,,
3044183258,1460,1699,0,0,13.595115619,9355.35954786,1,4.166666667,,
3044185258,1461,1698,0,0,13.596845239,9357.359307359,1,4.166666667,,
3044187258,1461,1704,0,0,13.597687688,9359.359066859,1,4.166666667,,
3044189258,1462,1704,0,0,13.597687688,9361.358826359,1,4.166666667,,
3044191258,1461,1706,0,0,13.597205023,9363.358585859,1,4.166666667,,
3044193258,1460,1708,0,0,13.596080834,9365.358345358,1,4.166666667,,
3044195258,1472,1702,0,0,13.595345345,9367.358104858,1,4.166666667,,
3044197258,1456,1704,0,0,13.595345345,9369.357864358,1,4.166666667,,
3044199258,1460,1709,0,0,13.595345345,9371.357623858,1,4.166666667,,
3044201258,1453,1709,0,0,13.595345345,9373.357383357,1,4.166666667,,
3044203258,1460,1711,0,0,13.595170253,9375.357142857,1,4.166666667,,
3044205258,1461,1705,0,0,13.594189856,9377.356902357,1,4.166666667,,
3044207258,1467,1704,0,0,13.593199554,9379.356661857,1,4.166666667,,
3044209258,1459,1697,0,0,13.592114909,9381.356421356,1,4.166666667,,
3044211258,1460,1707,0,0,13.591042656,9383.356180856,1,4.166666667,,
3044213258,1462,1704,0,0,13.591042656,9385.355940356,1,4.166666667,,
3044215258,1460,1705,0,0,13.591042656,9387.355699856,1,4.166666667,,
3044217258,1461,1709,0,0,13.590368575,9389.355459355,1,4.166666667,,
3044219258,1461,1705,0,0,13.589642071,9391.355218855,1,4.166666667,,
3044221258,1460,1703,0,0,13.589528923,9393.354978355,1,4.166666667,,
3044223258,1464,1706,0,0,13.589528923,9395.354737855,1,4.166666667,,
3044225258,1463,1704,0,0,13.589125826,9397.354497354,1,4.166666667,,
3044227258,1463,1706,0,0,13.588595905,9399.354256854,1,4.166666667,,
3044229258,1459,1697,0,0,13.589275501,9401.354016354,1,4.166666667,,
3044231258,1456,1705,0,0,13.590531926,9403.353775854,1,4.166666667,,
3044233258,1461,1705,0,0,13.591042656,9405.353535354,1,4.166666667,,
3044235258,1462,1707,0,0,13.591042656,9407.353294853,1,4.166666667,,
3044237258,1463,1697,0,0,13.591253522,9409.353054353,1,4.166666667,,
3044239258,1464,1697,0,0,13.59166705,9411.352813853,1,4.166666667,,
3044241258,1461,1705,0,0,13.591904275,9413.352573353,1,4.166666667,,
3044243258,1464,1708,0,0,13.591904275,9415.352332852,1,4.166666667,,
3044245258,1467,1704,0,0,13.59232081,9417.352092352,1,4.166666667,,
3044247258,1460,1705,0,0,13.59353607,9419.351851852,1,4.166666667,,
3044249258,1465,1705,0,0,13.594954096,9421.351611352,1,4.166666667,,
3044251258,1471,1705,0,0,13.596951725,9423.351370851,1,4.166666667,,
3044253258,1459,1709,0,0,13.598598599,9425.351130351,1,4.166666667,,
3044255258,1466,1704,0,0,13.598598599,9427.350889851,1,4.166666667,,
3044257258,1464,1706,0,0,13.598598599,9429.350649351,1,4.166666667,,
3044259258,1461,1704,0,0,13.598598599,9431.35040885,1,4.166666667,,
3044261258,1460,1706,0,0,13.598598599,9433.35016835,1,4.166666667,,
3044263258,1468,1713,0,0,13.598598599,9435.34992785,1,4.166666667,,
3044265258,1462,1702,0,0,13.598598599,9437.34968735,1,4.166666667,,
3044267258,1467,1707,0,0,13.598598599,9439.349446849,1,4.166666667,,
3044269258,1464,1700,0,0,13.598598599,9441.349206349,1,4.166666667,,
3044271258,1468,1702,0,0,13.597911156,9443.348965849,1,4.166666667,,
3044273258,1462,1705,0,0,13.597093988,9445.348725349,1,4.166666667,,
3044275258,1464,1705,190,1,13.5956223,9447.348484848,1,4.166666667,9,-1.515151515
3044277258,1449,1671,190,1,13.59394127,9449.348244348,1,4.166666667,,
3044279258,1452,1637,190,1,13.593174798,9451.348003848,1,4.166666667,,
3044281258,1441,1597,190,1,13.592850513,9453.347763348,1,4.166666667,,
3044283258,1438,1579,190,1,13.592695068,9455.347522848,1,4.166666667,,
3044285258,1436,1550,190,1,13.592656712,9457.347282347,1,4.166666667,,
3044287258,1424,1518,190,1,13.592657242,9459.347041847,1,4.166666667,,
3044289258,1415,1499,190,1,13.592695599,9461.346801347,1,4.166666667,,
3044291258,1420,1481,190,1,13.592854998,9463.346560847,1,4.166666667,,
3044293258,1407,1460,190,1,13.593179283,9465.346320346,1,4.166666667,,
3044295258,1403,1438,190,1,13.593964519,9467.346079846,1,4.166666667,,
3044297258,1409,1418,190,1,13.59564555,9469.345839346,1,4.166666667,,
3044299258,1395,1390,190,1,13.59710529,9471.345598846,1,4.166666667,,
3044301258,1387,1371,190,0,13.597922458,9473.345358345,1,4.166666667,,
3044303258,1390,1364,190,0,13.598598599,9475.345117845,1,4.166666667,,
3044305258,1371,1344,190,0,13.598598599,9477.344877345,1,4.166666667,,
3044307258,1371,1330,190,0,13.598598599,9479.344636845,1,4.166666667,,
3044309258,1368,1316,190,0,13.598598599,9481.344396344,1,4.166666667,,
3044311258,1368,1305,190,0,13.598598599,9483.344155844,1,4.166666667,,
3044313258,1367,1297,190,0,13.598598599,9485.343915344,1,4.166666667,,
3044315258,1361,1288,190,0,13.598598599,9487.343674844,1,4.166666667,,
3044317258,1361,1279,190,0,13.598893157,9489.343434343,1,4.166666667,,
3044319258,1360,1273,190,0,13.599212694,9491.343193843,1,4.166666667,,
3044321258,1366,1269,190,0,13.60946703,9493.342953343,1,4.166666667,,
3044323258,1360,1258,190,0,13.621638483,9495.342712843,1,4.166666667,,
3044325258,1355,1256,190,0,13.633048182,9497.342472342,1,4.166666667,,
3044327258,1355,1243,190,0,13.644210235,9499.342231842,1,4.166666667,,
3044329258,1354,1234,190,0,13.65216054,9501.341991342,1,4.166666667,,
3044331258,1355,1232,190,0,13.658536628,9503.341750842,1,4.166666667,,
3044333258,1354,1230,190,0,13.662600923,9505.341510342,1,4.166666667,,
3044335258,1346,1219,190,0,13.665041994,9507.341269841,1,4.166666667,,
3044337258,1350,1222,190,0,13.668429768,9509.341029341,1,4.166666667,,
3044339258,1350,1219,190,0,13.672749561,9511.340788841,1,4.166666667,,
3044341258,1345,1207,190,0,13.678278581,9513.340548341,1,4.166666667,,
3044343258,1344,1214,190,0,13.685475265,9515.34030784,1,4.166666667,,
3044345258,1344,1199,190,0,13.694442386,9517.34006734,1,4.166666667,,
3044347258,1342,1205,190,0,13.706896638,9519.33982684,1,4.166666667,,
3044349258,1345,1198,190,0,13.71723019,9521.33958634,1,4.166666667,,
3044351258,1339,1198,190,0,13.721307423,9523.339345839,1,4.166666667,,
3044353258,1339,1196,190,0,13.724936968,9525.339105339,1,4.166666667,,
3044355258,1336,1190,190,0,13.726374118,9527.338864839,1,4.166666667,,
3044357258,1337,1195,190,0,13.728915472,9529.338624339,1,4.166666667,,
3044359258,1333,1192,190,0,13.743193833,9531.338383838,1,4.166666667,,
3044361258,1342,1181,190,0,13.757481842,9533.338143338,1,4.166666667,,
3044363258,1336,1179,190,0,13.775771336,9535.337902838,1,4.166666667,,
3044365258,1338,1186,190,0,13.79406083,9537.337662338,1,4.166666667,,
3044367258,1338,1184,190,0,13.805008076,9539.337421837,1,4.166666667,,
3044369258,1333,1182,190,0,13.815306629,9541.337181337,1,4.166666667,,
3044371258,1337,1179,190,0,13.840704844,9543.336940837,1,4.166666667,,
3044373258,1339,1177,190,0,13.869081682,9545.336700337,1,4.166666667,,
3044375258,1336,1179,190,0,13.884192945,9547.336459836,1,4.166666667,,
3044377258,1334,1185,190,0,13.894921262,9549.336219336,1,4.166666667,,
3044379258,1341,1175,190,0,13.916160719,9551.335978836,1,4.166666667,,
3044381258,1339,1174,190,0,13.942622632,9553.335738336,1,4.166666667,,
3044383258,1339,1174,190,0,13.965547924,9555.335497835,1,4.166666667,,
3044385258,1336,1174,190,0,13.985959012,9557.335257335,1,4.166666667,,
3044387258,1332,1179,190,0,14.012831032,9559.335016835,1,4.166666667,,
3044389258,1334,1169,190,0,14.046140716,9561.334776335,1,4.166666667,,
3044391258,1340,1171,190,0,14.07545261,9563.334535835,1,4.166666667,,
3044393258,1326,1167,190,0,14.099182577,9565.334295334,1,4.166666667,,
3044395258,1331,1169,190,0,14.124591559,9567.334054834,1,4.166666667,,
3044397258,1332,1172,190,0,14.153352521,9569.333814334,1,4.166666667,,
3044399258,1333,1167,190,0,14.183430163,9571.333573834,1,4.166666667,,
3044401258,1338,1167,190,0,14.217454677,9573.333333333,1,4.166666667,,
3044403258,1333,1169,190,0,14.24933678,9575.333092833,1,4.166666667,,
3044405258,1342,1171,190,0,14.270499086,9577.332852333,1,4.166666667,,
3044407258,1332,1164,190,0,14.293640372,9579.332611833,1,4.166666667,,
3044409258,1331,1167,190,0,14.338650815,9581.332371332,1,4.166666667,,
3044411258,1333,1167,190,0,14.383661258,9583.332130832,1,4.166666667,,
3044413258,1333,1163,190,0,14.435259329,9585.331890332,1,4.166666667,,
3044415258,1332,1159,190,0,14.486861363,9587.331649832,1,4.166666667,,
3044417258,1329,1159,190,0,14.573070903,9589.331409331,1,4.166666667,,
3044419258,1330,1159,190,0,14.662461696,9591.331168831,1,4.166666667,,
3044421258,1325,1155,190,0,14.740318322,9593.330928331,1,4.166666667,,
3044423258,1329,1164,190,0,14.815849778,9595.330687831,1,4.166666667,,
3044425258,1328,1155,190,0,14.91085115,9597.33044733,1,4.166666667,,
3044427258,1326,1154,190,0,15.012389409,9599.33020683,1,4.166666667,,
3044429258,1325,1155,190,0,15.117856434,9601.32996633,1,4.166666667,,
3044431258,1308,1151,190,0,15.225302051,9603.32972583,1,4.166666667,,
3044433258,1312,1161,190,0,15.364492248,9605.329485329,1,4.166666667,,
3044435258,1312,1154,190,0,15.526530663,9607.329244829,1,4.166666667,,
3044437258,1300,1153,190,0,15.68699101,9609.329004329,1,4.166666667,,
3044439258,1303,1154,190,0,15.845859946,9611.328763829,1,4.166666667,,
3044441258,1293,1156,190,0,16.038157537,9613.328523329,1,4.166666667,,
3044443258,1292,1147,190,0,16.27771131,9615.328282828,1,4.166666667,,
3044445258,1293,1143,190,0,16.533820896,9617.328042328,1,4.166666667,,
3044447258,1285,1142,190,0,16.823433427,9619.327801828,1,4.166666667,,
3044449258,1273,1139,190,0,17.041470041,9621.327561328,1,4.166666667,,
3044451258,1266,1134,190,0,17.041470041,9623.327320827,1,4.166666667,,
3044453258,1260,1132,190,0,17.109035773,9625.327080327,1,4.166666667,,
3044455258,1252,1128,190,0,17.522130665,9627.326839827,1,4.166666667,,
3044457258,1251,1126,190,0,17.943716877,9629.326599327,1,4.166666667,,
3044459258,1236,1119,190,0,18.462985187,9631.326358826,1,4.166666667,,
3044461258,1222,1135,190,0,18.982253497,9633.326118326,1,4.166666667,,
3044463258,1211,1167,190,0,20.962897667,9635.325877826,1,4.166666667,,
3044465258,1184,1363,190,0,22.948833481,9637.325637326,1,4.166666667,,
3044467258,1175,1371,190,0,23.150505642,9639.325396825,1,4.166666667,,
3044469258,1182,1371,190,0,23.181744186,9641.325156325,1,4.166666667,,
3044471258,1179,1371,190,0,23.187078971,9643.324915825,1,4.166666667,,
3044473258,1177,1371,190,0,23.187078971,9645.324675325,1,4.166666667,,
3044475258,1179,1392,190,0,23.187078971,9647.324434824,1,4.166666667,,
3044477258,1172,1393,190,0,23.187078971,9649.324194324,1,4.166666667,,
3044479258,1174,1397,190,0,23.202167132,9651.323953824,1,4.166666667,,
3044481258,1177,1395,190,0,23.22495697,9653.323713324,1,4.166666667,,
3044483258,1172,1392,190,0,23.234563511,9655.323472823,1,4.166666667,,
3044485258,1168,1392,190,0,23.234563511,9657.323232323,1,4.166666667,,
3044487258,1170,1371,190,0,23.226382584,9659.322991823,1,4.166666667,,
3044489258,1167,1389,190,0,23.209851745,9661.322751323,1,4.166666667,,
3044491258,1171,1371,190,0,23.194207922,9663.322510823,1,4.166666667,,
3044493258,1169,1392,190,0,23.179833675,9665.322270322,1,4.166666667,,
3044495258,1164,1388,190,0,23.17017017,9667.322029822,1,4.166666667,,
3044497258,1166,1388,190,0,23.17017017,9669.321789322,1,4.166666667,,
3044499258,1164,1371,190,0,23.173679457,9671.321548822,1,4.166666667,,
3044501258,1159,1390,190,0,23.188053704,9673.321308321,1,4.166666667,,
3044503258,1163,1387,190,0,23.20012012,9675.321067821,1,4.166666667,,
3044505258,1167,1385,190,0,23.20012012,9677.320827321,1,4.166666667,,
3044507258,1163,1384,190,0,23.20012012,9679.320586821,1,4.166666667,,
3044509258,1156,1385,190,0,23.20012012,9681.32034632,1,4.166666667,,
3044511258,1154,1371,190,0,23.20012012,9683.32010582,1,4.166666667,,
3044513258,1167,1371,190,0,23.223436572,9685.31986532,1,4.166666667,,
3044515258,1164,1371,190,0,23.246908278,9687.31962482,1,4.166666667,,
3044517258,1164,1388,190,0,23.249025389,9689.319384319,1,4.166666667,,
3044519258,1154,1392,190,0,23.249025389,9691.319143819,1,4.166666667,,
3044521258,1163,1385,190,0,23.249025389,9693.318903319,1,4.166666667,,
3044523258,1167,1371,190,0,23.249025389,9695.318662819,1,4.166666667,,
3044525258,1157,1371,0,0,23.230723348,9697.318422318,1,4.166666667,,
3044527258,1185,1414,0,0,23.206078574,9699.318181818,1,4.166666667,,
3044529258,1207,1441,0,0,23.197675937,9701.317941318,1,4.166666667,,
3044531258,1227,1461,0,0,23.197675937,9703.317700818,1,4.166666667,,
3044533258,1239,1484,0,0,23.209074011,9705.317460317,1,4.166666667,,
3044535258,1256,1496,0,0,23.228880697,9707.317219817,1,4.166666667,,
3044537258,1272,1512,0,0,23.238944827,9709.316979317,1,4.166666667,,
3044539258,1288,1525,0,0,23.238944827,9711.316738817,1,4.166666667,,
3044541258,1300,1543,0,0,23.238944827,9713.316498316,1,4.166666667,,
3044543258,1308,1558,0,0,23.238944827,9715.316257816,1,4.166666667,,
3044545258,1320,1569,0,0,23.243799584,9717.316017316,1,4.166666667,,
3044547258,1321,1579,0,0,23.258750437,9719.315776816,1,4.166666667,,
3044549258,1326,1589,0,0,23.275951238,9721.315536316,1,4.166666667,,
3044551258,1334,1601,0,0,23.300232922,9723.315295815,1,4.166666667,,
3044553258,1344,1615,0,0,23.32068911,9725.315055315,1,4.166666667,,
3044555258,1358,1616,0,0,23.32068911,9727.314814815,1,4.166666667,,
3044557258,1355,1625,0,0,23.32068911,9729.314574315,1,4.166666667,,
3044559258,1364,1641,0,0,23.32068911,9731.314333814,1,4.166666667,,
3044561258,1371,1641,0,0,23.32068911,9733.314093314,1,4.166666667,,
3044563258,1371,1643,0,0,23.32068911,9735.313852814,1,4.166666667,,
3044565258,1385,1649,0,0,23.32068911,9737.313612314,1,4.166666667,,
3044567258,1392,1651,0,0,23.299246894,9739.313371813,1,4.166666667,,
3044569258,1388,1654,0,0,23.275600736,9741.313131313,1,4.166666667,,
3044571258,1396,1665,0,0,23.26966085,9743.312890813,1,4.166666667,,
3044573258,1406,1672,0,0,23.26752348,9745.312650313,1,4.166666667,,
3044575258,1404,1679,0,0,23.266966967,9747.312409812,1,4.166666667,,
3044577258,1410,1669,0,0,23.266966967,9749.312169312,1,4.166666667,,
3044579258,1407,1685,0,0,23.266966967,9751.311928812,1,4.166666667,,
3044581258,1412,1691,0,0,23.266966967,9753.311688312,1,4.166666667,,
3044583258,1414,1681,0,0,23.266966967,9755.311447811,1,4.166666667,,
3044585258,1412,1688,0,0,23.266966967,9757.311207311,1,4.166666667,,
3044587258,1419,1691,0,0,23.267272294,9759.310966811,1,4.166666667,,
3044589258,1436,1692,0,0,23.267896843,9761.310726311,1,4.166666667,,
3044591258,1428,1693,0,0,23.268268268,9763.31048581,1,4.166666667,,
3044593258,1428,1696,0,0,23.268268268,9765.31024531,1,4.166666667,,
3044595258,1424,1693,0,0,23.268268268,9767.31000481,1,4.166666667,,
3044597258,1428,1694,0,0,23.268268268,9769.30976431,1,4.166666667,,
3044599258,1438,1692,0,0,23.268268268,9771.30952381,1,4.166666667,,
3044601258,1436,1700,0,0,23.268268268,9773.309283309,1,4.166666667,,
3044603258,1436,1699,0,0,23.267435669,9775.309042809,1,4.166666667,,
3044605258,1444,1692,0,0,23.262048072,9777.308802309,1,4.166666667,,
3044607258,1437,1696,0,0,23.175354955,9779.308561809,1,4.166666667,,
3044609258,1435,1697,0,0,22.024110766,9781.308321308,1,4.166666667,,
3044611258,1448,1703,0,0,20.872866577,9783.308080808,1,4.166666667,,
3044613258,1437,1697,0,0,20.445890301,9785.307840308,1,4.166666667,,
3044615258,1443,1701,0,0,20.028176891,9787.307599808,1,4.166666667,,
3044617258,1444,1704,0,0,19.588833732,9789.307359307,1,4.166666667,,
3044619258,1447,1693,0,0,19.147188004,9791.307118807,1,4.166666667,,
3044621258,1441,1697,0,0,18.651256204,9793.306878307,1,4.166666667,,
3044623258,1445,1701,0,0,18.14342445,9795.306637807,1,4.166666667,,
3044625258,1444,1697,0,0,17.585468872,9797.306397306,1,4.166666667,,
3044627258,1443,1701,0,0,17.00959147,9799.306156806,1,4.166666667,,
3044629258,1440,1692,0,0,16.366799586,9801.305916306,1,4.166666667,,
3044631258,1441,1704,0,0,15.688455532,9803.305675806,1,4.166666667,,
3044633258,1449,1704,0,0,15.284655855,9805.305435305,1,4.166666667,,
3044635258,1441,1706,0,0,15.088431441,9807.305194805,1,4.166666667,,
3044637258,1440,1705,0,0,14.98754637,9809.304954305,1,4.166666667,,
3044639258,1440,1698,0,0,14.98754637,9811.304713805,1,4.166666667,,
3044641258,1444,1702,0,0,14.98754637,9813.304473304,1,4.166666667,,
3044643258,1444,1706,0,0,14.98754637,9815.304232804,1,4.166666667,,
3044645258,1440,1701,0,0,14.98754637,9817.303992304,1,4.166666667,,
3044647258,1432,1701,0,0,14.98754637,9819.303751804,1,4.166666667,,
3044649258,1450,1707,0,0,14.992685986,9821.303511304,1,4.166666667,,
3044651258,1441,1699,0,0,15.014545784,9823.303270803,1,4.166666667,,
3044653258,1444,1696,0,0,15.033093093,9825.303030303,1,4.166666667,,
3044655258,1440,1703,0,0,15.033093093,9827.302789803,1,4.166666667,,
3044657258,1448,1705,0,0,15.033093093,9829.302549303,1,4.166666667,,
3044659258,1446,1705,0,0,15.033093093,9831.302308802,1,4.166666667,,
3044661258,1442,1707,0,0,15.033093093,9833.302068302,1,4.166666667,,
3044663258,1440,1708,0,0,15.033093093,9835.301827802,1,4.166666667,,
3044665258,1436,1701,0,0,15.033093093,9837.301587302,1,4.166666667,,
3044667258,1436,1705,0,0,14.867291172,9839.301346801,1,4.166666667,,
3044669258,1439,1709,0,0,14.683226689,9841.301106301,1,4.166666667,,
3044671258,1436,1697,0,0,14.649579303,9843.300865801,1,4.166666667,,
3044673258,1435,1701,0,0,14.649579303,9845.300625301,1,4.166666667,,
3044675258,1443,1704,0,0,14.649579303,9847.3003848,1,4.166666667,,
3044677258,1436,1706,0,0,14.649579303,9849.3001443,1,4.166666667,,
3044679258,1436,1702,0,0,14.649579303,9851.2999038,1,4.166666667,,
3044681258,1447,1703,0,0,14.649579303,9853.2996633,1,4.166666667,,
3044683258,1445,1701,0,0,14.754282783,9855.299422799,1,4.166666667,,
3044685258,1440,1706,0,0,14.93912555,9857.299182299,1,4.166666667,,
3044687258,1456,1710,0,0,15.119176525,9859.298941799,1,4.166666667,,
3044689258,1448,1701,0,0,15.294095566,9861.298701299,1,4.166666667,,
3044691258,1452,1701,0,0,15.39917321,9863.298460798,1,4.166666667,,
3044693258,1456,1703,0,0,15.39917321,9865.298220298,1,4.166666667,,
3044695258,1444,1697,0,0,15.39917321,9867.297979798,1,4.166666667,,
3044697258,1452,1701,0,0,15.39917321,9869.297739298,1,4.166666667,,
3044699258,1458,1706,0,0,15.39917321,9871.297498797,1,4.166666667,,
3044701258,1459,1703,0,0,15.39917321,9873.297258297,1,4.166666667,,
3044703258,1448,1708,0,0,15.369960285,9875.297017797,1,4.166666667,,
3044705258,1451,1701,0,0,15.173275693,9877.296777297,1,4.166666667,,
3044707258,1461,1705,0,0,14.988015743,9879.296536797,1,4.166666667,,
3044709258,1459,1701,0,0,14.967249472,9881.296296296,1,4.166666667,,
3044711258,1460,1705,0,0,14.9464832,9883.296055796,1,4.166666667,,
3044713258,1461,1701,0,0,14.924760582,9885.295815296,1,4.166666667,,
3044715258,1452,1705,0,0,14.903019798,9887.295574796,1,4.166666667,,
3044717258,1459,1706,0,0,14.873254123,9889.295334295,1,4.166666667,,
3044719258,1461,1701,0,0,14.842574695,9891.295093795,1,4.166666667,,
3044721258,1460,1707,0,0,14.78103387,9893.294853295,1,4.166666667,,
3044723258,1456,1697,0,0,14.712450082,9895.294612795,1,4.166666667,,
3044725258,1461,1705,0,0,14.693562124,9897.294372294,1,4.166666667,,
3044727258,1460,1704,0,0,14.692998225,9899.294131794,1,4.166666667,,
3044729258,1453,1705,0,0,14.670851513,9901.293891294,1,4.166666667,,
3044731258,1456,1708,0,0,14.636930533,9903.293650794,1,4.166666667,,
3044733258,1457,1705,0,0,14.574074689,9905.293410293,1,4.166666667,,
3044735258,1456,1711,0,0,14.48879973,9907.293169793,1,4.166666667,,
3044737258,1460,1701,0,0,14.410814537,9909.292929293,1,4.166666667,,
3044739258,1459,1697,0,0,14.34073116,9911.292688793,1,4.166666667,,
3044741258,1456,1700,0,0,14.270005086,9913.292448292,1,4.166666667,,
3044743258,1459,1699,0,0,14.198299853,9915.292207792,1,4.166666667,,
3044745258,1458,1700,0,0,14.132841411,9917.291967292,1,4.166666667,,
3044747258,1460,1701,0,0,14.081113901,9919.291726792,1,4.166666667,,
3044749258,1463,1706,0,0,14.025398187,9921.291486291,1,4.166666667,,
3044751258,1462,1713,0,0,13.95626285,9923.291245791,1,4.166666667,,
3044753258,1459,1702,0,0,13.890672448,9925.291005291,1,4.166666667,,
3044755258,1461,1707,0,0,13.845897554,9927.290764791,1,4.166666667,,
3044757258,1457,1701,0,0,13.80389585,9929.290524291,1,4.166666667,,
3044759258,1456,1706,0,0,13.80389585,9931.29028379,1,4.166666667,,
3044761258,1461,1702,0,0,13.80389585,9933.29004329,1,4.166666667,,
3044763258,1461,1705,0,0,13.80389585,9935.28980279,1,4.166666667,,
3044765258,1464,1705,0,0,13.80389585,9937.28956229,1,4.166666667,,
3044767258,1459,1707,0,0,13.80389585,9939.289321789,1,4.166666667,,
3044769258,1461,1697,0,0,13.80389585,9941.289081289,1,4.166666667,,
3044771258,1457,1704,0,0,13.817884757,9943.288840789,1,4.166666667,,
3044773258,1459,1702,0,0,13.835129792,9945.288600289,1,4.166666667,,
3044775258,1460,1710,0,0,13.904082327,9947.288359788,1,4.166666667,,
3044777258,1461,1702,0,0,13.992393125,9949.288119288,1,4.166666667,,
3044779258,1459,1708,0,0,14.062356138,9951.287878788,1,4.166666667,,
3044781258,1457,1694,0,0,14.122177333,9953.287638288,1,4.166666667,,
3044783258,1455,1709,0,0,14.167178727,9955.287397787,1,4.166666667,,
3044785258,1465,1704,0,0,14.200556438,9957.287157287,1,4.166666667,,
3044787258,1460,1703,0,0,14.222735147,9959.286916787,1,4.166666667,,
3044789258,1461,1710,0,0,14.232627437,9961.286676287,1,4.166666667,,
3044791258,1463,1701,0,0,14.249936415,9963.286435786,1,4.166666667,,
3044793258,1452,1697,0,0,14.278687958,9965.286195286,1,4.166666667,,
3044795258,1463,1704,0,0,14.319163147,9967.285954786,1,4.166666667,,
3044797258,1460,1703,0,0,14.385771822,9969.285714286,1,4.166666667,,
3044799258,1460,1704,0,0,14.445035661,9971.285473785,1,4.166666667,,
3044801258,1456,1697,0,0,14.479159061,9973.285233285,1,4.166666667,,
3044803258,1461,1707,0,0,14.514002317,9975.284992785,1,4.166666667,,
3044805258,1456,1700,0,0,14.553176866,9977.284752285,1,4.166666667,,
3044807258,1460,1692,0,0,14.590918764,9979.284511785,1,4.166666667,,
3044809258,1456,1702,0,0,14.605782097,9981.284271284,1,4.166666667,,
3044811258,1451,1705,0,0,14.620645431,9983.284030784,1,4.166666667,,
3044813258,1456,1710,0,0,14.621011875,9985.283790284,1,4.166666667,,
3044815258,1461,1700,0,0,14.621011875,9987.283549784,1,4.166666667,,
3044817258,1457,1709,0,0,14.621011875,9989.283309283,1,4.166666667,,
3044819258,1454,1706,0,0,14.621011875,9991.283068783,1,4.166666667,,
3044821258,1459,1708,0,0,14.621011875,9993.282828283,1,4.166666667,,
3044823258,1456,1700,0,0,14.621011875,9995.282587783,1,4.166666667,,
3044825258,1452,1701,0,0,14.599788696,9997.282347282,1,4.166666667,,
3044827258,1451,1707,0,0,14.570498947,9999.282106782,1,4.166666667,,
3044829258,1457,1710,0,0,14.538310925,10001.281866282,1,4.166666667,,
3044831258,1450,1705,0,0,14.504499762,10003.281625782,1,4.166666667,,
3044833258,1445,1697,0,0,14.476383899,10005.281385281,1,4.166666667,,
3044835258,1456,1703,0,0,14.45278987,10007.281144781,1,4.166666667,,
3044837258,1460,1697,0,0,14.43712934,10009.280904281,1,4.166666667,,
3044839258,1457,1700,0,0,14.430278214,10011.280663781,1,4.166666667,,
3044841258,1452,1704,0,0,14.412038752,10013.28042328,1,4.166666667,,
3044843258,1461,1704,0,0,14.37600611,10015.28018278,1,4.166666667,,
3044845258,1452,1702,0,0,14.340913465,10017.27994228,1,4.166666667,,
3044847258,1447,1703,0,0,14.307945948,10019.27970178,1,4.166666667,,
3044849258,1456,1701,0,0,14.274324604,10021.279461279,1,4.166666667,,
3044851258,1448,1710,0,0,14.238426321,10023.279220779,1,4.166666667,,
3044853258,1460,1703,0,0,14.199873535,10025.278980279,1,4.166666667,,
3044855258,1451,1703,0,0,14.144947499,10027.278739779,1,4.166666667,,
3044857258,1456,1708,0,0,14.08994969,10029.278499279,1,4.166666667,,
3044859258,1452,1701,0,0,14.033740234,10031.278258778,1,4.166666667,,
3044861258,1456,1705,0,0,13.977530778,10033.278018278,1,4.166666667,,
3044863258,1461,1697,0,0,13.895239908,10035.277777778,1,4.166666667,,
3044865258,1459,1700,0,0,13.812207081,10037.277537278,1,4.166666667,,
3044867258,1452,1705,0,0,13.776853078,10039.277296777,1,4.166666667,,
3044869258,1459,1701,0,0,13.747466992,10041.277056277,1,4.166666667,,
3044871258,1459,1707,0,0,13.741741742,10043.276815777,1,4.166666667,,
3044873258,1452,1704,0,0,13.741741742,10045.276575277,1,4.166666667,,
3044875258,1456,1701,0,0,13.741741742,10047.276334776,1,4.166666667,,
3044877258,1453,1697,0,0,13.741741742,10049.276094276,1,4.166666667,,
3044879258,1461,1697,0,0,13.741741742,10051.275853776,1,4.166666667,,
3044881258,1454,1709,0,0,13.741741742,10053.275613276,1,4.166666667,,
3044883258,1452,1708,0,0,13.773976089,10055.275372775,1,4.166666667,,
3044885258,1459,1702,0,0,13.832116784,10057.275132275,1,4.166666667,,
3044887258,1456,1706,0,0,13.872256421,10059.274891775,1,4.166666667,,
3044889258,1453,1702,0,0,13.892164986,10061.274651275,1,4.166666667,,
3044891258,1453,1702,0,0,13.917173673,10063.274410774,1,4.166666667,,
3044893258,1449,1702,0,0,13.950252274,10065.274170274,1,4.166666667,,
3044895258,1441,1710,0,0,13.981545667,10067.273929774,1,4.166666667,,
3044897258,1451,1702,0,0,14.00874545,10069.273689274,1,4.166666667,,
3044899258,1457,1694,0,0,14.040496508,10071.273448773,1,4.166666667,,
3044901258,1451,1700,0,0,14.08837599,10073.273208273,1,4.166666667,,
3044903258,1453,1705,0,0,14.135048209,10075.272967773,1,4.166666667,,
3044905258,1456,1699,0,0,14.174083292,10077.272727273,1,4.166666667,,
3044907258,1448,1703,0,0,14.212266902,10079.272486772,1,4.166666667,,
3044909258,1456,1703,0,0,14.235211061,10081.272246272,1,4.166666667,,
3044911258,1455,1702,0,0,14.25815522,10083.272005772,1,4.166666667,,
3044913258,1452,1701,0,0,14.272449227,10085.271765272,1,4.166666667,,
3044915258,1456,1704,0,0,14.286469562,10087.271524772,1,4.166666667,,
3044917258,1454,1710,0,0,14.288071405,10089.271284271,1,4.166666667,,
3044919258,1459,1697,0,0,14.288071405,10091.271043771,1,4.166666667,,
3044921258,1456,1701,0,0,14.288071405,10093.270803271,1,4.166666667,,
3044923258,1460,1701,0,0,14.288071405,10095.270562771,1,4.166666667,,
3044925258,1453,1701,0,0,14.288071405,10097.27032227,1,4.166666667,,
3044927258,1454,1705,0,0,14.288071405,10099.27008177,1,4.166666667,,
3044929258,1460,1705,0,0,14.264342279,10101.26984127,1,4.166666667,,
3044931258,1460,1702,0,0,14.2269734,10103.26960077,1,4.166666667,,
3044933258,1459,1705,0,0,14.189547123,10105.269360269,1,4.166666667,,
3044935258,1459,1705,0,0,14.152074152,10107.269119769,1,4.166666667,,
3044937258,1459,1702,0,0,14.109541435,10109.268879269,1,4.166666667,,
3044939258,1452,1703,0,0,14.061253095,10111.268638769,1,4.166666667,,
3044941258,1452,1700,0,0,14.020409995,10113.268398268,1,4.166666667,,
3044943258,1454,1702,0,0,13.991497922,10115.268157768,1,4.166666667,,
3044945258,1453,1700,0,0,13.96068975,10117.267917268,1,4.166666667,,
3044947258,1449,1697,0,0,13.925471251,10119.267676768,1,4.166666667,,
3044949258,1459,1705,0,0,13.89664965,10121.267436267,1,4.166666667,,
3044951258,1460,1706,0,0,13.89089941,10123.267195767,1,4.166666667,,
3044953258,1457,1707,0,0,13.879378815,10125.266955267,1,4.166666667,,
3044955258,1460,1706,0,0,13.830402904,10127.266714767,1,4.166666667,,
3044957258,1451,1702,0,0,13.782382067,10129.266474266,1,4.166666667,,
3044959258,1457,1700,0,0,13.752542141,10131.266233766,1,4.166666667,,
3044961258,1457,1703,0,0,13.722702216,10133.265993266,1,4.166666667,,
3044963258,1457,1701,0,0,13.721697384,10135.265752766,1,4.166666667,,
3044965258,1459,1701,0,0,13.721697384,10137.265512266,1,4.166666667,,
3044967258,1463,1700,0,0,13.721697384,10139.265271765,1,4.166666667,,
3044969258,1448,1706,0,0,13.721697384,10141.265031265,1,4.166666667,,
3044971258,1453,1703,0,0,13.721697384,10143.264790765,1,4.166666667,,
3044973258,1461,1710,0,0,13.721697384,10145.264550265,1,4.166666667,,
3044975258,1460,1705,0,0,13.750211824,10147.264309764,1,4.166666667,,
3044977258,1459,1706,0,0,13.790060155,10149.264069264,1,4.166666667,,
3044979258,1464,1701,0,0,13.840090677,10151.263828764,1,4.166666667,,
3044981258,1459,1713,0,0,13.896050313,10153.263588264,1,4.166666667,,
3044983258,1461,1701,0,0,13.952146952,10155.263347763,1,4.166666667,,
3044985258,1461,1702,0,0,14.008356408,10157.263107263,1,4.166666667,,
3044987258,1457,1704,0,0,14.053794031,10159.262866763,1,4.166666667,,
3044989258,1461,1709,0,0,14.086829413,10161.262626263,1,4.166666667,,
3044991258,1461,1705,0,0,14.112013544,10163.262385762,1,4.166666667,,
3044993258,1460,1702,0,0,14.12445487,10165.262145262,1,4.166666667,,
3044995258,1464,1705,0,0,14.137136741,10167.261904762,1,4.166666667,,
3044997258,1460,1698,0,0,14.150386201,10169.261664262,1,4.166666667,,
3044999258,1457,1706,0,0,14.163562644,10171.261423761,1,4.166666667,,
3045001258,1454,1707,0,0,14.176471013,10173.261183261,1,4.166666667,,
3045003258,1457,1701,0,0,14.187695007,10175.260942761,1,4.166666667,,
3045005258,1450,1705,0,0,14.187695007,10177.260702261,1,4.166666667,,
3045007258,1460,1703,0,0,14.187695007,10179.26046176,1,4.166666667,,
3045009258,1461,1710,0,0,14.187695007,10181.26022126,1,4.166666667,,
3045011258,1448,1705,0,0,14.187695007,10183.25998076,1,4.166666667,,
3045013258,1460,1706,0,0,14.187695007,10185.25974026,1,4.166666667,,
3045015258,1457,1699,0,0,14.187695007,10187.25949976,1,4.166666667,,
3045017258,1456,1705,0,0,14.173850297,10189.259259259,1,4.166666667,,
3045019258,1454,1705,0,0,14.158112941,10191.259018759,1,4.166666667,,
3045021258,1450,1707,0,0,14.148334286,10193.258778259,1,4.166666667,,
3045023258,1456,1701,0,0,14.14008131,10195.258537759,1,4.166666667,,
3045025258,1454,1709,0,0,14.13580185,10197.258297258,1,4.166666667,,
3045027258,1461,1709,0,0,14.133125209,10199.258056758,1,4.166666667,,
3045029258,1459,1704,0,0,14.131114692,10201.257816258,1,4.166666667,,
3045031258,1454,1702,0,0,14.129497099,10203.257575758,1,4.166666667,,
3045033258,1456,1699,0,0,14.128388724,10205.257335257,1,4.166666667,,
3045035258,1457,1705,0,0,14.127704793,10207.257094757,1,4.166666667,,
3045037258,1449,1703,0,0,14.10988533,10209.256854257,1,4.166666667,,
3045039258,1451,1704,0,0,14.072096724,10211.256613757,1,4.166666667,,
3045041258,1452,1702,0,0,14.035417395,10213.256373256,1,4.166666667,,
3045043258,1457,1703,0,0,14.000561584,10215.256132756,1,4.166666667,,
3045045258,1456,1707,0,0,13.961831772,10217.255892256,1,4.166666667,,
3045047258,1457,1706,0,0,13.913828076,10219.255651756,1,4.166666667,,
3045049258,1455,1707,0,0,13.862360493,10221.255411255,1,4.166666667,,
3045051258,1453,1705,0,0,13.797945277,10223.255170755,1,4.166666667,,
3045053258,1454,1704,0,0,13.740455607,10225.254930255,1,4.166666667,,
3045055258,1449,1702,0,0,13.73036673,10227.254689755,1,4.166666667,,
3045057258,1454,1707,0,0,13.720720721,10229.254449254,1,4.166666667,,
3045059258,1454,1705,0,0,13.720720721,10231.254208754,1,4.166666667,,
3045061258,1448,1697,0,0,13.720720721,10233.253968254,1,4.166666667,,
3045063258,1448,1708,0,0,13.720720721,10235.253727754,1,4.166666667,,
3045065258,1452,1696,0,0,13.720720721,10237.253487253,1,4.166666667,,
3045067258,1457,1708,0,0,13.720720721,10239.253246753,1,4.166666667,,
3045069258,1454,1709,0,0,13.720720721,10241.253006253,1,4.166666667,,
3045071258,1452,1704,0,0,13.747475511,10243.252765753,1,4.166666667,,
3045073258,1448,1710,0,0,13.781208048,10245.252525253,1,4.166666667,,
3045075258,1451,1707,0,0,13.801268861,10247.252284752,1,4.166666667,,
3045077258,1446,1697,0,0,13.815733536,10249.252044252,1,4.166666667,,
3045079258,1458,1705,0,0,13.84276872,10251.251803752,1,4.166666667,,
3045081258,1451,1709,0,0,13.877314814,10253.251563252,1,4.166666667,,
3045083258,1457,1701,0,0,13.903512529,10255.251322751,1,4.166666667,,
3045085258,1444,1705,0,0,13.922666879,10257.251082251,1,4.166666667,,
3045087258,1451,1705,0,0,13.940789288,10259.250841751,1,4.166666667,,
3045089258,1459,1697,0,0,13.957694467,10261.250601251,1,4.166666667,,
3045091258,1449,1704,0,0,13.968854141,10263.25036075,1,4.166666667,,
3045093258,1447,1707,0,0,13.970447179,10265.25012025,1,4.166666667,,
3045095258,1450,1703,0,0,13.971851953,10267.24987975,1,4.166666667,,
3045097258,1456,1709,0,0,13.972799454,10269.24963925,1,4.166666667,,
3045099258,1448,1702,0,0,13.973549821,10271.249398749,1,4.166666667,,
3045101258,1458,1699,0,0,13.973549821,10273.249158249,1,4.166666667,,
3045103258,1448,1702,0,0,13.973431882,10275.248917749,1,4.166666667,,
3045105258,1452,1704,0,0,13.97248438,10277.248677249,1,4.166666667,,
3045107258,1454,1704,0,0,13.971510483,10279.248436748,1,4.166666667,,
3045109258,1455,1705,0,0,13.969917444,10281.248196248,1,4.166666667,,
3045111258,1447,1701,0,0,13.968324405,10283.247955748,1,4.166666667,,
3045113258,1457,1702,0,0,13.965397256,10285.247715248,1,4.166666667,,
3045115258,1452,1704,0,0,13.962410609,10287.247474747,1,4.166666667,,
3045117258,1454,1705,0,0,13.961810109,10289.247234247,1,4.166666667,,
3045119258,1453,1706,0,0,13.961554475,10291.246993747,1,4.166666667,,
3045121258,1449,1705,0,0,13.931273159,10293.246753247,1,4.166666667,,
3045123258,1446,1707,0,0,13.893016987,10295.246512747,1,4.166666667,,
3045125258,1441,1701,0,0,13.881160003,10297.246272246,1,4.166666667,,
3045127258,1451,1709,0,0,13.880267107,10299.246031746,1,4.166666667,,
3045129258,1456,1701,0,0,13.849786144,10301.245791246,1,4.166666667,,
3045131258,1449,1705,0,0,13.801398117,10303.245550746,1,4.166666667,,
3045133258,1453,1701,0,0,13.769436272,10305.245310245,1,4.166666667,,
3045135258,1453,1707,0,0,13.751501691,10307.245069745,1,4.166666667,,
3045137258,1448,1704,0,0,13.726796493,10309.244829245,1,4.166666667,,
3045139258,1451,1707,0,0,13.694007644,10311.244588745,1,4.166666667,,
3045141258,1454,1705,0,0,13.671679905,10313.244348244,1,4.166666667,,
3045143258,1441,1700,0,0,13.666995784,10315.244107744,1,4.166666667,,
3045145258,1450,1704,0,0,13.663663664,10317.243867244,1,4.166666667,,
3045147258,1450,1704,0,0,13.663663664,10319.243626744,1,4.166666667,,
3045149258,1454,1704,0,0,13.663663664,10321.243386243,1,4.166666667,,
3045151258,1452,1697,0,0,13.663663664,10323.243145743,1,4.166666667,,
3045153258,1444,1701,0,0,13.663663664,10325.242905243,1,4.166666667,,
3045155258,1449,1704,0,0,13.663663664,10327.242664743,1,4.166666667,,
3045157258,1438,1703,0,0,13.664373464,10329.242424242,1,4.166666667,,
3045159258,1437,1697,0,0,13.68310995,10331.242183742,1,4.166666667,,
3045161258,1437,1705,0,0,13.701846435,10333.241943242,1,4.166666667,,
3045163258,1435,1712,0,0,13.726903217,10335.241702742,1,4.166666667,,
3045165258,1436,1704,0,0,13.752262673,10337.241462241,1,4.166666667,,
3045167258,1447,1704,0,0,13.795221092,10339.241221741,1,4.166666667,,
3045169258,1452,1712,0,0,13.840792617,10341.240981241,1,4.166666667,,
3045171258,1444,1707,0,0,13.857492195,10343.240740741,1,4.166666667,,
3045173258,1451,1705,0,0,13.866383776,10345.24050024,1,4.166666667,,
3045175258,1446,1700,0,0,13.869019705,10347.24025974,1,4.166666667,,
3045177258,1447,1705,0,0,13.869019705,10349.24001924,1,4.166666667,,
3045179258,1443,1708,0,0,13.869019705,10351.23977874,1,4.166666667,,
3045181258,1440,1702,0,0,13.869019705,10353.23953824,1,4.166666667,,
3045183258,1436,1701,0,0,13.869019705,10355.239297739,1,4.166666667,,
3045185258,1436,1701,0,0,13.869019705,10357.239057239,1,4.166666667,,
3045187258,1438,1704,0,0,13.866725021,10359.238816739,1,4.166666667,,
3045189258,1437,1697,0,0,13.861657213,10361.238576239,1,4.166666667,,
3045191258,1436,1713,0,0,13.849922485,10363.238335738,1,4.166666667,,
3045193258,1444,1702,0,0,13.826797533,10365.238095238,1,4.166666667,,
3045195258,1436,1709,0,0,13.805342186,10367.237854738,1,4.166666667,,
3045197258,1438,1705,0,0,13.788062608,10369.237614238,1,4.166666667,,
3045199258,1435,1694,0,0,13.767245538,10371.237373737,1,4.166666667,,
3045201258,1440,1697,0,0,13.732457475,10373.237133237,1,4.166666667,,
3045203258,1432,1702,0,0,13.69701154,10375.236892737,1,4.166666667,,
3045205258,1428,1703,0,0,13.65666997,10377.236652237,1,4.166666667,,
3045207258,1448,1702,0,0,13.617735382,10379.236411736,1,4.166666667,,
3045209258,1444,1709,0,0,13.617735382,10381.236171236,1,4.166666667,,
3045211258,1444,1701,0,0,13.617735382,10383.235930736,1,4.166666667,,
3045213258,1451,1705,0,0,13.617735382,10385.235690236,1,4.166666667,,
3045215258,1447,1706,0,0,13.617735382,10387.235449735,1,4.166666667,,
3045217258,1452,1704,0,0,13.617735382,10389.235209235,1,4.166666667,,
3045219258,1449,1700,0,0,13.617735382,10391.234968735,1,4.166666667,,
3045221258,1449,1704,0,0,13.634727903,10393.234728235,1,4.166666667,,
3045223258,1452,1702,0,0,13.656398579,10395.234487734,1,4.166666667,,
3045225258,1447,1705,0,0,13.663423918,10397.234247234,1,4.166666667,,
3045227258,1454,1701,0,0,13.664188847,10399.234006734,1,4.166666667,,
3045229258,1449,1706,0,0,13.67468769,10401.233766234,1,4.166666667,,
3045231258,1456,1706,0,0,13.69122991,10403.233525734,1,4.166666667,,
3045233258,1450,1701,0,0,13.700033736,10405.233285233,1,4.166666667,,
3045235258,1450,1705,0,0,13.702067559,10407.233044733,1,4.166666667,,
3045237258,1448,1700,0,0,13.703341439,10409.232804233,1,4.166666667,,
3045239258,1452,1703,0,0,13.703685708,10411.232563733,1,4.166666667,,
3045241258,1450,1713,0,0,13.705663136,10413.232323232,1,4.166666667,,
3045243258,1456,1705,0,0,13.710467083,10415.232082732,1,4.166666667,,
3045245258,1444,1706,0,0,13.713913329,10417.231842232,1,4.166666667,,
3045247258,1449,1707,0,0,13.713913329,10419.231601732,1,4.166666667,,
3045249258,1440,1700,0,0,13.716571686,10421.231361231,1,4.166666667,,
3045251258,1444,1697,0,0,13.729927717,10423.231120731,1,4.166666667,,
3045253258,1449,1704,0,0,13.741741742,10425.230880231,1,4.166666667,,
3045255258,1452,1703,0,0,13.741741742,10427.230639731,1,4.166666667,,
3045257258,1444,1702,0,0,13.741741742,10429.23039923,1,4.166666667,,
3045259258,1444,1693,0,0,13.741741742,10431.23015873,1,4.166666667,,
3045261258,1452,1702,0,0,13.741741742,10433.22991823,1,4.166666667,,
3045263258,1454,1708,0,0,13.741741742,10435.22967773,1,4.166666667,,
3045265258,1454,1704,0,0,13.741741742,10437.229437229,1,4.166666667,,
3045267258,1444,1705,0,0,13.727270514,10439.229196729,1,4.166666667,,
3045269258,1446,1709,0,0,13.710535013,10441.228956229,1,4.166666667,,
3045271258,1449,1703,0,0,13.695608698,10443.228715729,1,4.166666667,,
3045273258,1448,1699,0,0,13.681189346,10445.228475228,1,4.166666667,,
3045275258,1440,1699,0,0,13.670381161,10447.228234728,1,4.166666667,,
3045277258,1449,1711,0,0,13.661138852,10449.227994228,1,4.166666667,,
3045279258,1449,1703,0,0,13.655389733,10451.227753728,1,4.166666667,,
3045281258,1450,1696,0,0,13.651837115,10453.227513228,1,4.166666667,,
3045283258,1452,1703,0,0,13.650168687,10455.227272727,1,4.166666667,,
3045285258,1448,1705,0,0,13.650168687,10457.227032227,1,4.166666667,,
3045287258,1451,1702,0,0,13.650168687,10459.226791727,1,4.166666667,,
3045289258,1446,1701,0,0,13.650168687,10461.226551227,1,4.166666667,,
3045291258,1451,1697,0,0,13.650168687,10463.226310726,1,4.166666667,,
3045293258,1448,1705,0,0,13.650168687,10465.226070226,1,4.166666667,,
3045295258,1446,1704,0,0,13.651979701,10467.225829726,1,4.166666667,,
3045297258,1444,1709,0,0,13.658456511,10469.225589226,1,4.166666667,,
3045299258,1447,1710,0,0,13.663686197,10471.225348725,1,4.166666667,,
3045301258,1443,1710,0,0,13.663801145,10473.225108225,1,4.166666667,,
3045303258,1441,1707,0,0,13.66419715,10475.224867725,1,4.166666667,,
3045305258,1449,1709,0,0,13.666811558,10477.224627225,1,4.166666667,,
3045307258,1450,1704,0,0,13.669590476,10479.224386724,1,4.166666667,,
3045309258,1448,1707,0,0,13.67790448,10481.224146224,1,4.166666667,,
3045311258,1448,1702,0,0,13.686218483,10483.223905724,1,4.166666667,,
3045313258,1441,1703,0,0,13.686673428,10485.223665224,1,4.166666667,,
3045315258,1440,1705,0,0,13.686673428,10487.223424723,1,4.166666667,,
3045317258,1437,1696,0,0,13.686673428,10489.223184223,1,4.166666667,,
3045319258,1448,1700,0,0,13.686673428,10491.222943723,1,4.166666667,,
3045321258,1444,1701,0,0,13.680204204,10493.222703223,1,4.166666667,,
3045323258,1436,1701,0,0,13.671890201,10495.222462722,1,4.166666667,,
3045325258,1441,1696,0,1,13.668777069,10497.222222222,1,4.166666667,,
3045327258,1448,1706,0,1,13.66795142,10499.221981722,1,4.166666667,,
3045329258,1436,1697,0,1,13.666467138,10501.221741222,1,4.166666667,,
3045331258,1436,1708,0,1,13.664563431,10503.221500721,1,4.166666667,,
3045333258,1444,1706,0,1,13.663636368,10505.221260221,1,4.166666667,,
3045335258,1448,1699,0,1,13.66358461,10507.221019721,1,4.166666667,,
3045337258,1444,1715,0,1,13.660472158,10509.220779221,1,4.166666667,,
3045339258,1460,1708,0,1,13.653523472,10511.220538721,1,4.166666667,,
3045341258,1444,1701,0,1,13.646105996,10513.22029822,1,4.166666667,,
3045343258,1436,1706,0,1,13.637855813,10515.22005772,1,4.166666667,,
3045345258,1440,1705,0,1,13.631558097,10517.21981722,1,4.166666667,,
3045347258,1436,1703,0,1,13.630366502,10519.21957672,1,4.166666667,,
3045349258,1448,1701,0,1,13.629404915,10521.219336219,1,4.166666667,,
3045351258,1448,1705,0,1,13.629404915,10523.219095719,1,4.166666667,,
3045353258,1445,1710,0,1,13.629404915,10525.218855219,1,4.166666667,,
3045355258,1441,1713,0,1,13.629404915,10527.218614719,1,4.166666667,,
3045357258,1443,1705,0,1,13.629435726,10529.218374218,1,4.166666667,,
3045359258,1449,1700,0,1,13.63062732,10531.218133718,1,4.166666667,,
3045361258,1444,1699,0,1,13.631818914,10533.217893218,1,4.166666667,,
3045363258,1438,1704,0,1,13.637684176,10535.217652718,1,4.166666667,,
3045365258,1458,1704,0,1,13.643835764,10537.217412217,1,4.166666667,,
3045367258,1447,1709,0,1,13.64470505,10539.217171717,1,4.166666667,,
3045369258,1458,1696,0,1,13.64470505,10541.216931217,1,4.166666667,,
3045371258,1454,1700,0,1,13.64470505,10543.216690717,1,4.166666667,,
3045373258,1454,1706,0,1,13.64470505,10545.216450216,1,4.166666667,,
3045375258,1452,1702,0,1,13.64470505,10547.216209716,1,4.166666667,,
3045377258,1439,1702,0,1,13.64470505,10549.215969216,1,4.166666667,,
3045379258,1451,1707,0,1,13.630890328,10551.215728716,1,4.166666667,,
3045381258,1452,1707,0,1,13.608166408,10553.215488215,1,4.166666667,,
3045383258,1451,1694,0,1,13.596182656,10555.215247715,1,4.166666667,,
3045385258,1445,1707,0,1,13.593941421,10557.215007215,1,4.166666667,,
3045387258,1454,1709,0,1,13.59118557,10559.214766715,1,4.166666667,,
3045389258,1448,1697,0,1,13.587776795,10561.214526215,1,4.166666667,,
3045391258,1446,1698,0,1,13.585585586,10563.214285714,1,4.166666667,,
3045393258,1453,1702,0,1,13.585585586,10565.214045214,1,4.166666667,,
3045395258,1448,1705,0,1,13.585585586,10567.213804714,1,4.166666667,,
3045397258,1448,1706,0,1,13.585585586,10569.213564214,1,4.166666667,,
3045399258,1453,1702,0,1,13.586233314,10571.213323713,1,4.166666667,,
3045401258,1456,1701,0,1,13.589642089,10573.213083213,1,4.166666667,,
3045403258,1450,1715,0,1,13.592688054,10575.212842713,1,4.166666667,,
3045405258,1449,1715,0,1,13.592688054,10577.212602213,1,4.166666667,,
3045407258,1453,1708,0,1,13.592673747,10579.212361712,1,4.166666667,,
3045409258,1449,1705,0,1,13.592047618,10581.212121212,1,4.166666667,,
3045411258,1462,1701,0,1,13.59142149,10583.211880712,1,4.166666667,,
3045413258,1459,1704,0,1,13.593113731,10585.211640212,1,4.166666667,,
3045415258,1457,1706,0,1,13.59495588,10587.211399711,1,4.166666667,,
3045417258,1451,1714,0,1,13.595790294,10589.211159211,1,4.166666667,,
3045419258,1448,1702,0,1,13.596454746,10591.210918711,1,4.166666667,,
3045421258,1451,1716,0,1,13.596996504,10593.210678211,1,4.166666667,,
3045423258,1449,1704,0,1,13.597502046,10595.21043771,1,4.166666667,,
3045425258,1444,1704,0,1,13.597659515,10597.21019721,1,4.166666667,,
3045427258,1456,1694,0,1,13.597659515,10599.20995671,1,4.166666667,,
3045429258,1453,1705,0,1,13.595837377,10601.20971621,1,4.166666667,,
3045431258,1453,1706,0,1,13.592825234,10603.209475709,1,4.166666667,,
3045433258,1453,1705,0,1,13.592953834,10605.209235209,1,4.166666667,,
3045435258,1450,1701,0,1,13.595965977,10607.208994709,1,4.166666667,,
3045437258,1448,1701,0,1,13.597659515,10609.208754209,1,4.166666667,,
3045439258,1453,1713,0,1,13.597659515,10611.208513709,1,4.166666667,,
3045441258,1445,1703,0,1,13.597659515,10613.208273208,1,4.166666667,,
3045443258,1453,1704,0,1,13.597659515,10615.208032708,1,4.166666667,,
3045445258,1450,1698,0,1,13.597470158,10617.207792208,1,4.166666667,,
3045447258,1451,1712,0,1,13.596770378,10619.207551708,1,4.166666667,,
3045449258,1459,1700,0,1,13.596201465,10621.207311207,1,4.166666667,,
3045451258,1457,1704,0,1,13.596201465,10623.207070707,1,4.166666667,,
3045453258,1452,1713,0,1,13.596201465,10625.206830207,1,4.166666667,,
3045455258,1457,1704,0,1,13.596201465,10627.206589707,1,4.166666667,,
3045457258,1457,1705,0,1,13.596201465,10629.206349206,1,4.166666667,,
3045459258,1461,1705,0,1,13.596201465,10631.206108706,1,4.166666667,,
3045461258,1460,1701,0,1,13.596201465,10633.205868206,1,4.166666667,,
3045463258,1452,1709,0,1,13.591702484,10635.205627706,1,4.166666667,,
3045465258,1464,1707,0,1,13.586897214,10637.205387205,1,4.166666667,,
3045467258,1461,1701,0,1,13.59028662,10639.205146705,1,4.166666667,,
3045469258,1456,1703,0,1,13.595091889,10641.204906205,1,4.166666667,,
3045471258,1461,1710,0,1,13.596201465,10643.204665705,1,4.166666667,,
3045473258,1453,1704,0,1,13.596201465,10645.204425204,1,4.166666667,,
3045475258,1456,1706,0,1,13.596583235,10647.204184704,1,4.166666667,,
3045477258,1456,1706,0,1,13.597140151,10649.203944204,1,4.166666667,,
3045479258,1458,1705,0,1,13.597361845,10651.203703704,1,4.166666667,,
3045481258,1457,1704,0,1,13.597361845,10653.203463203,1,4.166666667,,
3045483258,1456,1707,0,1,13.597669517,10655.203222703,1,4.166666667,,
3045485258,1440,1693,0,1,13.598263087,10657.202982203,1,4.166666667,,
3045487258,1448,1701,0,1,13.598598599,10659.202741703,1,4.166666667,,
3045489258,1445,1697,0,1,13.598598599,10661.202501203,1,4.166666667,,
3045491258,1436,1698,0,1,13.598764367,10663.202260702,1,4.166666667,,
3045493258,1444,1702,0,1,13.59923641,10665.202020202,1,4.166666667,,
3045495258,1448,1704,0,1,13.599709289,10667.201779702,1,4.166666667,,
3045497258,1448,1707,0,1,13.600184452,10669.201539202,1,4.166666667,,
3045499258,1446,1705,0,1,13.600720893,10671.201298701,1,4.166666667,,
3045501258,1444,1703,0,1,13.601529077,10673.201058201,1,4.166666667,,
3045503258,1440,1705,0,1,13.60237504,10675.200817701,1,4.166666667,,
3045505258,1437,1713,0,1,13.603559436,10677.200577201,1,4.166666667,,
3045507258,1448,1707,0,1,13.60472389,10679.2003367,1,4.166666667,,
3045509258,1441,1705,0,1,13.60472389,10681.2000962,1,4.166666667,,
3045511258,1444,1701,0,1,13.60472389,10683.1998557,1,4.166666667,,
3045513258,1446,1708,0,1,13.60540382,10685.1996152,1,4.166666667,,
3045515258,1446,1705,0,1,13.606132379,10687.199374699,1,4.166666667,,
3045517258,1447,1706,0,1,13.606595772,10689.199134199,1,4.166666667,,
3045519258,1441,1705,0,1,13.607012248,10691.198893699,1,4.166666667,,
3045521258,1438,1702,0,1,13.606790612,10693.198653199,1,4.166666667,,
3045523258,1434,1706,0,1,13.606374135,10695.198412698,1,4.166666667,,
3045525258,1443,1708,0,0,13.605993283,10697.198172198,1,4.166666667,,
3045527258,1440,1704,0,0,13.605629003,10699.197931698,1,4.166666667,,
